state	power	likelihood
251	1	-8176.7
252	1	-8174.37
253	1	-8175.73
254	1	-8175.14
255	1	-8175.33
256	1	-8174.27
257	1	-8175.92
258	1	-8177.36
259	1	-8178.77
260	1	-8177.44
261	1	-8178.13
262	1	-8174.86
263	1	-8182.6
264	1	-8180.19
265	1	-8177.82
266	1	-8180.01
267	1	-8178.72
268	1	-8180.42
269	1	-8179.24
270	1	-8181.47
271	1	-8178.7
272	1	-8178.88
273	1	-8175.78
274	1	-8181.78
275	1	-8177.3
276	1	-8169.73
277	1	-8175.9
278	1	-8172.56
279	1	-8178.57
280	1	-8183.74
281	1	-8177.99
282	1	-8179.45
283	1	-8173.7
284	1	-8175.08
285	1	-8179.4
286	1	-8174.04
287	1	-8177.51
288	1	-8181.4
289	1	-8181.57
290	1	-8182.14
291	1	-8174.04
292	1	-8172.67
293	1	-8175.02
294	1	-8178.15
295	1	-8181.2
296	1	-8176.28
297	1	-8176.53
298	1	-8176.49
299	1	-8174.13
300	1	-8171.24
301	1	-8178.64
302	1	-8176.41
303	1	-8176.17
304	1	-8182.6
305	1	-8180.7
306	1	-8183.67
307	1	-8180.5
308	1	-8178.63
309	1	-8182.79
310	1	-8185.37
311	1	-8180.51
312	1	-8174.77
313	1	-8179.39
314	1	-8179.08
315	1	-8178.03
316	1	-8179.1
317	1	-8178.03
318	1	-8191.24
319	1	-8182.79
320	1	-8181.95
321	1	-8181.05
322	1	-8181.01
323	1	-8179.71
324	1	-8182.3
325	1	-8184.86
326	1	-8185.33
327	1	-8180.16
328	1	-8177.71
329	1	-8177.14
330	1	-8175.42
331	1	-8178.32
332	1	-8180.82
333	1	-8180.27
334	1	-8180.75
335	1	-8174.65
336	1	-8176.1
337	1	-8179.14
338	1	-8178.63
339	1	-8177.29
340	1	-8175.94
341	1	-8181.18
342	1	-8177.56
343	1	-8179.64
344	1	-8182.39
345	1	-8181.43
346	1	-8178.42
347	1	-8183.49
348	1	-8180.97
349	1	-8176.34
350	1	-8181.69
351	1	-8181.76
352	1	-8186.92
353	1	-8188.09
354	1	-8190.07
355	1	-8186.43
356	1	-8182.74
357	1	-8178.27
358	1	-8180.15
359	1	-8182.96
360	1	-8180.96
361	1	-8176.93
362	1	-8178.01
363	1	-8174.49
364	1	-8174.36
365	1	-8175.65
366	1	-8176.44
367	1	-8177.97
368	1	-8179.96
369	1	-8178.7
370	1	-8178.78
371	1	-8175.41
372	1	-8175.76
373	1	-8177.61
374	1	-8175.14
375	1	-8175.82
376	1	-8175.37
377	1	-8174.69
378	1	-8174.84
379	1	-8174.3
380	1	-8178.85
381	1	-8179.11
382	1	-8174.04
383	1	-8172.88
384	1	-8175.19
385	1	-8178.58
386	1	-8176.86
387	1	-8174.31
388	1	-8179.63
389	1	-8173.14
390	1	-8179.46
391	1	-8178.55
392	1	-8179.61
393	1	-8183.25
394	1	-8182.91
395	1	-8181.28
396	1	-8176.13
397	1	-8176.93
398	1	-8177.06
399	1	-8175.83
400	1	-8178.97
401	1	-8180.39
402	1	-8178.23
403	1	-8182.07
404	1	-8183.06
405	1	-8176.23
406	1	-8177.08
407	1	-8172.32
408	1	-8177.55
409	1	-8177.53
410	1	-8171.79
411	1	-8171.32
412	1	-8170.65
413	1	-8173.54
414	1	-8172.9
415	1	-8171.43
416	1	-8172.86
417	1	-8175.73
418	1	-8175.32
419	1	-8182.33
420	1	-8180.55
421	1	-8180.04
422	1	-8180.6
423	1	-8177.26
424	1	-8179.03
425	1	-8179.02
426	1	-8177.19
427	1	-8178.35
428	1	-8178.19
429	1	-8175.85
430	1	-8173.87
431	1	-8175.14
432	1	-8179.15
433	1	-8176.66
434	1	-8177.62
435	1	-8177.5
436	1	-8176.4
437	1	-8177.03
438	1	-8176.3
439	1	-8179.14
440	1	-8179.23
441	1	-8175.73
442	1	-8178.6
443	1	-8179.83
444	1	-8185.74
445	1	-8178.16
446	1	-8176.86
447	1	-8175.92
448	1	-8176.75
449	1	-8179.45
450	1	-8175.12
451	1	-8176.22
452	1	-8176.8
453	1	-8176.25
454	1	-8182.49
455	1	-8178.47
456	1	-8176.66
457	1	-8174.47
458	1	-8170.66
459	1	-8178.88
460	1	-8178.15
461	1	-8177.41
462	1	-8177.94
463	1	-8174.98
464	1	-8173.21
465	1	-8173.64
466	1	-8172.28
467	1	-8170.65
468	1	-8173.14
469	1	-8176.87
470	1	-8173.55
471	1	-8175.95
472	1	-8175.69
473	1	-8175.83
474	1	-8177.27
475	1	-8171.63
476	1	-8176.45
477	1	-8175.12
478	1	-8178.86
479	1	-8179.01
480	1	-8184.24
481	1	-8177.38
482	1	-8175.71
483	1	-8177.4
484	1	-8182.51
485	1	-8187.04
486	1	-8189.5
487	1	-8186.93
488	1	-8183.65
489	1	-8180
490	1	-8187.07
491	1	-8184.05
492	1	-8185.45
493	1	-8182.07
494	1	-8183.68
495	1	-8181.56
496	1	-8181.39
497	1	-8178.62
498	1	-8176.82
499	1	-8177.14
500	1	-8176.78
501	1	-8179.26
502	1	-8179.42
503	1	-8174.99
504	1	-8180.1
505	1	-8182.17
506	1	-8181.46
507	1	-8176.97
508	1	-8173.96
509	1	-8174.22
510	1	-8173.18
511	1	-8181.22
512	1	-8185.11
513	1	-8179.04
514	1	-8180.47
515	1	-8175.51
516	1	-8170.65
517	1	-8172.7
518	1	-8175.06
519	1	-8178.64
520	1	-8175.92
521	1	-8177.19
522	1	-8174.56
523	1	-8175.03
524	1	-8176.78
525	1	-8176.64
526	1	-8178.28
527	1	-8177.63
528	1	-8176.94
529	1	-8179.66
530	1	-8175.8
531	1	-8177.64
532	1	-8176.17
533	1	-8178.94
534	1	-8177.17
535	1	-8177.29
536	1	-8176.33
537	1	-8171.7
538	1	-8180.62
539	1	-8176.14
540	1	-8175.56
541	1	-8178.87
542	1	-8176.74
543	1	-8174.11
544	1	-8172.11
545	1	-8174.37
546	1	-8173.25
547	1	-8181.77
548	1	-8177.36
549	1	-8175.73
550	1	-8179.18
551	1	-8176.98
552	1	-8176.64
553	1	-8176.88
554	1	-8174.31
555	1	-8172.57
556	1	-8175.46
557	1	-8176.48
558	1	-8180.94
559	1	-8175.87
560	1	-8177.33
561	1	-8175.63
562	1	-8175.45
563	1	-8173.18
564	1	-8171.95
565	1	-8177.88
566	1	-8177.07
567	1	-8182.77
568	1	-8177.17
569	1	-8177.7
570	1	-8177.93
571	1	-8180.18
572	1	-8181.17
573	1	-8181.39
574	1	-8183.14
575	1	-8187.7
576	1	-8185.42
577	1	-8186.12
578	1	-8183.91
579	1	-8186.48
580	1	-8182.73
581	1	-8172.08
582	1	-8177.93
583	1	-8177.07
584	1	-8177.95
585	1	-8176.03
586	1	-8177.65
587	1	-8173.86
588	1	-8175.79
589	1	-8174.88
590	1	-8177.27
591	1	-8173.06
592	1	-8178.81
593	1	-8178.76
594	1	-8177.01
595	1	-8176.78
596	1	-8175.04
597	1	-8171.94
598	1	-8173.14
599	1	-8170.44
600	1	-8174.47
601	1	-8178.07
602	1	-8180.19
603	1	-8176.78
604	1	-8174.78
605	1	-8184.72
606	1	-8186.05
607	1	-8178.73
608	1	-8180.09
609	1	-8181.07
610	1	-8180.55
611	1	-8177.8
612	1	-8181.23
613	1	-8183.48
614	1	-8178.68
615	1	-8178.26
616	1	-8173.85
617	1	-8176.63
618	1	-8175.76
619	1	-8181.33
620	1	-8183.06
621	1	-8178.51
622	1	-8181.07
623	1	-8181.55
624	1	-8177.81
625	1	-8176.97
626	1	-8177.84
627	1	-8173.29
628	1	-8174.06
629	1	-8178.17
630	1	-8174.49
631	1	-8177.03
632	1	-8179.8
633	1	-8178.22
634	1	-8181.07
635	1	-8183.35
636	1	-8181.4
637	1	-8176.99
638	1	-8181.95
639	1	-8178.75
640	1	-8177.7
641	1	-8177.03
642	1	-8177.18
643	1	-8172.73
644	1	-8172.51
645	1	-8173.02
646	1	-8174.35
647	1	-8174.35
648	1	-8177.62
649	1	-8174.05
650	1	-8178.55
651	1	-8177.64
652	1	-8188.11
653	1	-8181.85
654	1	-8180.33
655	1	-8185.33
656	1	-8185.43
657	1	-8178.04
658	1	-8181.58
659	1	-8178.27
660	1	-8184.79
661	1	-8182.29
662	1	-8181.39
663	1	-8183.46
664	1	-8183.63
665	1	-8184.42
666	1	-8186.03
667	1	-8184.33
668	1	-8185.58
669	1	-8186.49
670	1	-8183.39
671	1	-8180.96
672	1	-8177.03
673	1	-8176.78
674	1	-8179.7
675	1	-8185.06
676	1	-8181.54
677	1	-8178.67
678	1	-8177.19
679	1	-8178.58
680	1	-8176.34
681	1	-8173.91
682	1	-8175.24
683	1	-8177.44
684	1	-8178.11
685	1	-8178.93
686	1	-8182.5
687	1	-8180.86
688	1	-8178.71
689	1	-8177.88
690	1	-8181.57
691	1	-8179.43
692	1	-8174.23
693	1	-8177.46
694	1	-8172.4
695	1	-8174.22
696	1	-8176.42
697	1	-8176.22
698	1	-8175.23
699	1	-8169.84
700	1	-8167.85
701	1	-8170.65
702	1	-8176.04
703	1	-8174.5
704	1	-8178.84
705	1	-8170.94
706	1	-8175.61
707	1	-8180.55
708	1	-8180.42
709	1	-8178.23
710	1	-8175.72
711	1	-8177.14
712	1	-8185.96
713	1	-8186.23
714	1	-8181.87
715	1	-8180.91
716	1	-8180.48
717	1	-8185.03
718	1	-8185.69
719	1	-8190.7
720	1	-8185.16
721	1	-8184.71
722	1	-8185.04
723	1	-8187.11
724	1	-8182.46
725	1	-8185.55
726	1	-8181.56
727	1	-8181.01
728	1	-8176.58
729	1	-8176.3
730	1	-8171.06
731	1	-8171.56
732	1	-8172.47
733	1	-8174.45
734	1	-8177.27
735	1	-8177.01
736	1	-8174.77
737	1	-8173.71
738	1	-8174.78
739	1	-8176.17
740	1	-8178.99
741	1	-8177.57
742	1	-8178.08
743	1	-8180.52
744	1	-8180.67
745	1	-8177.01
746	1	-8184.53
747	1	-8185.84
748	1	-8180.31
749	1	-8178.86
750	1	-8183.28
751	1	-8186.01
752	1	-8193.12
753	1	-8196.27
754	1	-8185.85
755	1	-8184.05
756	1	-8181.32
757	1	-8176.91
758	1	-8174.61
759	1	-8177.1
760	1	-8182.62
761	1	-8181.25
762	1	-8175.23
763	1	-8176.79
764	1	-8175.49
765	1	-8178.68
766	1	-8180.18
767	1	-8176.73
768	1	-8174.29
769	1	-8179.34
770	1	-8183.9
771	1	-8178.05
772	1	-8179.18
773	1	-8179.46
774	1	-8180.38
775	1	-8177.01
776	1	-8179.05
777	1	-8176.82
778	1	-8179.64
779	1	-8176.84
780	1	-8179.45
781	1	-8176.73
782	1	-8175.06
783	1	-8173.62
784	1	-8175.22
785	1	-8177.1
786	1	-8176.32
787	1	-8177.59
788	1	-8182.11
789	1	-8179.43
790	1	-8182.49
791	1	-8181.86
792	1	-8174.35
793	1	-8174.04
794	1	-8173.61
795	1	-8178.09
796	1	-8173.06
797	1	-8178.51
798	1	-8181.07
799	1	-8182.58
800	1	-8179.52
801	1	-8176.93
802	1	-8178.29
803	1	-8181.48
804	1	-8181.94
805	1	-8178.11
806	1	-8178.2
807	1	-8181.99
808	1	-8185
809	1	-8185.26
810	1	-8183.02
811	1	-8181.07
812	1	-8177.9
813	1	-8179.86
814	1	-8177.09
815	1	-8179.72
816	1	-8179.85
817	1	-8183.29
818	1	-8176.62
819	1	-8175.69
820	1	-8176.94
821	1	-8183.65
822	1	-8178.15
823	1	-8185.71
824	1	-8181.28
825	1	-8178.83
826	1	-8180.48
827	1	-8178.88
828	1	-8176.76
829	1	-8174.19
830	1	-8173.75
831	1	-8175.97
832	1	-8175.49
833	1	-8174.01
834	1	-8178.16
835	1	-8171.61
836	1	-8178.48
837	1	-8178.59
838	1	-8179.59
839	1	-8176.92
840	1	-8176.38
841	1	-8180.34
842	1	-8176.63
843	1	-8177.21
844	1	-8182.57
845	1	-8183.6
846	1	-8182.5
847	1	-8184.13
848	1	-8184.99
849	1	-8187.53
850	1	-8188.22
851	1	-8181.35
852	1	-8181.11
853	1	-8176.48
854	1	-8173.65
855	1	-8176.71
856	1	-8174.79
857	1	-8175.4
858	1	-8176.05
859	1	-8180.2
860	1	-8177.97
861	1	-8178.96
862	1	-8176.62
863	1	-8176.73
864	1	-8178.33
865	1	-8176.55
866	1	-8173.45
867	1	-8176.11
868	1	-8172.68
869	1	-8174.3
870	1	-8179.09
871	1	-8176.43
872	1	-8173.46
873	1	-8172.3
874	1	-8175.4
875	1	-8172.62
876	1	-8172.53
877	1	-8174.37
878	1	-8175.27
879	1	-8173.46
880	1	-8171.62
881	1	-8177.34
882	1	-8175.76
883	1	-8176.62
884	1	-8179.91
885	1	-8175.56
886	1	-8180.76
887	1	-8178.23
888	1	-8183.92
889	1	-8184.35
890	1	-8175.19
891	1	-8179.84
892	1	-8182.09
893	1	-8179.65
894	1	-8180.71
895	1	-8173.56
896	1	-8170.68
897	1	-8170.49
898	1	-8170.77
899	1	-8170.01
900	1	-8172.69
901	1	-8177.17
902	1	-8176.48
903	1	-8174.41
904	1	-8174.13
905	1	-8172.97
906	1	-8174.57
907	1	-8175.19
908	1	-8176.39
909	1	-8175.56
910	1	-8174.05
911	1	-8175.24
912	1	-8179.48
913	1	-8176.46
914	1	-8175.15
915	1	-8178
916	1	-8189.66
917	1	-8179.07
918	1	-8185.77
919	1	-8183.77
920	1	-8178.72
921	1	-8177.96
922	1	-8176.23
923	1	-8176.6
924	1	-8176.76
925	1	-8175.2
926	1	-8181.03
927	1	-8176.55
928	1	-8176.19
929	1	-8177.19
930	1	-8182.63
931	1	-8179.07
932	1	-8175.07
933	1	-8182.32
934	1	-8178.82
935	1	-8177.06
936	1	-8176.04
937	1	-8173.42
938	1	-8177.24
939	1	-8179.27
940	1	-8180.6
941	1	-8179.51
942	1	-8178.06
943	1	-8180.38
944	1	-8176.68
945	1	-8179.62
946	1	-8175.89
947	1	-8175.78
948	1	-8174.74
949	1	-8175.01
950	1	-8176.79
951	1	-8178.76
952	1	-8182.96
953	1	-8179.22
954	1	-8176.75
955	1	-8178.09
956	1	-8180.14
957	1	-8178.93
958	1	-8179.98
959	1	-8177.11
960	1	-8175.39
961	1	-8178.01
962	1	-8174.02
963	1	-8175.07
964	1	-8175.67
965	1	-8179.86
966	1	-8180.68
967	1	-8171.85
968	1	-8172.75
969	1	-8174.48
970	1	-8179.53
971	1	-8178.68
972	1	-8184.93
973	1	-8184.16
974	1	-8187.17
975	1	-8183.85
976	1	-8186.72
977	1	-8181.6
978	1	-8184.11
979	1	-8185.74
980	1	-8189.42
981	1	-8188.01
982	1	-8179.55
983	1	-8177.98
984	1	-8174.36
985	1	-8173.22
986	1	-8178.76
987	1	-8177.81
988	1	-8182.57
989	1	-8183.56
990	1	-8176.22
991	1	-8177.7
992	1	-8179.62
993	1	-8176.27
994	1	-8173.69
995	1	-8171.4
996	1	-8172.13
997	1	-8176.3
998	1	-8175.18
999	1	-8172.76
1000	1	-8172.8
251	0.90204	-8180.69
252	0.90204	-8179.65
253	0.90204	-8178.45
254	0.90204	-8175.69
255	0.90204	-8175.47
256	0.90204	-8173.42
257	0.90204	-8172.6
258	0.90204	-8175.33
259	0.90204	-8178.78
260	0.90204	-8177.77
261	0.90204	-8173.19
262	0.90204	-8176.08
263	0.90204	-8175.61
264	0.90204	-8172.92
265	0.90204	-8173.66
266	0.90204	-8174.29
267	0.90204	-8174.51
268	0.90204	-8173.89
269	0.90204	-8176.4
270	0.90204	-8175.52
271	0.90204	-8174.21
272	0.90204	-8175.3
273	0.90204	-8175.82
274	0.90204	-8175.46
275	0.90204	-8181.28
276	0.90204	-8181.72
277	0.90204	-8174.31
278	0.90204	-8176.49
279	0.90204	-8175.82
280	0.90204	-8176.64
281	0.90204	-8175.2
282	0.90204	-8175.93
283	0.90204	-8176.13
284	0.90204	-8181.6
285	0.90204	-8182.24
286	0.90204	-8183.21
287	0.90204	-8181.02
288	0.90204	-8180.77
289	0.90204	-8180.79
290	0.90204	-8176.01
291	0.90204	-8177.97
292	0.90204	-8179.65
293	0.90204	-8180.27
294	0.90204	-8179.27
295	0.90204	-8180.58
296	0.90204	-8188.35
297	0.90204	-8182.75
298	0.90204	-8180.54
299	0.90204	-8177.03
300	0.90204	-8172.75
301	0.90204	-8173.77
302	0.90204	-8174.87
303	0.90204	-8176.95
304	0.90204	-8175.19
305	0.90204	-8177.49
306	0.90204	-8177.73
307	0.90204	-8178.34
308	0.90204	-8178.58
309	0.90204	-8177.24
310	0.90204	-8174.98
311	0.90204	-8174.96
312	0.90204	-8173.38
313	0.90204	-8179.44
314	0.90204	-8184.31
315	0.90204	-8179.81
316	0.90204	-8184.34
317	0.90204	-8181.93
318	0.90204	-8181.03
319	0.90204	-8183.35
320	0.90204	-8179.37
321	0.90204	-8177.6
322	0.90204	-8178.32
323	0.90204	-8179.09
324	0.90204	-8179.48
325	0.90204	-8176.68
326	0.90204	-8172.62
327	0.90204	-8171.89
328	0.90204	-8183.04
329	0.90204	-8185.16
330	0.90204	-8178.89
331	0.90204	-8179.35
332	0.90204	-8180.41
333	0.90204	-8182.34
334	0.90204	-8178.99
335	0.90204	-8178.83
336	0.90204	-8177.12
337	0.90204	-8175.7
338	0.90204	-8185.29
339	0.90204	-8183.33
340	0.90204	-8185.54
341	0.90204	-8182.16
342	0.90204	-8179.92
343	0.90204	-8180.51
344	0.90204	-8183.5
345	0.90204	-8183.85
346	0.90204	-8187.03
347	0.90204	-8188.38
348	0.90204	-8178.66
349	0.90204	-8177.74
350	0.90204	-8179.38
351	0.90204	-8175.87
352	0.90204	-8181.4
353	0.90204	-8184.03
354	0.90204	-8182.46
355	0.90204	-8179.79
356	0.90204	-8178.05
357	0.90204	-8179.75
358	0.90204	-8185.81
359	0.90204	-8185.85
360	0.90204	-8181.83
361	0.90204	-8182.5
362	0.90204	-8182.48
363	0.90204	-8181.16
364	0.90204	-8179.18
365	0.90204	-8177.45
366	0.90204	-8173.6
367	0.90204	-8180.05
368	0.90204	-8185.49
369	0.90204	-8183.25
370	0.90204	-8180.79
371	0.90204	-8181.5
372	0.90204	-8184.01
373	0.90204	-8190.53
374	0.90204	-8189.01
375	0.90204	-8191.07
376	0.90204	-8191.41
377	0.90204	-8184.98
378	0.90204	-8185.45
379	0.90204	-8180.73
380	0.90204	-8181.11
381	0.90204	-8176.49
382	0.90204	-8180.63
383	0.90204	-8176.18
384	0.90204	-8174.45
385	0.90204	-8174.39
386	0.90204	-8171.41
387	0.90204	-8182.7
388	0.90204	-8175.27
389	0.90204	-8181.38
390	0.90204	-8184.33
391	0.90204	-8184.54
392	0.90204	-8186.94
393	0.90204	-8178.73
394	0.90204	-8182.57
395	0.90204	-8183.52
396	0.90204	-8176.86
397	0.90204	-8173.33
398	0.90204	-8175.64
399	0.90204	-8177.73
400	0.90204	-8175.64
401	0.90204	-8178.05
402	0.90204	-8175.14
403	0.90204	-8171.87
404	0.90204	-8170.42
405	0.90204	-8170.57
406	0.90204	-8172.21
407	0.90204	-8174.85
408	0.90204	-8178.41
409	0.90204	-8182.04
410	0.90204	-8182.26
411	0.90204	-8176.55
412	0.90204	-8180.48
413	0.90204	-8177.47
414	0.90204	-8180.59
415	0.90204	-8179.32
416	0.90204	-8176.13
417	0.90204	-8175.12
418	0.90204	-8175.4
419	0.90204	-8176.91
420	0.90204	-8188.26
421	0.90204	-8182.82
422	0.90204	-8181.34
423	0.90204	-8178.05
424	0.90204	-8173.99
425	0.90204	-8174.14
426	0.90204	-8176.17
427	0.90204	-8174.4
428	0.90204	-8174.92
429	0.90204	-8177.91
430	0.90204	-8176.54
431	0.90204	-8174.6
432	0.90204	-8175.69
433	0.90204	-8182.07
434	0.90204	-8182.34
435	0.90204	-8177.64
436	0.90204	-8177.1
437	0.90204	-8176.39
438	0.90204	-8177.97
439	0.90204	-8175.79
440	0.90204	-8175.74
441	0.90204	-8178.06
442	0.90204	-8183.01
443	0.90204	-8182.09
444	0.90204	-8175.81
445	0.90204	-8176.44
446	0.90204	-8179.18
447	0.90204	-8176.53
448	0.90204	-8179.22
449	0.90204	-8179.69
450	0.90204	-8182.86
451	0.90204	-8182.6
452	0.90204	-8179.16
453	0.90204	-8182.08
454	0.90204	-8179.86
455	0.90204	-8180.04
456	0.90204	-8177.68
457	0.90204	-8179.15
458	0.90204	-8179.94
459	0.90204	-8184.73
460	0.90204	-8183.61
461	0.90204	-8179.04
462	0.90204	-8182.82
463	0.90204	-8181.31
464	0.90204	-8188.86
465	0.90204	-8183.58
466	0.90204	-8181.31
467	0.90204	-8180.24
468	0.90204	-8177.15
469	0.90204	-8180.13
470	0.90204	-8178.19
471	0.90204	-8176.29
472	0.90204	-8175.97
473	0.90204	-8177.04
474	0.90204	-8174.48
475	0.90204	-8175.76
476	0.90204	-8175.96
477	0.90204	-8179.88
478	0.90204	-8185.66
479	0.90204	-8181.1
480	0.90204	-8180.03
481	0.90204	-8176.84
482	0.90204	-8181.06
483	0.90204	-8183.49
484	0.90204	-8177.62
485	0.90204	-8177.54
486	0.90204	-8180.15
487	0.90204	-8179.7
488	0.90204	-8179.06
489	0.90204	-8178.26
490	0.90204	-8181.22
491	0.90204	-8185.67
492	0.90204	-8184.58
493	0.90204	-8180.8
494	0.90204	-8187.58
495	0.90204	-8190.03
496	0.90204	-8193.97
497	0.90204	-8179.14
498	0.90204	-8177.09
499	0.90204	-8174.86
500	0.90204	-8177.58
501	0.90204	-8182.41
502	0.90204	-8177.91
503	0.90204	-8171.71
504	0.90204	-8175.51
505	0.90204	-8175.55
506	0.90204	-8180.7
507	0.90204	-8180.67
508	0.90204	-8185.39
509	0.90204	-8182.58
510	0.90204	-8180.71
511	0.90204	-8181.54
512	0.90204	-8181.57
513	0.90204	-8179.04
514	0.90204	-8175.76
515	0.90204	-8177.07
516	0.90204	-8179.67
517	0.90204	-8175.94
518	0.90204	-8174.54
519	0.90204	-8174.7
520	0.90204	-8180.88
521	0.90204	-8185.15
522	0.90204	-8187.61
523	0.90204	-8181.43
524	0.90204	-8178.17
525	0.90204	-8179.42
526	0.90204	-8176.72
527	0.90204	-8179.4
528	0.90204	-8178.01
529	0.90204	-8178.75
530	0.90204	-8186.08
531	0.90204	-8187.6
532	0.90204	-8184.65
533	0.90204	-8186.93
534	0.90204	-8186.35
535	0.90204	-8187.39
536	0.90204	-8186.17
537	0.90204	-8189.49
538	0.90204	-8189.5
539	0.90204	-8186.05
540	0.90204	-8181.32
541	0.90204	-8178.79
542	0.90204	-8177.8
543	0.90204	-8174.75
544	0.90204	-8176.8
545	0.90204	-8181.22
546	0.90204	-8183.55
547	0.90204	-8179.84
548	0.90204	-8181.16
549	0.90204	-8177.52
550	0.90204	-8181.53
551	0.90204	-8181.04
552	0.90204	-8185.85
553	0.90204	-8182.76
554	0.90204	-8178.19
555	0.90204	-8179.29
556	0.90204	-8179.38
557	0.90204	-8179.72
558	0.90204	-8174.77
559	0.90204	-8181.04
560	0.90204	-8177.46
561	0.90204	-8181.97
562	0.90204	-8180.44
563	0.90204	-8182.73
564	0.90204	-8181.24
565	0.90204	-8179.05
566	0.90204	-8184.94
567	0.90204	-8181.78
568	0.90204	-8180.91
569	0.90204	-8182.21
570	0.90204	-8179.2
571	0.90204	-8179.09
572	0.90204	-8183.03
573	0.90204	-8182.79
574	0.90204	-8184.11
575	0.90204	-8180.28
576	0.90204	-8175.37
577	0.90204	-8185.94
578	0.90204	-8186.49
579	0.90204	-8188.88
580	0.90204	-8179.57
581	0.90204	-8181.81
582	0.90204	-8182.72
583	0.90204	-8178.72
584	0.90204	-8184.96
585	0.90204	-8181.98
586	0.90204	-8179.22
587	0.90204	-8178.16
588	0.90204	-8183.08
589	0.90204	-8177.24
590	0.90204	-8178.32
591	0.90204	-8180.39
592	0.90204	-8181.41
593	0.90204	-8176.92
594	0.90204	-8181.64
595	0.90204	-8177.04
596	0.90204	-8177.42
597	0.90204	-8175.73
598	0.90204	-8182.66
599	0.90204	-8181.44
600	0.90204	-8180.82
601	0.90204	-8180.48
602	0.90204	-8177.36
603	0.90204	-8178.29
604	0.90204	-8175.55
605	0.90204	-8179.65
606	0.90204	-8181.33
607	0.90204	-8184.82
608	0.90204	-8179.64
609	0.90204	-8181.85
610	0.90204	-8183.08
611	0.90204	-8183.07
612	0.90204	-8180.89
613	0.90204	-8181.69
614	0.90204	-8180.25
615	0.90204	-8180.28
616	0.90204	-8176.13
617	0.90204	-8178.38
618	0.90204	-8177.94
619	0.90204	-8182.95
620	0.90204	-8184.89
621	0.90204	-8188.61
622	0.90204	-8191.83
623	0.90204	-8193.98
624	0.90204	-8187.09
625	0.90204	-8191.28
626	0.90204	-8184.63
627	0.90204	-8189.83
628	0.90204	-8189.23
629	0.90204	-8187.48
630	0.90204	-8188.06
631	0.90204	-8187.48
632	0.90204	-8186.1
633	0.90204	-8192.13
634	0.90204	-8188.03
635	0.90204	-8185.96
636	0.90204	-8178.99
637	0.90204	-8188.36
638	0.90204	-8182.34
639	0.90204	-8176.14
640	0.90204	-8179.7
641	0.90204	-8190.81
642	0.90204	-8185.59
643	0.90204	-8182.66
644	0.90204	-8190.19
645	0.90204	-8187.58
646	0.90204	-8182.14
647	0.90204	-8179.89
648	0.90204	-8177.97
649	0.90204	-8171.93
650	0.90204	-8172.84
651	0.90204	-8176.96
652	0.90204	-8178.58
653	0.90204	-8182.44
654	0.90204	-8181.65
655	0.90204	-8179.91
656	0.90204	-8183.8
657	0.90204	-8186.88
658	0.90204	-8181.51
659	0.90204	-8183.49
660	0.90204	-8176.87
661	0.90204	-8178.48
662	0.90204	-8179.07
663	0.90204	-8176.14
664	0.90204	-8178.84
665	0.90204	-8182.79
666	0.90204	-8175.94
667	0.90204	-8179.19
668	0.90204	-8177.08
669	0.90204	-8174.48
670	0.90204	-8174.59
671	0.90204	-8174.06
672	0.90204	-8176.01
673	0.90204	-8177.13
674	0.90204	-8177.21
675	0.90204	-8175.99
676	0.90204	-8173.09
677	0.90204	-8174.44
678	0.90204	-8175.13
679	0.90204	-8178.26
680	0.90204	-8181.97
681	0.90204	-8182.32
682	0.90204	-8178
683	0.90204	-8180.83
684	0.90204	-8181.34
685	0.90204	-8178.12
686	0.90204	-8177.12
687	0.90204	-8173.5
688	0.90204	-8178.18
689	0.90204	-8179.32
690	0.90204	-8179.43
691	0.90204	-8176.12
692	0.90204	-8177.02
693	0.90204	-8174.83
694	0.90204	-8180.07
695	0.90204	-8177.34
696	0.90204	-8182.53
697	0.90204	-8179.44
698	0.90204	-8179.9
699	0.90204	-8181.23
700	0.90204	-8181.07
701	0.90204	-8176.93
702	0.90204	-8179.99
703	0.90204	-8181.67
704	0.90204	-8179.51
705	0.90204	-8176.39
706	0.90204	-8178.57
707	0.90204	-8183.59
708	0.90204	-8181.41
709	0.90204	-8177.75
710	0.90204	-8180.93
711	0.90204	-8176.41
712	0.90204	-8176.39
713	0.90204	-8173.28
714	0.90204	-8178.22
715	0.90204	-8180.65
716	0.90204	-8182.12
717	0.90204	-8180.36
718	0.90204	-8183.35
719	0.90204	-8176.22
720	0.90204	-8179.23
721	0.90204	-8181.86
722	0.90204	-8180.45
723	0.90204	-8181.23
724	0.90204	-8181.99
725	0.90204	-8178.95
726	0.90204	-8181.22
727	0.90204	-8183.93
728	0.90204	-8173.89
729	0.90204	-8175.88
730	0.90204	-8174.5
731	0.90204	-8173.34
732	0.90204	-8176.64
733	0.90204	-8178.96
734	0.90204	-8179.96
735	0.90204	-8178.25
736	0.90204	-8181.29
737	0.90204	-8180.08
738	0.90204	-8185.5
739	0.90204	-8182.16
740	0.90204	-8177.84
741	0.90204	-8178.6
742	0.90204	-8181.87
743	0.90204	-8173.53
744	0.90204	-8174.8
745	0.90204	-8178.09
746	0.90204	-8180.14
747	0.90204	-8178.57
748	0.90204	-8175.11
749	0.90204	-8175.55
750	0.90204	-8180.9
751	0.90204	-8180.14
752	0.90204	-8178.16
753	0.90204	-8182.89
754	0.90204	-8186.13
755	0.90204	-8185.91
756	0.90204	-8180.45
757	0.90204	-8179.02
758	0.90204	-8177.1
759	0.90204	-8178.36
760	0.90204	-8180.21
761	0.90204	-8179.77
762	0.90204	-8179.53
763	0.90204	-8178.75
764	0.90204	-8178.93
765	0.90204	-8177.84
766	0.90204	-8180.18
767	0.90204	-8177.78
768	0.90204	-8185.78
769	0.90204	-8185.22
770	0.90204	-8180.95
771	0.90204	-8182.79
772	0.90204	-8182.83
773	0.90204	-8183.15
774	0.90204	-8180.8
775	0.90204	-8183.92
776	0.90204	-8189.09
777	0.90204	-8182.42
778	0.90204	-8191.77
779	0.90204	-8185.76
780	0.90204	-8183.46
781	0.90204	-8185.55
782	0.90204	-8187.78
783	0.90204	-8180.99
784	0.90204	-8184.03
785	0.90204	-8185.73
786	0.90204	-8185.11
787	0.90204	-8180.99
788	0.90204	-8179.55
789	0.90204	-8176.57
790	0.90204	-8180.46
791	0.90204	-8183.11
792	0.90204	-8182.32
793	0.90204	-8186.07
794	0.90204	-8185.62
795	0.90204	-8185.79
796	0.90204	-8177.44
797	0.90204	-8181.04
798	0.90204	-8177.96
799	0.90204	-8174.93
800	0.90204	-8176.3
801	0.90204	-8178.63
802	0.90204	-8177.8
803	0.90204	-8180.67
804	0.90204	-8180.49
805	0.90204	-8185.19
806	0.90204	-8181.44
807	0.90204	-8181.75
808	0.90204	-8186.68
809	0.90204	-8185.95
810	0.90204	-8181.26
811	0.90204	-8182.21
812	0.90204	-8181.57
813	0.90204	-8186.7
814	0.90204	-8190.15
815	0.90204	-8185.09
816	0.90204	-8180.83
817	0.90204	-8183.64
818	0.90204	-8180.01
819	0.90204	-8178.42
820	0.90204	-8179.4
821	0.90204	-8174.74
822	0.90204	-8173.62
823	0.90204	-8178.68
824	0.90204	-8175.84
825	0.90204	-8174.62
826	0.90204	-8178.67
827	0.90204	-8182.67
828	0.90204	-8181.66
829	0.90204	-8176.3
830	0.90204	-8177.65
831	0.90204	-8187.74
832	0.90204	-8184.74
833	0.90204	-8187.64
834	0.90204	-8180.87
835	0.90204	-8184.16
836	0.90204	-8181.32
837	0.90204	-8176.6
838	0.90204	-8182.21
839	0.90204	-8179.5
840	0.90204	-8175.34
841	0.90204	-8180.03
842	0.90204	-8180.88
843	0.90204	-8182.51
844	0.90204	-8185.61
845	0.90204	-8185.31
846	0.90204	-8178.73
847	0.90204	-8176.2
848	0.90204	-8181.55
849	0.90204	-8185.54
850	0.90204	-8188.53
851	0.90204	-8181.52
852	0.90204	-8178.45
853	0.90204	-8181.26
854	0.90204	-8181.03
855	0.90204	-8182.2
856	0.90204	-8177.83
857	0.90204	-8178.13
858	0.90204	-8179.24
859	0.90204	-8175.12
860	0.90204	-8176.95
861	0.90204	-8178.24
862	0.90204	-8176.41
863	0.90204	-8174.65
864	0.90204	-8174.34
865	0.90204	-8170.12
866	0.90204	-8172.2
867	0.90204	-8174.63
868	0.90204	-8177.17
869	0.90204	-8177.12
870	0.90204	-8177.55
871	0.90204	-8175.31
872	0.90204	-8180.08
873	0.90204	-8181.05
874	0.90204	-8182.82
875	0.90204	-8184.26
876	0.90204	-8182.87
877	0.90204	-8179.8
878	0.90204	-8178.75
879	0.90204	-8178.28
880	0.90204	-8174.75
881	0.90204	-8177.55
882	0.90204	-8176.92
883	0.90204	-8188.66
884	0.90204	-8191.35
885	0.90204	-8189.76
886	0.90204	-8189.35
887	0.90204	-8193.16
888	0.90204	-8196.84
889	0.90204	-8184.08
890	0.90204	-8180.11
891	0.90204	-8178.98
892	0.90204	-8181.98
893	0.90204	-8181.29
894	0.90204	-8180.91
895	0.90204	-8178.94
896	0.90204	-8177.29
897	0.90204	-8179.61
898	0.90204	-8184.13
899	0.90204	-8188.38
900	0.90204	-8182.38
901	0.90204	-8180.69
902	0.90204	-8180
903	0.90204	-8181.67
904	0.90204	-8189.19
905	0.90204	-8183.17
906	0.90204	-8184.02
907	0.90204	-8184.42
908	0.90204	-8175.61
909	0.90204	-8174.04
910	0.90204	-8178.94
911	0.90204	-8176.38
912	0.90204	-8184.35
913	0.90204	-8184.53
914	0.90204	-8180.63
915	0.90204	-8178.83
916	0.90204	-8178.03
917	0.90204	-8174.88
918	0.90204	-8175.97
919	0.90204	-8177.99
920	0.90204	-8177.16
921	0.90204	-8176.84
922	0.90204	-8174.33
923	0.90204	-8175.42
924	0.90204	-8173.4
925	0.90204	-8177.77
926	0.90204	-8178.53
927	0.90204	-8183.25
928	0.90204	-8177.97
929	0.90204	-8176.85
930	0.90204	-8181.66
931	0.90204	-8186.73
932	0.90204	-8182.95
933	0.90204	-8179.27
934	0.90204	-8181.19
935	0.90204	-8178.87
936	0.90204	-8177.1
937	0.90204	-8179.49
938	0.90204	-8176.01
939	0.90204	-8175.78
940	0.90204	-8176.87
941	0.90204	-8184.09
942	0.90204	-8175.04
943	0.90204	-8177.6
944	0.90204	-8179.58
945	0.90204	-8182.98
946	0.90204	-8183.16
947	0.90204	-8188.28
948	0.90204	-8187.48
949	0.90204	-8183.63
950	0.90204	-8184.22
951	0.90204	-8181.46
952	0.90204	-8184.75
953	0.90204	-8187.92
954	0.90204	-8182.91
955	0.90204	-8180.08
956	0.90204	-8179.47
957	0.90204	-8176.92
958	0.90204	-8175.62
959	0.90204	-8173.07
960	0.90204	-8177.92
961	0.90204	-8180.25
962	0.90204	-8178.06
963	0.90204	-8176.24
964	0.90204	-8176.35
965	0.90204	-8181.31
966	0.90204	-8177.67
967	0.90204	-8174.07
968	0.90204	-8177.84
969	0.90204	-8175.61
970	0.90204	-8179.27
971	0.90204	-8186.42
972	0.90204	-8184.32
973	0.90204	-8183.29
974	0.90204	-8182.6
975	0.90204	-8185.47
976	0.90204	-8180.58
977	0.90204	-8181.75
978	0.90204	-8183.3
979	0.90204	-8178.97
980	0.90204	-8176.42
981	0.90204	-8177.16
982	0.90204	-8177.13
983	0.90204	-8180.61
984	0.90204	-8181.52
985	0.90204	-8181.51
986	0.90204	-8177.69
987	0.90204	-8174.89
988	0.90204	-8176.43
989	0.90204	-8173.56
990	0.90204	-8180
991	0.90204	-8178.44
992	0.90204	-8183.56
993	0.90204	-8180.57
994	0.90204	-8180.16
995	0.90204	-8182.1
996	0.90204	-8179.94
997	0.90204	-8185.2
998	0.90204	-8182.11
999	0.90204	-8186.39
1000	0.90204	-8190.92
251	0.811912	-8185.6
252	0.811912	-8185.93
253	0.811912	-8180.91
254	0.811912	-8183
255	0.811912	-8183.52
256	0.811912	-8176.6
257	0.811912	-8177.34
258	0.811912	-8184.38
259	0.811912	-8187.15
260	0.811912	-8187.82
261	0.811912	-8194.66
262	0.811912	-8188.39
263	0.811912	-8184.21
264	0.811912	-8181.59
265	0.811912	-8186.9
266	0.811912	-8188.23
267	0.811912	-8191.9
268	0.811912	-8187.28
269	0.811912	-8184.73
270	0.811912	-8184.95
271	0.811912	-8178.75
272	0.811912	-8176.14
273	0.811912	-8175.78
274	0.811912	-8174.98
275	0.811912	-8178.27
276	0.811912	-8181.82
277	0.811912	-8172.68
278	0.811912	-8177.18
279	0.811912	-8177.76
280	0.811912	-8177.72
281	0.811912	-8172.54
282	0.811912	-8174.94
283	0.811912	-8174.15
284	0.811912	-8174.87
285	0.811912	-8172.33
286	0.811912	-8173.95
287	0.811912	-8178.03
288	0.811912	-8178.33
289	0.811912	-8178.71
290	0.811912	-8183.8
291	0.811912	-8176.09
292	0.811912	-8180.31
293	0.811912	-8188.38
294	0.811912	-8184.91
295	0.811912	-8187.57
296	0.811912	-8181.55
297	0.811912	-8183.39
298	0.811912	-8181.22
299	0.811912	-8188.15
300	0.811912	-8187.39
301	0.811912	-8184.21
302	0.811912	-8181.16
303	0.811912	-8188.06
304	0.811912	-8183.87
305	0.811912	-8184.35
306	0.811912	-8182.15
307	0.811912	-8181.71
308	0.811912	-8177.41
309	0.811912	-8179.4
310	0.811912	-8189.12
311	0.811912	-8184.47
312	0.811912	-8189.38
313	0.811912	-8185.17
314	0.811912	-8182.31
315	0.811912	-8186.85
316	0.811912	-8183.84
317	0.811912	-8184.94
318	0.811912	-8182.25
319	0.811912	-8178.86
320	0.811912	-8181.44
321	0.811912	-8177.97
322	0.811912	-8179.77
323	0.811912	-8181.13
324	0.811912	-8175.91
325	0.811912	-8179.43
326	0.811912	-8180.41
327	0.811912	-8181.3
328	0.811912	-8180.25
329	0.811912	-8177.79
330	0.811912	-8179.09
331	0.811912	-8180.21
332	0.811912	-8184.99
333	0.811912	-8178.79
334	0.811912	-8177.34
335	0.811912	-8179.9
336	0.811912	-8184.08
337	0.811912	-8185.01
338	0.811912	-8182.12
339	0.811912	-8179.04
340	0.811912	-8182.67
341	0.811912	-8185.96
342	0.811912	-8182.34
343	0.811912	-8186.81
344	0.811912	-8188.59
345	0.811912	-8186.55
346	0.811912	-8191.4
347	0.811912	-8183.27
348	0.811912	-8181.6
349	0.811912	-8181.89
350	0.811912	-8178.2
351	0.811912	-8179.55
352	0.811912	-8181.29
353	0.811912	-8183.12
354	0.811912	-8192.29
355	0.811912	-8191.25
356	0.811912	-8187.31
357	0.811912	-8187.55
358	0.811912	-8173.79
359	0.811912	-8178.56
360	0.811912	-8174.39
361	0.811912	-8176.68
362	0.811912	-8176.29
363	0.811912	-8181.75
364	0.811912	-8179.14
365	0.811912	-8184.86
366	0.811912	-8185.22
367	0.811912	-8183.78
368	0.811912	-8189.85
369	0.811912	-8183.87
370	0.811912	-8185.56
371	0.811912	-8181.93
372	0.811912	-8183.53
373	0.811912	-8182.71
374	0.811912	-8180.3
375	0.811912	-8181.06
376	0.811912	-8182.12
377	0.811912	-8185.96
378	0.811912	-8185.01
379	0.811912	-8181.45
380	0.811912	-8180.24
381	0.811912	-8176.63
382	0.811912	-8177.21
383	0.811912	-8182.74
384	0.811912	-8181.89
385	0.811912	-8188.3
386	0.811912	-8183.39
387	0.811912	-8184.63
388	0.811912	-8182.39
389	0.811912	-8181.69
390	0.811912	-8183.4
391	0.811912	-8183
392	0.811912	-8179.58
393	0.811912	-8178.5
394	0.811912	-8180.24
395	0.811912	-8178.38
396	0.811912	-8180
397	0.811912	-8182.43
398	0.811912	-8187.41
399	0.811912	-8180.57
400	0.811912	-8177.14
401	0.811912	-8179.51
402	0.811912	-8177.98
403	0.811912	-8173.8
404	0.811912	-8178.16
405	0.811912	-8175.16
406	0.811912	-8179.41
407	0.811912	-8177.72
408	0.811912	-8181.76
409	0.811912	-8178.91
410	0.811912	-8184.89
411	0.811912	-8181.57
412	0.811912	-8181.76
413	0.811912	-8182.95
414	0.811912	-8187.02
415	0.811912	-8184.81
416	0.811912	-8183.25
417	0.811912	-8184.01
418	0.811912	-8182.64
419	0.811912	-8182.11
420	0.811912	-8181.18
421	0.811912	-8179.2
422	0.811912	-8181.17
423	0.811912	-8177.82
424	0.811912	-8176.49
425	0.811912	-8177.26
426	0.811912	-8181.53
427	0.811912	-8177.81
428	0.811912	-8185.75
429	0.811912	-8193.4
430	0.811912	-8189.97
431	0.811912	-8187.72
432	0.811912	-8191.95
433	0.811912	-8182.59
434	0.811912	-8182.76
435	0.811912	-8178.44
436	0.811912	-8185.01
437	0.811912	-8177.38
438	0.811912	-8178.65
439	0.811912	-8179.13
440	0.811912	-8177.81
441	0.811912	-8174.12
442	0.811912	-8175.81
443	0.811912	-8180.32
444	0.811912	-8186.78
445	0.811912	-8182.96
446	0.811912	-8185.38
447	0.811912	-8193.09
448	0.811912	-8186.74
449	0.811912	-8185.54
450	0.811912	-8182.08
451	0.811912	-8186.39
452	0.811912	-8183.9
453	0.811912	-8180.85
454	0.811912	-8180.58
455	0.811912	-8177.6
456	0.811912	-8178.23
457	0.811912	-8175.98
458	0.811912	-8181.3
459	0.811912	-8185.74
460	0.811912	-8178.38
461	0.811912	-8185.39
462	0.811912	-8183.97
463	0.811912	-8180.94
464	0.811912	-8182.42
465	0.811912	-8184.81
466	0.811912	-8183.98
467	0.811912	-8181.62
468	0.811912	-8183.44
469	0.811912	-8178.45
470	0.811912	-8181.06
471	0.811912	-8180.03
472	0.811912	-8183.32
473	0.811912	-8183.07
474	0.811912	-8183.82
475	0.811912	-8182.48
476	0.811912	-8181.35
477	0.811912	-8190.08
478	0.811912	-8178.57
479	0.811912	-8180.03
480	0.811912	-8181.54
481	0.811912	-8178.53
482	0.811912	-8178.46
483	0.811912	-8181.64
484	0.811912	-8180.28
485	0.811912	-8183.61
486	0.811912	-8182.9
487	0.811912	-8187.37
488	0.811912	-8180.29
489	0.811912	-8182.84
490	0.811912	-8187.83
491	0.811912	-8186.96
492	0.811912	-8186.84
493	0.811912	-8185.61
494	0.811912	-8186.17
495	0.811912	-8187.29
496	0.811912	-8181.12
497	0.811912	-8179.35
498	0.811912	-8178.52
499	0.811912	-8173.56
500	0.811912	-8177.01
501	0.811912	-8179.63
502	0.811912	-8188.45
503	0.811912	-8186.5
504	0.811912	-8185.51
505	0.811912	-8179.02
506	0.811912	-8187.58
507	0.811912	-8190.28
508	0.811912	-8189.67
509	0.811912	-8193.73
510	0.811912	-8191.06
511	0.811912	-8185.11
512	0.811912	-8186.38
513	0.811912	-8183.07
514	0.811912	-8186.81
515	0.811912	-8193.33
516	0.811912	-8179.75
517	0.811912	-8183.98
518	0.811912	-8183.13
519	0.811912	-8182.48
520	0.811912	-8175.9
521	0.811912	-8173.97
522	0.811912	-8174.01
523	0.811912	-8175.73
524	0.811912	-8179.39
525	0.811912	-8181.38
526	0.811912	-8183.27
527	0.811912	-8178.64
528	0.811912	-8178.52
529	0.811912	-8175.53
530	0.811912	-8177.18
531	0.811912	-8180.04
532	0.811912	-8179.59
533	0.811912	-8181.91
534	0.811912	-8179.15
535	0.811912	-8179.66
536	0.811912	-8185.46
537	0.811912	-8184.32
538	0.811912	-8187.39
539	0.811912	-8184.73
540	0.811912	-8182.4
541	0.811912	-8183.78
542	0.811912	-8186.41
543	0.811912	-8188.35
544	0.811912	-8185.06
545	0.811912	-8186.47
546	0.811912	-8183.55
547	0.811912	-8179.7
548	0.811912	-8182.17
549	0.811912	-8177.75
550	0.811912	-8183.47
551	0.811912	-8186.6
552	0.811912	-8186.77
553	0.811912	-8189.93
554	0.811912	-8192.81
555	0.811912	-8182.63
556	0.811912	-8192.04
557	0.811912	-8191.96
558	0.811912	-8196.76
559	0.811912	-8187.56
560	0.811912	-8188.28
561	0.811912	-8191.46
562	0.811912	-8190.9
563	0.811912	-8197.67
564	0.811912	-8199.04
565	0.811912	-8194.33
566	0.811912	-8186.22
567	0.811912	-8187.86
568	0.811912	-8187.81
569	0.811912	-8183.9
570	0.811912	-8184.74
571	0.811912	-8190.81
572	0.811912	-8190.03
573	0.811912	-8187.26
574	0.811912	-8185.79
575	0.811912	-8180.67
576	0.811912	-8186.56
577	0.811912	-8181.59
578	0.811912	-8180
579	0.811912	-8185.37
580	0.811912	-8181.37
581	0.811912	-8180.23
582	0.811912	-8187.14
583	0.811912	-8187.04
584	0.811912	-8180.22
585	0.811912	-8179.83
586	0.811912	-8182.02
587	0.811912	-8184.42
588	0.811912	-8185.29
589	0.811912	-8189.19
590	0.811912	-8188.06
591	0.811912	-8190.5
592	0.811912	-8185.59
593	0.811912	-8188.97
594	0.811912	-8187.11
595	0.811912	-8191.43
596	0.811912	-8190.86
597	0.811912	-8187.39
598	0.811912	-8186.81
599	0.811912	-8186.57
600	0.811912	-8186.4
601	0.811912	-8188.06
602	0.811912	-8180.86
603	0.811912	-8182.19
604	0.811912	-8177.87
605	0.811912	-8174.71
606	0.811912	-8179.16
607	0.811912	-8175.22
608	0.811912	-8178.58
609	0.811912	-8182.46
610	0.811912	-8188.69
611	0.811912	-8188.84
612	0.811912	-8188.84
613	0.811912	-8188.73
614	0.811912	-8179.07
615	0.811912	-8176.61
616	0.811912	-8186.05
617	0.811912	-8182.14
618	0.811912	-8177.7
619	0.811912	-8179.04
620	0.811912	-8181.59
621	0.811912	-8178.98
622	0.811912	-8176.4
623	0.811912	-8175.66
624	0.811912	-8177.06
625	0.811912	-8175.56
626	0.811912	-8174.32
627	0.811912	-8173.92
628	0.811912	-8180.18
629	0.811912	-8182.84
630	0.811912	-8181.05
631	0.811912	-8178.25
632	0.811912	-8182.83
633	0.811912	-8177.57
634	0.811912	-8176.76
635	0.811912	-8179.98
636	0.811912	-8184.04
637	0.811912	-8182.81
638	0.811912	-8181.44
639	0.811912	-8182.13
640	0.811912	-8184.73
641	0.811912	-8183.95
642	0.811912	-8175.89
643	0.811912	-8181.38
644	0.811912	-8176.91
645	0.811912	-8178.4
646	0.811912	-8181.52
647	0.811912	-8183.32
648	0.811912	-8184.42
649	0.811912	-8188.27
650	0.811912	-8186.35
651	0.811912	-8177.11
652	0.811912	-8185.38
653	0.811912	-8188.67
654	0.811912	-8173.42
655	0.811912	-8178.32
656	0.811912	-8180.14
657	0.811912	-8177.4
658	0.811912	-8170.65
659	0.811912	-8177.15
660	0.811912	-8182.12
661	0.811912	-8186.13
662	0.811912	-8180.01
663	0.811912	-8181.9
664	0.811912	-8184.75
665	0.811912	-8186.31
666	0.811912	-8187.35
667	0.811912	-8186.41
668	0.811912	-8180.78
669	0.811912	-8179.19
670	0.811912	-8177.8
671	0.811912	-8178.93
672	0.811912	-8184.99
673	0.811912	-8185.36
674	0.811912	-8191.37
675	0.811912	-8183.98
676	0.811912	-8189.33
677	0.811912	-8184.72
678	0.811912	-8182.52
679	0.811912	-8183.93
680	0.811912	-8183.35
681	0.811912	-8183.44
682	0.811912	-8182.72
683	0.811912	-8181.25
684	0.811912	-8178.59
685	0.811912	-8182
686	0.811912	-8185.03
687	0.811912	-8185.95
688	0.811912	-8180.66
689	0.811912	-8178.9
690	0.811912	-8178.46
691	0.811912	-8177.99
692	0.811912	-8176.66
693	0.811912	-8175.66
694	0.811912	-8178.42
695	0.811912	-8181.37
696	0.811912	-8182.08
697	0.811912	-8181.38
698	0.811912	-8183.22
699	0.811912	-8180.96
700	0.811912	-8180.9
701	0.811912	-8178.88
702	0.811912	-8185.99
703	0.811912	-8178.69
704	0.811912	-8184.49
705	0.811912	-8184.19
706	0.811912	-8187.4
707	0.811912	-8178.94
708	0.811912	-8178.09
709	0.811912	-8175.1
710	0.811912	-8183.97
711	0.811912	-8186.94
712	0.811912	-8186.76
713	0.811912	-8185.4
714	0.811912	-8178.5
715	0.811912	-8182.94
716	0.811912	-8177.78
717	0.811912	-8174.82
718	0.811912	-8172.58
719	0.811912	-8175.22
720	0.811912	-8177.42
721	0.811912	-8176.78
722	0.811912	-8171.73
723	0.811912	-8172.51
724	0.811912	-8172.43
725	0.811912	-8183.84
726	0.811912	-8181.62
727	0.811912	-8183.82
728	0.811912	-8191.7
729	0.811912	-8187.96
730	0.811912	-8185.83
731	0.811912	-8188.39
732	0.811912	-8181.68
733	0.811912	-8180.42
734	0.811912	-8181.67
735	0.811912	-8176.03
736	0.811912	-8174.85
737	0.811912	-8181.34
738	0.811912	-8185.66
739	0.811912	-8186.49
740	0.811912	-8183.37
741	0.811912	-8181.04
742	0.811912	-8180.19
743	0.811912	-8181.2
744	0.811912	-8184.39
745	0.811912	-8175.69
746	0.811912	-8175.5
747	0.811912	-8177.79
748	0.811912	-8177.29
749	0.811912	-8180.25
750	0.811912	-8180.07
751	0.811912	-8176.72
752	0.811912	-8181.17
753	0.811912	-8179.86
754	0.811912	-8185.2
755	0.811912	-8192.96
756	0.811912	-8181.18
757	0.811912	-8179.94
758	0.811912	-8178.62
759	0.811912	-8181.4
760	0.811912	-8176.08
761	0.811912	-8177.74
762	0.811912	-8178.48
763	0.811912	-8191.26
764	0.811912	-8184.24
765	0.811912	-8184
766	0.811912	-8179.88
767	0.811912	-8180.15
768	0.811912	-8180.43
769	0.811912	-8178
770	0.811912	-8180.57
771	0.811912	-8181.37
772	0.811912	-8184.29
773	0.811912	-8176.52
774	0.811912	-8180.53
775	0.811912	-8177.32
776	0.811912	-8180.48
777	0.811912	-8178.06
778	0.811912	-8176.7
779	0.811912	-8176.62
780	0.811912	-8178.34
781	0.811912	-8178.5
782	0.811912	-8178.7
783	0.811912	-8178.72
784	0.811912	-8177.93
785	0.811912	-8175.98
786	0.811912	-8180.33
787	0.811912	-8181.95
788	0.811912	-8185.12
789	0.811912	-8180.62
790	0.811912	-8185.46
791	0.811912	-8184.81
792	0.811912	-8180.56
793	0.811912	-8181.25
794	0.811912	-8178.49
795	0.811912	-8178.04
796	0.811912	-8182.57
797	0.811912	-8181.95
798	0.811912	-8177.83
799	0.811912	-8179.01
800	0.811912	-8173.9
801	0.811912	-8178.37
802	0.811912	-8178.63
803	0.811912	-8174.7
804	0.811912	-8185.64
805	0.811912	-8180.73
806	0.811912	-8176.45
807	0.811912	-8184.7
808	0.811912	-8182.79
809	0.811912	-8185.71
810	0.811912	-8178.03
811	0.811912	-8176.51
812	0.811912	-8174.38
813	0.811912	-8180.67
814	0.811912	-8180.62
815	0.811912	-8176.12
816	0.811912	-8181.34
817	0.811912	-8182.5
818	0.811912	-8176.27
819	0.811912	-8178.08
820	0.811912	-8177.59
821	0.811912	-8179.72
822	0.811912	-8173.13
823	0.811912	-8175.02
824	0.811912	-8180.05
825	0.811912	-8178.32
826	0.811912	-8177.34
827	0.811912	-8184.3
828	0.811912	-8184.62
829	0.811912	-8175.68
830	0.811912	-8180.23
831	0.811912	-8177.43
832	0.811912	-8179.4
833	0.811912	-8181.86
834	0.811912	-8187.08
835	0.811912	-8175.57
836	0.811912	-8180.86
837	0.811912	-8182.51
838	0.811912	-8184.15
839	0.811912	-8184.3
840	0.811912	-8185.94
841	0.811912	-8177.9
842	0.811912	-8176.8
843	0.811912	-8178.53
844	0.811912	-8176.91
845	0.811912	-8180.09
846	0.811912	-8172.98
847	0.811912	-8176.87
848	0.811912	-8184.53
849	0.811912	-8186.98
850	0.811912	-8188.16
851	0.811912	-8186
852	0.811912	-8183.78
853	0.811912	-8185.43
854	0.811912	-8189.91
855	0.811912	-8184.75
856	0.811912	-8178.61
857	0.811912	-8178.77
858	0.811912	-8180.6
859	0.811912	-8184.93
860	0.811912	-8180.06
861	0.811912	-8183.68
862	0.811912	-8179.68
863	0.811912	-8186.86
864	0.811912	-8185.62
865	0.811912	-8181.36
866	0.811912	-8180
867	0.811912	-8183.39
868	0.811912	-8184.77
869	0.811912	-8185.1
870	0.811912	-8189.4
871	0.811912	-8179.81
872	0.811912	-8181.56
873	0.811912	-8190.31
874	0.811912	-8186.85
875	0.811912	-8182.2
876	0.811912	-8183.4
877	0.811912	-8180.98
878	0.811912	-8179.91
879	0.811912	-8181.47
880	0.811912	-8184.77
881	0.811912	-8184.51
882	0.811912	-8179.65
883	0.811912	-8180.53
884	0.811912	-8178.41
885	0.811912	-8175.15
886	0.811912	-8183.63
887	0.811912	-8186.04
888	0.811912	-8182.43
889	0.811912	-8183.63
890	0.811912	-8183.53
891	0.811912	-8181.8
892	0.811912	-8188.83
893	0.811912	-8184.54
894	0.811912	-8181.18
895	0.811912	-8180.8
896	0.811912	-8184.63
897	0.811912	-8180.49
898	0.811912	-8181.5
899	0.811912	-8180.58
900	0.811912	-8181.13
901	0.811912	-8177.56
902	0.811912	-8181.1
903	0.811912	-8179.14
904	0.811912	-8178.32
905	0.811912	-8178.87
906	0.811912	-8188.3
907	0.811912	-8187.77
908	0.811912	-8181.23
909	0.811912	-8180.3
910	0.811912	-8184.28
911	0.811912	-8185.75
912	0.811912	-8184.57
913	0.811912	-8186.14
914	0.811912	-8187.08
915	0.811912	-8180.21
916	0.811912	-8175.8
917	0.811912	-8178.95
918	0.811912	-8186.03
919	0.811912	-8181.38
920	0.811912	-8178.77
921	0.811912	-8183.19
922	0.811912	-8186.12
923	0.811912	-8188.17
924	0.811912	-8193.36
925	0.811912	-8180.47
926	0.811912	-8178.41
927	0.811912	-8179.98
928	0.811912	-8186.76
929	0.811912	-8182.36
930	0.811912	-8183.9
931	0.811912	-8185.92
932	0.811912	-8183.39
933	0.811912	-8188.5
934	0.811912	-8187.51
935	0.811912	-8181.9
936	0.811912	-8181.68
937	0.811912	-8182.61
938	0.811912	-8182.93
939	0.811912	-8179.97
940	0.811912	-8187.88
941	0.811912	-8181.88
942	0.811912	-8180.36
943	0.811912	-8180.73
944	0.811912	-8186.39
945	0.811912	-8185.56
946	0.811912	-8180.92
947	0.811912	-8179.78
948	0.811912	-8181.08
949	0.811912	-8183.3
950	0.811912	-8180.7
951	0.811912	-8182.22
952	0.811912	-8181.83
953	0.811912	-8174.51
954	0.811912	-8180.57
955	0.811912	-8180.52
956	0.811912	-8176.89
957	0.811912	-8176.41
958	0.811912	-8179.78
959	0.811912	-8178.1
960	0.811912	-8176.15
961	0.811912	-8180.17
962	0.811912	-8180.14
963	0.811912	-8174.95
964	0.811912	-8173.73
965	0.811912	-8184.38
966	0.811912	-8176.3
967	0.811912	-8176.92
968	0.811912	-8177.82
969	0.811912	-8182.89
970	0.811912	-8178.7
971	0.811912	-8176.07
972	0.811912	-8176.35
973	0.811912	-8173.7
974	0.811912	-8175.17
975	0.811912	-8176.38
976	0.811912	-8175.18
977	0.811912	-8176.28
978	0.811912	-8177.39
979	0.811912	-8172.51
980	0.811912	-8178.71
981	0.811912	-8182.12
982	0.811912	-8181.43
983	0.811912	-8184.2
984	0.811912	-8179.82
985	0.811912	-8174.63
986	0.811912	-8177.97
987	0.811912	-8173.96
988	0.811912	-8174.74
989	0.811912	-8172.42
990	0.811912	-8181.34
991	0.811912	-8178.99
992	0.811912	-8179.82
993	0.811912	-8180.9
994	0.811912	-8181.57
995	0.811912	-8179.36
996	0.811912	-8180.22
997	0.811912	-8179.89
998	0.811912	-8180.65
999	0.811912	-8179.42
1000	0.811912	-8186.38
251	0.729136	-8188.85
252	0.729136	-8186.58
253	0.729136	-8187.33
254	0.729136	-8185.26
255	0.729136	-8182.3
256	0.729136	-8179.41
257	0.729136	-8180.7
258	0.729136	-8179.51
259	0.729136	-8187.17
260	0.729136	-8187.73
261	0.729136	-8199.35
262	0.729136	-8198.13
263	0.729136	-8196.72
264	0.729136	-8190.13
265	0.729136	-8186.69
266	0.729136	-8187.83
267	0.729136	-8179.87
268	0.729136	-8183.31
269	0.729136	-8179.18
270	0.729136	-8185
271	0.729136	-8185.86
272	0.729136	-8186.65
273	0.729136	-8192.17
274	0.729136	-8183.77
275	0.729136	-8180.5
276	0.729136	-8181.74
277	0.729136	-8180.67
278	0.729136	-8184.97
279	0.729136	-8183.53
280	0.729136	-8184
281	0.729136	-8182.1
282	0.729136	-8179.69
283	0.729136	-8179.82
284	0.729136	-8182.34
285	0.729136	-8179.52
286	0.729136	-8177.33
287	0.729136	-8179.66
288	0.729136	-8192.99
289	0.729136	-8184.92
290	0.729136	-8181.74
291	0.729136	-8180.03
292	0.729136	-8182.53
293	0.729136	-8188.49
294	0.729136	-8187.37
295	0.729136	-8181.7
296	0.729136	-8186.86
297	0.729136	-8182.19
298	0.729136	-8177.57
299	0.729136	-8176.78
300	0.729136	-8184.19
301	0.729136	-8188.94
302	0.729136	-8185.8
303	0.729136	-8182.51
304	0.729136	-8182.23
305	0.729136	-8183.43
306	0.729136	-8185.7
307	0.729136	-8192.69
308	0.729136	-8188.67
309	0.729136	-8185.65
310	0.729136	-8186.61
311	0.729136	-8184.77
312	0.729136	-8192.61
313	0.729136	-8177.02
314	0.729136	-8179.7
315	0.729136	-8179.68
316	0.729136	-8182.83
317	0.729136	-8179.96
318	0.729136	-8180.27
319	0.729136	-8179.59
320	0.729136	-8178.85
321	0.729136	-8177.45
322	0.729136	-8175.99
323	0.729136	-8179.12
324	0.729136	-8182.35
325	0.729136	-8179.22
326	0.729136	-8182.83
327	0.729136	-8187.83
328	0.729136	-8182.75
329	0.729136	-8180.49
330	0.729136	-8176.54
331	0.729136	-8178.75
332	0.729136	-8178.04
333	0.729136	-8183.71
334	0.729136	-8177.89
335	0.729136	-8177.16
336	0.729136	-8178.8
337	0.729136	-8182.37
338	0.729136	-8182.05
339	0.729136	-8193.87
340	0.729136	-8194.41
341	0.729136	-8189.53
342	0.729136	-8180.29
343	0.729136	-8178.59
344	0.729136	-8175.2
345	0.729136	-8176.24
346	0.729136	-8183.94
347	0.729136	-8185.78
348	0.729136	-8186.83
349	0.729136	-8183.44
350	0.729136	-8188.01
351	0.729136	-8182.13
352	0.729136	-8185.85
353	0.729136	-8179.46
354	0.729136	-8178.32
355	0.729136	-8182.92
356	0.729136	-8178.77
357	0.729136	-8182.13
358	0.729136	-8176.03
359	0.729136	-8183.6
360	0.729136	-8182.53
361	0.729136	-8179.29
362	0.729136	-8185.04
363	0.729136	-8184.45
364	0.729136	-8177.69
365	0.729136	-8178.8
366	0.729136	-8179.83
367	0.729136	-8176.95
368	0.729136	-8177.03
369	0.729136	-8176.91
370	0.729136	-8177.45
371	0.729136	-8179.56
372	0.729136	-8180.25
373	0.729136	-8179.37
374	0.729136	-8179.66
375	0.729136	-8181.44
376	0.729136	-8182.67
377	0.729136	-8183.95
378	0.729136	-8187.4
379	0.729136	-8186.54
380	0.729136	-8183.94
381	0.729136	-8182.29
382	0.729136	-8187.48
383	0.729136	-8188.79
384	0.729136	-8188.99
385	0.729136	-8184.19
386	0.729136	-8183.91
387	0.729136	-8182.06
388	0.729136	-8192.49
389	0.729136	-8183.06
390	0.729136	-8187.29
391	0.729136	-8183.41
392	0.729136	-8186.78
393	0.729136	-8191.1
394	0.729136	-8179.38
395	0.729136	-8184.24
396	0.729136	-8179.6
397	0.729136	-8177.19
398	0.729136	-8178.14
399	0.729136	-8185.81
400	0.729136	-8180.35
401	0.729136	-8181.54
402	0.729136	-8182.44
403	0.729136	-8184.27
404	0.729136	-8184.56
405	0.729136	-8180.43
406	0.729136	-8185.19
407	0.729136	-8181.63
408	0.729136	-8180.72
409	0.729136	-8180.98
410	0.729136	-8180.52
411	0.729136	-8179.19
412	0.729136	-8187.18
413	0.729136	-8185.99
414	0.729136	-8189.44
415	0.729136	-8182.95
416	0.729136	-8183.66
417	0.729136	-8182.91
418	0.729136	-8183.25
419	0.729136	-8182.29
420	0.729136	-8179.6
421	0.729136	-8185.63
422	0.729136	-8177.9
423	0.729136	-8182.15
424	0.729136	-8182.46
425	0.729136	-8174.9
426	0.729136	-8181.68
427	0.729136	-8183.36
428	0.729136	-8176.65
429	0.729136	-8178.82
430	0.729136	-8178.55
431	0.729136	-8186.7
432	0.729136	-8188.34
433	0.729136	-8188.04
434	0.729136	-8183.2
435	0.729136	-8177.82
436	0.729136	-8180.83
437	0.729136	-8180.42
438	0.729136	-8183.23
439	0.729136	-8178.95
440	0.729136	-8180.34
441	0.729136	-8179.42
442	0.729136	-8185.98
443	0.729136	-8182.27
444	0.729136	-8183.76
445	0.729136	-8186.5
446	0.729136	-8179.71
447	0.729136	-8178.14
448	0.729136	-8178.93
449	0.729136	-8184.65
450	0.729136	-8183.35
451	0.729136	-8182.25
452	0.729136	-8179.22
453	0.729136	-8175.57
454	0.729136	-8178.71
455	0.729136	-8175.7
456	0.729136	-8175.48
457	0.729136	-8174.13
458	0.729136	-8173.97
459	0.729136	-8173.62
460	0.729136	-8177.2
461	0.729136	-8170.64
462	0.729136	-8175.03
463	0.729136	-8178.08
464	0.729136	-8179.54
465	0.729136	-8178.8
466	0.729136	-8180.33
467	0.729136	-8182.61
468	0.729136	-8183.9
469	0.729136	-8184.48
470	0.729136	-8179.67
471	0.729136	-8183.06
472	0.729136	-8185.96
473	0.729136	-8183.89
474	0.729136	-8182.18
475	0.729136	-8176.15
476	0.729136	-8173.27
477	0.729136	-8179.13
478	0.729136	-8178
479	0.729136	-8182.74
480	0.729136	-8181.36
481	0.729136	-8184.78
482	0.729136	-8184.16
483	0.729136	-8181.81
484	0.729136	-8190.47
485	0.729136	-8188.39
486	0.729136	-8185.1
487	0.729136	-8185.68
488	0.729136	-8185.6
489	0.729136	-8184.51
490	0.729136	-8178.93
491	0.729136	-8181.92
492	0.729136	-8177.79
493	0.729136	-8186.54
494	0.729136	-8179.02
495	0.729136	-8186.58
496	0.729136	-8181.13
497	0.729136	-8181.4
498	0.729136	-8177.89
499	0.729136	-8181.08
500	0.729136	-8182.82
501	0.729136	-8180.3
502	0.729136	-8179.72
503	0.729136	-8181.98
504	0.729136	-8179.59
505	0.729136	-8180.57
506	0.729136	-8183.16
507	0.729136	-8180.12
508	0.729136	-8182.27
509	0.729136	-8185.66
510	0.729136	-8183.78
511	0.729136	-8185.48
512	0.729136	-8184.59
513	0.729136	-8191.99
514	0.729136	-8199.19
515	0.729136	-8197.7
516	0.729136	-8198.7
517	0.729136	-8195.6
518	0.729136	-8194.98
519	0.729136	-8189.5
520	0.729136	-8190.75
521	0.729136	-8181.58
522	0.729136	-8182.05
523	0.729136	-8185.09
524	0.729136	-8177.19
525	0.729136	-8180.66
526	0.729136	-8187.3
527	0.729136	-8184.94
528	0.729136	-8182.3
529	0.729136	-8175.79
530	0.729136	-8185.31
531	0.729136	-8182.1
532	0.729136	-8186.56
533	0.729136	-8182.53
534	0.729136	-8182.91
535	0.729136	-8184.87
536	0.729136	-8181.09
537	0.729136	-8181.98
538	0.729136	-8186.09
539	0.729136	-8197.62
540	0.729136	-8193.5
541	0.729136	-8186.6
542	0.729136	-8191.82
543	0.729136	-8190.83
544	0.729136	-8188.35
545	0.729136	-8193.86
546	0.729136	-8188.1
547	0.729136	-8185.61
548	0.729136	-8186.37
549	0.729136	-8193.66
550	0.729136	-8189.78
551	0.729136	-8194.71
552	0.729136	-8187.06
553	0.729136	-8188.82
554	0.729136	-8183.83
555	0.729136	-8185.18
556	0.729136	-8185.7
557	0.729136	-8187.5
558	0.729136	-8181.64
559	0.729136	-8179.67
560	0.729136	-8181.47
561	0.729136	-8179.95
562	0.729136	-8181.61
563	0.729136	-8178.74
564	0.729136	-8185.24
565	0.729136	-8182.96
566	0.729136	-8180.62
567	0.729136	-8184.44
568	0.729136	-8182.98
569	0.729136	-8175.39
570	0.729136	-8177.41
571	0.729136	-8181.37
572	0.729136	-8190.53
573	0.729136	-8185.14
574	0.729136	-8182.49
575	0.729136	-8187.4
576	0.729136	-8183.34
577	0.729136	-8195.7
578	0.729136	-8195.27
579	0.729136	-8197.25
580	0.729136	-8190.62
581	0.729136	-8193.26
582	0.729136	-8193.68
583	0.729136	-8196.25
584	0.729136	-8185.83
585	0.729136	-8183.38
586	0.729136	-8185.88
587	0.729136	-8181.77
588	0.729136	-8185.18
589	0.729136	-8184.5
590	0.729136	-8183.81
591	0.729136	-8185.35
592	0.729136	-8181.37
593	0.729136	-8194.05
594	0.729136	-8181.56
595	0.729136	-8179.41
596	0.729136	-8183.84
597	0.729136	-8181.25
598	0.729136	-8179.59
599	0.729136	-8181.61
600	0.729136	-8189.13
601	0.729136	-8190.23
602	0.729136	-8188.52
603	0.729136	-8189.18
604	0.729136	-8177.51
605	0.729136	-8179.34
606	0.729136	-8179.25
607	0.729136	-8179.96
608	0.729136	-8182.28
609	0.729136	-8186.43
610	0.729136	-8186.4
611	0.729136	-8186.2
612	0.729136	-8185.3
613	0.729136	-8181.1
614	0.729136	-8186.73
615	0.729136	-8184.73
616	0.729136	-8195.51
617	0.729136	-8184.88
618	0.729136	-8192.14
619	0.729136	-8186.27
620	0.729136	-8180.96
621	0.729136	-8180.92
622	0.729136	-8182.98
623	0.729136	-8183.57
624	0.729136	-8185.17
625	0.729136	-8180.55
626	0.729136	-8189.55
627	0.729136	-8181.98
628	0.729136	-8179.74
629	0.729136	-8177.39
630	0.729136	-8180.73
631	0.729136	-8183
632	0.729136	-8189.96
633	0.729136	-8191.65
634	0.729136	-8188.18
635	0.729136	-8187.38
636	0.729136	-8186.12
637	0.729136	-8184.83
638	0.729136	-8183.43
639	0.729136	-8181.41
640	0.729136	-8178.55
641	0.729136	-8180.21
642	0.729136	-8179.97
643	0.729136	-8181.65
644	0.729136	-8179.74
645	0.729136	-8181.38
646	0.729136	-8180.25
647	0.729136	-8181.72
648	0.729136	-8181.71
649	0.729136	-8183.06
650	0.729136	-8182.1
651	0.729136	-8182.03
652	0.729136	-8182
653	0.729136	-8178.3
654	0.729136	-8193.55
655	0.729136	-8182
656	0.729136	-8176.24
657	0.729136	-8179.12
658	0.729136	-8179.12
659	0.729136	-8178.33
660	0.729136	-8180.56
661	0.729136	-8179.05
662	0.729136	-8179.46
663	0.729136	-8178.75
664	0.729136	-8181.66
665	0.729136	-8179.45
666	0.729136	-8179.8
667	0.729136	-8169.98
668	0.729136	-8169.88
669	0.729136	-8177.4
670	0.729136	-8177.36
671	0.729136	-8177.28
672	0.729136	-8177.23
673	0.729136	-8179.67
674	0.729136	-8180.92
675	0.729136	-8176.7
676	0.729136	-8176.75
677	0.729136	-8183.39
678	0.729136	-8178.73
679	0.729136	-8172.02
680	0.729136	-8177.14
681	0.729136	-8182.74
682	0.729136	-8187.98
683	0.729136	-8185.63
684	0.729136	-8192.24
685	0.729136	-8192.43
686	0.729136	-8193.04
687	0.729136	-8194
688	0.729136	-8187.87
689	0.729136	-8186.47
690	0.729136	-8191.2
691	0.729136	-8199.62
692	0.729136	-8197.98
693	0.729136	-8191.77
694	0.729136	-8187.15
695	0.729136	-8181.74
696	0.729136	-8190.61
697	0.729136	-8181.42
698	0.729136	-8181.05
699	0.729136	-8182.07
700	0.729136	-8181.69
701	0.729136	-8176.26
702	0.729136	-8181.92
703	0.729136	-8182.64
704	0.729136	-8183.27
705	0.729136	-8181.08
706	0.729136	-8182.23
707	0.729136	-8186.04
708	0.729136	-8184.66
709	0.729136	-8180.75
710	0.729136	-8181.73
711	0.729136	-8182.35
712	0.729136	-8177.85
713	0.729136	-8178.14
714	0.729136	-8174.26
715	0.729136	-8175.17
716	0.729136	-8182.12
717	0.729136	-8175.45
718	0.729136	-8179
719	0.729136	-8189.5
720	0.729136	-8183.78
721	0.729136	-8194.41
722	0.729136	-8181.99
723	0.729136	-8181.81
724	0.729136	-8185.7
725	0.729136	-8181.43
726	0.729136	-8180.62
727	0.729136	-8180.6
728	0.729136	-8183.55
729	0.729136	-8186.73
730	0.729136	-8189.06
731	0.729136	-8189.15
732	0.729136	-8180.81
733	0.729136	-8180.11
734	0.729136	-8177.94
735	0.729136	-8182.33
736	0.729136	-8180.77
737	0.729136	-8183.81
738	0.729136	-8179.41
739	0.729136	-8174.95
740	0.729136	-8176.24
741	0.729136	-8181.83
742	0.729136	-8184.24
743	0.729136	-8186.86
744	0.729136	-8179.66
745	0.729136	-8186.17
746	0.729136	-8193.03
747	0.729136	-8194.31
748	0.729136	-8188.65
749	0.729136	-8191.44
750	0.729136	-8190.85
751	0.729136	-8189.09
752	0.729136	-8182.04
753	0.729136	-8178.71
754	0.729136	-8175.15
755	0.729136	-8179.18
756	0.729136	-8178.28
757	0.729136	-8181.68
758	0.729136	-8181.36
759	0.729136	-8189.56
760	0.729136	-8188.58
761	0.729136	-8189.72
762	0.729136	-8189.43
763	0.729136	-8187.51
764	0.729136	-8184.71
765	0.729136	-8189.13
766	0.729136	-8190.88
767	0.729136	-8184.64
768	0.729136	-8176.16
769	0.729136	-8176.72
770	0.729136	-8185.96
771	0.729136	-8177.85
772	0.729136	-8176.2
773	0.729136	-8177.34
774	0.729136	-8182.13
775	0.729136	-8184.99
776	0.729136	-8181.72
777	0.729136	-8182.67
778	0.729136	-8182.89
779	0.729136	-8183
780	0.729136	-8176.89
781	0.729136	-8177.22
782	0.729136	-8187.93
783	0.729136	-8185.48
784	0.729136	-8182.71
785	0.729136	-8184.31
786	0.729136	-8180.99
787	0.729136	-8178.17
788	0.729136	-8179.1
789	0.729136	-8176.47
790	0.729136	-8175.67
791	0.729136	-8174.69
792	0.729136	-8171.89
793	0.729136	-8181.03
794	0.729136	-8186.29
795	0.729136	-8184.6
796	0.729136	-8183.27
797	0.729136	-8180.88
798	0.729136	-8183.44
799	0.729136	-8181.63
800	0.729136	-8184.58
801	0.729136	-8179.77
802	0.729136	-8183.76
803	0.729136	-8177.99
804	0.729136	-8175.35
805	0.729136	-8176.1
806	0.729136	-8183.11
807	0.729136	-8186.4
808	0.729136	-8189.23
809	0.729136	-8190.6
810	0.729136	-8192.86
811	0.729136	-8185.09
812	0.729136	-8186.31
813	0.729136	-8177.75
814	0.729136	-8180.53
815	0.729136	-8185.94
816	0.729136	-8188.82
817	0.729136	-8182.77
818	0.729136	-8182.88
819	0.729136	-8182.48
820	0.729136	-8179.58
821	0.729136	-8177.67
822	0.729136	-8181.56
823	0.729136	-8178.74
824	0.729136	-8181.08
825	0.729136	-8181.92
826	0.729136	-8176.02
827	0.729136	-8177.13
828	0.729136	-8179.49
829	0.729136	-8181.21
830	0.729136	-8179.23
831	0.729136	-8191.25
832	0.729136	-8190.93
833	0.729136	-8194.99
834	0.729136	-8192.27
835	0.729136	-8183.5
836	0.729136	-8172.49
837	0.729136	-8174.13
838	0.729136	-8178.18
839	0.729136	-8175.41
840	0.729136	-8177.19
841	0.729136	-8178.63
842	0.729136	-8185.63
843	0.729136	-8179.4
844	0.729136	-8176.14
845	0.729136	-8178.13
846	0.729136	-8185.29
847	0.729136	-8183.95
848	0.729136	-8179.5
849	0.729136	-8177.68
850	0.729136	-8179.7
851	0.729136	-8183.32
852	0.729136	-8190.87
853	0.729136	-8186.92
854	0.729136	-8194.27
855	0.729136	-8197.99
856	0.729136	-8198.7
857	0.729136	-8193.61
858	0.729136	-8201.9
859	0.729136	-8195.54
860	0.729136	-8195.65
861	0.729136	-8188.58
862	0.729136	-8188.92
863	0.729136	-8194.06
864	0.729136	-8189.07
865	0.729136	-8192.04
866	0.729136	-8187.81
867	0.729136	-8183.42
868	0.729136	-8183.64
869	0.729136	-8188.71
870	0.729136	-8186.89
871	0.729136	-8190.66
872	0.729136	-8184.41
873	0.729136	-8191.27
874	0.729136	-8187.71
875	0.729136	-8183.52
876	0.729136	-8184.97
877	0.729136	-8184.66
878	0.729136	-8184.69
879	0.729136	-8187.32
880	0.729136	-8185.07
881	0.729136	-8181.61
882	0.729136	-8177.42
883	0.729136	-8176.16
884	0.729136	-8179.43
885	0.729136	-8177.14
886	0.729136	-8175.7
887	0.729136	-8183.44
888	0.729136	-8183.43
889	0.729136	-8187.87
890	0.729136	-8181.94
891	0.729136	-8185.76
892	0.729136	-8189.89
893	0.729136	-8195.65
894	0.729136	-8182.18
895	0.729136	-8180.65
896	0.729136	-8185.16
897	0.729136	-8184.24
898	0.729136	-8186.08
899	0.729136	-8181.83
900	0.729136	-8190.42
901	0.729136	-8198.88
902	0.729136	-8190.43
903	0.729136	-8193.31
904	0.729136	-8195.86
905	0.729136	-8187.66
906	0.729136	-8192.97
907	0.729136	-8187.22
908	0.729136	-8184.99
909	0.729136	-8185.95
910	0.729136	-8189.48
911	0.729136	-8186.56
912	0.729136	-8189.04
913	0.729136	-8187.82
914	0.729136	-8196.12
915	0.729136	-8187.03
916	0.729136	-8185.84
917	0.729136	-8182.58
918	0.729136	-8186.05
919	0.729136	-8183.2
920	0.729136	-8189.18
921	0.729136	-8186.42
922	0.729136	-8182.42
923	0.729136	-8183.41
924	0.729136	-8186.76
925	0.729136	-8187.65
926	0.729136	-8183.74
927	0.729136	-8185.14
928	0.729136	-8179.95
929	0.729136	-8178.42
930	0.729136	-8181.66
931	0.729136	-8186.99
932	0.729136	-8186.2
933	0.729136	-8180.47
934	0.729136	-8188.41
935	0.729136	-8181.54
936	0.729136	-8180.67
937	0.729136	-8183.71
938	0.729136	-8190
939	0.729136	-8183.75
940	0.729136	-8186.54
941	0.729136	-8182.23
942	0.729136	-8178.44
943	0.729136	-8180.13
944	0.729136	-8183.3
945	0.729136	-8178.66
946	0.729136	-8183.52
947	0.729136	-8185.72
948	0.729136	-8186.72
949	0.729136	-8187.6
950	0.729136	-8178.86
951	0.729136	-8188.51
952	0.729136	-8187.97
953	0.729136	-8189.86
954	0.729136	-8184.03
955	0.729136	-8180.52
956	0.729136	-8185.32
957	0.729136	-8192.2
958	0.729136	-8186.39
959	0.729136	-8185.61
960	0.729136	-8179.82
961	0.729136	-8180.44
962	0.729136	-8183.69
963	0.729136	-8183.63
964	0.729136	-8183.97
965	0.729136	-8181.61
966	0.729136	-8182.16
967	0.729136	-8181.45
968	0.729136	-8183.42
969	0.729136	-8180.18
970	0.729136	-8180.31
971	0.729136	-8183.5
972	0.729136	-8189.68
973	0.729136	-8187.35
974	0.729136	-8184.65
975	0.729136	-8185.25
976	0.729136	-8186.01
977	0.729136	-8179.83
978	0.729136	-8170.72
979	0.729136	-8178.51
980	0.729136	-8176.32
981	0.729136	-8186.4
982	0.729136	-8179.62
983	0.729136	-8181.7
984	0.729136	-8185.95
985	0.729136	-8191.59
986	0.729136	-8186.62
987	0.729136	-8186.93
988	0.729136	-8173.14
989	0.729136	-8179.96
990	0.729136	-8183.66
991	0.729136	-8189.83
992	0.729136	-8184.64
993	0.729136	-8184.51
994	0.729136	-8187.53
995	0.729136	-8183.84
996	0.729136	-8183.04
997	0.729136	-8182.73
998	0.729136	-8177.5
999	0.729136	-8176.7
1000	0.729136	-8173.24
251	0.653254	-8196.01
252	0.653254	-8192.08
253	0.653254	-8180.57
254	0.653254	-8178.43
255	0.653254	-8182.89
256	0.653254	-8179.19
257	0.653254	-8179.38
258	0.653254	-8183.33
259	0.653254	-8180.6
260	0.653254	-8181.17
261	0.653254	-8179.31
262	0.653254	-8183.1
263	0.653254	-8185.33
264	0.653254	-8191.94
265	0.653254	-8192.81
266	0.653254	-8187.66
267	0.653254	-8190.41
268	0.653254	-8192.85
269	0.653254	-8195.49
270	0.653254	-8187.81
271	0.653254	-8192.31
272	0.653254	-8188.02
273	0.653254	-8189.01
274	0.653254	-8185.97
275	0.653254	-8184.44
276	0.653254	-8189.04
277	0.653254	-8193.54
278	0.653254	-8193.71
279	0.653254	-8188.99
280	0.653254	-8195.13
281	0.653254	-8192.68
282	0.653254	-8197.06
283	0.653254	-8187.66
284	0.653254	-8193.55
285	0.653254	-8192.59
286	0.653254	-8187.02
287	0.653254	-8185.93
288	0.653254	-8188.17
289	0.653254	-8188.33
290	0.653254	-8188.1
291	0.653254	-8189.44
292	0.653254	-8190.47
293	0.653254	-8190.34
294	0.653254	-8185.62
295	0.653254	-8188.78
296	0.653254	-8186.8
297	0.653254	-8185.09
298	0.653254	-8194.63
299	0.653254	-8190.55
300	0.653254	-8181.66
301	0.653254	-8192.78
302	0.653254	-8190.52
303	0.653254	-8195.18
304	0.653254	-8202.28
305	0.653254	-8193.81
306	0.653254	-8191.42
307	0.653254	-8183.22
308	0.653254	-8182.38
309	0.653254	-8184.3
310	0.653254	-8187.44
311	0.653254	-8185.21
312	0.653254	-8182.59
313	0.653254	-8187.59
314	0.653254	-8185.25
315	0.653254	-8185.31
316	0.653254	-8197.06
317	0.653254	-8187.19
318	0.653254	-8184.88
319	0.653254	-8191.93
320	0.653254	-8195.13
321	0.653254	-8189.36
322	0.653254	-8189.31
323	0.653254	-8182.03
324	0.653254	-8186.71
325	0.653254	-8181.95
326	0.653254	-8180.2
327	0.653254	-8185.19
328	0.653254	-8186.6
329	0.653254	-8190.9
330	0.653254	-8186.78
331	0.653254	-8184
332	0.653254	-8186.47
333	0.653254	-8188.63
334	0.653254	-8183.64
335	0.653254	-8185.79
336	0.653254	-8185.15
337	0.653254	-8192.04
338	0.653254	-8192.17
339	0.653254	-8189.44
340	0.653254	-8187.77
341	0.653254	-8188.89
342	0.653254	-8188.6
343	0.653254	-8191.47
344	0.653254	-8178.65
345	0.653254	-8179.23
346	0.653254	-8182.42
347	0.653254	-8184.72
348	0.653254	-8177.03
349	0.653254	-8182.41
350	0.653254	-8187.19
351	0.653254	-8179.97
352	0.653254	-8184.97
353	0.653254	-8183.01
354	0.653254	-8186.83
355	0.653254	-8191.9
356	0.653254	-8186.45
357	0.653254	-8181.62
358	0.653254	-8180.74
359	0.653254	-8185.84
360	0.653254	-8189.16
361	0.653254	-8192.94
362	0.653254	-8190.15
363	0.653254	-8190.47
364	0.653254	-8187.12
365	0.653254	-8187.86
366	0.653254	-8185.18
367	0.653254	-8188.61
368	0.653254	-8196.28
369	0.653254	-8192.33
370	0.653254	-8183.84
371	0.653254	-8180.73
372	0.653254	-8182.46
373	0.653254	-8183.7
374	0.653254	-8185.22
375	0.653254	-8180.21
376	0.653254	-8191.46
377	0.653254	-8193.38
378	0.653254	-8194.17
379	0.653254	-8188.04
380	0.653254	-8188.84
381	0.653254	-8189.64
382	0.653254	-8195.41
383	0.653254	-8197.44
384	0.653254	-8195.34
385	0.653254	-8191.88
386	0.653254	-8195.43
387	0.653254	-8189.54
388	0.653254	-8187.49
389	0.653254	-8198.18
390	0.653254	-8191.33
391	0.653254	-8184.26
392	0.653254	-8187.95
393	0.653254	-8182.93
394	0.653254	-8178.97
395	0.653254	-8178.95
396	0.653254	-8173.95
397	0.653254	-8183.29
398	0.653254	-8181.18
399	0.653254	-8180.22
400	0.653254	-8191.01
401	0.653254	-8191.61
402	0.653254	-8179.48
403	0.653254	-8185.86
404	0.653254	-8184.59
405	0.653254	-8185.48
406	0.653254	-8182.43
407	0.653254	-8187.22
408	0.653254	-8190.48
409	0.653254	-8187.34
410	0.653254	-8182.63
411	0.653254	-8186.01
412	0.653254	-8183.05
413	0.653254	-8191.29
414	0.653254	-8186.78
415	0.653254	-8194.17
416	0.653254	-8188.14
417	0.653254	-8184.28
418	0.653254	-8178.33
419	0.653254	-8184.42
420	0.653254	-8184.49
421	0.653254	-8185.22
422	0.653254	-8187.09
423	0.653254	-8186.66
424	0.653254	-8189.75
425	0.653254	-8183.35
426	0.653254	-8181.51
427	0.653254	-8189.92
428	0.653254	-8190.78
429	0.653254	-8200.81
430	0.653254	-8192.68
431	0.653254	-8187.75
432	0.653254	-8187.92
433	0.653254	-8183.92
434	0.653254	-8182.3
435	0.653254	-8181.17
436	0.653254	-8181.27
437	0.653254	-8179.2
438	0.653254	-8181.06
439	0.653254	-8180.44
440	0.653254	-8178.33
441	0.653254	-8182.08
442	0.653254	-8184.16
443	0.653254	-8187.85
444	0.653254	-8184.16
445	0.653254	-8185.51
446	0.653254	-8190.37
447	0.653254	-8185.92
448	0.653254	-8184.32
449	0.653254	-8183.55
450	0.653254	-8177.73
451	0.653254	-8177.96
452	0.653254	-8181.72
453	0.653254	-8184.44
454	0.653254	-8182.6
455	0.653254	-8191.63
456	0.653254	-8189.43
457	0.653254	-8189.92
458	0.653254	-8194.73
459	0.653254	-8188.87
460	0.653254	-8190.15
461	0.653254	-8193.45
462	0.653254	-8197.79
463	0.653254	-8192.84
464	0.653254	-8201.96
465	0.653254	-8186.58
466	0.653254	-8185.7
467	0.653254	-8181.28
468	0.653254	-8184.86
469	0.653254	-8179.02
470	0.653254	-8182.31
471	0.653254	-8181.8
472	0.653254	-8179.8
473	0.653254	-8177.91
474	0.653254	-8175.37
475	0.653254	-8173.76
476	0.653254	-8175.05
477	0.653254	-8174.84
478	0.653254	-8178.11
479	0.653254	-8186.74
480	0.653254	-8189.47
481	0.653254	-8187.63
482	0.653254	-8185.42
483	0.653254	-8197.47
484	0.653254	-8195.56
485	0.653254	-8192.08
486	0.653254	-8190.95
487	0.653254	-8188.63
488	0.653254	-8193.94
489	0.653254	-8193.39
490	0.653254	-8205.98
491	0.653254	-8201.22
492	0.653254	-8190.25
493	0.653254	-8190.01
494	0.653254	-8193.62
495	0.653254	-8193.94
496	0.653254	-8199.63
497	0.653254	-8203.3
498	0.653254	-8199.95
499	0.653254	-8204.75
500	0.653254	-8195.33
501	0.653254	-8197.28
502	0.653254	-8194.9
503	0.653254	-8193.21
504	0.653254	-8197.95
505	0.653254	-8192.99
506	0.653254	-8189.98
507	0.653254	-8186.27
508	0.653254	-8187.61
509	0.653254	-8189.7
510	0.653254	-8192.68
511	0.653254	-8193.59
512	0.653254	-8192.35
513	0.653254	-8195.29
514	0.653254	-8189.81
515	0.653254	-8185.13
516	0.653254	-8183.55
517	0.653254	-8185.74
518	0.653254	-8184.34
519	0.653254	-8186.12
520	0.653254	-8180.85
521	0.653254	-8175.44
522	0.653254	-8176.43
523	0.653254	-8179.7
524	0.653254	-8185.29
525	0.653254	-8187.86
526	0.653254	-8179.32
527	0.653254	-8176.55
528	0.653254	-8175.15
529	0.653254	-8174.86
530	0.653254	-8179.6
531	0.653254	-8178.52
532	0.653254	-8177.87
533	0.653254	-8184.54
534	0.653254	-8184.15
535	0.653254	-8182.31
536	0.653254	-8183.95
537	0.653254	-8186.41
538	0.653254	-8180.35
539	0.653254	-8188.47
540	0.653254	-8198.15
541	0.653254	-8199.35
542	0.653254	-8195.28
543	0.653254	-8191.33
544	0.653254	-8184.82
545	0.653254	-8186.9
546	0.653254	-8187.96
547	0.653254	-8187.67
548	0.653254	-8190.95
549	0.653254	-8187.18
550	0.653254	-8187.15
551	0.653254	-8189.74
552	0.653254	-8191.02
553	0.653254	-8191.95
554	0.653254	-8189.12
555	0.653254	-8176.45
556	0.653254	-8183.13
557	0.653254	-8179.05
558	0.653254	-8182.72
559	0.653254	-8182.45
560	0.653254	-8185.41
561	0.653254	-8187.58
562	0.653254	-8182.95
563	0.653254	-8187.8
564	0.653254	-8181.37
565	0.653254	-8184.06
566	0.653254	-8191.53
567	0.653254	-8181.38
568	0.653254	-8185.05
569	0.653254	-8186.71
570	0.653254	-8191.57
571	0.653254	-8190.93
572	0.653254	-8186.3
573	0.653254	-8185.79
574	0.653254	-8182.02
575	0.653254	-8184.22
576	0.653254	-8183.09
577	0.653254	-8185.03
578	0.653254	-8187.65
579	0.653254	-8188.94
580	0.653254	-8199.46
581	0.653254	-8196
582	0.653254	-8182.97
583	0.653254	-8184.59
584	0.653254	-8185.59
585	0.653254	-8185.96
586	0.653254	-8193.04
587	0.653254	-8186.94
588	0.653254	-8185.62
589	0.653254	-8180.14
590	0.653254	-8179.77
591	0.653254	-8185.37
592	0.653254	-8184.92
593	0.653254	-8190.11
594	0.653254	-8187.5
595	0.653254	-8194.38
596	0.653254	-8197.17
597	0.653254	-8182.63
598	0.653254	-8188.86
599	0.653254	-8195.48
600	0.653254	-8185.24
601	0.653254	-8195.83
602	0.653254	-8196.51
603	0.653254	-8191.09
604	0.653254	-8185.1
605	0.653254	-8188.86
606	0.653254	-8191.97
607	0.653254	-8193.77
608	0.653254	-8193.61
609	0.653254	-8183.6
610	0.653254	-8183.34
611	0.653254	-8185.15
612	0.653254	-8183.76
613	0.653254	-8184.09
614	0.653254	-8177.7
615	0.653254	-8183.17
616	0.653254	-8184
617	0.653254	-8198.38
618	0.653254	-8186.46
619	0.653254	-8190.99
620	0.653254	-8193.57
621	0.653254	-8188.72
622	0.653254	-8182.84
623	0.653254	-8184.83
624	0.653254	-8185.4
625	0.653254	-8187.15
626	0.653254	-8182.37
627	0.653254	-8182.58
628	0.653254	-8183.07
629	0.653254	-8187.67
630	0.653254	-8187.75
631	0.653254	-8186.89
632	0.653254	-8186.19
633	0.653254	-8182.25
634	0.653254	-8177.22
635	0.653254	-8177.34
636	0.653254	-8185.99
637	0.653254	-8178.04
638	0.653254	-8175.83
639	0.653254	-8182.14
640	0.653254	-8187.98
641	0.653254	-8190.33
642	0.653254	-8184.82
643	0.653254	-8178.4
644	0.653254	-8179.79
645	0.653254	-8179.68
646	0.653254	-8189.71
647	0.653254	-8191.96
648	0.653254	-8193.42
649	0.653254	-8186.64
650	0.653254	-8192.02
651	0.653254	-8191.86
652	0.653254	-8190.47
653	0.653254	-8187.08
654	0.653254	-8184.22
655	0.653254	-8185.25
656	0.653254	-8179.38
657	0.653254	-8187.05
658	0.653254	-8184.88
659	0.653254	-8187.36
660	0.653254	-8182.69
661	0.653254	-8187.5
662	0.653254	-8182.34
663	0.653254	-8184.64
664	0.653254	-8184.91
665	0.653254	-8188.16
666	0.653254	-8192.79
667	0.653254	-8189.5
668	0.653254	-8185.89
669	0.653254	-8180.68
670	0.653254	-8180.16
671	0.653254	-8184.11
672	0.653254	-8182.71
673	0.653254	-8184.78
674	0.653254	-8184.88
675	0.653254	-8187.02
676	0.653254	-8181.89
677	0.653254	-8176.53
678	0.653254	-8177.95
679	0.653254	-8181.92
680	0.653254	-8179.73
681	0.653254	-8176.23
682	0.653254	-8179.55
683	0.653254	-8179.82
684	0.653254	-8182.29
685	0.653254	-8182.33
686	0.653254	-8197.08
687	0.653254	-8190.36
688	0.653254	-8194.45
689	0.653254	-8192.54
690	0.653254	-8189.97
691	0.653254	-8187.48
692	0.653254	-8180.18
693	0.653254	-8179.08
694	0.653254	-8183.4
695	0.653254	-8190.48
696	0.653254	-8191.27
697	0.653254	-8194.25
698	0.653254	-8195.76
699	0.653254	-8193.58
700	0.653254	-8194.34
701	0.653254	-8197.13
702	0.653254	-8192.54
703	0.653254	-8197.09
704	0.653254	-8198.31
705	0.653254	-8191.78
706	0.653254	-8187.13
707	0.653254	-8185.19
708	0.653254	-8188.68
709	0.653254	-8187.71
710	0.653254	-8194.2
711	0.653254	-8204.25
712	0.653254	-8195.53
713	0.653254	-8193.21
714	0.653254	-8194.36
715	0.653254	-8193.52
716	0.653254	-8192.93
717	0.653254	-8183.16
718	0.653254	-8188.99
719	0.653254	-8184.87
720	0.653254	-8184.01
721	0.653254	-8194.24
722	0.653254	-8188.85
723	0.653254	-8196.57
724	0.653254	-8194.05
725	0.653254	-8181.52
726	0.653254	-8176.04
727	0.653254	-8180.17
728	0.653254	-8183.6
729	0.653254	-8195.1
730	0.653254	-8190.66
731	0.653254	-8199.52
732	0.653254	-8196.01
733	0.653254	-8192.91
734	0.653254	-8193.66
735	0.653254	-8198.77
736	0.653254	-8190.36
737	0.653254	-8186.39
738	0.653254	-8189.01
739	0.653254	-8186.57
740	0.653254	-8187.06
741	0.653254	-8192.28
742	0.653254	-8184.89
743	0.653254	-8185.54
744	0.653254	-8190.19
745	0.653254	-8192.64
746	0.653254	-8187.02
747	0.653254	-8186.46
748	0.653254	-8190.78
749	0.653254	-8181.69
750	0.653254	-8183.56
751	0.653254	-8183.24
752	0.653254	-8194.99
753	0.653254	-8192
754	0.653254	-8191.37
755	0.653254	-8185.25
756	0.653254	-8185.58
757	0.653254	-8191.46
758	0.653254	-8186.2
759	0.653254	-8187.47
760	0.653254	-8187.82
761	0.653254	-8195.31
762	0.653254	-8193.63
763	0.653254	-8189.85
764	0.653254	-8183.75
765	0.653254	-8188.46
766	0.653254	-8190.73
767	0.653254	-8187.41
768	0.653254	-8187.78
769	0.653254	-8190.18
770	0.653254	-8197.98
771	0.653254	-8192.55
772	0.653254	-8186.84
773	0.653254	-8192.42
774	0.653254	-8195.5
775	0.653254	-8188.54
776	0.653254	-8189.98
777	0.653254	-8185.72
778	0.653254	-8183.77
779	0.653254	-8195.14
780	0.653254	-8190.15
781	0.653254	-8195.61
782	0.653254	-8188.11
783	0.653254	-8182.38
784	0.653254	-8184.05
785	0.653254	-8190.14
786	0.653254	-8183.51
787	0.653254	-8188.95
788	0.653254	-8197.03
789	0.653254	-8183.78
790	0.653254	-8184.35
791	0.653254	-8181.24
792	0.653254	-8184.56
793	0.653254	-8190.43
794	0.653254	-8188.65
795	0.653254	-8184.58
796	0.653254	-8183.2
797	0.653254	-8182.52
798	0.653254	-8177.91
799	0.653254	-8175.67
800	0.653254	-8174.57
801	0.653254	-8180.18
802	0.653254	-8183.99
803	0.653254	-8183.33
804	0.653254	-8194.87
805	0.653254	-8196.36
806	0.653254	-8190.02
807	0.653254	-8188.37
808	0.653254	-8181.34
809	0.653254	-8188.18
810	0.653254	-8182.09
811	0.653254	-8194.18
812	0.653254	-8194.98
813	0.653254	-8192.55
814	0.653254	-8187.98
815	0.653254	-8193.02
816	0.653254	-8191.42
817	0.653254	-8192.17
818	0.653254	-8193.88
819	0.653254	-8187.34
820	0.653254	-8188.15
821	0.653254	-8180.14
822	0.653254	-8194.45
823	0.653254	-8198.09
824	0.653254	-8198.93
825	0.653254	-8186.06
826	0.653254	-8185.55
827	0.653254	-8184.12
828	0.653254	-8192.18
829	0.653254	-8188.24
830	0.653254	-8186.63
831	0.653254	-8193.23
832	0.653254	-8186.78
833	0.653254	-8188.2
834	0.653254	-8186.37
835	0.653254	-8183.81
836	0.653254	-8182.79
837	0.653254	-8184.21
838	0.653254	-8183.87
839	0.653254	-8184.43
840	0.653254	-8187.91
841	0.653254	-8179.55
842	0.653254	-8182.47
843	0.653254	-8182.09
844	0.653254	-8186.53
845	0.653254	-8181.38
846	0.653254	-8188.54
847	0.653254	-8184.82
848	0.653254	-8189.75
849	0.653254	-8178.98
850	0.653254	-8180.62
851	0.653254	-8187.29
852	0.653254	-8184.94
853	0.653254	-8187.34
854	0.653254	-8193.08
855	0.653254	-8194.07
856	0.653254	-8198.14
857	0.653254	-8191.56
858	0.653254	-8191.91
859	0.653254	-8196.76
860	0.653254	-8200.54
861	0.653254	-8193.92
862	0.653254	-8195.81
863	0.653254	-8188.07
864	0.653254	-8183.01
865	0.653254	-8183.01
866	0.653254	-8181.44
867	0.653254	-8186.41
868	0.653254	-8190.86
869	0.653254	-8191.1
870	0.653254	-8189.39
871	0.653254	-8183.1
872	0.653254	-8183.55
873	0.653254	-8186.65
874	0.653254	-8198.35
875	0.653254	-8199.33
876	0.653254	-8195.61
877	0.653254	-8188.84
878	0.653254	-8188.45
879	0.653254	-8186.17
880	0.653254	-8185.43
881	0.653254	-8184.17
882	0.653254	-8186.08
883	0.653254	-8188.86
884	0.653254	-8187.97
885	0.653254	-8187.02
886	0.653254	-8187.23
887	0.653254	-8182.73
888	0.653254	-8183.09
889	0.653254	-8179.37
890	0.653254	-8184.02
891	0.653254	-8184.49
892	0.653254	-8189.6
893	0.653254	-8192.1
894	0.653254	-8189.39
895	0.653254	-8186.5
896	0.653254	-8185.26
897	0.653254	-8186.24
898	0.653254	-8188.62
899	0.653254	-8188.62
900	0.653254	-8183.02
901	0.653254	-8184.58
902	0.653254	-8184.91
903	0.653254	-8184.25
904	0.653254	-8189.45
905	0.653254	-8185.39
906	0.653254	-8185.61
907	0.653254	-8184.88
908	0.653254	-8189.9
909	0.653254	-8182.97
910	0.653254	-8188.19
911	0.653254	-8180.16
912	0.653254	-8178.75
913	0.653254	-8183.87
914	0.653254	-8184.53
915	0.653254	-8185.48
916	0.653254	-8191.51
917	0.653254	-8189.33
918	0.653254	-8185.92
919	0.653254	-8185.73
920	0.653254	-8186.73
921	0.653254	-8191.38
922	0.653254	-8187.87
923	0.653254	-8180.6
924	0.653254	-8186.43
925	0.653254	-8178.85
926	0.653254	-8179.22
927	0.653254	-8181.48
928	0.653254	-8185.97
929	0.653254	-8181.47
930	0.653254	-8177.88
931	0.653254	-8175.4
932	0.653254	-8176.93
933	0.653254	-8185.69
934	0.653254	-8185.15
935	0.653254	-8182.59
936	0.653254	-8196.38
937	0.653254	-8195.62
938	0.653254	-8181.48
939	0.653254	-8186.57
940	0.653254	-8179.69
941	0.653254	-8177.29
942	0.653254	-8190.03
943	0.653254	-8179.34
944	0.653254	-8180.76
945	0.653254	-8186.3
946	0.653254	-8189.07
947	0.653254	-8184.42
948	0.653254	-8179.52
949	0.653254	-8183.26
950	0.653254	-8182.65
951	0.653254	-8179.78
952	0.653254	-8176.73
953	0.653254	-8179.79
954	0.653254	-8184.69
955	0.653254	-8182.83
956	0.653254	-8193.01
957	0.653254	-8186.94
958	0.653254	-8190.91
959	0.653254	-8184.33
960	0.653254	-8187.74
961	0.653254	-8184
962	0.653254	-8180.92
963	0.653254	-8179.15
964	0.653254	-8186.16
965	0.653254	-8185.93
966	0.653254	-8188.93
967	0.653254	-8191.91
968	0.653254	-8187.18
969	0.653254	-8188.99
970	0.653254	-8186.41
971	0.653254	-8180.74
972	0.653254	-8179.2
973	0.653254	-8178.72
974	0.653254	-8185
975	0.653254	-8194.39
976	0.653254	-8187.74
977	0.653254	-8186.92
978	0.653254	-8187.54
979	0.653254	-8178.56
980	0.653254	-8178.76
981	0.653254	-8184.08
982	0.653254	-8179.17
983	0.653254	-8184.9
984	0.653254	-8186.61
985	0.653254	-8185.76
986	0.653254	-8182.81
987	0.653254	-8178.17
988	0.653254	-8180.72
989	0.653254	-8180.77
990	0.653254	-8179.17
991	0.653254	-8180.34
992	0.653254	-8181.04
993	0.653254	-8190.78
994	0.653254	-8197.49
995	0.653254	-8199.09
996	0.653254	-8192.72
997	0.653254	-8194.95
998	0.653254	-8190.49
999	0.653254	-8198.15
1000	0.653254	-8190.34
251	0.583825	-8187.64
252	0.583825	-8187.79
253	0.583825	-8191.02
254	0.583825	-8189.36
255	0.583825	-8186.84
256	0.583825	-8187.59
257	0.583825	-8197.29
258	0.583825	-8184.28
259	0.583825	-8187.5
260	0.583825	-8189.61
261	0.583825	-8190.04
262	0.583825	-8190.14
263	0.583825	-8199.13
264	0.583825	-8198.28
265	0.583825	-8195.77
266	0.583825	-8185.8
267	0.583825	-8185.25
268	0.583825	-8189.34
269	0.583825	-8190.39
270	0.583825	-8204.01
271	0.583825	-8198.75
272	0.583825	-8197.36
273	0.583825	-8194.07
274	0.583825	-8185.65
275	0.583825	-8207.52
276	0.583825	-8198.84
277	0.583825	-8196.15
278	0.583825	-8193.51
279	0.583825	-8192.51
280	0.583825	-8188.3
281	0.583825	-8188.61
282	0.583825	-8187.44
283	0.583825	-8183.2
284	0.583825	-8180.42
285	0.583825	-8183.41
286	0.583825	-8180.92
287	0.583825	-8191.17
288	0.583825	-8186.48
289	0.583825	-8177.75
290	0.583825	-8185.98
291	0.583825	-8189.6
292	0.583825	-8184.09
293	0.583825	-8183.54
294	0.583825	-8190.64
295	0.583825	-8189.26
296	0.583825	-8190.61
297	0.583825	-8190.88
298	0.583825	-8190.37
299	0.583825	-8185.02
300	0.583825	-8186.4
301	0.583825	-8186.39
302	0.583825	-8191.74
303	0.583825	-8191.06
304	0.583825	-8194.36
305	0.583825	-8179.04
306	0.583825	-8188.03
307	0.583825	-8183.25
308	0.583825	-8185.54
309	0.583825	-8188.49
310	0.583825	-8196.5
311	0.583825	-8177.33
312	0.583825	-8181
313	0.583825	-8182.34
314	0.583825	-8182.67
315	0.583825	-8182.28
316	0.583825	-8180.37
317	0.583825	-8194.23
318	0.583825	-8187
319	0.583825	-8203.02
320	0.583825	-8190.63
321	0.583825	-8186
322	0.583825	-8189.21
323	0.583825	-8178.73
324	0.583825	-8179.16
325	0.583825	-8182.79
326	0.583825	-8195.11
327	0.583825	-8195.42
328	0.583825	-8203.45
329	0.583825	-8189.91
330	0.583825	-8194.6
331	0.583825	-8192.94
332	0.583825	-8195.46
333	0.583825	-8196.19
334	0.583825	-8190.17
335	0.583825	-8193.99
336	0.583825	-8199.83
337	0.583825	-8190.29
338	0.583825	-8181.6
339	0.583825	-8192.81
340	0.583825	-8188.36
341	0.583825	-8195.95
342	0.583825	-8192.21
343	0.583825	-8188.34
344	0.583825	-8189.02
345	0.583825	-8184.68
346	0.583825	-8185.28
347	0.583825	-8179.75
348	0.583825	-8187.03
349	0.583825	-8190.93
350	0.583825	-8198.35
351	0.583825	-8194.07
352	0.583825	-8192.62
353	0.583825	-8186.32
354	0.583825	-8190.29
355	0.583825	-8189.63
356	0.583825	-8196.56
357	0.583825	-8195.79
358	0.583825	-8190.66
359	0.583825	-8192.7
360	0.583825	-8193.64
361	0.583825	-8183.91
362	0.583825	-8186.58
363	0.583825	-8183.89
364	0.583825	-8189.49
365	0.583825	-8198.1
366	0.583825	-8192.99
367	0.583825	-8184.44
368	0.583825	-8185.69
369	0.583825	-8180.64
370	0.583825	-8184.04
371	0.583825	-8185.32
372	0.583825	-8188.27
373	0.583825	-8182.93
374	0.583825	-8183.25
375	0.583825	-8186.48
376	0.583825	-8185.98
377	0.583825	-8191.07
378	0.583825	-8182.96
379	0.583825	-8179.62
380	0.583825	-8187.78
381	0.583825	-8182.3
382	0.583825	-8177.33
383	0.583825	-8181.2
384	0.583825	-8181.25
385	0.583825	-8182.09
386	0.583825	-8177.19
387	0.583825	-8172.57
388	0.583825	-8182.8
389	0.583825	-8186.64
390	0.583825	-8192.26
391	0.583825	-8195.31
392	0.583825	-8192.19
393	0.583825	-8201.87
394	0.583825	-8200.91
395	0.583825	-8208.67
396	0.583825	-8202.31
397	0.583825	-8192.33
398	0.583825	-8199.86
399	0.583825	-8192.99
400	0.583825	-8188.4
401	0.583825	-8186.61
402	0.583825	-8183.64
403	0.583825	-8180.14
404	0.583825	-8183.03
405	0.583825	-8185.28
406	0.583825	-8184.9
407	0.583825	-8187.41
408	0.583825	-8181.74
409	0.583825	-8181.58
410	0.583825	-8191.09
411	0.583825	-8183.61
412	0.583825	-8183.21
413	0.583825	-8190.06
414	0.583825	-8192.34
415	0.583825	-8191.9
416	0.583825	-8190.65
417	0.583825	-8200.7
418	0.583825	-8193.21
419	0.583825	-8191.72
420	0.583825	-8188.28
421	0.583825	-8187.18
422	0.583825	-8188.62
423	0.583825	-8185.31
424	0.583825	-8183.42
425	0.583825	-8191.77
426	0.583825	-8199.5
427	0.583825	-8182.13
428	0.583825	-8175.39
429	0.583825	-8177.83
430	0.583825	-8181.78
431	0.583825	-8182.89
432	0.583825	-8182.09
433	0.583825	-8180.7
434	0.583825	-8189.39
435	0.583825	-8188.96
436	0.583825	-8194.31
437	0.583825	-8196.8
438	0.583825	-8193.67
439	0.583825	-8199.01
440	0.583825	-8197.62
441	0.583825	-8193.92
442	0.583825	-8198.02
443	0.583825	-8193.39
444	0.583825	-8191.61
445	0.583825	-8184
446	0.583825	-8189.33
447	0.583825	-8193.86
448	0.583825	-8202.91
449	0.583825	-8204.87
450	0.583825	-8203.43
451	0.583825	-8202.31
452	0.583825	-8191.85
453	0.583825	-8202.42
454	0.583825	-8202.64
455	0.583825	-8195.97
456	0.583825	-8204.75
457	0.583825	-8191.83
458	0.583825	-8196.54
459	0.583825	-8202.49
460	0.583825	-8201.71
461	0.583825	-8209.15
462	0.583825	-8192.14
463	0.583825	-8185.73
464	0.583825	-8181.26
465	0.583825	-8177.84
466	0.583825	-8184.23
467	0.583825	-8181.09
468	0.583825	-8191.49
469	0.583825	-8191.12
470	0.583825	-8187.49
471	0.583825	-8194.89
472	0.583825	-8193.46
473	0.583825	-8187.95
474	0.583825	-8185.75
475	0.583825	-8193.71
476	0.583825	-8193.32
477	0.583825	-8182.78
478	0.583825	-8177.66
479	0.583825	-8181.96
480	0.583825	-8198.38
481	0.583825	-8185.59
482	0.583825	-8182.21
483	0.583825	-8187.23
484	0.583825	-8182.1
485	0.583825	-8178.26
486	0.583825	-8179.16
487	0.583825	-8194.93
488	0.583825	-8189.2
489	0.583825	-8191.13
490	0.583825	-8181.47
491	0.583825	-8181.75
492	0.583825	-8180.94
493	0.583825	-8184.41
494	0.583825	-8193.24
495	0.583825	-8189.44
496	0.583825	-8188.14
497	0.583825	-8184.27
498	0.583825	-8193.16
499	0.583825	-8197.04
500	0.583825	-8197.53
501	0.583825	-8189.53
502	0.583825	-8187.86
503	0.583825	-8189.02
504	0.583825	-8188.22
505	0.583825	-8186.87
506	0.583825	-8190.13
507	0.583825	-8181.53
508	0.583825	-8183.44
509	0.583825	-8187.65
510	0.583825	-8187.89
511	0.583825	-8189.79
512	0.583825	-8195.21
513	0.583825	-8193.46
514	0.583825	-8188.82
515	0.583825	-8191.53
516	0.583825	-8190.3
517	0.583825	-8187.98
518	0.583825	-8183.27
519	0.583825	-8185.99
520	0.583825	-8188.32
521	0.583825	-8191.19
522	0.583825	-8188.1
523	0.583825	-8180.3
524	0.583825	-8182.56
525	0.583825	-8180.63
526	0.583825	-8191.64
527	0.583825	-8184.88
528	0.583825	-8181.29
529	0.583825	-8183.69
530	0.583825	-8184.78
531	0.583825	-8190.66
532	0.583825	-8174.56
533	0.583825	-8178.4
534	0.583825	-8187.04
535	0.583825	-8187.22
536	0.583825	-8185.71
537	0.583825	-8195.71
538	0.583825	-8195.24
539	0.583825	-8199.21
540	0.583825	-8203.46
541	0.583825	-8195.24
542	0.583825	-8183.5
543	0.583825	-8187.34
544	0.583825	-8185.97
545	0.583825	-8195.53
546	0.583825	-8193.06
547	0.583825	-8184.68
548	0.583825	-8187.63
549	0.583825	-8190.04
550	0.583825	-8189.17
551	0.583825	-8196.33
552	0.583825	-8184.72
553	0.583825	-8190.53
554	0.583825	-8191.28
555	0.583825	-8187.49
556	0.583825	-8179.46
557	0.583825	-8187.53
558	0.583825	-8187.24
559	0.583825	-8195.86
560	0.583825	-8184.43
561	0.583825	-8178.99
562	0.583825	-8180
563	0.583825	-8177.7
564	0.583825	-8176.2
565	0.583825	-8180.03
566	0.583825	-8185.79
567	0.583825	-8183.28
568	0.583825	-8184.02
569	0.583825	-8193.04
570	0.583825	-8191.67
571	0.583825	-8189.13
572	0.583825	-8190.92
573	0.583825	-8184.46
574	0.583825	-8190.17
575	0.583825	-8185.73
576	0.583825	-8188.12
577	0.583825	-8189.35
578	0.583825	-8186.96
579	0.583825	-8186.61
580	0.583825	-8193.09
581	0.583825	-8198.29
582	0.583825	-8200.87
583	0.583825	-8196.99
584	0.583825	-8185.67
585	0.583825	-8195.38
586	0.583825	-8200.65
587	0.583825	-8190.46
588	0.583825	-8185.68
589	0.583825	-8179.11
590	0.583825	-8179.63
591	0.583825	-8188.1
592	0.583825	-8176.71
593	0.583825	-8181.82
594	0.583825	-8186.8
595	0.583825	-8191.91
596	0.583825	-8195.89
597	0.583825	-8206.2
598	0.583825	-8204.36
599	0.583825	-8197.26
600	0.583825	-8208.12
601	0.583825	-8194.16
602	0.583825	-8194.32
603	0.583825	-8190.21
604	0.583825	-8183.73
605	0.583825	-8178.76
606	0.583825	-8181.84
607	0.583825	-8181.52
608	0.583825	-8190.42
609	0.583825	-8197.09
610	0.583825	-8189.06
611	0.583825	-8193.93
612	0.583825	-8201.45
613	0.583825	-8197.04
614	0.583825	-8201.39
615	0.583825	-8191.21
616	0.583825	-8209.31
617	0.583825	-8199.61
618	0.583825	-8194.81
619	0.583825	-8195.57
620	0.583825	-8188.99
621	0.583825	-8181.33
622	0.583825	-8190.07
623	0.583825	-8193.48
624	0.583825	-8192.5
625	0.583825	-8194.47
626	0.583825	-8198.7
627	0.583825	-8192.96
628	0.583825	-8195.17
629	0.583825	-8189.79
630	0.583825	-8193.44
631	0.583825	-8183.01
632	0.583825	-8188.12
633	0.583825	-8184.5
634	0.583825	-8198.1
635	0.583825	-8196.42
636	0.583825	-8181.35
637	0.583825	-8186.73
638	0.583825	-8185.45
639	0.583825	-8186.77
640	0.583825	-8194.01
641	0.583825	-8180.07
642	0.583825	-8183.67
643	0.583825	-8190.7
644	0.583825	-8186.08
645	0.583825	-8191.93
646	0.583825	-8200.4
647	0.583825	-8195.54
648	0.583825	-8193.88
649	0.583825	-8189.87
650	0.583825	-8177.53
651	0.583825	-8195.06
652	0.583825	-8195.96
653	0.583825	-8190.41
654	0.583825	-8195.9
655	0.583825	-8186.43
656	0.583825	-8188.67
657	0.583825	-8183.06
658	0.583825	-8187.7
659	0.583825	-8186.71
660	0.583825	-8190.11
661	0.583825	-8191.62
662	0.583825	-8188.77
663	0.583825	-8182.24
664	0.583825	-8180.43
665	0.583825	-8185.6
666	0.583825	-8189.94
667	0.583825	-8197.29
668	0.583825	-8192.83
669	0.583825	-8191.03
670	0.583825	-8192.42
671	0.583825	-8191.72
672	0.583825	-8186.75
673	0.583825	-8185.12
674	0.583825	-8186.35
675	0.583825	-8189.83
676	0.583825	-8182.98
677	0.583825	-8185.32
678	0.583825	-8197.74
679	0.583825	-8206.64
680	0.583825	-8216.91
681	0.583825	-8208.16
682	0.583825	-8209.61
683	0.583825	-8197.53
684	0.583825	-8196.31
685	0.583825	-8208.61
686	0.583825	-8208.46
687	0.583825	-8199.94
688	0.583825	-8190.57
689	0.583825	-8194.7
690	0.583825	-8194.6
691	0.583825	-8192.24
692	0.583825	-8182.36
693	0.583825	-8187.94
694	0.583825	-8188.92
695	0.583825	-8185.86
696	0.583825	-8182.29
697	0.583825	-8183.43
698	0.583825	-8177.97
699	0.583825	-8177.39
700	0.583825	-8182.64
701	0.583825	-8186.34
702	0.583825	-8183.67
703	0.583825	-8187.63
704	0.583825	-8189.68
705	0.583825	-8206.18
706	0.583825	-8206.27
707	0.583825	-8202.44
708	0.583825	-8202.38
709	0.583825	-8207.91
710	0.583825	-8192.44
711	0.583825	-8183.9
712	0.583825	-8182.86
713	0.583825	-8179.94
714	0.583825	-8184.45
715	0.583825	-8188.75
716	0.583825	-8195.8
717	0.583825	-8187.13
718	0.583825	-8189.61
719	0.583825	-8190.33
720	0.583825	-8188.62
721	0.583825	-8187.11
722	0.583825	-8189.15
723	0.583825	-8183.46
724	0.583825	-8183.4
725	0.583825	-8183.47
726	0.583825	-8183.16
727	0.583825	-8187.65
728	0.583825	-8195.85
729	0.583825	-8191.6
730	0.583825	-8192.3
731	0.583825	-8191.1
732	0.583825	-8192.88
733	0.583825	-8195.37
734	0.583825	-8188.99
735	0.583825	-8190
736	0.583825	-8200.25
737	0.583825	-8189.45
738	0.583825	-8190.66
739	0.583825	-8202.52
740	0.583825	-8207.54
741	0.583825	-8201.97
742	0.583825	-8194.65
743	0.583825	-8191.69
744	0.583825	-8181.56
745	0.583825	-8189.25
746	0.583825	-8196.89
747	0.583825	-8196.59
748	0.583825	-8193.85
749	0.583825	-8185.42
750	0.583825	-8185.65
751	0.583825	-8185.71
752	0.583825	-8175.41
753	0.583825	-8174.93
754	0.583825	-8187.37
755	0.583825	-8186.96
756	0.583825	-8183
757	0.583825	-8191.42
758	0.583825	-8195.15
759	0.583825	-8199.57
760	0.583825	-8194.44
761	0.583825	-8188.32
762	0.583825	-8193.48
763	0.583825	-8198.67
764	0.583825	-8190.21
765	0.583825	-8195.73
766	0.583825	-8190.62
767	0.583825	-8195.62
768	0.583825	-8193.82
769	0.583825	-8194.53
770	0.583825	-8188.5
771	0.583825	-8193.43
772	0.583825	-8194.36
773	0.583825	-8192.01
774	0.583825	-8190.55
775	0.583825	-8195.85
776	0.583825	-8202.62
777	0.583825	-8197.26
778	0.583825	-8196.93
779	0.583825	-8195.24
780	0.583825	-8190.99
781	0.583825	-8191.83
782	0.583825	-8200.44
783	0.583825	-8191.46
784	0.583825	-8187.2
785	0.583825	-8197.05
786	0.583825	-8186.11
787	0.583825	-8181.88
788	0.583825	-8183.17
789	0.583825	-8185.37
790	0.583825	-8186.6
791	0.583825	-8186.75
792	0.583825	-8192.37
793	0.583825	-8196.5
794	0.583825	-8200.42
795	0.583825	-8189.38
796	0.583825	-8188.83
797	0.583825	-8181.19
798	0.583825	-8178.49
799	0.583825	-8187.22
800	0.583825	-8183.79
801	0.583825	-8185.61
802	0.583825	-8183.26
803	0.583825	-8184.61
804	0.583825	-8182.12
805	0.583825	-8175.83
806	0.583825	-8179.21
807	0.583825	-8187.52
808	0.583825	-8189.9
809	0.583825	-8201.77
810	0.583825	-8196.98
811	0.583825	-8189.95
812	0.583825	-8184.3
813	0.583825	-8198.33
814	0.583825	-8196.74
815	0.583825	-8203.89
816	0.583825	-8198.32
817	0.583825	-8193.59
818	0.583825	-8189.17
819	0.583825	-8191.82
820	0.583825	-8187.93
821	0.583825	-8189.55
822	0.583825	-8195.79
823	0.583825	-8188.91
824	0.583825	-8186.65
825	0.583825	-8190.49
826	0.583825	-8186.95
827	0.583825	-8189.42
828	0.583825	-8192.03
829	0.583825	-8192.19
830	0.583825	-8191.91
831	0.583825	-8188.14
832	0.583825	-8184.26
833	0.583825	-8185.93
834	0.583825	-8188.4
835	0.583825	-8179.98
836	0.583825	-8182.02
837	0.583825	-8184.39
838	0.583825	-8184.98
839	0.583825	-8189.78
840	0.583825	-8184.69
841	0.583825	-8194.95
842	0.583825	-8193.88
843	0.583825	-8181.62
844	0.583825	-8183.4
845	0.583825	-8185.41
846	0.583825	-8189.65
847	0.583825	-8193.24
848	0.583825	-8190.3
849	0.583825	-8184.45
850	0.583825	-8196.31
851	0.583825	-8197.66
852	0.583825	-8201.62
853	0.583825	-8198.34
854	0.583825	-8191.48
855	0.583825	-8191.51
856	0.583825	-8206.33
857	0.583825	-8209.45
858	0.583825	-8215.16
859	0.583825	-8209.66
860	0.583825	-8212.96
861	0.583825	-8210.7
862	0.583825	-8208.11
863	0.583825	-8204.93
864	0.583825	-8197.08
865	0.583825	-8198.94
866	0.583825	-8189.93
867	0.583825	-8190.96
868	0.583825	-8190.4
869	0.583825	-8200.18
870	0.583825	-8190.68
871	0.583825	-8194.17
872	0.583825	-8189.52
873	0.583825	-8197.38
874	0.583825	-8200.92
875	0.583825	-8192.78
876	0.583825	-8186.52
877	0.583825	-8184.98
878	0.583825	-8188.28
879	0.583825	-8195.2
880	0.583825	-8201.47
881	0.583825	-8207.27
882	0.583825	-8195.53
883	0.583825	-8196.99
884	0.583825	-8192.12
885	0.583825	-8188.77
886	0.583825	-8187.93
887	0.583825	-8185.86
888	0.583825	-8185.02
889	0.583825	-8185.55
890	0.583825	-8188
891	0.583825	-8182.74
892	0.583825	-8198.63
893	0.583825	-8194.29
894	0.583825	-8191.44
895	0.583825	-8195.08
896	0.583825	-8190.81
897	0.583825	-8186.95
898	0.583825	-8184.09
899	0.583825	-8181.53
900	0.583825	-8180.87
901	0.583825	-8186.21
902	0.583825	-8180.88
903	0.583825	-8175.97
904	0.583825	-8174.11
905	0.583825	-8177.77
906	0.583825	-8177.65
907	0.583825	-8176.34
908	0.583825	-8179.63
909	0.583825	-8184.18
910	0.583825	-8190.21
911	0.583825	-8192.16
912	0.583825	-8187.53
913	0.583825	-8187.4
914	0.583825	-8180.55
915	0.583825	-8178.4
916	0.583825	-8179.87
917	0.583825	-8179.48
918	0.583825	-8174.03
919	0.583825	-8184.3
920	0.583825	-8187.07
921	0.583825	-8185.5
922	0.583825	-8195.54
923	0.583825	-8197.85
924	0.583825	-8193.62
925	0.583825	-8201.4
926	0.583825	-8200.46
927	0.583825	-8195.92
928	0.583825	-8198.72
929	0.583825	-8194.58
930	0.583825	-8195.97
931	0.583825	-8184.5
932	0.583825	-8184.7
933	0.583825	-8189.88
934	0.583825	-8192.86
935	0.583825	-8188.32
936	0.583825	-8187.15
937	0.583825	-8182.84
938	0.583825	-8191.74
939	0.583825	-8200.4
940	0.583825	-8197.39
941	0.583825	-8193.11
942	0.583825	-8201.11
943	0.583825	-8188.7
944	0.583825	-8190.94
945	0.583825	-8184.93
946	0.583825	-8179.55
947	0.583825	-8187.46
948	0.583825	-8188.1
949	0.583825	-8187.98
950	0.583825	-8183.61
951	0.583825	-8187.55
952	0.583825	-8186.04
953	0.583825	-8182.97
954	0.583825	-8182.92
955	0.583825	-8193.17
956	0.583825	-8196.61
957	0.583825	-8195.27
958	0.583825	-8188.64
959	0.583825	-8194
960	0.583825	-8193.28
961	0.583825	-8200.64
962	0.583825	-8196.96
963	0.583825	-8198.64
964	0.583825	-8194.75
965	0.583825	-8200.44
966	0.583825	-8194.73
967	0.583825	-8195.81
968	0.583825	-8182.5
969	0.583825	-8182.01
970	0.583825	-8182.43
971	0.583825	-8187.45
972	0.583825	-8185.45
973	0.583825	-8184.22
974	0.583825	-8185.49
975	0.583825	-8179.44
976	0.583825	-8180.82
977	0.583825	-8182.24
978	0.583825	-8185.48
979	0.583825	-8184.57
980	0.583825	-8187.36
981	0.583825	-8196.56
982	0.583825	-8200.51
983	0.583825	-8200.94
984	0.583825	-8194.46
985	0.583825	-8198.51
986	0.583825	-8196.01
987	0.583825	-8191.64
988	0.583825	-8188.96
989	0.583825	-8197.71
990	0.583825	-8194.35
991	0.583825	-8185.09
992	0.583825	-8189.72
993	0.583825	-8197.67
994	0.583825	-8191.9
995	0.583825	-8187.37
996	0.583825	-8186.74
997	0.583825	-8187.4
998	0.583825	-8191.45
999	0.583825	-8192.82
1000	0.583825	-8190.7
251	0.520429	-8213.82
252	0.520429	-8202.86
253	0.520429	-8196.04
254	0.520429	-8201.85
255	0.520429	-8192.37
256	0.520429	-8191.49
257	0.520429	-8196.61
258	0.520429	-8199.37
259	0.520429	-8193.33
260	0.520429	-8199.4
261	0.520429	-8207.57
262	0.520429	-8207.01
263	0.520429	-8202.41
264	0.520429	-8209.01
265	0.520429	-8192.72
266	0.520429	-8194.61
267	0.520429	-8188.75
268	0.520429	-8194.04
269	0.520429	-8196.59
270	0.520429	-8197.44
271	0.520429	-8193.91
272	0.520429	-8194.34
273	0.520429	-8192.13
274	0.520429	-8188
275	0.520429	-8195.73
276	0.520429	-8200.53
277	0.520429	-8203.23
278	0.520429	-8189.37
279	0.520429	-8192.28
280	0.520429	-8184.59
281	0.520429	-8181.9
282	0.520429	-8177.45
283	0.520429	-8190.46
284	0.520429	-8196.51
285	0.520429	-8188.57
286	0.520429	-8185.39
287	0.520429	-8203.7
288	0.520429	-8186.24
289	0.520429	-8198.41
290	0.520429	-8192.99
291	0.520429	-8190.32
292	0.520429	-8185.35
293	0.520429	-8185.38
294	0.520429	-8187.97
295	0.520429	-8195.75
296	0.520429	-8199.01
297	0.520429	-8182.64
298	0.520429	-8186.72
299	0.520429	-8195.29
300	0.520429	-8194.09
301	0.520429	-8195.28
302	0.520429	-8191.83
303	0.520429	-8199.32
304	0.520429	-8200.14
305	0.520429	-8193.57
306	0.520429	-8195.28
307	0.520429	-8192.68
308	0.520429	-8192.69
309	0.520429	-8191.03
310	0.520429	-8194.38
311	0.520429	-8198.04
312	0.520429	-8190.14
313	0.520429	-8186.12
314	0.520429	-8186.39
315	0.520429	-8193.74
316	0.520429	-8187.89
317	0.520429	-8184.15
318	0.520429	-8189.24
319	0.520429	-8192.06
320	0.520429	-8201.68
321	0.520429	-8203.67
322	0.520429	-8189.16
323	0.520429	-8198.8
324	0.520429	-8188.87
325	0.520429	-8192.02
326	0.520429	-8197.4
327	0.520429	-8202.4
328	0.520429	-8192.16
329	0.520429	-8202.54
330	0.520429	-8205
331	0.520429	-8207.01
332	0.520429	-8204.43
333	0.520429	-8205.89
334	0.520429	-8197.18
335	0.520429	-8190.94
336	0.520429	-8191.27
337	0.520429	-8194.68
338	0.520429	-8192.39
339	0.520429	-8197.19
340	0.520429	-8188.51
341	0.520429	-8192.38
342	0.520429	-8194.21
343	0.520429	-8197.77
344	0.520429	-8200.01
345	0.520429	-8201.5
346	0.520429	-8198.87
347	0.520429	-8205.63
348	0.520429	-8197.47
349	0.520429	-8189.72
350	0.520429	-8184.76
351	0.520429	-8193.01
352	0.520429	-8197.77
353	0.520429	-8195.11
354	0.520429	-8185.16
355	0.520429	-8187.99
356	0.520429	-8192.59
357	0.520429	-8186.57
358	0.520429	-8187.29
359	0.520429	-8187.21
360	0.520429	-8188.96
361	0.520429	-8186.05
362	0.520429	-8184.04
363	0.520429	-8184.04
364	0.520429	-8186.34
365	0.520429	-8182.23
366	0.520429	-8193.72
367	0.520429	-8189.91
368	0.520429	-8189.43
369	0.520429	-8190.35
370	0.520429	-8188.36
371	0.520429	-8189.93
372	0.520429	-8185.99
373	0.520429	-8187.7
374	0.520429	-8192.02
375	0.520429	-8187.43
376	0.520429	-8198.62
377	0.520429	-8199.53
378	0.520429	-8206.6
379	0.520429	-8208.53
380	0.520429	-8209.57
381	0.520429	-8191.4
382	0.520429	-8187.54
383	0.520429	-8187.95
384	0.520429	-8184.97
385	0.520429	-8191.46
386	0.520429	-8186.96
387	0.520429	-8186.44
388	0.520429	-8190.87
389	0.520429	-8192.99
390	0.520429	-8199.44
391	0.520429	-8195.92
392	0.520429	-8193.38
393	0.520429	-8194.04
394	0.520429	-8191.1
395	0.520429	-8196.44
396	0.520429	-8203.94
397	0.520429	-8192.53
398	0.520429	-8195.49
399	0.520429	-8196.23
400	0.520429	-8199.93
401	0.520429	-8196.04
402	0.520429	-8184.49
403	0.520429	-8184.63
404	0.520429	-8187.53
405	0.520429	-8192.97
406	0.520429	-8189.05
407	0.520429	-8194.83
408	0.520429	-8193.06
409	0.520429	-8192.89
410	0.520429	-8198.08
411	0.520429	-8203.29
412	0.520429	-8195.45
413	0.520429	-8189.68
414	0.520429	-8183.45
415	0.520429	-8191.65
416	0.520429	-8187.33
417	0.520429	-8185.38
418	0.520429	-8191.37
419	0.520429	-8192.03
420	0.520429	-8184.3
421	0.520429	-8188.59
422	0.520429	-8193.98
423	0.520429	-8186.33
424	0.520429	-8186.66
425	0.520429	-8191.08
426	0.520429	-8198.26
427	0.520429	-8190.97
428	0.520429	-8184.77
429	0.520429	-8189.87
430	0.520429	-8185.27
431	0.520429	-8186.26
432	0.520429	-8184.14
433	0.520429	-8187.19
434	0.520429	-8187.36
435	0.520429	-8186.42
436	0.520429	-8182.73
437	0.520429	-8184.01
438	0.520429	-8192.1
439	0.520429	-8195.46
440	0.520429	-8189.59
441	0.520429	-8190.06
442	0.520429	-8195.66
443	0.520429	-8187.93
444	0.520429	-8183.76
445	0.520429	-8183.45
446	0.520429	-8186.76
447	0.520429	-8188.76
448	0.520429	-8194.1
449	0.520429	-8188.52
450	0.520429	-8187.49
451	0.520429	-8189.02
452	0.520429	-8182.04
453	0.520429	-8189.22
454	0.520429	-8190.53
455	0.520429	-8190.61
456	0.520429	-8205.15
457	0.520429	-8200.28
458	0.520429	-8195.25
459	0.520429	-8192.65
460	0.520429	-8198.6
461	0.520429	-8205.42
462	0.520429	-8213.79
463	0.520429	-8207.79
464	0.520429	-8208.63
465	0.520429	-8207
466	0.520429	-8197.1
467	0.520429	-8212.25
468	0.520429	-8211.85
469	0.520429	-8203.35
470	0.520429	-8204.05
471	0.520429	-8202.16
472	0.520429	-8198.64
473	0.520429	-8205.38
474	0.520429	-8202.75
475	0.520429	-8182.81
476	0.520429	-8184.35
477	0.520429	-8185.57
478	0.520429	-8183.38
479	0.520429	-8191.78
480	0.520429	-8200.01
481	0.520429	-8191.92
482	0.520429	-8187.33
483	0.520429	-8191.84
484	0.520429	-8195.68
485	0.520429	-8182.19
486	0.520429	-8191.02
487	0.520429	-8191.85
488	0.520429	-8197.29
489	0.520429	-8188.67
490	0.520429	-8185.63
491	0.520429	-8192.66
492	0.520429	-8182.88
493	0.520429	-8185.62
494	0.520429	-8183.19
495	0.520429	-8191.75
496	0.520429	-8193.74
497	0.520429	-8190.37
498	0.520429	-8188.11
499	0.520429	-8181.46
500	0.520429	-8193.03
501	0.520429	-8187.31
502	0.520429	-8207.17
503	0.520429	-8198.72
504	0.520429	-8188.6
505	0.520429	-8202.33
506	0.520429	-8196.5
507	0.520429	-8185.58
508	0.520429	-8189.84
509	0.520429	-8187.14
510	0.520429	-8186.43
511	0.520429	-8187.65
512	0.520429	-8191.35
513	0.520429	-8189.75
514	0.520429	-8188.63
515	0.520429	-8190.65
516	0.520429	-8197.41
517	0.520429	-8197.97
518	0.520429	-8196.72
519	0.520429	-8190.7
520	0.520429	-8187.69
521	0.520429	-8199.65
522	0.520429	-8192.88
523	0.520429	-8195.19
524	0.520429	-8197.39
525	0.520429	-8188.46
526	0.520429	-8188.43
527	0.520429	-8195.98
528	0.520429	-8187.11
529	0.520429	-8213.12
530	0.520429	-8200.75
531	0.520429	-8195.24
532	0.520429	-8190.13
533	0.520429	-8192.81
534	0.520429	-8187.71
535	0.520429	-8191.22
536	0.520429	-8190.32
537	0.520429	-8190.33
538	0.520429	-8181.47
539	0.520429	-8187.36
540	0.520429	-8186.88
541	0.520429	-8190.25
542	0.520429	-8192.76
543	0.520429	-8192.79
544	0.520429	-8192.41
545	0.520429	-8187.99
546	0.520429	-8191.51
547	0.520429	-8182.33
548	0.520429	-8187.11
549	0.520429	-8186.86
550	0.520429	-8186.98
551	0.520429	-8193.72
552	0.520429	-8198.89
553	0.520429	-8192.51
554	0.520429	-8194.87
555	0.520429	-8180.55
556	0.520429	-8180.98
557	0.520429	-8180.75
558	0.520429	-8178.54
559	0.520429	-8189.07
560	0.520429	-8189.53
561	0.520429	-8185.19
562	0.520429	-8190.02
563	0.520429	-8189.71
564	0.520429	-8192.49
565	0.520429	-8199.07
566	0.520429	-8201.97
567	0.520429	-8198.8
568	0.520429	-8181.73
569	0.520429	-8184.26
570	0.520429	-8185.94
571	0.520429	-8186.5
572	0.520429	-8188.54
573	0.520429	-8193.34
574	0.520429	-8204.92
575	0.520429	-8205.06
576	0.520429	-8213.57
577	0.520429	-8202.65
578	0.520429	-8192.31
579	0.520429	-8188.76
580	0.520429	-8186.15
581	0.520429	-8188.11
582	0.520429	-8194.18
583	0.520429	-8195.4
584	0.520429	-8196.93
585	0.520429	-8194.54
586	0.520429	-8190.76
587	0.520429	-8182.85
588	0.520429	-8187.5
589	0.520429	-8192.13
590	0.520429	-8187.12
591	0.520429	-8188.32
592	0.520429	-8188.41
593	0.520429	-8181.12
594	0.520429	-8198.87
595	0.520429	-8193.57
596	0.520429	-8201.65
597	0.520429	-8199.06
598	0.520429	-8204.12
599	0.520429	-8203.08
600	0.520429	-8203.42
601	0.520429	-8197.82
602	0.520429	-8205.75
603	0.520429	-8213.36
604	0.520429	-8188.75
605	0.520429	-8195.49
606	0.520429	-8192.35
607	0.520429	-8201.13
608	0.520429	-8198.77
609	0.520429	-8194.54
610	0.520429	-8196.74
611	0.520429	-8194.11
612	0.520429	-8190.17
613	0.520429	-8197.41
614	0.520429	-8197.21
615	0.520429	-8193.11
616	0.520429	-8191.1
617	0.520429	-8195.72
618	0.520429	-8198.96
619	0.520429	-8196.44
620	0.520429	-8204.6
621	0.520429	-8201.1
622	0.520429	-8199.45
623	0.520429	-8184.97
624	0.520429	-8180.42
625	0.520429	-8191.66
626	0.520429	-8188.79
627	0.520429	-8186.23
628	0.520429	-8193.35
629	0.520429	-8192.15
630	0.520429	-8190.3
631	0.520429	-8194.61
632	0.520429	-8185.87
633	0.520429	-8190.04
634	0.520429	-8199.52
635	0.520429	-8197.99
636	0.520429	-8194.62
637	0.520429	-8189.53
638	0.520429	-8189.23
639	0.520429	-8194.07
640	0.520429	-8191.48
641	0.520429	-8189.76
642	0.520429	-8187.15
643	0.520429	-8185.8
644	0.520429	-8195.49
645	0.520429	-8198.84
646	0.520429	-8184.08
647	0.520429	-8186.3
648	0.520429	-8190.59
649	0.520429	-8199.68
650	0.520429	-8191.22
651	0.520429	-8202.02
652	0.520429	-8207.98
653	0.520429	-8187.53
654	0.520429	-8196.68
655	0.520429	-8181.32
656	0.520429	-8191.83
657	0.520429	-8189.12
658	0.520429	-8186.71
659	0.520429	-8185.56
660	0.520429	-8187.26
661	0.520429	-8184.62
662	0.520429	-8186.24
663	0.520429	-8184.87
664	0.520429	-8191.2
665	0.520429	-8195.49
666	0.520429	-8186.79
667	0.520429	-8181.59
668	0.520429	-8189.03
669	0.520429	-8183.84
670	0.520429	-8194.78
671	0.520429	-8192.93
672	0.520429	-8193.74
673	0.520429	-8192.48
674	0.520429	-8188.04
675	0.520429	-8193.58
676	0.520429	-8186.85
677	0.520429	-8192.81
678	0.520429	-8204.47
679	0.520429	-8203.16
680	0.520429	-8204.57
681	0.520429	-8200.93
682	0.520429	-8193.96
683	0.520429	-8192.46
684	0.520429	-8196.86
685	0.520429	-8194.91
686	0.520429	-8203.44
687	0.520429	-8199.89
688	0.520429	-8189.78
689	0.520429	-8191.66
690	0.520429	-8191.79
691	0.520429	-8190.22
692	0.520429	-8193.96
693	0.520429	-8193.3
694	0.520429	-8189.73
695	0.520429	-8185.34
696	0.520429	-8190.21
697	0.520429	-8198.43
698	0.520429	-8192.44
699	0.520429	-8192.43
700	0.520429	-8190.06
701	0.520429	-8192.75
702	0.520429	-8215.62
703	0.520429	-8211.25
704	0.520429	-8199.94
705	0.520429	-8197.83
706	0.520429	-8192.66
707	0.520429	-8191.58
708	0.520429	-8180.06
709	0.520429	-8191.27
710	0.520429	-8194.95
711	0.520429	-8191.44
712	0.520429	-8194.71
713	0.520429	-8185.54
714	0.520429	-8203.56
715	0.520429	-8205.12
716	0.520429	-8205.67
717	0.520429	-8209.4
718	0.520429	-8206.3
719	0.520429	-8189.78
720	0.520429	-8190.51
721	0.520429	-8185.14
722	0.520429	-8181.62
723	0.520429	-8180.24
724	0.520429	-8176.9
725	0.520429	-8186.45
726	0.520429	-8189.28
727	0.520429	-8182.95
728	0.520429	-8183.39
729	0.520429	-8183.81
730	0.520429	-8187.19
731	0.520429	-8194.53
732	0.520429	-8180.24
733	0.520429	-8186.37
734	0.520429	-8181.68
735	0.520429	-8198.53
736	0.520429	-8182.91
737	0.520429	-8173.73
738	0.520429	-8182.32
739	0.520429	-8192.68
740	0.520429	-8193.91
741	0.520429	-8187.51
742	0.520429	-8201.67
743	0.520429	-8197.38
744	0.520429	-8205.08
745	0.520429	-8213.85
746	0.520429	-8198.04
747	0.520429	-8192.89
748	0.520429	-8204.77
749	0.520429	-8201.22
750	0.520429	-8202.66
751	0.520429	-8196.59
752	0.520429	-8191.98
753	0.520429	-8184.15
754	0.520429	-8185.3
755	0.520429	-8191.61
756	0.520429	-8197.16
757	0.520429	-8196.52
758	0.520429	-8205.01
759	0.520429	-8206.64
760	0.520429	-8209.08
761	0.520429	-8203.98
762	0.520429	-8186.51
763	0.520429	-8182.21
764	0.520429	-8181.31
765	0.520429	-8186.05
766	0.520429	-8188.5
767	0.520429	-8186.87
768	0.520429	-8192.44
769	0.520429	-8188.1
770	0.520429	-8189.06
771	0.520429	-8197.3
772	0.520429	-8190.93
773	0.520429	-8189.63
774	0.520429	-8184.45
775	0.520429	-8199.61
776	0.520429	-8192.52
777	0.520429	-8183.48
778	0.520429	-8191.76
779	0.520429	-8191.68
780	0.520429	-8188.54
781	0.520429	-8199.51
782	0.520429	-8194.37
783	0.520429	-8202.64
784	0.520429	-8189.66
785	0.520429	-8197.02
786	0.520429	-8193.55
787	0.520429	-8193.65
788	0.520429	-8195.72
789	0.520429	-8198.09
790	0.520429	-8183.87
791	0.520429	-8183.54
792	0.520429	-8186.14
793	0.520429	-8190.62
794	0.520429	-8184.86
795	0.520429	-8193
796	0.520429	-8195.26
797	0.520429	-8183.71
798	0.520429	-8188.96
799	0.520429	-8197.19
800	0.520429	-8194.96
801	0.520429	-8200.1
802	0.520429	-8197.69
803	0.520429	-8188.66
804	0.520429	-8185.22
805	0.520429	-8190.89
806	0.520429	-8180.8
807	0.520429	-8184.37
808	0.520429	-8187.48
809	0.520429	-8188.24
810	0.520429	-8186.29
811	0.520429	-8188.62
812	0.520429	-8189.26
813	0.520429	-8183.62
814	0.520429	-8184.04
815	0.520429	-8198.14
816	0.520429	-8190.48
817	0.520429	-8204.9
818	0.520429	-8191.32
819	0.520429	-8190.78
820	0.520429	-8189.03
821	0.520429	-8190.7
822	0.520429	-8202.53
823	0.520429	-8190.19
824	0.520429	-8183.4
825	0.520429	-8188.25
826	0.520429	-8188.53
827	0.520429	-8190.39
828	0.520429	-8192.39
829	0.520429	-8196.75
830	0.520429	-8210.72
831	0.520429	-8199.94
832	0.520429	-8198.9
833	0.520429	-8190.25
834	0.520429	-8203.12
835	0.520429	-8201.93
836	0.520429	-8191.94
837	0.520429	-8203.73
838	0.520429	-8201.69
839	0.520429	-8203.91
840	0.520429	-8195.06
841	0.520429	-8198.29
842	0.520429	-8194.61
843	0.520429	-8192.77
844	0.520429	-8183.81
845	0.520429	-8176.45
846	0.520429	-8176.15
847	0.520429	-8181.63
848	0.520429	-8188.5
849	0.520429	-8188.98
850	0.520429	-8194.16
851	0.520429	-8199.37
852	0.520429	-8197.72
853	0.520429	-8189.11
854	0.520429	-8199.94
855	0.520429	-8200.06
856	0.520429	-8195.5
857	0.520429	-8199.58
858	0.520429	-8183.98
859	0.520429	-8176.65
860	0.520429	-8186.42
861	0.520429	-8186.84
862	0.520429	-8195.08
863	0.520429	-8192.35
864	0.520429	-8193.1
865	0.520429	-8195.55
866	0.520429	-8191.46
867	0.520429	-8193.99
868	0.520429	-8192.74
869	0.520429	-8195.74
870	0.520429	-8196.28
871	0.520429	-8187.81
872	0.520429	-8190.98
873	0.520429	-8193.65
874	0.520429	-8188.91
875	0.520429	-8186.86
876	0.520429	-8187.53
877	0.520429	-8186.39
878	0.520429	-8176.01
879	0.520429	-8183.36
880	0.520429	-8194.8
881	0.520429	-8192.67
882	0.520429	-8195.74
883	0.520429	-8199.26
884	0.520429	-8196.84
885	0.520429	-8202.19
886	0.520429	-8212.28
887	0.520429	-8215.09
888	0.520429	-8203.84
889	0.520429	-8216.93
890	0.520429	-8204.21
891	0.520429	-8202.83
892	0.520429	-8200.59
893	0.520429	-8197.06
894	0.520429	-8184.22
895	0.520429	-8184.76
896	0.520429	-8186.59
897	0.520429	-8185.96
898	0.520429	-8195.91
899	0.520429	-8192.91
900	0.520429	-8187.34
901	0.520429	-8199.56
902	0.520429	-8199.77
903	0.520429	-8201.9
904	0.520429	-8204.27
905	0.520429	-8200.64
906	0.520429	-8206.68
907	0.520429	-8203.17
908	0.520429	-8197.68
909	0.520429	-8201.34
910	0.520429	-8199.82
911	0.520429	-8211.13
912	0.520429	-8205.18
913	0.520429	-8194.41
914	0.520429	-8183.61
915	0.520429	-8194.97
916	0.520429	-8190.73
917	0.520429	-8193.75
918	0.520429	-8186.46
919	0.520429	-8185.83
920	0.520429	-8186.26
921	0.520429	-8185.23
922	0.520429	-8191.23
923	0.520429	-8191.8
924	0.520429	-8184.44
925	0.520429	-8194.62
926	0.520429	-8194.55
927	0.520429	-8205.7
928	0.520429	-8199.71
929	0.520429	-8201.36
930	0.520429	-8204.08
931	0.520429	-8183.1
932	0.520429	-8185.49
933	0.520429	-8179.69
934	0.520429	-8187.97
935	0.520429	-8186.7
936	0.520429	-8186.61
937	0.520429	-8196.84
938	0.520429	-8193.05
939	0.520429	-8184.32
940	0.520429	-8183.21
941	0.520429	-8185.9
942	0.520429	-8193.11
943	0.520429	-8193.84
944	0.520429	-8186.83
945	0.520429	-8181.81
946	0.520429	-8186.51
947	0.520429	-8183.33
948	0.520429	-8186.01
949	0.520429	-8179.41
950	0.520429	-8192.36
951	0.520429	-8185.18
952	0.520429	-8188.74
953	0.520429	-8182.42
954	0.520429	-8201.15
955	0.520429	-8191.83
956	0.520429	-8192.87
957	0.520429	-8194.03
958	0.520429	-8200.58
959	0.520429	-8200.24
960	0.520429	-8197.02
961	0.520429	-8196.7
962	0.520429	-8190.11
963	0.520429	-8190.18
964	0.520429	-8187.4
965	0.520429	-8182.21
966	0.520429	-8177.9
967	0.520429	-8185.71
968	0.520429	-8187.24
969	0.520429	-8190.96
970	0.520429	-8191.38
971	0.520429	-8191.55
972	0.520429	-8187.14
973	0.520429	-8194
974	0.520429	-8190.94
975	0.520429	-8195.5
976	0.520429	-8195.93
977	0.520429	-8204.24
978	0.520429	-8191.97
979	0.520429	-8197.52
980	0.520429	-8194.28
981	0.520429	-8191.89
982	0.520429	-8187.19
983	0.520429	-8200.55
984	0.520429	-8202.2
985	0.520429	-8200.38
986	0.520429	-8212.44
987	0.520429	-8203.06
988	0.520429	-8199.57
989	0.520429	-8196.8
990	0.520429	-8204.32
991	0.520429	-8200.21
992	0.520429	-8212.36
993	0.520429	-8205.31
994	0.520429	-8204.15
995	0.520429	-8204.38
996	0.520429	-8194.81
997	0.520429	-8202.86
998	0.520429	-8203
999	0.520429	-8207.26
1000	0.520429	-8199.29
251	0.462664	-8186.34
252	0.462664	-8184.27
253	0.462664	-8187.72
254	0.462664	-8190.07
255	0.462664	-8189.41
256	0.462664	-8192.16
257	0.462664	-8191.45
258	0.462664	-8191.36
259	0.462664	-8201.66
260	0.462664	-8206.16
261	0.462664	-8197.53
262	0.462664	-8192.21
263	0.462664	-8192.32
264	0.462664	-8187.29
265	0.462664	-8186.99
266	0.462664	-8185.81
267	0.462664	-8191.29
268	0.462664	-8201.69
269	0.462664	-8213.23
270	0.462664	-8210.67
271	0.462664	-8208.57
272	0.462664	-8209.29
273	0.462664	-8202.9
274	0.462664	-8201.58
275	0.462664	-8200.9
276	0.462664	-8190.84
277	0.462664	-8193.7
278	0.462664	-8190.2
279	0.462664	-8185.15
280	0.462664	-8185.92
281	0.462664	-8192.79
282	0.462664	-8188.34
283	0.462664	-8188.1
284	0.462664	-8192.74
285	0.462664	-8184.46
286	0.462664	-8185.24
287	0.462664	-8188.5
288	0.462664	-8186.27
289	0.462664	-8189.79
290	0.462664	-8195.45
291	0.462664	-8187.64
292	0.462664	-8184.73
293	0.462664	-8187.22
294	0.462664	-8197.3
295	0.462664	-8197.16
296	0.462664	-8206.73
297	0.462664	-8213.25
298	0.462664	-8217.11
299	0.462664	-8202.83
300	0.462664	-8199.96
301	0.462664	-8195.05
302	0.462664	-8193.82
303	0.462664	-8202.29
304	0.462664	-8207.98
305	0.462664	-8202.16
306	0.462664	-8198.06
307	0.462664	-8193.04
308	0.462664	-8189.33
309	0.462664	-8185.92
310	0.462664	-8191.13
311	0.462664	-8181.8
312	0.462664	-8186.58
313	0.462664	-8199.12
314	0.462664	-8197.58
315	0.462664	-8187.45
316	0.462664	-8191.29
317	0.462664	-8203.88
318	0.462664	-8206.35
319	0.462664	-8208.96
320	0.462664	-8220.93
321	0.462664	-8219.09
322	0.462664	-8225.17
323	0.462664	-8206.31
324	0.462664	-8198.01
325	0.462664	-8198.26
326	0.462664	-8199.95
327	0.462664	-8204.32
328	0.462664	-8198.01
329	0.462664	-8195.23
330	0.462664	-8199.4
331	0.462664	-8189.7
332	0.462664	-8189.08
333	0.462664	-8186.77
334	0.462664	-8197.63
335	0.462664	-8197.21
336	0.462664	-8195.49
337	0.462664	-8180.23
338	0.462664	-8187.05
339	0.462664	-8191.49
340	0.462664	-8190.19
341	0.462664	-8191.38
342	0.462664	-8203.08
343	0.462664	-8191.95
344	0.462664	-8198.37
345	0.462664	-8194.41
346	0.462664	-8218.95
347	0.462664	-8200.38
348	0.462664	-8198.55
349	0.462664	-8204.93
350	0.462664	-8201.04
351	0.462664	-8201.86
352	0.462664	-8193.36
353	0.462664	-8207.17
354	0.462664	-8203.87
355	0.462664	-8200.4
356	0.462664	-8190.59
357	0.462664	-8194.46
358	0.462664	-8188.98
359	0.462664	-8196.48
360	0.462664	-8198.99
361	0.462664	-8195.61
362	0.462664	-8192.28
363	0.462664	-8196.09
364	0.462664	-8192.5
365	0.462664	-8183.82
366	0.462664	-8195.46
367	0.462664	-8199.9
368	0.462664	-8200.07
369	0.462664	-8197.82
370	0.462664	-8204.52
371	0.462664	-8199.02
372	0.462664	-8198.65
373	0.462664	-8194.95
374	0.462664	-8196.36
375	0.462664	-8203.55
376	0.462664	-8194.81
377	0.462664	-8193.72
378	0.462664	-8195.95
379	0.462664	-8210.65
380	0.462664	-8222.09
381	0.462664	-8215.04
382	0.462664	-8196.53
383	0.462664	-8207.56
384	0.462664	-8223.58
385	0.462664	-8213.21
386	0.462664	-8206.41
387	0.462664	-8204.27
388	0.462664	-8204.12
389	0.462664	-8213.82
390	0.462664	-8204.86
391	0.462664	-8212.58
392	0.462664	-8210.43
393	0.462664	-8206.12
394	0.462664	-8208.95
395	0.462664	-8207.9
396	0.462664	-8203.02
397	0.462664	-8193
398	0.462664	-8201.92
399	0.462664	-8200.13
400	0.462664	-8195.9
401	0.462664	-8197.01
402	0.462664	-8193.16
403	0.462664	-8208.89
404	0.462664	-8192.29
405	0.462664	-8206.65
406	0.462664	-8204.39
407	0.462664	-8198.36
408	0.462664	-8200.34
409	0.462664	-8202.04
410	0.462664	-8211.25
411	0.462664	-8213.77
412	0.462664	-8196.65
413	0.462664	-8204.09
414	0.462664	-8196.46
415	0.462664	-8204
416	0.462664	-8188.95
417	0.462664	-8186.61
418	0.462664	-8192.04
419	0.462664	-8188.7
420	0.462664	-8195.91
421	0.462664	-8194.69
422	0.462664	-8202.5
423	0.462664	-8198.6
424	0.462664	-8203.63
425	0.462664	-8211.49
426	0.462664	-8189.65
427	0.462664	-8196.47
428	0.462664	-8198.02
429	0.462664	-8201.26
430	0.462664	-8203.33
431	0.462664	-8198.08
432	0.462664	-8187.35
433	0.462664	-8189.37
434	0.462664	-8193.55
435	0.462664	-8194.97
436	0.462664	-8191.33
437	0.462664	-8191.56
438	0.462664	-8201.53
439	0.462664	-8208.05
440	0.462664	-8209.66
441	0.462664	-8196.17
442	0.462664	-8197.59
443	0.462664	-8192.35
444	0.462664	-8192.87
445	0.462664	-8188.62
446	0.462664	-8187.62
447	0.462664	-8192.68
448	0.462664	-8187.15
449	0.462664	-8200.87
450	0.462664	-8199.71
451	0.462664	-8191.24
452	0.462664	-8198.75
453	0.462664	-8201.43
454	0.462664	-8202.98
455	0.462664	-8191.23
456	0.462664	-8193.17
457	0.462664	-8192.89
458	0.462664	-8194.04
459	0.462664	-8212.51
460	0.462664	-8194.88
461	0.462664	-8198.17
462	0.462664	-8194.03
463	0.462664	-8194.46
464	0.462664	-8193.03
465	0.462664	-8196.38
466	0.462664	-8190.48
467	0.462664	-8191.01
468	0.462664	-8183.61
469	0.462664	-8187.93
470	0.462664	-8189.7
471	0.462664	-8188.52
472	0.462664	-8201.76
473	0.462664	-8190.92
474	0.462664	-8199.36
475	0.462664	-8194.95
476	0.462664	-8204.42
477	0.462664	-8196.84
478	0.462664	-8198.58
479	0.462664	-8205.52
480	0.462664	-8194.01
481	0.462664	-8207.22
482	0.462664	-8210.48
483	0.462664	-8206
484	0.462664	-8212.66
485	0.462664	-8206.91
486	0.462664	-8216.64
487	0.462664	-8211.52
488	0.462664	-8206.02
489	0.462664	-8212.86
490	0.462664	-8208.41
491	0.462664	-8212.51
492	0.462664	-8202.25
493	0.462664	-8215.54
494	0.462664	-8219.34
495	0.462664	-8200.07
496	0.462664	-8202.49
497	0.462664	-8196.03
498	0.462664	-8194.42
499	0.462664	-8204.49
500	0.462664	-8211.28
501	0.462664	-8201.77
502	0.462664	-8198.09
503	0.462664	-8199.84
504	0.462664	-8198.24
505	0.462664	-8187.97
506	0.462664	-8191.27
507	0.462664	-8191.77
508	0.462664	-8194.01
509	0.462664	-8214.1
510	0.462664	-8218.16
511	0.462664	-8215.42
512	0.462664	-8216.89
513	0.462664	-8206.71
514	0.462664	-8205.06
515	0.462664	-8195.6
516	0.462664	-8197.5
517	0.462664	-8201.31
518	0.462664	-8191.11
519	0.462664	-8195.65
520	0.462664	-8196.13
521	0.462664	-8197.77
522	0.462664	-8195.21
523	0.462664	-8196.09
524	0.462664	-8201.98
525	0.462664	-8203
526	0.462664	-8194.15
527	0.462664	-8196.02
528	0.462664	-8197.86
529	0.462664	-8196.07
530	0.462664	-8197.68
531	0.462664	-8195.42
532	0.462664	-8204.17
533	0.462664	-8197.98
534	0.462664	-8198.12
535	0.462664	-8208.19
536	0.462664	-8210.76
537	0.462664	-8208.36
538	0.462664	-8201.84
539	0.462664	-8207.76
540	0.462664	-8211.18
541	0.462664	-8210.83
542	0.462664	-8191.8
543	0.462664	-8189.82
544	0.462664	-8189.29
545	0.462664	-8191.94
546	0.462664	-8197.05
547	0.462664	-8201.05
548	0.462664	-8201.17
549	0.462664	-8204.5
550	0.462664	-8212.21
551	0.462664	-8221.05
552	0.462664	-8201.36
553	0.462664	-8204.98
554	0.462664	-8211.93
555	0.462664	-8202.43
556	0.462664	-8198.37
557	0.462664	-8208.03
558	0.462664	-8195.65
559	0.462664	-8192.37
560	0.462664	-8192.95
561	0.462664	-8188.66
562	0.462664	-8188.88
563	0.462664	-8198.02
564	0.462664	-8193.46
565	0.462664	-8188.91
566	0.462664	-8198.41
567	0.462664	-8192.39
568	0.462664	-8193.92
569	0.462664	-8199.57
570	0.462664	-8198.66
571	0.462664	-8199.25
572	0.462664	-8203.57
573	0.462664	-8194.79
574	0.462664	-8202.18
575	0.462664	-8204.05
576	0.462664	-8196.14
577	0.462664	-8191.53
578	0.462664	-8190.74
579	0.462664	-8189.22
580	0.462664	-8194.58
581	0.462664	-8199.87
582	0.462664	-8190.97
583	0.462664	-8194.46
584	0.462664	-8203.58
585	0.462664	-8190.25
586	0.462664	-8196.75
587	0.462664	-8189.05
588	0.462664	-8192.19
589	0.462664	-8187.26
590	0.462664	-8188.37
591	0.462664	-8185.92
592	0.462664	-8183.49
593	0.462664	-8190.44
594	0.462664	-8189.07
595	0.462664	-8207.68
596	0.462664	-8196.96
597	0.462664	-8201.04
598	0.462664	-8195.83
599	0.462664	-8198.42
600	0.462664	-8194.97
601	0.462664	-8189.22
602	0.462664	-8202.11
603	0.462664	-8204.41
604	0.462664	-8195.72
605	0.462664	-8202.24
606	0.462664	-8195.4
607	0.462664	-8204.36
608	0.462664	-8197.56
609	0.462664	-8204.64
610	0.462664	-8198.44
611	0.462664	-8201.44
612	0.462664	-8203.12
613	0.462664	-8195.96
614	0.462664	-8198.92
615	0.462664	-8187.93
616	0.462664	-8204.58
617	0.462664	-8202.83
618	0.462664	-8196.46
619	0.462664	-8204.44
620	0.462664	-8197.23
621	0.462664	-8192.32
622	0.462664	-8194.21
623	0.462664	-8189.34
624	0.462664	-8193.06
625	0.462664	-8208.08
626	0.462664	-8207.36
627	0.462664	-8210.56
628	0.462664	-8204.13
629	0.462664	-8191.16
630	0.462664	-8186.47
631	0.462664	-8194.33
632	0.462664	-8197.52
633	0.462664	-8195.63
634	0.462664	-8192.89
635	0.462664	-8193.9
636	0.462664	-8189.55
637	0.462664	-8182.57
638	0.462664	-8185.49
639	0.462664	-8192.5
640	0.462664	-8192.4
641	0.462664	-8195.85
642	0.462664	-8188.13
643	0.462664	-8191.86
644	0.462664	-8209.04
645	0.462664	-8207.46
646	0.462664	-8205.99
647	0.462664	-8213.2
648	0.462664	-8199.32
649	0.462664	-8207.93
650	0.462664	-8198.96
651	0.462664	-8194.36
652	0.462664	-8205.18
653	0.462664	-8220.08
654	0.462664	-8205.45
655	0.462664	-8194.04
656	0.462664	-8194.55
657	0.462664	-8191.4
658	0.462664	-8195.72
659	0.462664	-8206.18
660	0.462664	-8199.23
661	0.462664	-8207.46
662	0.462664	-8199.94
663	0.462664	-8187.59
664	0.462664	-8187.93
665	0.462664	-8204.48
666	0.462664	-8205.52
667	0.462664	-8209.58
668	0.462664	-8213.81
669	0.462664	-8211.87
670	0.462664	-8207.7
671	0.462664	-8200.9
672	0.462664	-8197.17
673	0.462664	-8187.36
674	0.462664	-8195.75
675	0.462664	-8203.47
676	0.462664	-8207
677	0.462664	-8200.22
678	0.462664	-8198.82
679	0.462664	-8191.84
680	0.462664	-8190.97
681	0.462664	-8199.66
682	0.462664	-8200.67
683	0.462664	-8201.19
684	0.462664	-8210.87
685	0.462664	-8206.4
686	0.462664	-8210.94
687	0.462664	-8208.13
688	0.462664	-8208.63
689	0.462664	-8197.76
690	0.462664	-8197.58
691	0.462664	-8201.8
692	0.462664	-8209.74
693	0.462664	-8209.89
694	0.462664	-8195.01
695	0.462664	-8202.19
696	0.462664	-8208.76
697	0.462664	-8192.77
698	0.462664	-8192.97
699	0.462664	-8189.79
700	0.462664	-8189.8
701	0.462664	-8194.58
702	0.462664	-8188.01
703	0.462664	-8191.95
704	0.462664	-8207.28
705	0.462664	-8203.9
706	0.462664	-8205.17
707	0.462664	-8206.99
708	0.462664	-8201.87
709	0.462664	-8214.79
710	0.462664	-8201.83
711	0.462664	-8203.24
712	0.462664	-8196.68
713	0.462664	-8203.54
714	0.462664	-8185.73
715	0.462664	-8187.91
716	0.462664	-8194.71
717	0.462664	-8189.33
718	0.462664	-8190.14
719	0.462664	-8198.69
720	0.462664	-8190.18
721	0.462664	-8180.5
722	0.462664	-8178.49
723	0.462664	-8188.77
724	0.462664	-8186.81
725	0.462664	-8185.86
726	0.462664	-8190.78
727	0.462664	-8191.85
728	0.462664	-8190.24
729	0.462664	-8209.04
730	0.462664	-8194.97
731	0.462664	-8185
732	0.462664	-8184.71
733	0.462664	-8193.74
734	0.462664	-8201.31
735	0.462664	-8191.76
736	0.462664	-8199.01
737	0.462664	-8213.2
738	0.462664	-8203.11
739	0.462664	-8209.95
740	0.462664	-8206.04
741	0.462664	-8204.51
742	0.462664	-8192.24
743	0.462664	-8191.72
744	0.462664	-8199.23
745	0.462664	-8186.11
746	0.462664	-8188.98
747	0.462664	-8191.18
748	0.462664	-8210.28
749	0.462664	-8215.25
750	0.462664	-8211.59
751	0.462664	-8202.76
752	0.462664	-8199.35
753	0.462664	-8193.96
754	0.462664	-8190.33
755	0.462664	-8199.73
756	0.462664	-8197.03
757	0.462664	-8208.73
758	0.462664	-8194.13
759	0.462664	-8198.54
760	0.462664	-8203.92
761	0.462664	-8204.37
762	0.462664	-8207.65
763	0.462664	-8203.03
764	0.462664	-8205
765	0.462664	-8210.7
766	0.462664	-8205.13
767	0.462664	-8226.81
768	0.462664	-8209.42
769	0.462664	-8206.76
770	0.462664	-8208.88
771	0.462664	-8203.9
772	0.462664	-8215.94
773	0.462664	-8206.04
774	0.462664	-8204.42
775	0.462664	-8209.11
776	0.462664	-8207.9
777	0.462664	-8211.71
778	0.462664	-8199.01
779	0.462664	-8191.09
780	0.462664	-8193.32
781	0.462664	-8203.35
782	0.462664	-8207.95
783	0.462664	-8214.76
784	0.462664	-8211.15
785	0.462664	-8204.45
786	0.462664	-8197.03
787	0.462664	-8198.52
788	0.462664	-8204.44
789	0.462664	-8217.68
790	0.462664	-8198.49
791	0.462664	-8197.89
792	0.462664	-8196.71
793	0.462664	-8198.46
794	0.462664	-8195.24
795	0.462664	-8191.92
796	0.462664	-8193.27
797	0.462664	-8189.41
798	0.462664	-8186.76
799	0.462664	-8196.21
800	0.462664	-8190.37
801	0.462664	-8185.77
802	0.462664	-8186.43
803	0.462664	-8182.14
804	0.462664	-8190.01
805	0.462664	-8191.5
806	0.462664	-8193.42
807	0.462664	-8197.08
808	0.462664	-8202.41
809	0.462664	-8197.4
810	0.462664	-8192.14
811	0.462664	-8190.72
812	0.462664	-8196.42
813	0.462664	-8207.99
814	0.462664	-8205.06
815	0.462664	-8193.09
816	0.462664	-8198.39
817	0.462664	-8194.19
818	0.462664	-8194.08
819	0.462664	-8196.06
820	0.462664	-8184.44
821	0.462664	-8194.25
822	0.462664	-8177.99
823	0.462664	-8182.52
824	0.462664	-8186.06
825	0.462664	-8191.95
826	0.462664	-8196.58
827	0.462664	-8211.75
828	0.462664	-8216.16
829	0.462664	-8203.65
830	0.462664	-8210.01
831	0.462664	-8207.78
832	0.462664	-8222.77
833	0.462664	-8218.39
834	0.462664	-8204.05
835	0.462664	-8204.53
836	0.462664	-8206.21
837	0.462664	-8197.27
838	0.462664	-8198.03
839	0.462664	-8207.68
840	0.462664	-8202.06
841	0.462664	-8183.48
842	0.462664	-8180.88
843	0.462664	-8182.69
844	0.462664	-8183.13
845	0.462664	-8184.08
846	0.462664	-8190.81
847	0.462664	-8194.97
848	0.462664	-8188.46
849	0.462664	-8188.33
850	0.462664	-8190.3
851	0.462664	-8196.08
852	0.462664	-8195.91
853	0.462664	-8191.39
854	0.462664	-8188.37
855	0.462664	-8189.25
856	0.462664	-8192.03
857	0.462664	-8185.97
858	0.462664	-8183.23
859	0.462664	-8183.09
860	0.462664	-8188.1
861	0.462664	-8189.77
862	0.462664	-8190.15
863	0.462664	-8191
864	0.462664	-8192.59
865	0.462664	-8201.36
866	0.462664	-8196.67
867	0.462664	-8197.51
868	0.462664	-8191.19
869	0.462664	-8185.16
870	0.462664	-8182.31
871	0.462664	-8200.96
872	0.462664	-8203.85
873	0.462664	-8204.95
874	0.462664	-8199.72
875	0.462664	-8195.14
876	0.462664	-8190.57
877	0.462664	-8186.18
878	0.462664	-8189.77
879	0.462664	-8187.25
880	0.462664	-8184.13
881	0.462664	-8186.33
882	0.462664	-8192.66
883	0.462664	-8201.32
884	0.462664	-8192.02
885	0.462664	-8187.59
886	0.462664	-8182.93
887	0.462664	-8187.39
888	0.462664	-8184.53
889	0.462664	-8184.24
890	0.462664	-8187.33
891	0.462664	-8183.99
892	0.462664	-8193.09
893	0.462664	-8187.4
894	0.462664	-8194.54
895	0.462664	-8196.98
896	0.462664	-8195.44
897	0.462664	-8196.66
898	0.462664	-8192.25
899	0.462664	-8190.94
900	0.462664	-8183.69
901	0.462664	-8188.46
902	0.462664	-8183.86
903	0.462664	-8188.37
904	0.462664	-8213.08
905	0.462664	-8199.46
906	0.462664	-8207.16
907	0.462664	-8200.04
908	0.462664	-8193.49
909	0.462664	-8202.66
910	0.462664	-8195.28
911	0.462664	-8192.44
912	0.462664	-8190.38
913	0.462664	-8199.09
914	0.462664	-8197.91
915	0.462664	-8192.09
916	0.462664	-8183.65
917	0.462664	-8194.46
918	0.462664	-8196.89
919	0.462664	-8195.86
920	0.462664	-8216.61
921	0.462664	-8210.5
922	0.462664	-8220.42
923	0.462664	-8199.05
924	0.462664	-8191.04
925	0.462664	-8196.78
926	0.462664	-8200.2
927	0.462664	-8193.41
928	0.462664	-8188.14
929	0.462664	-8213.77
930	0.462664	-8209.99
931	0.462664	-8209.09
932	0.462664	-8202.38
933	0.462664	-8201.87
934	0.462664	-8202.19
935	0.462664	-8207.2
936	0.462664	-8198.87
937	0.462664	-8196.62
938	0.462664	-8200.97
939	0.462664	-8201.85
940	0.462664	-8192.42
941	0.462664	-8193.11
942	0.462664	-8199.53
943	0.462664	-8209.21
944	0.462664	-8207.73
945	0.462664	-8211.04
946	0.462664	-8212.66
947	0.462664	-8198.86
948	0.462664	-8203.78
949	0.462664	-8218.47
950	0.462664	-8215.02
951	0.462664	-8222.29
952	0.462664	-8204.36
953	0.462664	-8211.61
954	0.462664	-8203.01
955	0.462664	-8199.36
956	0.462664	-8201.78
957	0.462664	-8208.23
958	0.462664	-8207.91
959	0.462664	-8211.86
960	0.462664	-8214.66
961	0.462664	-8207.47
962	0.462664	-8198.63
963	0.462664	-8204.18
964	0.462664	-8211.56
965	0.462664	-8207.86
966	0.462664	-8208.88
967	0.462664	-8214.55
968	0.462664	-8212.63
969	0.462664	-8203.4
970	0.462664	-8213.73
971	0.462664	-8196.74
972	0.462664	-8195.8
973	0.462664	-8190.83
974	0.462664	-8188.43
975	0.462664	-8194.8
976	0.462664	-8199
977	0.462664	-8200.21
978	0.462664	-8213.73
979	0.462664	-8201.16
980	0.462664	-8204.49
981	0.462664	-8206.31
982	0.462664	-8209.24
983	0.462664	-8204.17
984	0.462664	-8201.05
985	0.462664	-8194.62
986	0.462664	-8205.55
987	0.462664	-8192.77
988	0.462664	-8183.7
989	0.462664	-8194.32
990	0.462664	-8198.75
991	0.462664	-8194.55
992	0.462664	-8185.33
993	0.462664	-8183.76
994	0.462664	-8190.13
995	0.462664	-8193.93
996	0.462664	-8187.17
997	0.462664	-8187.64
998	0.462664	-8196.02
999	0.462664	-8208.47
1000	0.462664	-8206.53
251	0.410146	-8198.65
252	0.410146	-8202.77
253	0.410146	-8206
254	0.410146	-8198.71
255	0.410146	-8194.99
256	0.410146	-8189.21
257	0.410146	-8196.96
258	0.410146	-8204.97
259	0.410146	-8195.68
260	0.410146	-8198.26
261	0.410146	-8197.31
262	0.410146	-8204.45
263	0.410146	-8201.51
264	0.410146	-8203.81
265	0.410146	-8191.74
266	0.410146	-8200.67
267	0.410146	-8211.56
268	0.410146	-8202.49
269	0.410146	-8194.81
270	0.410146	-8185.36
271	0.410146	-8195.36
272	0.410146	-8181.7
273	0.410146	-8206.82
274	0.410146	-8207.25
275	0.410146	-8196.22
276	0.410146	-8190.09
277	0.410146	-8193.86
278	0.410146	-8189.89
279	0.410146	-8193.91
280	0.410146	-8198.76
281	0.410146	-8207.27
282	0.410146	-8206.6
283	0.410146	-8196.1
284	0.410146	-8204.61
285	0.410146	-8195.17
286	0.410146	-8208.03
287	0.410146	-8198.39
288	0.410146	-8196.7
289	0.410146	-8205.13
290	0.410146	-8197.86
291	0.410146	-8203.16
292	0.410146	-8199.22
293	0.410146	-8194.36
294	0.410146	-8196.54
295	0.410146	-8196.45
296	0.410146	-8189.69
297	0.410146	-8193.43
298	0.410146	-8195.24
299	0.410146	-8200.2
300	0.410146	-8201.51
301	0.410146	-8186.19
302	0.410146	-8194.06
303	0.410146	-8209.28
304	0.410146	-8201.97
305	0.410146	-8200.07
306	0.410146	-8200.45
307	0.410146	-8199.83
308	0.410146	-8191.38
309	0.410146	-8196.84
310	0.410146	-8194.24
311	0.410146	-8191.62
312	0.410146	-8195.26
313	0.410146	-8198.48
314	0.410146	-8204.37
315	0.410146	-8210.09
316	0.410146	-8191.94
317	0.410146	-8197.47
318	0.410146	-8205.52
319	0.410146	-8198.53
320	0.410146	-8193.6
321	0.410146	-8188.52
322	0.410146	-8193.43
323	0.410146	-8197.15
324	0.410146	-8213.39
325	0.410146	-8201.34
326	0.410146	-8188.03
327	0.410146	-8183.57
328	0.410146	-8198.15
329	0.410146	-8197.04
330	0.410146	-8201.68
331	0.410146	-8204.8
332	0.410146	-8208.25
333	0.410146	-8209.77
334	0.410146	-8225.32
335	0.410146	-8200.56
336	0.410146	-8205.21
337	0.410146	-8205.66
338	0.410146	-8199.78
339	0.410146	-8192.35
340	0.410146	-8197.62
341	0.410146	-8198.47
342	0.410146	-8198.95
343	0.410146	-8209.31
344	0.410146	-8193.98
345	0.410146	-8192.19
346	0.410146	-8191.63
347	0.410146	-8198.71
348	0.410146	-8206.98
349	0.410146	-8208.27
350	0.410146	-8203.22
351	0.410146	-8198.7
352	0.410146	-8200.5
353	0.410146	-8200.12
354	0.410146	-8185.92
355	0.410146	-8178.24
356	0.410146	-8183.22
357	0.410146	-8192.57
358	0.410146	-8197.25
359	0.410146	-8201.81
360	0.410146	-8202.89
361	0.410146	-8188.61
362	0.410146	-8190.89
363	0.410146	-8210.21
364	0.410146	-8207.8
365	0.410146	-8214.32
366	0.410146	-8197.39
367	0.410146	-8195.13
368	0.410146	-8195.97
369	0.410146	-8192.42
370	0.410146	-8194.1
371	0.410146	-8198.1
372	0.410146	-8198.66
373	0.410146	-8211.32
374	0.410146	-8206.8
375	0.410146	-8201.09
376	0.410146	-8206.13
377	0.410146	-8210.53
378	0.410146	-8205.32
379	0.410146	-8195.95
380	0.410146	-8208.13
381	0.410146	-8193.34
382	0.410146	-8197.74
383	0.410146	-8197.72
384	0.410146	-8194.68
385	0.410146	-8189.67
386	0.410146	-8188.13
387	0.410146	-8199.78
388	0.410146	-8197.23
389	0.410146	-8187.7
390	0.410146	-8189.62
391	0.410146	-8200.45
392	0.410146	-8199.1
393	0.410146	-8206.62
394	0.410146	-8202.06
395	0.410146	-8201.64
396	0.410146	-8188.21
397	0.410146	-8195.24
398	0.410146	-8199.74
399	0.410146	-8194.03
400	0.410146	-8192.8
401	0.410146	-8195.43
402	0.410146	-8193.7
403	0.410146	-8183.44
404	0.410146	-8197.43
405	0.410146	-8192.5
406	0.410146	-8190.2
407	0.410146	-8194.91
408	0.410146	-8202.56
409	0.410146	-8197.22
410	0.410146	-8196.03
411	0.410146	-8188.84
412	0.410146	-8189.1
413	0.410146	-8185.59
414	0.410146	-8191.78
415	0.410146	-8187.38
416	0.410146	-8192.48
417	0.410146	-8200.29
418	0.410146	-8203.76
419	0.410146	-8206.76
420	0.410146	-8203.78
421	0.410146	-8198.02
422	0.410146	-8201.41
423	0.410146	-8220.32
424	0.410146	-8192.24
425	0.410146	-8192.81
426	0.410146	-8196.3
427	0.410146	-8212.95
428	0.410146	-8216.03
429	0.410146	-8218.49
430	0.410146	-8194.51
431	0.410146	-8195.45
432	0.410146	-8195.73
433	0.410146	-8201
434	0.410146	-8188.97
435	0.410146	-8191.29
436	0.410146	-8194.25
437	0.410146	-8183.76
438	0.410146	-8185.81
439	0.410146	-8189.73
440	0.410146	-8199
441	0.410146	-8195.34
442	0.410146	-8201.84
443	0.410146	-8211.71
444	0.410146	-8193.01
445	0.410146	-8186.88
446	0.410146	-8184.01
447	0.410146	-8187.45
448	0.410146	-8189.27
449	0.410146	-8197.67
450	0.410146	-8193.97
451	0.410146	-8195.17
452	0.410146	-8195.12
453	0.410146	-8188.35
454	0.410146	-8193.5
455	0.410146	-8207.71
456	0.410146	-8190.83
457	0.410146	-8183.59
458	0.410146	-8187.4
459	0.410146	-8182.88
460	0.410146	-8191.04
461	0.410146	-8189.1
462	0.410146	-8194.62
463	0.410146	-8195.76
464	0.410146	-8201.1
465	0.410146	-8188.99
466	0.410146	-8193.93
467	0.410146	-8196.53
468	0.410146	-8194.76
469	0.410146	-8187.38
470	0.410146	-8192.35
471	0.410146	-8192.34
472	0.410146	-8195.04
473	0.410146	-8209.35
474	0.410146	-8208.73
475	0.410146	-8212.08
476	0.410146	-8198.97
477	0.410146	-8211.59
478	0.410146	-8205.08
479	0.410146	-8189.96
480	0.410146	-8194.74
481	0.410146	-8188.03
482	0.410146	-8190.94
483	0.410146	-8189.62
484	0.410146	-8186.28
485	0.410146	-8197.01
486	0.410146	-8206.98
487	0.410146	-8209.13
488	0.410146	-8194.5
489	0.410146	-8195.35
490	0.410146	-8200.64
491	0.410146	-8204.08
492	0.410146	-8209.41
493	0.410146	-8200.07
494	0.410146	-8210.53
495	0.410146	-8204.18
496	0.410146	-8204.75
497	0.410146	-8195.76
498	0.410146	-8202.6
499	0.410146	-8201.69
500	0.410146	-8204.89
501	0.410146	-8210.52
502	0.410146	-8196.64
503	0.410146	-8194.37
504	0.410146	-8195.31
505	0.410146	-8195.22
506	0.410146	-8199.59
507	0.410146	-8197.43
508	0.410146	-8199.25
509	0.410146	-8202.61
510	0.410146	-8203.02
511	0.410146	-8191.95
512	0.410146	-8199.63
513	0.410146	-8196.53
514	0.410146	-8194.66
515	0.410146	-8190.55
516	0.410146	-8196.17
517	0.410146	-8190.28
518	0.410146	-8198.46
519	0.410146	-8191.57
520	0.410146	-8197.71
521	0.410146	-8194.18
522	0.410146	-8197.26
523	0.410146	-8191.42
524	0.410146	-8189.05
525	0.410146	-8186.46
526	0.410146	-8185.16
527	0.410146	-8177.72
528	0.410146	-8187.31
529	0.410146	-8193.3
530	0.410146	-8197.34
531	0.410146	-8204.24
532	0.410146	-8191.57
533	0.410146	-8188.39
534	0.410146	-8195.33
535	0.410146	-8197.59
536	0.410146	-8205.63
537	0.410146	-8203.82
538	0.410146	-8194.06
539	0.410146	-8194.87
540	0.410146	-8205.54
541	0.410146	-8190.49
542	0.410146	-8186.37
543	0.410146	-8192.2
544	0.410146	-8200.62
545	0.410146	-8201.08
546	0.410146	-8222.22
547	0.410146	-8220.15
548	0.410146	-8209.29
549	0.410146	-8214.26
550	0.410146	-8209.44
551	0.410146	-8208.9
552	0.410146	-8205.53
553	0.410146	-8193.93
554	0.410146	-8197.31
555	0.410146	-8195.06
556	0.410146	-8192.49
557	0.410146	-8188.73
558	0.410146	-8202.85
559	0.410146	-8195.07
560	0.410146	-8197.91
561	0.410146	-8195.17
562	0.410146	-8212.94
563	0.410146	-8215.74
564	0.410146	-8200.88
565	0.410146	-8209.85
566	0.410146	-8196.13
567	0.410146	-8207.04
568	0.410146	-8195.69
569	0.410146	-8191.22
570	0.410146	-8185.63
571	0.410146	-8184.08
572	0.410146	-8191.91
573	0.410146	-8184.43
574	0.410146	-8191.94
575	0.410146	-8192.69
576	0.410146	-8177.34
577	0.410146	-8186.27
578	0.410146	-8179.54
579	0.410146	-8180.99
580	0.410146	-8182.74
581	0.410146	-8197.13
582	0.410146	-8193.36
583	0.410146	-8192.32
584	0.410146	-8195.03
585	0.410146	-8190.76
586	0.410146	-8194.06
587	0.410146	-8210.88
588	0.410146	-8207.34
589	0.410146	-8213.5
590	0.410146	-8206.86
591	0.410146	-8210.74
592	0.410146	-8192.37
593	0.410146	-8196.22
594	0.410146	-8197.62
595	0.410146	-8196.16
596	0.410146	-8190.4
597	0.410146	-8185.75
598	0.410146	-8192.28
599	0.410146	-8200.6
600	0.410146	-8205.13
601	0.410146	-8207.52
602	0.410146	-8200.5
603	0.410146	-8212.58
604	0.410146	-8200.12
605	0.410146	-8202.93
606	0.410146	-8198.24
607	0.410146	-8201.11
608	0.410146	-8208.73
609	0.410146	-8214.71
610	0.410146	-8208.53
611	0.410146	-8218.21
612	0.410146	-8205.28
613	0.410146	-8202.61
614	0.410146	-8195.95
615	0.410146	-8203.64
616	0.410146	-8207.04
617	0.410146	-8209.41
618	0.410146	-8212.87
619	0.410146	-8199.2
620	0.410146	-8200.45
621	0.410146	-8229.2
622	0.410146	-8210.81
623	0.410146	-8205.62
624	0.410146	-8207.28
625	0.410146	-8221.44
626	0.410146	-8197.51
627	0.410146	-8192.07
628	0.410146	-8193.55
629	0.410146	-8191.65
630	0.410146	-8194.36
631	0.410146	-8193.17
632	0.410146	-8221.2
633	0.410146	-8212.41
634	0.410146	-8206.2
635	0.410146	-8200.07
636	0.410146	-8207.91
637	0.410146	-8209.49
638	0.410146	-8190.58
639	0.410146	-8199.95
640	0.410146	-8211.78
641	0.410146	-8195.79
642	0.410146	-8198.45
643	0.410146	-8193.54
644	0.410146	-8201.3
645	0.410146	-8209.13
646	0.410146	-8200.77
647	0.410146	-8202.92
648	0.410146	-8204.91
649	0.410146	-8202.82
650	0.410146	-8204.06
651	0.410146	-8207.82
652	0.410146	-8219.89
653	0.410146	-8200.18
654	0.410146	-8194.03
655	0.410146	-8202.45
656	0.410146	-8200.97
657	0.410146	-8203.94
658	0.410146	-8208.83
659	0.410146	-8205.2
660	0.410146	-8195.16
661	0.410146	-8198.1
662	0.410146	-8201.66
663	0.410146	-8199.98
664	0.410146	-8209.05
665	0.410146	-8208.26
666	0.410146	-8206.82
667	0.410146	-8223.81
668	0.410146	-8208.26
669	0.410146	-8200.62
670	0.410146	-8199.93
671	0.410146	-8193.39
672	0.410146	-8200.81
673	0.410146	-8186.64
674	0.410146	-8195.58
675	0.410146	-8188.71
676	0.410146	-8207.87
677	0.410146	-8206.97
678	0.410146	-8202.03
679	0.410146	-8213.64
680	0.410146	-8204.09
681	0.410146	-8197.61
682	0.410146	-8204.09
683	0.410146	-8199.11
684	0.410146	-8208.02
685	0.410146	-8209.88
686	0.410146	-8204.97
687	0.410146	-8193.02
688	0.410146	-8201.26
689	0.410146	-8197.31
690	0.410146	-8203.54
691	0.410146	-8201.39
692	0.410146	-8206.18
693	0.410146	-8197.19
694	0.410146	-8186.79
695	0.410146	-8192.05
696	0.410146	-8195.97
697	0.410146	-8207.17
698	0.410146	-8205.64
699	0.410146	-8188.63
700	0.410146	-8189.23
701	0.410146	-8192.39
702	0.410146	-8196.25
703	0.410146	-8186.42
704	0.410146	-8192.63
705	0.410146	-8191.56
706	0.410146	-8208.2
707	0.410146	-8214.96
708	0.410146	-8207.88
709	0.410146	-8203.48
710	0.410146	-8203.3
711	0.410146	-8208.99
712	0.410146	-8201.2
713	0.410146	-8202.35
714	0.410146	-8213.81
715	0.410146	-8197.51
716	0.410146	-8206.58
717	0.410146	-8211.09
718	0.410146	-8205.18
719	0.410146	-8213.1
720	0.410146	-8201.51
721	0.410146	-8195.43
722	0.410146	-8185.51
723	0.410146	-8182.95
724	0.410146	-8182.69
725	0.410146	-8188.88
726	0.410146	-8187.07
727	0.410146	-8185.54
728	0.410146	-8179.9
729	0.410146	-8190.94
730	0.410146	-8189.2
731	0.410146	-8194.4
732	0.410146	-8196.29
733	0.410146	-8197.71
734	0.410146	-8194.98
735	0.410146	-8194.05
736	0.410146	-8192.72
737	0.410146	-8193.37
738	0.410146	-8194.09
739	0.410146	-8193.52
740	0.410146	-8192.73
741	0.410146	-8196.58
742	0.410146	-8201.53
743	0.410146	-8203.69
744	0.410146	-8192.52
745	0.410146	-8191.39
746	0.410146	-8190.44
747	0.410146	-8186.68
748	0.410146	-8194.28
749	0.410146	-8206.96
750	0.410146	-8212.26
751	0.410146	-8195.35
752	0.410146	-8187.21
753	0.410146	-8199.02
754	0.410146	-8197.54
755	0.410146	-8194.41
756	0.410146	-8188.84
757	0.410146	-8193.69
758	0.410146	-8195.81
759	0.410146	-8184.06
760	0.410146	-8197.99
761	0.410146	-8204.27
762	0.410146	-8207.8
763	0.410146	-8205.88
764	0.410146	-8184.12
765	0.410146	-8191.45
766	0.410146	-8201.81
767	0.410146	-8205.6
768	0.410146	-8200.38
769	0.410146	-8204.62
770	0.410146	-8211.17
771	0.410146	-8207.31
772	0.410146	-8209.25
773	0.410146	-8202.71
774	0.410146	-8197.82
775	0.410146	-8202
776	0.410146	-8198.99
777	0.410146	-8196.96
778	0.410146	-8195.34
779	0.410146	-8206.7
780	0.410146	-8206.43
781	0.410146	-8205.72
782	0.410146	-8206.65
783	0.410146	-8211.44
784	0.410146	-8195.45
785	0.410146	-8194.74
786	0.410146	-8205.13
787	0.410146	-8206.68
788	0.410146	-8192.61
789	0.410146	-8186.95
790	0.410146	-8189.85
791	0.410146	-8192.14
792	0.410146	-8203.66
793	0.410146	-8199.95
794	0.410146	-8193.65
795	0.410146	-8201.29
796	0.410146	-8205.41
797	0.410146	-8200.3
798	0.410146	-8191.77
799	0.410146	-8180.35
800	0.410146	-8188.51
801	0.410146	-8185.01
802	0.410146	-8192.88
803	0.410146	-8193.87
804	0.410146	-8192.11
805	0.410146	-8199.73
806	0.410146	-8188.48
807	0.410146	-8186.65
808	0.410146	-8185.45
809	0.410146	-8191
810	0.410146	-8188.59
811	0.410146	-8183.9
812	0.410146	-8190.36
813	0.410146	-8186.45
814	0.410146	-8195
815	0.410146	-8192.34
816	0.410146	-8195.84
817	0.410146	-8215.46
818	0.410146	-8205.33
819	0.410146	-8207.36
820	0.410146	-8208.41
821	0.410146	-8209.73
822	0.410146	-8218.61
823	0.410146	-8235.97
824	0.410146	-8221.01
825	0.410146	-8207.6
826	0.410146	-8205.31
827	0.410146	-8198.22
828	0.410146	-8198.42
829	0.410146	-8199.73
830	0.410146	-8195.64
831	0.410146	-8197.82
832	0.410146	-8206.09
833	0.410146	-8207.68
834	0.410146	-8210.88
835	0.410146	-8208.06
836	0.410146	-8206.25
837	0.410146	-8196.42
838	0.410146	-8193.9
839	0.410146	-8196.22
840	0.410146	-8195.74
841	0.410146	-8213.77
842	0.410146	-8202.32
843	0.410146	-8208.36
844	0.410146	-8218.19
845	0.410146	-8208.86
846	0.410146	-8201.43
847	0.410146	-8192.41
848	0.410146	-8199.36
849	0.410146	-8189.26
850	0.410146	-8197.49
851	0.410146	-8200.52
852	0.410146	-8191.45
853	0.410146	-8189.66
854	0.410146	-8208
855	0.410146	-8215.11
856	0.410146	-8211.94
857	0.410146	-8199.92
858	0.410146	-8207.72
859	0.410146	-8196.29
860	0.410146	-8191.88
861	0.410146	-8196.24
862	0.410146	-8188.73
863	0.410146	-8197.2
864	0.410146	-8199.69
865	0.410146	-8197.27
866	0.410146	-8196.53
867	0.410146	-8206.5
868	0.410146	-8192.22
869	0.410146	-8202.81
870	0.410146	-8203.47
871	0.410146	-8197.57
872	0.410146	-8189.55
873	0.410146	-8194.76
874	0.410146	-8188.14
875	0.410146	-8188.62
876	0.410146	-8183.23
877	0.410146	-8185.53
878	0.410146	-8189.84
879	0.410146	-8195.64
880	0.410146	-8203.1
881	0.410146	-8201.38
882	0.410146	-8188.8
883	0.410146	-8192.52
884	0.410146	-8204.16
885	0.410146	-8202.62
886	0.410146	-8203.05
887	0.410146	-8204.98
888	0.410146	-8193.64
889	0.410146	-8207.87
890	0.410146	-8206.86
891	0.410146	-8189.94
892	0.410146	-8187.14
893	0.410146	-8187.72
894	0.410146	-8193.49
895	0.410146	-8216.74
896	0.410146	-8204.08
897	0.410146	-8210.32
898	0.410146	-8224.94
899	0.410146	-8208.9
900	0.410146	-8210.29
901	0.410146	-8195.43
902	0.410146	-8197.76
903	0.410146	-8195.03
904	0.410146	-8195.73
905	0.410146	-8186.72
906	0.410146	-8192.82
907	0.410146	-8206.39
908	0.410146	-8196.58
909	0.410146	-8196.28
910	0.410146	-8199.39
911	0.410146	-8195.93
912	0.410146	-8197.67
913	0.410146	-8182.24
914	0.410146	-8196.49
915	0.410146	-8191.49
916	0.410146	-8186.73
917	0.410146	-8188.84
918	0.410146	-8193.6
919	0.410146	-8189.37
920	0.410146	-8201.9
921	0.410146	-8192.09
922	0.410146	-8199.69
923	0.410146	-8202.53
924	0.410146	-8203.89
925	0.410146	-8206.93
926	0.410146	-8208.88
927	0.410146	-8195.59
928	0.410146	-8195.25
929	0.410146	-8196.46
930	0.410146	-8203.96
931	0.410146	-8202.08
932	0.410146	-8206.48
933	0.410146	-8208.7
934	0.410146	-8215.37
935	0.410146	-8204.71
936	0.410146	-8195.43
937	0.410146	-8197.33
938	0.410146	-8201.53
939	0.410146	-8197.99
940	0.410146	-8207.06
941	0.410146	-8205.18
942	0.410146	-8198.99
943	0.410146	-8198.61
944	0.410146	-8202.15
945	0.410146	-8203.25
946	0.410146	-8196.48
947	0.410146	-8203.03
948	0.410146	-8204.83
949	0.410146	-8209.93
950	0.410146	-8201.61
951	0.410146	-8186.48
952	0.410146	-8191.36
953	0.410146	-8195.78
954	0.410146	-8198.11
955	0.410146	-8179.66
956	0.410146	-8189.08
957	0.410146	-8185.02
958	0.410146	-8191.76
959	0.410146	-8196.07
960	0.410146	-8191.47
961	0.410146	-8194
962	0.410146	-8204.72
963	0.410146	-8185.6
964	0.410146	-8190.52
965	0.410146	-8192.76
966	0.410146	-8197.44
967	0.410146	-8194.93
968	0.410146	-8187.26
969	0.410146	-8183.3
970	0.410146	-8192.27
971	0.410146	-8202.01
972	0.410146	-8202.74
973	0.410146	-8211.7
974	0.410146	-8199.69
975	0.410146	-8216.27
976	0.410146	-8200.99
977	0.410146	-8207.34
978	0.410146	-8218.47
979	0.410146	-8226.61
980	0.410146	-8196.54
981	0.410146	-8199.66
982	0.410146	-8190.8
983	0.410146	-8196.77
984	0.410146	-8196.49
985	0.410146	-8198.49
986	0.410146	-8191.64
987	0.410146	-8192.32
988	0.410146	-8197.17
989	0.410146	-8192.93
990	0.410146	-8205.61
991	0.410146	-8197.71
992	0.410146	-8197.06
993	0.410146	-8198.76
994	0.410146	-8191.98
995	0.410146	-8187.37
996	0.410146	-8183.55
997	0.410146	-8185.1
998	0.410146	-8187.45
999	0.410146	-8193.94
1000	0.410146	-8190.65
251	0.36251	-8216.93
252	0.36251	-8211.77
253	0.36251	-8206.65
254	0.36251	-8203.16
255	0.36251	-8197.01
256	0.36251	-8193.17
257	0.36251	-8191.31
258	0.36251	-8205.69
259	0.36251	-8207.99
260	0.36251	-8200.62
261	0.36251	-8211.29
262	0.36251	-8206.51
263	0.36251	-8219.42
264	0.36251	-8209.88
265	0.36251	-8205.22
266	0.36251	-8197.03
267	0.36251	-8197.83
268	0.36251	-8192.96
269	0.36251	-8199.37
270	0.36251	-8206.28
271	0.36251	-8191.55
272	0.36251	-8188.98
273	0.36251	-8186.45
274	0.36251	-8183.81
275	0.36251	-8185.21
276	0.36251	-8187.9
277	0.36251	-8211.05
278	0.36251	-8194.88
279	0.36251	-8190.54
280	0.36251	-8188.19
281	0.36251	-8189.22
282	0.36251	-8201.13
283	0.36251	-8191.41
284	0.36251	-8191.32
285	0.36251	-8195.35
286	0.36251	-8204.92
287	0.36251	-8214.07
288	0.36251	-8216.23
289	0.36251	-8214.99
290	0.36251	-8222.19
291	0.36251	-8227.18
292	0.36251	-8233.08
293	0.36251	-8221.85
294	0.36251	-8233.2
295	0.36251	-8210.01
296	0.36251	-8212.43
297	0.36251	-8221.7
298	0.36251	-8218.87
299	0.36251	-8212.24
300	0.36251	-8207.93
301	0.36251	-8204.97
302	0.36251	-8192.14
303	0.36251	-8196.71
304	0.36251	-8187.53
305	0.36251	-8198.58
306	0.36251	-8190.16
307	0.36251	-8192.16
308	0.36251	-8195.57
309	0.36251	-8207.09
310	0.36251	-8199.08
311	0.36251	-8208.9
312	0.36251	-8213.76
313	0.36251	-8203.94
314	0.36251	-8202.45
315	0.36251	-8202.82
316	0.36251	-8206.41
317	0.36251	-8193.05
318	0.36251	-8207.87
319	0.36251	-8215.54
320	0.36251	-8214.59
321	0.36251	-8210.19
322	0.36251	-8203.28
323	0.36251	-8197.79
324	0.36251	-8187.74
325	0.36251	-8195.4
326	0.36251	-8200.77
327	0.36251	-8196.75
328	0.36251	-8206.42
329	0.36251	-8215.69
330	0.36251	-8197.59
331	0.36251	-8201.96
332	0.36251	-8202.65
333	0.36251	-8222.29
334	0.36251	-8194.73
335	0.36251	-8188.83
336	0.36251	-8191.25
337	0.36251	-8193
338	0.36251	-8185.21
339	0.36251	-8196.82
340	0.36251	-8198.12
341	0.36251	-8208.25
342	0.36251	-8216.81
343	0.36251	-8209.31
344	0.36251	-8207.15
345	0.36251	-8190.46
346	0.36251	-8206.32
347	0.36251	-8199.47
348	0.36251	-8205.72
349	0.36251	-8210.28
350	0.36251	-8227.5
351	0.36251	-8227.59
352	0.36251	-8198.35
353	0.36251	-8202.33
354	0.36251	-8204.58
355	0.36251	-8215.17
356	0.36251	-8227.45
357	0.36251	-8219.04
358	0.36251	-8208.31
359	0.36251	-8206.33
360	0.36251	-8220.98
361	0.36251	-8213.31
362	0.36251	-8217.89
363	0.36251	-8194.74
364	0.36251	-8202.2
365	0.36251	-8197.85
366	0.36251	-8198.05
367	0.36251	-8197.62
368	0.36251	-8212.54
369	0.36251	-8216.25
370	0.36251	-8204.34
371	0.36251	-8216.47
372	0.36251	-8205.12
373	0.36251	-8217.08
374	0.36251	-8240.1
375	0.36251	-8233.97
376	0.36251	-8221.37
377	0.36251	-8199.54
378	0.36251	-8191.53
379	0.36251	-8192.69
380	0.36251	-8194.88
381	0.36251	-8188.37
382	0.36251	-8188.64
383	0.36251	-8197.88
384	0.36251	-8187.8
385	0.36251	-8198.3
386	0.36251	-8188.33
387	0.36251	-8193.87
388	0.36251	-8190.14
389	0.36251	-8194.73
390	0.36251	-8200.32
391	0.36251	-8209.59
392	0.36251	-8198.25
393	0.36251	-8209.3
394	0.36251	-8209.81
395	0.36251	-8208.5
396	0.36251	-8221.69
397	0.36251	-8233.3
398	0.36251	-8227.28
399	0.36251	-8217.39
400	0.36251	-8207.24
401	0.36251	-8202.78
402	0.36251	-8184.2
403	0.36251	-8187.15
404	0.36251	-8185.94
405	0.36251	-8186.22
406	0.36251	-8192.54
407	0.36251	-8185.12
408	0.36251	-8190.92
409	0.36251	-8209.89
410	0.36251	-8211.69
411	0.36251	-8212.76
412	0.36251	-8199.35
413	0.36251	-8200.84
414	0.36251	-8206.75
415	0.36251	-8208.26
416	0.36251	-8205.11
417	0.36251	-8200.62
418	0.36251	-8202.54
419	0.36251	-8215.33
420	0.36251	-8208.11
421	0.36251	-8201.84
422	0.36251	-8220.52
423	0.36251	-8192.77
424	0.36251	-8192.2
425	0.36251	-8202.47
426	0.36251	-8212.93
427	0.36251	-8208.27
428	0.36251	-8210.85
429	0.36251	-8215.43
430	0.36251	-8215.05
431	0.36251	-8212.07
432	0.36251	-8206.39
433	0.36251	-8199.45
434	0.36251	-8206.33
435	0.36251	-8195.4
436	0.36251	-8206.72
437	0.36251	-8203.73
438	0.36251	-8215.44
439	0.36251	-8230.31
440	0.36251	-8236.15
441	0.36251	-8218.72
442	0.36251	-8221.55
443	0.36251	-8222.12
444	0.36251	-8230.85
445	0.36251	-8218.13
446	0.36251	-8217.58
447	0.36251	-8218.65
448	0.36251	-8238.92
449	0.36251	-8215.98
450	0.36251	-8220.46
451	0.36251	-8220.28
452	0.36251	-8223.42
453	0.36251	-8203.11
454	0.36251	-8212.19
455	0.36251	-8207.2
456	0.36251	-8192.82
457	0.36251	-8193.02
458	0.36251	-8193.67
459	0.36251	-8205.86
460	0.36251	-8207.12
461	0.36251	-8198.26
462	0.36251	-8197.07
463	0.36251	-8195.59
464	0.36251	-8199.66
465	0.36251	-8201.18
466	0.36251	-8203.15
467	0.36251	-8199.71
468	0.36251	-8199.63
469	0.36251	-8194.86
470	0.36251	-8200.09
471	0.36251	-8209.45
472	0.36251	-8208.15
473	0.36251	-8197.89
474	0.36251	-8208.16
475	0.36251	-8207.52
476	0.36251	-8210.19
477	0.36251	-8212.58
478	0.36251	-8219.09
479	0.36251	-8210.67
480	0.36251	-8217.59
481	0.36251	-8204.48
482	0.36251	-8220.53
483	0.36251	-8221.43
484	0.36251	-8211.15
485	0.36251	-8214.83
486	0.36251	-8219.03
487	0.36251	-8205.22
488	0.36251	-8205.01
489	0.36251	-8204.85
490	0.36251	-8192.78
491	0.36251	-8207.3
492	0.36251	-8213.28
493	0.36251	-8212.17
494	0.36251	-8205.87
495	0.36251	-8197.7
496	0.36251	-8198.47
497	0.36251	-8188.74
498	0.36251	-8186.34
499	0.36251	-8213.66
500	0.36251	-8212.27
501	0.36251	-8216.14
502	0.36251	-8200.19
503	0.36251	-8196.71
504	0.36251	-8199.5
505	0.36251	-8198.45
506	0.36251	-8211.77
507	0.36251	-8215.59
508	0.36251	-8201.05
509	0.36251	-8200.75
510	0.36251	-8203.86
511	0.36251	-8198.97
512	0.36251	-8197.53
513	0.36251	-8197.02
514	0.36251	-8197.81
515	0.36251	-8197.77
516	0.36251	-8213.87
517	0.36251	-8198.63
518	0.36251	-8204.19
519	0.36251	-8212.26
520	0.36251	-8206.66
521	0.36251	-8201.24
522	0.36251	-8197.44
523	0.36251	-8197.08
524	0.36251	-8199.54
525	0.36251	-8198.02
526	0.36251	-8203.74
527	0.36251	-8192.28
528	0.36251	-8193.01
529	0.36251	-8197.92
530	0.36251	-8191.85
531	0.36251	-8191.31
532	0.36251	-8208.12
533	0.36251	-8206.49
534	0.36251	-8224.92
535	0.36251	-8226.08
536	0.36251	-8242.27
537	0.36251	-8222.2
538	0.36251	-8221.38
539	0.36251	-8209.56
540	0.36251	-8220.85
541	0.36251	-8209.73
542	0.36251	-8212.18
543	0.36251	-8194.86
544	0.36251	-8200.41
545	0.36251	-8210.07
546	0.36251	-8202.62
547	0.36251	-8207.66
548	0.36251	-8217.32
549	0.36251	-8223.34
550	0.36251	-8227.01
551	0.36251	-8218.61
552	0.36251	-8228.79
553	0.36251	-8217.21
554	0.36251	-8198.06
555	0.36251	-8199.95
556	0.36251	-8200.77
557	0.36251	-8205.13
558	0.36251	-8216.41
559	0.36251	-8213.01
560	0.36251	-8215.16
561	0.36251	-8209.42
562	0.36251	-8204.2
563	0.36251	-8211.84
564	0.36251	-8199.63
565	0.36251	-8190.6
566	0.36251	-8191.01
567	0.36251	-8186.26
568	0.36251	-8192.04
569	0.36251	-8209.75
570	0.36251	-8205.28
571	0.36251	-8224.94
572	0.36251	-8206.34
573	0.36251	-8206.71
574	0.36251	-8191.64
575	0.36251	-8194.18
576	0.36251	-8195.89
577	0.36251	-8199.97
578	0.36251	-8196.74
579	0.36251	-8216.21
580	0.36251	-8194.59
581	0.36251	-8189.25
582	0.36251	-8179.43
583	0.36251	-8184.23
584	0.36251	-8210.12
585	0.36251	-8216.28
586	0.36251	-8216.78
587	0.36251	-8215.33
588	0.36251	-8192.36
589	0.36251	-8213.94
590	0.36251	-8205.26
591	0.36251	-8203.55
592	0.36251	-8201.6
593	0.36251	-8195.4
594	0.36251	-8205.91
595	0.36251	-8205.04
596	0.36251	-8203.14
597	0.36251	-8205.61
598	0.36251	-8210.1
599	0.36251	-8217.62
600	0.36251	-8210.5
601	0.36251	-8201.9
602	0.36251	-8198.91
603	0.36251	-8192.99
604	0.36251	-8197.22
605	0.36251	-8185.16
606	0.36251	-8188.86
607	0.36251	-8193.77
608	0.36251	-8197.23
609	0.36251	-8201.34
610	0.36251	-8199.92
611	0.36251	-8208.74
612	0.36251	-8226.28
613	0.36251	-8223.33
614	0.36251	-8217.46
615	0.36251	-8217.12
616	0.36251	-8214.36
617	0.36251	-8204.78
618	0.36251	-8183.72
619	0.36251	-8187.75
620	0.36251	-8202.36
621	0.36251	-8191.43
622	0.36251	-8201.19
623	0.36251	-8200.7
624	0.36251	-8206.48
625	0.36251	-8209.02
626	0.36251	-8213.32
627	0.36251	-8202.82
628	0.36251	-8207.35
629	0.36251	-8228.48
630	0.36251	-8230.51
631	0.36251	-8230.24
632	0.36251	-8219.93
633	0.36251	-8211.44
634	0.36251	-8207.68
635	0.36251	-8217.94
636	0.36251	-8206
637	0.36251	-8194.74
638	0.36251	-8196.83
639	0.36251	-8206.12
640	0.36251	-8213.1
641	0.36251	-8203.41
642	0.36251	-8214.13
643	0.36251	-8209.54
644	0.36251	-8191.96
645	0.36251	-8193.35
646	0.36251	-8190.44
647	0.36251	-8194.58
648	0.36251	-8207.38
649	0.36251	-8203.36
650	0.36251	-8204.51
651	0.36251	-8201.74
652	0.36251	-8212.41
653	0.36251	-8224.77
654	0.36251	-8216.96
655	0.36251	-8229.78
656	0.36251	-8214.05
657	0.36251	-8203.73
658	0.36251	-8201.19
659	0.36251	-8202.34
660	0.36251	-8217.91
661	0.36251	-8219.19
662	0.36251	-8211.5
663	0.36251	-8191.65
664	0.36251	-8185.31
665	0.36251	-8188.63
666	0.36251	-8193.14
667	0.36251	-8203
668	0.36251	-8193.27
669	0.36251	-8187.8
670	0.36251	-8201.7
671	0.36251	-8203.28
672	0.36251	-8206.57
673	0.36251	-8196.61
674	0.36251	-8193.89
675	0.36251	-8189.29
676	0.36251	-8202.46
677	0.36251	-8207.63
678	0.36251	-8209.93
679	0.36251	-8185.64
680	0.36251	-8192.56
681	0.36251	-8183.54
682	0.36251	-8192.79
683	0.36251	-8195.57
684	0.36251	-8198.65
685	0.36251	-8195.92
686	0.36251	-8194.52
687	0.36251	-8194.87
688	0.36251	-8187.48
689	0.36251	-8196.93
690	0.36251	-8184.36
691	0.36251	-8190.8
692	0.36251	-8190.67
693	0.36251	-8186.84
694	0.36251	-8178.84
695	0.36251	-8180.24
696	0.36251	-8182.55
697	0.36251	-8186.83
698	0.36251	-8202.36
699	0.36251	-8211.29
700	0.36251	-8225.07
701	0.36251	-8228.05
702	0.36251	-8213.51
703	0.36251	-8209.62
704	0.36251	-8211.43
705	0.36251	-8211.58
706	0.36251	-8207.46
707	0.36251	-8225.74
708	0.36251	-8210.51
709	0.36251	-8212.07
710	0.36251	-8218.1
711	0.36251	-8208.6
712	0.36251	-8215.85
713	0.36251	-8206.4
714	0.36251	-8188.69
715	0.36251	-8197.23
716	0.36251	-8226.13
717	0.36251	-8208.67
718	0.36251	-8217.96
719	0.36251	-8218.75
720	0.36251	-8219.12
721	0.36251	-8221.19
722	0.36251	-8218.28
723	0.36251	-8206.36
724	0.36251	-8188.88
725	0.36251	-8203.06
726	0.36251	-8192.81
727	0.36251	-8193.84
728	0.36251	-8190.38
729	0.36251	-8214.71
730	0.36251	-8199.94
731	0.36251	-8205.71
732	0.36251	-8210.16
733	0.36251	-8218.87
734	0.36251	-8224.17
735	0.36251	-8216.98
736	0.36251	-8221.48
737	0.36251	-8205.39
738	0.36251	-8199.68
739	0.36251	-8192.48
740	0.36251	-8188.26
741	0.36251	-8210
742	0.36251	-8200.13
743	0.36251	-8199.51
744	0.36251	-8189.21
745	0.36251	-8192.51
746	0.36251	-8209
747	0.36251	-8215.27
748	0.36251	-8210.72
749	0.36251	-8206.13
750	0.36251	-8201.3
751	0.36251	-8225.08
752	0.36251	-8217.92
753	0.36251	-8206.52
754	0.36251	-8207.07
755	0.36251	-8213.23
756	0.36251	-8206.48
757	0.36251	-8202.86
758	0.36251	-8191.51
759	0.36251	-8185.63
760	0.36251	-8193.83
761	0.36251	-8192.37
762	0.36251	-8203.61
763	0.36251	-8197.89
764	0.36251	-8207.07
765	0.36251	-8207.36
766	0.36251	-8197.23
767	0.36251	-8187.47
768	0.36251	-8200.69
769	0.36251	-8196.19
770	0.36251	-8209.29
771	0.36251	-8228.85
772	0.36251	-8201.74
773	0.36251	-8203.41
774	0.36251	-8205.85
775	0.36251	-8192.28
776	0.36251	-8189.88
777	0.36251	-8195.09
778	0.36251	-8197.72
779	0.36251	-8203.85
780	0.36251	-8202.85
781	0.36251	-8197.53
782	0.36251	-8192.62
783	0.36251	-8211.27
784	0.36251	-8202.18
785	0.36251	-8207.02
786	0.36251	-8219.58
787	0.36251	-8220.61
788	0.36251	-8227.03
789	0.36251	-8230.63
790	0.36251	-8222.77
791	0.36251	-8215.02
792	0.36251	-8219.66
793	0.36251	-8197.48
794	0.36251	-8200.46
795	0.36251	-8209.33
796	0.36251	-8218.75
797	0.36251	-8201.74
798	0.36251	-8202.58
799	0.36251	-8210.63
800	0.36251	-8197.83
801	0.36251	-8202.38
802	0.36251	-8199.51
803	0.36251	-8212.05
804	0.36251	-8210.37
805	0.36251	-8223.76
806	0.36251	-8216.74
807	0.36251	-8225.18
808	0.36251	-8224.18
809	0.36251	-8224.42
810	0.36251	-8233.13
811	0.36251	-8216.59
812	0.36251	-8210.95
813	0.36251	-8205.43
814	0.36251	-8216.89
815	0.36251	-8205.91
816	0.36251	-8211.43
817	0.36251	-8206.1
818	0.36251	-8191.92
819	0.36251	-8200.71
820	0.36251	-8225.01
821	0.36251	-8216.46
822	0.36251	-8206.17
823	0.36251	-8202.77
824	0.36251	-8190.65
825	0.36251	-8194
826	0.36251	-8196.16
827	0.36251	-8203.62
828	0.36251	-8196.05
829	0.36251	-8200.7
830	0.36251	-8198.09
831	0.36251	-8199.89
832	0.36251	-8205.12
833	0.36251	-8205.99
834	0.36251	-8216.44
835	0.36251	-8217.69
836	0.36251	-8218.15
837	0.36251	-8207.72
838	0.36251	-8194.63
839	0.36251	-8207.21
840	0.36251	-8194.28
841	0.36251	-8197.18
842	0.36251	-8189.7
843	0.36251	-8198.38
844	0.36251	-8237.78
845	0.36251	-8205.15
846	0.36251	-8202.08
847	0.36251	-8203.79
848	0.36251	-8205.27
849	0.36251	-8204.54
850	0.36251	-8209.43
851	0.36251	-8203.81
852	0.36251	-8198.33
853	0.36251	-8209.9
854	0.36251	-8206.42
855	0.36251	-8207.9
856	0.36251	-8203.23
857	0.36251	-8197.96
858	0.36251	-8195.53
859	0.36251	-8194.54
860	0.36251	-8215.5
861	0.36251	-8224.62
862	0.36251	-8210.65
863	0.36251	-8215.55
864	0.36251	-8229.14
865	0.36251	-8215.82
866	0.36251	-8223.12
867	0.36251	-8202.35
868	0.36251	-8201.31
869	0.36251	-8204.49
870	0.36251	-8215.83
871	0.36251	-8208.46
872	0.36251	-8197.99
873	0.36251	-8197.88
874	0.36251	-8210.94
875	0.36251	-8205.52
876	0.36251	-8206.7
877	0.36251	-8202.83
878	0.36251	-8193.65
879	0.36251	-8195.8
880	0.36251	-8213.69
881	0.36251	-8184.53
882	0.36251	-8185.42
883	0.36251	-8207.75
884	0.36251	-8201.44
885	0.36251	-8206.39
886	0.36251	-8196.53
887	0.36251	-8201.64
888	0.36251	-8208.8
889	0.36251	-8204.32
890	0.36251	-8200.55
891	0.36251	-8203.86
892	0.36251	-8199.94
893	0.36251	-8201.36
894	0.36251	-8198.88
895	0.36251	-8192.43
896	0.36251	-8190.69
897	0.36251	-8192.54
898	0.36251	-8191.92
899	0.36251	-8188.2
900	0.36251	-8187.95
901	0.36251	-8194.73
902	0.36251	-8210.45
903	0.36251	-8212.97
904	0.36251	-8201.69
905	0.36251	-8199.9
906	0.36251	-8193.53
907	0.36251	-8220.49
908	0.36251	-8227.54
909	0.36251	-8225.66
910	0.36251	-8206.98
911	0.36251	-8202.1
912	0.36251	-8207.11
913	0.36251	-8209.82
914	0.36251	-8199.83
915	0.36251	-8201.25
916	0.36251	-8209.26
917	0.36251	-8186.68
918	0.36251	-8194.22
919	0.36251	-8206.21
920	0.36251	-8198.07
921	0.36251	-8201.78
922	0.36251	-8213.59
923	0.36251	-8214.7
924	0.36251	-8225.2
925	0.36251	-8232.03
926	0.36251	-8215.32
927	0.36251	-8200.04
928	0.36251	-8201.42
929	0.36251	-8201.69
930	0.36251	-8209.21
931	0.36251	-8212.9
932	0.36251	-8209.3
933	0.36251	-8196.79
934	0.36251	-8204.23
935	0.36251	-8209.86
936	0.36251	-8197.11
937	0.36251	-8211.15
938	0.36251	-8201.37
939	0.36251	-8194.49
940	0.36251	-8189.07
941	0.36251	-8192.13
942	0.36251	-8194.81
943	0.36251	-8191.3
944	0.36251	-8214.46
945	0.36251	-8206.12
946	0.36251	-8218.5
947	0.36251	-8206.35
948	0.36251	-8193.36
949	0.36251	-8206.81
950	0.36251	-8213.17
951	0.36251	-8205.38
952	0.36251	-8211.4
953	0.36251	-8221.48
954	0.36251	-8216.42
955	0.36251	-8211.2
956	0.36251	-8226.09
957	0.36251	-8229.13
958	0.36251	-8222.18
959	0.36251	-8233.25
960	0.36251	-8232.42
961	0.36251	-8200.92
962	0.36251	-8200.4
963	0.36251	-8201.37
964	0.36251	-8210.23
965	0.36251	-8209.35
966	0.36251	-8214.18
967	0.36251	-8213.75
968	0.36251	-8205.08
969	0.36251	-8203.79
970	0.36251	-8215.56
971	0.36251	-8201.23
972	0.36251	-8208.16
973	0.36251	-8211.14
974	0.36251	-8210.06
975	0.36251	-8213.3
976	0.36251	-8196.87
977	0.36251	-8201.84
978	0.36251	-8204.62
979	0.36251	-8208.16
980	0.36251	-8209.53
981	0.36251	-8201.95
982	0.36251	-8202.08
983	0.36251	-8200.75
984	0.36251	-8202.19
985	0.36251	-8197.17
986	0.36251	-8197.91
987	0.36251	-8199.55
988	0.36251	-8193.39
989	0.36251	-8202.7
990	0.36251	-8187.27
991	0.36251	-8185.51
992	0.36251	-8199.52
993	0.36251	-8200.83
994	0.36251	-8208.84
995	0.36251	-8192.04
996	0.36251	-8206.87
997	0.36251	-8205.34
998	0.36251	-8208.56
999	0.36251	-8219.21
1000	0.36251	-8205.91
251	0.319406	-8207.7
252	0.319406	-8207.62
253	0.319406	-8233.2
254	0.319406	-8224.85
255	0.319406	-8204.53
256	0.319406	-8203.42
257	0.319406	-8201.68
258	0.319406	-8207.68
259	0.319406	-8196.93
260	0.319406	-8197.99
261	0.319406	-8192.46
262	0.319406	-8197.69
263	0.319406	-8203.75
264	0.319406	-8217.65
265	0.319406	-8208.56
266	0.319406	-8230.13
267	0.319406	-8230.1
268	0.319406	-8226.11
269	0.319406	-8201.02
270	0.319406	-8200.99
271	0.319406	-8216.47
272	0.319406	-8224.07
273	0.319406	-8218.24
274	0.319406	-8221.45
275	0.319406	-8214.29
276	0.319406	-8206.36
277	0.319406	-8201.14
278	0.319406	-8212.32
279	0.319406	-8208.74
280	0.319406	-8212.54
281	0.319406	-8220.66
282	0.319406	-8213.01
283	0.319406	-8217.88
284	0.319406	-8220.19
285	0.319406	-8218.31
286	0.319406	-8227.14
287	0.319406	-8229.45
288	0.319406	-8220.65
289	0.319406	-8211.69
290	0.319406	-8220.27
291	0.319406	-8224.77
292	0.319406	-8205.42
293	0.319406	-8202.45
294	0.319406	-8211.99
295	0.319406	-8239.48
296	0.319406	-8223.41
297	0.319406	-8218.21
298	0.319406	-8209.47
299	0.319406	-8221.62
300	0.319406	-8256.52
301	0.319406	-8248.73
302	0.319406	-8226.16
303	0.319406	-8209.28
304	0.319406	-8198.42
305	0.319406	-8187.62
306	0.319406	-8191.07
307	0.319406	-8202.5
308	0.319406	-8205.04
309	0.319406	-8215.37
310	0.319406	-8210.63
311	0.319406	-8200.88
312	0.319406	-8194.87
313	0.319406	-8204.04
314	0.319406	-8206.53
315	0.319406	-8205.08
316	0.319406	-8211.7
317	0.319406	-8215.9
318	0.319406	-8209.24
319	0.319406	-8201.69
320	0.319406	-8204.6
321	0.319406	-8214.2
322	0.319406	-8210.92
323	0.319406	-8205
324	0.319406	-8203.12
325	0.319406	-8211.95
326	0.319406	-8208.07
327	0.319406	-8240.39
328	0.319406	-8233.94
329	0.319406	-8235.81
330	0.319406	-8248.96
331	0.319406	-8216.69
332	0.319406	-8211.01
333	0.319406	-8213.05
334	0.319406	-8207.72
335	0.319406	-8215.32
336	0.319406	-8218.33
337	0.319406	-8220.75
338	0.319406	-8214.81
339	0.319406	-8199.51
340	0.319406	-8219.59
341	0.319406	-8203.39
342	0.319406	-8194.93
343	0.319406	-8191.54
344	0.319406	-8187.58
345	0.319406	-8187.52
346	0.319406	-8201.64
347	0.319406	-8213.78
348	0.319406	-8213.73
349	0.319406	-8216.2
350	0.319406	-8207.68
351	0.319406	-8208.52
352	0.319406	-8212.09
353	0.319406	-8224.29
354	0.319406	-8216.53
355	0.319406	-8232.97
356	0.319406	-8220.33
357	0.319406	-8226.68
358	0.319406	-8201.07
359	0.319406	-8196.7
360	0.319406	-8201.27
361	0.319406	-8218.15
362	0.319406	-8213.2
363	0.319406	-8200.22
364	0.319406	-8208.25
365	0.319406	-8210.38
366	0.319406	-8198.41
367	0.319406	-8210.46
368	0.319406	-8198.73
369	0.319406	-8200.88
370	0.319406	-8205.43
371	0.319406	-8203.87
372	0.319406	-8199.75
373	0.319406	-8203.1
374	0.319406	-8203.63
375	0.319406	-8228.99
376	0.319406	-8222.72
377	0.319406	-8218.64
378	0.319406	-8214.28
379	0.319406	-8236.24
380	0.319406	-8237.67
381	0.319406	-8223.67
382	0.319406	-8219.88
383	0.319406	-8212.17
384	0.319406	-8207.88
385	0.319406	-8212.47
386	0.319406	-8204.45
387	0.319406	-8215.02
388	0.319406	-8216.29
389	0.319406	-8210.95
390	0.319406	-8217.24
391	0.319406	-8216.39
392	0.319406	-8215.09
393	0.319406	-8220.06
394	0.319406	-8232.03
395	0.319406	-8194.1
396	0.319406	-8201.24
397	0.319406	-8207.28
398	0.319406	-8202.45
399	0.319406	-8204.17
400	0.319406	-8208.87
401	0.319406	-8204.84
402	0.319406	-8203.31
403	0.319406	-8208.84
404	0.319406	-8206.45
405	0.319406	-8214.16
406	0.319406	-8221.52
407	0.319406	-8209.17
408	0.319406	-8214.54
409	0.319406	-8214.67
410	0.319406	-8211.36
411	0.319406	-8201.55
412	0.319406	-8204.25
413	0.319406	-8198.62
414	0.319406	-8197.08
415	0.319406	-8201.84
416	0.319406	-8203.18
417	0.319406	-8215.35
418	0.319406	-8226.23
419	0.319406	-8207.27
420	0.319406	-8199.93
421	0.319406	-8209.07
422	0.319406	-8203.08
423	0.319406	-8210.21
424	0.319406	-8208.45
425	0.319406	-8205.02
426	0.319406	-8210.85
427	0.319406	-8213.78
428	0.319406	-8198.15
429	0.319406	-8193.22
430	0.319406	-8209.46
431	0.319406	-8206.67
432	0.319406	-8189.03
433	0.319406	-8189.69
434	0.319406	-8207.15
435	0.319406	-8205.64
436	0.319406	-8191.23
437	0.319406	-8193.08
438	0.319406	-8194.98
439	0.319406	-8195.98
440	0.319406	-8230.49
441	0.319406	-8211.36
442	0.319406	-8197.68
443	0.319406	-8194.84
444	0.319406	-8195.48
445	0.319406	-8208.87
446	0.319406	-8197.4
447	0.319406	-8197.17
448	0.319406	-8213.21
449	0.319406	-8202.21
450	0.319406	-8194.53
451	0.319406	-8203.63
452	0.319406	-8227.52
453	0.319406	-8214.03
454	0.319406	-8208.69
455	0.319406	-8199.42
456	0.319406	-8214.78
457	0.319406	-8202.86
458	0.319406	-8222.42
459	0.319406	-8224.58
460	0.319406	-8222.95
461	0.319406	-8228.47
462	0.319406	-8216.48
463	0.319406	-8235.35
464	0.319406	-8217.76
465	0.319406	-8208.32
466	0.319406	-8219.74
467	0.319406	-8215.26
468	0.319406	-8205.6
469	0.319406	-8196.63
470	0.319406	-8208.83
471	0.319406	-8200.15
472	0.319406	-8192.69
473	0.319406	-8202.77
474	0.319406	-8219.41
475	0.319406	-8209.76
476	0.319406	-8212.44
477	0.319406	-8220.35
478	0.319406	-8207.44
479	0.319406	-8228.09
480	0.319406	-8218.82
481	0.319406	-8208
482	0.319406	-8217.27
483	0.319406	-8231.2
484	0.319406	-8208.64
485	0.319406	-8204.11
486	0.319406	-8206.99
487	0.319406	-8222.47
488	0.319406	-8197.52
489	0.319406	-8207.19
490	0.319406	-8197.01
491	0.319406	-8190.77
492	0.319406	-8193.64
493	0.319406	-8188.99
494	0.319406	-8190.09
495	0.319406	-8199.05
496	0.319406	-8201.07
497	0.319406	-8195.31
498	0.319406	-8220.81
499	0.319406	-8223.44
500	0.319406	-8224.95
501	0.319406	-8247.93
502	0.319406	-8239.2
503	0.319406	-8248.59
504	0.319406	-8214.96
505	0.319406	-8219.14
506	0.319406	-8221.29
507	0.319406	-8205.62
508	0.319406	-8211.04
509	0.319406	-8210.79
510	0.319406	-8193.44
511	0.319406	-8201.97
512	0.319406	-8199.58
513	0.319406	-8210.54
514	0.319406	-8219.8
515	0.319406	-8215.52
516	0.319406	-8210.32
517	0.319406	-8205.56
518	0.319406	-8210.22
519	0.319406	-8205.56
520	0.319406	-8221.84
521	0.319406	-8197.42
522	0.319406	-8203.63
523	0.319406	-8219.51
524	0.319406	-8249.67
525	0.319406	-8226.95
526	0.319406	-8228.37
527	0.319406	-8229
528	0.319406	-8215.87
529	0.319406	-8215.28
530	0.319406	-8204.15
531	0.319406	-8213.88
532	0.319406	-8203.41
533	0.319406	-8207.18
534	0.319406	-8193.34
535	0.319406	-8187.62
536	0.319406	-8191.1
537	0.319406	-8207.37
538	0.319406	-8211.1
539	0.319406	-8198.74
540	0.319406	-8206.68
541	0.319406	-8209.74
542	0.319406	-8207.42
543	0.319406	-8211
544	0.319406	-8208.31
545	0.319406	-8209.97
546	0.319406	-8204.49
547	0.319406	-8212.52
548	0.319406	-8206.41
549	0.319406	-8201.1
550	0.319406	-8205.44
551	0.319406	-8208.23
552	0.319406	-8197.25
553	0.319406	-8198.09
554	0.319406	-8223.46
555	0.319406	-8222.57
556	0.319406	-8222.72
557	0.319406	-8199.69
558	0.319406	-8195.31
559	0.319406	-8203.71
560	0.319406	-8210.64
561	0.319406	-8211.48
562	0.319406	-8229.44
563	0.319406	-8217.72
564	0.319406	-8221.1
565	0.319406	-8200.73
566	0.319406	-8207.41
567	0.319406	-8201.64
568	0.319406	-8204.46
569	0.319406	-8209.54
570	0.319406	-8205.34
571	0.319406	-8212.64
572	0.319406	-8231.22
573	0.319406	-8227.06
574	0.319406	-8236.19
575	0.319406	-8222.79
576	0.319406	-8223.72
577	0.319406	-8225.17
578	0.319406	-8199.61
579	0.319406	-8188.98
580	0.319406	-8204.64
581	0.319406	-8216.35
582	0.319406	-8211.29
583	0.319406	-8221.18
584	0.319406	-8218.39
585	0.319406	-8221.01
586	0.319406	-8200.82
587	0.319406	-8202.9
588	0.319406	-8193.49
589	0.319406	-8194.2
590	0.319406	-8193.63
591	0.319406	-8202
592	0.319406	-8222.19
593	0.319406	-8211.8
594	0.319406	-8192.45
595	0.319406	-8205.56
596	0.319406	-8194.09
597	0.319406	-8193.73
598	0.319406	-8198.6
599	0.319406	-8201.27
600	0.319406	-8205.45
601	0.319406	-8195.53
602	0.319406	-8207.98
603	0.319406	-8221.53
604	0.319406	-8231.76
605	0.319406	-8217.46
606	0.319406	-8226.12
607	0.319406	-8218.98
608	0.319406	-8206.92
609	0.319406	-8210.32
610	0.319406	-8198.25
611	0.319406	-8195.77
612	0.319406	-8211.08
613	0.319406	-8209.89
614	0.319406	-8198.16
615	0.319406	-8195.26
616	0.319406	-8202.13
617	0.319406	-8225.4
618	0.319406	-8226.46
619	0.319406	-8207.54
620	0.319406	-8211.78
621	0.319406	-8213.77
622	0.319406	-8215.5
623	0.319406	-8211.81
624	0.319406	-8190.6
625	0.319406	-8209.64
626	0.319406	-8217.26
627	0.319406	-8212.03
628	0.319406	-8207.44
629	0.319406	-8199.2
630	0.319406	-8213.47
631	0.319406	-8205.38
632	0.319406	-8195.71
633	0.319406	-8188.23
634	0.319406	-8192.36
635	0.319406	-8182.18
636	0.319406	-8193.53
637	0.319406	-8193.59
638	0.319406	-8202.06
639	0.319406	-8207.99
640	0.319406	-8218.91
641	0.319406	-8209.93
642	0.319406	-8193.02
643	0.319406	-8189.84
644	0.319406	-8215.65
645	0.319406	-8210
646	0.319406	-8204.6
647	0.319406	-8183.29
648	0.319406	-8194.77
649	0.319406	-8205.34
650	0.319406	-8200.06
651	0.319406	-8210.7
652	0.319406	-8193.1
653	0.319406	-8194.28
654	0.319406	-8199.25
655	0.319406	-8191.39
656	0.319406	-8197.97
657	0.319406	-8204.92
658	0.319406	-8184.59
659	0.319406	-8212.22
660	0.319406	-8206.54
661	0.319406	-8205.4
662	0.319406	-8218.53
663	0.319406	-8230.14
664	0.319406	-8225.3
665	0.319406	-8239.92
666	0.319406	-8243.82
667	0.319406	-8241.2
668	0.319406	-8208.62
669	0.319406	-8214.23
670	0.319406	-8232.64
671	0.319406	-8211.84
672	0.319406	-8209.57
673	0.319406	-8218.08
674	0.319406	-8202.18
675	0.319406	-8199.72
676	0.319406	-8203.66
677	0.319406	-8211.09
678	0.319406	-8205.69
679	0.319406	-8213.6
680	0.319406	-8219.88
681	0.319406	-8213.7
682	0.319406	-8197.15
683	0.319406	-8211.79
684	0.319406	-8201.63
685	0.319406	-8198.25
686	0.319406	-8198.15
687	0.319406	-8192.5
688	0.319406	-8192.61
689	0.319406	-8193.01
690	0.319406	-8194.26
691	0.319406	-8196.21
692	0.319406	-8209.44
693	0.319406	-8212.37
694	0.319406	-8207.12
695	0.319406	-8216.63
696	0.319406	-8218.93
697	0.319406	-8210.23
698	0.319406	-8194.95
699	0.319406	-8210.8
700	0.319406	-8219.03
701	0.319406	-8224.15
702	0.319406	-8225.13
703	0.319406	-8216.13
704	0.319406	-8235.53
705	0.319406	-8215.91
706	0.319406	-8207.33
707	0.319406	-8202.76
708	0.319406	-8201.5
709	0.319406	-8231.71
710	0.319406	-8236.91
711	0.319406	-8240.86
712	0.319406	-8221.71
713	0.319406	-8217.56
714	0.319406	-8208.82
715	0.319406	-8201.07
716	0.319406	-8203.16
717	0.319406	-8194.07
718	0.319406	-8195.77
719	0.319406	-8203.39
720	0.319406	-8205.35
721	0.319406	-8211.17
722	0.319406	-8209.8
723	0.319406	-8220.98
724	0.319406	-8205.1
725	0.319406	-8230.12
726	0.319406	-8215.53
727	0.319406	-8219.01
728	0.319406	-8220.05
729	0.319406	-8210.1
730	0.319406	-8216.19
731	0.319406	-8213.07
732	0.319406	-8209.18
733	0.319406	-8210.92
734	0.319406	-8214.37
735	0.319406	-8199.75
736	0.319406	-8204.28
737	0.319406	-8208.16
738	0.319406	-8201.73
739	0.319406	-8195.56
740	0.319406	-8196.44
741	0.319406	-8217.6
742	0.319406	-8218.44
743	0.319406	-8215.55
744	0.319406	-8226.05
745	0.319406	-8201.68
746	0.319406	-8204.39
747	0.319406	-8213.58
748	0.319406	-8208.35
749	0.319406	-8219.26
750	0.319406	-8210.06
751	0.319406	-8204.95
752	0.319406	-8198.96
753	0.319406	-8206.83
754	0.319406	-8198.13
755	0.319406	-8208.27
756	0.319406	-8207.01
757	0.319406	-8201.57
758	0.319406	-8202.04
759	0.319406	-8205.38
760	0.319406	-8205.87
761	0.319406	-8207
762	0.319406	-8205.67
763	0.319406	-8205.08
764	0.319406	-8203.97
765	0.319406	-8215.75
766	0.319406	-8199.77
767	0.319406	-8198.25
768	0.319406	-8201.13
769	0.319406	-8197.22
770	0.319406	-8195.99
771	0.319406	-8186.63
772	0.319406	-8200.69
773	0.319406	-8201.56
774	0.319406	-8206.65
775	0.319406	-8209
776	0.319406	-8197.35
777	0.319406	-8231.6
778	0.319406	-8224.24
779	0.319406	-8206.45
780	0.319406	-8208.54
781	0.319406	-8210.88
782	0.319406	-8203.83
783	0.319406	-8202.55
784	0.319406	-8201.64
785	0.319406	-8208.08
786	0.319406	-8225.31
787	0.319406	-8230.33
788	0.319406	-8241
789	0.319406	-8237.33
790	0.319406	-8229.63
791	0.319406	-8211.07
792	0.319406	-8218.16
793	0.319406	-8216.22
794	0.319406	-8224.71
795	0.319406	-8211.73
796	0.319406	-8242.13
797	0.319406	-8237.5
798	0.319406	-8233.01
799	0.319406	-8224.34
800	0.319406	-8213.5
801	0.319406	-8207.8
802	0.319406	-8202.25
803	0.319406	-8207.73
804	0.319406	-8215.32
805	0.319406	-8208.13
806	0.319406	-8196.83
807	0.319406	-8204.14
808	0.319406	-8205.19
809	0.319406	-8210.65
810	0.319406	-8207.92
811	0.319406	-8214.75
812	0.319406	-8206.93
813	0.319406	-8200.81
814	0.319406	-8198.27
815	0.319406	-8203.67
816	0.319406	-8215.71
817	0.319406	-8222.48
818	0.319406	-8227.08
819	0.319406	-8219.5
820	0.319406	-8218.29
821	0.319406	-8225.95
822	0.319406	-8228.49
823	0.319406	-8220.98
824	0.319406	-8208.08
825	0.319406	-8217.9
826	0.319406	-8208.72
827	0.319406	-8206.64
828	0.319406	-8213.35
829	0.319406	-8221.97
830	0.319406	-8219.32
831	0.319406	-8227.79
832	0.319406	-8236.24
833	0.319406	-8249.24
834	0.319406	-8200.72
835	0.319406	-8189.9
836	0.319406	-8199.32
837	0.319406	-8214.34
838	0.319406	-8224.13
839	0.319406	-8229.35
840	0.319406	-8214.25
841	0.319406	-8198.16
842	0.319406	-8204.45
843	0.319406	-8225.17
844	0.319406	-8217.82
845	0.319406	-8204.74
846	0.319406	-8190.92
847	0.319406	-8208.83
848	0.319406	-8217.62
849	0.319406	-8223.79
850	0.319406	-8223.51
851	0.319406	-8221.01
852	0.319406	-8233.08
853	0.319406	-8219.58
854	0.319406	-8213.22
855	0.319406	-8219.11
856	0.319406	-8204.05
857	0.319406	-8216.56
858	0.319406	-8225.71
859	0.319406	-8219.31
860	0.319406	-8213.27
861	0.319406	-8217.48
862	0.319406	-8240.43
863	0.319406	-8226.7
864	0.319406	-8214.5
865	0.319406	-8213.8
866	0.319406	-8206.93
867	0.319406	-8213.38
868	0.319406	-8214.72
869	0.319406	-8224
870	0.319406	-8236.6
871	0.319406	-8246.47
872	0.319406	-8235.2
873	0.319406	-8233.04
874	0.319406	-8238.37
875	0.319406	-8247.05
876	0.319406	-8254.8
877	0.319406	-8254.49
878	0.319406	-8259.51
879	0.319406	-8252.14
880	0.319406	-8229.58
881	0.319406	-8235.61
882	0.319406	-8218.19
883	0.319406	-8223.07
884	0.319406	-8221.1
885	0.319406	-8223.7
886	0.319406	-8219.01
887	0.319406	-8242.89
888	0.319406	-8220.46
889	0.319406	-8204.04
890	0.319406	-8215.28
891	0.319406	-8214.34
892	0.319406	-8188.67
893	0.319406	-8188.87
894	0.319406	-8201.31
895	0.319406	-8196.36
896	0.319406	-8201.74
897	0.319406	-8208.75
898	0.319406	-8211
899	0.319406	-8211.74
900	0.319406	-8203.39
901	0.319406	-8212.66
902	0.319406	-8200.86
903	0.319406	-8203.2
904	0.319406	-8207.86
905	0.319406	-8209.01
906	0.319406	-8217.56
907	0.319406	-8204.22
908	0.319406	-8193.33
909	0.319406	-8193.9
910	0.319406	-8194.79
911	0.319406	-8195.19
912	0.319406	-8186.8
913	0.319406	-8193.01
914	0.319406	-8204.92
915	0.319406	-8226.31
916	0.319406	-8231.92
917	0.319406	-8214.41
918	0.319406	-8206.41
919	0.319406	-8219.2
920	0.319406	-8239.94
921	0.319406	-8218.66
922	0.319406	-8248.4
923	0.319406	-8238.77
924	0.319406	-8233.55
925	0.319406	-8230.67
926	0.319406	-8223.19
927	0.319406	-8227.77
928	0.319406	-8207.37
929	0.319406	-8216.72
930	0.319406	-8201.95
931	0.319406	-8211.57
932	0.319406	-8218.67
933	0.319406	-8219.13
934	0.319406	-8232.52
935	0.319406	-8208.69
936	0.319406	-8206.08
937	0.319406	-8200.79
938	0.319406	-8207.08
939	0.319406	-8203.48
940	0.319406	-8200.81
941	0.319406	-8201.1
942	0.319406	-8192.89
943	0.319406	-8206.45
944	0.319406	-8212.83
945	0.319406	-8206.02
946	0.319406	-8203.97
947	0.319406	-8199.27
948	0.319406	-8203.68
949	0.319406	-8205.55
950	0.319406	-8201.46
951	0.319406	-8202.95
952	0.319406	-8209.2
953	0.319406	-8207.31
954	0.319406	-8213.82
955	0.319406	-8207.81
956	0.319406	-8202.98
957	0.319406	-8185.61
958	0.319406	-8187.29
959	0.319406	-8191.96
960	0.319406	-8204.63
961	0.319406	-8194.87
962	0.319406	-8202.51
963	0.319406	-8213.86
964	0.319406	-8189.45
965	0.319406	-8202.68
966	0.319406	-8220.37
967	0.319406	-8217.52
968	0.319406	-8206.62
969	0.319406	-8216.06
970	0.319406	-8209.86
971	0.319406	-8211.39
972	0.319406	-8221.44
973	0.319406	-8194.8
974	0.319406	-8187.2
975	0.319406	-8199.66
976	0.319406	-8217.39
977	0.319406	-8207.01
978	0.319406	-8207.44
979	0.319406	-8195.22
980	0.319406	-8198.67
981	0.319406	-8191.74
982	0.319406	-8192.99
983	0.319406	-8223.71
984	0.319406	-8225.25
985	0.319406	-8221.02
986	0.319406	-8205.61
987	0.319406	-8222
988	0.319406	-8199.4
989	0.319406	-8208.46
990	0.319406	-8208.18
991	0.319406	-8222.08
992	0.319406	-8204.39
993	0.319406	-8204.75
994	0.319406	-8199.64
995	0.319406	-8189.37
996	0.319406	-8196.19
997	0.319406	-8222.12
998	0.319406	-8205.11
999	0.319406	-8215.96
1000	0.319406	-8207.5
251	0.280503	-8220.63
252	0.280503	-8219.1
253	0.280503	-8215.37
254	0.280503	-8207.1
255	0.280503	-8202.23
256	0.280503	-8219.94
257	0.280503	-8231.42
258	0.280503	-8218.49
259	0.280503	-8207.04
260	0.280503	-8211.24
261	0.280503	-8209.98
262	0.280503	-8212.36
263	0.280503	-8201.88
264	0.280503	-8208.97
265	0.280503	-8218.78
266	0.280503	-8218.43
267	0.280503	-8210.66
268	0.280503	-8248.26
269	0.280503	-8240.23
270	0.280503	-8238.26
271	0.280503	-8199.73
272	0.280503	-8211.13
273	0.280503	-8225.58
274	0.280503	-8223.95
275	0.280503	-8243.11
276	0.280503	-8231.89
277	0.280503	-8251.89
278	0.280503	-8244.06
279	0.280503	-8224.99
280	0.280503	-8227.26
281	0.280503	-8221.86
282	0.280503	-8207.06
283	0.280503	-8198.98
284	0.280503	-8193.69
285	0.280503	-8198.5
286	0.280503	-8205.09
287	0.280503	-8219.72
288	0.280503	-8221.11
289	0.280503	-8212.05
290	0.280503	-8227.31
291	0.280503	-8218.39
292	0.280503	-8235.69
293	0.280503	-8229.15
294	0.280503	-8221.21
295	0.280503	-8217.55
296	0.280503	-8210.06
297	0.280503	-8197.11
298	0.280503	-8214.73
299	0.280503	-8218.43
300	0.280503	-8204.25
301	0.280503	-8204.89
302	0.280503	-8192.56
303	0.280503	-8217.83
304	0.280503	-8215.61
305	0.280503	-8195.42
306	0.280503	-8214.46
307	0.280503	-8216.86
308	0.280503	-8230.73
309	0.280503	-8212.56
310	0.280503	-8204.09
311	0.280503	-8210.58
312	0.280503	-8220.28
313	0.280503	-8228.55
314	0.280503	-8219.76
315	0.280503	-8217.98
316	0.280503	-8206.76
317	0.280503	-8207.23
318	0.280503	-8213.77
319	0.280503	-8203.77
320	0.280503	-8211.88
321	0.280503	-8200.49
322	0.280503	-8204.95
323	0.280503	-8236.02
324	0.280503	-8221.76
325	0.280503	-8216.24
326	0.280503	-8209.44
327	0.280503	-8200.91
328	0.280503	-8221.5
329	0.280503	-8211.5
330	0.280503	-8218.6
331	0.280503	-8230.17
332	0.280503	-8246.06
333	0.280503	-8223.59
334	0.280503	-8231.34
335	0.280503	-8218.91
336	0.280503	-8216.37
337	0.280503	-8242.89
338	0.280503	-8237.25
339	0.280503	-8214.26
340	0.280503	-8212.7
341	0.280503	-8225.4
342	0.280503	-8220.98
343	0.280503	-8222.25
344	0.280503	-8237.96
345	0.280503	-8227.78
346	0.280503	-8208.65
347	0.280503	-8216.26
348	0.280503	-8195.3
349	0.280503	-8204.7
350	0.280503	-8197.4
351	0.280503	-8210.09
352	0.280503	-8220.15
353	0.280503	-8205.48
354	0.280503	-8215.83
355	0.280503	-8211.9
356	0.280503	-8212.75
357	0.280503	-8230.74
358	0.280503	-8244.3
359	0.280503	-8211.2
360	0.280503	-8218.79
361	0.280503	-8206.87
362	0.280503	-8220.53
363	0.280503	-8252.35
364	0.280503	-8239.86
365	0.280503	-8216.3
366	0.280503	-8206
367	0.280503	-8215.87
368	0.280503	-8210.13
369	0.280503	-8217.26
370	0.280503	-8205.13
371	0.280503	-8211.71
372	0.280503	-8218.6
373	0.280503	-8228.41
374	0.280503	-8221.38
375	0.280503	-8229.09
376	0.280503	-8228.76
377	0.280503	-8228.03
378	0.280503	-8247.04
379	0.280503	-8244.99
380	0.280503	-8229.19
381	0.280503	-8224.37
382	0.280503	-8210.55
383	0.280503	-8197.28
384	0.280503	-8211.35
385	0.280503	-8224.82
386	0.280503	-8218.34
387	0.280503	-8241.92
388	0.280503	-8237.08
389	0.280503	-8226.87
390	0.280503	-8230.08
391	0.280503	-8221.59
392	0.280503	-8222.47
393	0.280503	-8210.9
394	0.280503	-8209.23
395	0.280503	-8215.19
396	0.280503	-8196.27
397	0.280503	-8191.2
398	0.280503	-8200.96
399	0.280503	-8214.57
400	0.280503	-8205.87
401	0.280503	-8201.86
402	0.280503	-8204.96
403	0.280503	-8227.2
404	0.280503	-8225.62
405	0.280503	-8241.47
406	0.280503	-8228.82
407	0.280503	-8218.47
408	0.280503	-8227.56
409	0.280503	-8241.93
410	0.280503	-8210.59
411	0.280503	-8202.33
412	0.280503	-8201.63
413	0.280503	-8202.82
414	0.280503	-8221.19
415	0.280503	-8219.81
416	0.280503	-8229.48
417	0.280503	-8241.93
418	0.280503	-8224.92
419	0.280503	-8235.58
420	0.280503	-8217.01
421	0.280503	-8225.75
422	0.280503	-8223.28
423	0.280503	-8220.91
424	0.280503	-8220.62
425	0.280503	-8241.83
426	0.280503	-8243.57
427	0.280503	-8231.49
428	0.280503	-8226.83
429	0.280503	-8232.78
430	0.280503	-8215.75
431	0.280503	-8204.68
432	0.280503	-8224.08
433	0.280503	-8230.1
434	0.280503	-8233.06
435	0.280503	-8234.35
436	0.280503	-8217.55
437	0.280503	-8216.07
438	0.280503	-8228.83
439	0.280503	-8196.98
440	0.280503	-8194.98
441	0.280503	-8211.89
442	0.280503	-8233.25
443	0.280503	-8227.74
444	0.280503	-8225.6
445	0.280503	-8207.64
446	0.280503	-8188.98
447	0.280503	-8193.29
448	0.280503	-8194.28
449	0.280503	-8189.11
450	0.280503	-8190.48
451	0.280503	-8193.38
452	0.280503	-8211.11
453	0.280503	-8232.79
454	0.280503	-8221.23
455	0.280503	-8207.5
456	0.280503	-8206.25
457	0.280503	-8215.7
458	0.280503	-8209.98
459	0.280503	-8217.98
460	0.280503	-8211.9
461	0.280503	-8229.26
462	0.280503	-8216.29
463	0.280503	-8219.07
464	0.280503	-8204.69
465	0.280503	-8205.23
466	0.280503	-8215.53
467	0.280503	-8231.99
468	0.280503	-8251.94
469	0.280503	-8232.1
470	0.280503	-8224.53
471	0.280503	-8240.27
472	0.280503	-8236.46
473	0.280503	-8226.76
474	0.280503	-8246.01
475	0.280503	-8237.34
476	0.280503	-8273.08
477	0.280503	-8249.7
478	0.280503	-8228.81
479	0.280503	-8211.92
480	0.280503	-8224.99
481	0.280503	-8238.31
482	0.280503	-8228.67
483	0.280503	-8214.3
484	0.280503	-8199.4
485	0.280503	-8200.04
486	0.280503	-8210.86
487	0.280503	-8219.7
488	0.280503	-8212.3
489	0.280503	-8204.05
490	0.280503	-8196.89
491	0.280503	-8203.7
492	0.280503	-8208.66
493	0.280503	-8234.93
494	0.280503	-8215.94
495	0.280503	-8214.43
496	0.280503	-8199.46
497	0.280503	-8214.79
498	0.280503	-8202.53
499	0.280503	-8199.57
500	0.280503	-8193.06
501	0.280503	-8198.54
502	0.280503	-8193.79
503	0.280503	-8211.01
504	0.280503	-8215.31
505	0.280503	-8198.48
506	0.280503	-8212.17
507	0.280503	-8200.37
508	0.280503	-8200.96
509	0.280503	-8223.03
510	0.280503	-8212.94
511	0.280503	-8206.7
512	0.280503	-8199.03
513	0.280503	-8202.07
514	0.280503	-8211.72
515	0.280503	-8208.83
516	0.280503	-8205.34
517	0.280503	-8220.86
518	0.280503	-8211.28
519	0.280503	-8209.56
520	0.280503	-8215.37
521	0.280503	-8214.89
522	0.280503	-8217.01
523	0.280503	-8220.17
524	0.280503	-8217.48
525	0.280503	-8206.74
526	0.280503	-8197.8
527	0.280503	-8197.38
528	0.280503	-8201.96
529	0.280503	-8229.3
530	0.280503	-8228.44
531	0.280503	-8219.39
532	0.280503	-8224.06
533	0.280503	-8217.29
534	0.280503	-8231.06
535	0.280503	-8223
536	0.280503	-8245.04
537	0.280503	-8243.96
538	0.280503	-8219.58
539	0.280503	-8216.33
540	0.280503	-8203.05
541	0.280503	-8198.91
542	0.280503	-8195.85
543	0.280503	-8196.15
544	0.280503	-8199.03
545	0.280503	-8199.43
546	0.280503	-8216.95
547	0.280503	-8218.52
548	0.280503	-8209.18
549	0.280503	-8197.22
550	0.280503	-8211.86
551	0.280503	-8222.25
552	0.280503	-8218.86
553	0.280503	-8204.42
554	0.280503	-8222.39
555	0.280503	-8199.39
556	0.280503	-8197.24
557	0.280503	-8183.59
558	0.280503	-8212.22
559	0.280503	-8222.65
560	0.280503	-8228.57
561	0.280503	-8228.55
562	0.280503	-8223.64
563	0.280503	-8213.18
564	0.280503	-8195.14
565	0.280503	-8204.12
566	0.280503	-8215.65
567	0.280503	-8219.27
568	0.280503	-8225.24
569	0.280503	-8243.06
570	0.280503	-8233.95
571	0.280503	-8217.84
572	0.280503	-8221.95
573	0.280503	-8227.68
574	0.280503	-8224.59
575	0.280503	-8208.31
576	0.280503	-8211.48
577	0.280503	-8207.56
578	0.280503	-8227.54
579	0.280503	-8227.95
580	0.280503	-8212.52
581	0.280503	-8212.42
582	0.280503	-8212.28
583	0.280503	-8226.52
584	0.280503	-8215.37
585	0.280503	-8223.83
586	0.280503	-8232.46
587	0.280503	-8221.51
588	0.280503	-8218.88
589	0.280503	-8226.86
590	0.280503	-8216.34
591	0.280503	-8211.27
592	0.280503	-8229.64
593	0.280503	-8215.83
594	0.280503	-8218.6
595	0.280503	-8220.22
596	0.280503	-8235.26
597	0.280503	-8206.68
598	0.280503	-8211.98
599	0.280503	-8211.6
600	0.280503	-8206.93
601	0.280503	-8203.35
602	0.280503	-8207.4
603	0.280503	-8220.91
604	0.280503	-8209.8
605	0.280503	-8202.14
606	0.280503	-8213.57
607	0.280503	-8220.42
608	0.280503	-8206.48
609	0.280503	-8203.8
610	0.280503	-8222.31
611	0.280503	-8224.83
612	0.280503	-8235.19
613	0.280503	-8232.47
614	0.280503	-8242.91
615	0.280503	-8231.85
616	0.280503	-8236.66
617	0.280503	-8237.57
618	0.280503	-8239.75
619	0.280503	-8223.97
620	0.280503	-8218.21
621	0.280503	-8221.05
622	0.280503	-8232.42
623	0.280503	-8229.21
624	0.280503	-8223.68
625	0.280503	-8217.11
626	0.280503	-8217.86
627	0.280503	-8221.76
628	0.280503	-8233.27
629	0.280503	-8242.38
630	0.280503	-8234.07
631	0.280503	-8226.32
632	0.280503	-8211.08
633	0.280503	-8215.93
634	0.280503	-8219.26
635	0.280503	-8243.95
636	0.280503	-8223.47
637	0.280503	-8219.67
638	0.280503	-8216.61
639	0.280503	-8238.28
640	0.280503	-8234.05
641	0.280503	-8217.38
642	0.280503	-8217.41
643	0.280503	-8215.08
644	0.280503	-8219.57
645	0.280503	-8231.2
646	0.280503	-8202.82
647	0.280503	-8214.08
648	0.280503	-8204.6
649	0.280503	-8215.82
650	0.280503	-8216.78
651	0.280503	-8219.18
652	0.280503	-8215.27
653	0.280503	-8219.03
654	0.280503	-8223.61
655	0.280503	-8235.61
656	0.280503	-8207.97
657	0.280503	-8218.1
658	0.280503	-8213.33
659	0.280503	-8205.71
660	0.280503	-8202.23
661	0.280503	-8204.51
662	0.280503	-8214.88
663	0.280503	-8211.72
664	0.280503	-8211
665	0.280503	-8211.29
666	0.280503	-8223.61
667	0.280503	-8237.31
668	0.280503	-8218.53
669	0.280503	-8218.69
670	0.280503	-8237.98
671	0.280503	-8232.36
672	0.280503	-8240.23
673	0.280503	-8213.15
674	0.280503	-8222.56
675	0.280503	-8226.93
676	0.280503	-8216.35
677	0.280503	-8195.72
678	0.280503	-8212.22
679	0.280503	-8214.18
680	0.280503	-8228.67
681	0.280503	-8246.98
682	0.280503	-8249.97
683	0.280503	-8249.58
684	0.280503	-8244.04
685	0.280503	-8239.56
686	0.280503	-8237.69
687	0.280503	-8231.66
688	0.280503	-8216.36
689	0.280503	-8208.62
690	0.280503	-8225.39
691	0.280503	-8221.21
692	0.280503	-8218.66
693	0.280503	-8239.57
694	0.280503	-8235.66
695	0.280503	-8237.61
696	0.280503	-8231.06
697	0.280503	-8221.64
698	0.280503	-8211.23
699	0.280503	-8220.95
700	0.280503	-8216.8
701	0.280503	-8223.21
702	0.280503	-8208.06
703	0.280503	-8195
704	0.280503	-8195.33
705	0.280503	-8208.28
706	0.280503	-8204.13
707	0.280503	-8204.24
708	0.280503	-8217.21
709	0.280503	-8215.79
710	0.280503	-8228.25
711	0.280503	-8206.14
712	0.280503	-8195.65
713	0.280503	-8204.68
714	0.280503	-8198.44
715	0.280503	-8202.19
716	0.280503	-8199.38
717	0.280503	-8191.79
718	0.280503	-8193
719	0.280503	-8195.21
720	0.280503	-8203.75
721	0.280503	-8196.12
722	0.280503	-8204.75
723	0.280503	-8193.63
724	0.280503	-8192.84
725	0.280503	-8206.12
726	0.280503	-8207.4
727	0.280503	-8226.25
728	0.280503	-8229.55
729	0.280503	-8248.62
730	0.280503	-8254.47
731	0.280503	-8228.93
732	0.280503	-8212.38
733	0.280503	-8197.4
734	0.280503	-8194.8
735	0.280503	-8204.46
736	0.280503	-8217.8
737	0.280503	-8212.02
738	0.280503	-8196.63
739	0.280503	-8198.68
740	0.280503	-8206.65
741	0.280503	-8220.35
742	0.280503	-8226.73
743	0.280503	-8223.35
744	0.280503	-8221.68
745	0.280503	-8227.21
746	0.280503	-8214.19
747	0.280503	-8229.17
748	0.280503	-8214.87
749	0.280503	-8228.82
750	0.280503	-8254.91
751	0.280503	-8219.62
752	0.280503	-8238.67
753	0.280503	-8224.12
754	0.280503	-8226.07
755	0.280503	-8222.28
756	0.280503	-8210.58
757	0.280503	-8221.23
758	0.280503	-8212.23
759	0.280503	-8193.83
760	0.280503	-8209.07
761	0.280503	-8216.27
762	0.280503	-8231.61
763	0.280503	-8229.03
764	0.280503	-8236.04
765	0.280503	-8228.3
766	0.280503	-8232.55
767	0.280503	-8245.95
768	0.280503	-8253.12
769	0.280503	-8242.65
770	0.280503	-8230.06
771	0.280503	-8230.95
772	0.280503	-8250.47
773	0.280503	-8236.7
774	0.280503	-8250.48
775	0.280503	-8236.57
776	0.280503	-8236.1
777	0.280503	-8221.32
778	0.280503	-8211.09
779	0.280503	-8204.45
780	0.280503	-8217.09
781	0.280503	-8240.63
782	0.280503	-8222.58
783	0.280503	-8208.68
784	0.280503	-8222.67
785	0.280503	-8228.95
786	0.280503	-8220.46
787	0.280503	-8211.32
788	0.280503	-8208.08
789	0.280503	-8215.59
790	0.280503	-8198.14
791	0.280503	-8208.67
792	0.280503	-8200.97
793	0.280503	-8208.32
794	0.280503	-8211.26
795	0.280503	-8215.11
796	0.280503	-8204.7
797	0.280503	-8206.82
798	0.280503	-8234.89
799	0.280503	-8239.18
800	0.280503	-8222.5
801	0.280503	-8225.14
802	0.280503	-8233.84
803	0.280503	-8219.98
804	0.280503	-8214.96
805	0.280503	-8233.1
806	0.280503	-8214.72
807	0.280503	-8210.5
808	0.280503	-8219.39
809	0.280503	-8206.54
810	0.280503	-8214.96
811	0.280503	-8197.67
812	0.280503	-8211.28
813	0.280503	-8242.02
814	0.280503	-8227.39
815	0.280503	-8249.53
816	0.280503	-8217.85
817	0.280503	-8211.36
818	0.280503	-8218.47
819	0.280503	-8229.34
820	0.280503	-8254.52
821	0.280503	-8257.48
822	0.280503	-8233.91
823	0.280503	-8217.05
824	0.280503	-8211.76
825	0.280503	-8214.36
826	0.280503	-8221.01
827	0.280503	-8217.72
828	0.280503	-8229.39
829	0.280503	-8254.89
830	0.280503	-8244.13
831	0.280503	-8228.39
832	0.280503	-8215.03
833	0.280503	-8220.9
834	0.280503	-8228.04
835	0.280503	-8234.04
836	0.280503	-8221.8
837	0.280503	-8227.65
838	0.280503	-8230.67
839	0.280503	-8246.82
840	0.280503	-8243.26
841	0.280503	-8229.07
842	0.280503	-8229.29
843	0.280503	-8226.58
844	0.280503	-8225.35
845	0.280503	-8244.81
846	0.280503	-8240.39
847	0.280503	-8219
848	0.280503	-8219.5
849	0.280503	-8228.34
850	0.280503	-8219.8
851	0.280503	-8226.45
852	0.280503	-8229.54
853	0.280503	-8214.86
854	0.280503	-8214.61
855	0.280503	-8199.1
856	0.280503	-8231.56
857	0.280503	-8206.15
858	0.280503	-8226.73
859	0.280503	-8235.8
860	0.280503	-8246.97
861	0.280503	-8241.14
862	0.280503	-8233.19
863	0.280503	-8224.21
864	0.280503	-8235.69
865	0.280503	-8235.22
866	0.280503	-8221.8
867	0.280503	-8218.24
868	0.280503	-8234.06
869	0.280503	-8244.23
870	0.280503	-8247.29
871	0.280503	-8233.37
872	0.280503	-8210.05
873	0.280503	-8209.5
874	0.280503	-8208.8
875	0.280503	-8217.73
876	0.280503	-8219.82
877	0.280503	-8221.23
878	0.280503	-8249.79
879	0.280503	-8253.57
880	0.280503	-8224.74
881	0.280503	-8211.53
882	0.280503	-8223.19
883	0.280503	-8205.51
884	0.280503	-8232.87
885	0.280503	-8249.19
886	0.280503	-8233.46
887	0.280503	-8220.1
888	0.280503	-8226.64
889	0.280503	-8223.21
890	0.280503	-8224.27
891	0.280503	-8228.36
892	0.280503	-8233.7
893	0.280503	-8207.12
894	0.280503	-8204.09
895	0.280503	-8215.2
896	0.280503	-8246.49
897	0.280503	-8229.08
898	0.280503	-8206.2
899	0.280503	-8203.8
900	0.280503	-8199.61
901	0.280503	-8208.08
902	0.280503	-8220.36
903	0.280503	-8230.67
904	0.280503	-8254.39
905	0.280503	-8247.47
906	0.280503	-8223.23
907	0.280503	-8226.61
908	0.280503	-8225.22
909	0.280503	-8216.33
910	0.280503	-8208.07
911	0.280503	-8201.72
912	0.280503	-8202.83
913	0.280503	-8205.82
914	0.280503	-8194.1
915	0.280503	-8184.26
916	0.280503	-8212.17
917	0.280503	-8213.08
918	0.280503	-8182.33
919	0.280503	-8192.03
920	0.280503	-8199
921	0.280503	-8213.87
922	0.280503	-8206.54
923	0.280503	-8241.12
924	0.280503	-8225.3
925	0.280503	-8231.42
926	0.280503	-8227.49
927	0.280503	-8224.35
928	0.280503	-8225.53
929	0.280503	-8238.47
930	0.280503	-8227.02
931	0.280503	-8228.55
932	0.280503	-8212.19
933	0.280503	-8222.14
934	0.280503	-8222.05
935	0.280503	-8221.98
936	0.280503	-8221.63
937	0.280503	-8219.84
938	0.280503	-8208.95
939	0.280503	-8221.24
940	0.280503	-8202.36
941	0.280503	-8208.3
942	0.280503	-8211.48
943	0.280503	-8215.89
944	0.280503	-8203.3
945	0.280503	-8202.56
946	0.280503	-8203.9
947	0.280503	-8226.12
948	0.280503	-8205.72
949	0.280503	-8201.26
950	0.280503	-8206.52
951	0.280503	-8200.25
952	0.280503	-8209.06
953	0.280503	-8227.94
954	0.280503	-8237.77
955	0.280503	-8225.58
956	0.280503	-8221.07
957	0.280503	-8215.78
958	0.280503	-8210.77
959	0.280503	-8231.03
960	0.280503	-8235.82
961	0.280503	-8232.63
962	0.280503	-8221.81
963	0.280503	-8234.63
964	0.280503	-8227.25
965	0.280503	-8219.32
966	0.280503	-8227.72
967	0.280503	-8232.21
968	0.280503	-8225.53
969	0.280503	-8215.91
970	0.280503	-8240.25
971	0.280503	-8253.07
972	0.280503	-8254.87
973	0.280503	-8229.52
974	0.280503	-8204.74
975	0.280503	-8214.61
976	0.280503	-8238.47
977	0.280503	-8233.76
978	0.280503	-8242.64
979	0.280503	-8228.8
980	0.280503	-8238.01
981	0.280503	-8236.05
982	0.280503	-8221.93
983	0.280503	-8227.35
984	0.280503	-8217.53
985	0.280503	-8224.53
986	0.280503	-8225.78
987	0.280503	-8224.42
988	0.280503	-8231.29
989	0.280503	-8221.53
990	0.280503	-8225.5
991	0.280503	-8204.49
992	0.280503	-8210.33
993	0.280503	-8216.98
994	0.280503	-8216.97
995	0.280503	-8244.35
996	0.280503	-8226.55
997	0.280503	-8212.48
998	0.280503	-8208.01
999	0.280503	-8213.72
1000	0.280503	-8215.77
251	0.245487	-8197.89
252	0.245487	-8195.12
253	0.245487	-8197.21
254	0.245487	-8196.83
255	0.245487	-8198.56
256	0.245487	-8203.65
257	0.245487	-8229.95
258	0.245487	-8226.8
259	0.245487	-8213.48
260	0.245487	-8202.6
261	0.245487	-8228.77
262	0.245487	-8209.68
263	0.245487	-8241.47
264	0.245487	-8246.37
265	0.245487	-8242.66
266	0.245487	-8220.91
267	0.245487	-8223.6
268	0.245487	-8212.01
269	0.245487	-8225.5
270	0.245487	-8218.97
271	0.245487	-8220.05
272	0.245487	-8221.37
273	0.245487	-8228.41
274	0.245487	-8239.55
275	0.245487	-8256.07
276	0.245487	-8227.79
277	0.245487	-8227.26
278	0.245487	-8224.08
279	0.245487	-8224.6
280	0.245487	-8211.52
281	0.245487	-8221.02
282	0.245487	-8209.56
283	0.245487	-8224.34
284	0.245487	-8212.46
285	0.245487	-8227.87
286	0.245487	-8228.31
287	0.245487	-8238.51
288	0.245487	-8210.16
289	0.245487	-8208.79
290	0.245487	-8211.14
291	0.245487	-8213.44
292	0.245487	-8197.06
293	0.245487	-8204.83
294	0.245487	-8217.97
295	0.245487	-8224.21
296	0.245487	-8217.36
297	0.245487	-8223.47
298	0.245487	-8218.15
299	0.245487	-8234.64
300	0.245487	-8243.2
301	0.245487	-8238.23
302	0.245487	-8228.63
303	0.245487	-8215.63
304	0.245487	-8203.44
305	0.245487	-8230
306	0.245487	-8238.53
307	0.245487	-8224.94
308	0.245487	-8231.18
309	0.245487	-8221.47
310	0.245487	-8237.96
311	0.245487	-8234.14
312	0.245487	-8221.26
313	0.245487	-8231.43
314	0.245487	-8243.12
315	0.245487	-8233.78
316	0.245487	-8236.11
317	0.245487	-8240.79
318	0.245487	-8226.29
319	0.245487	-8224.44
320	0.245487	-8234.1
321	0.245487	-8210.65
322	0.245487	-8246.76
323	0.245487	-8262.37
324	0.245487	-8253.53
325	0.245487	-8256.81
326	0.245487	-8232.14
327	0.245487	-8205.16
328	0.245487	-8207.89
329	0.245487	-8214.26
330	0.245487	-8197.21
331	0.245487	-8207.11
332	0.245487	-8197.71
333	0.245487	-8220.09
334	0.245487	-8223.94
335	0.245487	-8233.37
336	0.245487	-8240.55
337	0.245487	-8246.87
338	0.245487	-8231.87
339	0.245487	-8242.51
340	0.245487	-8229.97
341	0.245487	-8240.16
342	0.245487	-8233.39
343	0.245487	-8223.05
344	0.245487	-8224.82
345	0.245487	-8240.77
346	0.245487	-8244.21
347	0.245487	-8242
348	0.245487	-8237.31
349	0.245487	-8230.68
350	0.245487	-8236.52
351	0.245487	-8227.36
352	0.245487	-8251.37
353	0.245487	-8257.06
354	0.245487	-8256.86
355	0.245487	-8243.73
356	0.245487	-8251.83
357	0.245487	-8259.29
358	0.245487	-8242.27
359	0.245487	-8248.08
360	0.245487	-8213.32
361	0.245487	-8206.09
362	0.245487	-8210.26
363	0.245487	-8194.74
364	0.245487	-8203.19
365	0.245487	-8209.59
366	0.245487	-8239.28
367	0.245487	-8208.21
368	0.245487	-8203.5
369	0.245487	-8217.2
370	0.245487	-8209.27
371	0.245487	-8200.42
372	0.245487	-8229.58
373	0.245487	-8208.01
374	0.245487	-8255.34
375	0.245487	-8258.77
376	0.245487	-8259.02
377	0.245487	-8244.25
378	0.245487	-8248.9
379	0.245487	-8242.91
380	0.245487	-8223.73
381	0.245487	-8234.4
382	0.245487	-8224.02
383	0.245487	-8235.04
384	0.245487	-8216.85
385	0.245487	-8216.94
386	0.245487	-8216.52
387	0.245487	-8201.76
388	0.245487	-8228.39
389	0.245487	-8234.14
390	0.245487	-8235.5
391	0.245487	-8238.13
392	0.245487	-8223.3
393	0.245487	-8220.06
394	0.245487	-8216.42
395	0.245487	-8221.19
396	0.245487	-8246.68
397	0.245487	-8248.24
398	0.245487	-8240.92
399	0.245487	-8236.32
400	0.245487	-8226.37
401	0.245487	-8205.98
402	0.245487	-8213.24
403	0.245487	-8216.01
404	0.245487	-8230.44
405	0.245487	-8239.53
406	0.245487	-8232.27
407	0.245487	-8216.77
408	0.245487	-8217.9
409	0.245487	-8201.74
410	0.245487	-8195.17
411	0.245487	-8202.53
412	0.245487	-8227.19
413	0.245487	-8234.69
414	0.245487	-8228.07
415	0.245487	-8209.43
416	0.245487	-8204.06
417	0.245487	-8197.03
418	0.245487	-8215.91
419	0.245487	-8214.26
420	0.245487	-8242.05
421	0.245487	-8239.98
422	0.245487	-8231.28
423	0.245487	-8226.85
424	0.245487	-8225.44
425	0.245487	-8206.47
426	0.245487	-8212.6
427	0.245487	-8222.84
428	0.245487	-8232.88
429	0.245487	-8224.34
430	0.245487	-8216.32
431	0.245487	-8208.3
432	0.245487	-8220.54
433	0.245487	-8222.98
434	0.245487	-8220.59
435	0.245487	-8210.25
436	0.245487	-8209.78
437	0.245487	-8209.44
438	0.245487	-8228.2
439	0.245487	-8229.61
440	0.245487	-8222.65
441	0.245487	-8228.88
442	0.245487	-8223.04
443	0.245487	-8209.56
444	0.245487	-8202.52
445	0.245487	-8200.49
446	0.245487	-8223.86
447	0.245487	-8213.43
448	0.245487	-8211.78
449	0.245487	-8226.08
450	0.245487	-8215.67
451	0.245487	-8231.62
452	0.245487	-8222.8
453	0.245487	-8232.91
454	0.245487	-8241.6
455	0.245487	-8254.97
456	0.245487	-8240.76
457	0.245487	-8219.24
458	0.245487	-8208.48
459	0.245487	-8199.55
460	0.245487	-8196.37
461	0.245487	-8220.25
462	0.245487	-8234.73
463	0.245487	-8204.41
464	0.245487	-8235.49
465	0.245487	-8243.6
466	0.245487	-8233.04
467	0.245487	-8251.44
468	0.245487	-8227.66
469	0.245487	-8211.33
470	0.245487	-8213.74
471	0.245487	-8219.05
472	0.245487	-8218.1
473	0.245487	-8221.51
474	0.245487	-8221.02
475	0.245487	-8223.1
476	0.245487	-8239.26
477	0.245487	-8227.82
478	0.245487	-8237.35
479	0.245487	-8248.62
480	0.245487	-8228.22
481	0.245487	-8221.74
482	0.245487	-8216.8
483	0.245487	-8226.4
484	0.245487	-8229.82
485	0.245487	-8222.44
486	0.245487	-8207.92
487	0.245487	-8217.84
488	0.245487	-8225.56
489	0.245487	-8237.06
490	0.245487	-8207.17
491	0.245487	-8236.45
492	0.245487	-8246.86
493	0.245487	-8235.93
494	0.245487	-8237.68
495	0.245487	-8220.48
496	0.245487	-8208.82
497	0.245487	-8210.61
498	0.245487	-8222.22
499	0.245487	-8213.05
500	0.245487	-8222.82
501	0.245487	-8244.93
502	0.245487	-8219.99
503	0.245487	-8221.39
504	0.245487	-8222.84
505	0.245487	-8219.25
506	0.245487	-8216.36
507	0.245487	-8225.05
508	0.245487	-8214.16
509	0.245487	-8220.36
510	0.245487	-8241.54
511	0.245487	-8248.99
512	0.245487	-8236.64
513	0.245487	-8248.95
514	0.245487	-8236.5
515	0.245487	-8221.49
516	0.245487	-8233.51
517	0.245487	-8256.43
518	0.245487	-8262.95
519	0.245487	-8240.8
520	0.245487	-8248.08
521	0.245487	-8250.54
522	0.245487	-8256.94
523	0.245487	-8222.47
524	0.245487	-8225.86
525	0.245487	-8234.26
526	0.245487	-8239.29
527	0.245487	-8242.73
528	0.245487	-8263.99
529	0.245487	-8255.68
530	0.245487	-8269.25
531	0.245487	-8242.39
532	0.245487	-8237.44
533	0.245487	-8227.97
534	0.245487	-8234.9
535	0.245487	-8234.64
536	0.245487	-8238.87
537	0.245487	-8233.58
538	0.245487	-8247.43
539	0.245487	-8226.56
540	0.245487	-8233.47
541	0.245487	-8205.52
542	0.245487	-8210.96
543	0.245487	-8216.14
544	0.245487	-8220.54
545	0.245487	-8260.9
546	0.245487	-8249.82
547	0.245487	-8221.88
548	0.245487	-8246.86
549	0.245487	-8219.62
550	0.245487	-8210.42
551	0.245487	-8224.29
552	0.245487	-8207.77
553	0.245487	-8213.83
554	0.245487	-8241.21
555	0.245487	-8240.14
556	0.245487	-8228.9
557	0.245487	-8240.7
558	0.245487	-8240.99
559	0.245487	-8228.99
560	0.245487	-8222.5
561	0.245487	-8203.97
562	0.245487	-8202.1
563	0.245487	-8202.5
564	0.245487	-8207.37
565	0.245487	-8219.87
566	0.245487	-8213.95
567	0.245487	-8209.34
568	0.245487	-8212.97
569	0.245487	-8218.04
570	0.245487	-8235.21
571	0.245487	-8226.17
572	0.245487	-8224.17
573	0.245487	-8220.36
574	0.245487	-8223.29
575	0.245487	-8211
576	0.245487	-8222.12
577	0.245487	-8223.87
578	0.245487	-8230.16
579	0.245487	-8239.23
580	0.245487	-8252.02
581	0.245487	-8251.61
582	0.245487	-8238.13
583	0.245487	-8236.78
584	0.245487	-8264.2
585	0.245487	-8240.66
586	0.245487	-8232.45
587	0.245487	-8218.8
588	0.245487	-8221.26
589	0.245487	-8223.38
590	0.245487	-8214.36
591	0.245487	-8238.27
592	0.245487	-8230.73
593	0.245487	-8252.69
594	0.245487	-8233.3
595	0.245487	-8235.03
596	0.245487	-8216.53
597	0.245487	-8236.86
598	0.245487	-8223.96
599	0.245487	-8234.28
600	0.245487	-8251.93
601	0.245487	-8238.07
602	0.245487	-8225.36
603	0.245487	-8222.01
604	0.245487	-8214.79
605	0.245487	-8240.9
606	0.245487	-8224.22
607	0.245487	-8215.49
608	0.245487	-8202.83
609	0.245487	-8221.93
610	0.245487	-8210.02
611	0.245487	-8235.5
612	0.245487	-8220.2
613	0.245487	-8204.5
614	0.245487	-8215
615	0.245487	-8225.57
616	0.245487	-8217.7
617	0.245487	-8211.65
618	0.245487	-8217.48
619	0.245487	-8235.76
620	0.245487	-8209.27
621	0.245487	-8227.25
622	0.245487	-8216.56
623	0.245487	-8252.4
624	0.245487	-8246.77
625	0.245487	-8209.86
626	0.245487	-8223.01
627	0.245487	-8218.75
628	0.245487	-8218.37
629	0.245487	-8209.99
630	0.245487	-8230.22
631	0.245487	-8249.83
632	0.245487	-8245.53
633	0.245487	-8244.72
634	0.245487	-8254.82
635	0.245487	-8246.75
636	0.245487	-8253.67
637	0.245487	-8257.56
638	0.245487	-8261.61
639	0.245487	-8247.53
640	0.245487	-8239.5
641	0.245487	-8241.08
642	0.245487	-8236.1
643	0.245487	-8294.97
644	0.245487	-8274.29
645	0.245487	-8256.16
646	0.245487	-8245.2
647	0.245487	-8254.39
648	0.245487	-8267.71
649	0.245487	-8251.87
650	0.245487	-8228.37
651	0.245487	-8214.43
652	0.245487	-8231.22
653	0.245487	-8237.73
654	0.245487	-8230.99
655	0.245487	-8222.43
656	0.245487	-8226.6
657	0.245487	-8225.98
658	0.245487	-8210.35
659	0.245487	-8218.77
660	0.245487	-8225.08
661	0.245487	-8242.77
662	0.245487	-8230.8
663	0.245487	-8219.44
664	0.245487	-8227.53
665	0.245487	-8217.59
666	0.245487	-8229.57
667	0.245487	-8228.44
668	0.245487	-8268.25
669	0.245487	-8225.57
670	0.245487	-8220.03
671	0.245487	-8225.28
672	0.245487	-8224.1
673	0.245487	-8217.71
674	0.245487	-8222.44
675	0.245487	-8228.7
676	0.245487	-8231.67
677	0.245487	-8243.27
678	0.245487	-8259.08
679	0.245487	-8260.28
680	0.245487	-8241.95
681	0.245487	-8227.96
682	0.245487	-8214.02
683	0.245487	-8189.53
684	0.245487	-8195.48
685	0.245487	-8195.46
686	0.245487	-8206.32
687	0.245487	-8222.47
688	0.245487	-8225.66
689	0.245487	-8224.58
690	0.245487	-8226.41
691	0.245487	-8226.76
692	0.245487	-8208.07
693	0.245487	-8211.08
694	0.245487	-8206.4
695	0.245487	-8215.63
696	0.245487	-8218.51
697	0.245487	-8217.19
698	0.245487	-8221.2
699	0.245487	-8219.32
700	0.245487	-8208.41
701	0.245487	-8230.61
702	0.245487	-8251.86
703	0.245487	-8265.57
704	0.245487	-8226.89
705	0.245487	-8229.07
706	0.245487	-8228.92
707	0.245487	-8229.4
708	0.245487	-8200.73
709	0.245487	-8208.02
710	0.245487	-8210.07
711	0.245487	-8226.58
712	0.245487	-8211.73
713	0.245487	-8204.02
714	0.245487	-8207.28
715	0.245487	-8209.36
716	0.245487	-8199.76
717	0.245487	-8197.25
718	0.245487	-8212.59
719	0.245487	-8234.43
720	0.245487	-8228.7
721	0.245487	-8239.9
722	0.245487	-8245.83
723	0.245487	-8263.55
724	0.245487	-8249.58
725	0.245487	-8264.78
726	0.245487	-8225.96
727	0.245487	-8227.82
728	0.245487	-8227.01
729	0.245487	-8233.45
730	0.245487	-8212.6
731	0.245487	-8207.44
732	0.245487	-8206.96
733	0.245487	-8282.61
734	0.245487	-8233.64
735	0.245487	-8216.79
736	0.245487	-8215.48
737	0.245487	-8227.57
738	0.245487	-8214.01
739	0.245487	-8202.9
740	0.245487	-8229.92
741	0.245487	-8233.94
742	0.245487	-8235.44
743	0.245487	-8218.68
744	0.245487	-8237.56
745	0.245487	-8212.77
746	0.245487	-8201.41
747	0.245487	-8209.41
748	0.245487	-8205.77
749	0.245487	-8215.44
750	0.245487	-8231.46
751	0.245487	-8237.2
752	0.245487	-8237.54
753	0.245487	-8218.78
754	0.245487	-8221.94
755	0.245487	-8226.43
756	0.245487	-8218.6
757	0.245487	-8234.87
758	0.245487	-8250.31
759	0.245487	-8226.36
760	0.245487	-8198.02
761	0.245487	-8201.23
762	0.245487	-8216.99
763	0.245487	-8217.38
764	0.245487	-8218.11
765	0.245487	-8231.92
766	0.245487	-8217.32
767	0.245487	-8206.84
768	0.245487	-8202.09
769	0.245487	-8242.43
770	0.245487	-8223.07
771	0.245487	-8199.73
772	0.245487	-8219.41
773	0.245487	-8229.55
774	0.245487	-8230.66
775	0.245487	-8231.9
776	0.245487	-8235.81
777	0.245487	-8203.67
778	0.245487	-8215.96
779	0.245487	-8233.51
780	0.245487	-8232.71
781	0.245487	-8225.87
782	0.245487	-8213.69
783	0.245487	-8223.28
784	0.245487	-8244.88
785	0.245487	-8235.24
786	0.245487	-8250.27
787	0.245487	-8228.01
788	0.245487	-8241.27
789	0.245487	-8228.35
790	0.245487	-8237.39
791	0.245487	-8240.88
792	0.245487	-8229.7
793	0.245487	-8218.06
794	0.245487	-8221.3
795	0.245487	-8239.92
796	0.245487	-8234.88
797	0.245487	-8229.65
798	0.245487	-8234.15
799	0.245487	-8255.29
800	0.245487	-8245.97
801	0.245487	-8245.27
802	0.245487	-8247.29
803	0.245487	-8242.59
804	0.245487	-8212.86
805	0.245487	-8213.14
806	0.245487	-8204.05
807	0.245487	-8215.22
808	0.245487	-8213.75
809	0.245487	-8224.68
810	0.245487	-8236.63
811	0.245487	-8218.29
812	0.245487	-8213.03
813	0.245487	-8243.75
814	0.245487	-8256.52
815	0.245487	-8239.57
816	0.245487	-8231.44
817	0.245487	-8220.73
818	0.245487	-8227.07
819	0.245487	-8214.96
820	0.245487	-8231.02
821	0.245487	-8213.12
822	0.245487	-8235.44
823	0.245487	-8217.1
824	0.245487	-8226.22
825	0.245487	-8227.15
826	0.245487	-8236.7
827	0.245487	-8237.8
828	0.245487	-8228.61
829	0.245487	-8227.33
830	0.245487	-8224.25
831	0.245487	-8217.54
832	0.245487	-8232.82
833	0.245487	-8245.07
834	0.245487	-8208.71
835	0.245487	-8207
836	0.245487	-8242.59
837	0.245487	-8228.11
838	0.245487	-8216.9
839	0.245487	-8208.85
840	0.245487	-8213.46
841	0.245487	-8200.6
842	0.245487	-8209.86
843	0.245487	-8201.99
844	0.245487	-8218.36
845	0.245487	-8220.09
846	0.245487	-8199.49
847	0.245487	-8217.32
848	0.245487	-8208.87
849	0.245487	-8217.99
850	0.245487	-8224.7
851	0.245487	-8215.53
852	0.245487	-8224.92
853	0.245487	-8246.94
854	0.245487	-8236.99
855	0.245487	-8235.83
856	0.245487	-8232.83
857	0.245487	-8247.66
858	0.245487	-8249.8
859	0.245487	-8226.59
860	0.245487	-8241.21
861	0.245487	-8237.57
862	0.245487	-8224.6
863	0.245487	-8212.05
864	0.245487	-8220.39
865	0.245487	-8218.34
866	0.245487	-8220.89
867	0.245487	-8245.41
868	0.245487	-8228.92
869	0.245487	-8218.93
870	0.245487	-8233.54
871	0.245487	-8228.65
872	0.245487	-8221.8
873	0.245487	-8245.08
874	0.245487	-8209.29
875	0.245487	-8212.22
876	0.245487	-8211.79
877	0.245487	-8230.42
878	0.245487	-8219.25
879	0.245487	-8223.32
880	0.245487	-8227.4
881	0.245487	-8234.93
882	0.245487	-8231.5
883	0.245487	-8233.69
884	0.245487	-8233.32
885	0.245487	-8245.87
886	0.245487	-8257.89
887	0.245487	-8245.33
888	0.245487	-8247.58
889	0.245487	-8249.48
890	0.245487	-8228.62
891	0.245487	-8208.49
892	0.245487	-8214.93
893	0.245487	-8221.33
894	0.245487	-8211.75
895	0.245487	-8237.16
896	0.245487	-8255.81
897	0.245487	-8259.37
898	0.245487	-8240.65
899	0.245487	-8242.49
900	0.245487	-8216.73
901	0.245487	-8216.08
902	0.245487	-8217.47
903	0.245487	-8216.62
904	0.245487	-8233.6
905	0.245487	-8219.1
906	0.245487	-8234.9
907	0.245487	-8210.46
908	0.245487	-8227.67
909	0.245487	-8256.48
910	0.245487	-8236.42
911	0.245487	-8252.39
912	0.245487	-8267.41
913	0.245487	-8241.73
914	0.245487	-8239.68
915	0.245487	-8235.45
916	0.245487	-8235.79
917	0.245487	-8226.23
918	0.245487	-8217.81
919	0.245487	-8224.21
920	0.245487	-8231.97
921	0.245487	-8227.36
922	0.245487	-8231.32
923	0.245487	-8224.77
924	0.245487	-8212.84
925	0.245487	-8208.76
926	0.245487	-8205.21
927	0.245487	-8196.63
928	0.245487	-8221.21
929	0.245487	-8218.02
930	0.245487	-8210.48
931	0.245487	-8207
932	0.245487	-8216.02
933	0.245487	-8193.5
934	0.245487	-8203.39
935	0.245487	-8232.53
936	0.245487	-8219.14
937	0.245487	-8226.39
938	0.245487	-8194.52
939	0.245487	-8208.39
940	0.245487	-8200.81
941	0.245487	-8224.71
942	0.245487	-8212.29
943	0.245487	-8218.15
944	0.245487	-8221.59
945	0.245487	-8232.94
946	0.245487	-8218.36
947	0.245487	-8225.57
948	0.245487	-8225.36
949	0.245487	-8248.96
950	0.245487	-8232.72
951	0.245487	-8242.94
952	0.245487	-8241.34
953	0.245487	-8237.62
954	0.245487	-8242.21
955	0.245487	-8261.68
956	0.245487	-8249.68
957	0.245487	-8239.38
958	0.245487	-8250.92
959	0.245487	-8226.43
960	0.245487	-8230.45
961	0.245487	-8233.25
962	0.245487	-8240.96
963	0.245487	-8245.18
964	0.245487	-8238.51
965	0.245487	-8228.32
966	0.245487	-8253.49
967	0.245487	-8230.19
968	0.245487	-8217.4
969	0.245487	-8221.71
970	0.245487	-8221.82
971	0.245487	-8219.15
972	0.245487	-8228.75
973	0.245487	-8233.74
974	0.245487	-8224.73
975	0.245487	-8207.61
976	0.245487	-8213.14
977	0.245487	-8213.35
978	0.245487	-8227.44
979	0.245487	-8228.38
980	0.245487	-8240.46
981	0.245487	-8207.75
982	0.245487	-8199.3
983	0.245487	-8211.24
984	0.245487	-8221.83
985	0.245487	-8217.12
986	0.245487	-8244.17
987	0.245487	-8232.5
988	0.245487	-8235.84
989	0.245487	-8272.34
990	0.245487	-8246.52
991	0.245487	-8225.53
992	0.245487	-8240.18
993	0.245487	-8227.58
994	0.245487	-8232.74
995	0.245487	-8227.95
996	0.245487	-8212.03
997	0.245487	-8224.1
998	0.245487	-8236.9
999	0.245487	-8229.58
1000	0.245487	-8251.1
251	0.214058	-8217.21
252	0.214058	-8219.08
253	0.214058	-8238.57
254	0.214058	-8241.77
255	0.214058	-8238.36
256	0.214058	-8258.33
257	0.214058	-8243.02
258	0.214058	-8250.23
259	0.214058	-8240.74
260	0.214058	-8247.24
261	0.214058	-8259.39
262	0.214058	-8259.85
263	0.214058	-8219.23
264	0.214058	-8230.76
265	0.214058	-8226.04
266	0.214058	-8229.21
267	0.214058	-8239.99
268	0.214058	-8249.67
269	0.214058	-8230.79
270	0.214058	-8231.59
271	0.214058	-8212.09
272	0.214058	-8212.23
273	0.214058	-8207.08
274	0.214058	-8215.32
275	0.214058	-8200.98
276	0.214058	-8216.22
277	0.214058	-8209.42
278	0.214058	-8211.97
279	0.214058	-8224.13
280	0.214058	-8196.37
281	0.214058	-8216.04
282	0.214058	-8230.49
283	0.214058	-8236.07
284	0.214058	-8214.78
285	0.214058	-8206.14
286	0.214058	-8219.46
287	0.214058	-8233.11
288	0.214058	-8217.85
289	0.214058	-8221.5
290	0.214058	-8233.57
291	0.214058	-8234.13
292	0.214058	-8224.48
293	0.214058	-8259.42
294	0.214058	-8248.83
295	0.214058	-8221.56
296	0.214058	-8212.91
297	0.214058	-8205.46
298	0.214058	-8221.68
299	0.214058	-8237.5
300	0.214058	-8249.59
301	0.214058	-8247.28
302	0.214058	-8231.21
303	0.214058	-8228.77
304	0.214058	-8236.34
305	0.214058	-8240.6
306	0.214058	-8222.47
307	0.214058	-8249.47
308	0.214058	-8232.64
309	0.214058	-8232.73
310	0.214058	-8237.71
311	0.214058	-8246.62
312	0.214058	-8242.91
313	0.214058	-8227.14
314	0.214058	-8237.45
315	0.214058	-8238.43
316	0.214058	-8258.47
317	0.214058	-8238.84
318	0.214058	-8238.8
319	0.214058	-8257.35
320	0.214058	-8235.92
321	0.214058	-8230.64
322	0.214058	-8203.87
323	0.214058	-8210.26
324	0.214058	-8237.88
325	0.214058	-8227.02
326	0.214058	-8231.9
327	0.214058	-8251.61
328	0.214058	-8216.78
329	0.214058	-8225.29
330	0.214058	-8224.78
331	0.214058	-8254.35
332	0.214058	-8252.1
333	0.214058	-8236
334	0.214058	-8223.23
335	0.214058	-8240.52
336	0.214058	-8251.48
337	0.214058	-8238.95
338	0.214058	-8267.2
339	0.214058	-8247.13
340	0.214058	-8246.75
341	0.214058	-8241.33
342	0.214058	-8234.36
343	0.214058	-8225.95
344	0.214058	-8234.54
345	0.214058	-8206.76
346	0.214058	-8211.04
347	0.214058	-8213.92
348	0.214058	-8208.92
349	0.214058	-8200.18
350	0.214058	-8203.12
351	0.214058	-8206.51
352	0.214058	-8215.08
353	0.214058	-8237.28
354	0.214058	-8246.42
355	0.214058	-8223.78
356	0.214058	-8221.37
357	0.214058	-8231.87
358	0.214058	-8221.21
359	0.214058	-8231.18
360	0.214058	-8220.34
361	0.214058	-8214.58
362	0.214058	-8221.76
363	0.214058	-8213.68
364	0.214058	-8242.37
365	0.214058	-8272.87
366	0.214058	-8251.18
367	0.214058	-8253.87
368	0.214058	-8304.57
369	0.214058	-8287.43
370	0.214058	-8292.23
371	0.214058	-8258.7
372	0.214058	-8251.13
373	0.214058	-8212.49
374	0.214058	-8219.12
375	0.214058	-8225.79
376	0.214058	-8229.65
377	0.214058	-8234.08
378	0.214058	-8244.17
379	0.214058	-8243.03
380	0.214058	-8233.03
381	0.214058	-8235.74
382	0.214058	-8240.97
383	0.214058	-8256.32
384	0.214058	-8243.64
385	0.214058	-8260.12
386	0.214058	-8257.3
387	0.214058	-8289.04
388	0.214058	-8273.56
389	0.214058	-8264.2
390	0.214058	-8241.15
391	0.214058	-8250.28
392	0.214058	-8247.52
393	0.214058	-8227.67
394	0.214058	-8230.8
395	0.214058	-8235.67
396	0.214058	-8236.16
397	0.214058	-8223.29
398	0.214058	-8225.01
399	0.214058	-8227.17
400	0.214058	-8221.39
401	0.214058	-8230.92
402	0.214058	-8229.75
403	0.214058	-8229.29
404	0.214058	-8231.37
405	0.214058	-8249.86
406	0.214058	-8275.87
407	0.214058	-8264.3
408	0.214058	-8218.41
409	0.214058	-8205.35
410	0.214058	-8202.36
411	0.214058	-8207.58
412	0.214058	-8226.37
413	0.214058	-8238.82
414	0.214058	-8227.02
415	0.214058	-8231.2
416	0.214058	-8225.04
417	0.214058	-8243.66
418	0.214058	-8229.22
419	0.214058	-8232.12
420	0.214058	-8240.3
421	0.214058	-8239.29
422	0.214058	-8201.5
423	0.214058	-8208.28
424	0.214058	-8201.92
425	0.214058	-8201.52
426	0.214058	-8194.08
427	0.214058	-8197.53
428	0.214058	-8208.89
429	0.214058	-8211.15
430	0.214058	-8207.85
431	0.214058	-8235.61
432	0.214058	-8257.12
433	0.214058	-8222.22
434	0.214058	-8216.27
435	0.214058	-8232.59
436	0.214058	-8227.66
437	0.214058	-8278.42
438	0.214058	-8298.98
439	0.214058	-8290.44
440	0.214058	-8253.5
441	0.214058	-8235.67
442	0.214058	-8242.08
443	0.214058	-8228.97
444	0.214058	-8207.99
445	0.214058	-8227.88
446	0.214058	-8229.91
447	0.214058	-8240.04
448	0.214058	-8264.45
449	0.214058	-8230.97
450	0.214058	-8244.16
451	0.214058	-8219.38
452	0.214058	-8244.4
453	0.214058	-8223.28
454	0.214058	-8233.79
455	0.214058	-8223.2
456	0.214058	-8229.27
457	0.214058	-8273.51
458	0.214058	-8267.67
459	0.214058	-8248.64
460	0.214058	-8248.34
461	0.214058	-8234.79
462	0.214058	-8244.78
463	0.214058	-8269.63
464	0.214058	-8259.32
465	0.214058	-8217.34
466	0.214058	-8213.43
467	0.214058	-8228.11
468	0.214058	-8225.3
469	0.214058	-8220.28
470	0.214058	-8227.91
471	0.214058	-8224.93
472	0.214058	-8264.38
473	0.214058	-8248.4
474	0.214058	-8254.99
475	0.214058	-8267.53
476	0.214058	-8262.04
477	0.214058	-8258.66
478	0.214058	-8244.88
479	0.214058	-8262.43
480	0.214058	-8244.67
481	0.214058	-8233.17
482	0.214058	-8221.18
483	0.214058	-8232.92
484	0.214058	-8212.73
485	0.214058	-8215.75
486	0.214058	-8222.1
487	0.214058	-8219.55
488	0.214058	-8239.29
489	0.214058	-8240.68
490	0.214058	-8245.29
491	0.214058	-8239.07
492	0.214058	-8261.3
493	0.214058	-8264.89
494	0.214058	-8251.94
495	0.214058	-8239.91
496	0.214058	-8229.52
497	0.214058	-8229.1
498	0.214058	-8242.66
499	0.214058	-8216.75
500	0.214058	-8221.77
501	0.214058	-8226.56
502	0.214058	-8239.05
503	0.214058	-8240.5
504	0.214058	-8227.28
505	0.214058	-8253.42
506	0.214058	-8204.76
507	0.214058	-8205.37
508	0.214058	-8209.18
509	0.214058	-8228.4
510	0.214058	-8232.46
511	0.214058	-8218.17
512	0.214058	-8226.51
513	0.214058	-8230.12
514	0.214058	-8254.08
515	0.214058	-8253.36
516	0.214058	-8218.59
517	0.214058	-8219.88
518	0.214058	-8225.58
519	0.214058	-8225.18
520	0.214058	-8221.74
521	0.214058	-8234.9
522	0.214058	-8224.57
523	0.214058	-8244.39
524	0.214058	-8239.64
525	0.214058	-8236.19
526	0.214058	-8245.45
527	0.214058	-8251.27
528	0.214058	-8239.77
529	0.214058	-8229.59
530	0.214058	-8228.81
531	0.214058	-8235.85
532	0.214058	-8211.11
533	0.214058	-8229.19
534	0.214058	-8244.6
535	0.214058	-8231.15
536	0.214058	-8223.72
537	0.214058	-8238.21
538	0.214058	-8227.56
539	0.214058	-8207.43
540	0.214058	-8202.42
541	0.214058	-8232.21
542	0.214058	-8236.55
543	0.214058	-8218.48
544	0.214058	-8233.02
545	0.214058	-8252.27
546	0.214058	-8235.27
547	0.214058	-8242.46
548	0.214058	-8224.02
549	0.214058	-8241.9
550	0.214058	-8221.27
551	0.214058	-8231.63
552	0.214058	-8248.75
553	0.214058	-8272.57
554	0.214058	-8283.45
555	0.214058	-8259.29
556	0.214058	-8270.94
557	0.214058	-8259.9
558	0.214058	-8259.82
559	0.214058	-8272.92
560	0.214058	-8281.73
561	0.214058	-8223.87
562	0.214058	-8248.75
563	0.214058	-8247
564	0.214058	-8237.33
565	0.214058	-8260.67
566	0.214058	-8236.91
567	0.214058	-8254.68
568	0.214058	-8266.34
569	0.214058	-8276.1
570	0.214058	-8229.63
571	0.214058	-8249.88
572	0.214058	-8257.7
573	0.214058	-8262.84
574	0.214058	-8257.41
575	0.214058	-8260.72
576	0.214058	-8270.27
577	0.214058	-8268.22
578	0.214058	-8279.94
579	0.214058	-8232.17
580	0.214058	-8225.25
581	0.214058	-8220.58
582	0.214058	-8260.72
583	0.214058	-8258.21
584	0.214058	-8232.2
585	0.214058	-8234.42
586	0.214058	-8266.62
587	0.214058	-8231.78
588	0.214058	-8233.12
589	0.214058	-8254.33
590	0.214058	-8247.64
591	0.214058	-8240.47
592	0.214058	-8237.85
593	0.214058	-8214.95
594	0.214058	-8221.72
595	0.214058	-8217.83
596	0.214058	-8204.37
597	0.214058	-8219.8
598	0.214058	-8212.71
599	0.214058	-8201.84
600	0.214058	-8199.52
601	0.214058	-8208.66
602	0.214058	-8194.33
603	0.214058	-8217.9
604	0.214058	-8217.34
605	0.214058	-8224.84
606	0.214058	-8245.9
607	0.214058	-8260.69
608	0.214058	-8261.75
609	0.214058	-8235.05
610	0.214058	-8240.91
611	0.214058	-8248.43
612	0.214058	-8221.36
613	0.214058	-8224.46
614	0.214058	-8213.3
615	0.214058	-8221.71
616	0.214058	-8221.61
617	0.214058	-8229.62
618	0.214058	-8242.51
619	0.214058	-8261.25
620	0.214058	-8217.9
621	0.214058	-8208.95
622	0.214058	-8218.72
623	0.214058	-8202.33
624	0.214058	-8225.57
625	0.214058	-8226.9
626	0.214058	-8235.21
627	0.214058	-8234.95
628	0.214058	-8223.5
629	0.214058	-8238.21
630	0.214058	-8236.58
631	0.214058	-8222.37
632	0.214058	-8217.97
633	0.214058	-8218
634	0.214058	-8202.86
635	0.214058	-8227.7
636	0.214058	-8212.96
637	0.214058	-8221.78
638	0.214058	-8250.67
639	0.214058	-8219.67
640	0.214058	-8234.94
641	0.214058	-8234.62
642	0.214058	-8228.76
643	0.214058	-8235.27
644	0.214058	-8238.27
645	0.214058	-8245.43
646	0.214058	-8217.53
647	0.214058	-8263.31
648	0.214058	-8241.24
649	0.214058	-8222.61
650	0.214058	-8218.97
651	0.214058	-8214.89
652	0.214058	-8210.48
653	0.214058	-8216.4
654	0.214058	-8221.22
655	0.214058	-8203.28
656	0.214058	-8204.2
657	0.214058	-8214.01
658	0.214058	-8239.02
659	0.214058	-8235.09
660	0.214058	-8234.67
661	0.214058	-8223.04
662	0.214058	-8222.39
663	0.214058	-8222.42
664	0.214058	-8215.35
665	0.214058	-8228.22
666	0.214058	-8224.74
667	0.214058	-8217.85
668	0.214058	-8237.23
669	0.214058	-8247.33
670	0.214058	-8250.62
671	0.214058	-8259.87
672	0.214058	-8262.52
673	0.214058	-8275.06
674	0.214058	-8242.46
675	0.214058	-8243.07
676	0.214058	-8239.42
677	0.214058	-8261.37
678	0.214058	-8256.28
679	0.214058	-8259.3
680	0.214058	-8243.7
681	0.214058	-8221.1
682	0.214058	-8217.7
683	0.214058	-8201.26
684	0.214058	-8200.06
685	0.214058	-8225.13
686	0.214058	-8222.23
687	0.214058	-8238.68
688	0.214058	-8233.85
689	0.214058	-8221.8
690	0.214058	-8227.21
691	0.214058	-8216.34
692	0.214058	-8236.65
693	0.214058	-8232.69
694	0.214058	-8231.95
695	0.214058	-8270.95
696	0.214058	-8234.01
697	0.214058	-8266.7
698	0.214058	-8215.03
699	0.214058	-8220.65
700	0.214058	-8233.9
701	0.214058	-8229.21
702	0.214058	-8219.97
703	0.214058	-8232.76
704	0.214058	-8251.27
705	0.214058	-8228.39
706	0.214058	-8243.21
707	0.214058	-8240.62
708	0.214058	-8232.65
709	0.214058	-8200.31
710	0.214058	-8191.4
711	0.214058	-8231.63
712	0.214058	-8235.52
713	0.214058	-8240.5
714	0.214058	-8248.81
715	0.214058	-8244.01
716	0.214058	-8251.17
717	0.214058	-8231
718	0.214058	-8218.07
719	0.214058	-8213.64
720	0.214058	-8220.18
721	0.214058	-8221.24
722	0.214058	-8232.41
723	0.214058	-8241.25
724	0.214058	-8251.38
725	0.214058	-8236.88
726	0.214058	-8223.66
727	0.214058	-8209.36
728	0.214058	-8255.17
729	0.214058	-8233.88
730	0.214058	-8244.32
731	0.214058	-8232.81
732	0.214058	-8242.2
733	0.214058	-8219.06
734	0.214058	-8237.71
735	0.214058	-8217.76
736	0.214058	-8210.4
737	0.214058	-8212.6
738	0.214058	-8218.7
739	0.214058	-8227.08
740	0.214058	-8229.92
741	0.214058	-8224.76
742	0.214058	-8219.92
743	0.214058	-8219.39
744	0.214058	-8218.05
745	0.214058	-8238.44
746	0.214058	-8238.26
747	0.214058	-8244.41
748	0.214058	-8240.28
749	0.214058	-8264.67
750	0.214058	-8299.28
751	0.214058	-8269.24
752	0.214058	-8248.1
753	0.214058	-8241.34
754	0.214058	-8261
755	0.214058	-8247.15
756	0.214058	-8251.59
757	0.214058	-8238.9
758	0.214058	-8255.81
759	0.214058	-8269.98
760	0.214058	-8288.25
761	0.214058	-8273.26
762	0.214058	-8275.95
763	0.214058	-8275.7
764	0.214058	-8284.26
765	0.214058	-8267.1
766	0.214058	-8241.41
767	0.214058	-8227.75
768	0.214058	-8256.21
769	0.214058	-8276.05
770	0.214058	-8257.18
771	0.214058	-8257.22
772	0.214058	-8256.83
773	0.214058	-8288.2
774	0.214058	-8277.77
775	0.214058	-8237.93
776	0.214058	-8245.5
777	0.214058	-8212.29
778	0.214058	-8210.56
779	0.214058	-8206.08
780	0.214058	-8201.14
781	0.214058	-8231.59
782	0.214058	-8221.84
783	0.214058	-8250.81
784	0.214058	-8242.98
785	0.214058	-8239.74
786	0.214058	-8266.36
787	0.214058	-8266.81
788	0.214058	-8239.49
789	0.214058	-8248
790	0.214058	-8248.4
791	0.214058	-8247.17
792	0.214058	-8222.17
793	0.214058	-8220.33
794	0.214058	-8221.95
795	0.214058	-8228.64
796	0.214058	-8220.31
797	0.214058	-8216.75
798	0.214058	-8225.92
799	0.214058	-8203.83
800	0.214058	-8235.97
801	0.214058	-8250.57
802	0.214058	-8286.22
803	0.214058	-8261.35
804	0.214058	-8253.28
805	0.214058	-8286.18
806	0.214058	-8261.64
807	0.214058	-8232.11
808	0.214058	-8252.05
809	0.214058	-8260.86
810	0.214058	-8233.38
811	0.214058	-8267.01
812	0.214058	-8224.42
813	0.214058	-8218.9
814	0.214058	-8208.89
815	0.214058	-8238.09
816	0.214058	-8243.99
817	0.214058	-8251.24
818	0.214058	-8281.85
819	0.214058	-8255.18
820	0.214058	-8248.15
821	0.214058	-8228.41
822	0.214058	-8221.77
823	0.214058	-8222.47
824	0.214058	-8204.89
825	0.214058	-8229.42
826	0.214058	-8234.02
827	0.214058	-8236.58
828	0.214058	-8227.92
829	0.214058	-8212.42
830	0.214058	-8218.54
831	0.214058	-8228.89
832	0.214058	-8249
833	0.214058	-8245.6
834	0.214058	-8232.46
835	0.214058	-8230.92
836	0.214058	-8221.16
837	0.214058	-8222.33
838	0.214058	-8228.21
839	0.214058	-8241.12
840	0.214058	-8223.86
841	0.214058	-8259.62
842	0.214058	-8239.4
843	0.214058	-8268.06
844	0.214058	-8243.91
845	0.214058	-8252.94
846	0.214058	-8248.93
847	0.214058	-8215.21
848	0.214058	-8219.87
849	0.214058	-8248.62
850	0.214058	-8229.96
851	0.214058	-8220.41
852	0.214058	-8235.45
853	0.214058	-8244.95
854	0.214058	-8244.36
855	0.214058	-8235.52
856	0.214058	-8215.2
857	0.214058	-8221.98
858	0.214058	-8222.83
859	0.214058	-8241.67
860	0.214058	-8242.12
861	0.214058	-8225.11
862	0.214058	-8228.91
863	0.214058	-8219.37
864	0.214058	-8228.35
865	0.214058	-8279.18
866	0.214058	-8285.71
867	0.214058	-8300.52
868	0.214058	-8275.79
869	0.214058	-8226.83
870	0.214058	-8214.2
871	0.214058	-8226.62
872	0.214058	-8229.55
873	0.214058	-8236.94
874	0.214058	-8218.58
875	0.214058	-8232.22
876	0.214058	-8236.78
877	0.214058	-8223.2
878	0.214058	-8240.79
879	0.214058	-8238.91
880	0.214058	-8254.51
881	0.214058	-8259.75
882	0.214058	-8245.47
883	0.214058	-8235.67
884	0.214058	-8217.64
885	0.214058	-8227.53
886	0.214058	-8237.53
887	0.214058	-8235.82
888	0.214058	-8217.25
889	0.214058	-8200.55
890	0.214058	-8219.93
891	0.214058	-8234.68
892	0.214058	-8247.17
893	0.214058	-8233.84
894	0.214058	-8251.85
895	0.214058	-8244.75
896	0.214058	-8235.23
897	0.214058	-8254.64
898	0.214058	-8235.88
899	0.214058	-8228.62
900	0.214058	-8231.73
901	0.214058	-8248.91
902	0.214058	-8237.61
903	0.214058	-8213.42
904	0.214058	-8205.67
905	0.214058	-8221.8
906	0.214058	-8213.6
907	0.214058	-8219.4
908	0.214058	-8231.43
909	0.214058	-8242.29
910	0.214058	-8221.96
911	0.214058	-8244.2
912	0.214058	-8227.31
913	0.214058	-8259.61
914	0.214058	-8244.13
915	0.214058	-8258.73
916	0.214058	-8233.11
917	0.214058	-8237.8
918	0.214058	-8213.88
919	0.214058	-8214.96
920	0.214058	-8239.69
921	0.214058	-8254.06
922	0.214058	-8260.43
923	0.214058	-8248.23
924	0.214058	-8258.3
925	0.214058	-8243.59
926	0.214058	-8235.56
927	0.214058	-8240.72
928	0.214058	-8235.38
929	0.214058	-8235.75
930	0.214058	-8229.4
931	0.214058	-8220.02
932	0.214058	-8226.7
933	0.214058	-8222.03
934	0.214058	-8235.01
935	0.214058	-8239.61
936	0.214058	-8237.24
937	0.214058	-8236.5
938	0.214058	-8235.66
939	0.214058	-8265.65
940	0.214058	-8268.66
941	0.214058	-8266.92
942	0.214058	-8246.11
943	0.214058	-8271.06
944	0.214058	-8247.49
945	0.214058	-8231.22
946	0.214058	-8203.75
947	0.214058	-8215.74
948	0.214058	-8220.63
949	0.214058	-8246.38
950	0.214058	-8229.36
951	0.214058	-8234.6
952	0.214058	-8232.43
953	0.214058	-8233.6
954	0.214058	-8240.34
955	0.214058	-8229.05
956	0.214058	-8234.4
957	0.214058	-8243.87
958	0.214058	-8233.15
959	0.214058	-8224.18
960	0.214058	-8232.64
961	0.214058	-8215.88
962	0.214058	-8213.95
963	0.214058	-8230.09
964	0.214058	-8249.59
965	0.214058	-8255.09
966	0.214058	-8235.7
967	0.214058	-8239
968	0.214058	-8252.74
969	0.214058	-8227.51
970	0.214058	-8216.75
971	0.214058	-8216.53
972	0.214058	-8223.43
973	0.214058	-8234.9
974	0.214058	-8238.91
975	0.214058	-8262.76
976	0.214058	-8239.44
977	0.214058	-8229.48
978	0.214058	-8217.41
979	0.214058	-8208.78
980	0.214058	-8231.8
981	0.214058	-8227.27
982	0.214058	-8215.88
983	0.214058	-8224.16
984	0.214058	-8219.47
985	0.214058	-8206.04
986	0.214058	-8243.09
987	0.214058	-8245.71
988	0.214058	-8211.36
989	0.214058	-8203.6
990	0.214058	-8219.7
991	0.214058	-8212.97
992	0.214058	-8219.94
993	0.214058	-8222.84
994	0.214058	-8212.35
995	0.214058	-8205.65
996	0.214058	-8219.45
997	0.214058	-8231.54
998	0.214058	-8238.4
999	0.214058	-8223.8
1000	0.214058	-8240.21
251	0.185935	-8265.26
252	0.185935	-8285.57
253	0.185935	-8286
254	0.185935	-8253.8
255	0.185935	-8276.7
256	0.185935	-8275.26
257	0.185935	-8252.93
258	0.185935	-8255.4
259	0.185935	-8289.21
260	0.185935	-8281.49
261	0.185935	-8293.29
262	0.185935	-8278.97
263	0.185935	-8286.14
264	0.185935	-8262.73
265	0.185935	-8243.26
266	0.185935	-8222.95
267	0.185935	-8235.73
268	0.185935	-8248
269	0.185935	-8255.4
270	0.185935	-8269.01
271	0.185935	-8298.1
272	0.185935	-8324.26
273	0.185935	-8261.46
274	0.185935	-8255.47
275	0.185935	-8264.7
276	0.185935	-8254.69
277	0.185935	-8235.17
278	0.185935	-8267.89
279	0.185935	-8257.2
280	0.185935	-8222.21
281	0.185935	-8216.22
282	0.185935	-8210.1
283	0.185935	-8226.79
284	0.185935	-8254.59
285	0.185935	-8304.54
286	0.185935	-8273.3
287	0.185935	-8275.41
288	0.185935	-8264.07
289	0.185935	-8249.88
290	0.185935	-8217.8
291	0.185935	-8208.12
292	0.185935	-8215.33
293	0.185935	-8214.73
294	0.185935	-8211.17
295	0.185935	-8246.91
296	0.185935	-8256.85
297	0.185935	-8241.61
298	0.185935	-8255.9
299	0.185935	-8231.86
300	0.185935	-8253.87
301	0.185935	-8243.48
302	0.185935	-8247.14
303	0.185935	-8270.83
304	0.185935	-8282.48
305	0.185935	-8282.55
306	0.185935	-8257.67
307	0.185935	-8262.82
308	0.185935	-8261.49
309	0.185935	-8235.47
310	0.185935	-8221.59
311	0.185935	-8247.01
312	0.185935	-8252.73
313	0.185935	-8221.11
314	0.185935	-8232.09
315	0.185935	-8250.34
316	0.185935	-8252.46
317	0.185935	-8255.16
318	0.185935	-8259.35
319	0.185935	-8240.14
320	0.185935	-8236.78
321	0.185935	-8235.26
322	0.185935	-8224.63
323	0.185935	-8230.38
324	0.185935	-8234.37
325	0.185935	-8232.61
326	0.185935	-8215.14
327	0.185935	-8231.32
328	0.185935	-8251.56
329	0.185935	-8259.88
330	0.185935	-8253.83
331	0.185935	-8248.22
332	0.185935	-8249.36
333	0.185935	-8269.75
334	0.185935	-8240.73
335	0.185935	-8254.85
336	0.185935	-8232.67
337	0.185935	-8241.19
338	0.185935	-8236.58
339	0.185935	-8249.51
340	0.185935	-8234.66
341	0.185935	-8242.2
342	0.185935	-8216.99
343	0.185935	-8218.02
344	0.185935	-8217.94
345	0.185935	-8223.36
346	0.185935	-8276.47
347	0.185935	-8270.88
348	0.185935	-8250.98
349	0.185935	-8234.84
350	0.185935	-8251.97
351	0.185935	-8236.73
352	0.185935	-8252.09
353	0.185935	-8253.08
354	0.185935	-8235.03
355	0.185935	-8232.65
356	0.185935	-8215.67
357	0.185935	-8225.24
358	0.185935	-8243.05
359	0.185935	-8252.77
360	0.185935	-8241.48
361	0.185935	-8280.48
362	0.185935	-8284.47
363	0.185935	-8270.97
364	0.185935	-8245.54
365	0.185935	-8250.79
366	0.185935	-8246.25
367	0.185935	-8218.63
368	0.185935	-8225.1
369	0.185935	-8217.31
370	0.185935	-8243.14
371	0.185935	-8285.87
372	0.185935	-8269.3
373	0.185935	-8251.7
374	0.185935	-8226.83
375	0.185935	-8234.26
376	0.185935	-8222.63
377	0.185935	-8224.84
378	0.185935	-8204.59
379	0.185935	-8216.28
380	0.185935	-8236.19
381	0.185935	-8245.95
382	0.185935	-8255.52
383	0.185935	-8254.28
384	0.185935	-8280.01
385	0.185935	-8304.95
386	0.185935	-8257.84
387	0.185935	-8249.75
388	0.185935	-8244.97
389	0.185935	-8227.97
390	0.185935	-8226.76
391	0.185935	-8263.13
392	0.185935	-8242.14
393	0.185935	-8265.3
394	0.185935	-8248.76
395	0.185935	-8240.09
396	0.185935	-8226.12
397	0.185935	-8235.37
398	0.185935	-8261.59
399	0.185935	-8251.85
400	0.185935	-8268.06
401	0.185935	-8268.64
402	0.185935	-8230.04
403	0.185935	-8254.1
404	0.185935	-8288.39
405	0.185935	-8286.31
406	0.185935	-8276.6
407	0.185935	-8265.69
408	0.185935	-8237.67
409	0.185935	-8248.7
410	0.185935	-8237.43
411	0.185935	-8226.67
412	0.185935	-8237.54
413	0.185935	-8226.79
414	0.185935	-8218.17
415	0.185935	-8234.91
416	0.185935	-8247.72
417	0.185935	-8255.13
418	0.185935	-8218.71
419	0.185935	-8247.02
420	0.185935	-8223.36
421	0.185935	-8244.27
422	0.185935	-8240.02
423	0.185935	-8229.1
424	0.185935	-8237.6
425	0.185935	-8247.24
426	0.185935	-8237.18
427	0.185935	-8250.72
428	0.185935	-8220.88
429	0.185935	-8222.85
430	0.185935	-8237.63
431	0.185935	-8240.04
432	0.185935	-8262.17
433	0.185935	-8212.12
434	0.185935	-8258.13
435	0.185935	-8275.49
436	0.185935	-8255.17
437	0.185935	-8260.55
438	0.185935	-8255.65
439	0.185935	-8213.96
440	0.185935	-8216.5
441	0.185935	-8225.52
442	0.185935	-8240.69
443	0.185935	-8241.21
444	0.185935	-8257.23
445	0.185935	-8263.9
446	0.185935	-8249.94
447	0.185935	-8233.94
448	0.185935	-8238.23
449	0.185935	-8266.52
450	0.185935	-8249.06
451	0.185935	-8256.24
452	0.185935	-8241.89
453	0.185935	-8244.82
454	0.185935	-8263.39
455	0.185935	-8266.99
456	0.185935	-8265.86
457	0.185935	-8233.45
458	0.185935	-8242.36
459	0.185935	-8251.56
460	0.185935	-8243.08
461	0.185935	-8229.17
462	0.185935	-8245.2
463	0.185935	-8258.95
464	0.185935	-8258.44
465	0.185935	-8281.53
466	0.185935	-8227.77
467	0.185935	-8247.28
468	0.185935	-8264.94
469	0.185935	-8277.91
470	0.185935	-8267.98
471	0.185935	-8273.73
472	0.185935	-8244.71
473	0.185935	-8251.02
474	0.185935	-8243.52
475	0.185935	-8237.32
476	0.185935	-8238.71
477	0.185935	-8248.54
478	0.185935	-8275.33
479	0.185935	-8272.67
480	0.185935	-8244.15
481	0.185935	-8230.75
482	0.185935	-8224.6
483	0.185935	-8214.77
484	0.185935	-8222.97
485	0.185935	-8231.18
486	0.185935	-8228.7
487	0.185935	-8240.76
488	0.185935	-8231.19
489	0.185935	-8224.74
490	0.185935	-8205.55
491	0.185935	-8231.8
492	0.185935	-8237.69
493	0.185935	-8260.84
494	0.185935	-8223.93
495	0.185935	-8233.61
496	0.185935	-8223.07
497	0.185935	-8203.76
498	0.185935	-8211.15
499	0.185935	-8230.81
500	0.185935	-8273.1
501	0.185935	-8251.91
502	0.185935	-8218.91
503	0.185935	-8209.67
504	0.185935	-8231.59
505	0.185935	-8242.31
506	0.185935	-8261.43
507	0.185935	-8263.05
508	0.185935	-8219.01
509	0.185935	-8224.31
510	0.185935	-8241.66
511	0.185935	-8250.6
512	0.185935	-8250.75
513	0.185935	-8252.7
514	0.185935	-8248.79
515	0.185935	-8246.3
516	0.185935	-8254.58
517	0.185935	-8239.98
518	0.185935	-8257.03
519	0.185935	-8265.42
520	0.185935	-8292.92
521	0.185935	-8259.96
522	0.185935	-8269.81
523	0.185935	-8299.48
524	0.185935	-8265.98
525	0.185935	-8259.32
526	0.185935	-8260.48
527	0.185935	-8266.89
528	0.185935	-8273.5
529	0.185935	-8266.1
530	0.185935	-8257.19
531	0.185935	-8242.32
532	0.185935	-8215.95
533	0.185935	-8217.97
534	0.185935	-8232.3
535	0.185935	-8223.14
536	0.185935	-8234.53
537	0.185935	-8233.01
538	0.185935	-8248.36
539	0.185935	-8250.6
540	0.185935	-8250.49
541	0.185935	-8253.62
542	0.185935	-8264.71
543	0.185935	-8253.07
544	0.185935	-8224.53
545	0.185935	-8242.64
546	0.185935	-8235.73
547	0.185935	-8218.01
548	0.185935	-8223.56
549	0.185935	-8239.1
550	0.185935	-8267.7
551	0.185935	-8223.55
552	0.185935	-8234.32
553	0.185935	-8217.19
554	0.185935	-8221.49
555	0.185935	-8213.48
556	0.185935	-8246.61
557	0.185935	-8230.17
558	0.185935	-8225.35
559	0.185935	-8205.43
560	0.185935	-8239.23
561	0.185935	-8243.45
562	0.185935	-8271.03
563	0.185935	-8233.8
564	0.185935	-8242.65
565	0.185935	-8230.28
566	0.185935	-8249.06
567	0.185935	-8255.9
568	0.185935	-8238.67
569	0.185935	-8239.03
570	0.185935	-8223.03
571	0.185935	-8214.37
572	0.185935	-8232.71
573	0.185935	-8222.29
574	0.185935	-8211.03
575	0.185935	-8241.41
576	0.185935	-8214.95
577	0.185935	-8226.45
578	0.185935	-8227.97
579	0.185935	-8219.14
580	0.185935	-8233.03
581	0.185935	-8214.07
582	0.185935	-8213.46
583	0.185935	-8224.19
584	0.185935	-8263.14
585	0.185935	-8271.16
586	0.185935	-8229.06
587	0.185935	-8234.71
588	0.185935	-8233.78
589	0.185935	-8250.15
590	0.185935	-8251.06
591	0.185935	-8230.64
592	0.185935	-8239.18
593	0.185935	-8239.48
594	0.185935	-8254.72
595	0.185935	-8264.12
596	0.185935	-8299.17
597	0.185935	-8316.02
598	0.185935	-8268.25
599	0.185935	-8296.75
600	0.185935	-8255.45
601	0.185935	-8244.01
602	0.185935	-8249.53
603	0.185935	-8257.06
604	0.185935	-8247.9
605	0.185935	-8250.33
606	0.185935	-8218.93
607	0.185935	-8246.63
608	0.185935	-8238.34
609	0.185935	-8222.4
610	0.185935	-8237.63
611	0.185935	-8237.16
612	0.185935	-8234.47
613	0.185935	-8232.62
614	0.185935	-8256.04
615	0.185935	-8259.35
616	0.185935	-8242.94
617	0.185935	-8254.78
618	0.185935	-8240.2
619	0.185935	-8249.28
620	0.185935	-8223.55
621	0.185935	-8252.83
622	0.185935	-8230.18
623	0.185935	-8238.86
624	0.185935	-8244.13
625	0.185935	-8236.44
626	0.185935	-8215.99
627	0.185935	-8255.77
628	0.185935	-8251.74
629	0.185935	-8245.19
630	0.185935	-8249.02
631	0.185935	-8278.76
632	0.185935	-8278.07
633	0.185935	-8292
634	0.185935	-8314.58
635	0.185935	-8305.33
636	0.185935	-8260.13
637	0.185935	-8244.23
638	0.185935	-8237.09
639	0.185935	-8252.3
640	0.185935	-8266.56
641	0.185935	-8242.23
642	0.185935	-8250.97
643	0.185935	-8252.89
644	0.185935	-8244.93
645	0.185935	-8263.63
646	0.185935	-8255.66
647	0.185935	-8235.85
648	0.185935	-8240.83
649	0.185935	-8239.39
650	0.185935	-8249.56
651	0.185935	-8234
652	0.185935	-8249.52
653	0.185935	-8248.65
654	0.185935	-8253.54
655	0.185935	-8236.27
656	0.185935	-8282.97
657	0.185935	-8225.04
658	0.185935	-8230.15
659	0.185935	-8235.97
660	0.185935	-8227.31
661	0.185935	-8250.46
662	0.185935	-8281.86
663	0.185935	-8229.74
664	0.185935	-8242.21
665	0.185935	-8246.9
666	0.185935	-8278.72
667	0.185935	-8254.27
668	0.185935	-8228.73
669	0.185935	-8253.62
670	0.185935	-8245.84
671	0.185935	-8270.67
672	0.185935	-8258.87
673	0.185935	-8230.84
674	0.185935	-8238.99
675	0.185935	-8218.05
676	0.185935	-8209.39
677	0.185935	-8255.26
678	0.185935	-8259.14
679	0.185935	-8225.46
680	0.185935	-8225.44
681	0.185935	-8221.31
682	0.185935	-8247.98
683	0.185935	-8233.07
684	0.185935	-8211.5
685	0.185935	-8211.96
686	0.185935	-8233.72
687	0.185935	-8225.96
688	0.185935	-8211.26
689	0.185935	-8221.15
690	0.185935	-8220.31
691	0.185935	-8229.19
692	0.185935	-8259.03
693	0.185935	-8232.36
694	0.185935	-8252.72
695	0.185935	-8273.48
696	0.185935	-8249.18
697	0.185935	-8257.68
698	0.185935	-8242.33
699	0.185935	-8249.6
700	0.185935	-8236.18
701	0.185935	-8234.35
702	0.185935	-8238.57
703	0.185935	-8236.47
704	0.185935	-8242.51
705	0.185935	-8244.96
706	0.185935	-8258.46
707	0.185935	-8266.25
708	0.185935	-8291.15
709	0.185935	-8254
710	0.185935	-8284.41
711	0.185935	-8276.64
712	0.185935	-8241.29
713	0.185935	-8237.9
714	0.185935	-8232.94
715	0.185935	-8232.67
716	0.185935	-8257.51
717	0.185935	-8232.14
718	0.185935	-8237.59
719	0.185935	-8227.39
720	0.185935	-8221.86
721	0.185935	-8242.37
722	0.185935	-8224.07
723	0.185935	-8258.53
724	0.185935	-8295.87
725	0.185935	-8249.76
726	0.185935	-8225.69
727	0.185935	-8204.19
728	0.185935	-8211.31
729	0.185935	-8202.22
730	0.185935	-8204.54
731	0.185935	-8231.65
732	0.185935	-8210.73
733	0.185935	-8214.06
734	0.185935	-8216.99
735	0.185935	-8229.86
736	0.185935	-8256.12
737	0.185935	-8246.07
738	0.185935	-8251.81
739	0.185935	-8266.17
740	0.185935	-8218.93
741	0.185935	-8215.97
742	0.185935	-8274.37
743	0.185935	-8242.49
744	0.185935	-8229.96
745	0.185935	-8232.33
746	0.185935	-8233.42
747	0.185935	-8225.94
748	0.185935	-8221.54
749	0.185935	-8230.33
750	0.185935	-8247.77
751	0.185935	-8268.5
752	0.185935	-8237.22
753	0.185935	-8234.09
754	0.185935	-8245.07
755	0.185935	-8263.9
756	0.185935	-8255.23
757	0.185935	-8248.68
758	0.185935	-8242.28
759	0.185935	-8248.73
760	0.185935	-8254.33
761	0.185935	-8263.26
762	0.185935	-8224.41
763	0.185935	-8237.72
764	0.185935	-8206.54
765	0.185935	-8215.44
766	0.185935	-8197
767	0.185935	-8226.3
768	0.185935	-8219.38
769	0.185935	-8211.57
770	0.185935	-8246.15
771	0.185935	-8202.42
772	0.185935	-8233.07
773	0.185935	-8220.34
774	0.185935	-8224.29
775	0.185935	-8253.43
776	0.185935	-8239.39
777	0.185935	-8245.52
778	0.185935	-8234.97
779	0.185935	-8230.67
780	0.185935	-8254.06
781	0.185935	-8244.5
782	0.185935	-8269.5
783	0.185935	-8270.9
784	0.185935	-8280.17
785	0.185935	-8247.78
786	0.185935	-8237.68
787	0.185935	-8228.8
788	0.185935	-8245.27
789	0.185935	-8257.31
790	0.185935	-8266.96
791	0.185935	-8246.77
792	0.185935	-8246.09
793	0.185935	-8218.21
794	0.185935	-8219.51
795	0.185935	-8214.4
796	0.185935	-8220.96
797	0.185935	-8259.12
798	0.185935	-8245.35
799	0.185935	-8276.82
800	0.185935	-8242.75
801	0.185935	-8251.46
802	0.185935	-8284.57
803	0.185935	-8291.39
804	0.185935	-8259.93
805	0.185935	-8242.36
806	0.185935	-8246.41
807	0.185935	-8233.9
808	0.185935	-8217.12
809	0.185935	-8227.35
810	0.185935	-8247.75
811	0.185935	-8261.72
812	0.185935	-8269.3
813	0.185935	-8253.95
814	0.185935	-8239.23
815	0.185935	-8236.73
816	0.185935	-8259.49
817	0.185935	-8228.87
818	0.185935	-8236.71
819	0.185935	-8236.67
820	0.185935	-8227.17
821	0.185935	-8229.75
822	0.185935	-8220.36
823	0.185935	-8247.49
824	0.185935	-8265.33
825	0.185935	-8233.33
826	0.185935	-8243.61
827	0.185935	-8223.76
828	0.185935	-8238.31
829	0.185935	-8259.79
830	0.185935	-8222.95
831	0.185935	-8235.12
832	0.185935	-8245.86
833	0.185935	-8251.43
834	0.185935	-8254.99
835	0.185935	-8241.24
836	0.185935	-8204.15
837	0.185935	-8231.87
838	0.185935	-8217.55
839	0.185935	-8211.33
840	0.185935	-8206.83
841	0.185935	-8213
842	0.185935	-8239.23
843	0.185935	-8247.56
844	0.185935	-8238.21
845	0.185935	-8246.18
846	0.185935	-8246.12
847	0.185935	-8271.68
848	0.185935	-8261.27
849	0.185935	-8244.41
850	0.185935	-8237.58
851	0.185935	-8212.81
852	0.185935	-8224.27
853	0.185935	-8224.8
854	0.185935	-8210.17
855	0.185935	-8207.87
856	0.185935	-8215.79
857	0.185935	-8235.47
858	0.185935	-8250.65
859	0.185935	-8257.79
860	0.185935	-8240.42
861	0.185935	-8244.89
862	0.185935	-8264.39
863	0.185935	-8281.59
864	0.185935	-8261.84
865	0.185935	-8264.71
866	0.185935	-8238.96
867	0.185935	-8233.01
868	0.185935	-8218.16
869	0.185935	-8214.85
870	0.185935	-8226.01
871	0.185935	-8243.18
872	0.185935	-8242.87
873	0.185935	-8259.24
874	0.185935	-8229.57
875	0.185935	-8202.65
876	0.185935	-8272.58
877	0.185935	-8229.64
878	0.185935	-8229.77
879	0.185935	-8255.97
880	0.185935	-8230.93
881	0.185935	-8237.32
882	0.185935	-8233.9
883	0.185935	-8209.59
884	0.185935	-8220.28
885	0.185935	-8219.68
886	0.185935	-8217.67
887	0.185935	-8217.11
888	0.185935	-8226.42
889	0.185935	-8230.22
890	0.185935	-8225.29
891	0.185935	-8224.58
892	0.185935	-8232.63
893	0.185935	-8248
894	0.185935	-8223.97
895	0.185935	-8239.73
896	0.185935	-8268.08
897	0.185935	-8262.61
898	0.185935	-8295.09
899	0.185935	-8269.65
900	0.185935	-8213.12
901	0.185935	-8220.37
902	0.185935	-8215.24
903	0.185935	-8206.73
904	0.185935	-8219.47
905	0.185935	-8246.01
906	0.185935	-8231.29
907	0.185935	-8239.71
908	0.185935	-8280.19
909	0.185935	-8248.31
910	0.185935	-8248.46
911	0.185935	-8245.7
912	0.185935	-8237.6
913	0.185935	-8228.36
914	0.185935	-8230.4
915	0.185935	-8213.32
916	0.185935	-8205.43
917	0.185935	-8199.22
918	0.185935	-8221.13
919	0.185935	-8221.54
920	0.185935	-8211.26
921	0.185935	-8221.42
922	0.185935	-8208.12
923	0.185935	-8210.12
924	0.185935	-8240.69
925	0.185935	-8243.16
926	0.185935	-8254.73
927	0.185935	-8251.56
928	0.185935	-8222.81
929	0.185935	-8205.23
930	0.185935	-8206.68
931	0.185935	-8218.28
932	0.185935	-8199.99
933	0.185935	-8244.33
934	0.185935	-8229.29
935	0.185935	-8236.18
936	0.185935	-8231.09
937	0.185935	-8234.77
938	0.185935	-8241.94
939	0.185935	-8216.8
940	0.185935	-8225.5
941	0.185935	-8219.37
942	0.185935	-8223.52
943	0.185935	-8217.4
944	0.185935	-8226.91
945	0.185935	-8236.65
946	0.185935	-8241.01
947	0.185935	-8228.28
948	0.185935	-8238.29
949	0.185935	-8237.08
950	0.185935	-8236.66
951	0.185935	-8223.99
952	0.185935	-8244.68
953	0.185935	-8214.74
954	0.185935	-8229.79
955	0.185935	-8246.31
956	0.185935	-8254.57
957	0.185935	-8244.41
958	0.185935	-8257.34
959	0.185935	-8245.46
960	0.185935	-8256.22
961	0.185935	-8253.38
962	0.185935	-8262.56
963	0.185935	-8271.64
964	0.185935	-8232.6
965	0.185935	-8253.86
966	0.185935	-8258.98
967	0.185935	-8272.26
968	0.185935	-8255.65
969	0.185935	-8263.69
970	0.185935	-8272.68
971	0.185935	-8278.04
972	0.185935	-8226.29
973	0.185935	-8244.26
974	0.185935	-8227.75
975	0.185935	-8276.75
976	0.185935	-8295.52
977	0.185935	-8266.83
978	0.185935	-8233.12
979	0.185935	-8237.17
980	0.185935	-8225.13
981	0.185935	-8231.52
982	0.185935	-8243.15
983	0.185935	-8244.84
984	0.185935	-8248.67
985	0.185935	-8251.58
986	0.185935	-8273.8
987	0.185935	-8267.51
988	0.185935	-8244.43
989	0.185935	-8241.08
990	0.185935	-8234.29
991	0.185935	-8223.07
992	0.185935	-8228.27
993	0.185935	-8223.32
994	0.185935	-8240.82
995	0.185935	-8237.13
996	0.185935	-8235.05
997	0.185935	-8230.39
998	0.185935	-8204.52
999	0.185935	-8212.37
1000	0.185935	-8208.47
251	0.160847	-8291.01
252	0.160847	-8254.67
253	0.160847	-8287.16
254	0.160847	-8303.02
255	0.160847	-8275.47
256	0.160847	-8264.06
257	0.160847	-8274.14
258	0.160847	-8255.75
259	0.160847	-8245.34
260	0.160847	-8254.57
261	0.160847	-8267.01
262	0.160847	-8247.32
263	0.160847	-8246.01
264	0.160847	-8294.95
265	0.160847	-8297.9
266	0.160847	-8311.82
267	0.160847	-8327.3
268	0.160847	-8267.58
269	0.160847	-8258.15
270	0.160847	-8220.63
271	0.160847	-8226.21
272	0.160847	-8243.43
273	0.160847	-8296.77
274	0.160847	-8274.29
275	0.160847	-8283.91
276	0.160847	-8255.8
277	0.160847	-8262.43
278	0.160847	-8268.67
279	0.160847	-8243.08
280	0.160847	-8203.63
281	0.160847	-8219.14
282	0.160847	-8223.05
283	0.160847	-8227.97
284	0.160847	-8221.04
285	0.160847	-8239.08
286	0.160847	-8260.85
287	0.160847	-8260.99
288	0.160847	-8274.61
289	0.160847	-8256.52
290	0.160847	-8241.2
291	0.160847	-8246.21
292	0.160847	-8235.04
293	0.160847	-8263.76
294	0.160847	-8258.58
295	0.160847	-8243.19
296	0.160847	-8223.18
297	0.160847	-8239.01
298	0.160847	-8243.13
299	0.160847	-8268.35
300	0.160847	-8236.82
301	0.160847	-8250.3
302	0.160847	-8263.36
303	0.160847	-8274.51
304	0.160847	-8285.52
305	0.160847	-8266.11
306	0.160847	-8325.44
307	0.160847	-8283.85
308	0.160847	-8309.69
309	0.160847	-8298.96
310	0.160847	-8330.2
311	0.160847	-8266.54
312	0.160847	-8287.33
313	0.160847	-8318.88
314	0.160847	-8291.01
315	0.160847	-8274.28
316	0.160847	-8247.18
317	0.160847	-8264.4
318	0.160847	-8251.5
319	0.160847	-8252.02
320	0.160847	-8292.94
321	0.160847	-8263.11
322	0.160847	-8273.85
323	0.160847	-8317.1
324	0.160847	-8276.33
325	0.160847	-8275.12
326	0.160847	-8257.38
327	0.160847	-8215.85
328	0.160847	-8254.38
329	0.160847	-8240.04
330	0.160847	-8246.72
331	0.160847	-8241.91
332	0.160847	-8251.28
333	0.160847	-8281.43
334	0.160847	-8260.51
335	0.160847	-8228.3
336	0.160847	-8220.47
337	0.160847	-8279.77
338	0.160847	-8272.29
339	0.160847	-8257.49
340	0.160847	-8263.74
341	0.160847	-8258.81
342	0.160847	-8296.43
343	0.160847	-8303.05
344	0.160847	-8281.04
345	0.160847	-8241.36
346	0.160847	-8255.41
347	0.160847	-8243.42
348	0.160847	-8280.95
349	0.160847	-8267.02
350	0.160847	-8278.14
351	0.160847	-8259.08
352	0.160847	-8251.28
353	0.160847	-8246.66
354	0.160847	-8251.88
355	0.160847	-8256.78
356	0.160847	-8246.62
357	0.160847	-8254.02
358	0.160847	-8252.66
359	0.160847	-8250.06
360	0.160847	-8227.05
361	0.160847	-8235.25
362	0.160847	-8207.5
363	0.160847	-8271.39
364	0.160847	-8248.07
365	0.160847	-8249.58
366	0.160847	-8250.29
367	0.160847	-8232.3
368	0.160847	-8243.72
369	0.160847	-8245.95
370	0.160847	-8260.69
371	0.160847	-8274.32
372	0.160847	-8256.37
373	0.160847	-8253.41
374	0.160847	-8256.7
375	0.160847	-8254
376	0.160847	-8245.72
377	0.160847	-8249.1
378	0.160847	-8242.76
379	0.160847	-8245.5
380	0.160847	-8240.05
381	0.160847	-8246.55
382	0.160847	-8266.9
383	0.160847	-8254.17
384	0.160847	-8262
385	0.160847	-8222.08
386	0.160847	-8240.32
387	0.160847	-8251.5
388	0.160847	-8239.08
389	0.160847	-8239.16
390	0.160847	-8248.77
391	0.160847	-8247.47
392	0.160847	-8279.32
393	0.160847	-8256.8
394	0.160847	-8263.2
395	0.160847	-8234.52
396	0.160847	-8252.21
397	0.160847	-8256.53
398	0.160847	-8252.7
399	0.160847	-8229.26
400	0.160847	-8264.99
401	0.160847	-8277.02
402	0.160847	-8250.14
403	0.160847	-8264.16
404	0.160847	-8261.81
405	0.160847	-8284.4
406	0.160847	-8312.55
407	0.160847	-8286.86
408	0.160847	-8283.74
409	0.160847	-8236.98
410	0.160847	-8246.4
411	0.160847	-8274.88
412	0.160847	-8232.89
413	0.160847	-8263.39
414	0.160847	-8247.01
415	0.160847	-8256.22
416	0.160847	-8243.49
417	0.160847	-8260.43
418	0.160847	-8221.83
419	0.160847	-8220.16
420	0.160847	-8228.54
421	0.160847	-8238.19
422	0.160847	-8270.77
423	0.160847	-8265.34
424	0.160847	-8273.09
425	0.160847	-8260.48
426	0.160847	-8281.41
427	0.160847	-8258.16
428	0.160847	-8259.08
429	0.160847	-8279.83
430	0.160847	-8259.95
431	0.160847	-8256.68
432	0.160847	-8273.75
433	0.160847	-8311.7
434	0.160847	-8296.43
435	0.160847	-8321.73
436	0.160847	-8290.07
437	0.160847	-8296.65
438	0.160847	-8240.93
439	0.160847	-8249.22
440	0.160847	-8260.89
441	0.160847	-8271.96
442	0.160847	-8250.24
443	0.160847	-8256.07
444	0.160847	-8242.43
445	0.160847	-8222.28
446	0.160847	-8216.09
447	0.160847	-8228.43
448	0.160847	-8226.88
449	0.160847	-8230.07
450	0.160847	-8242.81
451	0.160847	-8270.78
452	0.160847	-8281.99
453	0.160847	-8244.17
454	0.160847	-8230.37
455	0.160847	-8252.51
456	0.160847	-8247.05
457	0.160847	-8274.25
458	0.160847	-8256.1
459	0.160847	-8276.6
460	0.160847	-8257.71
461	0.160847	-8259.29
462	0.160847	-8258.84
463	0.160847	-8275.09
464	0.160847	-8273.04
465	0.160847	-8249.59
466	0.160847	-8226.99
467	0.160847	-8296.49
468	0.160847	-8236.29
469	0.160847	-8276.02
470	0.160847	-8244.92
471	0.160847	-8263.78
472	0.160847	-8260.7
473	0.160847	-8272.06
474	0.160847	-8278.93
475	0.160847	-8277.33
476	0.160847	-8253.62
477	0.160847	-8277.36
478	0.160847	-8287.18
479	0.160847	-8251.63
480	0.160847	-8287.93
481	0.160847	-8276.25
482	0.160847	-8265.91
483	0.160847	-8281.17
484	0.160847	-8254.38
485	0.160847	-8257.01
486	0.160847	-8244.7
487	0.160847	-8226.55
488	0.160847	-8254.5
489	0.160847	-8213.5
490	0.160847	-8243.46
491	0.160847	-8237.97
492	0.160847	-8235.69
493	0.160847	-8230.46
494	0.160847	-8219.15
495	0.160847	-8237.33
496	0.160847	-8220.17
497	0.160847	-8253.7
498	0.160847	-8264.32
499	0.160847	-8258.12
500	0.160847	-8271.78
501	0.160847	-8243.22
502	0.160847	-8261.63
503	0.160847	-8258.54
504	0.160847	-8265.84
505	0.160847	-8302.2
506	0.160847	-8264.97
507	0.160847	-8243.67
508	0.160847	-8223.38
509	0.160847	-8220.48
510	0.160847	-8235.94
511	0.160847	-8244.28
512	0.160847	-8230.38
513	0.160847	-8253.04
514	0.160847	-8263.11
515	0.160847	-8276.11
516	0.160847	-8295.23
517	0.160847	-8277.09
518	0.160847	-8299.79
519	0.160847	-8256.48
520	0.160847	-8221.17
521	0.160847	-8231.5
522	0.160847	-8262.89
523	0.160847	-8259.07
524	0.160847	-8236.71
525	0.160847	-8235.85
526	0.160847	-8227.47
527	0.160847	-8243.91
528	0.160847	-8238.9
529	0.160847	-8261.27
530	0.160847	-8248.3
531	0.160847	-8236.53
532	0.160847	-8216.34
533	0.160847	-8241.68
534	0.160847	-8251.39
535	0.160847	-8263.13
536	0.160847	-8245.86
537	0.160847	-8264.94
538	0.160847	-8243.29
539	0.160847	-8269.8
540	0.160847	-8285.11
541	0.160847	-8273.27
542	0.160847	-8256.92
543	0.160847	-8247
544	0.160847	-8256.14
545	0.160847	-8290.81
546	0.160847	-8294.89
547	0.160847	-8287.99
548	0.160847	-8279.62
549	0.160847	-8255.55
550	0.160847	-8279.16
551	0.160847	-8274.86
552	0.160847	-8239.81
553	0.160847	-8252.17
554	0.160847	-8275.78
555	0.160847	-8264
556	0.160847	-8304.2
557	0.160847	-8294.63
558	0.160847	-8306.1
559	0.160847	-8298.4
560	0.160847	-8305.11
561	0.160847	-8311.72
562	0.160847	-8377.59
563	0.160847	-8309.4
564	0.160847	-8280.7
565	0.160847	-8294.66
566	0.160847	-8251.43
567	0.160847	-8278.57
568	0.160847	-8282.88
569	0.160847	-8274.71
570	0.160847	-8283.51
571	0.160847	-8270.21
572	0.160847	-8258.61
573	0.160847	-8231.53
574	0.160847	-8231.04
575	0.160847	-8241.5
576	0.160847	-8252.53
577	0.160847	-8296.77
578	0.160847	-8277.41
579	0.160847	-8265.81
580	0.160847	-8257.06
581	0.160847	-8286.31
582	0.160847	-8268.47
583	0.160847	-8248.03
584	0.160847	-8247.99
585	0.160847	-8246.95
586	0.160847	-8298.97
587	0.160847	-8272.53
588	0.160847	-8297.21
589	0.160847	-8306.75
590	0.160847	-8237.77
591	0.160847	-8261.76
592	0.160847	-8267.7
593	0.160847	-8308
594	0.160847	-8271.28
595	0.160847	-8254.64
596	0.160847	-8269.85
597	0.160847	-8264.51
598	0.160847	-8236.93
599	0.160847	-8280.11
600	0.160847	-8288.72
601	0.160847	-8292.53
602	0.160847	-8283.72
603	0.160847	-8286.24
604	0.160847	-8294.89
605	0.160847	-8298.41
606	0.160847	-8303.94
607	0.160847	-8289.25
608	0.160847	-8273.5
609	0.160847	-8271.65
610	0.160847	-8249.8
611	0.160847	-8273.39
612	0.160847	-8237.94
613	0.160847	-8230.87
614	0.160847	-8250.46
615	0.160847	-8269.75
616	0.160847	-8250.12
617	0.160847	-8267.04
618	0.160847	-8274.25
619	0.160847	-8281.05
620	0.160847	-8237.39
621	0.160847	-8235.14
622	0.160847	-8235.83
623	0.160847	-8230.8
624	0.160847	-8242.39
625	0.160847	-8267.95
626	0.160847	-8251.18
627	0.160847	-8224.07
628	0.160847	-8255.84
629	0.160847	-8271.72
630	0.160847	-8265.68
631	0.160847	-8246.05
632	0.160847	-8232.63
633	0.160847	-8252.17
634	0.160847	-8276.38
635	0.160847	-8315.81
636	0.160847	-8319.94
637	0.160847	-8306.02
638	0.160847	-8282.51
639	0.160847	-8292.4
640	0.160847	-8276.74
641	0.160847	-8282.79
642	0.160847	-8210.79
643	0.160847	-8244.84
644	0.160847	-8248.8
645	0.160847	-8228.64
646	0.160847	-8229.37
647	0.160847	-8228.02
648	0.160847	-8222.94
649	0.160847	-8254.36
650	0.160847	-8228.17
651	0.160847	-8236.06
652	0.160847	-8242.45
653	0.160847	-8229.58
654	0.160847	-8248.06
655	0.160847	-8248.8
656	0.160847	-8253.63
657	0.160847	-8254.66
658	0.160847	-8250.86
659	0.160847	-8238.75
660	0.160847	-8246.1
661	0.160847	-8246.15
662	0.160847	-8251.08
663	0.160847	-8260.25
664	0.160847	-8272.08
665	0.160847	-8266.65
666	0.160847	-8273.72
667	0.160847	-8255.84
668	0.160847	-8320.25
669	0.160847	-8288.25
670	0.160847	-8291.49
671	0.160847	-8304.83
672	0.160847	-8243.32
673	0.160847	-8228.97
674	0.160847	-8241.91
675	0.160847	-8265.59
676	0.160847	-8265.39
677	0.160847	-8234.09
678	0.160847	-8229.56
679	0.160847	-8236.79
680	0.160847	-8278.92
681	0.160847	-8239.37
682	0.160847	-8247.3
683	0.160847	-8248.45
684	0.160847	-8263.04
685	0.160847	-8261.75
686	0.160847	-8263.47
687	0.160847	-8246.63
688	0.160847	-8262.76
689	0.160847	-8250.15
690	0.160847	-8213.55
691	0.160847	-8221.7
692	0.160847	-8248.53
693	0.160847	-8261.1
694	0.160847	-8254.98
695	0.160847	-8233.47
696	0.160847	-8238.21
697	0.160847	-8267.43
698	0.160847	-8243.17
699	0.160847	-8240.97
700	0.160847	-8235.03
701	0.160847	-8268.13
702	0.160847	-8246.84
703	0.160847	-8237.59
704	0.160847	-8253.43
705	0.160847	-8253.65
706	0.160847	-8289.06
707	0.160847	-8285.38
708	0.160847	-8252.23
709	0.160847	-8258.08
710	0.160847	-8297.63
711	0.160847	-8246.53
712	0.160847	-8228.8
713	0.160847	-8256.64
714	0.160847	-8283.01
715	0.160847	-8255.72
716	0.160847	-8239.43
717	0.160847	-8254.25
718	0.160847	-8231.45
719	0.160847	-8266.05
720	0.160847	-8261.66
721	0.160847	-8283.03
722	0.160847	-8259.06
723	0.160847	-8229.57
724	0.160847	-8247.01
725	0.160847	-8250.07
726	0.160847	-8249.84
727	0.160847	-8266.14
728	0.160847	-8244.5
729	0.160847	-8248.43
730	0.160847	-8269.63
731	0.160847	-8279.09
732	0.160847	-8268.72
733	0.160847	-8259.49
734	0.160847	-8289.75
735	0.160847	-8271.9
736	0.160847	-8277.31
737	0.160847	-8291.49
738	0.160847	-8273.75
739	0.160847	-8266.55
740	0.160847	-8267.39
741	0.160847	-8281.71
742	0.160847	-8258.75
743	0.160847	-8275.33
744	0.160847	-8260.28
745	0.160847	-8224.8
746	0.160847	-8238.48
747	0.160847	-8220.33
748	0.160847	-8224.02
749	0.160847	-8247.12
750	0.160847	-8229.36
751	0.160847	-8236.22
752	0.160847	-8243.87
753	0.160847	-8241.57
754	0.160847	-8223.12
755	0.160847	-8234.96
756	0.160847	-8283.44
757	0.160847	-8282.08
758	0.160847	-8261.66
759	0.160847	-8264.96
760	0.160847	-8257.26
761	0.160847	-8250.14
762	0.160847	-8236.91
763	0.160847	-8243.28
764	0.160847	-8302.88
765	0.160847	-8286.52
766	0.160847	-8269.61
767	0.160847	-8278.2
768	0.160847	-8277.36
769	0.160847	-8264.1
770	0.160847	-8246.78
771	0.160847	-8241.08
772	0.160847	-8225
773	0.160847	-8257.7
774	0.160847	-8266.09
775	0.160847	-8255.45
776	0.160847	-8246.23
777	0.160847	-8263.36
778	0.160847	-8255.02
779	0.160847	-8238.48
780	0.160847	-8258.91
781	0.160847	-8249.73
782	0.160847	-8229.54
783	0.160847	-8250.27
784	0.160847	-8258.29
785	0.160847	-8254.03
786	0.160847	-8227.32
787	0.160847	-8252.96
788	0.160847	-8283.71
789	0.160847	-8295.83
790	0.160847	-8283.52
791	0.160847	-8285.93
792	0.160847	-8280.44
793	0.160847	-8288.34
794	0.160847	-8264.79
795	0.160847	-8257.43
796	0.160847	-8242.08
797	0.160847	-8273.34
798	0.160847	-8299.85
799	0.160847	-8269.37
800	0.160847	-8265.76
801	0.160847	-8276.28
802	0.160847	-8257.05
803	0.160847	-8283.55
804	0.160847	-8261.3
805	0.160847	-8275.48
806	0.160847	-8293.1
807	0.160847	-8264.88
808	0.160847	-8286.25
809	0.160847	-8308.87
810	0.160847	-8292.55
811	0.160847	-8291.79
812	0.160847	-8262.94
813	0.160847	-8228.09
814	0.160847	-8214.64
815	0.160847	-8242.4
816	0.160847	-8217.8
817	0.160847	-8254.71
818	0.160847	-8225.88
819	0.160847	-8222.2
820	0.160847	-8219.69
821	0.160847	-8271
822	0.160847	-8210.43
823	0.160847	-8229.28
824	0.160847	-8225.14
825	0.160847	-8215.59
826	0.160847	-8249.73
827	0.160847	-8234.57
828	0.160847	-8232.33
829	0.160847	-8267.51
830	0.160847	-8273.54
831	0.160847	-8285.52
832	0.160847	-8278.91
833	0.160847	-8285.96
834	0.160847	-8258.13
835	0.160847	-8263.51
836	0.160847	-8276.96
837	0.160847	-8326.81
838	0.160847	-8277.62
839	0.160847	-8277.34
840	0.160847	-8320.23
841	0.160847	-8281.59
842	0.160847	-8299.34
843	0.160847	-8250.81
844	0.160847	-8272.57
845	0.160847	-8272.46
846	0.160847	-8258.61
847	0.160847	-8213.56
848	0.160847	-8252.13
849	0.160847	-8279.65
850	0.160847	-8254.32
851	0.160847	-8260.27
852	0.160847	-8261.08
853	0.160847	-8270.68
854	0.160847	-8268.33
855	0.160847	-8300.56
856	0.160847	-8288.11
857	0.160847	-8237.17
858	0.160847	-8240.47
859	0.160847	-8259.48
860	0.160847	-8273.89
861	0.160847	-8270.35
862	0.160847	-8272.65
863	0.160847	-8236.65
864	0.160847	-8257.61
865	0.160847	-8234.93
866	0.160847	-8251.77
867	0.160847	-8283.62
868	0.160847	-8289.59
869	0.160847	-8270.87
870	0.160847	-8229.32
871	0.160847	-8246.08
872	0.160847	-8242.83
873	0.160847	-8258.76
874	0.160847	-8281.39
875	0.160847	-8237.44
876	0.160847	-8280.62
877	0.160847	-8259.16
878	0.160847	-8274.46
879	0.160847	-8265.99
880	0.160847	-8268.16
881	0.160847	-8259.66
882	0.160847	-8250.72
883	0.160847	-8249.42
884	0.160847	-8234.71
885	0.160847	-8233.76
886	0.160847	-8271.61
887	0.160847	-8267.08
888	0.160847	-8244.77
889	0.160847	-8243.31
890	0.160847	-8251.12
891	0.160847	-8244.55
892	0.160847	-8234.28
893	0.160847	-8260.29
894	0.160847	-8278.81
895	0.160847	-8269.18
896	0.160847	-8271.48
897	0.160847	-8256.5
898	0.160847	-8264.15
899	0.160847	-8254.28
900	0.160847	-8218.49
901	0.160847	-8267.32
902	0.160847	-8293.88
903	0.160847	-8293.42
904	0.160847	-8280.88
905	0.160847	-8269.07
906	0.160847	-8284.27
907	0.160847	-8264.66
908	0.160847	-8272.69
909	0.160847	-8272.51
910	0.160847	-8258.37
911	0.160847	-8273.61
912	0.160847	-8258.52
913	0.160847	-8229.55
914	0.160847	-8257.15
915	0.160847	-8207.26
916	0.160847	-8230.57
917	0.160847	-8245.87
918	0.160847	-8231.81
919	0.160847	-8220.2
920	0.160847	-8213.18
921	0.160847	-8252.78
922	0.160847	-8235.47
923	0.160847	-8233.66
924	0.160847	-8279.39
925	0.160847	-8249.73
926	0.160847	-8273.77
927	0.160847	-8252.75
928	0.160847	-8242.15
929	0.160847	-8225.68
930	0.160847	-8222.03
931	0.160847	-8219.46
932	0.160847	-8233.64
933	0.160847	-8233.76
934	0.160847	-8236.1
935	0.160847	-8242.83
936	0.160847	-8239.97
937	0.160847	-8261.7
938	0.160847	-8291.23
939	0.160847	-8274.24
940	0.160847	-8233.25
941	0.160847	-8220.91
942	0.160847	-8223.52
943	0.160847	-8207.5
944	0.160847	-8240.55
945	0.160847	-8207.25
946	0.160847	-8210.48
947	0.160847	-8239.05
948	0.160847	-8247.41
949	0.160847	-8287.09
950	0.160847	-8258.99
951	0.160847	-8279.81
952	0.160847	-8273.94
953	0.160847	-8272.53
954	0.160847	-8245.59
955	0.160847	-8239.98
956	0.160847	-8214.26
957	0.160847	-8253.63
958	0.160847	-8257.73
959	0.160847	-8237.67
960	0.160847	-8271.5
961	0.160847	-8286.31
962	0.160847	-8257.53
963	0.160847	-8277.34
964	0.160847	-8265.62
965	0.160847	-8319.68
966	0.160847	-8289.3
967	0.160847	-8272.03
968	0.160847	-8266.95
969	0.160847	-8245.35
970	0.160847	-8231.02
971	0.160847	-8219.38
972	0.160847	-8213.89
973	0.160847	-8222.21
974	0.160847	-8241.93
975	0.160847	-8213.33
976	0.160847	-8216.25
977	0.160847	-8236.28
978	0.160847	-8250.02
979	0.160847	-8279.15
980	0.160847	-8246.3
981	0.160847	-8270.83
982	0.160847	-8240.01
983	0.160847	-8220.78
984	0.160847	-8242.22
985	0.160847	-8277.45
986	0.160847	-8297.14
987	0.160847	-8296.56
988	0.160847	-8281.99
989	0.160847	-8274.74
990	0.160847	-8265.5
991	0.160847	-8276.69
992	0.160847	-8249.1
993	0.160847	-8250.8
994	0.160847	-8236.66
995	0.160847	-8235.1
996	0.160847	-8221.58
997	0.160847	-8249.11
998	0.160847	-8248.55
999	0.160847	-8273.41
1000	0.160847	-8280.54
251	0.138544	-8277.94
252	0.138544	-8260.17
253	0.138544	-8238.3
254	0.138544	-8255.01
255	0.138544	-8288.59
256	0.138544	-8269.35
257	0.138544	-8264.64
258	0.138544	-8295.18
259	0.138544	-8283.5
260	0.138544	-8232.71
261	0.138544	-8258.66
262	0.138544	-8215.34
263	0.138544	-8229.19
264	0.138544	-8226.08
265	0.138544	-8241.18
266	0.138544	-8250.29
267	0.138544	-8294.28
268	0.138544	-8259
269	0.138544	-8253.51
270	0.138544	-8248.52
271	0.138544	-8239.71
272	0.138544	-8260.73
273	0.138544	-8251.09
274	0.138544	-8236.87
275	0.138544	-8244.37
276	0.138544	-8283.64
277	0.138544	-8287.37
278	0.138544	-8291.89
279	0.138544	-8266.9
280	0.138544	-8264.28
281	0.138544	-8282.42
282	0.138544	-8259.89
283	0.138544	-8250.13
284	0.138544	-8268.24
285	0.138544	-8306.95
286	0.138544	-8291.82
287	0.138544	-8292.57
288	0.138544	-8277.26
289	0.138544	-8283.03
290	0.138544	-8249.41
291	0.138544	-8265.07
292	0.138544	-8241.48
293	0.138544	-8272.55
294	0.138544	-8223.82
295	0.138544	-8233.88
296	0.138544	-8243.72
297	0.138544	-8290.2
298	0.138544	-8337.9
299	0.138544	-8292.6
300	0.138544	-8259.26
301	0.138544	-8251.66
302	0.138544	-8231.27
303	0.138544	-8235.04
304	0.138544	-8220.79
305	0.138544	-8242.9
306	0.138544	-8268.79
307	0.138544	-8309.61
308	0.138544	-8289.32
309	0.138544	-8281.5
310	0.138544	-8254.22
311	0.138544	-8277.39
312	0.138544	-8267.77
313	0.138544	-8271.61
314	0.138544	-8271.99
315	0.138544	-8262.2
316	0.138544	-8268.76
317	0.138544	-8282.8
318	0.138544	-8264.96
319	0.138544	-8288.27
320	0.138544	-8270.72
321	0.138544	-8253.92
322	0.138544	-8278.42
323	0.138544	-8259.15
324	0.138544	-8284.84
325	0.138544	-8259.98
326	0.138544	-8298.61
327	0.138544	-8259.05
328	0.138544	-8248.77
329	0.138544	-8273.12
330	0.138544	-8305.87
331	0.138544	-8273.11
332	0.138544	-8294.93
333	0.138544	-8309.42
334	0.138544	-8278.72
335	0.138544	-8277.28
336	0.138544	-8288.57
337	0.138544	-8283.55
338	0.138544	-8305.36
339	0.138544	-8301.07
340	0.138544	-8275.22
341	0.138544	-8320.96
342	0.138544	-8300.56
343	0.138544	-8255.17
344	0.138544	-8244.98
345	0.138544	-8262.62
346	0.138544	-8258.57
347	0.138544	-8264.69
348	0.138544	-8245.18
349	0.138544	-8284.72
350	0.138544	-8316.4
351	0.138544	-8319.98
352	0.138544	-8334.34
353	0.138544	-8338.79
354	0.138544	-8287.46
355	0.138544	-8251.68
356	0.138544	-8274.61
357	0.138544	-8268.01
358	0.138544	-8290.19
359	0.138544	-8277.56
360	0.138544	-8279.58
361	0.138544	-8274.63
362	0.138544	-8289.68
363	0.138544	-8290.74
364	0.138544	-8311.87
365	0.138544	-8307.51
366	0.138544	-8313.98
367	0.138544	-8348.64
368	0.138544	-8340.04
369	0.138544	-8354.58
370	0.138544	-8288.3
371	0.138544	-8262.03
372	0.138544	-8225.72
373	0.138544	-8243.33
374	0.138544	-8245.78
375	0.138544	-8245.73
376	0.138544	-8263.14
377	0.138544	-8236.65
378	0.138544	-8242.44
379	0.138544	-8250.99
380	0.138544	-8266.76
381	0.138544	-8266.4
382	0.138544	-8277.98
383	0.138544	-8280.08
384	0.138544	-8255.18
385	0.138544	-8266.08
386	0.138544	-8309.88
387	0.138544	-8296.63
388	0.138544	-8271.77
389	0.138544	-8264.01
390	0.138544	-8303.97
391	0.138544	-8307.69
392	0.138544	-8252.32
393	0.138544	-8267.08
394	0.138544	-8265.13
395	0.138544	-8279.83
396	0.138544	-8281.24
397	0.138544	-8268.5
398	0.138544	-8277.97
399	0.138544	-8303.17
400	0.138544	-8315.08
401	0.138544	-8316.59
402	0.138544	-8302.76
403	0.138544	-8316.88
404	0.138544	-8289.3
405	0.138544	-8267.03
406	0.138544	-8251.64
407	0.138544	-8289.14
408	0.138544	-8281.58
409	0.138544	-8298.1
410	0.138544	-8305.59
411	0.138544	-8274.22
412	0.138544	-8218.57
413	0.138544	-8259.4
414	0.138544	-8239.63
415	0.138544	-8252
416	0.138544	-8267.57
417	0.138544	-8249.73
418	0.138544	-8258.11
419	0.138544	-8250.14
420	0.138544	-8260.05
421	0.138544	-8291.66
422	0.138544	-8283.57
423	0.138544	-8258.36
424	0.138544	-8251.76
425	0.138544	-8279.71
426	0.138544	-8286.11
427	0.138544	-8280.08
428	0.138544	-8265.61
429	0.138544	-8304.49
430	0.138544	-8301.18
431	0.138544	-8295.6
432	0.138544	-8288.25
433	0.138544	-8253.01
434	0.138544	-8261.1
435	0.138544	-8234.45
436	0.138544	-8249.68
437	0.138544	-8291.99
438	0.138544	-8309.52
439	0.138544	-8281.63
440	0.138544	-8288.64
441	0.138544	-8259.68
442	0.138544	-8243.59
443	0.138544	-8261.16
444	0.138544	-8272.36
445	0.138544	-8234.81
446	0.138544	-8255.38
447	0.138544	-8241.39
448	0.138544	-8256
449	0.138544	-8272.39
450	0.138544	-8294.97
451	0.138544	-8282.71
452	0.138544	-8258.65
453	0.138544	-8298.62
454	0.138544	-8286.61
455	0.138544	-8282.1
456	0.138544	-8254.61
457	0.138544	-8285.44
458	0.138544	-8298.25
459	0.138544	-8298.53
460	0.138544	-8272.84
461	0.138544	-8306.11
462	0.138544	-8294
463	0.138544	-8289.09
464	0.138544	-8252.87
465	0.138544	-8247.54
466	0.138544	-8268.94
467	0.138544	-8270.56
468	0.138544	-8309.19
469	0.138544	-8259.05
470	0.138544	-8252.29
471	0.138544	-8305.5
472	0.138544	-8346.6
473	0.138544	-8254.54
474	0.138544	-8307
475	0.138544	-8277.87
476	0.138544	-8287.52
477	0.138544	-8270.73
478	0.138544	-8299.25
479	0.138544	-8331
480	0.138544	-8300.03
481	0.138544	-8318.98
482	0.138544	-8299.03
483	0.138544	-8269.38
484	0.138544	-8268.49
485	0.138544	-8309.84
486	0.138544	-8304.43
487	0.138544	-8276.74
488	0.138544	-8282.16
489	0.138544	-8291.21
490	0.138544	-8273.51
491	0.138544	-8279.46
492	0.138544	-8279.46
493	0.138544	-8253.7
494	0.138544	-8257.74
495	0.138544	-8255.83
496	0.138544	-8248.49
497	0.138544	-8232.16
498	0.138544	-8313.74
499	0.138544	-8276.48
500	0.138544	-8273.01
501	0.138544	-8273.01
502	0.138544	-8291.03
503	0.138544	-8279.9
504	0.138544	-8300.28
505	0.138544	-8293.87
506	0.138544	-8305.37
507	0.138544	-8273.99
508	0.138544	-8287.55
509	0.138544	-8287.07
510	0.138544	-8299.9
511	0.138544	-8307.75
512	0.138544	-8273.37
513	0.138544	-8280.92
514	0.138544	-8310.59
515	0.138544	-8244.53
516	0.138544	-8252.3
517	0.138544	-8273.05
518	0.138544	-8255.81
519	0.138544	-8274.9
520	0.138544	-8248.69
521	0.138544	-8252.4
522	0.138544	-8279.11
523	0.138544	-8240.76
524	0.138544	-8266.65
525	0.138544	-8278.04
526	0.138544	-8231.43
527	0.138544	-8242.78
528	0.138544	-8233.69
529	0.138544	-8277.74
530	0.138544	-8272.48
531	0.138544	-8314.48
532	0.138544	-8346.88
533	0.138544	-8332.06
534	0.138544	-8267.46
535	0.138544	-8261.41
536	0.138544	-8248.25
537	0.138544	-8263.7
538	0.138544	-8232.08
539	0.138544	-8258.51
540	0.138544	-8265.68
541	0.138544	-8245.84
542	0.138544	-8262.41
543	0.138544	-8270.85
544	0.138544	-8282.59
545	0.138544	-8296.96
546	0.138544	-8239.86
547	0.138544	-8230.99
548	0.138544	-8270.56
549	0.138544	-8287.41
550	0.138544	-8283.16
551	0.138544	-8242.72
552	0.138544	-8278.42
553	0.138544	-8334.76
554	0.138544	-8335.3
555	0.138544	-8322.51
556	0.138544	-8300.49
557	0.138544	-8243.01
558	0.138544	-8262.14
559	0.138544	-8302.93
560	0.138544	-8275.4
561	0.138544	-8267.14
562	0.138544	-8239.27
563	0.138544	-8263.73
564	0.138544	-8242.07
565	0.138544	-8326.99
566	0.138544	-8315.85
567	0.138544	-8363.27
568	0.138544	-8356.93
569	0.138544	-8320.95
570	0.138544	-8288.13
571	0.138544	-8285.07
572	0.138544	-8317.34
573	0.138544	-8293.81
574	0.138544	-8326.47
575	0.138544	-8321.37
576	0.138544	-8301.73
577	0.138544	-8256.95
578	0.138544	-8284.56
579	0.138544	-8293.8
580	0.138544	-8299.29
581	0.138544	-8300.53
582	0.138544	-8289.58
583	0.138544	-8234.05
584	0.138544	-8250.41
585	0.138544	-8282.82
586	0.138544	-8326.86
587	0.138544	-8295.37
588	0.138544	-8312.59
589	0.138544	-8260.83
590	0.138544	-8273.34
591	0.138544	-8232.94
592	0.138544	-8228.72
593	0.138544	-8249.81
594	0.138544	-8254.75
595	0.138544	-8259.26
596	0.138544	-8240.73
597	0.138544	-8233.07
598	0.138544	-8224.59
599	0.138544	-8260.59
600	0.138544	-8235.77
601	0.138544	-8248.59
602	0.138544	-8223.35
603	0.138544	-8221.35
604	0.138544	-8235.67
605	0.138544	-8289.16
606	0.138544	-8322.25
607	0.138544	-8327.22
608	0.138544	-8280.01
609	0.138544	-8269.21
610	0.138544	-8270.76
611	0.138544	-8316.8
612	0.138544	-8307.37
613	0.138544	-8287.74
614	0.138544	-8272.85
615	0.138544	-8315.04
616	0.138544	-8312.84
617	0.138544	-8286.41
618	0.138544	-8297.67
619	0.138544	-8273.45
620	0.138544	-8274.07
621	0.138544	-8293.15
622	0.138544	-8303.53
623	0.138544	-8312.65
624	0.138544	-8334.5
625	0.138544	-8277.93
626	0.138544	-8248.73
627	0.138544	-8267.62
628	0.138544	-8276.9
629	0.138544	-8272.66
630	0.138544	-8323.11
631	0.138544	-8299.13
632	0.138544	-8273.76
633	0.138544	-8281.43
634	0.138544	-8282.4
635	0.138544	-8309.96
636	0.138544	-8267.4
637	0.138544	-8242.52
638	0.138544	-8218.93
639	0.138544	-8246.96
640	0.138544	-8249.16
641	0.138544	-8234.43
642	0.138544	-8244.38
643	0.138544	-8237.26
644	0.138544	-8249.36
645	0.138544	-8257.02
646	0.138544	-8299.74
647	0.138544	-8287.1
648	0.138544	-8299.47
649	0.138544	-8309.87
650	0.138544	-8333.72
651	0.138544	-8333.49
652	0.138544	-8349.98
653	0.138544	-8353.6
654	0.138544	-8283.73
655	0.138544	-8278.06
656	0.138544	-8256.03
657	0.138544	-8228.06
658	0.138544	-8231.22
659	0.138544	-8233.23
660	0.138544	-8240.21
661	0.138544	-8253.34
662	0.138544	-8262.34
663	0.138544	-8290.04
664	0.138544	-8299.53
665	0.138544	-8302.84
666	0.138544	-8284.34
667	0.138544	-8246.83
668	0.138544	-8254.95
669	0.138544	-8263.49
670	0.138544	-8222.61
671	0.138544	-8252.45
672	0.138544	-8280.59
673	0.138544	-8259.58
674	0.138544	-8267.09
675	0.138544	-8280.36
676	0.138544	-8286.6
677	0.138544	-8289.41
678	0.138544	-8275.48
679	0.138544	-8263.88
680	0.138544	-8285.34
681	0.138544	-8249.93
682	0.138544	-8280.89
683	0.138544	-8268.07
684	0.138544	-8262.95
685	0.138544	-8259.54
686	0.138544	-8292.23
687	0.138544	-8288.19
688	0.138544	-8304.64
689	0.138544	-8288.22
690	0.138544	-8260.33
691	0.138544	-8287.21
692	0.138544	-8281.17
693	0.138544	-8283.47
694	0.138544	-8275.02
695	0.138544	-8274.87
696	0.138544	-8250.89
697	0.138544	-8262.42
698	0.138544	-8254.68
699	0.138544	-8275.89
700	0.138544	-8260.86
701	0.138544	-8269.18
702	0.138544	-8284.57
703	0.138544	-8288.9
704	0.138544	-8290.24
705	0.138544	-8279.22
706	0.138544	-8248.49
707	0.138544	-8271.94
708	0.138544	-8289
709	0.138544	-8279.2
710	0.138544	-8281.8
711	0.138544	-8234.07
712	0.138544	-8248.72
713	0.138544	-8300.63
714	0.138544	-8284.88
715	0.138544	-8266.95
716	0.138544	-8257.58
717	0.138544	-8293.41
718	0.138544	-8235.6
719	0.138544	-8271.97
720	0.138544	-8304.27
721	0.138544	-8285.08
722	0.138544	-8305.35
723	0.138544	-8287.06
724	0.138544	-8279.12
725	0.138544	-8275.97
726	0.138544	-8256.58
727	0.138544	-8237.18
728	0.138544	-8251.07
729	0.138544	-8259.29
730	0.138544	-8246.29
731	0.138544	-8247.35
732	0.138544	-8252.1
733	0.138544	-8289.3
734	0.138544	-8270.57
735	0.138544	-8252.81
736	0.138544	-8264.8
737	0.138544	-8274.99
738	0.138544	-8263.83
739	0.138544	-8265.1
740	0.138544	-8282.77
741	0.138544	-8263.62
742	0.138544	-8286.47
743	0.138544	-8290.74
744	0.138544	-8270.77
745	0.138544	-8245.06
746	0.138544	-8280.08
747	0.138544	-8314.94
748	0.138544	-8289.51
749	0.138544	-8270.12
750	0.138544	-8242.37
751	0.138544	-8267.53
752	0.138544	-8251.39
753	0.138544	-8242.65
754	0.138544	-8227.58
755	0.138544	-8308.88
756	0.138544	-8298.49
757	0.138544	-8243.59
758	0.138544	-8254.35
759	0.138544	-8240.85
760	0.138544	-8241.4
761	0.138544	-8252.68
762	0.138544	-8264.23
763	0.138544	-8236.01
764	0.138544	-8303.4
765	0.138544	-8311.01
766	0.138544	-8288.92
767	0.138544	-8280.23
768	0.138544	-8308.65
769	0.138544	-8300.52
770	0.138544	-8303.53
771	0.138544	-8284.86
772	0.138544	-8274.97
773	0.138544	-8247.21
774	0.138544	-8261.81
775	0.138544	-8260.65
776	0.138544	-8221.68
777	0.138544	-8235.74
778	0.138544	-8237.45
779	0.138544	-8236.4
780	0.138544	-8233.59
781	0.138544	-8240.03
782	0.138544	-8257.26
783	0.138544	-8259.22
784	0.138544	-8283.01
785	0.138544	-8282.79
786	0.138544	-8298.4
787	0.138544	-8289.28
788	0.138544	-8295.14
789	0.138544	-8304.79
790	0.138544	-8258.55
791	0.138544	-8230.38
792	0.138544	-8231.87
793	0.138544	-8230.76
794	0.138544	-8245.27
795	0.138544	-8259.36
796	0.138544	-8250.22
797	0.138544	-8236.42
798	0.138544	-8247.32
799	0.138544	-8262.64
800	0.138544	-8268.11
801	0.138544	-8256.3
802	0.138544	-8283.61
803	0.138544	-8323.53
804	0.138544	-8337.37
805	0.138544	-8295.38
806	0.138544	-8279.56
807	0.138544	-8233.44
808	0.138544	-8251.84
809	0.138544	-8282.09
810	0.138544	-8311.15
811	0.138544	-8310.14
812	0.138544	-8276.38
813	0.138544	-8271.02
814	0.138544	-8260.67
815	0.138544	-8291.63
816	0.138544	-8272.31
817	0.138544	-8247.02
818	0.138544	-8254.64
819	0.138544	-8232.34
820	0.138544	-8249.28
821	0.138544	-8276.05
822	0.138544	-8264.09
823	0.138544	-8269.08
824	0.138544	-8259.43
825	0.138544	-8306.46
826	0.138544	-8314.5
827	0.138544	-8289.62
828	0.138544	-8253.51
829	0.138544	-8277.4
830	0.138544	-8262.91
831	0.138544	-8313.97
832	0.138544	-8294
833	0.138544	-8283.38
834	0.138544	-8265.37
835	0.138544	-8247.09
836	0.138544	-8242.3
837	0.138544	-8239.79
838	0.138544	-8250.64
839	0.138544	-8255.76
840	0.138544	-8266.19
841	0.138544	-8248.32
842	0.138544	-8250.89
843	0.138544	-8287.71
844	0.138544	-8259.04
845	0.138544	-8270.63
846	0.138544	-8261.34
847	0.138544	-8295.88
848	0.138544	-8286.36
849	0.138544	-8238.69
850	0.138544	-8247.53
851	0.138544	-8255.65
852	0.138544	-8213.77
853	0.138544	-8285.79
854	0.138544	-8266.12
855	0.138544	-8294.54
856	0.138544	-8281.5
857	0.138544	-8307.74
858	0.138544	-8286.62
859	0.138544	-8284.13
860	0.138544	-8281.17
861	0.138544	-8289.48
862	0.138544	-8253.88
863	0.138544	-8286.22
864	0.138544	-8267.97
865	0.138544	-8237.32
866	0.138544	-8280.14
867	0.138544	-8274.35
868	0.138544	-8248.94
869	0.138544	-8260.54
870	0.138544	-8286.2
871	0.138544	-8229.86
872	0.138544	-8254.5
873	0.138544	-8257.09
874	0.138544	-8270.38
875	0.138544	-8236.53
876	0.138544	-8266.91
877	0.138544	-8256.73
878	0.138544	-8309.23
879	0.138544	-8274.3
880	0.138544	-8314.8
881	0.138544	-8300.59
882	0.138544	-8321.49
883	0.138544	-8276.13
884	0.138544	-8269.89
885	0.138544	-8301.64
886	0.138544	-8315.44
887	0.138544	-8309.67
888	0.138544	-8327.15
889	0.138544	-8362.11
890	0.138544	-8319.57
891	0.138544	-8331.51
892	0.138544	-8321.99
893	0.138544	-8302.86
894	0.138544	-8295.91
895	0.138544	-8290.57
896	0.138544	-8274.45
897	0.138544	-8289.19
898	0.138544	-8297.78
899	0.138544	-8283.6
900	0.138544	-8263.17
901	0.138544	-8280.32
902	0.138544	-8270.48
903	0.138544	-8281.32
904	0.138544	-8264.43
905	0.138544	-8272.14
906	0.138544	-8261.23
907	0.138544	-8291.64
908	0.138544	-8242.83
909	0.138544	-8230.81
910	0.138544	-8238.99
911	0.138544	-8254.98
912	0.138544	-8262.21
913	0.138544	-8281.68
914	0.138544	-8263.43
915	0.138544	-8254.1
916	0.138544	-8249.32
917	0.138544	-8261.66
918	0.138544	-8268.95
919	0.138544	-8292.24
920	0.138544	-8270.7
921	0.138544	-8265.27
922	0.138544	-8293.22
923	0.138544	-8277.5
924	0.138544	-8285.38
925	0.138544	-8310.3
926	0.138544	-8315.85
927	0.138544	-8293.58
928	0.138544	-8313.77
929	0.138544	-8245.74
930	0.138544	-8245
931	0.138544	-8291.23
932	0.138544	-8321.93
933	0.138544	-8284.39
934	0.138544	-8259.65
935	0.138544	-8280.52
936	0.138544	-8317.75
937	0.138544	-8302.38
938	0.138544	-8291.92
939	0.138544	-8324.24
940	0.138544	-8282.29
941	0.138544	-8271.56
942	0.138544	-8262.92
943	0.138544	-8257.66
944	0.138544	-8285.11
945	0.138544	-8318.77
946	0.138544	-8275.96
947	0.138544	-8300.52
948	0.138544	-8295.72
949	0.138544	-8275.04
950	0.138544	-8278.65
951	0.138544	-8278.22
952	0.138544	-8306.01
953	0.138544	-8249.72
954	0.138544	-8267.71
955	0.138544	-8250.22
956	0.138544	-8262.82
957	0.138544	-8346.2
958	0.138544	-8304.27
959	0.138544	-8300.88
960	0.138544	-8308.4
961	0.138544	-8288.51
962	0.138544	-8314.94
963	0.138544	-8255.72
964	0.138544	-8257.55
965	0.138544	-8235.98
966	0.138544	-8231.84
967	0.138544	-8239
968	0.138544	-8246.62
969	0.138544	-8321.55
970	0.138544	-8318.68
971	0.138544	-8274.33
972	0.138544	-8334.27
973	0.138544	-8343.22
974	0.138544	-8275.46
975	0.138544	-8269.17
976	0.138544	-8254.41
977	0.138544	-8269.83
978	0.138544	-8367.97
979	0.138544	-8314.84
980	0.138544	-8331.82
981	0.138544	-8279.31
982	0.138544	-8291.33
983	0.138544	-8286.6
984	0.138544	-8348.55
985	0.138544	-8328.94
986	0.138544	-8308.21
987	0.138544	-8317.11
988	0.138544	-8311.24
989	0.138544	-8292.94
990	0.138544	-8313.28
991	0.138544	-8335.98
992	0.138544	-8324.4
993	0.138544	-8267.5
994	0.138544	-8249.42
995	0.138544	-8267.43
996	0.138544	-8328.88
997	0.138544	-8290.21
998	0.138544	-8268.95
999	0.138544	-8281.29
1000	0.138544	-8263.14
251	0.118787	-8252.78
252	0.118787	-8310.3
253	0.118787	-8279.77
254	0.118787	-8274.25
255	0.118787	-8343.96
256	0.118787	-8330.47
257	0.118787	-8295.06
258	0.118787	-8299.81
259	0.118787	-8322.7
260	0.118787	-8312.98
261	0.118787	-8301.82
262	0.118787	-8267.78
263	0.118787	-8316.39
264	0.118787	-8350.17
265	0.118787	-8316.78
266	0.118787	-8312.3
267	0.118787	-8285.97
268	0.118787	-8289.98
269	0.118787	-8306.36
270	0.118787	-8280.79
271	0.118787	-8258
272	0.118787	-8273.53
273	0.118787	-8287.85
274	0.118787	-8280.14
275	0.118787	-8322.17
276	0.118787	-8297.11
277	0.118787	-8289.54
278	0.118787	-8270.35
279	0.118787	-8258.66
280	0.118787	-8281.36
281	0.118787	-8274.33
282	0.118787	-8342.32
283	0.118787	-8299.81
284	0.118787	-8260.35
285	0.118787	-8295.56
286	0.118787	-8298.79
287	0.118787	-8304.28
288	0.118787	-8305.14
289	0.118787	-8307
290	0.118787	-8277.9
291	0.118787	-8286.28
292	0.118787	-8275.94
293	0.118787	-8268.59
294	0.118787	-8279.38
295	0.118787	-8260.39
296	0.118787	-8283.95
297	0.118787	-8303.33
298	0.118787	-8287.5
299	0.118787	-8284.23
300	0.118787	-8287.07
301	0.118787	-8276.02
302	0.118787	-8270.34
303	0.118787	-8279.81
304	0.118787	-8280.49
305	0.118787	-8297.3
306	0.118787	-8278.09
307	0.118787	-8259.19
308	0.118787	-8311.61
309	0.118787	-8276.82
310	0.118787	-8271.99
311	0.118787	-8263.36
312	0.118787	-8279.06
313	0.118787	-8243.58
314	0.118787	-8248.49
315	0.118787	-8291.38
316	0.118787	-8305.33
317	0.118787	-8268.62
318	0.118787	-8267.33
319	0.118787	-8283.39
320	0.118787	-8235.23
321	0.118787	-8299.22
322	0.118787	-8287.29
323	0.118787	-8289.45
324	0.118787	-8327.31
325	0.118787	-8277.19
326	0.118787	-8347.53
327	0.118787	-8338.82
328	0.118787	-8282.59
329	0.118787	-8302.21
330	0.118787	-8269.37
331	0.118787	-8306.26
332	0.118787	-8309.13
333	0.118787	-8312.06
334	0.118787	-8317.47
335	0.118787	-8285.66
336	0.118787	-8273.68
337	0.118787	-8262.31
338	0.118787	-8275.78
339	0.118787	-8294.17
340	0.118787	-8268.57
341	0.118787	-8297.14
342	0.118787	-8319.47
343	0.118787	-8366.71
344	0.118787	-8349.27
345	0.118787	-8356.79
346	0.118787	-8325.56
347	0.118787	-8345.14
348	0.118787	-8330.35
349	0.118787	-8306.32
350	0.118787	-8282.28
351	0.118787	-8317.2
352	0.118787	-8314.89
353	0.118787	-8307.15
354	0.118787	-8398.09
355	0.118787	-8357.38
356	0.118787	-8373.54
357	0.118787	-8348.31
358	0.118787	-8324.12
359	0.118787	-8357.19
360	0.118787	-8338.45
361	0.118787	-8315.86
362	0.118787	-8298.45
363	0.118787	-8287.84
364	0.118787	-8306.02
365	0.118787	-8263.47
366	0.118787	-8254.98
367	0.118787	-8291.35
368	0.118787	-8285.58
369	0.118787	-8256.57
370	0.118787	-8237.5
371	0.118787	-8295.4
372	0.118787	-8306.27
373	0.118787	-8328.65
374	0.118787	-8326.74
375	0.118787	-8303.77
376	0.118787	-8331.5
377	0.118787	-8316.19
378	0.118787	-8375.52
379	0.118787	-8409.26
380	0.118787	-8295.1
381	0.118787	-8251.02
382	0.118787	-8257.3
383	0.118787	-8254.55
384	0.118787	-8273.15
385	0.118787	-8292.44
386	0.118787	-8277.77
387	0.118787	-8260.27
388	0.118787	-8272.16
389	0.118787	-8277.61
390	0.118787	-8290.52
391	0.118787	-8269.06
392	0.118787	-8257.85
393	0.118787	-8291.36
394	0.118787	-8301.25
395	0.118787	-8298.05
396	0.118787	-8291.55
397	0.118787	-8344.67
398	0.118787	-8277.77
399	0.118787	-8316.55
400	0.118787	-8336.68
401	0.118787	-8304.42
402	0.118787	-8268.28
403	0.118787	-8303.54
404	0.118787	-8304.93
405	0.118787	-8323.13
406	0.118787	-8281.26
407	0.118787	-8298.34
408	0.118787	-8276.13
409	0.118787	-8249.53
410	0.118787	-8303.31
411	0.118787	-8244.66
412	0.118787	-8257.13
413	0.118787	-8295
414	0.118787	-8301.48
415	0.118787	-8269.82
416	0.118787	-8270.5
417	0.118787	-8268.45
418	0.118787	-8256.01
419	0.118787	-8298.04
420	0.118787	-8291.49
421	0.118787	-8274.14
422	0.118787	-8284.79
423	0.118787	-8303.61
424	0.118787	-8314.89
425	0.118787	-8316.33
426	0.118787	-8308.21
427	0.118787	-8271.81
428	0.118787	-8281.48
429	0.118787	-8276
430	0.118787	-8302.45
431	0.118787	-8287.12
432	0.118787	-8299.07
433	0.118787	-8292.34
434	0.118787	-8269.07
435	0.118787	-8260.21
436	0.118787	-8260.08
437	0.118787	-8264.19
438	0.118787	-8210.08
439	0.118787	-8223.89
440	0.118787	-8274.67
441	0.118787	-8237.46
442	0.118787	-8251.44
443	0.118787	-8240.37
444	0.118787	-8259.74
445	0.118787	-8258.57
446	0.118787	-8262.31
447	0.118787	-8335.42
448	0.118787	-8312.05
449	0.118787	-8295.74
450	0.118787	-8303.61
451	0.118787	-8288.54
452	0.118787	-8265.07
453	0.118787	-8287.5
454	0.118787	-8274.48
455	0.118787	-8269.75
456	0.118787	-8243.88
457	0.118787	-8275.65
458	0.118787	-8248.38
459	0.118787	-8256.05
460	0.118787	-8259.89
461	0.118787	-8265.32
462	0.118787	-8285.85
463	0.118787	-8260.11
464	0.118787	-8269.99
465	0.118787	-8255.36
466	0.118787	-8277.32
467	0.118787	-8302.07
468	0.118787	-8344.64
469	0.118787	-8344.4
470	0.118787	-8333.8
471	0.118787	-8248.52
472	0.118787	-8274.97
473	0.118787	-8311
474	0.118787	-8332.78
475	0.118787	-8300.97
476	0.118787	-8269.19
477	0.118787	-8313
478	0.118787	-8329.54
479	0.118787	-8388.32
480	0.118787	-8331.89
481	0.118787	-8315.67
482	0.118787	-8327.09
483	0.118787	-8316.28
484	0.118787	-8312.46
485	0.118787	-8292.57
486	0.118787	-8278.98
487	0.118787	-8324
488	0.118787	-8283.41
489	0.118787	-8268.67
490	0.118787	-8249.06
491	0.118787	-8285.58
492	0.118787	-8293.2
493	0.118787	-8271.72
494	0.118787	-8301.34
495	0.118787	-8287.84
496	0.118787	-8271.86
497	0.118787	-8308.85
498	0.118787	-8329.03
499	0.118787	-8327.89
500	0.118787	-8320.09
501	0.118787	-8308.01
502	0.118787	-8340.28
503	0.118787	-8317.01
504	0.118787	-8294.69
505	0.118787	-8289.69
506	0.118787	-8250.73
507	0.118787	-8258.44
508	0.118787	-8295.9
509	0.118787	-8265.22
510	0.118787	-8256.64
511	0.118787	-8266.26
512	0.118787	-8309.74
513	0.118787	-8299.23
514	0.118787	-8274.6
515	0.118787	-8261.73
516	0.118787	-8260.41
517	0.118787	-8317.02
518	0.118787	-8320.68
519	0.118787	-8295.01
520	0.118787	-8312.2
521	0.118787	-8300.62
522	0.118787	-8308.87
523	0.118787	-8279.51
524	0.118787	-8318.19
525	0.118787	-8299.53
526	0.118787	-8256.56
527	0.118787	-8298.54
528	0.118787	-8309.24
529	0.118787	-8332.06
530	0.118787	-8346.71
531	0.118787	-8342.04
532	0.118787	-8373.03
533	0.118787	-8312.92
534	0.118787	-8263.09
535	0.118787	-8290.24
536	0.118787	-8248.7
537	0.118787	-8218.41
538	0.118787	-8267.11
539	0.118787	-8300.66
540	0.118787	-8248
541	0.118787	-8273.54
542	0.118787	-8224.44
543	0.118787	-8294.5
544	0.118787	-8245.85
545	0.118787	-8317.69
546	0.118787	-8320.73
547	0.118787	-8297.92
548	0.118787	-8289.95
549	0.118787	-8259.78
550	0.118787	-8282.09
551	0.118787	-8328.8
552	0.118787	-8261.01
553	0.118787	-8280.69
554	0.118787	-8338.62
555	0.118787	-8291.72
556	0.118787	-8285.73
557	0.118787	-8299.97
558	0.118787	-8294.51
559	0.118787	-8243.9
560	0.118787	-8261.69
561	0.118787	-8224.89
562	0.118787	-8249.75
563	0.118787	-8250.23
564	0.118787	-8245.74
565	0.118787	-8270.24
566	0.118787	-8245.48
567	0.118787	-8340.35
568	0.118787	-8287.82
569	0.118787	-8287.38
570	0.118787	-8334.46
571	0.118787	-8248.31
572	0.118787	-8261.02
573	0.118787	-8272.73
574	0.118787	-8302.58
575	0.118787	-8335.88
576	0.118787	-8303.19
577	0.118787	-8303.93
578	0.118787	-8292.33
579	0.118787	-8297.45
580	0.118787	-8302.89
581	0.118787	-8328.58
582	0.118787	-8262.92
583	0.118787	-8300.8
584	0.118787	-8284.97
585	0.118787	-8293.71
586	0.118787	-8344.89
587	0.118787	-8293.71
588	0.118787	-8328.55
589	0.118787	-8299.22
590	0.118787	-8324.72
591	0.118787	-8321.7
592	0.118787	-8324.06
593	0.118787	-8300.67
594	0.118787	-8308.43
595	0.118787	-8250.01
596	0.118787	-8267.44
597	0.118787	-8285.25
598	0.118787	-8300.57
599	0.118787	-8273.6
600	0.118787	-8269.79
601	0.118787	-8283.51
602	0.118787	-8264.95
603	0.118787	-8267.78
604	0.118787	-8282.98
605	0.118787	-8290.13
606	0.118787	-8312.11
607	0.118787	-8329.3
608	0.118787	-8317.65
609	0.118787	-8260.54
610	0.118787	-8289.42
611	0.118787	-8303.42
612	0.118787	-8361.47
613	0.118787	-8259.06
614	0.118787	-8312.61
615	0.118787	-8345.99
616	0.118787	-8229.59
617	0.118787	-8245.91
618	0.118787	-8255.9
619	0.118787	-8271.18
620	0.118787	-8267.88
621	0.118787	-8293.03
622	0.118787	-8278.23
623	0.118787	-8292.35
624	0.118787	-8295.03
625	0.118787	-8256.98
626	0.118787	-8302.12
627	0.118787	-8307.16
628	0.118787	-8366.83
629	0.118787	-8320.47
630	0.118787	-8316.02
631	0.118787	-8318.76
632	0.118787	-8313.7
633	0.118787	-8269.04
634	0.118787	-8325.67
635	0.118787	-8305.25
636	0.118787	-8280.15
637	0.118787	-8294.04
638	0.118787	-8294.54
639	0.118787	-8277.04
640	0.118787	-8268.6
641	0.118787	-8261.64
642	0.118787	-8250.54
643	0.118787	-8278.75
644	0.118787	-8281.94
645	0.118787	-8310.69
646	0.118787	-8325.36
647	0.118787	-8379.83
648	0.118787	-8315.23
649	0.118787	-8312.83
650	0.118787	-8257.93
651	0.118787	-8322.26
652	0.118787	-8282.72
653	0.118787	-8303.2
654	0.118787	-8308.18
655	0.118787	-8280.15
656	0.118787	-8310.05
657	0.118787	-8298.24
658	0.118787	-8351.97
659	0.118787	-8305.29
660	0.118787	-8339.8
661	0.118787	-8342.08
662	0.118787	-8340.35
663	0.118787	-8287.8
664	0.118787	-8295.07
665	0.118787	-8349.56
666	0.118787	-8314.54
667	0.118787	-8316.37
668	0.118787	-8327.5
669	0.118787	-8310.79
670	0.118787	-8271.91
671	0.118787	-8261.2
672	0.118787	-8296.95
673	0.118787	-8288.58
674	0.118787	-8268.2
675	0.118787	-8297.69
676	0.118787	-8313.26
677	0.118787	-8375.45
678	0.118787	-8328.83
679	0.118787	-8333.48
680	0.118787	-8311.93
681	0.118787	-8320.28
682	0.118787	-8279.67
683	0.118787	-8254.99
684	0.118787	-8263.55
685	0.118787	-8290.29
686	0.118787	-8248.23
687	0.118787	-8217.66
688	0.118787	-8260.51
689	0.118787	-8314.65
690	0.118787	-8330.48
691	0.118787	-8286.63
692	0.118787	-8287.58
693	0.118787	-8293.8
694	0.118787	-8254.11
695	0.118787	-8271.25
696	0.118787	-8267.55
697	0.118787	-8265.69
698	0.118787	-8320.6
699	0.118787	-8307.39
700	0.118787	-8378.34
701	0.118787	-8353.86
702	0.118787	-8337.97
703	0.118787	-8327.8
704	0.118787	-8314.87
705	0.118787	-8289.7
706	0.118787	-8231.94
707	0.118787	-8292
708	0.118787	-8327.37
709	0.118787	-8342.82
710	0.118787	-8345.65
711	0.118787	-8323.87
712	0.118787	-8288.06
713	0.118787	-8279.6
714	0.118787	-8278.76
715	0.118787	-8268.28
716	0.118787	-8253.34
717	0.118787	-8260.86
718	0.118787	-8287.16
719	0.118787	-8298.02
720	0.118787	-8288.61
721	0.118787	-8273.52
722	0.118787	-8288.89
723	0.118787	-8249.98
724	0.118787	-8247.66
725	0.118787	-8296.39
726	0.118787	-8275.78
727	0.118787	-8257.2
728	0.118787	-8259.05
729	0.118787	-8296.56
730	0.118787	-8320.15
731	0.118787	-8322.2
732	0.118787	-8354.99
733	0.118787	-8338.62
734	0.118787	-8289.41
735	0.118787	-8370.02
736	0.118787	-8308.76
737	0.118787	-8296.1
738	0.118787	-8327.04
739	0.118787	-8290.64
740	0.118787	-8276.58
741	0.118787	-8359.21
742	0.118787	-8301.92
743	0.118787	-8308.04
744	0.118787	-8330.2
745	0.118787	-8321.34
746	0.118787	-8284.81
747	0.118787	-8283.67
748	0.118787	-8297.54
749	0.118787	-8322.61
750	0.118787	-8357.87
751	0.118787	-8399.63
752	0.118787	-8334.45
753	0.118787	-8353.33
754	0.118787	-8304.95
755	0.118787	-8326.99
756	0.118787	-8328.11
757	0.118787	-8302.77
758	0.118787	-8304.32
759	0.118787	-8281.44
760	0.118787	-8296.42
761	0.118787	-8278.42
762	0.118787	-8323.94
763	0.118787	-8293.94
764	0.118787	-8284.08
765	0.118787	-8263.46
766	0.118787	-8300.3
767	0.118787	-8369.75
768	0.118787	-8385.76
769	0.118787	-8356.57
770	0.118787	-8397.45
771	0.118787	-8357.54
772	0.118787	-8336.35
773	0.118787	-8289.12
774	0.118787	-8312.81
775	0.118787	-8308.92
776	0.118787	-8299.2
777	0.118787	-8294.76
778	0.118787	-8298.07
779	0.118787	-8302.22
780	0.118787	-8302.52
781	0.118787	-8272.1
782	0.118787	-8272.55
783	0.118787	-8332.81
784	0.118787	-8275.76
785	0.118787	-8308.06
786	0.118787	-8322.08
787	0.118787	-8297.1
788	0.118787	-8298.78
789	0.118787	-8317.32
790	0.118787	-8355.5
791	0.118787	-8296.08
792	0.118787	-8293.97
793	0.118787	-8280.49
794	0.118787	-8287.51
795	0.118787	-8317.47
796	0.118787	-8317.97
797	0.118787	-8288.25
798	0.118787	-8281.3
799	0.118787	-8245.78
800	0.118787	-8263.65
801	0.118787	-8263.42
802	0.118787	-8289.04
803	0.118787	-8291.51
804	0.118787	-8316.22
805	0.118787	-8269.62
806	0.118787	-8273.35
807	0.118787	-8292.41
808	0.118787	-8250.63
809	0.118787	-8296.79
810	0.118787	-8352.02
811	0.118787	-8360.35
812	0.118787	-8382.22
813	0.118787	-8368.13
814	0.118787	-8372.28
815	0.118787	-8329.77
816	0.118787	-8291.96
817	0.118787	-8319.1
818	0.118787	-8274.67
819	0.118787	-8242.69
820	0.118787	-8276.58
821	0.118787	-8259.82
822	0.118787	-8263.19
823	0.118787	-8232.33
824	0.118787	-8244.69
825	0.118787	-8235.97
826	0.118787	-8276.29
827	0.118787	-8289.45
828	0.118787	-8316.95
829	0.118787	-8303.16
830	0.118787	-8288.18
831	0.118787	-8252.28
832	0.118787	-8309.69
833	0.118787	-8323.23
834	0.118787	-8326.07
835	0.118787	-8372.92
836	0.118787	-8344.85
837	0.118787	-8354.55
838	0.118787	-8345.04
839	0.118787	-8325.01
840	0.118787	-8330.47
841	0.118787	-8246.95
842	0.118787	-8280.1
843	0.118787	-8240.88
844	0.118787	-8258.92
845	0.118787	-8288.57
846	0.118787	-8312.05
847	0.118787	-8335.96
848	0.118787	-8302.33
849	0.118787	-8300.39
850	0.118787	-8327.24
851	0.118787	-8302.43
852	0.118787	-8299.43
853	0.118787	-8305.68
854	0.118787	-8270.52
855	0.118787	-8293.05
856	0.118787	-8313.89
857	0.118787	-8343.22
858	0.118787	-8320.87
859	0.118787	-8291.1
860	0.118787	-8284.45
861	0.118787	-8262.6
862	0.118787	-8278.7
863	0.118787	-8256.26
864	0.118787	-8258.22
865	0.118787	-8249.01
866	0.118787	-8275.63
867	0.118787	-8322.76
868	0.118787	-8288.09
869	0.118787	-8234.41
870	0.118787	-8213.94
871	0.118787	-8236.15
872	0.118787	-8251.15
873	0.118787	-8296.52
874	0.118787	-8300.09
875	0.118787	-8247.7
876	0.118787	-8250.03
877	0.118787	-8253.52
878	0.118787	-8249.59
879	0.118787	-8254.21
880	0.118787	-8248.98
881	0.118787	-8261.05
882	0.118787	-8284.86
883	0.118787	-8314.74
884	0.118787	-8277.02
885	0.118787	-8295.06
886	0.118787	-8356.99
887	0.118787	-8325.25
888	0.118787	-8324.38
889	0.118787	-8342.58
890	0.118787	-8353.33
891	0.118787	-8313.35
892	0.118787	-8317.53
893	0.118787	-8281.84
894	0.118787	-8314.42
895	0.118787	-8351.57
896	0.118787	-8413.54
897	0.118787	-8428.23
898	0.118787	-8440.17
899	0.118787	-8378.26
900	0.118787	-8308.28
901	0.118787	-8321.41
902	0.118787	-8295.12
903	0.118787	-8287.47
904	0.118787	-8285.11
905	0.118787	-8256.8
906	0.118787	-8288.08
907	0.118787	-8257.71
908	0.118787	-8297.56
909	0.118787	-8300.45
910	0.118787	-8298.97
911	0.118787	-8322.74
912	0.118787	-8280.42
913	0.118787	-8293.37
914	0.118787	-8250.71
915	0.118787	-8273.77
916	0.118787	-8258.73
917	0.118787	-8293.21
918	0.118787	-8245.59
919	0.118787	-8231.65
920	0.118787	-8234.43
921	0.118787	-8271.56
922	0.118787	-8294.42
923	0.118787	-8328.49
924	0.118787	-8284.72
925	0.118787	-8302.13
926	0.118787	-8277.93
927	0.118787	-8284.35
928	0.118787	-8284.04
929	0.118787	-8328.86
930	0.118787	-8258.6
931	0.118787	-8261.41
932	0.118787	-8252.65
933	0.118787	-8253.93
934	0.118787	-8244.42
935	0.118787	-8258.96
936	0.118787	-8274.97
937	0.118787	-8234.88
938	0.118787	-8269.22
939	0.118787	-8256.04
940	0.118787	-8239.67
941	0.118787	-8244.76
942	0.118787	-8254.5
943	0.118787	-8303.12
944	0.118787	-8242.19
945	0.118787	-8263.91
946	0.118787	-8332.83
947	0.118787	-8318.51
948	0.118787	-8336.08
949	0.118787	-8299.32
950	0.118787	-8281
951	0.118787	-8272.44
952	0.118787	-8319.88
953	0.118787	-8308.42
954	0.118787	-8275.39
955	0.118787	-8273.4
956	0.118787	-8238.21
957	0.118787	-8271.24
958	0.118787	-8261.87
959	0.118787	-8273.21
960	0.118787	-8233.83
961	0.118787	-8237.13
962	0.118787	-8264.66
963	0.118787	-8274.74
964	0.118787	-8267.21
965	0.118787	-8323.18
966	0.118787	-8366.72
967	0.118787	-8357.92
968	0.118787	-8264.43
969	0.118787	-8233.34
970	0.118787	-8232.13
971	0.118787	-8240.52
972	0.118787	-8245.24
973	0.118787	-8270.22
974	0.118787	-8315.49
975	0.118787	-8293.07
976	0.118787	-8252.17
977	0.118787	-8277.59
978	0.118787	-8325.13
979	0.118787	-8348.6
980	0.118787	-8304.44
981	0.118787	-8288.17
982	0.118787	-8298.97
983	0.118787	-8287.35
984	0.118787	-8296.01
985	0.118787	-8338
986	0.118787	-8369.47
987	0.118787	-8230.83
988	0.118787	-8286.18
989	0.118787	-8273.1
990	0.118787	-8323.75
991	0.118787	-8288.96
992	0.118787	-8281.13
993	0.118787	-8276.05
994	0.118787	-8243.81
995	0.118787	-8246.44
996	0.118787	-8307.76
997	0.118787	-8274.57
998	0.118787	-8306.01
999	0.118787	-8289.63
1000	0.118787	-8317.47
251	0.101351	-8295.63
252	0.101351	-8261.98
253	0.101351	-8268.9
254	0.101351	-8291.83
255	0.101351	-8277.9
256	0.101351	-8283.89
257	0.101351	-8313.86
258	0.101351	-8341.62
259	0.101351	-8342.67
260	0.101351	-8340.78
261	0.101351	-8317.51
262	0.101351	-8343.19
263	0.101351	-8345.94
264	0.101351	-8334.31
265	0.101351	-8330.65
266	0.101351	-8270.08
267	0.101351	-8299.81
268	0.101351	-8317.29
269	0.101351	-8275.08
270	0.101351	-8304.84
271	0.101351	-8319.75
272	0.101351	-8397.2
273	0.101351	-8351.05
274	0.101351	-8305.25
275	0.101351	-8333.11
276	0.101351	-8340.63
277	0.101351	-8312.03
278	0.101351	-8344.85
279	0.101351	-8396.54
280	0.101351	-8405.17
281	0.101351	-8392.81
282	0.101351	-8368.04
283	0.101351	-8333.3
284	0.101351	-8278.6
285	0.101351	-8313.21
286	0.101351	-8277.42
287	0.101351	-8336.37
288	0.101351	-8369.93
289	0.101351	-8294.29
290	0.101351	-8267.61
291	0.101351	-8267.62
292	0.101351	-8253.02
293	0.101351	-8305.37
294	0.101351	-8318.74
295	0.101351	-8311.77
296	0.101351	-8304.44
297	0.101351	-8281.12
298	0.101351	-8285.12
299	0.101351	-8278.25
300	0.101351	-8296.39
301	0.101351	-8308.06
302	0.101351	-8289.14
303	0.101351	-8285.22
304	0.101351	-8276.38
305	0.101351	-8332.99
306	0.101351	-8365.39
307	0.101351	-8413.37
308	0.101351	-8393.06
309	0.101351	-8334.84
310	0.101351	-8290.21
311	0.101351	-8288.13
312	0.101351	-8284.71
313	0.101351	-8272.27
314	0.101351	-8315.74
315	0.101351	-8325.03
316	0.101351	-8288.84
317	0.101351	-8300.39
318	0.101351	-8330.86
319	0.101351	-8291.42
320	0.101351	-8320.16
321	0.101351	-8326.52
322	0.101351	-8250.24
323	0.101351	-8285.55
324	0.101351	-8297.8
325	0.101351	-8330.7
326	0.101351	-8331.7
327	0.101351	-8326.48
328	0.101351	-8300.37
329	0.101351	-8312.98
330	0.101351	-8278.47
331	0.101351	-8264.56
332	0.101351	-8253.65
333	0.101351	-8243.48
334	0.101351	-8315.74
335	0.101351	-8259.54
336	0.101351	-8272.03
337	0.101351	-8264.71
338	0.101351	-8240.84
339	0.101351	-8268.23
340	0.101351	-8269.4
341	0.101351	-8318.73
342	0.101351	-8321.93
343	0.101351	-8277.8
344	0.101351	-8313.63
345	0.101351	-8298.6
346	0.101351	-8298.05
347	0.101351	-8325.65
348	0.101351	-8348.35
349	0.101351	-8332.54
350	0.101351	-8286.47
351	0.101351	-8346.1
352	0.101351	-8293.07
353	0.101351	-8295.7
354	0.101351	-8321.4
355	0.101351	-8288.15
356	0.101351	-8273.89
357	0.101351	-8280.15
358	0.101351	-8263.7
359	0.101351	-8296.9
360	0.101351	-8334.98
361	0.101351	-8349.22
362	0.101351	-8395.59
363	0.101351	-8356.76
364	0.101351	-8367.26
365	0.101351	-8364.74
366	0.101351	-8302.69
367	0.101351	-8339.52
368	0.101351	-8335.48
369	0.101351	-8314.16
370	0.101351	-8319.09
371	0.101351	-8327.34
372	0.101351	-8338
373	0.101351	-8319.15
374	0.101351	-8305.38
375	0.101351	-8293.01
376	0.101351	-8283.3
377	0.101351	-8312.71
378	0.101351	-8372.68
379	0.101351	-8341.79
380	0.101351	-8346.12
381	0.101351	-8306.16
382	0.101351	-8328.84
383	0.101351	-8301.73
384	0.101351	-8316.05
385	0.101351	-8323
386	0.101351	-8334.55
387	0.101351	-8265.93
388	0.101351	-8320.98
389	0.101351	-8292.21
390	0.101351	-8286.29
391	0.101351	-8290.66
392	0.101351	-8342.54
393	0.101351	-8292.16
394	0.101351	-8337.72
395	0.101351	-8301.85
396	0.101351	-8304.78
397	0.101351	-8320.71
398	0.101351	-8389.66
399	0.101351	-8355.83
400	0.101351	-8328.64
401	0.101351	-8326.18
402	0.101351	-8356.29
403	0.101351	-8415.71
404	0.101351	-8348.04
405	0.101351	-8386.13
406	0.101351	-8370.98
407	0.101351	-8383.61
408	0.101351	-8343.29
409	0.101351	-8333.04
410	0.101351	-8319.71
411	0.101351	-8328.92
412	0.101351	-8380.78
413	0.101351	-8413.54
414	0.101351	-8361.04
415	0.101351	-8331.3
416	0.101351	-8263.68
417	0.101351	-8323.8
418	0.101351	-8319.02
419	0.101351	-8325.36
420	0.101351	-8304.65
421	0.101351	-8321.25
422	0.101351	-8308.02
423	0.101351	-8294.18
424	0.101351	-8354.15
425	0.101351	-8389.47
426	0.101351	-8317.92
427	0.101351	-8382.55
428	0.101351	-8382.95
429	0.101351	-8319.56
430	0.101351	-8345.49
431	0.101351	-8340.19
432	0.101351	-8336.32
433	0.101351	-8296.96
434	0.101351	-8327.61
435	0.101351	-8326.46
436	0.101351	-8325.75
437	0.101351	-8310.02
438	0.101351	-8303.35
439	0.101351	-8311.07
440	0.101351	-8326.69
441	0.101351	-8276.65
442	0.101351	-8304.58
443	0.101351	-8328.39
444	0.101351	-8324.5
445	0.101351	-8295.99
446	0.101351	-8333.51
447	0.101351	-8334.06
448	0.101351	-8292.88
449	0.101351	-8326.52
450	0.101351	-8295.12
451	0.101351	-8266.6
452	0.101351	-8268.26
453	0.101351	-8271.79
454	0.101351	-8303.72
455	0.101351	-8311.95
456	0.101351	-8346.69
457	0.101351	-8395.16
458	0.101351	-8357.21
459	0.101351	-8352.61
460	0.101351	-8359.51
461	0.101351	-8369.81
462	0.101351	-8323.91
463	0.101351	-8295.62
464	0.101351	-8296.63
465	0.101351	-8314.09
466	0.101351	-8300.07
467	0.101351	-8318.84
468	0.101351	-8307.78
469	0.101351	-8313.84
470	0.101351	-8263.04
471	0.101351	-8318.81
472	0.101351	-8255.43
473	0.101351	-8280.16
474	0.101351	-8256.67
475	0.101351	-8276.5
476	0.101351	-8296.62
477	0.101351	-8292.62
478	0.101351	-8251.61
479	0.101351	-8269.9
480	0.101351	-8281.5
481	0.101351	-8319.65
482	0.101351	-8249.72
483	0.101351	-8301.99
484	0.101351	-8349.2
485	0.101351	-8368.65
486	0.101351	-8391.62
487	0.101351	-8364.28
488	0.101351	-8359.14
489	0.101351	-8306.44
490	0.101351	-8330.47
491	0.101351	-8299.61
492	0.101351	-8331.13
493	0.101351	-8310.71
494	0.101351	-8354.27
495	0.101351	-8284.86
496	0.101351	-8257.4
497	0.101351	-8269.89
498	0.101351	-8321.4
499	0.101351	-8316.02
500	0.101351	-8350.91
501	0.101351	-8333.49
502	0.101351	-8273.59
503	0.101351	-8271.88
504	0.101351	-8316.59
505	0.101351	-8284.45
506	0.101351	-8284.26
507	0.101351	-8358.53
508	0.101351	-8334.7
509	0.101351	-8273.72
510	0.101351	-8276.76
511	0.101351	-8258.59
512	0.101351	-8270.73
513	0.101351	-8257.61
514	0.101351	-8292.58
515	0.101351	-8383.85
516	0.101351	-8329.78
517	0.101351	-8347.81
518	0.101351	-8346.7
519	0.101351	-8319.23
520	0.101351	-8297.74
521	0.101351	-8318.38
522	0.101351	-8286
523	0.101351	-8316.36
524	0.101351	-8304.22
525	0.101351	-8331.46
526	0.101351	-8347.89
527	0.101351	-8390.06
528	0.101351	-8315.69
529	0.101351	-8295.79
530	0.101351	-8267.52
531	0.101351	-8241.05
532	0.101351	-8350.33
533	0.101351	-8327.16
534	0.101351	-8287.58
535	0.101351	-8281.52
536	0.101351	-8273.03
537	0.101351	-8242.44
538	0.101351	-8225.75
539	0.101351	-8246.27
540	0.101351	-8295.39
541	0.101351	-8269.13
542	0.101351	-8329.51
543	0.101351	-8326.16
544	0.101351	-8296.16
545	0.101351	-8295.99
546	0.101351	-8313.82
547	0.101351	-8323.76
548	0.101351	-8345.31
549	0.101351	-8332.89
550	0.101351	-8337.74
551	0.101351	-8305.99
552	0.101351	-8345.51
553	0.101351	-8292.16
554	0.101351	-8274.03
555	0.101351	-8319.66
556	0.101351	-8258
557	0.101351	-8272.78
558	0.101351	-8253.47
559	0.101351	-8264.7
560	0.101351	-8260.43
561	0.101351	-8299.52
562	0.101351	-8316.04
563	0.101351	-8272.75
564	0.101351	-8346
565	0.101351	-8333.99
566	0.101351	-8269.94
567	0.101351	-8368.53
568	0.101351	-8294.08
569	0.101351	-8275.54
570	0.101351	-8330.63
571	0.101351	-8328.14
572	0.101351	-8371.29
573	0.101351	-8390.88
574	0.101351	-8394.38
575	0.101351	-8326.86
576	0.101351	-8337.72
577	0.101351	-8334.85
578	0.101351	-8318.62
579	0.101351	-8368.14
580	0.101351	-8356.63
581	0.101351	-8293.66
582	0.101351	-8287.02
583	0.101351	-8306.91
584	0.101351	-8314.78
585	0.101351	-8346.12
586	0.101351	-8262.82
587	0.101351	-8262.69
588	0.101351	-8301.1
589	0.101351	-8304.13
590	0.101351	-8289.09
591	0.101351	-8359.92
592	0.101351	-8358.81
593	0.101351	-8377.53
594	0.101351	-8353.87
595	0.101351	-8369.3
596	0.101351	-8318.94
597	0.101351	-8335.25
598	0.101351	-8335.67
599	0.101351	-8409.39
600	0.101351	-8374.29
601	0.101351	-8323.34
602	0.101351	-8326.8
603	0.101351	-8307.22
604	0.101351	-8281.02
605	0.101351	-8318.94
606	0.101351	-8247.17
607	0.101351	-8278.81
608	0.101351	-8278.95
609	0.101351	-8277.25
610	0.101351	-8310.82
611	0.101351	-8329.22
612	0.101351	-8313.51
613	0.101351	-8269.81
614	0.101351	-8293.61
615	0.101351	-8281.16
616	0.101351	-8274.59
617	0.101351	-8295.26
618	0.101351	-8327.1
619	0.101351	-8307.14
620	0.101351	-8280.4
621	0.101351	-8257.99
622	0.101351	-8314.51
623	0.101351	-8302.42
624	0.101351	-8340.68
625	0.101351	-8278.27
626	0.101351	-8282.07
627	0.101351	-8233.76
628	0.101351	-8265.73
629	0.101351	-8264.25
630	0.101351	-8305.25
631	0.101351	-8281.11
632	0.101351	-8273.93
633	0.101351	-8255.86
634	0.101351	-8279.73
635	0.101351	-8288.39
636	0.101351	-8264.47
637	0.101351	-8325.09
638	0.101351	-8330.11
639	0.101351	-8344.67
640	0.101351	-8289.34
641	0.101351	-8244.64
642	0.101351	-8273.34
643	0.101351	-8232.38
644	0.101351	-8250.21
645	0.101351	-8307.53
646	0.101351	-8309.32
647	0.101351	-8359.71
648	0.101351	-8324.11
649	0.101351	-8347.33
650	0.101351	-8305.11
651	0.101351	-8248.81
652	0.101351	-8261.69
653	0.101351	-8316.5
654	0.101351	-8270.92
655	0.101351	-8309.13
656	0.101351	-8289.26
657	0.101351	-8297.15
658	0.101351	-8304.02
659	0.101351	-8252.38
660	0.101351	-8297.18
661	0.101351	-8323
662	0.101351	-8327.32
663	0.101351	-8372.96
664	0.101351	-8323.96
665	0.101351	-8311.57
666	0.101351	-8301.33
667	0.101351	-8285.6
668	0.101351	-8291.04
669	0.101351	-8314.19
670	0.101351	-8320.82
671	0.101351	-8311.88
672	0.101351	-8338.3
673	0.101351	-8292.39
674	0.101351	-8282.12
675	0.101351	-8314.76
676	0.101351	-8315.8
677	0.101351	-8353.08
678	0.101351	-8381.08
679	0.101351	-8347.08
680	0.101351	-8315.78
681	0.101351	-8349.35
682	0.101351	-8315.12
683	0.101351	-8342.8
684	0.101351	-8353.45
685	0.101351	-8390.05
686	0.101351	-8308.09
687	0.101351	-8302.61
688	0.101351	-8279.15
689	0.101351	-8324.83
690	0.101351	-8295.16
691	0.101351	-8316.62
692	0.101351	-8374.39
693	0.101351	-8298.1
694	0.101351	-8277.8
695	0.101351	-8243.28
696	0.101351	-8272.58
697	0.101351	-8299.69
698	0.101351	-8297.65
699	0.101351	-8306.36
700	0.101351	-8286.34
701	0.101351	-8272.34
702	0.101351	-8275.9
703	0.101351	-8291.57
704	0.101351	-8296.48
705	0.101351	-8318.23
706	0.101351	-8341
707	0.101351	-8316.41
708	0.101351	-8266.78
709	0.101351	-8284.14
710	0.101351	-8299.2
711	0.101351	-8324.03
712	0.101351	-8293.11
713	0.101351	-8320.21
714	0.101351	-8309.43
715	0.101351	-8305.66
716	0.101351	-8336.66
717	0.101351	-8333.15
718	0.101351	-8422.59
719	0.101351	-8425.78
720	0.101351	-8353.17
721	0.101351	-8386.47
722	0.101351	-8351.32
723	0.101351	-8405.84
724	0.101351	-8444.22
725	0.101351	-8335.86
726	0.101351	-8435.55
727	0.101351	-8397.67
728	0.101351	-8339.12
729	0.101351	-8321.34
730	0.101351	-8355.93
731	0.101351	-8366.99
732	0.101351	-8327.78
733	0.101351	-8364.72
734	0.101351	-8359.61
735	0.101351	-8383.9
736	0.101351	-8397.28
737	0.101351	-8310.02
738	0.101351	-8282.24
739	0.101351	-8281.43
740	0.101351	-8290.93
741	0.101351	-8328.8
742	0.101351	-8311.02
743	0.101351	-8308.37
744	0.101351	-8280.77
745	0.101351	-8301.48
746	0.101351	-8305.15
747	0.101351	-8286.58
748	0.101351	-8279.39
749	0.101351	-8370.9
750	0.101351	-8385.23
751	0.101351	-8343.95
752	0.101351	-8332.08
753	0.101351	-8346.57
754	0.101351	-8366.73
755	0.101351	-8370.82
756	0.101351	-8357.51
757	0.101351	-8313.27
758	0.101351	-8312.15
759	0.101351	-8278.68
760	0.101351	-8286.09
761	0.101351	-8269.54
762	0.101351	-8291.79
763	0.101351	-8295.58
764	0.101351	-8277.88
765	0.101351	-8309.52
766	0.101351	-8299.14
767	0.101351	-8339.56
768	0.101351	-8357.07
769	0.101351	-8375.59
770	0.101351	-8295.72
771	0.101351	-8302.84
772	0.101351	-8312.13
773	0.101351	-8290.31
774	0.101351	-8320.26
775	0.101351	-8302.17
776	0.101351	-8247.35
777	0.101351	-8219.69
778	0.101351	-8232.44
779	0.101351	-8290.63
780	0.101351	-8302.3
781	0.101351	-8306.55
782	0.101351	-8297.49
783	0.101351	-8283.6
784	0.101351	-8262.25
785	0.101351	-8308.71
786	0.101351	-8327.61
787	0.101351	-8290.57
788	0.101351	-8292.17
789	0.101351	-8291.68
790	0.101351	-8308.38
791	0.101351	-8277.95
792	0.101351	-8263.69
793	0.101351	-8248.95
794	0.101351	-8255.15
795	0.101351	-8283.28
796	0.101351	-8286.8
797	0.101351	-8339.86
798	0.101351	-8311.12
799	0.101351	-8290.04
800	0.101351	-8293.68
801	0.101351	-8271.29
802	0.101351	-8257.92
803	0.101351	-8269.4
804	0.101351	-8283.81
805	0.101351	-8261.37
806	0.101351	-8307.25
807	0.101351	-8293.08
808	0.101351	-8296.02
809	0.101351	-8383.7
810	0.101351	-8343.73
811	0.101351	-8329.74
812	0.101351	-8317.13
813	0.101351	-8310.76
814	0.101351	-8293.49
815	0.101351	-8273.42
816	0.101351	-8319.55
817	0.101351	-8351.45
818	0.101351	-8315.8
819	0.101351	-8312.22
820	0.101351	-8377.03
821	0.101351	-8351.66
822	0.101351	-8362.61
823	0.101351	-8306.89
824	0.101351	-8283.06
825	0.101351	-8360.94
826	0.101351	-8263.71
827	0.101351	-8262.69
828	0.101351	-8319.28
829	0.101351	-8306.34
830	0.101351	-8299.44
831	0.101351	-8305.25
832	0.101351	-8325.33
833	0.101351	-8306.79
834	0.101351	-8294.45
835	0.101351	-8262.9
836	0.101351	-8289.74
837	0.101351	-8318.83
838	0.101351	-8296.36
839	0.101351	-8310.35
840	0.101351	-8293.76
841	0.101351	-8279.38
842	0.101351	-8284.53
843	0.101351	-8304.7
844	0.101351	-8280.2
845	0.101351	-8288.81
846	0.101351	-8313.51
847	0.101351	-8305.66
848	0.101351	-8298.07
849	0.101351	-8269.04
850	0.101351	-8287.17
851	0.101351	-8328.95
852	0.101351	-8264.86
853	0.101351	-8294.12
854	0.101351	-8279.01
855	0.101351	-8273.53
856	0.101351	-8252.63
857	0.101351	-8286.13
858	0.101351	-8292.9
859	0.101351	-8290.63
860	0.101351	-8316.33
861	0.101351	-8296.82
862	0.101351	-8264.95
863	0.101351	-8312.11
864	0.101351	-8331.36
865	0.101351	-8299.82
866	0.101351	-8315.77
867	0.101351	-8348.09
868	0.101351	-8328.31
869	0.101351	-8345.75
870	0.101351	-8325.09
871	0.101351	-8332.64
872	0.101351	-8328.86
873	0.101351	-8337.86
874	0.101351	-8364.29
875	0.101351	-8328.54
876	0.101351	-8334.4
877	0.101351	-8319.32
878	0.101351	-8306.73
879	0.101351	-8302.36
880	0.101351	-8290.83
881	0.101351	-8276.2
882	0.101351	-8365.11
883	0.101351	-8310.39
884	0.101351	-8317.89
885	0.101351	-8343.43
886	0.101351	-8317.45
887	0.101351	-8332.44
888	0.101351	-8385.14
889	0.101351	-8395.83
890	0.101351	-8323.1
891	0.101351	-8330.61
892	0.101351	-8300.3
893	0.101351	-8325.48
894	0.101351	-8307.53
895	0.101351	-8368.15
896	0.101351	-8348.56
897	0.101351	-8343.61
898	0.101351	-8277.4
899	0.101351	-8268.93
900	0.101351	-8300.2
901	0.101351	-8277.07
902	0.101351	-8329.41
903	0.101351	-8321.06
904	0.101351	-8275.43
905	0.101351	-8272.86
906	0.101351	-8263.91
907	0.101351	-8233.35
908	0.101351	-8300.92
909	0.101351	-8255.26
910	0.101351	-8327.64
911	0.101351	-8327.06
912	0.101351	-8258.3
913	0.101351	-8298.69
914	0.101351	-8295.33
915	0.101351	-8278.24
916	0.101351	-8288.35
917	0.101351	-8354.52
918	0.101351	-8350.31
919	0.101351	-8363.58
920	0.101351	-8364.94
921	0.101351	-8303.28
922	0.101351	-8317.24
923	0.101351	-8308.98
924	0.101351	-8309.98
925	0.101351	-8320.68
926	0.101351	-8267.71
927	0.101351	-8267.55
928	0.101351	-8301.24
929	0.101351	-8304.22
930	0.101351	-8283.32
931	0.101351	-8269.12
932	0.101351	-8294.64
933	0.101351	-8306.47
934	0.101351	-8334.32
935	0.101351	-8312.27
936	0.101351	-8315.81
937	0.101351	-8363.95
938	0.101351	-8277.72
939	0.101351	-8261.3
940	0.101351	-8245.08
941	0.101351	-8294.85
942	0.101351	-8273.76
943	0.101351	-8288.25
944	0.101351	-8273.16
945	0.101351	-8297.21
946	0.101351	-8318.43
947	0.101351	-8316.96
948	0.101351	-8311.32
949	0.101351	-8341.37
950	0.101351	-8278.54
951	0.101351	-8274.47
952	0.101351	-8289.41
953	0.101351	-8312.76
954	0.101351	-8288.26
955	0.101351	-8327.95
956	0.101351	-8312.83
957	0.101351	-8312.51
958	0.101351	-8289.87
959	0.101351	-8276.86
960	0.101351	-8255.35
961	0.101351	-8251.64
962	0.101351	-8228.92
963	0.101351	-8245.74
964	0.101351	-8284.32
965	0.101351	-8271.31
966	0.101351	-8257.92
967	0.101351	-8321.1
968	0.101351	-8273.75
969	0.101351	-8277.46
970	0.101351	-8262.65
971	0.101351	-8318.32
972	0.101351	-8330.96
973	0.101351	-8305.44
974	0.101351	-8358.04
975	0.101351	-8276.09
976	0.101351	-8297.05
977	0.101351	-8341.08
978	0.101351	-8352.01
979	0.101351	-8304.76
980	0.101351	-8306.27
981	0.101351	-8307.99
982	0.101351	-8290.86
983	0.101351	-8292.12
984	0.101351	-8281.72
985	0.101351	-8254.64
986	0.101351	-8291.76
987	0.101351	-8283.74
988	0.101351	-8336.14
989	0.101351	-8316.65
990	0.101351	-8291.2
991	0.101351	-8246.91
992	0.101351	-8270.29
993	0.101351	-8268.9
994	0.101351	-8231.59
995	0.101351	-8277.64
996	0.101351	-8277.4
997	0.101351	-8272.29
998	0.101351	-8308.81
999	0.101351	-8308.55
1000	0.101351	-8323.82
251	0.0860252	-8344.39
252	0.0860252	-8318.8
253	0.0860252	-8315.77
254	0.0860252	-8303.98
255	0.0860252	-8314.36
256	0.0860252	-8337.54
257	0.0860252	-8327.44
258	0.0860252	-8279.1
259	0.0860252	-8276.81
260	0.0860252	-8262.31
261	0.0860252	-8290.16
262	0.0860252	-8333.81
263	0.0860252	-8361.05
264	0.0860252	-8322.64
265	0.0860252	-8298.82
266	0.0860252	-8301.81
267	0.0860252	-8277.23
268	0.0860252	-8325.6
269	0.0860252	-8282.9
270	0.0860252	-8328.12
271	0.0860252	-8291.54
272	0.0860252	-8305.35
273	0.0860252	-8351.98
274	0.0860252	-8381.56
275	0.0860252	-8353.22
276	0.0860252	-8322.97
277	0.0860252	-8359.8
278	0.0860252	-8353.77
279	0.0860252	-8353.06
280	0.0860252	-8368.33
281	0.0860252	-8356.08
282	0.0860252	-8348.46
283	0.0860252	-8384.76
284	0.0860252	-8289.98
285	0.0860252	-8349.27
286	0.0860252	-8367.31
287	0.0860252	-8531.24
288	0.0860252	-8468.47
289	0.0860252	-8377.33
290	0.0860252	-8379.37
291	0.0860252	-8285.42
292	0.0860252	-8339.25
293	0.0860252	-8355.53
294	0.0860252	-8360.3
295	0.0860252	-8342.95
296	0.0860252	-8290.97
297	0.0860252	-8382.23
298	0.0860252	-8450.98
299	0.0860252	-8350.21
300	0.0860252	-8347.88
301	0.0860252	-8314.18
302	0.0860252	-8268.96
303	0.0860252	-8286.04
304	0.0860252	-8318.54
305	0.0860252	-8367.52
306	0.0860252	-8332.3
307	0.0860252	-8333.81
308	0.0860252	-8302.5
309	0.0860252	-8327.83
310	0.0860252	-8304.03
311	0.0860252	-8334.55
312	0.0860252	-8291.75
313	0.0860252	-8317.27
314	0.0860252	-8306.15
315	0.0860252	-8281.97
316	0.0860252	-8331.19
317	0.0860252	-8306.15
318	0.0860252	-8337.36
319	0.0860252	-8355.04
320	0.0860252	-8386.87
321	0.0860252	-8329.16
322	0.0860252	-8327.31
323	0.0860252	-8356.7
324	0.0860252	-8325.52
325	0.0860252	-8308.67
326	0.0860252	-8280.29
327	0.0860252	-8279.8
328	0.0860252	-8287.11
329	0.0860252	-8351.59
330	0.0860252	-8276.17
331	0.0860252	-8349.5
332	0.0860252	-8318.93
333	0.0860252	-8346.83
334	0.0860252	-8330.61
335	0.0860252	-8366.49
336	0.0860252	-8370.45
337	0.0860252	-8347.34
338	0.0860252	-8316.8
339	0.0860252	-8324.05
340	0.0860252	-8322.02
341	0.0860252	-8304.71
342	0.0860252	-8344.93
343	0.0860252	-8317.25
344	0.0860252	-8306.49
345	0.0860252	-8355.84
346	0.0860252	-8299.25
347	0.0860252	-8285.12
348	0.0860252	-8331.65
349	0.0860252	-8304.41
350	0.0860252	-8325.41
351	0.0860252	-8372.97
352	0.0860252	-8299.4
353	0.0860252	-8351.9
354	0.0860252	-8307.05
355	0.0860252	-8350.79
356	0.0860252	-8326.62
357	0.0860252	-8302.86
358	0.0860252	-8290.58
359	0.0860252	-8272.27
360	0.0860252	-8262.09
361	0.0860252	-8289.71
362	0.0860252	-8263.97
363	0.0860252	-8274.04
364	0.0860252	-8234.03
365	0.0860252	-8286.87
366	0.0860252	-8290.83
367	0.0860252	-8317.71
368	0.0860252	-8324.59
369	0.0860252	-8320.96
370	0.0860252	-8348.62
371	0.0860252	-8312.84
372	0.0860252	-8437.99
373	0.0860252	-8415.88
374	0.0860252	-8365.88
375	0.0860252	-8360.59
376	0.0860252	-8398.92
377	0.0860252	-8360.06
378	0.0860252	-8349.65
379	0.0860252	-8354.69
380	0.0860252	-8341.64
381	0.0860252	-8349.9
382	0.0860252	-8282.01
383	0.0860252	-8299.78
384	0.0860252	-8335.38
385	0.0860252	-8347.89
386	0.0860252	-8313.48
387	0.0860252	-8291.35
388	0.0860252	-8318.37
389	0.0860252	-8319.84
390	0.0860252	-8288.81
391	0.0860252	-8310.93
392	0.0860252	-8290.88
393	0.0860252	-8294.15
394	0.0860252	-8286.39
395	0.0860252	-8307.57
396	0.0860252	-8293.53
397	0.0860252	-8339.49
398	0.0860252	-8324.01
399	0.0860252	-8363.83
400	0.0860252	-8460.11
401	0.0860252	-8407.82
402	0.0860252	-8363.59
403	0.0860252	-8439.66
404	0.0860252	-8378.67
405	0.0860252	-8315.61
406	0.0860252	-8310.03
407	0.0860252	-8328.92
408	0.0860252	-8320.13
409	0.0860252	-8304.49
410	0.0860252	-8334.8
411	0.0860252	-8303.98
412	0.0860252	-8308.53
413	0.0860252	-8297.64
414	0.0860252	-8287.43
415	0.0860252	-8303.8
416	0.0860252	-8285.91
417	0.0860252	-8326.85
418	0.0860252	-8324.24
419	0.0860252	-8362.59
420	0.0860252	-8331.1
421	0.0860252	-8382.64
422	0.0860252	-8354.31
423	0.0860252	-8357.16
424	0.0860252	-8355.57
425	0.0860252	-8342.11
426	0.0860252	-8355.62
427	0.0860252	-8334.48
428	0.0860252	-8362.53
429	0.0860252	-8323.59
430	0.0860252	-8324.75
431	0.0860252	-8323.57
432	0.0860252	-8348.97
433	0.0860252	-8397.98
434	0.0860252	-8402.39
435	0.0860252	-8438.54
436	0.0860252	-8300.05
437	0.0860252	-8326
438	0.0860252	-8402.07
439	0.0860252	-8384.78
440	0.0860252	-8389.33
441	0.0860252	-8414.93
442	0.0860252	-8364.58
443	0.0860252	-8345.21
444	0.0860252	-8393.76
445	0.0860252	-8377.98
446	0.0860252	-8292.74
447	0.0860252	-8278.61
448	0.0860252	-8289.48
449	0.0860252	-8301.48
450	0.0860252	-8341.68
451	0.0860252	-8253.52
452	0.0860252	-8298.2
453	0.0860252	-8338.41
454	0.0860252	-8334.62
455	0.0860252	-8355.16
456	0.0860252	-8332.17
457	0.0860252	-8333.23
458	0.0860252	-8376.36
459	0.0860252	-8316.43
460	0.0860252	-8360.93
461	0.0860252	-8324.09
462	0.0860252	-8332.32
463	0.0860252	-8348.77
464	0.0860252	-8321.03
465	0.0860252	-8371.07
466	0.0860252	-8338.99
467	0.0860252	-8311.54
468	0.0860252	-8289.55
469	0.0860252	-8314.01
470	0.0860252	-8305.48
471	0.0860252	-8340.65
472	0.0860252	-8328.57
473	0.0860252	-8329.86
474	0.0860252	-8316.31
475	0.0860252	-8273.94
476	0.0860252	-8279.67
477	0.0860252	-8287.59
478	0.0860252	-8266.86
479	0.0860252	-8255.57
480	0.0860252	-8382.49
481	0.0860252	-8338.26
482	0.0860252	-8329.18
483	0.0860252	-8371.91
484	0.0860252	-8339.59
485	0.0860252	-8334.06
486	0.0860252	-8289.33
487	0.0860252	-8350.93
488	0.0860252	-8285.28
489	0.0860252	-8341.04
490	0.0860252	-8374.33
491	0.0860252	-8304.06
492	0.0860252	-8378.07
493	0.0860252	-8275.34
494	0.0860252	-8353.95
495	0.0860252	-8339.92
496	0.0860252	-8347.93
497	0.0860252	-8342.36
498	0.0860252	-8330.49
499	0.0860252	-8335.33
500	0.0860252	-8379.76
501	0.0860252	-8306.04
502	0.0860252	-8342.67
503	0.0860252	-8370.89
504	0.0860252	-8388.55
505	0.0860252	-8320.33
506	0.0860252	-8304.65
507	0.0860252	-8325.01
508	0.0860252	-8369.87
509	0.0860252	-8315.49
510	0.0860252	-8306.38
511	0.0860252	-8299.12
512	0.0860252	-8349.23
513	0.0860252	-8346.17
514	0.0860252	-8377.19
515	0.0860252	-8329.82
516	0.0860252	-8322.96
517	0.0860252	-8341.53
518	0.0860252	-8321.11
519	0.0860252	-8316.42
520	0.0860252	-8353.96
521	0.0860252	-8361.47
522	0.0860252	-8384.74
523	0.0860252	-8314.21
524	0.0860252	-8320.78
525	0.0860252	-8323.23
526	0.0860252	-8315.82
527	0.0860252	-8308.05
528	0.0860252	-8289.79
529	0.0860252	-8295.33
530	0.0860252	-8323.71
531	0.0860252	-8288.32
532	0.0860252	-8322.54
533	0.0860252	-8302.34
534	0.0860252	-8343.36
535	0.0860252	-8338.2
536	0.0860252	-8341.65
537	0.0860252	-8335.3
538	0.0860252	-8313
539	0.0860252	-8326.28
540	0.0860252	-8324.31
541	0.0860252	-8342.85
542	0.0860252	-8303.28
543	0.0860252	-8268.67
544	0.0860252	-8253.23
545	0.0860252	-8330.36
546	0.0860252	-8331.72
547	0.0860252	-8297.28
548	0.0860252	-8317.29
549	0.0860252	-8330.55
550	0.0860252	-8378.07
551	0.0860252	-8357.32
552	0.0860252	-8292.25
553	0.0860252	-8374.77
554	0.0860252	-8379.11
555	0.0860252	-8389.21
556	0.0860252	-8330.35
557	0.0860252	-8302.51
558	0.0860252	-8299.61
559	0.0860252	-8262.69
560	0.0860252	-8293.42
561	0.0860252	-8313.9
562	0.0860252	-8362.84
563	0.0860252	-8391.43
564	0.0860252	-8416.94
565	0.0860252	-8397.1
566	0.0860252	-8429.14
567	0.0860252	-8477.88
568	0.0860252	-8411.1
569	0.0860252	-8413.86
570	0.0860252	-8372.46
571	0.0860252	-8445.42
572	0.0860252	-8438.23
573	0.0860252	-8344.66
574	0.0860252	-8338.5
575	0.0860252	-8302.7
576	0.0860252	-8305.73
577	0.0860252	-8377.09
578	0.0860252	-8398.3
579	0.0860252	-8392.92
580	0.0860252	-8386.39
581	0.0860252	-8359.25
582	0.0860252	-8313.76
583	0.0860252	-8308.95
584	0.0860252	-8287.42
585	0.0860252	-8243.73
586	0.0860252	-8298.94
587	0.0860252	-8295.54
588	0.0860252	-8324.48
589	0.0860252	-8330.04
590	0.0860252	-8298.03
591	0.0860252	-8352
592	0.0860252	-8350.99
593	0.0860252	-8377.23
594	0.0860252	-8360.53
595	0.0860252	-8305.69
596	0.0860252	-8346.4
597	0.0860252	-8344.34
598	0.0860252	-8316.14
599	0.0860252	-8262.47
600	0.0860252	-8284.94
601	0.0860252	-8299.16
602	0.0860252	-8314.71
603	0.0860252	-8317.14
604	0.0860252	-8317.82
605	0.0860252	-8313.28
606	0.0860252	-8368.92
607	0.0860252	-8405.2
608	0.0860252	-8369.78
609	0.0860252	-8334.23
610	0.0860252	-8293.09
611	0.0860252	-8283.65
612	0.0860252	-8316.46
613	0.0860252	-8309.19
614	0.0860252	-8290.57
615	0.0860252	-8271.64
616	0.0860252	-8297.28
617	0.0860252	-8311.16
618	0.0860252	-8383.81
619	0.0860252	-8353.38
620	0.0860252	-8422.65
621	0.0860252	-8368.05
622	0.0860252	-8326.96
623	0.0860252	-8283.77
624	0.0860252	-8300.16
625	0.0860252	-8318.71
626	0.0860252	-8336.36
627	0.0860252	-8271.4
628	0.0860252	-8304.79
629	0.0860252	-8346.29
630	0.0860252	-8394.31
631	0.0860252	-8356.03
632	0.0860252	-8367.81
633	0.0860252	-8363.95
634	0.0860252	-8277.16
635	0.0860252	-8300.09
636	0.0860252	-8307.67
637	0.0860252	-8356.96
638	0.0860252	-8305.12
639	0.0860252	-8285.67
640	0.0860252	-8296.28
641	0.0860252	-8293.45
642	0.0860252	-8307.04
643	0.0860252	-8294.75
644	0.0860252	-8313.44
645	0.0860252	-8288.61
646	0.0860252	-8272.5
647	0.0860252	-8315.01
648	0.0860252	-8249.06
649	0.0860252	-8268.33
650	0.0860252	-8310.59
651	0.0860252	-8346.79
652	0.0860252	-8397.35
653	0.0860252	-8326.16
654	0.0860252	-8322.43
655	0.0860252	-8291.05
656	0.0860252	-8280.03
657	0.0860252	-8298.16
658	0.0860252	-8306.82
659	0.0860252	-8260.93
660	0.0860252	-8262.79
661	0.0860252	-8325.35
662	0.0860252	-8396.16
663	0.0860252	-8402.74
664	0.0860252	-8383.81
665	0.0860252	-8296.43
666	0.0860252	-8335.12
667	0.0860252	-8328.81
668	0.0860252	-8343.69
669	0.0860252	-8385.44
670	0.0860252	-8392.61
671	0.0860252	-8316.99
672	0.0860252	-8303.27
673	0.0860252	-8353.56
674	0.0860252	-8329.35
675	0.0860252	-8313.63
676	0.0860252	-8328.59
677	0.0860252	-8353.67
678	0.0860252	-8359.07
679	0.0860252	-8404.09
680	0.0860252	-8384.09
681	0.0860252	-8363.86
682	0.0860252	-8365.97
683	0.0860252	-8402.33
684	0.0860252	-8335.18
685	0.0860252	-8358.73
686	0.0860252	-8344.56
687	0.0860252	-8353.72
688	0.0860252	-8329.69
689	0.0860252	-8378.07
690	0.0860252	-8305.28
691	0.0860252	-8273.87
692	0.0860252	-8300.54
693	0.0860252	-8322.49
694	0.0860252	-8338.74
695	0.0860252	-8339.12
696	0.0860252	-8377.28
697	0.0860252	-8363.41
698	0.0860252	-8419.39
699	0.0860252	-8455.86
700	0.0860252	-8366.08
701	0.0860252	-8398.49
702	0.0860252	-8360.49
703	0.0860252	-8385.71
704	0.0860252	-8419.89
705	0.0860252	-8344.69
706	0.0860252	-8307.83
707	0.0860252	-8235.98
708	0.0860252	-8272.04
709	0.0860252	-8269.07
710	0.0860252	-8290.66
711	0.0860252	-8276.43
712	0.0860252	-8320.98
713	0.0860252	-8292.21
714	0.0860252	-8255.19
715	0.0860252	-8263.67
716	0.0860252	-8303.67
717	0.0860252	-8346.03
718	0.0860252	-8349.06
719	0.0860252	-8328.11
720	0.0860252	-8334.39
721	0.0860252	-8323.04
722	0.0860252	-8297.61
723	0.0860252	-8298.63
724	0.0860252	-8342.76
725	0.0860252	-8333.03
726	0.0860252	-8298.06
727	0.0860252	-8255.39
728	0.0860252	-8302.98
729	0.0860252	-8356.11
730	0.0860252	-8392.97
731	0.0860252	-8394.15
732	0.0860252	-8410.39
733	0.0860252	-8401.62
734	0.0860252	-8429.5
735	0.0860252	-8410.06
736	0.0860252	-8351.1
737	0.0860252	-8321.73
738	0.0860252	-8302.03
739	0.0860252	-8330.27
740	0.0860252	-8339.68
741	0.0860252	-8317.66
742	0.0860252	-8326.8
743	0.0860252	-8383.76
744	0.0860252	-8345.71
745	0.0860252	-8335.53
746	0.0860252	-8356.65
747	0.0860252	-8330.99
748	0.0860252	-8340.55
749	0.0860252	-8336.42
750	0.0860252	-8333.24
751	0.0860252	-8342.23
752	0.0860252	-8309.49
753	0.0860252	-8276.16
754	0.0860252	-8305.36
755	0.0860252	-8334.88
756	0.0860252	-8352.44
757	0.0860252	-8352.55
758	0.0860252	-8384.79
759	0.0860252	-8288.51
760	0.0860252	-8340.68
761	0.0860252	-8336.78
762	0.0860252	-8287.73
763	0.0860252	-8294.17
764	0.0860252	-8319.88
765	0.0860252	-8334.79
766	0.0860252	-8318.18
767	0.0860252	-8344.12
768	0.0860252	-8280.91
769	0.0860252	-8275.82
770	0.0860252	-8248.7
771	0.0860252	-8375.09
772	0.0860252	-8407.06
773	0.0860252	-8390.86
774	0.0860252	-8349.41
775	0.0860252	-8359.97
776	0.0860252	-8374.43
777	0.0860252	-8347.39
778	0.0860252	-8282.53
779	0.0860252	-8366.34
780	0.0860252	-8421.13
781	0.0860252	-8379.59
782	0.0860252	-8343.33
783	0.0860252	-8343.97
784	0.0860252	-8338.35
785	0.0860252	-8289.05
786	0.0860252	-8302.97
787	0.0860252	-8296.9
788	0.0860252	-8293.03
789	0.0860252	-8322.71
790	0.0860252	-8398.42
791	0.0860252	-8335.56
792	0.0860252	-8311.34
793	0.0860252	-8290.49
794	0.0860252	-8273.92
795	0.0860252	-8339.35
796	0.0860252	-8371.46
797	0.0860252	-8375.42
798	0.0860252	-8322.32
799	0.0860252	-8310.3
800	0.0860252	-8289.46
801	0.0860252	-8331.31
802	0.0860252	-8304.37
803	0.0860252	-8293.29
804	0.0860252	-8271.04
805	0.0860252	-8285.8
806	0.0860252	-8257.43
807	0.0860252	-8278.27
808	0.0860252	-8296.81
809	0.0860252	-8297.6
810	0.0860252	-8282.75
811	0.0860252	-8300.85
812	0.0860252	-8356.07
813	0.0860252	-8319.01
814	0.0860252	-8350.43
815	0.0860252	-8310.62
816	0.0860252	-8327.92
817	0.0860252	-8358.45
818	0.0860252	-8355.28
819	0.0860252	-8356.96
820	0.0860252	-8375.31
821	0.0860252	-8310.33
822	0.0860252	-8328.35
823	0.0860252	-8408.66
824	0.0860252	-8309.78
825	0.0860252	-8368.62
826	0.0860252	-8352.66
827	0.0860252	-8283.79
828	0.0860252	-8291.55
829	0.0860252	-8266.94
830	0.0860252	-8291.2
831	0.0860252	-8340.36
832	0.0860252	-8283.74
833	0.0860252	-8340.47
834	0.0860252	-8376.1
835	0.0860252	-8337.58
836	0.0860252	-8376.76
837	0.0860252	-8362.41
838	0.0860252	-8342.29
839	0.0860252	-8392.56
840	0.0860252	-8354.95
841	0.0860252	-8373.44
842	0.0860252	-8343.97
843	0.0860252	-8346.56
844	0.0860252	-8341.75
845	0.0860252	-8352.96
846	0.0860252	-8366.79
847	0.0860252	-8435.05
848	0.0860252	-8494.7
849	0.0860252	-8401.33
850	0.0860252	-8426.9
851	0.0860252	-8381.05
852	0.0860252	-8351.4
853	0.0860252	-8336.54
854	0.0860252	-8350.09
855	0.0860252	-8380.32
856	0.0860252	-8354.98
857	0.0860252	-8293.46
858	0.0860252	-8329.04
859	0.0860252	-8275.96
860	0.0860252	-8330.08
861	0.0860252	-8316.24
862	0.0860252	-8312.58
863	0.0860252	-8322.28
864	0.0860252	-8322.2
865	0.0860252	-8341.97
866	0.0860252	-8300.12
867	0.0860252	-8312.57
868	0.0860252	-8351.58
869	0.0860252	-8376.12
870	0.0860252	-8345.8
871	0.0860252	-8330.77
872	0.0860252	-8305.74
873	0.0860252	-8322.84
874	0.0860252	-8340.56
875	0.0860252	-8333.38
876	0.0860252	-8274.71
877	0.0860252	-8304.16
878	0.0860252	-8318.53
879	0.0860252	-8302.6
880	0.0860252	-8355.75
881	0.0860252	-8350.61
882	0.0860252	-8327.97
883	0.0860252	-8327.75
884	0.0860252	-8278.03
885	0.0860252	-8277.13
886	0.0860252	-8275.84
887	0.0860252	-8305.69
888	0.0860252	-8352.71
889	0.0860252	-8368.73
890	0.0860252	-8304.96
891	0.0860252	-8340.15
892	0.0860252	-8370.55
893	0.0860252	-8409.57
894	0.0860252	-8393.29
895	0.0860252	-8399.94
896	0.0860252	-8350.83
897	0.0860252	-8356.17
898	0.0860252	-8366.14
899	0.0860252	-8293.22
900	0.0860252	-8317.34
901	0.0860252	-8344.67
902	0.0860252	-8357.12
903	0.0860252	-8362.67
904	0.0860252	-8339.37
905	0.0860252	-8343.58
906	0.0860252	-8355.75
907	0.0860252	-8353.02
908	0.0860252	-8409.7
909	0.0860252	-8357.53
910	0.0860252	-8345.24
911	0.0860252	-8354.9
912	0.0860252	-8332.54
913	0.0860252	-8375.55
914	0.0860252	-8372.39
915	0.0860252	-8341.61
916	0.0860252	-8361.37
917	0.0860252	-8385.88
918	0.0860252	-8319.56
919	0.0860252	-8367.5
920	0.0860252	-8344.32
921	0.0860252	-8410.92
922	0.0860252	-8393.9
923	0.0860252	-8361.38
924	0.0860252	-8439.72
925	0.0860252	-8355.61
926	0.0860252	-8379.03
927	0.0860252	-8324.62
928	0.0860252	-8329.77
929	0.0860252	-8353.2
930	0.0860252	-8348.67
931	0.0860252	-8318.55
932	0.0860252	-8314.01
933	0.0860252	-8262.13
934	0.0860252	-8314.96
935	0.0860252	-8343.51
936	0.0860252	-8307.54
937	0.0860252	-8335.15
938	0.0860252	-8381.17
939	0.0860252	-8293.07
940	0.0860252	-8385.93
941	0.0860252	-8294.11
942	0.0860252	-8276.49
943	0.0860252	-8375.58
944	0.0860252	-8364.64
945	0.0860252	-8350.81
946	0.0860252	-8320.73
947	0.0860252	-8368.78
948	0.0860252	-8364.51
949	0.0860252	-8343.68
950	0.0860252	-8335.76
951	0.0860252	-8403.45
952	0.0860252	-8313.25
953	0.0860252	-8328.22
954	0.0860252	-8391.03
955	0.0860252	-8389.21
956	0.0860252	-8332.34
957	0.0860252	-8320.98
958	0.0860252	-8310.24
959	0.0860252	-8315.67
960	0.0860252	-8296.81
961	0.0860252	-8332.11
962	0.0860252	-8391.49
963	0.0860252	-8389.67
964	0.0860252	-8382.08
965	0.0860252	-8358.53
966	0.0860252	-8334.21
967	0.0860252	-8298.71
968	0.0860252	-8342.01
969	0.0860252	-8281.47
970	0.0860252	-8323.14
971	0.0860252	-8379.96
972	0.0860252	-8346.73
973	0.0860252	-8357.84
974	0.0860252	-8334.11
975	0.0860252	-8427.58
976	0.0860252	-8358.79
977	0.0860252	-8328.71
978	0.0860252	-8306.56
979	0.0860252	-8320.78
980	0.0860252	-8301.35
981	0.0860252	-8310.89
982	0.0860252	-8411.74
983	0.0860252	-8390.03
984	0.0860252	-8378.1
985	0.0860252	-8353.56
986	0.0860252	-8361.01
987	0.0860252	-8307.51
988	0.0860252	-8284.44
989	0.0860252	-8299.71
990	0.0860252	-8340.8
991	0.0860252	-8245.43
992	0.0860252	-8227.92
993	0.0860252	-8271.67
994	0.0860252	-8254.13
995	0.0860252	-8230.88
996	0.0860252	-8259.76
997	0.0860252	-8288.42
998	0.0860252	-8327.54
999	0.0860252	-8311.46
1000	0.0860252	-8330.96
251	0.0726122	-8365.62
252	0.0726122	-8302.14
253	0.0726122	-8306.73
254	0.0726122	-8393.51
255	0.0726122	-8365.13
256	0.0726122	-8421.94
257	0.0726122	-8358.2
258	0.0726122	-8390.17
259	0.0726122	-8297.98
260	0.0726122	-8377.88
261	0.0726122	-8307.32
262	0.0726122	-8345.1
263	0.0726122	-8447.17
264	0.0726122	-8341.12
265	0.0726122	-8333.47
266	0.0726122	-8336.18
267	0.0726122	-8405.16
268	0.0726122	-8316.95
269	0.0726122	-8305.42
270	0.0726122	-8330.1
271	0.0726122	-8329.35
272	0.0726122	-8339.32
273	0.0726122	-8354.49
274	0.0726122	-8373.82
275	0.0726122	-8434.37
276	0.0726122	-8398.61
277	0.0726122	-8363.45
278	0.0726122	-8328.71
279	0.0726122	-8363.96
280	0.0726122	-8391.14
281	0.0726122	-8376.09
282	0.0726122	-8320.52
283	0.0726122	-8325.71
284	0.0726122	-8316.45
285	0.0726122	-8301.22
286	0.0726122	-8408.36
287	0.0726122	-8317.48
288	0.0726122	-8387.67
289	0.0726122	-8278.38
290	0.0726122	-8345.75
291	0.0726122	-8316.6
292	0.0726122	-8407.19
293	0.0726122	-8368.89
294	0.0726122	-8393.39
295	0.0726122	-8350.29
296	0.0726122	-8364.82
297	0.0726122	-8309.38
298	0.0726122	-8283.52
299	0.0726122	-8327.3
300	0.0726122	-8448.23
301	0.0726122	-8415.56
302	0.0726122	-8456.44
303	0.0726122	-8440.06
304	0.0726122	-8475.86
305	0.0726122	-8450.5
306	0.0726122	-8364.48
307	0.0726122	-8304.55
308	0.0726122	-8351.92
309	0.0726122	-8337.29
310	0.0726122	-8318.75
311	0.0726122	-8287.63
312	0.0726122	-8331.03
313	0.0726122	-8352.71
314	0.0726122	-8373.79
315	0.0726122	-8353.01
316	0.0726122	-8325.99
317	0.0726122	-8329.52
318	0.0726122	-8403.56
319	0.0726122	-8441.06
320	0.0726122	-8438.4
321	0.0726122	-8407.43
322	0.0726122	-8365.08
323	0.0726122	-8318.57
324	0.0726122	-8368.61
325	0.0726122	-8291.59
326	0.0726122	-8364.25
327	0.0726122	-8355.4
328	0.0726122	-8327.51
329	0.0726122	-8351.1
330	0.0726122	-8275.49
331	0.0726122	-8300.37
332	0.0726122	-8386.5
333	0.0726122	-8373.01
334	0.0726122	-8301.11
335	0.0726122	-8355.8
336	0.0726122	-8354.89
337	0.0726122	-8490.19
338	0.0726122	-8571.16
339	0.0726122	-8414.41
340	0.0726122	-8452.14
341	0.0726122	-8404.09
342	0.0726122	-8311.12
343	0.0726122	-8269.2
344	0.0726122	-8302.04
345	0.0726122	-8377.89
346	0.0726122	-8333.92
347	0.0726122	-8419.58
348	0.0726122	-8446.38
349	0.0726122	-8426.97
350	0.0726122	-8362.68
351	0.0726122	-8392.7
352	0.0726122	-8318.87
353	0.0726122	-8340.37
354	0.0726122	-8281.95
355	0.0726122	-8281.87
356	0.0726122	-8312.55
357	0.0726122	-8263.53
358	0.0726122	-8311.31
359	0.0726122	-8384.52
360	0.0726122	-8332.28
361	0.0726122	-8331.76
362	0.0726122	-8282.82
363	0.0726122	-8406.39
364	0.0726122	-8399.11
365	0.0726122	-8344.6
366	0.0726122	-8386.4
367	0.0726122	-8380.33
368	0.0726122	-8392.96
369	0.0726122	-8343.43
370	0.0726122	-8425.63
371	0.0726122	-8382.6
372	0.0726122	-8364.04
373	0.0726122	-8364.83
374	0.0726122	-8424.95
375	0.0726122	-8446.14
376	0.0726122	-8481.97
377	0.0726122	-8414.15
378	0.0726122	-8418.27
379	0.0726122	-8304.27
380	0.0726122	-8301.58
381	0.0726122	-8391.89
382	0.0726122	-8389.09
383	0.0726122	-8389.59
384	0.0726122	-8393.57
385	0.0726122	-8401.5
386	0.0726122	-8473.26
387	0.0726122	-8409.5
388	0.0726122	-8453.95
389	0.0726122	-8388.39
390	0.0726122	-8381.77
391	0.0726122	-8409.95
392	0.0726122	-8339.96
393	0.0726122	-8362.02
394	0.0726122	-8330.44
395	0.0726122	-8330.3
396	0.0726122	-8446.78
397	0.0726122	-8318.78
398	0.0726122	-8345.16
399	0.0726122	-8329.75
400	0.0726122	-8290.98
401	0.0726122	-8334.39
402	0.0726122	-8347.93
403	0.0726122	-8335.25
404	0.0726122	-8367.78
405	0.0726122	-8327.12
406	0.0726122	-8314.99
407	0.0726122	-8341.14
408	0.0726122	-8302.19
409	0.0726122	-8337.89
410	0.0726122	-8395.36
411	0.0726122	-8391.94
412	0.0726122	-8487.57
413	0.0726122	-8410.35
414	0.0726122	-8429.36
415	0.0726122	-8370.3
416	0.0726122	-8412.88
417	0.0726122	-8404.04
418	0.0726122	-8388.01
419	0.0726122	-8363.2
420	0.0726122	-8408.62
421	0.0726122	-8372.99
422	0.0726122	-8381.11
423	0.0726122	-8402.34
424	0.0726122	-8304.92
425	0.0726122	-8328.62
426	0.0726122	-8308.91
427	0.0726122	-8338.77
428	0.0726122	-8290.33
429	0.0726122	-8331.56
430	0.0726122	-8361.87
431	0.0726122	-8392.11
432	0.0726122	-8337.41
433	0.0726122	-8315.31
434	0.0726122	-8317.65
435	0.0726122	-8328.38
436	0.0726122	-8332.49
437	0.0726122	-8368.43
438	0.0726122	-8333.49
439	0.0726122	-8341.52
440	0.0726122	-8304.66
441	0.0726122	-8443.18
442	0.0726122	-8362.69
443	0.0726122	-8292.42
444	0.0726122	-8298.65
445	0.0726122	-8342.59
446	0.0726122	-8375.5
447	0.0726122	-8375.18
448	0.0726122	-8380.77
449	0.0726122	-8374.93
450	0.0726122	-8457.25
451	0.0726122	-8329.12
452	0.0726122	-8328.77
453	0.0726122	-8315.61
454	0.0726122	-8362.41
455	0.0726122	-8345.13
456	0.0726122	-8348.72
457	0.0726122	-8320.25
458	0.0726122	-8333.1
459	0.0726122	-8355.29
460	0.0726122	-8311.83
461	0.0726122	-8370.48
462	0.0726122	-8366.37
463	0.0726122	-8359.03
464	0.0726122	-8344.03
465	0.0726122	-8342.88
466	0.0726122	-8407.6
467	0.0726122	-8418.97
468	0.0726122	-8372.89
469	0.0726122	-8430.42
470	0.0726122	-8422.39
471	0.0726122	-8420.42
472	0.0726122	-8410.58
473	0.0726122	-8431.86
474	0.0726122	-8398.24
475	0.0726122	-8333.87
476	0.0726122	-8369.71
477	0.0726122	-8347.14
478	0.0726122	-8344.2
479	0.0726122	-8356.78
480	0.0726122	-8355.68
481	0.0726122	-8310.02
482	0.0726122	-8288.28
483	0.0726122	-8318.06
484	0.0726122	-8324.82
485	0.0726122	-8385.3
486	0.0726122	-8444.83
487	0.0726122	-8417.85
488	0.0726122	-8335.94
489	0.0726122	-8342.96
490	0.0726122	-8281.82
491	0.0726122	-8316.11
492	0.0726122	-8333.19
493	0.0726122	-8312.9
494	0.0726122	-8276.63
495	0.0726122	-8298.29
496	0.0726122	-8365.54
497	0.0726122	-8383.9
498	0.0726122	-8360.84
499	0.0726122	-8314.15
500	0.0726122	-8324.24
501	0.0726122	-8302.5
502	0.0726122	-8358.46
503	0.0726122	-8341.79
504	0.0726122	-8320.73
505	0.0726122	-8331.72
506	0.0726122	-8329.81
507	0.0726122	-8373.71
508	0.0726122	-8285.13
509	0.0726122	-8299.22
510	0.0726122	-8362.62
511	0.0726122	-8380.22
512	0.0726122	-8446.76
513	0.0726122	-8392.53
514	0.0726122	-8463.95
515	0.0726122	-8401.91
516	0.0726122	-8431.91
517	0.0726122	-8489.67
518	0.0726122	-8479.93
519	0.0726122	-8512.32
520	0.0726122	-8415.98
521	0.0726122	-8346.32
522	0.0726122	-8400.88
523	0.0726122	-8352.33
524	0.0726122	-8380.62
525	0.0726122	-8508.15
526	0.0726122	-8418.43
527	0.0726122	-8359.34
528	0.0726122	-8389.51
529	0.0726122	-8316.05
530	0.0726122	-8387.65
531	0.0726122	-8434.41
532	0.0726122	-8471.72
533	0.0726122	-8387.49
534	0.0726122	-8383.19
535	0.0726122	-8344.07
536	0.0726122	-8311.39
537	0.0726122	-8362.78
538	0.0726122	-8343.56
539	0.0726122	-8350.55
540	0.0726122	-8402.16
541	0.0726122	-8392.73
542	0.0726122	-8354.23
543	0.0726122	-8326.96
544	0.0726122	-8310.51
545	0.0726122	-8444.43
546	0.0726122	-8444.75
547	0.0726122	-8446.23
548	0.0726122	-8351.65
549	0.0726122	-8315.47
550	0.0726122	-8321.73
551	0.0726122	-8297.42
552	0.0726122	-8328.28
553	0.0726122	-8347.32
554	0.0726122	-8341.61
555	0.0726122	-8326.59
556	0.0726122	-8323.17
557	0.0726122	-8366.47
558	0.0726122	-8332.13
559	0.0726122	-8327.06
560	0.0726122	-8392.83
561	0.0726122	-8355.4
562	0.0726122	-8354.23
563	0.0726122	-8359.93
564	0.0726122	-8335.26
565	0.0726122	-8345.04
566	0.0726122	-8366.32
567	0.0726122	-8324.44
568	0.0726122	-8387.68
569	0.0726122	-8337.97
570	0.0726122	-8386.93
571	0.0726122	-8462.99
572	0.0726122	-8337.43
573	0.0726122	-8430.06
574	0.0726122	-8397.03
575	0.0726122	-8406.54
576	0.0726122	-8390.29
577	0.0726122	-8414.27
578	0.0726122	-8406.86
579	0.0726122	-8325.68
580	0.0726122	-8302.74
581	0.0726122	-8306.27
582	0.0726122	-8371.83
583	0.0726122	-8390.45
584	0.0726122	-8428.67
585	0.0726122	-8335.66
586	0.0726122	-8392.24
587	0.0726122	-8385.14
588	0.0726122	-8320.89
589	0.0726122	-8317.2
590	0.0726122	-8372.39
591	0.0726122	-8384.75
592	0.0726122	-8401.75
593	0.0726122	-8335.74
594	0.0726122	-8377.59
595	0.0726122	-8398.96
596	0.0726122	-8388.97
597	0.0726122	-8429.12
598	0.0726122	-8403.06
599	0.0726122	-8427.97
600	0.0726122	-8309.24
601	0.0726122	-8297.79
602	0.0726122	-8393.45
603	0.0726122	-8370.76
604	0.0726122	-8391.04
605	0.0726122	-8362.19
606	0.0726122	-8377.76
607	0.0726122	-8444.49
608	0.0726122	-8421.77
609	0.0726122	-8414.93
610	0.0726122	-8389.86
611	0.0726122	-8296.06
612	0.0726122	-8337.9
613	0.0726122	-8343.29
614	0.0726122	-8259.86
615	0.0726122	-8282.08
616	0.0726122	-8336.2
617	0.0726122	-8327.1
618	0.0726122	-8294.96
619	0.0726122	-8300.4
620	0.0726122	-8391.5
621	0.0726122	-8321.4
622	0.0726122	-8414.73
623	0.0726122	-8399.97
624	0.0726122	-8376.09
625	0.0726122	-8415.44
626	0.0726122	-8409.68
627	0.0726122	-8386.55
628	0.0726122	-8449.23
629	0.0726122	-8413.3
630	0.0726122	-8442.81
631	0.0726122	-8353.81
632	0.0726122	-8433.67
633	0.0726122	-8461.45
634	0.0726122	-8411.12
635	0.0726122	-8365.23
636	0.0726122	-8342.77
637	0.0726122	-8445.27
638	0.0726122	-8425.97
639	0.0726122	-8354.14
640	0.0726122	-8338.18
641	0.0726122	-8376.77
642	0.0726122	-8363.06
643	0.0726122	-8329.58
644	0.0726122	-8328.92
645	0.0726122	-8362.41
646	0.0726122	-8377.33
647	0.0726122	-8368.64
648	0.0726122	-8299.83
649	0.0726122	-8314.31
650	0.0726122	-8292.6
651	0.0726122	-8333.44
652	0.0726122	-8330.59
653	0.0726122	-8378.56
654	0.0726122	-8367.98
655	0.0726122	-8331.15
656	0.0726122	-8320.96
657	0.0726122	-8272.93
658	0.0726122	-8298.69
659	0.0726122	-8356.32
660	0.0726122	-8306.25
661	0.0726122	-8328.13
662	0.0726122	-8342.81
663	0.0726122	-8373.54
664	0.0726122	-8338.33
665	0.0726122	-8375.02
666	0.0726122	-8419.44
667	0.0726122	-8439
668	0.0726122	-8348.53
669	0.0726122	-8341.27
670	0.0726122	-8349.51
671	0.0726122	-8390.7
672	0.0726122	-8349.58
673	0.0726122	-8313.64
674	0.0726122	-8291.12
675	0.0726122	-8300.49
676	0.0726122	-8294.88
677	0.0726122	-8409.95
678	0.0726122	-8388.56
679	0.0726122	-8351.76
680	0.0726122	-8363.1
681	0.0726122	-8339.61
682	0.0726122	-8366.95
683	0.0726122	-8379.5
684	0.0726122	-8373.93
685	0.0726122	-8436.9
686	0.0726122	-8307.61
687	0.0726122	-8351.34
688	0.0726122	-8347.66
689	0.0726122	-8389.83
690	0.0726122	-8297.17
691	0.0726122	-8419.61
692	0.0726122	-8349.72
693	0.0726122	-8335.5
694	0.0726122	-8348.86
695	0.0726122	-8279.62
696	0.0726122	-8325.72
697	0.0726122	-8325.39
698	0.0726122	-8280.26
699	0.0726122	-8323.16
700	0.0726122	-8346.49
701	0.0726122	-8332.5
702	0.0726122	-8318.35
703	0.0726122	-8301.48
704	0.0726122	-8354.39
705	0.0726122	-8296.7
706	0.0726122	-8250.91
707	0.0726122	-8311.49
708	0.0726122	-8341.56
709	0.0726122	-8321.43
710	0.0726122	-8423.57
711	0.0726122	-8406.32
712	0.0726122	-8380.03
713	0.0726122	-8442.69
714	0.0726122	-8468.74
715	0.0726122	-8402.56
716	0.0726122	-8501.91
717	0.0726122	-8438.26
718	0.0726122	-8469.39
719	0.0726122	-8457.84
720	0.0726122	-8437.57
721	0.0726122	-8434.02
722	0.0726122	-8499.28
723	0.0726122	-8462.25
724	0.0726122	-8449.21
725	0.0726122	-8395.98
726	0.0726122	-8408.49
727	0.0726122	-8361.63
728	0.0726122	-8328.28
729	0.0726122	-8382.27
730	0.0726122	-8382.77
731	0.0726122	-8409.74
732	0.0726122	-8393.72
733	0.0726122	-8389.85
734	0.0726122	-8380.94
735	0.0726122	-8422.35
736	0.0726122	-8325.36
737	0.0726122	-8351.69
738	0.0726122	-8332.78
739	0.0726122	-8325.45
740	0.0726122	-8347.37
741	0.0726122	-8412.05
742	0.0726122	-8382.8
743	0.0726122	-8418.07
744	0.0726122	-8446.96
745	0.0726122	-8435.19
746	0.0726122	-8332.96
747	0.0726122	-8365.88
748	0.0726122	-8359.73
749	0.0726122	-8363.93
750	0.0726122	-8335.83
751	0.0726122	-8364.99
752	0.0726122	-8500.61
753	0.0726122	-8415.2
754	0.0726122	-8365.87
755	0.0726122	-8369.8
756	0.0726122	-8415.63
757	0.0726122	-8463.05
758	0.0726122	-8406.28
759	0.0726122	-8461.02
760	0.0726122	-8392.29
761	0.0726122	-8463.27
762	0.0726122	-8377.16
763	0.0726122	-8402.39
764	0.0726122	-8390.59
765	0.0726122	-8458.65
766	0.0726122	-8445.69
767	0.0726122	-8491.51
768	0.0726122	-8474.77
769	0.0726122	-8455.39
770	0.0726122	-8329.9
771	0.0726122	-8449.25
772	0.0726122	-8382.91
773	0.0726122	-8382.62
774	0.0726122	-8308.37
775	0.0726122	-8379.26
776	0.0726122	-8323.77
777	0.0726122	-8365.35
778	0.0726122	-8340.61
779	0.0726122	-8436.94
780	0.0726122	-8376.24
781	0.0726122	-8383.27
782	0.0726122	-8428.8
783	0.0726122	-8455.74
784	0.0726122	-8401.22
785	0.0726122	-8470.02
786	0.0726122	-8362.15
787	0.0726122	-8474.41
788	0.0726122	-8443.2
789	0.0726122	-8485.08
790	0.0726122	-8371.6
791	0.0726122	-8349.84
792	0.0726122	-8333.03
793	0.0726122	-8335.34
794	0.0726122	-8338.69
795	0.0726122	-8316.95
796	0.0726122	-8292.91
797	0.0726122	-8328.12
798	0.0726122	-8421.67
799	0.0726122	-8366.86
800	0.0726122	-8401.94
801	0.0726122	-8403.9
802	0.0726122	-8351.27
803	0.0726122	-8318.38
804	0.0726122	-8348.13
805	0.0726122	-8390.55
806	0.0726122	-8390.86
807	0.0726122	-8337.14
808	0.0726122	-8337.47
809	0.0726122	-8336.02
810	0.0726122	-8366.68
811	0.0726122	-8311.67
812	0.0726122	-8372.77
813	0.0726122	-8354.77
814	0.0726122	-8340.02
815	0.0726122	-8365.49
816	0.0726122	-8416.44
817	0.0726122	-8434.08
818	0.0726122	-8364.94
819	0.0726122	-8382.78
820	0.0726122	-8326.97
821	0.0726122	-8393.15
822	0.0726122	-8296.38
823	0.0726122	-8319.83
824	0.0726122	-8319.39
825	0.0726122	-8351.79
826	0.0726122	-8338.74
827	0.0726122	-8326.71
828	0.0726122	-8347.74
829	0.0726122	-8270.71
830	0.0726122	-8257.46
831	0.0726122	-8273.45
832	0.0726122	-8367.51
833	0.0726122	-8367.51
834	0.0726122	-8339.13
835	0.0726122	-8340.86
836	0.0726122	-8392.91
837	0.0726122	-8394.66
838	0.0726122	-8357.79
839	0.0726122	-8319.96
840	0.0726122	-8423.04
841	0.0726122	-8390.78
842	0.0726122	-8372.77
843	0.0726122	-8390.45
844	0.0726122	-8461.53
845	0.0726122	-8346.51
846	0.0726122	-8322.82
847	0.0726122	-8358.74
848	0.0726122	-8292.89
849	0.0726122	-8267.18
850	0.0726122	-8345.75
851	0.0726122	-8366.08
852	0.0726122	-8399.46
853	0.0726122	-8329.98
854	0.0726122	-8362.97
855	0.0726122	-8310.18
856	0.0726122	-8299.82
857	0.0726122	-8383.63
858	0.0726122	-8459.2
859	0.0726122	-8393.13
860	0.0726122	-8329.96
861	0.0726122	-8337.53
862	0.0726122	-8326.17
863	0.0726122	-8393.26
864	0.0726122	-8367.9
865	0.0726122	-8380.32
866	0.0726122	-8331.56
867	0.0726122	-8360.31
868	0.0726122	-8316.91
869	0.0726122	-8286.27
870	0.0726122	-8325.91
871	0.0726122	-8312.67
872	0.0726122	-8350.18
873	0.0726122	-8346.06
874	0.0726122	-8381.3
875	0.0726122	-8392.88
876	0.0726122	-8400.94
877	0.0726122	-8394.44
878	0.0726122	-8416.65
879	0.0726122	-8475.42
880	0.0726122	-8341.18
881	0.0726122	-8366.87
882	0.0726122	-8383.47
883	0.0726122	-8425.65
884	0.0726122	-8319.71
885	0.0726122	-8311.15
886	0.0726122	-8318.16
887	0.0726122	-8350.95
888	0.0726122	-8391.32
889	0.0726122	-8390.86
890	0.0726122	-8425.62
891	0.0726122	-8462.6
892	0.0726122	-8472.27
893	0.0726122	-8416.92
894	0.0726122	-8423.47
895	0.0726122	-8288.65
896	0.0726122	-8283.97
897	0.0726122	-8295.16
898	0.0726122	-8328.17
899	0.0726122	-8296.88
900	0.0726122	-8341.51
901	0.0726122	-8352.91
902	0.0726122	-8378.07
903	0.0726122	-8363.7
904	0.0726122	-8367.31
905	0.0726122	-8312.7
906	0.0726122	-8340.18
907	0.0726122	-8331.81
908	0.0726122	-8384.93
909	0.0726122	-8399.44
910	0.0726122	-8414.89
911	0.0726122	-8360.18
912	0.0726122	-8440.49
913	0.0726122	-8420.81
914	0.0726122	-8437.35
915	0.0726122	-8499.47
916	0.0726122	-8441.08
917	0.0726122	-8405.19
918	0.0726122	-8349.54
919	0.0726122	-8389
920	0.0726122	-8360.78
921	0.0726122	-8330.94
922	0.0726122	-8337.16
923	0.0726122	-8356.64
924	0.0726122	-8359.97
925	0.0726122	-8300.15
926	0.0726122	-8374.55
927	0.0726122	-8355.02
928	0.0726122	-8361.93
929	0.0726122	-8359.76
930	0.0726122	-8386.84
931	0.0726122	-8394.74
932	0.0726122	-8531.43
933	0.0726122	-8383.98
934	0.0726122	-8398.35
935	0.0726122	-8370.99
936	0.0726122	-8320.98
937	0.0726122	-8360.41
938	0.0726122	-8290.7
939	0.0726122	-8364.26
940	0.0726122	-8390.65
941	0.0726122	-8399.53
942	0.0726122	-8414.2
943	0.0726122	-8365.5
944	0.0726122	-8426.16
945	0.0726122	-8348.85
946	0.0726122	-8300.5
947	0.0726122	-8298.95
948	0.0726122	-8328.37
949	0.0726122	-8421.65
950	0.0726122	-8333.65
951	0.0726122	-8331.91
952	0.0726122	-8339.53
953	0.0726122	-8346.75
954	0.0726122	-8406.64
955	0.0726122	-8354.65
956	0.0726122	-8348.15
957	0.0726122	-8357.44
958	0.0726122	-8347.81
959	0.0726122	-8330.54
960	0.0726122	-8353.19
961	0.0726122	-8380.03
962	0.0726122	-8408.76
963	0.0726122	-8389.42
964	0.0726122	-8339.18
965	0.0726122	-8283.5
966	0.0726122	-8311.5
967	0.0726122	-8359.69
968	0.0726122	-8425.35
969	0.0726122	-8343.25
970	0.0726122	-8317.32
971	0.0726122	-8336.07
972	0.0726122	-8402.72
973	0.0726122	-8333.07
974	0.0726122	-8355.76
975	0.0726122	-8365.36
976	0.0726122	-8343.29
977	0.0726122	-8271.99
978	0.0726122	-8262.49
979	0.0726122	-8294.43
980	0.0726122	-8325.98
981	0.0726122	-8311.62
982	0.0726122	-8301.89
983	0.0726122	-8355.55
984	0.0726122	-8374.56
985	0.0726122	-8333.72
986	0.0726122	-8336.27
987	0.0726122	-8361.9
988	0.0726122	-8324.3
989	0.0726122	-8383.65
990	0.0726122	-8381.69
991	0.0726122	-8338.16
992	0.0726122	-8399.24
993	0.0726122	-8324.71
994	0.0726122	-8365.91
995	0.0726122	-8332.16
996	0.0726122	-8350.44
997	0.0726122	-8369.76
998	0.0726122	-8408.01
999	0.0726122	-8402.99
1000	0.0726122	-8359.35
251	0.060927	-8363.34
252	0.060927	-8386.22
253	0.060927	-8330.57
254	0.060927	-8392.59
255	0.060927	-8316.08
256	0.060927	-8347.99
257	0.060927	-8411.12
258	0.060927	-8400.2
259	0.060927	-8429.26
260	0.060927	-8391.02
261	0.060927	-8311.75
262	0.060927	-8368.67
263	0.060927	-8335.21
264	0.060927	-8350.49
265	0.060927	-8342.76
266	0.060927	-8358.88
267	0.060927	-8307.15
268	0.060927	-8332.35
269	0.060927	-8353.12
270	0.060927	-8420.8
271	0.060927	-8342.06
272	0.060927	-8301.43
273	0.060927	-8279.9
274	0.060927	-8342.72
275	0.060927	-8398.18
276	0.060927	-8416.67
277	0.060927	-8348.77
278	0.060927	-8383.1
279	0.060927	-8426.87
280	0.060927	-8343.17
281	0.060927	-8362.44
282	0.060927	-8346.16
283	0.060927	-8399.27
284	0.060927	-8374.09
285	0.060927	-8388.27
286	0.060927	-8438.84
287	0.060927	-8481.43
288	0.060927	-8464.91
289	0.060927	-8480.81
290	0.060927	-8359.72
291	0.060927	-8347.93
292	0.060927	-8337.62
293	0.060927	-8342.12
294	0.060927	-8388.26
295	0.060927	-8339.92
296	0.060927	-8376.47
297	0.060927	-8335.77
298	0.060927	-8404.03
299	0.060927	-8376.44
300	0.060927	-8460.06
301	0.060927	-8346.72
302	0.060927	-8475.28
303	0.060927	-8488.65
304	0.060927	-8379.86
305	0.060927	-8424
306	0.060927	-8327.13
307	0.060927	-8389.54
308	0.060927	-8572.31
309	0.060927	-8449.38
310	0.060927	-8533.73
311	0.060927	-8550.97
312	0.060927	-8509.98
313	0.060927	-8464.56
314	0.060927	-8429.36
315	0.060927	-8419.5
316	0.060927	-8333.32
317	0.060927	-8400.62
318	0.060927	-8480.69
319	0.060927	-8432.29
320	0.060927	-8447.35
321	0.060927	-8435.56
322	0.060927	-8523.91
323	0.060927	-8427.07
324	0.060927	-8418.86
325	0.060927	-8441.91
326	0.060927	-8466.48
327	0.060927	-8409.73
328	0.060927	-8384.87
329	0.060927	-8403.1
330	0.060927	-8414.36
331	0.060927	-8327.27
332	0.060927	-8383.77
333	0.060927	-8546.97
334	0.060927	-8448.12
335	0.060927	-8483.22
336	0.060927	-8575.9
337	0.060927	-8541.08
338	0.060927	-8522.18
339	0.060927	-8602.8
340	0.060927	-8513.71
341	0.060927	-8421.95
342	0.060927	-8510.01
343	0.060927	-8491.48
344	0.060927	-8505.1
345	0.060927	-8536.92
346	0.060927	-8478
347	0.060927	-8457.14
348	0.060927	-8392.84
349	0.060927	-8374.83
350	0.060927	-8369.03
351	0.060927	-8393.19
352	0.060927	-8437.74
353	0.060927	-8461.5
354	0.060927	-8425.14
355	0.060927	-8339.43
356	0.060927	-8494.77
357	0.060927	-8430.23
358	0.060927	-8410.7
359	0.060927	-8381.19
360	0.060927	-8388.18
361	0.060927	-8330.07
362	0.060927	-8311.39
363	0.060927	-8378.06
364	0.060927	-8322.71
365	0.060927	-8382.65
366	0.060927	-8398.76
367	0.060927	-8350.08
368	0.060927	-8358.75
369	0.060927	-8436.26
370	0.060927	-8373.46
371	0.060927	-8461.16
372	0.060927	-8436.69
373	0.060927	-8484.28
374	0.060927	-8454.31
375	0.060927	-8440.53
376	0.060927	-8485.85
377	0.060927	-8431.79
378	0.060927	-8377.87
379	0.060927	-8389.64
380	0.060927	-8469.59
381	0.060927	-8481.81
382	0.060927	-8388.1
383	0.060927	-8323.37
384	0.060927	-8382.83
385	0.060927	-8359.65
386	0.060927	-8410.87
387	0.060927	-8308.67
388	0.060927	-8355.57
389	0.060927	-8364.66
390	0.060927	-8431.15
391	0.060927	-8375.5
392	0.060927	-8277.05
393	0.060927	-8355.8
394	0.060927	-8397.72
395	0.060927	-8393.05
396	0.060927	-8376.66
397	0.060927	-8379.83
398	0.060927	-8421.34
399	0.060927	-8405.36
400	0.060927	-8477.23
401	0.060927	-8504.36
402	0.060927	-8327.48
403	0.060927	-8290.15
404	0.060927	-8470.65
405	0.060927	-8466.21
406	0.060927	-8315.54
407	0.060927	-8347.75
408	0.060927	-8306.07
409	0.060927	-8538.74
410	0.060927	-8413.91
411	0.060927	-8419.22
412	0.060927	-8408.83
413	0.060927	-8441.6
414	0.060927	-8388.38
415	0.060927	-8371.36
416	0.060927	-8390.52
417	0.060927	-8396.12
418	0.060927	-8452.26
419	0.060927	-8428.41
420	0.060927	-8409.85
421	0.060927	-8444.4
422	0.060927	-8347.08
423	0.060927	-8334.27
424	0.060927	-8347.36
425	0.060927	-8387.91
426	0.060927	-8340.38
427	0.060927	-8418.11
428	0.060927	-8382.1
429	0.060927	-8362.01
430	0.060927	-8435.79
431	0.060927	-8483.5
432	0.060927	-8378.28
433	0.060927	-8412.22
434	0.060927	-8409.86
435	0.060927	-8345.49
436	0.060927	-8436.13
437	0.060927	-8491.51
438	0.060927	-8474.73
439	0.060927	-8401.65
440	0.060927	-8472.29
441	0.060927	-8447.59
442	0.060927	-8553.95
443	0.060927	-8516.67
444	0.060927	-8452.43
445	0.060927	-8448.6
446	0.060927	-8406.23
447	0.060927	-8400.51
448	0.060927	-8453.05
449	0.060927	-8408.4
450	0.060927	-8536.43
451	0.060927	-8486.38
452	0.060927	-8406.78
453	0.060927	-8395.46
454	0.060927	-8337.42
455	0.060927	-8431.3
456	0.060927	-8460.1
457	0.060927	-8446.34
458	0.060927	-8437.86
459	0.060927	-8405.21
460	0.060927	-8420.38
461	0.060927	-8499.98
462	0.060927	-8451.4
463	0.060927	-8430.52
464	0.060927	-8374.29
465	0.060927	-8351.38
466	0.060927	-8379.76
467	0.060927	-8366.86
468	0.060927	-8360.31
469	0.060927	-8353.15
470	0.060927	-8355.81
471	0.060927	-8468.79
472	0.060927	-8409.47
473	0.060927	-8503.11
474	0.060927	-8535.57
475	0.060927	-8466.19
476	0.060927	-8413.1
477	0.060927	-8488.17
478	0.060927	-8503.3
479	0.060927	-8427.58
480	0.060927	-8554.21
481	0.060927	-8494.1
482	0.060927	-8401.55
483	0.060927	-8469.38
484	0.060927	-8439.99
485	0.060927	-8394.46
486	0.060927	-8354.22
487	0.060927	-8418.48
488	0.060927	-8352.19
489	0.060927	-8364.04
490	0.060927	-8303.5
491	0.060927	-8366.8
492	0.060927	-8327.07
493	0.060927	-8441.29
494	0.060927	-8342.25
495	0.060927	-8375.06
496	0.060927	-8477.86
497	0.060927	-8365.46
498	0.060927	-8380.49
499	0.060927	-8488.62
500	0.060927	-8384.08
501	0.060927	-8349.75
502	0.060927	-8351.59
503	0.060927	-8422.83
504	0.060927	-8316.46
505	0.060927	-8337.82
506	0.060927	-8313.19
507	0.060927	-8304.53
508	0.060927	-8278.64
509	0.060927	-8246.69
510	0.060927	-8337.54
511	0.060927	-8386.61
512	0.060927	-8372.66
513	0.060927	-8315.11
514	0.060927	-8334.27
515	0.060927	-8400.63
516	0.060927	-8352.37
517	0.060927	-8409.59
518	0.060927	-8396.47
519	0.060927	-8394.96
520	0.060927	-8469.71
521	0.060927	-8475.34
522	0.060927	-8431
523	0.060927	-8367.55
524	0.060927	-8382.37
525	0.060927	-8423.98
526	0.060927	-8505.03
527	0.060927	-8492.62
528	0.060927	-8437.66
529	0.060927	-8404.09
530	0.060927	-8448.64
531	0.060927	-8416.08
532	0.060927	-8364.18
533	0.060927	-8321.73
534	0.060927	-8387.54
535	0.060927	-8375.5
536	0.060927	-8358.6
537	0.060927	-8383.37
538	0.060927	-8375.73
539	0.060927	-8427.92
540	0.060927	-8488.15
541	0.060927	-8456.4
542	0.060927	-8381.37
543	0.060927	-8347.9
544	0.060927	-8361.9
545	0.060927	-8454.6
546	0.060927	-8341.8
547	0.060927	-8315.64
548	0.060927	-8408.73
549	0.060927	-8393.49
550	0.060927	-8499.04
551	0.060927	-8457.2
552	0.060927	-8391.16
553	0.060927	-8441.19
554	0.060927	-8416.56
555	0.060927	-8392.88
556	0.060927	-8448.28
557	0.060927	-8429.18
558	0.060927	-8441.08
559	0.060927	-8486.58
560	0.060927	-8481.23
561	0.060927	-8468.9
562	0.060927	-8536.95
563	0.060927	-8440.83
564	0.060927	-8443.66
565	0.060927	-8496.4
566	0.060927	-8367.72
567	0.060927	-8341.99
568	0.060927	-8368.58
569	0.060927	-8384.45
570	0.060927	-8403.93
571	0.060927	-8399.38
572	0.060927	-8421.94
573	0.060927	-8441.9
574	0.060927	-8561.71
575	0.060927	-8542.59
576	0.060927	-8436.18
577	0.060927	-8546.44
578	0.060927	-8498.84
579	0.060927	-8477.51
580	0.060927	-8443.44
581	0.060927	-8455.35
582	0.060927	-8482.2
583	0.060927	-8442.88
584	0.060927	-8515.09
585	0.060927	-8533.84
586	0.060927	-8505.2
587	0.060927	-8427.05
588	0.060927	-8410.84
589	0.060927	-8461.83
590	0.060927	-8439.1
591	0.060927	-8527.32
592	0.060927	-8498.54
593	0.060927	-8491.74
594	0.060927	-8402.55
595	0.060927	-8519.55
596	0.060927	-8417.26
597	0.060927	-8367.99
598	0.060927	-8370.96
599	0.060927	-8369.21
600	0.060927	-8298.45
601	0.060927	-8267.42
602	0.060927	-8317.97
603	0.060927	-8392.51
604	0.060927	-8401.14
605	0.060927	-8484.79
606	0.060927	-8450.64
607	0.060927	-8386.18
608	0.060927	-8405.88
609	0.060927	-8363.23
610	0.060927	-8382.89
611	0.060927	-8322.35
612	0.060927	-8330.42
613	0.060927	-8327.5
614	0.060927	-8306.89
615	0.060927	-8399.08
616	0.060927	-8338.1
617	0.060927	-8343.3
618	0.060927	-8399.67
619	0.060927	-8447.2
620	0.060927	-8412.86
621	0.060927	-8308.84
622	0.060927	-8342.06
623	0.060927	-8343.84
624	0.060927	-8310.62
625	0.060927	-8329.36
626	0.060927	-8307.28
627	0.060927	-8377.87
628	0.060927	-8351.03
629	0.060927	-8374.27
630	0.060927	-8298.38
631	0.060927	-8294.47
632	0.060927	-8362.78
633	0.060927	-8335.96
634	0.060927	-8337.34
635	0.060927	-8366.31
636	0.060927	-8325.68
637	0.060927	-8332.34
638	0.060927	-8371.39
639	0.060927	-8427.54
640	0.060927	-8428.15
641	0.060927	-8457.52
642	0.060927	-8488.23
643	0.060927	-8518.61
644	0.060927	-8495.74
645	0.060927	-8486.81
646	0.060927	-8547.85
647	0.060927	-8534.9
648	0.060927	-8403.67
649	0.060927	-8508.39
650	0.060927	-8346.27
651	0.060927	-8430.76
652	0.060927	-8443.38
653	0.060927	-8517.87
654	0.060927	-8393.06
655	0.060927	-8357.52
656	0.060927	-8359.99
657	0.060927	-8384.95
658	0.060927	-8484.38
659	0.060927	-8411.14
660	0.060927	-8459.45
661	0.060927	-8426.6
662	0.060927	-8471.07
663	0.060927	-8404.03
664	0.060927	-8406.89
665	0.060927	-8368.26
666	0.060927	-8345.32
667	0.060927	-8368.49
668	0.060927	-8341.78
669	0.060927	-8517.32
670	0.060927	-8470.98
671	0.060927	-8528.51
672	0.060927	-8489.28
673	0.060927	-8398.72
674	0.060927	-8494.19
675	0.060927	-8535.97
676	0.060927	-8506.83
677	0.060927	-8506.26
678	0.060927	-8442.3
679	0.060927	-8495.69
680	0.060927	-8468.22
681	0.060927	-8427.74
682	0.060927	-8304.56
683	0.060927	-8277.14
684	0.060927	-8361.69
685	0.060927	-8495.64
686	0.060927	-8359.23
687	0.060927	-8418.59
688	0.060927	-8503.66
689	0.060927	-8347.81
690	0.060927	-8359.31
691	0.060927	-8457.36
692	0.060927	-8493.19
693	0.060927	-8448.79
694	0.060927	-8453.79
695	0.060927	-8481.77
696	0.060927	-8404.54
697	0.060927	-8424.26
698	0.060927	-8309.42
699	0.060927	-8366.48
700	0.060927	-8395.25
701	0.060927	-8391.19
702	0.060927	-8392.71
703	0.060927	-8413.7
704	0.060927	-8445.5
705	0.060927	-8377.24
706	0.060927	-8336.89
707	0.060927	-8402.73
708	0.060927	-8347.31
709	0.060927	-8353.93
710	0.060927	-8336.45
711	0.060927	-8297.62
712	0.060927	-8394.19
713	0.060927	-8358.85
714	0.060927	-8413.98
715	0.060927	-8384.26
716	0.060927	-8387.93
717	0.060927	-8351.86
718	0.060927	-8395.55
719	0.060927	-8352.17
720	0.060927	-8333.19
721	0.060927	-8322.83
722	0.060927	-8329.51
723	0.060927	-8369.53
724	0.060927	-8408.52
725	0.060927	-8385.19
726	0.060927	-8401.94
727	0.060927	-8471.9
728	0.060927	-8471.13
729	0.060927	-8362.77
730	0.060927	-8378.62
731	0.060927	-8455.05
732	0.060927	-8424.62
733	0.060927	-8443.64
734	0.060927	-8349.26
735	0.060927	-8394.55
736	0.060927	-8519.95
737	0.060927	-8475.91
738	0.060927	-8375.81
739	0.060927	-8342.57
740	0.060927	-8323.76
741	0.060927	-8321.42
742	0.060927	-8409.22
743	0.060927	-8330.57
744	0.060927	-8383.05
745	0.060927	-8392.89
746	0.060927	-8444.42
747	0.060927	-8446.66
748	0.060927	-8501.88
749	0.060927	-8411.32
750	0.060927	-8423.34
751	0.060927	-8384.49
752	0.060927	-8379.43
753	0.060927	-8360.42
754	0.060927	-8437.8
755	0.060927	-8391.51
756	0.060927	-8377.23
757	0.060927	-8506.87
758	0.060927	-8414.17
759	0.060927	-8406.09
760	0.060927	-8427.29
761	0.060927	-8403.1
762	0.060927	-8455.17
763	0.060927	-8391.63
764	0.060927	-8397.12
765	0.060927	-8348.57
766	0.060927	-8430.98
767	0.060927	-8371.3
768	0.060927	-8377.47
769	0.060927	-8466.61
770	0.060927	-8374.31
771	0.060927	-8430.01
772	0.060927	-8422.82
773	0.060927	-8445.77
774	0.060927	-8421.64
775	0.060927	-8431.93
776	0.060927	-8436.43
777	0.060927	-8426.64
778	0.060927	-8465.62
779	0.060927	-8429.49
780	0.060927	-8453.78
781	0.060927	-8384.96
782	0.060927	-8427.53
783	0.060927	-8487.63
784	0.060927	-8517.35
785	0.060927	-8462.45
786	0.060927	-8416.17
787	0.060927	-8388.81
788	0.060927	-8387.97
789	0.060927	-8369.58
790	0.060927	-8373.41
791	0.060927	-8415.31
792	0.060927	-8390.45
793	0.060927	-8502.48
794	0.060927	-8442.51
795	0.060927	-8474.7
796	0.060927	-8459.17
797	0.060927	-8554.93
798	0.060927	-8484.34
799	0.060927	-8570.49
800	0.060927	-8384.5
801	0.060927	-8410.87
802	0.060927	-8422.26
803	0.060927	-8421.73
804	0.060927	-8405.71
805	0.060927	-8375.21
806	0.060927	-8371.89
807	0.060927	-8501.44
808	0.060927	-8547.87
809	0.060927	-8520.67
810	0.060927	-8413.06
811	0.060927	-8368.76
812	0.060927	-8393.13
813	0.060927	-8424.82
814	0.060927	-8415.57
815	0.060927	-8496.16
816	0.060927	-8433.08
817	0.060927	-8516.59
818	0.060927	-8412.8
819	0.060927	-8447.45
820	0.060927	-8389.74
821	0.060927	-8344.95
822	0.060927	-8450.14
823	0.060927	-8418.49
824	0.060927	-8353
825	0.060927	-8419.54
826	0.060927	-8430.5
827	0.060927	-8445.19
828	0.060927	-8490.36
829	0.060927	-8430.82
830	0.060927	-8378.49
831	0.060927	-8387.54
832	0.060927	-8391.47
833	0.060927	-8345.19
834	0.060927	-8457.13
835	0.060927	-8363.39
836	0.060927	-8400.81
837	0.060927	-8403.39
838	0.060927	-8382.14
839	0.060927	-8411.89
840	0.060927	-8417.65
841	0.060927	-8462.82
842	0.060927	-8469.61
843	0.060927	-8384.61
844	0.060927	-8396.98
845	0.060927	-8469.6
846	0.060927	-8460.86
847	0.060927	-8351.84
848	0.060927	-8331.57
849	0.060927	-8419.85
850	0.060927	-8406.12
851	0.060927	-8400.58
852	0.060927	-8351.41
853	0.060927	-8353.16
854	0.060927	-8417.57
855	0.060927	-8446.84
856	0.060927	-8459.17
857	0.060927	-8506.57
858	0.060927	-8478.12
859	0.060927	-8517.89
860	0.060927	-8427.55
861	0.060927	-8427.42
862	0.060927	-8405.17
863	0.060927	-8543.42
864	0.060927	-8512.05
865	0.060927	-8503.07
866	0.060927	-8446.81
867	0.060927	-8487.51
868	0.060927	-8416.53
869	0.060927	-8417.71
870	0.060927	-8477.79
871	0.060927	-8404.98
872	0.060927	-8426.09
873	0.060927	-8514.31
874	0.060927	-8493.34
875	0.060927	-8410.13
876	0.060927	-8354.03
877	0.060927	-8409.08
878	0.060927	-8403.15
879	0.060927	-8378.81
880	0.060927	-8403.02
881	0.060927	-8395.72
882	0.060927	-8414.78
883	0.060927	-8434.81
884	0.060927	-8448.43
885	0.060927	-8417.16
886	0.060927	-8483.99
887	0.060927	-8425.44
888	0.060927	-8518.15
889	0.060927	-8438.94
890	0.060927	-8463.95
891	0.060927	-8467.71
892	0.060927	-8460.83
893	0.060927	-8437.2
894	0.060927	-8326.72
895	0.060927	-8336.13
896	0.060927	-8333.63
897	0.060927	-8382.96
898	0.060927	-8298.8
899	0.060927	-8315.95
900	0.060927	-8383.53
901	0.060927	-8313.88
902	0.060927	-8365.11
903	0.060927	-8359.6
904	0.060927	-8373.35
905	0.060927	-8282.93
906	0.060927	-8327.93
907	0.060927	-8328.7
908	0.060927	-8423.07
909	0.060927	-8406.5
910	0.060927	-8398.23
911	0.060927	-8412.18
912	0.060927	-8394.77
913	0.060927	-8414.01
914	0.060927	-8385.33
915	0.060927	-8372.8
916	0.060927	-8429.79
917	0.060927	-8343.54
918	0.060927	-8368.16
919	0.060927	-8372.01
920	0.060927	-8347.97
921	0.060927	-8287.36
922	0.060927	-8391.25
923	0.060927	-8375.03
924	0.060927	-8365.19
925	0.060927	-8391.16
926	0.060927	-8425.17
927	0.060927	-8438.71
928	0.060927	-8434.71
929	0.060927	-8394.44
930	0.060927	-8343.12
931	0.060927	-8508.72
932	0.060927	-8429.93
933	0.060927	-8466.19
934	0.060927	-8423.52
935	0.060927	-8388.02
936	0.060927	-8461.03
937	0.060927	-8361.27
938	0.060927	-8341.18
939	0.060927	-8427.25
940	0.060927	-8438.92
941	0.060927	-8495.24
942	0.060927	-8488.22
943	0.060927	-8568.17
944	0.060927	-8591.59
945	0.060927	-8526.78
946	0.060927	-8550.58
947	0.060927	-8572.86
948	0.060927	-8398.47
949	0.060927	-8344.97
950	0.060927	-8442.52
951	0.060927	-8437.54
952	0.060927	-8483.72
953	0.060927	-8368.48
954	0.060927	-8412.94
955	0.060927	-8408.7
956	0.060927	-8315.31
957	0.060927	-8335.27
958	0.060927	-8389.13
959	0.060927	-8424.09
960	0.060927	-8338.93
961	0.060927	-8349.29
962	0.060927	-8440.06
963	0.060927	-8423.33
964	0.060927	-8581.65
965	0.060927	-8502.16
966	0.060927	-8454.39
967	0.060927	-8495.01
968	0.060927	-8365.38
969	0.060927	-8360.71
970	0.060927	-8362.57
971	0.060927	-8341.09
972	0.060927	-8400.34
973	0.060927	-8387.31
974	0.060927	-8373.28
975	0.060927	-8397.27
976	0.060927	-8397.49
977	0.060927	-8442.29
978	0.060927	-8374.6
979	0.060927	-8432.05
980	0.060927	-8327.52
981	0.060927	-8381.61
982	0.060927	-8443.82
983	0.060927	-8464.17
984	0.060927	-8408.93
985	0.060927	-8376.63
986	0.060927	-8310.34
987	0.060927	-8364.09
988	0.060927	-8387.33
989	0.060927	-8437.05
990	0.060927	-8468.11
991	0.060927	-8466.15
992	0.060927	-8356.53
993	0.060927	-8360.36
994	0.060927	-8357.45
995	0.060927	-8379.58
996	0.060927	-8360.96
997	0.060927	-8337.21
998	0.060927	-8333.02
999	0.060927	-8358.86
1000	0.060927	-8414.86
251	0.050797	-8495.4
252	0.050797	-8571.48
253	0.050797	-8493.2
254	0.050797	-8500.08
255	0.050797	-8523.18
256	0.050797	-8423.57
257	0.050797	-8344.03
258	0.050797	-8483.97
259	0.050797	-8488.61
260	0.050797	-8445.37
261	0.050797	-8447.86
262	0.050797	-8459.01
263	0.050797	-8434.3
264	0.050797	-8413.74
265	0.050797	-8510.6
266	0.050797	-8474.18
267	0.050797	-8350.66
268	0.050797	-8449.63
269	0.050797	-8454.5
270	0.050797	-8565.15
271	0.050797	-8525.48
272	0.050797	-8574.66
273	0.050797	-8451.91
274	0.050797	-8518.28
275	0.050797	-8447.03
276	0.050797	-8478.9
277	0.050797	-8404.7
278	0.050797	-8621.93
279	0.050797	-8401.32
280	0.050797	-8326.26
281	0.050797	-8492.9
282	0.050797	-8464.85
283	0.050797	-8517.09
284	0.050797	-8561.45
285	0.050797	-8447.06
286	0.050797	-8461.33
287	0.050797	-8422.48
288	0.050797	-8395.3
289	0.050797	-8440.31
290	0.050797	-8487.21
291	0.050797	-8426.72
292	0.050797	-8555.71
293	0.050797	-8449.93
294	0.050797	-8514.51
295	0.050797	-8500.32
296	0.050797	-8459.39
297	0.050797	-8399.5
298	0.050797	-8399.43
299	0.050797	-8403.52
300	0.050797	-8325.42
301	0.050797	-8325.18
302	0.050797	-8347.61
303	0.050797	-8320.25
304	0.050797	-8415.86
305	0.050797	-8402.33
306	0.050797	-8447.78
307	0.050797	-8486.92
308	0.050797	-8485.5
309	0.050797	-8411.69
310	0.050797	-8323.35
311	0.050797	-8390.96
312	0.050797	-8454.83
313	0.050797	-8402.46
314	0.050797	-8526.49
315	0.050797	-8600.32
316	0.050797	-8535.57
317	0.050797	-8477.58
318	0.050797	-8479.01
319	0.050797	-8501.71
320	0.050797	-8595.92
321	0.050797	-8765.69
322	0.050797	-8564.64
323	0.050797	-8620.66
324	0.050797	-8626.72
325	0.050797	-8525.79
326	0.050797	-8506.01
327	0.050797	-8452.6
328	0.050797	-8418.69
329	0.050797	-8486.48
330	0.050797	-8476.02
331	0.050797	-8486.86
332	0.050797	-8493.29
333	0.050797	-8453.48
334	0.050797	-8381.4
335	0.050797	-8375.27
336	0.050797	-8416.73
337	0.050797	-8405.65
338	0.050797	-8512.34
339	0.050797	-8446.7
340	0.050797	-8351.31
341	0.050797	-8355.39
342	0.050797	-8318.4
343	0.050797	-8350.95
344	0.050797	-8384.77
345	0.050797	-8326.42
346	0.050797	-8417.56
347	0.050797	-8348.54
348	0.050797	-8550.45
349	0.050797	-8551.59
350	0.050797	-8461.45
351	0.050797	-8356.31
352	0.050797	-8378.4
353	0.050797	-8366.87
354	0.050797	-8461.9
355	0.050797	-8481.15
356	0.050797	-8425.8
357	0.050797	-8432.02
358	0.050797	-8485.2
359	0.050797	-8435.87
360	0.050797	-8404.63
361	0.050797	-8387.78
362	0.050797	-8439.43
363	0.050797	-8392.13
364	0.050797	-8376.63
365	0.050797	-8404.01
366	0.050797	-8417.98
367	0.050797	-8492.03
368	0.050797	-8549.93
369	0.050797	-8617.16
370	0.050797	-8539.85
371	0.050797	-8575.65
372	0.050797	-8529.89
373	0.050797	-8562.03
374	0.050797	-8454.16
375	0.050797	-8364.79
376	0.050797	-8423.6
377	0.050797	-8368.09
378	0.050797	-8412.46
379	0.050797	-8518.33
380	0.050797	-8356.52
381	0.050797	-8398.71
382	0.050797	-8411.81
383	0.050797	-8379.36
384	0.050797	-8437.14
385	0.050797	-8576.05
386	0.050797	-8401.03
387	0.050797	-8451.44
388	0.050797	-8474.42
389	0.050797	-8430.45
390	0.050797	-8430.73
391	0.050797	-8392.79
392	0.050797	-8416.21
393	0.050797	-8447.03
394	0.050797	-8446.95
395	0.050797	-8516.3
396	0.050797	-8473.53
397	0.050797	-8604.22
398	0.050797	-8587.05
399	0.050797	-8447.16
400	0.050797	-8462.41
401	0.050797	-8423.01
402	0.050797	-8421.72
403	0.050797	-8444.56
404	0.050797	-8467.83
405	0.050797	-8504.55
406	0.050797	-8464.83
407	0.050797	-8436.27
408	0.050797	-8428.89
409	0.050797	-8463.74
410	0.050797	-8534.33
411	0.050797	-8470.96
412	0.050797	-8453.79
413	0.050797	-8447.83
414	0.050797	-8435.7
415	0.050797	-8382.23
416	0.050797	-8416.72
417	0.050797	-8513.66
418	0.050797	-8522.19
419	0.050797	-8371.84
420	0.050797	-8468.42
421	0.050797	-8353.62
422	0.050797	-8417.53
423	0.050797	-8519.32
424	0.050797	-8450.36
425	0.050797	-8514
426	0.050797	-8440.12
427	0.050797	-8490.13
428	0.050797	-8330.38
429	0.050797	-8491.38
430	0.050797	-8478.53
431	0.050797	-8524.12
432	0.050797	-8589.03
433	0.050797	-8469.28
434	0.050797	-8403.28
435	0.050797	-8528.53
436	0.050797	-8468.02
437	0.050797	-8486.35
438	0.050797	-8504.81
439	0.050797	-8537.23
440	0.050797	-8500.83
441	0.050797	-8526.92
442	0.050797	-8468.76
443	0.050797	-8400.28
444	0.050797	-8334.1
445	0.050797	-8318.9
446	0.050797	-8406.8
447	0.050797	-8389.72
448	0.050797	-8463.31
449	0.050797	-8367.24
450	0.050797	-8346.32
451	0.050797	-8394.02
452	0.050797	-8502.18
453	0.050797	-8422.52
454	0.050797	-8492.2
455	0.050797	-8428.73
456	0.050797	-8419.43
457	0.050797	-8455.83
458	0.050797	-8477.57
459	0.050797	-8516.98
460	0.050797	-8468.37
461	0.050797	-8507.81
462	0.050797	-8496.41
463	0.050797	-8539.99
464	0.050797	-8351.45
465	0.050797	-8395.32
466	0.050797	-8419
467	0.050797	-8381.26
468	0.050797	-8441.06
469	0.050797	-8645.51
470	0.050797	-8541.93
471	0.050797	-8464.95
472	0.050797	-8477.11
473	0.050797	-8563.82
474	0.050797	-8611.62
475	0.050797	-8485.99
476	0.050797	-8592.5
477	0.050797	-8573.25
478	0.050797	-8475.47
479	0.050797	-8521
480	0.050797	-8539.18
481	0.050797	-8421.32
482	0.050797	-8446.43
483	0.050797	-8429.72
484	0.050797	-8430.79
485	0.050797	-8423.55
486	0.050797	-8418.01
487	0.050797	-8371.06
488	0.050797	-8372.48
489	0.050797	-8331.78
490	0.050797	-8367.02
491	0.050797	-8333.19
492	0.050797	-8439.4
493	0.050797	-8411.52
494	0.050797	-8414.08
495	0.050797	-8445.87
496	0.050797	-8594.95
497	0.050797	-8448.24
498	0.050797	-8416.38
499	0.050797	-8372.35
500	0.050797	-8460.91
501	0.050797	-8412.05
502	0.050797	-8452.98
503	0.050797	-8399.9
504	0.050797	-8419.34
505	0.050797	-8356.41
506	0.050797	-8424.16
507	0.050797	-8315.92
508	0.050797	-8346.33
509	0.050797	-8376.91
510	0.050797	-8329.59
511	0.050797	-8356.71
512	0.050797	-8325.81
513	0.050797	-8455.28
514	0.050797	-8398.11
515	0.050797	-8347.64
516	0.050797	-8445.7
517	0.050797	-8517.73
518	0.050797	-8484.71
519	0.050797	-8402.91
520	0.050797	-8398.12
521	0.050797	-8322.83
522	0.050797	-8426.48
523	0.050797	-8470.56
524	0.050797	-8433.59
525	0.050797	-8402.72
526	0.050797	-8330.3
527	0.050797	-8452.9
528	0.050797	-8432.36
529	0.050797	-8456.65
530	0.050797	-8443.78
531	0.050797	-8437.89
532	0.050797	-8563.99
533	0.050797	-8549.22
534	0.050797	-8471.6
535	0.050797	-8427.58
536	0.050797	-8378.91
537	0.050797	-8422.61
538	0.050797	-8486.89
539	0.050797	-8583.33
540	0.050797	-8541.59
541	0.050797	-8545.19
542	0.050797	-8404.31
543	0.050797	-8457.68
544	0.050797	-8408.73
545	0.050797	-8459.54
546	0.050797	-8483.36
547	0.050797	-8436.38
548	0.050797	-8372.7
549	0.050797	-8368.32
550	0.050797	-8410.09
551	0.050797	-8481.25
552	0.050797	-8470.17
553	0.050797	-8502.99
554	0.050797	-8563.61
555	0.050797	-8496.78
556	0.050797	-8539.82
557	0.050797	-8430.81
558	0.050797	-8327.71
559	0.050797	-8302.82
560	0.050797	-8473.91
561	0.050797	-8386.71
562	0.050797	-8386.69
563	0.050797	-8431.59
564	0.050797	-8480.87
565	0.050797	-8502.43
566	0.050797	-8615.35
567	0.050797	-8550.99
568	0.050797	-8541.6
569	0.050797	-8495.74
570	0.050797	-8449.3
571	0.050797	-8440.57
572	0.050797	-8585.09
573	0.050797	-8345.46
574	0.050797	-8360.96
575	0.050797	-8349.63
576	0.050797	-8426.87
577	0.050797	-8489.22
578	0.050797	-8416.92
579	0.050797	-8440.49
580	0.050797	-8457.5
581	0.050797	-8502.46
582	0.050797	-8410.58
583	0.050797	-8453.25
584	0.050797	-8424.27
585	0.050797	-8523.33
586	0.050797	-8500.58
587	0.050797	-8445.92
588	0.050797	-8491.87
589	0.050797	-8448.86
590	0.050797	-8378.94
591	0.050797	-8484.7
592	0.050797	-8463.66
593	0.050797	-8523.46
594	0.050797	-8440.5
595	0.050797	-8464.71
596	0.050797	-8424.82
597	0.050797	-8424.14
598	0.050797	-8437.85
599	0.050797	-8404.15
600	0.050797	-8460.22
601	0.050797	-8420.17
602	0.050797	-8470.61
603	0.050797	-8457.55
604	0.050797	-8392.01
605	0.050797	-8349.15
606	0.050797	-8334.91
607	0.050797	-8376.12
608	0.050797	-8445.78
609	0.050797	-8334.08
610	0.050797	-8321.77
611	0.050797	-8346.5
612	0.050797	-8305.99
613	0.050797	-8326.83
614	0.050797	-8316.57
615	0.050797	-8320.67
616	0.050797	-8319.08
617	0.050797	-8306.91
618	0.050797	-8354.22
619	0.050797	-8431.51
620	0.050797	-8397.74
621	0.050797	-8484.64
622	0.050797	-8510.4
623	0.050797	-8414.38
624	0.050797	-8392.25
625	0.050797	-8363.83
626	0.050797	-8339.93
627	0.050797	-8404.05
628	0.050797	-8501.86
629	0.050797	-8496.28
630	0.050797	-8492.89
631	0.050797	-8509.9
632	0.050797	-8575.34
633	0.050797	-8454.92
634	0.050797	-8394.21
635	0.050797	-8462.24
636	0.050797	-8356.97
637	0.050797	-8397.22
638	0.050797	-8401.67
639	0.050797	-8395.42
640	0.050797	-8474.29
641	0.050797	-8434.66
642	0.050797	-8451.33
643	0.050797	-8435.01
644	0.050797	-8379.05
645	0.050797	-8399.52
646	0.050797	-8438.91
647	0.050797	-8442.71
648	0.050797	-8367.4
649	0.050797	-8381.97
650	0.050797	-8550.1
651	0.050797	-8430.29
652	0.050797	-8399.17
653	0.050797	-8341.26
654	0.050797	-8451.71
655	0.050797	-8450.38
656	0.050797	-8447.59
657	0.050797	-8401.66
658	0.050797	-8437.09
659	0.050797	-8398.4
660	0.050797	-8415.62
661	0.050797	-8424.59
662	0.050797	-8413.01
663	0.050797	-8470.15
664	0.050797	-8547.41
665	0.050797	-8466.77
666	0.050797	-8468.72
667	0.050797	-8520.04
668	0.050797	-8520.69
669	0.050797	-8375.52
670	0.050797	-8433.67
671	0.050797	-8460.85
672	0.050797	-8441.66
673	0.050797	-8472.16
674	0.050797	-8470.03
675	0.050797	-8470.16
676	0.050797	-8494.51
677	0.050797	-8429.17
678	0.050797	-8447.05
679	0.050797	-8419.22
680	0.050797	-8420.49
681	0.050797	-8373.82
682	0.050797	-8377.15
683	0.050797	-8367.45
684	0.050797	-8457.42
685	0.050797	-8358.86
686	0.050797	-8395.73
687	0.050797	-8441.84
688	0.050797	-8442.17
689	0.050797	-8514.5
690	0.050797	-8549.28
691	0.050797	-8474.57
692	0.050797	-8440.41
693	0.050797	-8526.98
694	0.050797	-8510.78
695	0.050797	-8394.94
696	0.050797	-8332.3
697	0.050797	-8394.62
698	0.050797	-8446.25
699	0.050797	-8441.19
700	0.050797	-8397.15
701	0.050797	-8415.07
702	0.050797	-8466.66
703	0.050797	-8407.51
704	0.050797	-8387.26
705	0.050797	-8324.08
706	0.050797	-8410.96
707	0.050797	-8457.06
708	0.050797	-8445.02
709	0.050797	-8417.68
710	0.050797	-8354.05
711	0.050797	-8373.23
712	0.050797	-8531.16
713	0.050797	-8428.46
714	0.050797	-8443.74
715	0.050797	-8478.87
716	0.050797	-8605.74
717	0.050797	-8501.52
718	0.050797	-8469.29
719	0.050797	-8440.56
720	0.050797	-8417.88
721	0.050797	-8496.64
722	0.050797	-8386.01
723	0.050797	-8410.82
724	0.050797	-8416.28
725	0.050797	-8400.79
726	0.050797	-8387.32
727	0.050797	-8461.42
728	0.050797	-8477.96
729	0.050797	-8568.98
730	0.050797	-8503.14
731	0.050797	-8517.89
732	0.050797	-8453.16
733	0.050797	-8502.77
734	0.050797	-8443.94
735	0.050797	-8579.1
736	0.050797	-8612.56
737	0.050797	-8568.82
738	0.050797	-8501.07
739	0.050797	-8356.36
740	0.050797	-8354.71
741	0.050797	-8358.59
742	0.050797	-8566.27
743	0.050797	-8435.95
744	0.050797	-8321.44
745	0.050797	-8481.34
746	0.050797	-8489.19
747	0.050797	-8435.18
748	0.050797	-8398.34
749	0.050797	-8433.75
750	0.050797	-8582.26
751	0.050797	-8504.49
752	0.050797	-8440.12
753	0.050797	-8432.19
754	0.050797	-8362.45
755	0.050797	-8351.36
756	0.050797	-8354.56
757	0.050797	-8369.58
758	0.050797	-8395.93
759	0.050797	-8502.85
760	0.050797	-8465.49
761	0.050797	-8507.76
762	0.050797	-8526.55
763	0.050797	-8454.51
764	0.050797	-8452.37
765	0.050797	-8520
766	0.050797	-8480.71
767	0.050797	-8405.73
768	0.050797	-8393.33
769	0.050797	-8575.51
770	0.050797	-8548.37
771	0.050797	-8560.06
772	0.050797	-8535.63
773	0.050797	-8421.69
774	0.050797	-8339.62
775	0.050797	-8363.4
776	0.050797	-8371
777	0.050797	-8288.57
778	0.050797	-8486.38
779	0.050797	-8521
780	0.050797	-8444.85
781	0.050797	-8404.35
782	0.050797	-8441.06
783	0.050797	-8354.16
784	0.050797	-8310.22
785	0.050797	-8342.07
786	0.050797	-8445.63
787	0.050797	-8464.43
788	0.050797	-8448.4
789	0.050797	-8374.87
790	0.050797	-8474.7
791	0.050797	-8424.27
792	0.050797	-8567.4
793	0.050797	-8437.24
794	0.050797	-8402.47
795	0.050797	-8443.57
796	0.050797	-8540.84
797	0.050797	-8599.06
798	0.050797	-8585.82
799	0.050797	-8569.96
800	0.050797	-8616.08
801	0.050797	-8571.52
802	0.050797	-8506.09
803	0.050797	-8399.4
804	0.050797	-8454.49
805	0.050797	-8572.3
806	0.050797	-8492.52
807	0.050797	-8554.83
808	0.050797	-8382.03
809	0.050797	-8533.09
810	0.050797	-8384.22
811	0.050797	-8454.93
812	0.050797	-8480.3
813	0.050797	-8289.72
814	0.050797	-8410.72
815	0.050797	-8336.34
816	0.050797	-8423.99
817	0.050797	-8390.15
818	0.050797	-8469.76
819	0.050797	-8464.24
820	0.050797	-8453.91
821	0.050797	-8441.48
822	0.050797	-8410.09
823	0.050797	-8411.4
824	0.050797	-8401.1
825	0.050797	-8474.5
826	0.050797	-8443.94
827	0.050797	-8493.35
828	0.050797	-8479.88
829	0.050797	-8503.42
830	0.050797	-8598.33
831	0.050797	-8382.18
832	0.050797	-8377.29
833	0.050797	-8440.45
834	0.050797	-8496.13
835	0.050797	-8507.24
836	0.050797	-8463.09
837	0.050797	-8390.84
838	0.050797	-8462.87
839	0.050797	-8386.5
840	0.050797	-8388.22
841	0.050797	-8369.94
842	0.050797	-8329.25
843	0.050797	-8404.24
844	0.050797	-8446.01
845	0.050797	-8429.69
846	0.050797	-8542.58
847	0.050797	-8416.73
848	0.050797	-8451.63
849	0.050797	-8390.62
850	0.050797	-8394.28
851	0.050797	-8393.51
852	0.050797	-8472.57
853	0.050797	-8499.45
854	0.050797	-8595.48
855	0.050797	-8517.12
856	0.050797	-8465.7
857	0.050797	-8360.03
858	0.050797	-8499.24
859	0.050797	-8545.58
860	0.050797	-8387.27
861	0.050797	-8496.81
862	0.050797	-8372.99
863	0.050797	-8410.24
864	0.050797	-8400.99
865	0.050797	-8447.72
866	0.050797	-8457.51
867	0.050797	-8506.39
868	0.050797	-8518
869	0.050797	-8496.18
870	0.050797	-8552.68
871	0.050797	-8534.45
872	0.050797	-8574.21
873	0.050797	-8585.75
874	0.050797	-8461.93
875	0.050797	-8584.72
876	0.050797	-8563.19
877	0.050797	-8625.83
878	0.050797	-8557.28
879	0.050797	-8475.18
880	0.050797	-8481.24
881	0.050797	-8512.38
882	0.050797	-8484.35
883	0.050797	-8641.3
884	0.050797	-8557.23
885	0.050797	-8447.25
886	0.050797	-8372.27
887	0.050797	-8391.18
888	0.050797	-8357.66
889	0.050797	-8427.58
890	0.050797	-8352.07
891	0.050797	-8364.77
892	0.050797	-8353.7
893	0.050797	-8372.64
894	0.050797	-8371.39
895	0.050797	-8370.46
896	0.050797	-8419.1
897	0.050797	-8399.06
898	0.050797	-8450.87
899	0.050797	-8442.16
900	0.050797	-8490.16
901	0.050797	-8388.56
902	0.050797	-8434.1
903	0.050797	-8438.84
904	0.050797	-8508.39
905	0.050797	-8530.24
906	0.050797	-8468.87
907	0.050797	-8509.22
908	0.050797	-8432.17
909	0.050797	-8473.95
910	0.050797	-8400.4
911	0.050797	-8459.72
912	0.050797	-8511.34
913	0.050797	-8445.76
914	0.050797	-8567.57
915	0.050797	-8570.03
916	0.050797	-8567.72
917	0.050797	-8640.28
918	0.050797	-8377.58
919	0.050797	-8427.02
920	0.050797	-8402.55
921	0.050797	-8425.78
922	0.050797	-8420.08
923	0.050797	-8436.51
924	0.050797	-8386.03
925	0.050797	-8417.35
926	0.050797	-8389.49
927	0.050797	-8371.53
928	0.050797	-8405.73
929	0.050797	-8372.39
930	0.050797	-8458.7
931	0.050797	-8437.49
932	0.050797	-8335.61
933	0.050797	-8347.68
934	0.050797	-8362.97
935	0.050797	-8402.61
936	0.050797	-8504
937	0.050797	-8465.56
938	0.050797	-8546.22
939	0.050797	-8391.15
940	0.050797	-8408.52
941	0.050797	-8366.19
942	0.050797	-8408.14
943	0.050797	-8370.68
944	0.050797	-8308.51
945	0.050797	-8337.47
946	0.050797	-8412.33
947	0.050797	-8329.1
948	0.050797	-8402.82
949	0.050797	-8444.42
950	0.050797	-8469.41
951	0.050797	-8447.69
952	0.050797	-8476.55
953	0.050797	-8439.83
954	0.050797	-8426.56
955	0.050797	-8542.76
956	0.050797	-8335.74
957	0.050797	-8278.15
958	0.050797	-8334.72
959	0.050797	-8459.82
960	0.050797	-8449.81
961	0.050797	-8514.48
962	0.050797	-8533.25
963	0.050797	-8475.11
964	0.050797	-8472.79
965	0.050797	-8428.21
966	0.050797	-8519.3
967	0.050797	-8454.53
968	0.050797	-8410.22
969	0.050797	-8376.76
970	0.050797	-8379.84
971	0.050797	-8524.34
972	0.050797	-8479.56
973	0.050797	-8483.96
974	0.050797	-8598.6
975	0.050797	-8439.35
976	0.050797	-8480.47
977	0.050797	-8464.09
978	0.050797	-8417.64
979	0.050797	-8469.75
980	0.050797	-8439.84
981	0.050797	-8511.88
982	0.050797	-8520.41
983	0.050797	-8492.07
984	0.050797	-8414.14
985	0.050797	-8417.94
986	0.050797	-8405.5
987	0.050797	-8460.43
988	0.050797	-8422.81
989	0.050797	-8343.6
990	0.050797	-8451.6
991	0.050797	-8428.55
992	0.050797	-8552.74
993	0.050797	-8520.15
994	0.050797	-8363.14
995	0.050797	-8357.79
996	0.050797	-8407.08
997	0.050797	-8336.86
998	0.050797	-8377.24
999	0.050797	-8522.36
1000	0.050797	-8578.42
251	0.0420616	-8544.61
252	0.0420616	-8513.2
253	0.0420616	-8519.48
254	0.0420616	-8414.95
255	0.0420616	-8453.89
256	0.0420616	-8448.87
257	0.0420616	-8504.6
258	0.0420616	-8507.05
259	0.0420616	-8395.74
260	0.0420616	-8332.04
261	0.0420616	-8423.14
262	0.0420616	-8479.48
263	0.0420616	-8502.14
264	0.0420616	-8577.37
265	0.0420616	-8522.95
266	0.0420616	-8475.38
267	0.0420616	-8429.18
268	0.0420616	-8556.99
269	0.0420616	-8717.54
270	0.0420616	-8697.56
271	0.0420616	-8541.69
272	0.0420616	-8807.49
273	0.0420616	-8633.76
274	0.0420616	-8519.23
275	0.0420616	-8390.22
276	0.0420616	-8427.26
277	0.0420616	-8444.95
278	0.0420616	-8435.5
279	0.0420616	-8563.86
280	0.0420616	-8532.46
281	0.0420616	-8565.24
282	0.0420616	-8536.23
283	0.0420616	-8501.22
284	0.0420616	-8481.2
285	0.0420616	-8451.74
286	0.0420616	-8569.58
287	0.0420616	-8439.55
288	0.0420616	-8454
289	0.0420616	-8574.31
290	0.0420616	-8510.28
291	0.0420616	-8600.66
292	0.0420616	-8621.02
293	0.0420616	-8589.84
294	0.0420616	-8467.32
295	0.0420616	-8474.91
296	0.0420616	-8369.25
297	0.0420616	-8463.85
298	0.0420616	-8459.45
299	0.0420616	-8539.25
300	0.0420616	-8524.02
301	0.0420616	-8608.64
302	0.0420616	-8487.1
303	0.0420616	-8439.73
304	0.0420616	-8400.85
305	0.0420616	-8537.59
306	0.0420616	-8509.83
307	0.0420616	-8462.87
308	0.0420616	-8464.68
309	0.0420616	-8406.64
310	0.0420616	-8402.23
311	0.0420616	-8464.77
312	0.0420616	-8685.17
313	0.0420616	-8520.16
314	0.0420616	-8508.74
315	0.0420616	-8415.84
316	0.0420616	-8519.76
317	0.0420616	-8533.76
318	0.0420616	-8555.81
319	0.0420616	-8557.9
320	0.0420616	-8444.92
321	0.0420616	-8507.76
322	0.0420616	-8485.82
323	0.0420616	-8507.85
324	0.0420616	-8489.52
325	0.0420616	-8502.3
326	0.0420616	-8604.17
327	0.0420616	-8389.29
328	0.0420616	-8509.26
329	0.0420616	-8528.15
330	0.0420616	-8427.02
331	0.0420616	-8450.91
332	0.0420616	-8540.89
333	0.0420616	-8440.44
334	0.0420616	-8450.46
335	0.0420616	-8470.45
336	0.0420616	-8556.33
337	0.0420616	-8549.56
338	0.0420616	-8462.68
339	0.0420616	-8458.08
340	0.0420616	-8518.2
341	0.0420616	-8403.97
342	0.0420616	-8486.92
343	0.0420616	-8468.2
344	0.0420616	-8698.16
345	0.0420616	-8772.68
346	0.0420616	-8781.31
347	0.0420616	-8644.93
348	0.0420616	-8643.91
349	0.0420616	-8681.79
350	0.0420616	-8623.05
351	0.0420616	-8406.62
352	0.0420616	-8404.34
353	0.0420616	-8541.44
354	0.0420616	-8581.14
355	0.0420616	-8603.49
356	0.0420616	-8693.06
357	0.0420616	-8578.39
358	0.0420616	-8575.56
359	0.0420616	-8530.81
360	0.0420616	-8606.62
361	0.0420616	-8568.13
362	0.0420616	-8467.16
363	0.0420616	-8485.67
364	0.0420616	-8520.67
365	0.0420616	-8498.58
366	0.0420616	-8489.69
367	0.0420616	-8459.75
368	0.0420616	-8525.7
369	0.0420616	-8536.07
370	0.0420616	-8516.62
371	0.0420616	-8451.56
372	0.0420616	-8390.4
373	0.0420616	-8398.1
374	0.0420616	-8405.82
375	0.0420616	-8477.52
376	0.0420616	-8589.65
377	0.0420616	-8541.22
378	0.0420616	-8480.19
379	0.0420616	-8469.31
380	0.0420616	-8408.43
381	0.0420616	-8466.28
382	0.0420616	-8446.18
383	0.0420616	-8507.77
384	0.0420616	-8595.22
385	0.0420616	-8696.95
386	0.0420616	-8494.29
387	0.0420616	-8612.03
388	0.0420616	-8511.62
389	0.0420616	-8496.85
390	0.0420616	-8505.31
391	0.0420616	-8642.48
392	0.0420616	-8558.85
393	0.0420616	-8487.3
394	0.0420616	-8540.26
395	0.0420616	-8512.16
396	0.0420616	-8426.54
397	0.0420616	-8353.41
398	0.0420616	-8451.5
399	0.0420616	-8560.26
400	0.0420616	-8578.1
401	0.0420616	-8788.14
402	0.0420616	-8792.73
403	0.0420616	-8551.39
404	0.0420616	-8470.77
405	0.0420616	-8585.08
406	0.0420616	-8552.41
407	0.0420616	-8532.38
408	0.0420616	-8590.87
409	0.0420616	-8409.75
410	0.0420616	-8571.26
411	0.0420616	-8653.42
412	0.0420616	-8563.73
413	0.0420616	-8676.25
414	0.0420616	-8622.62
415	0.0420616	-8645.4
416	0.0420616	-8567.68
417	0.0420616	-8436.86
418	0.0420616	-8453.68
419	0.0420616	-8495.06
420	0.0420616	-8457.97
421	0.0420616	-8479.41
422	0.0420616	-8455.47
423	0.0420616	-8456.05
424	0.0420616	-8501.26
425	0.0420616	-8652.8
426	0.0420616	-8500.01
427	0.0420616	-8597.33
428	0.0420616	-8431.1
429	0.0420616	-8404.62
430	0.0420616	-8478.58
431	0.0420616	-8455.92
432	0.0420616	-8485.25
433	0.0420616	-8491.52
434	0.0420616	-8483.03
435	0.0420616	-8406.17
436	0.0420616	-8577.86
437	0.0420616	-8615.93
438	0.0420616	-8623.89
439	0.0420616	-8673.84
440	0.0420616	-8705.27
441	0.0420616	-8642.28
442	0.0420616	-8584.89
443	0.0420616	-8638.94
444	0.0420616	-8703.44
445	0.0420616	-8531.77
446	0.0420616	-8566
447	0.0420616	-8540.93
448	0.0420616	-8584.64
449	0.0420616	-8486.64
450	0.0420616	-8558.46
451	0.0420616	-8693.18
452	0.0420616	-8494.89
453	0.0420616	-8501.17
454	0.0420616	-8491.21
455	0.0420616	-8428.39
456	0.0420616	-8560.9
457	0.0420616	-8414.66
458	0.0420616	-8547.89
459	0.0420616	-8748.32
460	0.0420616	-8661.75
461	0.0420616	-8507.61
462	0.0420616	-8482.1
463	0.0420616	-8494.9
464	0.0420616	-8519.22
465	0.0420616	-8552.75
466	0.0420616	-8599.5
467	0.0420616	-8447.3
468	0.0420616	-8504.35
469	0.0420616	-8587.73
470	0.0420616	-8535.44
471	0.0420616	-8524.98
472	0.0420616	-8447.73
473	0.0420616	-8430.27
474	0.0420616	-8423.82
475	0.0420616	-8368.09
476	0.0420616	-8399.49
477	0.0420616	-8447.27
478	0.0420616	-8430.83
479	0.0420616	-8505.58
480	0.0420616	-8584.68
481	0.0420616	-8421.56
482	0.0420616	-8592.45
483	0.0420616	-8601.62
484	0.0420616	-8435.67
485	0.0420616	-8432.45
486	0.0420616	-8400.12
487	0.0420616	-8446.7
488	0.0420616	-8457.16
489	0.0420616	-8574.25
490	0.0420616	-8635.86
491	0.0420616	-8561.53
492	0.0420616	-8437.3
493	0.0420616	-8406.01
494	0.0420616	-8541.27
495	0.0420616	-8417.51
496	0.0420616	-8547.68
497	0.0420616	-8535.48
498	0.0420616	-8508.1
499	0.0420616	-8533.97
500	0.0420616	-8481.12
501	0.0420616	-8375.33
502	0.0420616	-8350.85
503	0.0420616	-8502.1
504	0.0420616	-8546.06
505	0.0420616	-8475.11
506	0.0420616	-8385.07
507	0.0420616	-8553.45
508	0.0420616	-8506.59
509	0.0420616	-8514.38
510	0.0420616	-8412.47
511	0.0420616	-8491.94
512	0.0420616	-8425.67
513	0.0420616	-8372.41
514	0.0420616	-8545.6
515	0.0420616	-8623.48
516	0.0420616	-8721.83
517	0.0420616	-8637.69
518	0.0420616	-8594.49
519	0.0420616	-8558.96
520	0.0420616	-8581.31
521	0.0420616	-8489.58
522	0.0420616	-8490.86
523	0.0420616	-8452.57
524	0.0420616	-8349.04
525	0.0420616	-8334.06
526	0.0420616	-8454.15
527	0.0420616	-8404.92
528	0.0420616	-8397.94
529	0.0420616	-8500.45
530	0.0420616	-8356.69
531	0.0420616	-8530.99
532	0.0420616	-8637.69
533	0.0420616	-8573
534	0.0420616	-8592.78
535	0.0420616	-8358.63
536	0.0420616	-8437.04
537	0.0420616	-8566.93
538	0.0420616	-8522.18
539	0.0420616	-8516.44
540	0.0420616	-8542.36
541	0.0420616	-8522.17
542	0.0420616	-8490.03
543	0.0420616	-8452.65
544	0.0420616	-8317.35
545	0.0420616	-8446.65
546	0.0420616	-8493.95
547	0.0420616	-8382.29
548	0.0420616	-8363.02
549	0.0420616	-8511.28
550	0.0420616	-8589.29
551	0.0420616	-8579.24
552	0.0420616	-8498.14
553	0.0420616	-8440.68
554	0.0420616	-8598.49
555	0.0420616	-8466.18
556	0.0420616	-8492.48
557	0.0420616	-8542.92
558	0.0420616	-8468.62
559	0.0420616	-8303.63
560	0.0420616	-8297.33
561	0.0420616	-8506.23
562	0.0420616	-8537.69
563	0.0420616	-8420.87
564	0.0420616	-8421.01
565	0.0420616	-8413.86
566	0.0420616	-8458.48
567	0.0420616	-8515.09
568	0.0420616	-8476.06
569	0.0420616	-8454.25
570	0.0420616	-8527.56
571	0.0420616	-8558.66
572	0.0420616	-8563
573	0.0420616	-8505.38
574	0.0420616	-8478.23
575	0.0420616	-8558.08
576	0.0420616	-8520.09
577	0.0420616	-8429.76
578	0.0420616	-8463.37
579	0.0420616	-8402.48
580	0.0420616	-8434.08
581	0.0420616	-8390.84
582	0.0420616	-8557.32
583	0.0420616	-8490.71
584	0.0420616	-8427.19
585	0.0420616	-8363.02
586	0.0420616	-8510.36
587	0.0420616	-8391.34
588	0.0420616	-8466.61
589	0.0420616	-8411.71
590	0.0420616	-8475.86
591	0.0420616	-8546.95
592	0.0420616	-8440.25
593	0.0420616	-8395.65
594	0.0420616	-8422.99
595	0.0420616	-8642.65
596	0.0420616	-8559.07
597	0.0420616	-8529.25
598	0.0420616	-8526.17
599	0.0420616	-8558.16
600	0.0420616	-8438.3
601	0.0420616	-8418.1
602	0.0420616	-8512.09
603	0.0420616	-8414.52
604	0.0420616	-8548.67
605	0.0420616	-8563.8
606	0.0420616	-8663.31
607	0.0420616	-8631.14
608	0.0420616	-8654.12
609	0.0420616	-8739.72
610	0.0420616	-8591.82
611	0.0420616	-8604.4
612	0.0420616	-8541.06
613	0.0420616	-8594.32
614	0.0420616	-8463.84
615	0.0420616	-8540.24
616	0.0420616	-8380.61
617	0.0420616	-8469.58
618	0.0420616	-8662.61
619	0.0420616	-8540.9
620	0.0420616	-8569.09
621	0.0420616	-8577.87
622	0.0420616	-8685.29
623	0.0420616	-8611.47
624	0.0420616	-8659.74
625	0.0420616	-8705.45
626	0.0420616	-8649.84
627	0.0420616	-8624.46
628	0.0420616	-8654.71
629	0.0420616	-8505.91
630	0.0420616	-8435.02
631	0.0420616	-8474.88
632	0.0420616	-8603.49
633	0.0420616	-8468.68
634	0.0420616	-8564.95
635	0.0420616	-8366.29
636	0.0420616	-8462.72
637	0.0420616	-8456.71
638	0.0420616	-8452.77
639	0.0420616	-8366.89
640	0.0420616	-8507.71
641	0.0420616	-8402.81
642	0.0420616	-8402.73
643	0.0420616	-8459.72
644	0.0420616	-8412.19
645	0.0420616	-8465.82
646	0.0420616	-8452.78
647	0.0420616	-8393.47
648	0.0420616	-8411.69
649	0.0420616	-8465.01
650	0.0420616	-8527.37
651	0.0420616	-8422.91
652	0.0420616	-8440.25
653	0.0420616	-8497.63
654	0.0420616	-8624.42
655	0.0420616	-8519.61
656	0.0420616	-8484.85
657	0.0420616	-8428.74
658	0.0420616	-8532.87
659	0.0420616	-8572.51
660	0.0420616	-8586.44
661	0.0420616	-8500.36
662	0.0420616	-8523.84
663	0.0420616	-8520.74
664	0.0420616	-8597.41
665	0.0420616	-8506.82
666	0.0420616	-8480.84
667	0.0420616	-8550.12
668	0.0420616	-8561.15
669	0.0420616	-8495.95
670	0.0420616	-8431.48
671	0.0420616	-8484.66
672	0.0420616	-8497.46
673	0.0420616	-8452.83
674	0.0420616	-8629.2
675	0.0420616	-8541.76
676	0.0420616	-8532.02
677	0.0420616	-8501.24
678	0.0420616	-8543.45
679	0.0420616	-8683.38
680	0.0420616	-8479.18
681	0.0420616	-8531
682	0.0420616	-8394.02
683	0.0420616	-8519.09
684	0.0420616	-8555.72
685	0.0420616	-8530.65
686	0.0420616	-8456.7
687	0.0420616	-8354.68
688	0.0420616	-8506.95
689	0.0420616	-8467.74
690	0.0420616	-8501.68
691	0.0420616	-8548.12
692	0.0420616	-8370.78
693	0.0420616	-8405.71
694	0.0420616	-8449.41
695	0.0420616	-8559.75
696	0.0420616	-8411.82
697	0.0420616	-8470.22
698	0.0420616	-8660.02
699	0.0420616	-8575.97
700	0.0420616	-8479.83
701	0.0420616	-8597
702	0.0420616	-8531.84
703	0.0420616	-8490.26
704	0.0420616	-8508.03
705	0.0420616	-8526.1
706	0.0420616	-8440.15
707	0.0420616	-8556.59
708	0.0420616	-8579.56
709	0.0420616	-8420.74
710	0.0420616	-8471.88
711	0.0420616	-8457.29
712	0.0420616	-8513.67
713	0.0420616	-8534.87
714	0.0420616	-8580.65
715	0.0420616	-8459.1
716	0.0420616	-8553.91
717	0.0420616	-8415.01
718	0.0420616	-8456.78
719	0.0420616	-8531.57
720	0.0420616	-8531.21
721	0.0420616	-8461.65
722	0.0420616	-8559.02
723	0.0420616	-8518.25
724	0.0420616	-8723.38
725	0.0420616	-8560.54
726	0.0420616	-8551.36
727	0.0420616	-8447.66
728	0.0420616	-8428.35
729	0.0420616	-8497.06
730	0.0420616	-8348.94
731	0.0420616	-8447.02
732	0.0420616	-8535.53
733	0.0420616	-8560.67
734	0.0420616	-8489.77
735	0.0420616	-8511.53
736	0.0420616	-8504.18
737	0.0420616	-8503.55
738	0.0420616	-8595.5
739	0.0420616	-8440.36
740	0.0420616	-8370.69
741	0.0420616	-8424.99
742	0.0420616	-8546.73
743	0.0420616	-8584.96
744	0.0420616	-8324.01
745	0.0420616	-8519.36
746	0.0420616	-8557.95
747	0.0420616	-8571.2
748	0.0420616	-8539.35
749	0.0420616	-8484.97
750	0.0420616	-8376.46
751	0.0420616	-8405.71
752	0.0420616	-8424.98
753	0.0420616	-8605.9
754	0.0420616	-8540.22
755	0.0420616	-8540.58
756	0.0420616	-8397.22
757	0.0420616	-8454.81
758	0.0420616	-8423.2
759	0.0420616	-8465.55
760	0.0420616	-8432.47
761	0.0420616	-8397.6
762	0.0420616	-8429.78
763	0.0420616	-8460.95
764	0.0420616	-8490.63
765	0.0420616	-8443.85
766	0.0420616	-8419.69
767	0.0420616	-8363.66
768	0.0420616	-8355.64
769	0.0420616	-8343.49
770	0.0420616	-8358.5
771	0.0420616	-8429.73
772	0.0420616	-8530.73
773	0.0420616	-8473.23
774	0.0420616	-8384.91
775	0.0420616	-8463.23
776	0.0420616	-8693.44
777	0.0420616	-8581.68
778	0.0420616	-8725.04
779	0.0420616	-8635.9
780	0.0420616	-8769.12
781	0.0420616	-8503.76
782	0.0420616	-8443.8
783	0.0420616	-8489.87
784	0.0420616	-8537.74
785	0.0420616	-8501.06
786	0.0420616	-8613.47
787	0.0420616	-8468.15
788	0.0420616	-8410.44
789	0.0420616	-8406.37
790	0.0420616	-8404.67
791	0.0420616	-8484.26
792	0.0420616	-8588.9
793	0.0420616	-8758.09
794	0.0420616	-8501.99
795	0.0420616	-8467.37
796	0.0420616	-8480
797	0.0420616	-8406.16
798	0.0420616	-8405.78
799	0.0420616	-8496.4
800	0.0420616	-8485.41
801	0.0420616	-8459.6
802	0.0420616	-8442.89
803	0.0420616	-8537.51
804	0.0420616	-8562.26
805	0.0420616	-8535.46
806	0.0420616	-8601.32
807	0.0420616	-8460.49
808	0.0420616	-8524.11
809	0.0420616	-8515.38
810	0.0420616	-8506.03
811	0.0420616	-8513.67
812	0.0420616	-8537.48
813	0.0420616	-8545.54
814	0.0420616	-8514.29
815	0.0420616	-8439.81
816	0.0420616	-8530.19
817	0.0420616	-8486.57
818	0.0420616	-8477.08
819	0.0420616	-8464.98
820	0.0420616	-8405.24
821	0.0420616	-8419.22
822	0.0420616	-8610.73
823	0.0420616	-8576.21
824	0.0420616	-8609.49
825	0.0420616	-8714.19
826	0.0420616	-8570.09
827	0.0420616	-8639.19
828	0.0420616	-8591.47
829	0.0420616	-8630.06
830	0.0420616	-8594.31
831	0.0420616	-8643.04
832	0.0420616	-8750.77
833	0.0420616	-8457.19
834	0.0420616	-8491.66
835	0.0420616	-8409.21
836	0.0420616	-8443.66
837	0.0420616	-8491.73
838	0.0420616	-8565.42
839	0.0420616	-8623.15
840	0.0420616	-8674.84
841	0.0420616	-8638.58
842	0.0420616	-8523.1
843	0.0420616	-8435.38
844	0.0420616	-8502.49
845	0.0420616	-8437.31
846	0.0420616	-8401.82
847	0.0420616	-8530.2
848	0.0420616	-8463.43
849	0.0420616	-8483.37
850	0.0420616	-8368.63
851	0.0420616	-8532.92
852	0.0420616	-8367.92
853	0.0420616	-8400.3
854	0.0420616	-8425.35
855	0.0420616	-8416.86
856	0.0420616	-8456.03
857	0.0420616	-8403.88
858	0.0420616	-8386.39
859	0.0420616	-8455.85
860	0.0420616	-8498.22
861	0.0420616	-8474.58
862	0.0420616	-8519.34
863	0.0420616	-8498.47
864	0.0420616	-8519.11
865	0.0420616	-8473.38
866	0.0420616	-8449.23
867	0.0420616	-8459.78
868	0.0420616	-8500.4
869	0.0420616	-8401.54
870	0.0420616	-8505.72
871	0.0420616	-8510.87
872	0.0420616	-8595.89
873	0.0420616	-8479.61
874	0.0420616	-8445.69
875	0.0420616	-8479.15
876	0.0420616	-8560.24
877	0.0420616	-8448.48
878	0.0420616	-8470.76
879	0.0420616	-8403.45
880	0.0420616	-8459.25
881	0.0420616	-8375.86
882	0.0420616	-8409.1
883	0.0420616	-8531.39
884	0.0420616	-8593.54
885	0.0420616	-8478.38
886	0.0420616	-8588
887	0.0420616	-8594.21
888	0.0420616	-8501.53
889	0.0420616	-8403.11
890	0.0420616	-8444.35
891	0.0420616	-8462.38
892	0.0420616	-8495.86
893	0.0420616	-8515.3
894	0.0420616	-8514.63
895	0.0420616	-8416.56
896	0.0420616	-8609.56
897	0.0420616	-8622.51
898	0.0420616	-8600.33
899	0.0420616	-8525.73
900	0.0420616	-8575.74
901	0.0420616	-8468.66
902	0.0420616	-8643.16
903	0.0420616	-8392.38
904	0.0420616	-8495.32
905	0.0420616	-8567.8
906	0.0420616	-8633.41
907	0.0420616	-8701.5
908	0.0420616	-8640.8
909	0.0420616	-8629.98
910	0.0420616	-8532.83
911	0.0420616	-8463.97
912	0.0420616	-8427.52
913	0.0420616	-8418.08
914	0.0420616	-8432.71
915	0.0420616	-8414.54
916	0.0420616	-8572.7
917	0.0420616	-8637.29
918	0.0420616	-8564.5
919	0.0420616	-8311.84
920	0.0420616	-8364.55
921	0.0420616	-8446.8
922	0.0420616	-8544.25
923	0.0420616	-8508.86
924	0.0420616	-8485.83
925	0.0420616	-8472.1
926	0.0420616	-8361.26
927	0.0420616	-8400.34
928	0.0420616	-8435.43
929	0.0420616	-8459.58
930	0.0420616	-8619.39
931	0.0420616	-8662.72
932	0.0420616	-8699.47
933	0.0420616	-8708.52
934	0.0420616	-8710.43
935	0.0420616	-8601.58
936	0.0420616	-8490.81
937	0.0420616	-8615.73
938	0.0420616	-8574.47
939	0.0420616	-8522.02
940	0.0420616	-8526.48
941	0.0420616	-8635.6
942	0.0420616	-8625.86
943	0.0420616	-8551.37
944	0.0420616	-8572.12
945	0.0420616	-8465.22
946	0.0420616	-8406.88
947	0.0420616	-8391.57
948	0.0420616	-8445.96
949	0.0420616	-8624.73
950	0.0420616	-8706.44
951	0.0420616	-8536.22
952	0.0420616	-8480.56
953	0.0420616	-8543.69
954	0.0420616	-8548.08
955	0.0420616	-8525.68
956	0.0420616	-8447.8
957	0.0420616	-8589.14
958	0.0420616	-8594.11
959	0.0420616	-8529.24
960	0.0420616	-8429.06
961	0.0420616	-8485.47
962	0.0420616	-8437.07
963	0.0420616	-8401.92
964	0.0420616	-8439.63
965	0.0420616	-8526.15
966	0.0420616	-8426.09
967	0.0420616	-8600.85
968	0.0420616	-8521.91
969	0.0420616	-8504.67
970	0.0420616	-8533.07
971	0.0420616	-8663.53
972	0.0420616	-8509.21
973	0.0420616	-8560.86
974	0.0420616	-8535.92
975	0.0420616	-8708.21
976	0.0420616	-8509
977	0.0420616	-8350.59
978	0.0420616	-8544.46
979	0.0420616	-8479.58
980	0.0420616	-8501.88
981	0.0420616	-8660.49
982	0.0420616	-8646.17
983	0.0420616	-8598.74
984	0.0420616	-8546.74
985	0.0420616	-8494.78
986	0.0420616	-8434.05
987	0.0420616	-8385
988	0.0420616	-8428.53
989	0.0420616	-8496.08
990	0.0420616	-8483.09
991	0.0420616	-8425.1
992	0.0420616	-8623.05
993	0.0420616	-8569.78
994	0.0420616	-8408.89
995	0.0420616	-8408.21
996	0.0420616	-8432.42
997	0.0420616	-8459.67
998	0.0420616	-8382.13
999	0.0420616	-8440.19
1000	0.0420616	-8355.76
251	0.0345716	-8604.77
252	0.0345716	-8649.5
253	0.0345716	-8671.4
254	0.0345716	-8581.51
255	0.0345716	-8603.33
256	0.0345716	-8605.24
257	0.0345716	-8594.34
258	0.0345716	-8532.93
259	0.0345716	-8541.01
260	0.0345716	-8572.72
261	0.0345716	-8580.07
262	0.0345716	-8536.78
263	0.0345716	-8651.07
264	0.0345716	-8541.34
265	0.0345716	-8482.65
266	0.0345716	-8618.68
267	0.0345716	-8655.96
268	0.0345716	-8582.97
269	0.0345716	-8498.76
270	0.0345716	-8458.43
271	0.0345716	-8558.07
272	0.0345716	-8507.27
273	0.0345716	-8441.3
274	0.0345716	-8436.73
275	0.0345716	-8634.01
276	0.0345716	-8620.69
277	0.0345716	-8415.1
278	0.0345716	-8418.19
279	0.0345716	-8530.41
280	0.0345716	-8434.47
281	0.0345716	-8484.46
282	0.0345716	-8557.58
283	0.0345716	-8586.74
284	0.0345716	-8670.61
285	0.0345716	-8602.9
286	0.0345716	-8661.73
287	0.0345716	-8451.99
288	0.0345716	-8537.22
289	0.0345716	-8542.27
290	0.0345716	-8593.84
291	0.0345716	-8563.01
292	0.0345716	-8523.19
293	0.0345716	-8595.95
294	0.0345716	-8576.84
295	0.0345716	-8449.46
296	0.0345716	-8602.84
297	0.0345716	-8700.62
298	0.0345716	-8779.68
299	0.0345716	-8795.91
300	0.0345716	-8559.12
301	0.0345716	-8641.51
302	0.0345716	-8548.76
303	0.0345716	-8574.39
304	0.0345716	-8687.36
305	0.0345716	-8582.79
306	0.0345716	-8549.28
307	0.0345716	-8672.18
308	0.0345716	-8471.45
309	0.0345716	-8573.34
310	0.0345716	-8571.18
311	0.0345716	-8547.4
312	0.0345716	-8396.43
313	0.0345716	-8479.17
314	0.0345716	-8481.86
315	0.0345716	-8553.32
316	0.0345716	-8544.77
317	0.0345716	-8719.01
318	0.0345716	-8675.5
319	0.0345716	-8806.59
320	0.0345716	-8775.74
321	0.0345716	-8644.52
322	0.0345716	-8583.18
323	0.0345716	-8627.62
324	0.0345716	-8599.8
325	0.0345716	-8587.8
326	0.0345716	-8564.29
327	0.0345716	-8660.71
328	0.0345716	-8690.94
329	0.0345716	-8662.45
330	0.0345716	-8654.34
331	0.0345716	-8520.21
332	0.0345716	-8523.41
333	0.0345716	-8535.82
334	0.0345716	-8409.58
335	0.0345716	-8634.33
336	0.0345716	-8544.3
337	0.0345716	-8549.27
338	0.0345716	-8623.02
339	0.0345716	-8691.57
340	0.0345716	-8629.15
341	0.0345716	-8572.64
342	0.0345716	-8499.98
343	0.0345716	-8668.31
344	0.0345716	-8502.95
345	0.0345716	-8534.06
346	0.0345716	-8440.24
347	0.0345716	-8495.01
348	0.0345716	-8559.42
349	0.0345716	-8586.95
350	0.0345716	-8482.68
351	0.0345716	-8445.64
352	0.0345716	-8607.61
353	0.0345716	-8668.28
354	0.0345716	-8881.67
355	0.0345716	-8682.35
356	0.0345716	-8672.93
357	0.0345716	-8559.5
358	0.0345716	-8605.38
359	0.0345716	-8587.46
360	0.0345716	-8673.96
361	0.0345716	-8577.95
362	0.0345716	-8559.96
363	0.0345716	-8569.97
364	0.0345716	-8843.39
365	0.0345716	-8457.31
366	0.0345716	-8579.98
367	0.0345716	-8629.13
368	0.0345716	-8518.43
369	0.0345716	-8640.23
370	0.0345716	-8643.55
371	0.0345716	-8609.92
372	0.0345716	-8589.58
373	0.0345716	-8552.12
374	0.0345716	-8711.59
375	0.0345716	-8718.69
376	0.0345716	-8607.16
377	0.0345716	-8658.8
378	0.0345716	-8699.91
379	0.0345716	-8636.99
380	0.0345716	-8817.1
381	0.0345716	-8745.73
382	0.0345716	-8653.54
383	0.0345716	-8742.33
384	0.0345716	-8672.23
385	0.0345716	-8725.73
386	0.0345716	-8723.13
387	0.0345716	-8650.32
388	0.0345716	-8464.31
389	0.0345716	-8499.17
390	0.0345716	-8536.3
391	0.0345716	-8584.34
392	0.0345716	-8562.37
393	0.0345716	-8476.65
394	0.0345716	-8507.48
395	0.0345716	-8524.27
396	0.0345716	-8543.19
397	0.0345716	-8557.88
398	0.0345716	-8626.52
399	0.0345716	-8611.58
400	0.0345716	-8533.97
401	0.0345716	-8692.28
402	0.0345716	-8809.16
403	0.0345716	-8718.04
404	0.0345716	-8536.17
405	0.0345716	-8595.94
406	0.0345716	-8595.73
407	0.0345716	-8485.26
408	0.0345716	-8567.83
409	0.0345716	-8720.48
410	0.0345716	-8621.12
411	0.0345716	-8691.22
412	0.0345716	-8600.27
413	0.0345716	-8648.33
414	0.0345716	-8537.12
415	0.0345716	-8467.98
416	0.0345716	-8484.75
417	0.0345716	-8538.69
418	0.0345716	-8477.46
419	0.0345716	-8441.77
420	0.0345716	-8607.96
421	0.0345716	-8573.95
422	0.0345716	-8654.27
423	0.0345716	-8634.99
424	0.0345716	-8718.3
425	0.0345716	-8507.72
426	0.0345716	-8462.66
427	0.0345716	-8551.97
428	0.0345716	-8590.96
429	0.0345716	-8599.55
430	0.0345716	-8652.64
431	0.0345716	-8498.28
432	0.0345716	-8493.34
433	0.0345716	-8589.57
434	0.0345716	-8581.21
435	0.0345716	-8583.03
436	0.0345716	-8754.56
437	0.0345716	-8617.75
438	0.0345716	-8769.58
439	0.0345716	-8706.58
440	0.0345716	-8663.14
441	0.0345716	-8559.17
442	0.0345716	-8484.7
443	0.0345716	-8580.66
444	0.0345716	-8609.86
445	0.0345716	-8610.16
446	0.0345716	-8706.51
447	0.0345716	-8691.48
448	0.0345716	-8598.64
449	0.0345716	-8642.31
450	0.0345716	-8620.83
451	0.0345716	-8605.6
452	0.0345716	-8454.93
453	0.0345716	-8470.78
454	0.0345716	-8435.39
455	0.0345716	-8461.74
456	0.0345716	-8516.21
457	0.0345716	-8730.6
458	0.0345716	-8588.58
459	0.0345716	-8488.06
460	0.0345716	-8575.83
461	0.0345716	-8535.4
462	0.0345716	-8465.52
463	0.0345716	-8662.72
464	0.0345716	-8649.17
465	0.0345716	-8526.89
466	0.0345716	-8604.39
467	0.0345716	-8626.82
468	0.0345716	-8571.79
469	0.0345716	-8423.65
470	0.0345716	-8534.66
471	0.0345716	-8376.49
472	0.0345716	-8400.89
473	0.0345716	-8418.46
474	0.0345716	-8442.71
475	0.0345716	-8436.07
476	0.0345716	-8455.83
477	0.0345716	-8503.77
478	0.0345716	-8564.74
479	0.0345716	-8656.47
480	0.0345716	-8712.96
481	0.0345716	-8624.78
482	0.0345716	-8563.77
483	0.0345716	-8504.13
484	0.0345716	-8598.32
485	0.0345716	-8774.65
486	0.0345716	-8781.02
487	0.0345716	-8560.89
488	0.0345716	-8444.23
489	0.0345716	-8426.37
490	0.0345716	-8494.49
491	0.0345716	-8597.2
492	0.0345716	-8429.75
493	0.0345716	-8406.03
494	0.0345716	-8449.98
495	0.0345716	-8467.83
496	0.0345716	-8493.52
497	0.0345716	-8451.45
498	0.0345716	-8558.14
499	0.0345716	-8724.25
500	0.0345716	-8638.09
501	0.0345716	-8652.65
502	0.0345716	-8512.13
503	0.0345716	-8501.76
504	0.0345716	-8507.45
505	0.0345716	-8591.52
506	0.0345716	-8470.57
507	0.0345716	-8504.17
508	0.0345716	-8484.84
509	0.0345716	-8677.41
510	0.0345716	-8539.41
511	0.0345716	-8604.53
512	0.0345716	-8702.19
513	0.0345716	-8711.31
514	0.0345716	-8592.05
515	0.0345716	-8461.98
516	0.0345716	-8533.3
517	0.0345716	-8530.42
518	0.0345716	-8440.93
519	0.0345716	-8652.17
520	0.0345716	-8701.32
521	0.0345716	-8581.93
522	0.0345716	-8622.04
523	0.0345716	-8650.6
524	0.0345716	-8712.47
525	0.0345716	-8744.45
526	0.0345716	-8496.25
527	0.0345716	-8517.04
528	0.0345716	-8479.33
529	0.0345716	-8633.83
530	0.0345716	-8662.91
531	0.0345716	-8544.24
532	0.0345716	-8608.65
533	0.0345716	-8535.94
534	0.0345716	-8650.51
535	0.0345716	-8676.82
536	0.0345716	-8713.68
537	0.0345716	-8649.42
538	0.0345716	-8475.13
539	0.0345716	-8428.28
540	0.0345716	-8406.15
541	0.0345716	-8595.11
542	0.0345716	-8567.6
543	0.0345716	-8612.92
544	0.0345716	-8575.92
545	0.0345716	-8518.51
546	0.0345716	-8548.17
547	0.0345716	-8720.31
548	0.0345716	-8663.7
549	0.0345716	-8723.32
550	0.0345716	-8526.46
551	0.0345716	-8449.8
552	0.0345716	-8574.1
553	0.0345716	-8598.67
554	0.0345716	-8546.97
555	0.0345716	-8500.44
556	0.0345716	-8609.96
557	0.0345716	-8423.56
558	0.0345716	-8506.26
559	0.0345716	-8519.5
560	0.0345716	-8557.73
561	0.0345716	-8618.82
562	0.0345716	-8435
563	0.0345716	-8492.5
564	0.0345716	-8433.47
565	0.0345716	-8406
566	0.0345716	-8528.2
567	0.0345716	-8433.79
568	0.0345716	-8521.35
569	0.0345716	-8493.74
570	0.0345716	-8491.56
571	0.0345716	-8524.41
572	0.0345716	-8503.6
573	0.0345716	-8551.24
574	0.0345716	-8574.94
575	0.0345716	-8695.69
576	0.0345716	-8577.58
577	0.0345716	-8447.76
578	0.0345716	-8543.71
579	0.0345716	-8466.97
580	0.0345716	-8637.33
581	0.0345716	-8574.5
582	0.0345716	-8571.94
583	0.0345716	-8530.47
584	0.0345716	-8446.96
585	0.0345716	-8578.51
586	0.0345716	-8470.07
587	0.0345716	-8661.2
588	0.0345716	-8411.69
589	0.0345716	-8431.05
590	0.0345716	-8533.77
591	0.0345716	-8459.77
592	0.0345716	-8561.79
593	0.0345716	-8488.05
594	0.0345716	-8407.27
595	0.0345716	-8517.7
596	0.0345716	-8558.18
597	0.0345716	-8551.35
598	0.0345716	-8459.17
599	0.0345716	-8690.49
600	0.0345716	-8659.01
601	0.0345716	-8505.07
602	0.0345716	-8488.28
603	0.0345716	-8379.92
604	0.0345716	-8457.37
605	0.0345716	-8410.73
606	0.0345716	-8483.12
607	0.0345716	-8510.3
608	0.0345716	-8381.64
609	0.0345716	-8613.25
610	0.0345716	-8569.59
611	0.0345716	-8475.06
612	0.0345716	-8546.22
613	0.0345716	-8716.75
614	0.0345716	-8699.68
615	0.0345716	-8509.8
616	0.0345716	-8587.73
617	0.0345716	-8674.13
618	0.0345716	-8770.05
619	0.0345716	-8666.6
620	0.0345716	-8617.35
621	0.0345716	-8593.1
622	0.0345716	-8500.17
623	0.0345716	-8559.72
624	0.0345716	-8636.45
625	0.0345716	-8632.11
626	0.0345716	-8436.09
627	0.0345716	-8438.55
628	0.0345716	-8494.02
629	0.0345716	-8552.51
630	0.0345716	-8629.17
631	0.0345716	-8509.63
632	0.0345716	-8550.3
633	0.0345716	-8504.03
634	0.0345716	-8626.26
635	0.0345716	-8541.21
636	0.0345716	-8601.96
637	0.0345716	-8567.96
638	0.0345716	-8462.97
639	0.0345716	-8430.68
640	0.0345716	-8395.03
641	0.0345716	-8512.3
642	0.0345716	-8449.05
643	0.0345716	-8607.51
644	0.0345716	-8510.09
645	0.0345716	-8668.54
646	0.0345716	-8670.22
647	0.0345716	-8715.93
648	0.0345716	-8690.56
649	0.0345716	-8485.99
650	0.0345716	-8519.36
651	0.0345716	-8597.43
652	0.0345716	-8561.36
653	0.0345716	-8627.39
654	0.0345716	-8427.64
655	0.0345716	-8591.63
656	0.0345716	-8580.87
657	0.0345716	-8465.25
658	0.0345716	-8450.04
659	0.0345716	-8427.22
660	0.0345716	-8570.78
661	0.0345716	-8368.79
662	0.0345716	-8429.29
663	0.0345716	-8646.86
664	0.0345716	-8480.35
665	0.0345716	-8449.3
666	0.0345716	-8686.18
667	0.0345716	-8476.76
668	0.0345716	-8441.69
669	0.0345716	-8392.56
670	0.0345716	-8502.15
671	0.0345716	-8477.08
672	0.0345716	-8462.14
673	0.0345716	-8596.84
674	0.0345716	-8588.34
675	0.0345716	-8625.47
676	0.0345716	-8598.61
677	0.0345716	-8545.51
678	0.0345716	-8643.13
679	0.0345716	-8687.36
680	0.0345716	-8609.47
681	0.0345716	-8536.72
682	0.0345716	-8740.46
683	0.0345716	-8698.31
684	0.0345716	-8673.77
685	0.0345716	-8526.52
686	0.0345716	-8635.49
687	0.0345716	-8654.18
688	0.0345716	-8450.02
689	0.0345716	-8484.25
690	0.0345716	-8701.6
691	0.0345716	-8740.59
692	0.0345716	-8585.73
693	0.0345716	-8582.9
694	0.0345716	-8550.73
695	0.0345716	-8473.26
696	0.0345716	-8491.77
697	0.0345716	-8503.66
698	0.0345716	-8533.53
699	0.0345716	-8597.08
700	0.0345716	-8669.66
701	0.0345716	-8593.31
702	0.0345716	-8555.11
703	0.0345716	-8495.96
704	0.0345716	-8516.14
705	0.0345716	-8746.9
706	0.0345716	-8557.96
707	0.0345716	-8493.56
708	0.0345716	-8553.82
709	0.0345716	-8477.71
710	0.0345716	-8478.9
711	0.0345716	-8545.96
712	0.0345716	-8577.76
713	0.0345716	-8531.36
714	0.0345716	-8645.17
715	0.0345716	-8530.02
716	0.0345716	-8669.5
717	0.0345716	-8565.13
718	0.0345716	-8432.97
719	0.0345716	-8513.78
720	0.0345716	-8493.78
721	0.0345716	-8448.64
722	0.0345716	-8529.64
723	0.0345716	-8661.42
724	0.0345716	-8644.25
725	0.0345716	-8600.6
726	0.0345716	-8436.73
727	0.0345716	-8700.54
728	0.0345716	-8634.45
729	0.0345716	-8476.03
730	0.0345716	-8589.06
731	0.0345716	-8533.35
732	0.0345716	-8545.43
733	0.0345716	-8623.27
734	0.0345716	-8598.83
735	0.0345716	-8632.43
736	0.0345716	-8616.62
737	0.0345716	-8608.06
738	0.0345716	-8750.45
739	0.0345716	-8499.65
740	0.0345716	-8380.02
741	0.0345716	-8525.32
742	0.0345716	-8480.09
743	0.0345716	-8540.82
744	0.0345716	-8540.79
745	0.0345716	-8403.44
746	0.0345716	-8479.25
747	0.0345716	-8626.24
748	0.0345716	-8604.87
749	0.0345716	-8612.25
750	0.0345716	-8680.51
751	0.0345716	-8383.98
752	0.0345716	-8440.52
753	0.0345716	-8431.46
754	0.0345716	-8429.29
755	0.0345716	-8597.33
756	0.0345716	-8739.27
757	0.0345716	-8640.23
758	0.0345716	-8719.78
759	0.0345716	-8480.17
760	0.0345716	-8558.68
761	0.0345716	-8419.49
762	0.0345716	-8506.75
763	0.0345716	-8510.46
764	0.0345716	-8512.94
765	0.0345716	-8459.98
766	0.0345716	-8607.7
767	0.0345716	-8455.42
768	0.0345716	-8495.68
769	0.0345716	-8471.77
770	0.0345716	-8561.43
771	0.0345716	-8450.46
772	0.0345716	-8560.35
773	0.0345716	-8565.96
774	0.0345716	-8412.79
775	0.0345716	-8533.15
776	0.0345716	-8454.65
777	0.0345716	-8542.84
778	0.0345716	-8672.01
779	0.0345716	-8610.46
780	0.0345716	-8644.56
781	0.0345716	-8686.31
782	0.0345716	-8718.3
783	0.0345716	-8549.11
784	0.0345716	-8519.53
785	0.0345716	-8648.57
786	0.0345716	-8615.54
787	0.0345716	-8546.91
788	0.0345716	-8478.09
789	0.0345716	-8572.85
790	0.0345716	-8469
791	0.0345716	-8593.3
792	0.0345716	-8536.87
793	0.0345716	-8577.47
794	0.0345716	-8577.12
795	0.0345716	-8728.23
796	0.0345716	-8844.5
797	0.0345716	-8645.44
798	0.0345716	-8908.78
799	0.0345716	-8738.91
800	0.0345716	-8649.88
801	0.0345716	-8729.93
802	0.0345716	-8720.46
803	0.0345716	-8679.56
804	0.0345716	-8608.84
805	0.0345716	-8529.65
806	0.0345716	-8613.58
807	0.0345716	-8420.5
808	0.0345716	-8484
809	0.0345716	-8599.59
810	0.0345716	-8580.08
811	0.0345716	-8722.22
812	0.0345716	-8646.3
813	0.0345716	-8555.93
814	0.0345716	-8686.78
815	0.0345716	-8765.5
816	0.0345716	-8568.18
817	0.0345716	-8554.94
818	0.0345716	-8509.61
819	0.0345716	-8487.52
820	0.0345716	-8592.13
821	0.0345716	-8430.45
822	0.0345716	-8744.89
823	0.0345716	-8611.81
824	0.0345716	-8558.04
825	0.0345716	-8520.83
826	0.0345716	-8465.35
827	0.0345716	-8545.87
828	0.0345716	-8462.41
829	0.0345716	-8597.96
830	0.0345716	-8520.7
831	0.0345716	-8495.81
832	0.0345716	-8563.09
833	0.0345716	-8646.87
834	0.0345716	-8728.29
835	0.0345716	-8517.55
836	0.0345716	-8531.45
837	0.0345716	-8602.94
838	0.0345716	-8583.87
839	0.0345716	-8562.29
840	0.0345716	-8500.25
841	0.0345716	-8546.81
842	0.0345716	-8676.01
843	0.0345716	-8641.07
844	0.0345716	-8470.05
845	0.0345716	-8530.21
846	0.0345716	-8457.53
847	0.0345716	-8476.21
848	0.0345716	-8481.24
849	0.0345716	-8426.41
850	0.0345716	-8514.54
851	0.0345716	-8597.98
852	0.0345716	-8531.86
853	0.0345716	-8516.78
854	0.0345716	-8519.9
855	0.0345716	-8526.87
856	0.0345716	-8618.3
857	0.0345716	-8643.93
858	0.0345716	-8731.5
859	0.0345716	-8481.13
860	0.0345716	-8530.97
861	0.0345716	-8484.01
862	0.0345716	-8466.51
863	0.0345716	-8535.07
864	0.0345716	-8497.07
865	0.0345716	-8549.01
866	0.0345716	-8716.13
867	0.0345716	-8633.06
868	0.0345716	-8564.11
869	0.0345716	-8444.8
870	0.0345716	-8464.63
871	0.0345716	-8606.87
872	0.0345716	-8739.48
873	0.0345716	-8844.67
874	0.0345716	-8850.86
875	0.0345716	-8801.84
876	0.0345716	-8681.5
877	0.0345716	-8910.03
878	0.0345716	-8654.95
879	0.0345716	-8592.1
880	0.0345716	-8513.43
881	0.0345716	-8567
882	0.0345716	-8605.43
883	0.0345716	-8544.56
884	0.0345716	-8481.69
885	0.0345716	-8723.81
886	0.0345716	-8534.09
887	0.0345716	-8573.21
888	0.0345716	-8630.75
889	0.0345716	-8487.14
890	0.0345716	-8442.59
891	0.0345716	-8421.47
892	0.0345716	-8434.64
893	0.0345716	-8584.15
894	0.0345716	-8539.12
895	0.0345716	-8424.43
896	0.0345716	-8483.81
897	0.0345716	-8394.43
898	0.0345716	-8454.84
899	0.0345716	-8481.4
900	0.0345716	-8485.75
901	0.0345716	-8588.06
902	0.0345716	-8538.19
903	0.0345716	-8515.16
904	0.0345716	-8444.52
905	0.0345716	-8674.09
906	0.0345716	-8533.94
907	0.0345716	-8573.86
908	0.0345716	-8518.84
909	0.0345716	-8692.35
910	0.0345716	-8706.2
911	0.0345716	-8630.6
912	0.0345716	-8516.68
913	0.0345716	-8747.59
914	0.0345716	-8474.43
915	0.0345716	-8489.9
916	0.0345716	-8617.86
917	0.0345716	-8639.58
918	0.0345716	-8544.18
919	0.0345716	-8422.28
920	0.0345716	-8486.09
921	0.0345716	-8662.37
922	0.0345716	-8541.24
923	0.0345716	-8511.3
924	0.0345716	-8523.81
925	0.0345716	-8749.97
926	0.0345716	-8529.84
927	0.0345716	-8508.63
928	0.0345716	-8374.99
929	0.0345716	-8459.75
930	0.0345716	-8520.81
931	0.0345716	-8541.61
932	0.0345716	-8776.25
933	0.0345716	-8723.53
934	0.0345716	-8680.8
935	0.0345716	-8716.47
936	0.0345716	-8641.31
937	0.0345716	-8478.89
938	0.0345716	-8686.41
939	0.0345716	-8548.01
940	0.0345716	-8617.07
941	0.0345716	-8551.12
942	0.0345716	-8632.5
943	0.0345716	-8616.39
944	0.0345716	-8483.24
945	0.0345716	-8481.26
946	0.0345716	-8530.98
947	0.0345716	-8572.69
948	0.0345716	-8563.65
949	0.0345716	-8573.21
950	0.0345716	-8614.6
951	0.0345716	-8537.13
952	0.0345716	-8505.27
953	0.0345716	-8477.7
954	0.0345716	-8517.37
955	0.0345716	-8399.34
956	0.0345716	-8449.3
957	0.0345716	-8477.04
958	0.0345716	-8485.89
959	0.0345716	-8386.35
960	0.0345716	-8544.93
961	0.0345716	-8635.17
962	0.0345716	-8483.98
963	0.0345716	-8502.63
964	0.0345716	-8601.78
965	0.0345716	-8585.76
966	0.0345716	-8521.79
967	0.0345716	-8615.06
968	0.0345716	-8716.86
969	0.0345716	-8776.77
970	0.0345716	-8790.37
971	0.0345716	-8719.68
972	0.0345716	-8783.31
973	0.0345716	-8735.03
974	0.0345716	-8646.24
975	0.0345716	-8816.48
976	0.0345716	-8725.43
977	0.0345716	-8672.32
978	0.0345716	-8639.41
979	0.0345716	-8642
980	0.0345716	-8474.5
981	0.0345716	-8504.85
982	0.0345716	-8466.19
983	0.0345716	-8478.82
984	0.0345716	-8481.39
985	0.0345716	-8421.19
986	0.0345716	-8619.33
987	0.0345716	-8586.3
988	0.0345716	-8489.98
989	0.0345716	-8436.7
990	0.0345716	-8475.08
991	0.0345716	-8540.92
992	0.0345716	-8446.34
993	0.0345716	-8515.3
994	0.0345716	-8541.84
995	0.0345716	-8474.7
996	0.0345716	-8706.7
997	0.0345716	-8595.12
998	0.0345716	-8525.1
999	0.0345716	-8540.39
1000	0.0345716	-8486.32
251	0.0281887	-8596.08
252	0.0281887	-8862.04
253	0.0281887	-8848.15
254	0.0281887	-8906.35
255	0.0281887	-8966.46
256	0.0281887	-8536.58
257	0.0281887	-8583.07
258	0.0281887	-8521.03
259	0.0281887	-8653.25
260	0.0281887	-8798.04
261	0.0281887	-8623.04
262	0.0281887	-8514.88
263	0.0281887	-8582.23
264	0.0281887	-8618.07
265	0.0281887	-8613.43
266	0.0281887	-8738.36
267	0.0281887	-8687.07
268	0.0281887	-8467.69
269	0.0281887	-8683.4
270	0.0281887	-8606.77
271	0.0281887	-8512.03
272	0.0281887	-8520.36
273	0.0281887	-8664.73
274	0.0281887	-8636.03
275	0.0281887	-8745.26
276	0.0281887	-8690.49
277	0.0281887	-8861.28
278	0.0281887	-8803.16
279	0.0281887	-8674.56
280	0.0281887	-8700.67
281	0.0281887	-8646.84
282	0.0281887	-8613.27
283	0.0281887	-8742.69
284	0.0281887	-8547.61
285	0.0281887	-8775.86
286	0.0281887	-8662.46
287	0.0281887	-8663.36
288	0.0281887	-8665.82
289	0.0281887	-8657.83
290	0.0281887	-8617.15
291	0.0281887	-8514.62
292	0.0281887	-8918.99
293	0.0281887	-8645.43
294	0.0281887	-8559.36
295	0.0281887	-8527.54
296	0.0281887	-8739.96
297	0.0281887	-8752.6
298	0.0281887	-8836.64
299	0.0281887	-8779.02
300	0.0281887	-8595.2
301	0.0281887	-8713.22
302	0.0281887	-8567.43
303	0.0281887	-8671.64
304	0.0281887	-8588.21
305	0.0281887	-8513.52
306	0.0281887	-8627.66
307	0.0281887	-8381.57
308	0.0281887	-8641.96
309	0.0281887	-8651.81
310	0.0281887	-8651.86
311	0.0281887	-8682.23
312	0.0281887	-8694.14
313	0.0281887	-8596.39
314	0.0281887	-8730.53
315	0.0281887	-8492.57
316	0.0281887	-8548.96
317	0.0281887	-8525.45
318	0.0281887	-8503.75
319	0.0281887	-8441.13
320	0.0281887	-8466.4
321	0.0281887	-8479.53
322	0.0281887	-8529.63
323	0.0281887	-8675.59
324	0.0281887	-8719.16
325	0.0281887	-8496.04
326	0.0281887	-8648.42
327	0.0281887	-8662.85
328	0.0281887	-8456.97
329	0.0281887	-8539.33
330	0.0281887	-8612.16
331	0.0281887	-8596.52
332	0.0281887	-8679.95
333	0.0281887	-8604.83
334	0.0281887	-8743.55
335	0.0281887	-8623.75
336	0.0281887	-8445.54
337	0.0281887	-8495.61
338	0.0281887	-8580.73
339	0.0281887	-8773.9
340	0.0281887	-8586.47
341	0.0281887	-8566.95
342	0.0281887	-8937.25
343	0.0281887	-8993.98
344	0.0281887	-9005.83
345	0.0281887	-8813.03
346	0.0281887	-8953.06
347	0.0281887	-8663.65
348	0.0281887	-8593.84
349	0.0281887	-8581
350	0.0281887	-8525.23
351	0.0281887	-8520.22
352	0.0281887	-8697.65
353	0.0281887	-8585.31
354	0.0281887	-8819.02
355	0.0281887	-8916.53
356	0.0281887	-8902.27
357	0.0281887	-8718.85
358	0.0281887	-8845.82
359	0.0281887	-8857.53
360	0.0281887	-8836.56
361	0.0281887	-8650.53
362	0.0281887	-8589.24
363	0.0281887	-8650.73
364	0.0281887	-8495.9
365	0.0281887	-8489.06
366	0.0281887	-8443
367	0.0281887	-8678.1
368	0.0281887	-8579.18
369	0.0281887	-8854
370	0.0281887	-8611.67
371	0.0281887	-8660.52
372	0.0281887	-8642.28
373	0.0281887	-8795.58
374	0.0281887	-8760.71
375	0.0281887	-8593.28
376	0.0281887	-8632.07
377	0.0281887	-8669.29
378	0.0281887	-8761.72
379	0.0281887	-8914.98
380	0.0281887	-8802.15
381	0.0281887	-8619.49
382	0.0281887	-8632.82
383	0.0281887	-8830.56
384	0.0281887	-8577.04
385	0.0281887	-8507.92
386	0.0281887	-8718.78
387	0.0281887	-8703.9
388	0.0281887	-8657.73
389	0.0281887	-8718.42
390	0.0281887	-8742.08
391	0.0281887	-8663.63
392	0.0281887	-8794.12
393	0.0281887	-8656.31
394	0.0281887	-8779.49
395	0.0281887	-8820.69
396	0.0281887	-8842.8
397	0.0281887	-8593.51
398	0.0281887	-8701.62
399	0.0281887	-8641.32
400	0.0281887	-8621.34
401	0.0281887	-8624.91
402	0.0281887	-8732.12
403	0.0281887	-8685.21
404	0.0281887	-8917.23
405	0.0281887	-8939.7
406	0.0281887	-8703.48
407	0.0281887	-8851.52
408	0.0281887	-8790.6
409	0.0281887	-8615.6
410	0.0281887	-8606.01
411	0.0281887	-8928.76
412	0.0281887	-8947.03
413	0.0281887	-8718.9
414	0.0281887	-8726.02
415	0.0281887	-8549.57
416	0.0281887	-8502.85
417	0.0281887	-8716.53
418	0.0281887	-8863.57
419	0.0281887	-8849.29
420	0.0281887	-8581.54
421	0.0281887	-8550.72
422	0.0281887	-8732.17
423	0.0281887	-8578.39
424	0.0281887	-8724.41
425	0.0281887	-8714.21
426	0.0281887	-8690.11
427	0.0281887	-8594.93
428	0.0281887	-8603.21
429	0.0281887	-8748.2
430	0.0281887	-8737.68
431	0.0281887	-8568.3
432	0.0281887	-8691.54
433	0.0281887	-8739.72
434	0.0281887	-8721.72
435	0.0281887	-8643.3
436	0.0281887	-8654.99
437	0.0281887	-8602.12
438	0.0281887	-8552.37
439	0.0281887	-8835.25
440	0.0281887	-8627.91
441	0.0281887	-8552.47
442	0.0281887	-8456.66
443	0.0281887	-8493.16
444	0.0281887	-8533.11
445	0.0281887	-8849.75
446	0.0281887	-8683.53
447	0.0281887	-8636.66
448	0.0281887	-8582.93
449	0.0281887	-8910.4
450	0.0281887	-8943.51
451	0.0281887	-8937.81
452	0.0281887	-8852.09
453	0.0281887	-8884.08
454	0.0281887	-8877.79
455	0.0281887	-8590.56
456	0.0281887	-8682.08
457	0.0281887	-8769.93
458	0.0281887	-8638.44
459	0.0281887	-8695.09
460	0.0281887	-8691.46
461	0.0281887	-8883.58
462	0.0281887	-8724.29
463	0.0281887	-8644.99
464	0.0281887	-8690.02
465	0.0281887	-8465.33
466	0.0281887	-8698.09
467	0.0281887	-8571.4
468	0.0281887	-8617.58
469	0.0281887	-8647.9
470	0.0281887	-8560.8
471	0.0281887	-8773.01
472	0.0281887	-8724.25
473	0.0281887	-8899.03
474	0.0281887	-8824.88
475	0.0281887	-8711.38
476	0.0281887	-8729.82
477	0.0281887	-8518.26
478	0.0281887	-8511.28
479	0.0281887	-8488.68
480	0.0281887	-8486.24
481	0.0281887	-8548.64
482	0.0281887	-8850.68
483	0.0281887	-8573.37
484	0.0281887	-8557.62
485	0.0281887	-8788.6
486	0.0281887	-8874.92
487	0.0281887	-8833.47
488	0.0281887	-8721.44
489	0.0281887	-8714.27
490	0.0281887	-8580.81
491	0.0281887	-8500.35
492	0.0281887	-8682.89
493	0.0281887	-8748.53
494	0.0281887	-8548.36
495	0.0281887	-8580.48
496	0.0281887	-8631.99
497	0.0281887	-8550.62
498	0.0281887	-8570.9
499	0.0281887	-8701.03
500	0.0281887	-8533.23
501	0.0281887	-8663.09
502	0.0281887	-8640.6
503	0.0281887	-8775.02
504	0.0281887	-8612.02
505	0.0281887	-8637.87
506	0.0281887	-8791.87
507	0.0281887	-8798.1
508	0.0281887	-8692.97
509	0.0281887	-8742.84
510	0.0281887	-8416.97
511	0.0281887	-8484.3
512	0.0281887	-8652.61
513	0.0281887	-8731.39
514	0.0281887	-9119.32
515	0.0281887	-8763.86
516	0.0281887	-8785.39
517	0.0281887	-8522.79
518	0.0281887	-8554.36
519	0.0281887	-8565.95
520	0.0281887	-8703.48
521	0.0281887	-8440.89
522	0.0281887	-8651.9
523	0.0281887	-8629.63
524	0.0281887	-8590.3
525	0.0281887	-8800.89
526	0.0281887	-8733.41
527	0.0281887	-8716
528	0.0281887	-8736.94
529	0.0281887	-8635.11
530	0.0281887	-8646.97
531	0.0281887	-8598.27
532	0.0281887	-8801.89
533	0.0281887	-8843.26
534	0.0281887	-8745.56
535	0.0281887	-8593.67
536	0.0281887	-8636.62
537	0.0281887	-8590.77
538	0.0281887	-8729.1
539	0.0281887	-8865.77
540	0.0281887	-8711.89
541	0.0281887	-8814.2
542	0.0281887	-8572.67
543	0.0281887	-8602.38
544	0.0281887	-8482.03
545	0.0281887	-8601.12
546	0.0281887	-8572.2
547	0.0281887	-8584.86
548	0.0281887	-8793.61
549	0.0281887	-8567.62
550	0.0281887	-8857.18
551	0.0281887	-8632.75
552	0.0281887	-8689.1
553	0.0281887	-8508.04
554	0.0281887	-8533.43
555	0.0281887	-8603.53
556	0.0281887	-8643.55
557	0.0281887	-8754.85
558	0.0281887	-8578.22
559	0.0281887	-8618.86
560	0.0281887	-8620.85
561	0.0281887	-8725.53
562	0.0281887	-8653.66
563	0.0281887	-8491.93
564	0.0281887	-8702.7
565	0.0281887	-8634.02
566	0.0281887	-8539.73
567	0.0281887	-8713.89
568	0.0281887	-8621.71
569	0.0281887	-8834.01
570	0.0281887	-8706.93
571	0.0281887	-8679.94
572	0.0281887	-8647.12
573	0.0281887	-8653.37
574	0.0281887	-8537.24
575	0.0281887	-8585.67
576	0.0281887	-8757.67
577	0.0281887	-8938.08
578	0.0281887	-8702.81
579	0.0281887	-8716.64
580	0.0281887	-8637.63
581	0.0281887	-8650.19
582	0.0281887	-8727.27
583	0.0281887	-8600.13
584	0.0281887	-8517.37
585	0.0281887	-8551.44
586	0.0281887	-8795.5
587	0.0281887	-8514.39
588	0.0281887	-8617.73
589	0.0281887	-8638.38
590	0.0281887	-8673.82
591	0.0281887	-8700.55
592	0.0281887	-8526.12
593	0.0281887	-8558.23
594	0.0281887	-8639.64
595	0.0281887	-8542.26
596	0.0281887	-8474.33
597	0.0281887	-8498.55
598	0.0281887	-8417.46
599	0.0281887	-8501.81
600	0.0281887	-8580.72
601	0.0281887	-8724.2
602	0.0281887	-8629.17
603	0.0281887	-8610.62
604	0.0281887	-8657.21
605	0.0281887	-8625
606	0.0281887	-8472.08
607	0.0281887	-8632.32
608	0.0281887	-8635.73
609	0.0281887	-8920.85
610	0.0281887	-8767.39
611	0.0281887	-8836.1
612	0.0281887	-8726.01
613	0.0281887	-8643.91
614	0.0281887	-8550.76
615	0.0281887	-8612.21
616	0.0281887	-8553
617	0.0281887	-8738.8
618	0.0281887	-8694.74
619	0.0281887	-8759.7
620	0.0281887	-8632.67
621	0.0281887	-8551.95
622	0.0281887	-8619.68
623	0.0281887	-8639.11
624	0.0281887	-8849.57
625	0.0281887	-8770.05
626	0.0281887	-8701.48
627	0.0281887	-8583.89
628	0.0281887	-8641.3
629	0.0281887	-8716
630	0.0281887	-8802.92
631	0.0281887	-8691.62
632	0.0281887	-8642.27
633	0.0281887	-8909.05
634	0.0281887	-8579.1
635	0.0281887	-8637.54
636	0.0281887	-8524.58
637	0.0281887	-8595.72
638	0.0281887	-8781.56
639	0.0281887	-8751.16
640	0.0281887	-8695.88
641	0.0281887	-8723.93
642	0.0281887	-8775.08
643	0.0281887	-8685.14
644	0.0281887	-8600.78
645	0.0281887	-8779.51
646	0.0281887	-8716.55
647	0.0281887	-8631.79
648	0.0281887	-8686.1
649	0.0281887	-8581.04
650	0.0281887	-8683.48
651	0.0281887	-8576.92
652	0.0281887	-8547.18
653	0.0281887	-8534.99
654	0.0281887	-8487.58
655	0.0281887	-8588
656	0.0281887	-8631.53
657	0.0281887	-8732.62
658	0.0281887	-8525.04
659	0.0281887	-8631.3
660	0.0281887	-8506.99
661	0.0281887	-8677.29
662	0.0281887	-8676.73
663	0.0281887	-8950.88
664	0.0281887	-8984.92
665	0.0281887	-9167.64
666	0.0281887	-8934.84
667	0.0281887	-8902.4
668	0.0281887	-8787.79
669	0.0281887	-8569.38
670	0.0281887	-8616.45
671	0.0281887	-8728.58
672	0.0281887	-8788.6
673	0.0281887	-8716.91
674	0.0281887	-8699.16
675	0.0281887	-8526.42
676	0.0281887	-8490.87
677	0.0281887	-8599.35
678	0.0281887	-8648.77
679	0.0281887	-8664.52
680	0.0281887	-8866.05
681	0.0281887	-8868.43
682	0.0281887	-8560.07
683	0.0281887	-8729.6
684	0.0281887	-8799.13
685	0.0281887	-8719.48
686	0.0281887	-8765.01
687	0.0281887	-8689.14
688	0.0281887	-8722.6
689	0.0281887	-8661.96
690	0.0281887	-8643.89
691	0.0281887	-8601.6
692	0.0281887	-8836.54
693	0.0281887	-8752.78
694	0.0281887	-8546.41
695	0.0281887	-8715.38
696	0.0281887	-8786.13
697	0.0281887	-8647.64
698	0.0281887	-8680.83
699	0.0281887	-8510.03
700	0.0281887	-8404.3
701	0.0281887	-8454.88
702	0.0281887	-8689.56
703	0.0281887	-8560.34
704	0.0281887	-8802.6
705	0.0281887	-8632.72
706	0.0281887	-8606.99
707	0.0281887	-8552.68
708	0.0281887	-8604.99
709	0.0281887	-8797.3
710	0.0281887	-8840.32
711	0.0281887	-8764.62
712	0.0281887	-8978.29
713	0.0281887	-8709.48
714	0.0281887	-8612.09
715	0.0281887	-8618.33
716	0.0281887	-8814.04
717	0.0281887	-8787.07
718	0.0281887	-8856.26
719	0.0281887	-8724.38
720	0.0281887	-8670.31
721	0.0281887	-8567.71
722	0.0281887	-8727.55
723	0.0281887	-8783.63
724	0.0281887	-8678.89
725	0.0281887	-8687.25
726	0.0281887	-8627.19
727	0.0281887	-8706.53
728	0.0281887	-8694.14
729	0.0281887	-8608.04
730	0.0281887	-8637.66
731	0.0281887	-8612.9
732	0.0281887	-8476.1
733	0.0281887	-8609.99
734	0.0281887	-8539.76
735	0.0281887	-8558.14
736	0.0281887	-8597.51
737	0.0281887	-8755.95
738	0.0281887	-8869.93
739	0.0281887	-8954.3
740	0.0281887	-8761.9
741	0.0281887	-8658.22
742	0.0281887	-8633.5
743	0.0281887	-8479.72
744	0.0281887	-8486.99
745	0.0281887	-8505.25
746	0.0281887	-8451.08
747	0.0281887	-8456.74
748	0.0281887	-8372.78
749	0.0281887	-8433.01
750	0.0281887	-8534.33
751	0.0281887	-8528.66
752	0.0281887	-8577.81
753	0.0281887	-8628.02
754	0.0281887	-8662.73
755	0.0281887	-8668.42
756	0.0281887	-8745.63
757	0.0281887	-8745.55
758	0.0281887	-8527.05
759	0.0281887	-8420.36
760	0.0281887	-8626.44
761	0.0281887	-8671.62
762	0.0281887	-8554.56
763	0.0281887	-8776.41
764	0.0281887	-8687.45
765	0.0281887	-8708.3
766	0.0281887	-8726.08
767	0.0281887	-8644.46
768	0.0281887	-8576.39
769	0.0281887	-8730.12
770	0.0281887	-8479.69
771	0.0281887	-8635.89
772	0.0281887	-8617.42
773	0.0281887	-8700.02
774	0.0281887	-8383.79
775	0.0281887	-8645.47
776	0.0281887	-8702.69
777	0.0281887	-8613.82
778	0.0281887	-8629.2
779	0.0281887	-8806.03
780	0.0281887	-8709.62
781	0.0281887	-8974.97
782	0.0281887	-8886.32
783	0.0281887	-8954.2
784	0.0281887	-8820.08
785	0.0281887	-8554.46
786	0.0281887	-8462.21
787	0.0281887	-8554.44
788	0.0281887	-8645.26
789	0.0281887	-8703.67
790	0.0281887	-8794.34
791	0.0281887	-8543.37
792	0.0281887	-8537.85
793	0.0281887	-8638.54
794	0.0281887	-8584.61
795	0.0281887	-8550.06
796	0.0281887	-8809.88
797	0.0281887	-8700.74
798	0.0281887	-8790.54
799	0.0281887	-8783.46
800	0.0281887	-8821.03
801	0.0281887	-8759.44
802	0.0281887	-8730.88
803	0.0281887	-8708.16
804	0.0281887	-8976.96
805	0.0281887	-8788.43
806	0.0281887	-8885.08
807	0.0281887	-8927.27
808	0.0281887	-8722.76
809	0.0281887	-8719.73
810	0.0281887	-8622.93
811	0.0281887	-8713.87
812	0.0281887	-8798.12
813	0.0281887	-8574.71
814	0.0281887	-8710.83
815	0.0281887	-8705.13
816	0.0281887	-8761.72
817	0.0281887	-8651.44
818	0.0281887	-8675.68
819	0.0281887	-8574.23
820	0.0281887	-8694.36
821	0.0281887	-8638.21
822	0.0281887	-8783.79
823	0.0281887	-8584.22
824	0.0281887	-8666.19
825	0.0281887	-8909.39
826	0.0281887	-8788.86
827	0.0281887	-8712.02
828	0.0281887	-8622.84
829	0.0281887	-8578.4
830	0.0281887	-8529.56
831	0.0281887	-8605.8
832	0.0281887	-8830.07
833	0.0281887	-8648.3
834	0.0281887	-8803.08
835	0.0281887	-8740.64
836	0.0281887	-8684.26
837	0.0281887	-8547.31
838	0.0281887	-8506.39
839	0.0281887	-8770.65
840	0.0281887	-8595.27
841	0.0281887	-8600.64
842	0.0281887	-8738.59
843	0.0281887	-8905.05
844	0.0281887	-8731.85
845	0.0281887	-8781.39
846	0.0281887	-8806.35
847	0.0281887	-8839.54
848	0.0281887	-8583.74
849	0.0281887	-8630.89
850	0.0281887	-8646.81
851	0.0281887	-8748.66
852	0.0281887	-8478.31
853	0.0281887	-8758.36
854	0.0281887	-8650
855	0.0281887	-8562.9
856	0.0281887	-8689.02
857	0.0281887	-8686.27
858	0.0281887	-8795.14
859	0.0281887	-8624.35
860	0.0281887	-8740.56
861	0.0281887	-8932.36
862	0.0281887	-8853.6
863	0.0281887	-8831.45
864	0.0281887	-8948.12
865	0.0281887	-8776.85
866	0.0281887	-8606.34
867	0.0281887	-8508.96
868	0.0281887	-8811.6
869	0.0281887	-8655.53
870	0.0281887	-8534.9
871	0.0281887	-8698.8
872	0.0281887	-8702.3
873	0.0281887	-8729.21
874	0.0281887	-8676.07
875	0.0281887	-8635
876	0.0281887	-8767.62
877	0.0281887	-8931.92
878	0.0281887	-9175.57
879	0.0281887	-8955.59
880	0.0281887	-8955.96
881	0.0281887	-8767.32
882	0.0281887	-8799.51
883	0.0281887	-8726.86
884	0.0281887	-8717.08
885	0.0281887	-8525.55
886	0.0281887	-8627.54
887	0.0281887	-8723.78
888	0.0281887	-8694.56
889	0.0281887	-8760.61
890	0.0281887	-8724.15
891	0.0281887	-8638.14
892	0.0281887	-8652.94
893	0.0281887	-8676.71
894	0.0281887	-8761.89
895	0.0281887	-8700.21
896	0.0281887	-8594.36
897	0.0281887	-8541.3
898	0.0281887	-8539.47
899	0.0281887	-8748.42
900	0.0281887	-8684.8
901	0.0281887	-8538.9
902	0.0281887	-8751.76
903	0.0281887	-8636.3
904	0.0281887	-8601.23
905	0.0281887	-8418.74
906	0.0281887	-8485.19
907	0.0281887	-8489.41
908	0.0281887	-8497.24
909	0.0281887	-8467.39
910	0.0281887	-8616.02
911	0.0281887	-8444.92
912	0.0281887	-8481.08
913	0.0281887	-8566.06
914	0.0281887	-8504.66
915	0.0281887	-8485.99
916	0.0281887	-8703.72
917	0.0281887	-8765.87
918	0.0281887	-8822.11
919	0.0281887	-8840.95
920	0.0281887	-8701.23
921	0.0281887	-8603.91
922	0.0281887	-8546.79
923	0.0281887	-8537.2
924	0.0281887	-8548.34
925	0.0281887	-8446.71
926	0.0281887	-8626.79
927	0.0281887	-8611.51
928	0.0281887	-8604.4
929	0.0281887	-8804.27
930	0.0281887	-8628.25
931	0.0281887	-8606.88
932	0.0281887	-8710.48
933	0.0281887	-8605.51
934	0.0281887	-8617.65
935	0.0281887	-8571.64
936	0.0281887	-8496.86
937	0.0281887	-8538.87
938	0.0281887	-8733.07
939	0.0281887	-8569.68
940	0.0281887	-8599.43
941	0.0281887	-8619.48
942	0.0281887	-8778.55
943	0.0281887	-8817.93
944	0.0281887	-8523.07
945	0.0281887	-8697.1
946	0.0281887	-8683.5
947	0.0281887	-8609.16
948	0.0281887	-8595.66
949	0.0281887	-8782.78
950	0.0281887	-8817.66
951	0.0281887	-8795.67
952	0.0281887	-8758.53
953	0.0281887	-8778.46
954	0.0281887	-8629.4
955	0.0281887	-8661.72
956	0.0281887	-8673.92
957	0.0281887	-8738.08
958	0.0281887	-8629.68
959	0.0281887	-8454.44
960	0.0281887	-8482.61
961	0.0281887	-8492.31
962	0.0281887	-8525.34
963	0.0281887	-8557.69
964	0.0281887	-8581.98
965	0.0281887	-8710.8
966	0.0281887	-8669.55
967	0.0281887	-8495.31
968	0.0281887	-8545.98
969	0.0281887	-8757.65
970	0.0281887	-8758.53
971	0.0281887	-8664.09
972	0.0281887	-8752.4
973	0.0281887	-8626.18
974	0.0281887	-8601.25
975	0.0281887	-8605.5
976	0.0281887	-8578.64
977	0.0281887	-8511.18
978	0.0281887	-8747.31
979	0.0281887	-8639.14
980	0.0281887	-8702.06
981	0.0281887	-8975.92
982	0.0281887	-8969.3
983	0.0281887	-8733.17
984	0.0281887	-8728.6
985	0.0281887	-8771.9
986	0.0281887	-8767.88
987	0.0281887	-8683.49
988	0.0281887	-8607.64
989	0.0281887	-8632.39
990	0.0281887	-8653.12
991	0.0281887	-8760.01
992	0.0281887	-8636.56
993	0.0281887	-8709.19
994	0.0281887	-8776.13
995	0.0281887	-8854.92
996	0.0281887	-8859.05
997	0.0281887	-8811.95
998	0.0281887	-8850.02
999	0.0281887	-8601.97
1000	0.0281887	-8418.59
251	0.0227855	-8748.51
252	0.0227855	-8847.65
253	0.0227855	-8654.96
254	0.0227855	-8802.77
255	0.0227855	-8984.99
256	0.0227855	-8519.52
257	0.0227855	-8844.15
258	0.0227855	-8513.19
259	0.0227855	-8556.67
260	0.0227855	-8710.03
261	0.0227855	-8813.94
262	0.0227855	-8631.36
263	0.0227855	-8792.64
264	0.0227855	-8991.73
265	0.0227855	-8908.43
266	0.0227855	-8866.11
267	0.0227855	-8790.84
268	0.0227855	-8714.37
269	0.0227855	-8785.95
270	0.0227855	-8890.84
271	0.0227855	-8813.77
272	0.0227855	-8576.25
273	0.0227855	-8817.11
274	0.0227855	-8611.25
275	0.0227855	-8696.77
276	0.0227855	-8687.93
277	0.0227855	-8763.9
278	0.0227855	-8597.96
279	0.0227855	-8632.2
280	0.0227855	-8615.27
281	0.0227855	-8913.23
282	0.0227855	-8790
283	0.0227855	-8653.72
284	0.0227855	-8795.28
285	0.0227855	-8761.01
286	0.0227855	-8775.53
287	0.0227855	-8739.19
288	0.0227855	-8870.7
289	0.0227855	-8984.78
290	0.0227855	-8981.85
291	0.0227855	-8931.48
292	0.0227855	-9029.95
293	0.0227855	-8915.05
294	0.0227855	-8717.52
295	0.0227855	-8916.95
296	0.0227855	-8961.56
297	0.0227855	-8922.61
298	0.0227855	-9080.85
299	0.0227855	-8799.9
300	0.0227855	-8843.8
301	0.0227855	-8691.19
302	0.0227855	-8788.28
303	0.0227855	-8878.6
304	0.0227855	-8853.51
305	0.0227855	-8799.38
306	0.0227855	-8678.8
307	0.0227855	-8833.23
308	0.0227855	-8779.11
309	0.0227855	-8665.75
310	0.0227855	-8790.78
311	0.0227855	-8561.75
312	0.0227855	-9007.17
313	0.0227855	-8935.35
314	0.0227855	-8967.87
315	0.0227855	-8943.32
316	0.0227855	-9277.02
317	0.0227855	-9261.26
318	0.0227855	-9080.15
319	0.0227855	-9023.03
320	0.0227855	-9042.96
321	0.0227855	-9126.07
322	0.0227855	-9032.55
323	0.0227855	-9073.69
324	0.0227855	-9006.84
325	0.0227855	-9038.18
326	0.0227855	-8714.71
327	0.0227855	-8785.51
328	0.0227855	-8885.55
329	0.0227855	-8927.63
330	0.0227855	-9009.26
331	0.0227855	-8824
332	0.0227855	-8749.98
333	0.0227855	-8643.96
334	0.0227855	-8721.87
335	0.0227855	-8577.36
336	0.0227855	-8756.03
337	0.0227855	-8548.45
338	0.0227855	-8576.33
339	0.0227855	-8722.88
340	0.0227855	-8726.58
341	0.0227855	-8808.54
342	0.0227855	-8607.35
343	0.0227855	-8744.31
344	0.0227855	-8708.53
345	0.0227855	-8618.31
346	0.0227855	-8754.94
347	0.0227855	-8602.09
348	0.0227855	-8763.13
349	0.0227855	-8906.55
350	0.0227855	-8806.01
351	0.0227855	-8662.6
352	0.0227855	-8721.92
353	0.0227855	-9137.17
354	0.0227855	-8884.27
355	0.0227855	-8732.01
356	0.0227855	-8712.38
357	0.0227855	-8808
358	0.0227855	-8671.93
359	0.0227855	-8562.39
360	0.0227855	-8629.42
361	0.0227855	-8681.77
362	0.0227855	-8756.06
363	0.0227855	-8718.92
364	0.0227855	-8518.01
365	0.0227855	-8780.66
366	0.0227855	-8808.71
367	0.0227855	-8643.7
368	0.0227855	-8802.18
369	0.0227855	-8621.58
370	0.0227855	-8775.56
371	0.0227855	-8761.25
372	0.0227855	-8905.09
373	0.0227855	-8697.84
374	0.0227855	-9083.34
375	0.0227855	-8672.07
376	0.0227855	-8813.5
377	0.0227855	-8740.07
378	0.0227855	-8747.47
379	0.0227855	-8761.3
380	0.0227855	-8819.02
381	0.0227855	-8530.84
382	0.0227855	-8683.51
383	0.0227855	-8653.38
384	0.0227855	-8759.71
385	0.0227855	-8575.82
386	0.0227855	-8700.9
387	0.0227855	-8623.67
388	0.0227855	-8825.68
389	0.0227855	-8758.27
390	0.0227855	-8969
391	0.0227855	-8817.36
392	0.0227855	-8768.81
393	0.0227855	-8912.08
394	0.0227855	-8796.16
395	0.0227855	-8643.1
396	0.0227855	-8803.63
397	0.0227855	-8801.44
398	0.0227855	-8889.11
399	0.0227855	-8854.51
400	0.0227855	-8767.19
401	0.0227855	-9069.07
402	0.0227855	-8986.68
403	0.0227855	-8813.26
404	0.0227855	-8905.26
405	0.0227855	-8726.46
406	0.0227855	-8754.36
407	0.0227855	-8651.05
408	0.0227855	-8752.16
409	0.0227855	-8599.3
410	0.0227855	-8651.55
411	0.0227855	-8630.87
412	0.0227855	-8589.07
413	0.0227855	-8799.67
414	0.0227855	-8587.37
415	0.0227855	-8640.34
416	0.0227855	-8718.87
417	0.0227855	-8620.11
418	0.0227855	-8438.92
419	0.0227855	-8607.67
420	0.0227855	-8656.66
421	0.0227855	-9243.42
422	0.0227855	-9121.65
423	0.0227855	-8966.43
424	0.0227855	-8980.29
425	0.0227855	-8822.07
426	0.0227855	-8859.53
427	0.0227855	-8485.88
428	0.0227855	-8434.81
429	0.0227855	-8468.52
430	0.0227855	-8648.81
431	0.0227855	-8626.37
432	0.0227855	-8498.57
433	0.0227855	-8753
434	0.0227855	-8656.62
435	0.0227855	-8456.81
436	0.0227855	-8408.66
437	0.0227855	-8575
438	0.0227855	-8516.23
439	0.0227855	-8749.75
440	0.0227855	-8537.89
441	0.0227855	-8871.15
442	0.0227855	-8900.25
443	0.0227855	-8967.89
444	0.0227855	-8580.07
445	0.0227855	-8774.35
446	0.0227855	-8911.67
447	0.0227855	-8728.5
448	0.0227855	-8717.9
449	0.0227855	-8592.81
450	0.0227855	-8672.52
451	0.0227855	-8712.31
452	0.0227855	-8811.16
453	0.0227855	-8658.31
454	0.0227855	-8538.59
455	0.0227855	-8689.7
456	0.0227855	-8725.41
457	0.0227855	-8639.85
458	0.0227855	-8854.73
459	0.0227855	-8910.01
460	0.0227855	-8755.56
461	0.0227855	-8867.26
462	0.0227855	-8848.85
463	0.0227855	-8893.54
464	0.0227855	-8884.25
465	0.0227855	-8795.29
466	0.0227855	-8817.55
467	0.0227855	-8615.24
468	0.0227855	-8643.62
469	0.0227855	-8688.77
470	0.0227855	-8798.4
471	0.0227855	-8643.6
472	0.0227855	-8904.43
473	0.0227855	-8774.9
474	0.0227855	-8901.09
475	0.0227855	-8958.5
476	0.0227855	-8933.32
477	0.0227855	-8718.28
478	0.0227855	-8734.51
479	0.0227855	-8765.71
480	0.0227855	-8608.16
481	0.0227855	-8651.23
482	0.0227855	-8577.07
483	0.0227855	-8689.6
484	0.0227855	-8759.4
485	0.0227855	-8837.01
486	0.0227855	-8678.82
487	0.0227855	-8684.22
488	0.0227855	-8663.95
489	0.0227855	-8676.68
490	0.0227855	-8869.41
491	0.0227855	-8907.94
492	0.0227855	-9164.29
493	0.0227855	-8941.19
494	0.0227855	-9051.93
495	0.0227855	-8943.22
496	0.0227855	-8881.26
497	0.0227855	-8897.09
498	0.0227855	-8836.21
499	0.0227855	-8782.19
500	0.0227855	-8924.37
501	0.0227855	-9053.9
502	0.0227855	-8828.37
503	0.0227855	-8840.14
504	0.0227855	-8651.56
505	0.0227855	-8884.01
506	0.0227855	-8674.4
507	0.0227855	-8569
508	0.0227855	-8536.53
509	0.0227855	-8642.4
510	0.0227855	-8691.5
511	0.0227855	-8733.84
512	0.0227855	-8515.94
513	0.0227855	-8628.41
514	0.0227855	-8569.44
515	0.0227855	-8829.24
516	0.0227855	-8858.55
517	0.0227855	-8695.75
518	0.0227855	-8717.56
519	0.0227855	-8697.26
520	0.0227855	-8747.52
521	0.0227855	-8799.26
522	0.0227855	-8795.39
523	0.0227855	-8975.47
524	0.0227855	-9062.74
525	0.0227855	-9183.63
526	0.0227855	-9117.55
527	0.0227855	-9237.31
528	0.0227855	-8730.35
529	0.0227855	-8858.89
530	0.0227855	-8681.24
531	0.0227855	-8739.22
532	0.0227855	-8820.27
533	0.0227855	-8645.28
534	0.0227855	-8687.05
535	0.0227855	-8793.17
536	0.0227855	-8705.76
537	0.0227855	-8697
538	0.0227855	-8835.89
539	0.0227855	-8603.26
540	0.0227855	-8629.73
541	0.0227855	-8667.11
542	0.0227855	-8671.43
543	0.0227855	-8749.95
544	0.0227855	-8492.42
545	0.0227855	-8571.86
546	0.0227855	-8634.15
547	0.0227855	-8511.97
548	0.0227855	-8764.76
549	0.0227855	-8546.48
550	0.0227855	-8647.69
551	0.0227855	-8617.52
552	0.0227855	-8659.93
553	0.0227855	-8617.64
554	0.0227855	-8630.71
555	0.0227855	-8678.6
556	0.0227855	-8711.43
557	0.0227855	-8689.11
558	0.0227855	-8683.6
559	0.0227855	-8534.7
560	0.0227855	-8494.69
561	0.0227855	-8540.75
562	0.0227855	-8388.08
563	0.0227855	-8533
564	0.0227855	-8431.87
565	0.0227855	-8703.97
566	0.0227855	-8414
567	0.0227855	-8696.95
568	0.0227855	-8803.75
569	0.0227855	-8736.97
570	0.0227855	-8571.49
571	0.0227855	-8646.59
572	0.0227855	-8729.47
573	0.0227855	-9049.95
574	0.0227855	-8927.26
575	0.0227855	-8732.39
576	0.0227855	-8532.89
577	0.0227855	-8756.83
578	0.0227855	-8792.73
579	0.0227855	-8727.75
580	0.0227855	-8817.55
581	0.0227855	-9054.65
582	0.0227855	-9008.24
583	0.0227855	-9014.35
584	0.0227855	-8885.37
585	0.0227855	-8786.6
586	0.0227855	-8797.05
587	0.0227855	-8726.78
588	0.0227855	-8824.02
589	0.0227855	-8836.4
590	0.0227855	-8658.43
591	0.0227855	-8606.19
592	0.0227855	-8777.96
593	0.0227855	-8649.79
594	0.0227855	-8790.6
595	0.0227855	-8615.07
596	0.0227855	-8686.01
597	0.0227855	-8762.36
598	0.0227855	-8568.4
599	0.0227855	-8667.35
600	0.0227855	-8750.29
601	0.0227855	-8538.97
602	0.0227855	-8766.85
603	0.0227855	-8879.3
604	0.0227855	-9008.19
605	0.0227855	-8761
606	0.0227855	-8665.48
607	0.0227855	-8539.45
608	0.0227855	-8857.77
609	0.0227855	-8626.42
610	0.0227855	-8766.1
611	0.0227855	-8794.65
612	0.0227855	-8851.04
613	0.0227855	-8681.13
614	0.0227855	-8632.73
615	0.0227855	-8608.46
616	0.0227855	-8711.35
617	0.0227855	-8752.94
618	0.0227855	-8740.52
619	0.0227855	-8632.84
620	0.0227855	-8854.27
621	0.0227855	-8536.51
622	0.0227855	-8638.46
623	0.0227855	-8904.06
624	0.0227855	-8646.38
625	0.0227855	-8739.56
626	0.0227855	-8769.66
627	0.0227855	-8693.28
628	0.0227855	-8526.59
629	0.0227855	-8882.83
630	0.0227855	-8696.46
631	0.0227855	-8618.41
632	0.0227855	-8455.06
633	0.0227855	-8575.38
634	0.0227855	-8875.28
635	0.0227855	-8694.25
636	0.0227855	-8750.18
637	0.0227855	-8887.08
638	0.0227855	-8839.34
639	0.0227855	-8824.49
640	0.0227855	-8988.06
641	0.0227855	-8641.26
642	0.0227855	-8653.95
643	0.0227855	-8711.98
644	0.0227855	-8667.04
645	0.0227855	-8700.38
646	0.0227855	-8841.66
647	0.0227855	-8700.19
648	0.0227855	-8819
649	0.0227855	-8707.51
650	0.0227855	-8843.19
651	0.0227855	-8635.5
652	0.0227855	-8737.21
653	0.0227855	-8541.29
654	0.0227855	-8665.21
655	0.0227855	-8958.11
656	0.0227855	-8973.18
657	0.0227855	-8970.58
658	0.0227855	-8993.85
659	0.0227855	-8996.11
660	0.0227855	-8936.37
661	0.0227855	-9187.52
662	0.0227855	-9062.24
663	0.0227855	-9016.58
664	0.0227855	-8945.02
665	0.0227855	-8742.05
666	0.0227855	-8580.04
667	0.0227855	-8692.79
668	0.0227855	-8916.45
669	0.0227855	-8579
670	0.0227855	-8757.82
671	0.0227855	-8619.59
672	0.0227855	-8722.65
673	0.0227855	-8815.94
674	0.0227855	-8849.86
675	0.0227855	-8762.94
676	0.0227855	-8771.14
677	0.0227855	-8777
678	0.0227855	-8625.02
679	0.0227855	-8635.75
680	0.0227855	-8953.23
681	0.0227855	-8832.74
682	0.0227855	-8930.15
683	0.0227855	-8758.53
684	0.0227855	-8686.58
685	0.0227855	-8881.87
686	0.0227855	-9054.98
687	0.0227855	-8839.12
688	0.0227855	-8799.4
689	0.0227855	-8704.64
690	0.0227855	-8724.37
691	0.0227855	-8849.18
692	0.0227855	-8716.18
693	0.0227855	-8795.52
694	0.0227855	-8753.52
695	0.0227855	-8690.6
696	0.0227855	-8760.63
697	0.0227855	-8913.73
698	0.0227855	-8960.21
699	0.0227855	-8842.81
700	0.0227855	-8700.27
701	0.0227855	-8730.95
702	0.0227855	-8659.21
703	0.0227855	-8692.11
704	0.0227855	-8753.04
705	0.0227855	-8605.6
706	0.0227855	-8884.86
707	0.0227855	-8764.23
708	0.0227855	-8904.69
709	0.0227855	-8790.23
710	0.0227855	-8885.28
711	0.0227855	-8706.23
712	0.0227855	-8603.27
713	0.0227855	-8791.78
714	0.0227855	-8655.37
715	0.0227855	-8833.09
716	0.0227855	-8634.29
717	0.0227855	-8802.71
718	0.0227855	-8675.74
719	0.0227855	-8738.64
720	0.0227855	-8665.67
721	0.0227855	-8518.7
722	0.0227855	-8573.85
723	0.0227855	-8697.8
724	0.0227855	-8670.73
725	0.0227855	-8820.06
726	0.0227855	-8907.1
727	0.0227855	-8771.25
728	0.0227855	-8930.79
729	0.0227855	-8656.17
730	0.0227855	-8639.88
731	0.0227855	-8443.55
732	0.0227855	-8494.12
733	0.0227855	-8533.01
734	0.0227855	-8621.49
735	0.0227855	-8649.67
736	0.0227855	-8731.32
737	0.0227855	-8548.61
738	0.0227855	-8936.74
739	0.0227855	-8635.44
740	0.0227855	-8664.9
741	0.0227855	-8680.92
742	0.0227855	-8715.92
743	0.0227855	-8904.23
744	0.0227855	-8770.01
745	0.0227855	-9057.76
746	0.0227855	-8700.98
747	0.0227855	-8912.78
748	0.0227855	-8994.34
749	0.0227855	-8834.94
750	0.0227855	-8796.97
751	0.0227855	-9137.7
752	0.0227855	-9071.71
753	0.0227855	-8700.87
754	0.0227855	-8785.38
755	0.0227855	-8525.35
756	0.0227855	-8499.8
757	0.0227855	-8597.68
758	0.0227855	-8843.22
759	0.0227855	-8768.95
760	0.0227855	-8930.49
761	0.0227855	-8607.1
762	0.0227855	-8562.87
763	0.0227855	-8463.68
764	0.0227855	-8771.81
765	0.0227855	-8718.42
766	0.0227855	-8609.12
767	0.0227855	-8661.85
768	0.0227855	-8435.15
769	0.0227855	-8654.57
770	0.0227855	-8662.13
771	0.0227855	-8973.44
772	0.0227855	-9091.58
773	0.0227855	-8886.59
774	0.0227855	-8691.43
775	0.0227855	-8946
776	0.0227855	-8958.29
777	0.0227855	-8966.63
778	0.0227855	-8920.98
779	0.0227855	-8726.79
780	0.0227855	-8673.52
781	0.0227855	-8561.87
782	0.0227855	-8523.64
783	0.0227855	-8522.58
784	0.0227855	-8630.03
785	0.0227855	-8621.34
786	0.0227855	-8780.33
787	0.0227855	-8534.06
788	0.0227855	-8861.82
789	0.0227855	-8907.96
790	0.0227855	-8604.16
791	0.0227855	-8639.81
792	0.0227855	-8779.5
793	0.0227855	-8711.92
794	0.0227855	-8651.23
795	0.0227855	-8759.7
796	0.0227855	-8892.7
797	0.0227855	-8635.33
798	0.0227855	-8749.79
799	0.0227855	-8858.38
800	0.0227855	-8989.33
801	0.0227855	-8819.43
802	0.0227855	-8721.01
803	0.0227855	-8742.69
804	0.0227855	-8700.41
805	0.0227855	-8697.04
806	0.0227855	-8843.75
807	0.0227855	-9024.3
808	0.0227855	-9013.67
809	0.0227855	-8974.21
810	0.0227855	-8759.09
811	0.0227855	-8948.57
812	0.0227855	-8888.42
813	0.0227855	-8870.45
814	0.0227855	-8550.63
815	0.0227855	-8725.04
816	0.0227855	-8903.46
817	0.0227855	-8809.44
818	0.0227855	-8762.23
819	0.0227855	-8927.68
820	0.0227855	-8839.72
821	0.0227855	-8889.25
822	0.0227855	-8772.56
823	0.0227855	-8716.71
824	0.0227855	-8619.43
825	0.0227855	-8465.05
826	0.0227855	-8563.87
827	0.0227855	-8617.67
828	0.0227855	-8757.92
829	0.0227855	-8872.25
830	0.0227855	-8674.38
831	0.0227855	-8735.95
832	0.0227855	-8701.14
833	0.0227855	-8693.84
834	0.0227855	-8849.78
835	0.0227855	-8939.72
836	0.0227855	-8974.27
837	0.0227855	-8697.42
838	0.0227855	-8634.04
839	0.0227855	-8550.3
840	0.0227855	-8475.45
841	0.0227855	-8705.48
842	0.0227855	-8642.84
843	0.0227855	-8471.64
844	0.0227855	-8467.68
845	0.0227855	-8665.71
846	0.0227855	-8636.79
847	0.0227855	-8548.02
848	0.0227855	-8823.28
849	0.0227855	-8863.31
850	0.0227855	-8822.78
851	0.0227855	-8972.07
852	0.0227855	-8868.63
853	0.0227855	-8836.84
854	0.0227855	-8855.27
855	0.0227855	-8727.32
856	0.0227855	-8658.97
857	0.0227855	-8761.46
858	0.0227855	-8651.92
859	0.0227855	-8870.75
860	0.0227855	-8906.74
861	0.0227855	-8861.32
862	0.0227855	-8699.74
863	0.0227855	-8738.57
864	0.0227855	-8556.44
865	0.0227855	-8677.16
866	0.0227855	-8672.77
867	0.0227855	-8653.79
868	0.0227855	-8573.73
869	0.0227855	-8704.15
870	0.0227855	-8597.65
871	0.0227855	-8696.83
872	0.0227855	-8476.08
873	0.0227855	-8661.12
874	0.0227855	-9092.81
875	0.0227855	-8770.36
876	0.0227855	-8804.52
877	0.0227855	-8538.93
878	0.0227855	-8838.04
879	0.0227855	-8811.16
880	0.0227855	-8736.06
881	0.0227855	-8649.63
882	0.0227855	-8642.71
883	0.0227855	-8840.05
884	0.0227855	-8654.26
885	0.0227855	-8847.8
886	0.0227855	-8723.22
887	0.0227855	-8681.22
888	0.0227855	-8822.51
889	0.0227855	-8813.28
890	0.0227855	-8701.53
891	0.0227855	-8681.92
892	0.0227855	-8632.46
893	0.0227855	-8607.1
894	0.0227855	-8658.85
895	0.0227855	-8690.99
896	0.0227855	-8862.28
897	0.0227855	-8792.83
898	0.0227855	-8847.17
899	0.0227855	-8691.73
900	0.0227855	-8523.88
901	0.0227855	-8587.53
902	0.0227855	-8618.61
903	0.0227855	-8622.17
904	0.0227855	-8700.88
905	0.0227855	-8761.57
906	0.0227855	-8597.57
907	0.0227855	-8775.19
908	0.0227855	-8572.41
909	0.0227855	-8613.03
910	0.0227855	-8774.51
911	0.0227855	-8819.2
912	0.0227855	-8748.71
913	0.0227855	-8551.34
914	0.0227855	-8470.05
915	0.0227855	-8567.62
916	0.0227855	-8602.35
917	0.0227855	-8650.24
918	0.0227855	-8619.92
919	0.0227855	-8643.39
920	0.0227855	-8803.77
921	0.0227855	-8644.03
922	0.0227855	-8790.57
923	0.0227855	-9107.28
924	0.0227855	-8886.85
925	0.0227855	-9017.97
926	0.0227855	-8564.96
927	0.0227855	-8692.96
928	0.0227855	-9024.6
929	0.0227855	-8814.27
930	0.0227855	-8726.04
931	0.0227855	-8924.46
932	0.0227855	-8671.05
933	0.0227855	-8654.51
934	0.0227855	-8582.52
935	0.0227855	-8724.78
936	0.0227855	-8695.47
937	0.0227855	-8637.93
938	0.0227855	-8864.17
939	0.0227855	-8759.75
940	0.0227855	-8776.79
941	0.0227855	-9005.86
942	0.0227855	-8981.12
943	0.0227855	-8837.2
944	0.0227855	-8733.45
945	0.0227855	-8929.38
946	0.0227855	-8640.73
947	0.0227855	-8664.69
948	0.0227855	-8564.29
949	0.0227855	-8893.39
950	0.0227855	-8868.27
951	0.0227855	-9088.3
952	0.0227855	-8888.57
953	0.0227855	-8608.83
954	0.0227855	-9035.37
955	0.0227855	-9006.02
956	0.0227855	-8698.4
957	0.0227855	-8650.44
958	0.0227855	-8702.03
959	0.0227855	-8528.44
960	0.0227855	-8720.14
961	0.0227855	-8672.09
962	0.0227855	-8803.18
963	0.0227855	-9013.51
964	0.0227855	-8852.36
965	0.0227855	-8751.35
966	0.0227855	-8695.76
967	0.0227855	-8669.21
968	0.0227855	-8836.06
969	0.0227855	-8679.93
970	0.0227855	-8607.96
971	0.0227855	-8682.83
972	0.0227855	-8912.61
973	0.0227855	-8674.29
974	0.0227855	-8701.75
975	0.0227855	-8478.08
976	0.0227855	-8617.44
977	0.0227855	-8684.66
978	0.0227855	-8694.18
979	0.0227855	-8837.52
980	0.0227855	-8867.09
981	0.0227855	-8776.95
982	0.0227855	-8742.39
983	0.0227855	-8753.1
984	0.0227855	-8845.31
985	0.0227855	-8882.56
986	0.0227855	-9028.22
987	0.0227855	-8907.87
988	0.0227855	-8908
989	0.0227855	-8922.96
990	0.0227855	-8936.37
991	0.0227855	-8954.18
992	0.0227855	-8672.14
993	0.0227855	-8792.44
994	0.0227855	-8655.02
995	0.0227855	-8694.97
996	0.0227855	-8699.5
997	0.0227855	-8675.54
998	0.0227855	-8756.57
999	0.0227855	-8586.42
1000	0.0227855	-8797.87
251	0.0182445	-8759.98
252	0.0182445	-8835.72
253	0.0182445	-8644.09
254	0.0182445	-8784.99
255	0.0182445	-8905.66
256	0.0182445	-8707.67
257	0.0182445	-8776.57
258	0.0182445	-8621.85
259	0.0182445	-8845.83
260	0.0182445	-8809.9
261	0.0182445	-8948.33
262	0.0182445	-8780.82
263	0.0182445	-8751.27
264	0.0182445	-8698.29
265	0.0182445	-8643.08
266	0.0182445	-8500.91
267	0.0182445	-8755.38
268	0.0182445	-8968.68
269	0.0182445	-8711.36
270	0.0182445	-8793.47
271	0.0182445	-8728.28
272	0.0182445	-8707
273	0.0182445	-8721.25
274	0.0182445	-8866.96
275	0.0182445	-8981.92
276	0.0182445	-8939.15
277	0.0182445	-8591.22
278	0.0182445	-8852.3
279	0.0182445	-8758.14
280	0.0182445	-8804.34
281	0.0182445	-8904.49
282	0.0182445	-8762.26
283	0.0182445	-8923.76
284	0.0182445	-8777.29
285	0.0182445	-8995.31
286	0.0182445	-9143.47
287	0.0182445	-8993.49
288	0.0182445	-8894.62
289	0.0182445	-9152.05
290	0.0182445	-8885.61
291	0.0182445	-8627.05
292	0.0182445	-8710.61
293	0.0182445	-8691.99
294	0.0182445	-8624.73
295	0.0182445	-8715.14
296	0.0182445	-8551.45
297	0.0182445	-8681.96
298	0.0182445	-8945.9
299	0.0182445	-8725.76
300	0.0182445	-8978.5
301	0.0182445	-8795.03
302	0.0182445	-8738.27
303	0.0182445	-8784.49
304	0.0182445	-8720.4
305	0.0182445	-8820.73
306	0.0182445	-8875.37
307	0.0182445	-8636.41
308	0.0182445	-8939.08
309	0.0182445	-8764.13
310	0.0182445	-8728.47
311	0.0182445	-8671.27
312	0.0182445	-8709.15
313	0.0182445	-8810.87
314	0.0182445	-8840.77
315	0.0182445	-8738.97
316	0.0182445	-8822.09
317	0.0182445	-8895.22
318	0.0182445	-8957.86
319	0.0182445	-8910.59
320	0.0182445	-8737.3
321	0.0182445	-8794.8
322	0.0182445	-8652.07
323	0.0182445	-8774
324	0.0182445	-8680.31
325	0.0182445	-8778.14
326	0.0182445	-9029
327	0.0182445	-8748.94
328	0.0182445	-8800.94
329	0.0182445	-8664.57
330	0.0182445	-8799.28
331	0.0182445	-9184.78
332	0.0182445	-8865.93
333	0.0182445	-8771.93
334	0.0182445	-8615.69
335	0.0182445	-8928.07
336	0.0182445	-8774.45
337	0.0182445	-9137.21
338	0.0182445	-8980.43
339	0.0182445	-8883.75
340	0.0182445	-9067.04
341	0.0182445	-8721.82
342	0.0182445	-8714.2
343	0.0182445	-8728.38
344	0.0182445	-8730.9
345	0.0182445	-8862.33
346	0.0182445	-8777.61
347	0.0182445	-8869.7
348	0.0182445	-9020.13
349	0.0182445	-8807.47
350	0.0182445	-8634.53
351	0.0182445	-8897.66
352	0.0182445	-9036.28
353	0.0182445	-9062.92
354	0.0182445	-8899.56
355	0.0182445	-8915.07
356	0.0182445	-9037.4
357	0.0182445	-8693.52
358	0.0182445	-8847.07
359	0.0182445	-8857.37
360	0.0182445	-8775.73
361	0.0182445	-8861.14
362	0.0182445	-8776.97
363	0.0182445	-8621.33
364	0.0182445	-8860.83
365	0.0182445	-9184.08
366	0.0182445	-8923.77
367	0.0182445	-8739
368	0.0182445	-8691.97
369	0.0182445	-8817.73
370	0.0182445	-9018.07
371	0.0182445	-8808.78
372	0.0182445	-8898.33
373	0.0182445	-8742.66
374	0.0182445	-8860.51
375	0.0182445	-8943.98
376	0.0182445	-8887.76
377	0.0182445	-8999.7
378	0.0182445	-8951.32
379	0.0182445	-8714.76
380	0.0182445	-8753.09
381	0.0182445	-8777.27
382	0.0182445	-9007.42
383	0.0182445	-9022.61
384	0.0182445	-8963.27
385	0.0182445	-8906.89
386	0.0182445	-9261.51
387	0.0182445	-8889.58
388	0.0182445	-8799.89
389	0.0182445	-8982.62
390	0.0182445	-8871.27
391	0.0182445	-8976.92
392	0.0182445	-9091.25
393	0.0182445	-8979.61
394	0.0182445	-8941.16
395	0.0182445	-8933.66
396	0.0182445	-8997.99
397	0.0182445	-8789.49
398	0.0182445	-8980.29
399	0.0182445	-8934.93
400	0.0182445	-8841.43
401	0.0182445	-8880.91
402	0.0182445	-8995.46
403	0.0182445	-8815.93
404	0.0182445	-8990.95
405	0.0182445	-8929.18
406	0.0182445	-8896.01
407	0.0182445	-8848.97
408	0.0182445	-8746.53
409	0.0182445	-8739.11
410	0.0182445	-8695.66
411	0.0182445	-8928.35
412	0.0182445	-8886.11
413	0.0182445	-8791.49
414	0.0182445	-8694.43
415	0.0182445	-8900.13
416	0.0182445	-8906.72
417	0.0182445	-9009.97
418	0.0182445	-8692.99
419	0.0182445	-8638.82
420	0.0182445	-8775.71
421	0.0182445	-8713.97
422	0.0182445	-8644.54
423	0.0182445	-8697.12
424	0.0182445	-8869.26
425	0.0182445	-8852.96
426	0.0182445	-8718.22
427	0.0182445	-8722.26
428	0.0182445	-8702.42
429	0.0182445	-8587.19
430	0.0182445	-8782.81
431	0.0182445	-8634.31
432	0.0182445	-8611.62
433	0.0182445	-8895.77
434	0.0182445	-8956.23
435	0.0182445	-9255.08
436	0.0182445	-9070.24
437	0.0182445	-8910.57
438	0.0182445	-8978.83
439	0.0182445	-9189.93
440	0.0182445	-8999.72
441	0.0182445	-8708.17
442	0.0182445	-8684.95
443	0.0182445	-8706.2
444	0.0182445	-8748.19
445	0.0182445	-8922.43
446	0.0182445	-8702.57
447	0.0182445	-8652.42
448	0.0182445	-8740.64
449	0.0182445	-8793.9
450	0.0182445	-8739.92
451	0.0182445	-8816.31
452	0.0182445	-8782.62
453	0.0182445	-9012.81
454	0.0182445	-9143.1
455	0.0182445	-8967.97
456	0.0182445	-9101.49
457	0.0182445	-8704.93
458	0.0182445	-8744.38
459	0.0182445	-8895.42
460	0.0182445	-9126.81
461	0.0182445	-9284.52
462	0.0182445	-8998.32
463	0.0182445	-8995.89
464	0.0182445	-8956.84
465	0.0182445	-8794.18
466	0.0182445	-8687.55
467	0.0182445	-8773.62
468	0.0182445	-8750.7
469	0.0182445	-8677.39
470	0.0182445	-8711.55
471	0.0182445	-8809.3
472	0.0182445	-8913.6
473	0.0182445	-9028.68
474	0.0182445	-9231.53
475	0.0182445	-8769.51
476	0.0182445	-8718.7
477	0.0182445	-8683.03
478	0.0182445	-8897.96
479	0.0182445	-9257.96
480	0.0182445	-8835.57
481	0.0182445	-9172.21
482	0.0182445	-8963.86
483	0.0182445	-8960.17
484	0.0182445	-9079.14
485	0.0182445	-9222.46
486	0.0182445	-9050.43
487	0.0182445	-9279.49
488	0.0182445	-9073.58
489	0.0182445	-8763.45
490	0.0182445	-8739.47
491	0.0182445	-8646.53
492	0.0182445	-8773.35
493	0.0182445	-8909.58
494	0.0182445	-9104.32
495	0.0182445	-9086.29
496	0.0182445	-8836.04
497	0.0182445	-9021.91
498	0.0182445	-9180.56
499	0.0182445	-8913.89
500	0.0182445	-8833.95
501	0.0182445	-9100.96
502	0.0182445	-8760.48
503	0.0182445	-8913.88
504	0.0182445	-8989.05
505	0.0182445	-8875.11
506	0.0182445	-8846.93
507	0.0182445	-8791.15
508	0.0182445	-9030.14
509	0.0182445	-8918.73
510	0.0182445	-9034.53
511	0.0182445	-8830.12
512	0.0182445	-8813.64
513	0.0182445	-8776.5
514	0.0182445	-9001.87
515	0.0182445	-8867.62
516	0.0182445	-8678.23
517	0.0182445	-8726.88
518	0.0182445	-8742.45
519	0.0182445	-8665.53
520	0.0182445	-8765.4
521	0.0182445	-8730.31
522	0.0182445	-8935.92
523	0.0182445	-8635.29
524	0.0182445	-8648.41
525	0.0182445	-8535.13
526	0.0182445	-8692.48
527	0.0182445	-8811.73
528	0.0182445	-8731.61
529	0.0182445	-9343.38
530	0.0182445	-8920.92
531	0.0182445	-8873.94
532	0.0182445	-8910.8
533	0.0182445	-8998.26
534	0.0182445	-8823.46
535	0.0182445	-9001.13
536	0.0182445	-8935.74
537	0.0182445	-8870.29
538	0.0182445	-8953.25
539	0.0182445	-8970.83
540	0.0182445	-8860.61
541	0.0182445	-8915.49
542	0.0182445	-8829.53
543	0.0182445	-9074.3
544	0.0182445	-8971.8
545	0.0182445	-9092.26
546	0.0182445	-8739.04
547	0.0182445	-8667.25
548	0.0182445	-8519.22
549	0.0182445	-8552.34
550	0.0182445	-8670.6
551	0.0182445	-8813.94
552	0.0182445	-8436.71
553	0.0182445	-8709.51
554	0.0182445	-8644.91
555	0.0182445	-8683.71
556	0.0182445	-9029.5
557	0.0182445	-8767.65
558	0.0182445	-8687.8
559	0.0182445	-8706.9
560	0.0182445	-8946.64
561	0.0182445	-8986.31
562	0.0182445	-8685.46
563	0.0182445	-8973.2
564	0.0182445	-9084.33
565	0.0182445	-8963.8
566	0.0182445	-9043.01
567	0.0182445	-8810.57
568	0.0182445	-8664.09
569	0.0182445	-8646.55
570	0.0182445	-8858.67
571	0.0182445	-8914.35
572	0.0182445	-8639.51
573	0.0182445	-8673.15
574	0.0182445	-8645.98
575	0.0182445	-8863.98
576	0.0182445	-8597.82
577	0.0182445	-8472.87
578	0.0182445	-8890.57
579	0.0182445	-8735.23
580	0.0182445	-8914.94
581	0.0182445	-9153.64
582	0.0182445	-8909.1
583	0.0182445	-8922.55
584	0.0182445	-8793.98
585	0.0182445	-8792.25
586	0.0182445	-8935.43
587	0.0182445	-8694.58
588	0.0182445	-8804.23
589	0.0182445	-8821.01
590	0.0182445	-8635
591	0.0182445	-8937.72
592	0.0182445	-8910.62
593	0.0182445	-8680.64
594	0.0182445	-8882.37
595	0.0182445	-8727.65
596	0.0182445	-8759.11
597	0.0182445	-8968.52
598	0.0182445	-9012.76
599	0.0182445	-8689.94
600	0.0182445	-8829.62
601	0.0182445	-8832.39
602	0.0182445	-8940.53
603	0.0182445	-8877.36
604	0.0182445	-8879.32
605	0.0182445	-8844.36
606	0.0182445	-8933.96
607	0.0182445	-8888.54
608	0.0182445	-8741.1
609	0.0182445	-8850.62
610	0.0182445	-8680.92
611	0.0182445	-8855.84
612	0.0182445	-9040.54
613	0.0182445	-8753.42
614	0.0182445	-8921.09
615	0.0182445	-8656.9
616	0.0182445	-8901.92
617	0.0182445	-9000.2
618	0.0182445	-9128.25
619	0.0182445	-8974.88
620	0.0182445	-9064.74
621	0.0182445	-8952.69
622	0.0182445	-8690.42
623	0.0182445	-8822.87
624	0.0182445	-8959.7
625	0.0182445	-9022.59
626	0.0182445	-8865.23
627	0.0182445	-9021.17
628	0.0182445	-8957.17
629	0.0182445	-8974.67
630	0.0182445	-9000
631	0.0182445	-8980.59
632	0.0182445	-8892.4
633	0.0182445	-8862.71
634	0.0182445	-8841.4
635	0.0182445	-8761.58
636	0.0182445	-8472.53
637	0.0182445	-8716.64
638	0.0182445	-8655.51
639	0.0182445	-8899.85
640	0.0182445	-8711.78
641	0.0182445	-8905.71
642	0.0182445	-8695.28
643	0.0182445	-8795.64
644	0.0182445	-9133.16
645	0.0182445	-8952.05
646	0.0182445	-8952.31
647	0.0182445	-9008.23
648	0.0182445	-8795.5
649	0.0182445	-8757.93
650	0.0182445	-8777.65
651	0.0182445	-8727.78
652	0.0182445	-8725.58
653	0.0182445	-8634.99
654	0.0182445	-8766.33
655	0.0182445	-9099.01
656	0.0182445	-8990.77
657	0.0182445	-8830.15
658	0.0182445	-8648.39
659	0.0182445	-8722.37
660	0.0182445	-8743.72
661	0.0182445	-8659.54
662	0.0182445	-8602.56
663	0.0182445	-8906.24
664	0.0182445	-8646.48
665	0.0182445	-8669.82
666	0.0182445	-8778.84
667	0.0182445	-8977.55
668	0.0182445	-8761.57
669	0.0182445	-8949.99
670	0.0182445	-8831.5
671	0.0182445	-8818.13
672	0.0182445	-8675.9
673	0.0182445	-8692.37
674	0.0182445	-8704.66
675	0.0182445	-8696.81
676	0.0182445	-9101.65
677	0.0182445	-8666.6
678	0.0182445	-8993.55
679	0.0182445	-8767.52
680	0.0182445	-8712.3
681	0.0182445	-8861.13
682	0.0182445	-8913.36
683	0.0182445	-8905.15
684	0.0182445	-8850.02
685	0.0182445	-9035.83
686	0.0182445	-9032.36
687	0.0182445	-9043.43
688	0.0182445	-8630.43
689	0.0182445	-8878.43
690	0.0182445	-8669.08
691	0.0182445	-8725.55
692	0.0182445	-8799.95
693	0.0182445	-8761.92
694	0.0182445	-8696.76
695	0.0182445	-8633.83
696	0.0182445	-8599.67
697	0.0182445	-8855.37
698	0.0182445	-8660.57
699	0.0182445	-8945.18
700	0.0182445	-8823.72
701	0.0182445	-8715.43
702	0.0182445	-8682.28
703	0.0182445	-8766.08
704	0.0182445	-9045.13
705	0.0182445	-8932.76
706	0.0182445	-9148.48
707	0.0182445	-8917.3
708	0.0182445	-8865.54
709	0.0182445	-8934.79
710	0.0182445	-8900.62
711	0.0182445	-8683.22
712	0.0182445	-8671.51
713	0.0182445	-8579.43
714	0.0182445	-8449.36
715	0.0182445	-8720.53
716	0.0182445	-8811.97
717	0.0182445	-8890.62
718	0.0182445	-8877.7
719	0.0182445	-8555.18
720	0.0182445	-8618.51
721	0.0182445	-8815.31
722	0.0182445	-8811.49
723	0.0182445	-8735.28
724	0.0182445	-8696.33
725	0.0182445	-8854.91
726	0.0182445	-8651.26
727	0.0182445	-8675.95
728	0.0182445	-8955.06
729	0.0182445	-8683.1
730	0.0182445	-8889.7
731	0.0182445	-8736.91
732	0.0182445	-8893.63
733	0.0182445	-8847.39
734	0.0182445	-8841.02
735	0.0182445	-9038.17
736	0.0182445	-9026.3
737	0.0182445	-8983.21
738	0.0182445	-8778.61
739	0.0182445	-8693.96
740	0.0182445	-8687.25
741	0.0182445	-8817.28
742	0.0182445	-8710.48
743	0.0182445	-8677.44
744	0.0182445	-8880.83
745	0.0182445	-8810.47
746	0.0182445	-8794.36
747	0.0182445	-8735.51
748	0.0182445	-8961.59
749	0.0182445	-8959.34
750	0.0182445	-8892.16
751	0.0182445	-8754.8
752	0.0182445	-9118.48
753	0.0182445	-8794.61
754	0.0182445	-8736.41
755	0.0182445	-8699.72
756	0.0182445	-8633.79
757	0.0182445	-8752
758	0.0182445	-9224.11
759	0.0182445	-8986.36
760	0.0182445	-9135.89
761	0.0182445	-8906.4
762	0.0182445	-8713.63
763	0.0182445	-9060.75
764	0.0182445	-8747.04
765	0.0182445	-8789.17
766	0.0182445	-8602.02
767	0.0182445	-8982.51
768	0.0182445	-8866.68
769	0.0182445	-8793.19
770	0.0182445	-8848.48
771	0.0182445	-8739.11
772	0.0182445	-8983.33
773	0.0182445	-8781.03
774	0.0182445	-8886.72
775	0.0182445	-8815.2
776	0.0182445	-8728.47
777	0.0182445	-8697.91
778	0.0182445	-8758.62
779	0.0182445	-8666.91
780	0.0182445	-8967.2
781	0.0182445	-9124.38
782	0.0182445	-8712.98
783	0.0182445	-8897.43
784	0.0182445	-8946.02
785	0.0182445	-9001.02
786	0.0182445	-8833.25
787	0.0182445	-8982.36
788	0.0182445	-9052.72
789	0.0182445	-9000.85
790	0.0182445	-8869.7
791	0.0182445	-8735.89
792	0.0182445	-9042.82
793	0.0182445	-8836.11
794	0.0182445	-9010.51
795	0.0182445	-8860.68
796	0.0182445	-8806.47
797	0.0182445	-8653.88
798	0.0182445	-8721.58
799	0.0182445	-8760.99
800	0.0182445	-8763.99
801	0.0182445	-8846.37
802	0.0182445	-8947.82
803	0.0182445	-8742.67
804	0.0182445	-8969.03
805	0.0182445	-8669.86
806	0.0182445	-8964.97
807	0.0182445	-8835.68
808	0.0182445	-8784.08
809	0.0182445	-8579.65
810	0.0182445	-8643.13
811	0.0182445	-8504.54
812	0.0182445	-8774.66
813	0.0182445	-8660.14
814	0.0182445	-9003.7
815	0.0182445	-8920.37
816	0.0182445	-8953.37
817	0.0182445	-8779.83
818	0.0182445	-8955.22
819	0.0182445	-8768.88
820	0.0182445	-8797.36
821	0.0182445	-8907.6
822	0.0182445	-8957.2
823	0.0182445	-8926.15
824	0.0182445	-8556.3
825	0.0182445	-8779.06
826	0.0182445	-8804.43
827	0.0182445	-8899.42
828	0.0182445	-8973.8
829	0.0182445	-8819.85
830	0.0182445	-8886.06
831	0.0182445	-8898.14
832	0.0182445	-8927.64
833	0.0182445	-8938.27
834	0.0182445	-8673.88
835	0.0182445	-8809.47
836	0.0182445	-8463.36
837	0.0182445	-8691.56
838	0.0182445	-8726.09
839	0.0182445	-8712.3
840	0.0182445	-8821.62
841	0.0182445	-8926.86
842	0.0182445	-8762.87
843	0.0182445	-8830.23
844	0.0182445	-8763.98
845	0.0182445	-8751.27
846	0.0182445	-8974.65
847	0.0182445	-8910.51
848	0.0182445	-8787.98
849	0.0182445	-8734.54
850	0.0182445	-8691.19
851	0.0182445	-8935.99
852	0.0182445	-8904.15
853	0.0182445	-8913.86
854	0.0182445	-8935.15
855	0.0182445	-8694.62
856	0.0182445	-8883.54
857	0.0182445	-8669.37
858	0.0182445	-8756.15
859	0.0182445	-8606.44
860	0.0182445	-8576.04
861	0.0182445	-8805.43
862	0.0182445	-8625.81
863	0.0182445	-8741.51
864	0.0182445	-8836.07
865	0.0182445	-8969.42
866	0.0182445	-8752.63
867	0.0182445	-8769.23
868	0.0182445	-8608.65
869	0.0182445	-8635.22
870	0.0182445	-8663.24
871	0.0182445	-8739.95
872	0.0182445	-8713.54
873	0.0182445	-8944.26
874	0.0182445	-8874.29
875	0.0182445	-8814.44
876	0.0182445	-9023.76
877	0.0182445	-9028.68
878	0.0182445	-8723.36
879	0.0182445	-8932.09
880	0.0182445	-9017.39
881	0.0182445	-8666.95
882	0.0182445	-8788.24
883	0.0182445	-8777.53
884	0.0182445	-8723.34
885	0.0182445	-8424.83
886	0.0182445	-8639.52
887	0.0182445	-8720.5
888	0.0182445	-8898.04
889	0.0182445	-8838.07
890	0.0182445	-9068.41
891	0.0182445	-9128.38
892	0.0182445	-8772.84
893	0.0182445	-8782.22
894	0.0182445	-8805.19
895	0.0182445	-8782.99
896	0.0182445	-8608.64
897	0.0182445	-8739.66
898	0.0182445	-8832.67
899	0.0182445	-8564.66
900	0.0182445	-8717.96
901	0.0182445	-8784.96
902	0.0182445	-8791.97
903	0.0182445	-8899.26
904	0.0182445	-8856.72
905	0.0182445	-8827.92
906	0.0182445	-9096.4
907	0.0182445	-9026.99
908	0.0182445	-8726.62
909	0.0182445	-8615.84
910	0.0182445	-8794.62
911	0.0182445	-8949.88
912	0.0182445	-9228.97
913	0.0182445	-8992.33
914	0.0182445	-8887.47
915	0.0182445	-8768.53
916	0.0182445	-8631.22
917	0.0182445	-8890.41
918	0.0182445	-8840.93
919	0.0182445	-8737.73
920	0.0182445	-8685.05
921	0.0182445	-8903.39
922	0.0182445	-8897.32
923	0.0182445	-8888.34
924	0.0182445	-8780.97
925	0.0182445	-8698.69
926	0.0182445	-8619.61
927	0.0182445	-9048.36
928	0.0182445	-8879.13
929	0.0182445	-8866.14
930	0.0182445	-8580.73
931	0.0182445	-8977.57
932	0.0182445	-8812.03
933	0.0182445	-8780.41
934	0.0182445	-8885.35
935	0.0182445	-8706.79
936	0.0182445	-9149.25
937	0.0182445	-8886.63
938	0.0182445	-8987.76
939	0.0182445	-9076.75
940	0.0182445	-8908.16
941	0.0182445	-8928.26
942	0.0182445	-8605.49
943	0.0182445	-8781.44
944	0.0182445	-8977.28
945	0.0182445	-8921.42
946	0.0182445	-8806.57
947	0.0182445	-8547.73
948	0.0182445	-8760.67
949	0.0182445	-8562.63
950	0.0182445	-8778.69
951	0.0182445	-9005.56
952	0.0182445	-9034.41
953	0.0182445	-8967.69
954	0.0182445	-8715.15
955	0.0182445	-8669.41
956	0.0182445	-8836.89
957	0.0182445	-8964.46
958	0.0182445	-8941.01
959	0.0182445	-9187.71
960	0.0182445	-8932.93
961	0.0182445	-8720.28
962	0.0182445	-8892.3
963	0.0182445	-8693.66
964	0.0182445	-8619.62
965	0.0182445	-8718.44
966	0.0182445	-8958.62
967	0.0182445	-8826.35
968	0.0182445	-9177.77
969	0.0182445	-8910.74
970	0.0182445	-8788.48
971	0.0182445	-8691.12
972	0.0182445	-8749.95
973	0.0182445	-8734.81
974	0.0182445	-8791.2
975	0.0182445	-8849.7
976	0.0182445	-8851.11
977	0.0182445	-8761.79
978	0.0182445	-8621.44
979	0.0182445	-8771.95
980	0.0182445	-8719.03
981	0.0182445	-8792.12
982	0.0182445	-8677.98
983	0.0182445	-8876.91
984	0.0182445	-8783.06
985	0.0182445	-8874.14
986	0.0182445	-8839.33
987	0.0182445	-8941.01
988	0.0182445	-8793.47
989	0.0182445	-8897.33
990	0.0182445	-9100.92
991	0.0182445	-9023.26
992	0.0182445	-9010.71
993	0.0182445	-8961.96
994	0.0182445	-8827.25
995	0.0182445	-8635.02
996	0.0182445	-8777.36
997	0.0182445	-8772.04
998	0.0182445	-8831.88
999	0.0182445	-8940.46
1000	0.0182445	-8649.45
251	0.0144583	-8917.47
252	0.0144583	-8702.6
253	0.0144583	-8542.07
254	0.0144583	-8804.01
255	0.0144583	-8771.58
256	0.0144583	-8958.95
257	0.0144583	-8708.21
258	0.0144583	-8735.58
259	0.0144583	-8772.31
260	0.0144583	-8722.63
261	0.0144583	-9082.03
262	0.0144583	-8988.1
263	0.0144583	-9091.32
264	0.0144583	-8988.79
265	0.0144583	-9050.87
266	0.0144583	-9219.11
267	0.0144583	-9066.98
268	0.0144583	-9184.07
269	0.0144583	-9143.86
270	0.0144583	-9141.54
271	0.0144583	-9199.01
272	0.0144583	-9292.01
273	0.0144583	-9103.31
274	0.0144583	-9279.13
275	0.0144583	-9319.33
276	0.0144583	-9107.93
277	0.0144583	-9162.63
278	0.0144583	-8873.88
279	0.0144583	-8812.27
280	0.0144583	-9203.28
281	0.0144583	-9232.11
282	0.0144583	-9293.92
283	0.0144583	-8854.83
284	0.0144583	-8812.27
285	0.0144583	-8991.43
286	0.0144583	-9306.35
287	0.0144583	-9038.57
288	0.0144583	-8950.59
289	0.0144583	-9280.73
290	0.0144583	-9046.09
291	0.0144583	-9238.97
292	0.0144583	-9438.59
293	0.0144583	-8720.95
294	0.0144583	-9271.58
295	0.0144583	-8902.8
296	0.0144583	-8888.07
297	0.0144583	-8924.44
298	0.0144583	-8884.99
299	0.0144583	-8890.42
300	0.0144583	-8936.81
301	0.0144583	-9003.46
302	0.0144583	-9318.26
303	0.0144583	-9440.16
304	0.0144583	-9386.63
305	0.0144583	-9083.23
306	0.0144583	-9248.64
307	0.0144583	-9231.93
308	0.0144583	-9353.26
309	0.0144583	-9088.27
310	0.0144583	-8952.68
311	0.0144583	-8985.98
312	0.0144583	-9446.78
313	0.0144583	-9137.31
314	0.0144583	-9199.57
315	0.0144583	-9073.84
316	0.0144583	-8660.65
317	0.0144583	-8592.07
318	0.0144583	-8696.71
319	0.0144583	-8991.37
320	0.0144583	-8592.88
321	0.0144583	-8730.36
322	0.0144583	-9189.07
323	0.0144583	-9027.73
324	0.0144583	-8870.15
325	0.0144583	-9241.21
326	0.0144583	-9005.29
327	0.0144583	-8934.95
328	0.0144583	-9120.86
329	0.0144583	-8812.03
330	0.0144583	-8727.29
331	0.0144583	-8892.84
332	0.0144583	-9001.32
333	0.0144583	-9164
334	0.0144583	-8707.29
335	0.0144583	-8879.12
336	0.0144583	-8819.46
337	0.0144583	-9137.37
338	0.0144583	-9052.99
339	0.0144583	-9523.26
340	0.0144583	-9087.23
341	0.0144583	-8801.47
342	0.0144583	-8855.65
343	0.0144583	-8922.7
344	0.0144583	-8867.18
345	0.0144583	-8850.38
346	0.0144583	-8792.71
347	0.0144583	-8648.28
348	0.0144583	-8997.01
349	0.0144583	-9147.28
350	0.0144583	-9125.77
351	0.0144583	-8946.06
352	0.0144583	-8679.17
353	0.0144583	-8914.25
354	0.0144583	-8942.1
355	0.0144583	-9243.77
356	0.0144583	-9064.59
357	0.0144583	-9020.67
358	0.0144583	-8885.37
359	0.0144583	-9129.24
360	0.0144583	-9080.51
361	0.0144583	-8915.79
362	0.0144583	-9216.08
363	0.0144583	-8849.36
364	0.0144583	-8994.2
365	0.0144583	-8802.71
366	0.0144583	-9010.19
367	0.0144583	-8831.44
368	0.0144583	-8868.41
369	0.0144583	-8863.52
370	0.0144583	-8917.32
371	0.0144583	-9111.94
372	0.0144583	-8935.07
373	0.0144583	-8745.24
374	0.0144583	-8975.45
375	0.0144583	-8736.22
376	0.0144583	-8878.81
377	0.0144583	-8705
378	0.0144583	-8593.18
379	0.0144583	-8935.28
380	0.0144583	-8959.81
381	0.0144583	-9061.49
382	0.0144583	-9155.71
383	0.0144583	-8974.79
384	0.0144583	-8789.29
385	0.0144583	-9058.25
386	0.0144583	-8869.45
387	0.0144583	-8820.56
388	0.0144583	-8778.36
389	0.0144583	-8908.27
390	0.0144583	-9141.92
391	0.0144583	-8837.93
392	0.0144583	-9128.04
393	0.0144583	-9196.71
394	0.0144583	-9202.01
395	0.0144583	-9342.68
396	0.0144583	-9006.38
397	0.0144583	-8928.42
398	0.0144583	-9001.35
399	0.0144583	-9128.43
400	0.0144583	-9252.12
401	0.0144583	-8771.74
402	0.0144583	-8699.79
403	0.0144583	-8951.9
404	0.0144583	-9170.89
405	0.0144583	-8970.82
406	0.0144583	-9086.19
407	0.0144583	-8846.9
408	0.0144583	-8995.18
409	0.0144583	-8924.18
410	0.0144583	-8743.79
411	0.0144583	-8938.84
412	0.0144583	-8783.02
413	0.0144583	-8697.01
414	0.0144583	-9186
415	0.0144583	-9020.34
416	0.0144583	-8796.38
417	0.0144583	-8939.65
418	0.0144583	-8991.46
419	0.0144583	-9452.07
420	0.0144583	-8822.84
421	0.0144583	-8953.78
422	0.0144583	-8943
423	0.0144583	-8889.28
424	0.0144583	-8700.94
425	0.0144583	-8839.97
426	0.0144583	-9053.13
427	0.0144583	-8808.29
428	0.0144583	-8797.51
429	0.0144583	-8919.2
430	0.0144583	-9023.52
431	0.0144583	-8752.42
432	0.0144583	-8910.18
433	0.0144583	-8859.75
434	0.0144583	-8805.19
435	0.0144583	-8813.85
436	0.0144583	-8553.98
437	0.0144583	-8861.55
438	0.0144583	-9047.38
439	0.0144583	-9178.1
440	0.0144583	-8952.43
441	0.0144583	-8906.83
442	0.0144583	-8971.67
443	0.0144583	-8997.93
444	0.0144583	-8984.84
445	0.0144583	-8914.44
446	0.0144583	-8914.06
447	0.0144583	-9047.72
448	0.0144583	-8828.9
449	0.0144583	-9587.07
450	0.0144583	-9085.04
451	0.0144583	-9032.95
452	0.0144583	-9054.36
453	0.0144583	-8778.38
454	0.0144583	-8832.6
455	0.0144583	-9157.65
456	0.0144583	-9078.57
457	0.0144583	-9002.93
458	0.0144583	-8909.39
459	0.0144583	-8862.11
460	0.0144583	-8883.02
461	0.0144583	-8866.66
462	0.0144583	-8641.2
463	0.0144583	-8914.56
464	0.0144583	-8887.21
465	0.0144583	-8918.15
466	0.0144583	-8945.74
467	0.0144583	-9074.94
468	0.0144583	-8866.64
469	0.0144583	-8996.76
470	0.0144583	-8943.83
471	0.0144583	-8713.89
472	0.0144583	-8898.32
473	0.0144583	-8844.41
474	0.0144583	-9124.41
475	0.0144583	-8893.24
476	0.0144583	-9091.21
477	0.0144583	-8943.17
478	0.0144583	-9028.29
479	0.0144583	-8921.49
480	0.0144583	-8836.72
481	0.0144583	-8691.78
482	0.0144583	-8762.22
483	0.0144583	-9043.1
484	0.0144583	-8713.15
485	0.0144583	-8763.88
486	0.0144583	-8697.47
487	0.0144583	-8713.51
488	0.0144583	-8941.37
489	0.0144583	-9017.72
490	0.0144583	-8889.98
491	0.0144583	-8949.77
492	0.0144583	-8778.39
493	0.0144583	-8888.93
494	0.0144583	-8830.58
495	0.0144583	-9120.51
496	0.0144583	-9043.38
497	0.0144583	-8753.69
498	0.0144583	-8792.02
499	0.0144583	-9095.94
500	0.0144583	-8877.14
501	0.0144583	-9027.06
502	0.0144583	-9244.39
503	0.0144583	-8805.41
504	0.0144583	-9167.47
505	0.0144583	-9372.66
506	0.0144583	-9117.49
507	0.0144583	-8806.44
508	0.0144583	-8777.16
509	0.0144583	-8897.45
510	0.0144583	-8828.35
511	0.0144583	-8876.23
512	0.0144583	-8772.25
513	0.0144583	-8633.72
514	0.0144583	-8811.16
515	0.0144583	-9055.33
516	0.0144583	-9180.14
517	0.0144583	-9786.64
518	0.0144583	-8954.52
519	0.0144583	-9228.52
520	0.0144583	-9116.64
521	0.0144583	-8918.83
522	0.0144583	-8969.9
523	0.0144583	-8803.92
524	0.0144583	-8785.48
525	0.0144583	-9171.4
526	0.0144583	-8890.72
527	0.0144583	-9039.19
528	0.0144583	-8742.72
529	0.0144583	-8790.37
530	0.0144583	-8746.78
531	0.0144583	-8825.01
532	0.0144583	-8898.16
533	0.0144583	-8805.45
534	0.0144583	-9030.68
535	0.0144583	-8802.88
536	0.0144583	-8807.57
537	0.0144583	-8797.72
538	0.0144583	-8892.27
539	0.0144583	-8797.81
540	0.0144583	-9091.1
541	0.0144583	-9115.41
542	0.0144583	-9025.59
543	0.0144583	-9089.49
544	0.0144583	-9111.2
545	0.0144583	-9223.18
546	0.0144583	-8802.55
547	0.0144583	-8859.19
548	0.0144583	-9048.13
549	0.0144583	-8855.21
550	0.0144583	-9027.86
551	0.0144583	-8705.23
552	0.0144583	-8895.38
553	0.0144583	-8867.78
554	0.0144583	-8846.48
555	0.0144583	-8721.19
556	0.0144583	-8731.91
557	0.0144583	-8975.21
558	0.0144583	-9138.87
559	0.0144583	-8941.04
560	0.0144583	-9140.63
561	0.0144583	-9148.35
562	0.0144583	-9121.06
563	0.0144583	-8966.23
564	0.0144583	-9341.03
565	0.0144583	-9071.35
566	0.0144583	-9098.19
567	0.0144583	-9006.03
568	0.0144583	-8995.88
569	0.0144583	-8788.24
570	0.0144583	-8781.01
571	0.0144583	-8734.39
572	0.0144583	-8694.75
573	0.0144583	-8778.66
574	0.0144583	-8705.92
575	0.0144583	-8989.88
576	0.0144583	-8968.57
577	0.0144583	-8805.01
578	0.0144583	-8895.26
579	0.0144583	-8993.78
580	0.0144583	-8870.65
581	0.0144583	-9273.66
582	0.0144583	-9232.97
583	0.0144583	-9622.62
584	0.0144583	-9052
585	0.0144583	-8912.44
586	0.0144583	-9547.12
587	0.0144583	-9392.05
588	0.0144583	-8785.27
589	0.0144583	-8866.22
590	0.0144583	-8726.92
591	0.0144583	-8902.84
592	0.0144583	-9054.88
593	0.0144583	-8843.83
594	0.0144583	-8819.28
595	0.0144583	-8638.28
596	0.0144583	-8583.58
597	0.0144583	-8863.26
598	0.0144583	-9011.83
599	0.0144583	-8876.75
600	0.0144583	-8778.58
601	0.0144583	-8873.8
602	0.0144583	-8937.63
603	0.0144583	-8736.29
604	0.0144583	-8869.53
605	0.0144583	-8789.84
606	0.0144583	-9095.96
607	0.0144583	-9271.09
608	0.0144583	-8857.87
609	0.0144583	-8692.53
610	0.0144583	-8715.7
611	0.0144583	-8832.08
612	0.0144583	-8886.83
613	0.0144583	-8769.83
614	0.0144583	-8955.51
615	0.0144583	-8744.43
616	0.0144583	-8699.3
617	0.0144583	-8678.04
618	0.0144583	-8744.66
619	0.0144583	-8866.61
620	0.0144583	-8818.96
621	0.0144583	-8674.55
622	0.0144583	-9000.71
623	0.0144583	-9017.68
624	0.0144583	-9021.79
625	0.0144583	-8974.51
626	0.0144583	-9172.89
627	0.0144583	-9448.1
628	0.0144583	-9125.34
629	0.0144583	-9153.55
630	0.0144583	-9098.23
631	0.0144583	-8918.06
632	0.0144583	-8719.41
633	0.0144583	-8770.03
634	0.0144583	-9066.73
635	0.0144583	-8927.66
636	0.0144583	-9278.4
637	0.0144583	-9184.69
638	0.0144583	-9304.66
639	0.0144583	-9091.39
640	0.0144583	-9120
641	0.0144583	-9038.04
642	0.0144583	-9329.03
643	0.0144583	-8961
644	0.0144583	-8900.92
645	0.0144583	-8754.02
646	0.0144583	-8800.61
647	0.0144583	-8845.12
648	0.0144583	-9090.91
649	0.0144583	-9182.25
650	0.0144583	-8843.14
651	0.0144583	-9009.14
652	0.0144583	-9089.4
653	0.0144583	-9096.09
654	0.0144583	-8911.49
655	0.0144583	-9251.07
656	0.0144583	-9009.65
657	0.0144583	-9007.41
658	0.0144583	-8706.94
659	0.0144583	-8623.93
660	0.0144583	-9330.87
661	0.0144583	-9525.5
662	0.0144583	-9412.66
663	0.0144583	-9111.25
664	0.0144583	-9022.67
665	0.0144583	-9063.48
666	0.0144583	-8715.88
667	0.0144583	-9093.05
668	0.0144583	-8671.52
669	0.0144583	-8890.95
670	0.0144583	-8955.44
671	0.0144583	-8692.93
672	0.0144583	-8689.8
673	0.0144583	-8954.98
674	0.0144583	-9110.26
675	0.0144583	-8942.89
676	0.0144583	-9107.07
677	0.0144583	-9394.19
678	0.0144583	-9057.71
679	0.0144583	-9408.59
680	0.0144583	-9265.13
681	0.0144583	-8986.83
682	0.0144583	-8827.36
683	0.0144583	-8940.78
684	0.0144583	-9071.34
685	0.0144583	-9367.15
686	0.0144583	-8975.21
687	0.0144583	-8848.55
688	0.0144583	-8793.25
689	0.0144583	-8578.21
690	0.0144583	-8745.42
691	0.0144583	-8967.11
692	0.0144583	-8900.19
693	0.0144583	-8978.13
694	0.0144583	-8973.27
695	0.0144583	-9139.19
696	0.0144583	-8820.38
697	0.0144583	-9082.57
698	0.0144583	-8778.71
699	0.0144583	-8960.45
700	0.0144583	-9220.35
701	0.0144583	-9310.05
702	0.0144583	-8941.48
703	0.0144583	-8996.58
704	0.0144583	-9299.05
705	0.0144583	-8959.01
706	0.0144583	-9290.44
707	0.0144583	-9290.97
708	0.0144583	-9189.92
709	0.0144583	-9186.72
710	0.0144583	-9340.11
711	0.0144583	-9410.26
712	0.0144583	-9058.1
713	0.0144583	-9079.05
714	0.0144583	-9342.68
715	0.0144583	-8866.37
716	0.0144583	-9128.1
717	0.0144583	-8984.04
718	0.0144583	-9023.07
719	0.0144583	-9064.88
720	0.0144583	-8863.95
721	0.0144583	-8819.52
722	0.0144583	-9128.24
723	0.0144583	-8930.06
724	0.0144583	-9028.43
725	0.0144583	-9247.19
726	0.0144583	-9267.09
727	0.0144583	-8909.68
728	0.0144583	-9024.41
729	0.0144583	-8932.11
730	0.0144583	-8950.28
731	0.0144583	-9122.58
732	0.0144583	-8964.29
733	0.0144583	-9249.71
734	0.0144583	-9171.79
735	0.0144583	-9324.43
736	0.0144583	-8967.77
737	0.0144583	-8985.51
738	0.0144583	-8885.45
739	0.0144583	-8910.02
740	0.0144583	-8910.18
741	0.0144583	-8651.19
742	0.0144583	-8746.77
743	0.0144583	-8781.02
744	0.0144583	-8845.56
745	0.0144583	-8751.73
746	0.0144583	-8722.21
747	0.0144583	-8942.37
748	0.0144583	-8753.72
749	0.0144583	-8787.49
750	0.0144583	-8889.95
751	0.0144583	-9181.42
752	0.0144583	-8984.83
753	0.0144583	-9115.56
754	0.0144583	-8814.02
755	0.0144583	-8907.75
756	0.0144583	-9143.73
757	0.0144583	-8805.67
758	0.0144583	-9120.66
759	0.0144583	-8864.66
760	0.0144583	-9079.54
761	0.0144583	-9051.52
762	0.0144583	-8885.36
763	0.0144583	-8936.72
764	0.0144583	-8819.06
765	0.0144583	-8721.57
766	0.0144583	-9019.35
767	0.0144583	-8884.52
768	0.0144583	-8614.3
769	0.0144583	-8847.96
770	0.0144583	-8940.65
771	0.0144583	-8692.08
772	0.0144583	-9175.92
773	0.0144583	-8812.28
774	0.0144583	-9167.88
775	0.0144583	-8979.38
776	0.0144583	-8994.13
777	0.0144583	-8755.33
778	0.0144583	-8906.16
779	0.0144583	-9379.63
780	0.0144583	-9083.64
781	0.0144583	-9470.56
782	0.0144583	-8828.44
783	0.0144583	-9194.3
784	0.0144583	-9098.59
785	0.0144583	-9377.98
786	0.0144583	-8897.83
787	0.0144583	-9292.57
788	0.0144583	-8925.67
789	0.0144583	-8982.75
790	0.0144583	-8670.34
791	0.0144583	-8906.39
792	0.0144583	-8977.97
793	0.0144583	-9078.95
794	0.0144583	-9026.18
795	0.0144583	-9118.38
796	0.0144583	-9060.7
797	0.0144583	-8818.92
798	0.0144583	-8646.81
799	0.0144583	-8799.26
800	0.0144583	-8972.14
801	0.0144583	-8933.19
802	0.0144583	-8812.21
803	0.0144583	-8840.76
804	0.0144583	-8788.13
805	0.0144583	-8875.32
806	0.0144583	-9108.19
807	0.0144583	-9022.32
808	0.0144583	-8990.63
809	0.0144583	-8956.18
810	0.0144583	-8804.39
811	0.0144583	-8836.59
812	0.0144583	-8745.44
813	0.0144583	-8831.91
814	0.0144583	-9028.03
815	0.0144583	-8962.43
816	0.0144583	-9045.53
817	0.0144583	-8971.01
818	0.0144583	-9349.7
819	0.0144583	-9182.91
820	0.0144583	-8957.88
821	0.0144583	-8946.38
822	0.0144583	-8958.96
823	0.0144583	-9366.02
824	0.0144583	-9043.1
825	0.0144583	-9125.01
826	0.0144583	-9128.67
827	0.0144583	-9033.96
828	0.0144583	-8971.82
829	0.0144583	-8950.69
830	0.0144583	-8864.89
831	0.0144583	-9009.79
832	0.0144583	-9067.52
833	0.0144583	-9387.93
834	0.0144583	-9000.44
835	0.0144583	-8843.77
836	0.0144583	-8830.65
837	0.0144583	-9108.58
838	0.0144583	-8939.3
839	0.0144583	-8685.01
840	0.0144583	-9053.83
841	0.0144583	-8860.91
842	0.0144583	-9213.92
843	0.0144583	-8809.6
844	0.0144583	-8781.55
845	0.0144583	-9167.55
846	0.0144583	-9066.17
847	0.0144583	-8772.2
848	0.0144583	-8712.95
849	0.0144583	-9099.14
850	0.0144583	-8871.85
851	0.0144583	-9179.83
852	0.0144583	-8763.93
853	0.0144583	-8755.83
854	0.0144583	-8855.5
855	0.0144583	-9238.85
856	0.0144583	-9084.37
857	0.0144583	-9086.81
858	0.0144583	-9035.48
859	0.0144583	-8839.15
860	0.0144583	-8833.58
861	0.0144583	-9330
862	0.0144583	-8875.49
863	0.0144583	-8618.16
864	0.0144583	-9038.54
865	0.0144583	-8865.59
866	0.0144583	-8804.16
867	0.0144583	-8803.32
868	0.0144583	-8967.69
869	0.0144583	-8731.76
870	0.0144583	-8940.67
871	0.0144583	-8916.39
872	0.0144583	-9058.68
873	0.0144583	-8911.63
874	0.0144583	-9111.37
875	0.0144583	-8736.4
876	0.0144583	-9028.58
877	0.0144583	-8933.38
878	0.0144583	-9149.68
879	0.0144583	-8741.58
880	0.0144583	-8934.12
881	0.0144583	-8987.91
882	0.0144583	-8702.57
883	0.0144583	-8966.17
884	0.0144583	-8783.86
885	0.0144583	-8852.31
886	0.0144583	-8644.75
887	0.0144583	-8773.73
888	0.0144583	-9145.45
889	0.0144583	-9201.48
890	0.0144583	-9585.86
891	0.0144583	-9147.82
892	0.0144583	-9205
893	0.0144583	-8708.82
894	0.0144583	-8881.52
895	0.0144583	-8702.06
896	0.0144583	-8623.64
897	0.0144583	-8768.65
898	0.0144583	-8751.14
899	0.0144583	-8824.55
900	0.0144583	-8724.08
901	0.0144583	-9226.55
902	0.0144583	-9011.51
903	0.0144583	-8935.26
904	0.0144583	-9247.99
905	0.0144583	-8991.13
906	0.0144583	-8962.84
907	0.0144583	-8757.53
908	0.0144583	-8696.02
909	0.0144583	-8882.28
910	0.0144583	-8958.21
911	0.0144583	-8778.97
912	0.0144583	-8740.38
913	0.0144583	-8867.24
914	0.0144583	-8821.41
915	0.0144583	-8790.66
916	0.0144583	-9100.95
917	0.0144583	-9241.84
918	0.0144583	-9132.79
919	0.0144583	-9053.9
920	0.0144583	-9236.27
921	0.0144583	-8875.07
922	0.0144583	-8839.31
923	0.0144583	-9038.18
924	0.0144583	-8901.24
925	0.0144583	-8785.76
926	0.0144583	-8869.96
927	0.0144583	-8953.92
928	0.0144583	-9085.28
929	0.0144583	-9392.44
930	0.0144583	-9145.37
931	0.0144583	-8877.11
932	0.0144583	-8748.81
933	0.0144583	-8880.17
934	0.0144583	-8805.42
935	0.0144583	-9003.58
936	0.0144583	-9253.03
937	0.0144583	-8945.68
938	0.0144583	-8866.58
939	0.0144583	-8962.23
940	0.0144583	-9003.7
941	0.0144583	-8904.58
942	0.0144583	-9377.61
943	0.0144583	-9443.54
944	0.0144583	-8591.57
945	0.0144583	-8668.59
946	0.0144583	-8842.63
947	0.0144583	-8625.77
948	0.0144583	-8683.06
949	0.0144583	-8698.15
950	0.0144583	-8804.9
951	0.0144583	-9253.42
952	0.0144583	-8701.23
953	0.0144583	-8681.59
954	0.0144583	-8635.24
955	0.0144583	-8787.59
956	0.0144583	-8850.76
957	0.0144583	-9183.59
958	0.0144583	-9125.76
959	0.0144583	-9106.26
960	0.0144583	-8827.04
961	0.0144583	-8850.29
962	0.0144583	-9444.52
963	0.0144583	-8748.54
964	0.0144583	-8947.74
965	0.0144583	-8930.18
966	0.0144583	-8985.83
967	0.0144583	-8959.56
968	0.0144583	-8836.08
969	0.0144583	-9106.98
970	0.0144583	-9300.88
971	0.0144583	-9201.08
972	0.0144583	-9214.87
973	0.0144583	-9159.37
974	0.0144583	-9192.2
975	0.0144583	-9007.2
976	0.0144583	-9062.62
977	0.0144583	-8962
978	0.0144583	-8822.43
979	0.0144583	-8813.22
980	0.0144583	-8762.03
981	0.0144583	-8883
982	0.0144583	-8727.37
983	0.0144583	-9161.37
984	0.0144583	-8746.6
985	0.0144583	-9109.86
986	0.0144583	-9071.15
987	0.0144583	-9206.21
988	0.0144583	-8995.71
989	0.0144583	-8945.4
990	0.0144583	-8788.23
991	0.0144583	-8813.14
992	0.0144583	-8975.25
993	0.0144583	-9068.62
994	0.0144583	-9173.37
995	0.0144583	-9203.32
996	0.0144583	-9168.76
997	0.0144583	-8876.72
998	0.0144583	-8729.92
999	0.0144583	-8721.74
1000	0.0144583	-8989.93
251	0.0113284	-8941.79
252	0.0113284	-9280.38
253	0.0113284	-9011.1
254	0.0113284	-8852.92
255	0.0113284	-9214.69
256	0.0113284	-8815.2
257	0.0113284	-8799.15
258	0.0113284	-8911.16
259	0.0113284	-8902.11
260	0.0113284	-9016.86
261	0.0113284	-9245.23
262	0.0113284	-8873.16
263	0.0113284	-8872.19
264	0.0113284	-9050.52
265	0.0113284	-9185.43
266	0.0113284	-9108.33
267	0.0113284	-8908.41
268	0.0113284	-9040.36
269	0.0113284	-8928.93
270	0.0113284	-8958.3
271	0.0113284	-9409.58
272	0.0113284	-9345.29
273	0.0113284	-9228.92
274	0.0113284	-8914.41
275	0.0113284	-9172.68
276	0.0113284	-8816.07
277	0.0113284	-8940.52
278	0.0113284	-9093.21
279	0.0113284	-9183.7
280	0.0113284	-9119.47
281	0.0113284	-9030.49
282	0.0113284	-9033.32
283	0.0113284	-9135.49
284	0.0113284	-9200.82
285	0.0113284	-9377.3
286	0.0113284	-9318.35
287	0.0113284	-9210.03
288	0.0113284	-9102.09
289	0.0113284	-9256.74
290	0.0113284	-8969.57
291	0.0113284	-9185.86
292	0.0113284	-8914.78
293	0.0113284	-9127.61
294	0.0113284	-8889.64
295	0.0113284	-9004.92
296	0.0113284	-8883.14
297	0.0113284	-8889.17
298	0.0113284	-8838.45
299	0.0113284	-9251.51
300	0.0113284	-9067.16
301	0.0113284	-9271.26
302	0.0113284	-9152.31
303	0.0113284	-9564.12
304	0.0113284	-9431.96
305	0.0113284	-9340.35
306	0.0113284	-8914.89
307	0.0113284	-9135.83
308	0.0113284	-8858.52
309	0.0113284	-9017.36
310	0.0113284	-9266.9
311	0.0113284	-9082.24
312	0.0113284	-8962.5
313	0.0113284	-9317.23
314	0.0113284	-8746.64
315	0.0113284	-8906.63
316	0.0113284	-8833.88
317	0.0113284	-8811.88
318	0.0113284	-8898.78
319	0.0113284	-9214.92
320	0.0113284	-9680.99
321	0.0113284	-8798.12
322	0.0113284	-8812.36
323	0.0113284	-9033.37
324	0.0113284	-9185.99
325	0.0113284	-9169.56
326	0.0113284	-9124.1
327	0.0113284	-9477.14
328	0.0113284	-8867.72
329	0.0113284	-9278.05
330	0.0113284	-9013.63
331	0.0113284	-9266.82
332	0.0113284	-8857.37
333	0.0113284	-8912.07
334	0.0113284	-8958.69
335	0.0113284	-9203.44
336	0.0113284	-8988.73
337	0.0113284	-8877.83
338	0.0113284	-9079.22
339	0.0113284	-9424.32
340	0.0113284	-9024.61
341	0.0113284	-9190.61
342	0.0113284	-9133.94
343	0.0113284	-9567.89
344	0.0113284	-9545.93
345	0.0113284	-8911.64
346	0.0113284	-9404.41
347	0.0113284	-9422.29
348	0.0113284	-9567.5
349	0.0113284	-8617.74
350	0.0113284	-9186.86
351	0.0113284	-9319.63
352	0.0113284	-9475.47
353	0.0113284	-9497.17
354	0.0113284	-9182.81
355	0.0113284	-9165.34
356	0.0113284	-8956.17
357	0.0113284	-9147.88
358	0.0113284	-9184.34
359	0.0113284	-8984.84
360	0.0113284	-8879.24
361	0.0113284	-9082.41
362	0.0113284	-9326.17
363	0.0113284	-9077.51
364	0.0113284	-9329.04
365	0.0113284	-9803.41
366	0.0113284	-9653.23
367	0.0113284	-9240.39
368	0.0113284	-8992.99
369	0.0113284	-8937.42
370	0.0113284	-9174.19
371	0.0113284	-9445.58
372	0.0113284	-9359.41
373	0.0113284	-9222.24
374	0.0113284	-8932.54
375	0.0113284	-8947.7
376	0.0113284	-9066.77
377	0.0113284	-8851.05
378	0.0113284	-8982.89
379	0.0113284	-9000.66
380	0.0113284	-9059.14
381	0.0113284	-8899.74
382	0.0113284	-8916.27
383	0.0113284	-8985.86
384	0.0113284	-8810.2
385	0.0113284	-8862.62
386	0.0113284	-8788.78
387	0.0113284	-8912.95
388	0.0113284	-8867.42
389	0.0113284	-8920.38
390	0.0113284	-9128.99
391	0.0113284	-9010.57
392	0.0113284	-9082.54
393	0.0113284	-8931.86
394	0.0113284	-8944.57
395	0.0113284	-9033.78
396	0.0113284	-9222.25
397	0.0113284	-9164.34
398	0.0113284	-8909.86
399	0.0113284	-9417.18
400	0.0113284	-8958.31
401	0.0113284	-9526.86
402	0.0113284	-9031.07
403	0.0113284	-8947.43
404	0.0113284	-8793.57
405	0.0113284	-8939.31
406	0.0113284	-8873.75
407	0.0113284	-8962.1
408	0.0113284	-8868.98
409	0.0113284	-8805.61
410	0.0113284	-8997.67
411	0.0113284	-8997.31
412	0.0113284	-8730.07
413	0.0113284	-8871.03
414	0.0113284	-8801.78
415	0.0113284	-8975.13
416	0.0113284	-8958.44
417	0.0113284	-9267.25
418	0.0113284	-9651.16
419	0.0113284	-8904.09
420	0.0113284	-8930.26
421	0.0113284	-9029.85
422	0.0113284	-9222.22
423	0.0113284	-9012.11
424	0.0113284	-9358.74
425	0.0113284	-9118.94
426	0.0113284	-9050.11
427	0.0113284	-9118.36
428	0.0113284	-8981.29
429	0.0113284	-9300.39
430	0.0113284	-8719.92
431	0.0113284	-9073.02
432	0.0113284	-8993.03
433	0.0113284	-9053.71
434	0.0113284	-9101.73
435	0.0113284	-9082.06
436	0.0113284	-8904.58
437	0.0113284	-9312.28
438	0.0113284	-9316.83
439	0.0113284	-9095.37
440	0.0113284	-9379.36
441	0.0113284	-9177.55
442	0.0113284	-9085.01
443	0.0113284	-9246.22
444	0.0113284	-9329.25
445	0.0113284	-9184.3
446	0.0113284	-9076.06
447	0.0113284	-9372.2
448	0.0113284	-9538.24
449	0.0113284	-9512.83
450	0.0113284	-9162.24
451	0.0113284	-8984.2
452	0.0113284	-9206.8
453	0.0113284	-9186.96
454	0.0113284	-9062.38
455	0.0113284	-8832.25
456	0.0113284	-8902.95
457	0.0113284	-9003.35
458	0.0113284	-9150.46
459	0.0113284	-9118.89
460	0.0113284	-8808.82
461	0.0113284	-9336.65
462	0.0113284	-8815.64
463	0.0113284	-8849.76
464	0.0113284	-9458.29
465	0.0113284	-9677.41
466	0.0113284	-9618.13
467	0.0113284	-9066.24
468	0.0113284	-8832.78
469	0.0113284	-9016.66
470	0.0113284	-9101.97
471	0.0113284	-9028.37
472	0.0113284	-9156.98
473	0.0113284	-9060.57
474	0.0113284	-9449.53
475	0.0113284	-9401.19
476	0.0113284	-9233.32
477	0.0113284	-8972.76
478	0.0113284	-9007.23
479	0.0113284	-9425.24
480	0.0113284	-9475.85
481	0.0113284	-8983.26
482	0.0113284	-8674.22
483	0.0113284	-8921.72
484	0.0113284	-8848.7
485	0.0113284	-8957.6
486	0.0113284	-8864.23
487	0.0113284	-9133.47
488	0.0113284	-9630.01
489	0.0113284	-9499.51
490	0.0113284	-9374.13
491	0.0113284	-9559.78
492	0.0113284	-9804.31
493	0.0113284	-9432.31
494	0.0113284	-8960.78
495	0.0113284	-9175.74
496	0.0113284	-8975.83
497	0.0113284	-8825.62
498	0.0113284	-8985.68
499	0.0113284	-9200.86
500	0.0113284	-9393.98
501	0.0113284	-8947.62
502	0.0113284	-8999.32
503	0.0113284	-9259.33
504	0.0113284	-9411.7
505	0.0113284	-9026.11
506	0.0113284	-8885.01
507	0.0113284	-8776.25
508	0.0113284	-8925.96
509	0.0113284	-8775.84
510	0.0113284	-8844.9
511	0.0113284	-9130.62
512	0.0113284	-8889.8
513	0.0113284	-9619.44
514	0.0113284	-8972.37
515	0.0113284	-9077.9
516	0.0113284	-9373.5
517	0.0113284	-9217.63
518	0.0113284	-9193.31
519	0.0113284	-9337.13
520	0.0113284	-9191.56
521	0.0113284	-8870.23
522	0.0113284	-9010.08
523	0.0113284	-9178.24
524	0.0113284	-9477.35
525	0.0113284	-9017.2
526	0.0113284	-9374.83
527	0.0113284	-8863.79
528	0.0113284	-8929.96
529	0.0113284	-9542.27
530	0.0113284	-9082.96
531	0.0113284	-9427.01
532	0.0113284	-9161.61
533	0.0113284	-9205.24
534	0.0113284	-8835.7
535	0.0113284	-8907.12
536	0.0113284	-9157.22
537	0.0113284	-8947.84
538	0.0113284	-8650.81
539	0.0113284	-8814.82
540	0.0113284	-9239.48
541	0.0113284	-9099.9
542	0.0113284	-8746.65
543	0.0113284	-9190.2
544	0.0113284	-8801.77
545	0.0113284	-8759.2
546	0.0113284	-9078.5
547	0.0113284	-8831.16
548	0.0113284	-8919.39
549	0.0113284	-8937.09
550	0.0113284	-9010.69
551	0.0113284	-9844.04
552	0.0113284	-9579.96
553	0.0113284	-9165.14
554	0.0113284	-9260.8
555	0.0113284	-8776.29
556	0.0113284	-9110.48
557	0.0113284	-8831.36
558	0.0113284	-8669.9
559	0.0113284	-9197
560	0.0113284	-8826.95
561	0.0113284	-9003.73
562	0.0113284	-8753.63
563	0.0113284	-8853.3
564	0.0113284	-8821.33
565	0.0113284	-8945.07
566	0.0113284	-9507.64
567	0.0113284	-9117.51
568	0.0113284	-9251.73
569	0.0113284	-8905.66
570	0.0113284	-8985.41
571	0.0113284	-8923.1
572	0.0113284	-8884.68
573	0.0113284	-9298.81
574	0.0113284	-8893.99
575	0.0113284	-8875.37
576	0.0113284	-9030.81
577	0.0113284	-9012.34
578	0.0113284	-9129.49
579	0.0113284	-9268.4
580	0.0113284	-9088.25
581	0.0113284	-9114.8
582	0.0113284	-9486.89
583	0.0113284	-9637.67
584	0.0113284	-9248.64
585	0.0113284	-9292.57
586	0.0113284	-8970.87
587	0.0113284	-9206.25
588	0.0113284	-9228.9
589	0.0113284	-9427.14
590	0.0113284	-9002.37
591	0.0113284	-9149.35
592	0.0113284	-8792.84
593	0.0113284	-8852.92
594	0.0113284	-8713.3
595	0.0113284	-8755.29
596	0.0113284	-9348.72
597	0.0113284	-9241.32
598	0.0113284	-8965.13
599	0.0113284	-9204.3
600	0.0113284	-9230.02
601	0.0113284	-8848.54
602	0.0113284	-8810.07
603	0.0113284	-8985.6
604	0.0113284	-9356.69
605	0.0113284	-9080.22
606	0.0113284	-8902
607	0.0113284	-8938.26
608	0.0113284	-8935.26
609	0.0113284	-9108.02
610	0.0113284	-9104.67
611	0.0113284	-9607.71
612	0.0113284	-8959.78
613	0.0113284	-9181.3
614	0.0113284	-9255.59
615	0.0113284	-9527.22
616	0.0113284	-9036.72
617	0.0113284	-8986.08
618	0.0113284	-8950.57
619	0.0113284	-9064.74
620	0.0113284	-9145.7
621	0.0113284	-9391.5
622	0.0113284	-9113.68
623	0.0113284	-9006.21
624	0.0113284	-9241.87
625	0.0113284	-8973.85
626	0.0113284	-9175.61
627	0.0113284	-9431.18
628	0.0113284	-8845.51
629	0.0113284	-9240.55
630	0.0113284	-9067.54
631	0.0113284	-9166.52
632	0.0113284	-8944.96
633	0.0113284	-9013.72
634	0.0113284	-9100.35
635	0.0113284	-8880.15
636	0.0113284	-9330.31
637	0.0113284	-8960.22
638	0.0113284	-8928.93
639	0.0113284	-8888.31
640	0.0113284	-9025.74
641	0.0113284	-9436.34
642	0.0113284	-9640.62
643	0.0113284	-9086.26
644	0.0113284	-8961.86
645	0.0113284	-9318.98
646	0.0113284	-8755.56
647	0.0113284	-8908.57
648	0.0113284	-8760.27
649	0.0113284	-9073.31
650	0.0113284	-8700.27
651	0.0113284	-8999.83
652	0.0113284	-9214.09
653	0.0113284	-9020.79
654	0.0113284	-9207.98
655	0.0113284	-9216.18
656	0.0113284	-8954.87
657	0.0113284	-8912.57
658	0.0113284	-9462.23
659	0.0113284	-8901.01
660	0.0113284	-9197.44
661	0.0113284	-9543.93
662	0.0113284	-8969.31
663	0.0113284	-9517.09
664	0.0113284	-9064.23
665	0.0113284	-9319.59
666	0.0113284	-9349.11
667	0.0113284	-9217.05
668	0.0113284	-8787.38
669	0.0113284	-8773.03
670	0.0113284	-8928.25
671	0.0113284	-9118.66
672	0.0113284	-9023.7
673	0.0113284	-9203.82
674	0.0113284	-9067.55
675	0.0113284	-9296.62
676	0.0113284	-9013.56
677	0.0113284	-8883.32
678	0.0113284	-8872.27
679	0.0113284	-8837.08
680	0.0113284	-8885.45
681	0.0113284	-9027.79
682	0.0113284	-8998.68
683	0.0113284	-9059.22
684	0.0113284	-9229.36
685	0.0113284	-9763.88
686	0.0113284	-9338.34
687	0.0113284	-9216.5
688	0.0113284	-9374.31
689	0.0113284	-9060.66
690	0.0113284	-8790.29
691	0.0113284	-8814.74
692	0.0113284	-8903.11
693	0.0113284	-8879.14
694	0.0113284	-8783.44
695	0.0113284	-8777.08
696	0.0113284	-9352.69
697	0.0113284	-9267.11
698	0.0113284	-9316.85
699	0.0113284	-8627.61
700	0.0113284	-9086.06
701	0.0113284	-8685.29
702	0.0113284	-8648.66
703	0.0113284	-9208.2
704	0.0113284	-8968.38
705	0.0113284	-9096.57
706	0.0113284	-9088.73
707	0.0113284	-9261.67
708	0.0113284	-9263.09
709	0.0113284	-9162.47
710	0.0113284	-9294.33
711	0.0113284	-9007.88
712	0.0113284	-8857.15
713	0.0113284	-9193.93
714	0.0113284	-9134.6
715	0.0113284	-9145.07
716	0.0113284	-9468.35
717	0.0113284	-8953.09
718	0.0113284	-8779.58
719	0.0113284	-9170.59
720	0.0113284	-8743.18
721	0.0113284	-9125.84
722	0.0113284	-9161.59
723	0.0113284	-8912.87
724	0.0113284	-8914.84
725	0.0113284	-9327.35
726	0.0113284	-9329.52
727	0.0113284	-8818.22
728	0.0113284	-9119.88
729	0.0113284	-9025.24
730	0.0113284	-8717.61
731	0.0113284	-8922.77
732	0.0113284	-9026.72
733	0.0113284	-9053.43
734	0.0113284	-9213.58
735	0.0113284	-9398.1
736	0.0113284	-9233.94
737	0.0113284	-9219.49
738	0.0113284	-9867.55
739	0.0113284	-9329.23
740	0.0113284	-9458.76
741	0.0113284	-9301.44
742	0.0113284	-9042.34
743	0.0113284	-8982.8
744	0.0113284	-9339.35
745	0.0113284	-9116.7
746	0.0113284	-8841.79
747	0.0113284	-8722.96
748	0.0113284	-8900.26
749	0.0113284	-8689.64
750	0.0113284	-8630.04
751	0.0113284	-8938
752	0.0113284	-9007.55
753	0.0113284	-8850.16
754	0.0113284	-8905.73
755	0.0113284	-9387.7
756	0.0113284	-9006.3
757	0.0113284	-8801.86
758	0.0113284	-8976.96
759	0.0113284	-9003.92
760	0.0113284	-9056.71
761	0.0113284	-9060.45
762	0.0113284	-9296.05
763	0.0113284	-9331.89
764	0.0113284	-9029.38
765	0.0113284	-9070.4
766	0.0113284	-9519.12
767	0.0113284	-8842.29
768	0.0113284	-8851.33
769	0.0113284	-9167.72
770	0.0113284	-9091.91
771	0.0113284	-8825.23
772	0.0113284	-8854.1
773	0.0113284	-9215.27
774	0.0113284	-9024.25
775	0.0113284	-9035
776	0.0113284	-8877.02
777	0.0113284	-9022.87
778	0.0113284	-8873.3
779	0.0113284	-9277.24
780	0.0113284	-9235.6
781	0.0113284	-9339.65
782	0.0113284	-9242.76
783	0.0113284	-9224.77
784	0.0113284	-9117.11
785	0.0113284	-9606.6
786	0.0113284	-9484.76
787	0.0113284	-9224.11
788	0.0113284	-9009.74
789	0.0113284	-9109.34
790	0.0113284	-9179.87
791	0.0113284	-8844.55
792	0.0113284	-8975.62
793	0.0113284	-8898.38
794	0.0113284	-8928.1
795	0.0113284	-9068.43
796	0.0113284	-8904.72
797	0.0113284	-9021.01
798	0.0113284	-8923.55
799	0.0113284	-8826.36
800	0.0113284	-9129.23
801	0.0113284	-8727.47
802	0.0113284	-9689.13
803	0.0113284	-9239.76
804	0.0113284	-8910.32
805	0.0113284	-8826.82
806	0.0113284	-8913.95
807	0.0113284	-8842.96
808	0.0113284	-8589.97
809	0.0113284	-9196.59
810	0.0113284	-8865.23
811	0.0113284	-8889.15
812	0.0113284	-8899.84
813	0.0113284	-9029.6
814	0.0113284	-9031.66
815	0.0113284	-9023.01
816	0.0113284	-9127.77
817	0.0113284	-9204.26
818	0.0113284	-8976.53
819	0.0113284	-8819.48
820	0.0113284	-9013.53
821	0.0113284	-8990.15
822	0.0113284	-9002.29
823	0.0113284	-9352
824	0.0113284	-9200.41
825	0.0113284	-8842.31
826	0.0113284	-9002.16
827	0.0113284	-9011.51
828	0.0113284	-9470.47
829	0.0113284	-9066.73
830	0.0113284	-9425.27
831	0.0113284	-9196.55
832	0.0113284	-9136.45
833	0.0113284	-8815.7
834	0.0113284	-9079.91
835	0.0113284	-8911.28
836	0.0113284	-8919.03
837	0.0113284	-8979.05
838	0.0113284	-9086.72
839	0.0113284	-9045.45
840	0.0113284	-8871.02
841	0.0113284	-9511.62
842	0.0113284	-9098.04
843	0.0113284	-9064.67
844	0.0113284	-8967.6
845	0.0113284	-9058.97
846	0.0113284	-9179.32
847	0.0113284	-8908.65
848	0.0113284	-8862.99
849	0.0113284	-9024.39
850	0.0113284	-8964.52
851	0.0113284	-9408.59
852	0.0113284	-9202.52
853	0.0113284	-9186.41
854	0.0113284	-9354.79
855	0.0113284	-9477.13
856	0.0113284	-9248.1
857	0.0113284	-9311.36
858	0.0113284	-8973.9
859	0.0113284	-9074.7
860	0.0113284	-9460.49
861	0.0113284	-9237.55
862	0.0113284	-9338.71
863	0.0113284	-9153.95
864	0.0113284	-9074.26
865	0.0113284	-8698.18
866	0.0113284	-8787.19
867	0.0113284	-8965.41
868	0.0113284	-8925.2
869	0.0113284	-9245.07
870	0.0113284	-8957.92
871	0.0113284	-8754.63
872	0.0113284	-9108.6
873	0.0113284	-9313.56
874	0.0113284	-9024.71
875	0.0113284	-8969.47
876	0.0113284	-8967.62
877	0.0113284	-9084.02
878	0.0113284	-9214.05
879	0.0113284	-9706.53
880	0.0113284	-9793.62
881	0.0113284	-9562.79
882	0.0113284	-8966.66
883	0.0113284	-9504.99
884	0.0113284	-9747.82
885	0.0113284	-9779.75
886	0.0113284	-9633.81
887	0.0113284	-9545.1
888	0.0113284	-9045.61
889	0.0113284	-8793.15
890	0.0113284	-9048.35
891	0.0113284	-8756.5
892	0.0113284	-9160.33
893	0.0113284	-9148.2
894	0.0113284	-9369.2
895	0.0113284	-9147.21
896	0.0113284	-9159.58
897	0.0113284	-9268.13
898	0.0113284	-8898.83
899	0.0113284	-8947.64
900	0.0113284	-9345.76
901	0.0113284	-9403.1
902	0.0113284	-9348.67
903	0.0113284	-9460.49
904	0.0113284	-9239.78
905	0.0113284	-9971.32
906	0.0113284	-9400.48
907	0.0113284	-9520.38
908	0.0113284	-9354.79
909	0.0113284	-9272.4
910	0.0113284	-9324.66
911	0.0113284	-9096.83
912	0.0113284	-8828.76
913	0.0113284	-9071.89
914	0.0113284	-8799.83
915	0.0113284	-9041.5
916	0.0113284	-8722.7
917	0.0113284	-9087.46
918	0.0113284	-9103.47
919	0.0113284	-9305.69
920	0.0113284	-9337.97
921	0.0113284	-9168
922	0.0113284	-8824.78
923	0.0113284	-9252.5
924	0.0113284	-9496.41
925	0.0113284	-8898.15
926	0.0113284	-8870.95
927	0.0113284	-8965.86
928	0.0113284	-9035.04
929	0.0113284	-9065.51
930	0.0113284	-9606.46
931	0.0113284	-9048.55
932	0.0113284	-9039.94
933	0.0113284	-9377.3
934	0.0113284	-9096.96
935	0.0113284	-9384.43
936	0.0113284	-9221.22
937	0.0113284	-9377.73
938	0.0113284	-9019.52
939	0.0113284	-9269.45
940	0.0113284	-9299.8
941	0.0113284	-9110.48
942	0.0113284	-9159.52
943	0.0113284	-9026.61
944	0.0113284	-8976.7
945	0.0113284	-9130.18
946	0.0113284	-8990.57
947	0.0113284	-8955.37
948	0.0113284	-8882.35
949	0.0113284	-8884.52
950	0.0113284	-8944.66
951	0.0113284	-8979.06
952	0.0113284	-8753.44
953	0.0113284	-8723.43
954	0.0113284	-8992.04
955	0.0113284	-8869.91
956	0.0113284	-9142.2
957	0.0113284	-9238.1
958	0.0113284	-9139.26
959	0.0113284	-8992.21
960	0.0113284	-9027.31
961	0.0113284	-8893.97
962	0.0113284	-9097
963	0.0113284	-8860.89
964	0.0113284	-9058.67
965	0.0113284	-9151.78
966	0.0113284	-9113.74
967	0.0113284	-9162.14
968	0.0113284	-9582.86
969	0.0113284	-9614.92
970	0.0113284	-9238.67
971	0.0113284	-9365.32
972	0.0113284	-9293.82
973	0.0113284	-8700.08
974	0.0113284	-9020.55
975	0.0113284	-8891.39
976	0.0113284	-9730.61
977	0.0113284	-8918.62
978	0.0113284	-9222.56
979	0.0113284	-9233.17
980	0.0113284	-8904.53
981	0.0113284	-9186.66
982	0.0113284	-9004.16
983	0.0113284	-8966.63
984	0.0113284	-9249.75
985	0.0113284	-9183.43
986	0.0113284	-8999.26
987	0.0113284	-9429.29
988	0.0113284	-8998.77
989	0.0113284	-9000.95
990	0.0113284	-8843.81
991	0.0113284	-9487.22
992	0.0113284	-9057.27
993	0.0113284	-9129.68
994	0.0113284	-8725.47
995	0.0113284	-9097.43
996	0.0113284	-8832.79
997	0.0113284	-8763.47
998	0.0113284	-9450.1
999	0.0113284	-9177.32
1000	0.0113284	-9287.16
251	0.00876572	-9450.57
252	0.00876572	-9297.73
253	0.00876572	-9177.03
254	0.00876572	-9105.89
255	0.00876572	-9132.35
256	0.00876572	-8858.82
257	0.00876572	-9225.42
258	0.00876572	-9239.82
259	0.00876572	-9517.68
260	0.00876572	-9144.37
261	0.00876572	-9210.13
262	0.00876572	-9335.27
263	0.00876572	-9192.53
264	0.00876572	-9609.16
265	0.00876572	-9351.22
266	0.00876572	-10103
267	0.00876572	-9178.7
268	0.00876572	-9065.91
269	0.00876572	-9671.55
270	0.00876572	-8966.04
271	0.00876572	-9029.04
272	0.00876572	-9690.12
273	0.00876572	-9357.37
274	0.00876572	-9406.84
275	0.00876572	-9145.95
276	0.00876572	-9885.49
277	0.00876572	-9709.26
278	0.00876572	-9414.94
279	0.00876572	-9277.67
280	0.00876572	-9305.7
281	0.00876572	-9513.21
282	0.00876572	-9568.99
283	0.00876572	-9320.94
284	0.00876572	-9483.64
285	0.00876572	-9291.32
286	0.00876572	-9324.14
287	0.00876572	-9380.68
288	0.00876572	-9760.98
289	0.00876572	-9301.05
290	0.00876572	-9456.16
291	0.00876572	-9090.4
292	0.00876572	-9099.23
293	0.00876572	-9176.57
294	0.00876572	-9363.69
295	0.00876572	-9377.07
296	0.00876572	-9477.96
297	0.00876572	-9595.09
298	0.00876572	-9972.31
299	0.00876572	-9725.15
300	0.00876572	-9296.4
301	0.00876572	-9279.27
302	0.00876572	-9109.01
303	0.00876572	-9462.71
304	0.00876572	-9400.99
305	0.00876572	-9373.98
306	0.00876572	-9375.64
307	0.00876572	-9165.11
308	0.00876572	-9345.41
309	0.00876572	-9185.54
310	0.00876572	-9751.57
311	0.00876572	-9084.49
312	0.00876572	-9492.38
313	0.00876572	-9388.84
314	0.00876572	-9539.83
315	0.00876572	-8812.32
316	0.00876572	-8741.5
317	0.00876572	-9026.66
318	0.00876572	-9180.07
319	0.00876572	-9200.97
320	0.00876572	-8936.09
321	0.00876572	-9853.88
322	0.00876572	-9437.54
323	0.00876572	-9374.1
324	0.00876572	-9386.42
325	0.00876572	-9719.22
326	0.00876572	-9790.23
327	0.00876572	-9404.19
328	0.00876572	-9247.93
329	0.00876572	-9407.31
330	0.00876572	-9884.48
331	0.00876572	-9266.22
332	0.00876572	-9543.68
333	0.00876572	-9306.73
334	0.00876572	-8764.68
335	0.00876572	-9425.82
336	0.00876572	-9899.3
337	0.00876572	-9537.59
338	0.00876572	-9475.63
339	0.00876572	-8952.48
340	0.00876572	-9315.18
341	0.00876572	-9667.3
342	0.00876572	-9516.31
343	0.00876572	-9265.68
344	0.00876572	-9189.94
345	0.00876572	-9258.11
346	0.00876572	-9366.26
347	0.00876572	-9229.95
348	0.00876572	-9294.47
349	0.00876572	-9093.11
350	0.00876572	-9437.47
351	0.00876572	-9407.34
352	0.00876572	-9162.97
353	0.00876572	-9021.28
354	0.00876572	-8861.55
355	0.00876572	-9234.38
356	0.00876572	-9539.75
357	0.00876572	-9144.13
358	0.00876572	-9011.75
359	0.00876572	-9328
360	0.00876572	-9017
361	0.00876572	-9579.44
362	0.00876572	-9390.38
363	0.00876572	-9247.62
364	0.00876572	-9023.13
365	0.00876572	-9349.33
366	0.00876572	-9707.02
367	0.00876572	-9041.97
368	0.00876572	-9438.73
369	0.00876572	-9354.67
370	0.00876572	-8994.34
371	0.00876572	-8956.72
372	0.00876572	-9163.13
373	0.00876572	-9216.72
374	0.00876572	-9294.15
375	0.00876572	-9060.38
376	0.00876572	-8869.89
377	0.00876572	-8843.04
378	0.00876572	-9018.38
379	0.00876572	-9362.5
380	0.00876572	-9491.99
381	0.00876572	-8990.05
382	0.00876572	-9022.63
383	0.00876572	-9164.93
384	0.00876572	-9196.62
385	0.00876572	-9139.49
386	0.00876572	-9321.01
387	0.00876572	-9366.83
388	0.00876572	-9255.38
389	0.00876572	-9202.82
390	0.00876572	-9601.98
391	0.00876572	-9181.84
392	0.00876572	-8853.81
393	0.00876572	-8839.54
394	0.00876572	-8938.79
395	0.00876572	-8766.36
396	0.00876572	-9260.08
397	0.00876572	-9230
398	0.00876572	-9078.27
399	0.00876572	-9304.09
400	0.00876572	-9207.83
401	0.00876572	-9321.62
402	0.00876572	-9116.81
403	0.00876572	-9313.16
404	0.00876572	-9515.31
405	0.00876572	-9371.35
406	0.00876572	-9434.47
407	0.00876572	-9503.6
408	0.00876572	-9781.98
409	0.00876572	-9879.88
410	0.00876572	-9760.37
411	0.00876572	-9571.71
412	0.00876572	-9932.58
413	0.00876572	-9849.59
414	0.00876572	-9329.76
415	0.00876572	-9299.1
416	0.00876572	-9697.06
417	0.00876572	-9578.76
418	0.00876572	-9431.79
419	0.00876572	-9330.92
420	0.00876572	-9244.6
421	0.00876572	-9368.27
422	0.00876572	-9279.32
423	0.00876572	-9235.63
424	0.00876572	-9144.35
425	0.00876572	-9225.14
426	0.00876572	-9587.33
427	0.00876572	-9136.22
428	0.00876572	-9259.13
429	0.00876572	-8924.88
430	0.00876572	-9089.13
431	0.00876572	-9018.72
432	0.00876572	-9891.01
433	0.00876572	-8989.81
434	0.00876572	-9230.7
435	0.00876572	-9294.05
436	0.00876572	-9384.8
437	0.00876572	-8939.72
438	0.00876572	-9572.09
439	0.00876572	-9172.92
440	0.00876572	-9064.87
441	0.00876572	-9058.9
442	0.00876572	-8889.89
443	0.00876572	-9480.36
444	0.00876572	-9636.52
445	0.00876572	-9380.27
446	0.00876572	-9439.77
447	0.00876572	-9089.85
448	0.00876572	-8962.79
449	0.00876572	-9037.71
450	0.00876572	-9102.05
451	0.00876572	-8805.64
452	0.00876572	-8886.08
453	0.00876572	-8688.16
454	0.00876572	-9052.95
455	0.00876572	-9171.3
456	0.00876572	-9574.07
457	0.00876572	-9079.75
458	0.00876572	-9231.51
459	0.00876572	-9659.02
460	0.00876572	-9075.56
461	0.00876572	-9073.99
462	0.00876572	-8766.9
463	0.00876572	-8840.3
464	0.00876572	-8855.54
465	0.00876572	-8904.76
466	0.00876572	-8795.42
467	0.00876572	-8875.34
468	0.00876572	-9022.12
469	0.00876572	-8982.29
470	0.00876572	-9157.97
471	0.00876572	-9476.82
472	0.00876572	-9316.62
473	0.00876572	-9520.35
474	0.00876572	-9271.51
475	0.00876572	-9045.24
476	0.00876572	-9231.94
477	0.00876572	-9217.89
478	0.00876572	-9409.67
479	0.00876572	-9038.36
480	0.00876572	-8907.07
481	0.00876572	-8937.5
482	0.00876572	-9422.82
483	0.00876572	-8870.32
484	0.00876572	-9551.03
485	0.00876572	-8877.53
486	0.00876572	-8928.2
487	0.00876572	-9328.31
488	0.00876572	-8933.42
489	0.00876572	-9445.38
490	0.00876572	-9052
491	0.00876572	-9004.06
492	0.00876572	-9579.09
493	0.00876572	-8839.08
494	0.00876572	-9108.71
495	0.00876572	-8906.75
496	0.00876572	-8772.37
497	0.00876572	-9268.09
498	0.00876572	-9348.44
499	0.00876572	-9418.5
500	0.00876572	-9107.88
501	0.00876572	-9114.57
502	0.00876572	-9074.14
503	0.00876572	-8894.2
504	0.00876572	-9459.92
505	0.00876572	-9486.39
506	0.00876572	-9712.06
507	0.00876572	-9467.75
508	0.00876572	-8970.13
509	0.00876572	-9658.6
510	0.00876572	-9721
511	0.00876572	-9255.91
512	0.00876572	-9508.23
513	0.00876572	-9565.16
514	0.00876572	-9338.19
515	0.00876572	-8778.64
516	0.00876572	-8962.94
517	0.00876572	-9106.69
518	0.00876572	-9240.98
519	0.00876572	-9232.09
520	0.00876572	-9753.91
521	0.00876572	-9607.3
522	0.00876572	-9675.04
523	0.00876572	-9348.45
524	0.00876572	-9101.5
525	0.00876572	-9210.14
526	0.00876572	-9284.18
527	0.00876572	-9084.73
528	0.00876572	-8981.48
529	0.00876572	-9429.07
530	0.00876572	-9009.88
531	0.00876572	-9351.49
532	0.00876572	-9799.32
533	0.00876572	-9255.3
534	0.00876572	-9176.1
535	0.00876572	-9303.39
536	0.00876572	-9271.76
537	0.00876572	-9521.95
538	0.00876572	-9693.63
539	0.00876572	-10182
540	0.00876572	-10246.5
541	0.00876572	-9470.14
542	0.00876572	-9652.05
543	0.00876572	-9355.3
544	0.00876572	-9198.02
545	0.00876572	-9241.09
546	0.00876572	-9047.79
547	0.00876572	-9862.24
548	0.00876572	-9171.75
549	0.00876572	-8856.5
550	0.00876572	-8730.68
551	0.00876572	-9152.73
552	0.00876572	-9435.23
553	0.00876572	-9651.95
554	0.00876572	-9254.55
555	0.00876572	-9718.3
556	0.00876572	-8837.43
557	0.00876572	-9171.35
558	0.00876572	-9305.57
559	0.00876572	-8963.48
560	0.00876572	-9395.44
561	0.00876572	-9386.23
562	0.00876572	-8865.64
563	0.00876572	-9286.38
564	0.00876572	-9106.99
565	0.00876572	-9484.12
566	0.00876572	-8800.19
567	0.00876572	-9829.13
568	0.00876572	-9083.65
569	0.00876572	-9370.51
570	0.00876572	-9815.93
571	0.00876572	-10273.5
572	0.00876572	-9248.6
573	0.00876572	-9883.66
574	0.00876572	-9426.25
575	0.00876572	-9089.15
576	0.00876572	-9219.63
577	0.00876572	-9438.46
578	0.00876572	-9167.69
579	0.00876572	-9434.18
580	0.00876572	-9885.26
581	0.00876572	-9488.32
582	0.00876572	-9000.75
583	0.00876572	-9002.75
584	0.00876572	-8896.05
585	0.00876572	-8904.54
586	0.00876572	-9021.66
587	0.00876572	-8868.34
588	0.00876572	-9188.08
589	0.00876572	-9405.85
590	0.00876572	-9310.87
591	0.00876572	-9350.89
592	0.00876572	-9272.07
593	0.00876572	-9044.09
594	0.00876572	-9093.11
595	0.00876572	-9143.35
596	0.00876572	-9022.89
597	0.00876572	-9553.6
598	0.00876572	-9642.29
599	0.00876572	-9571.6
600	0.00876572	-9100.4
601	0.00876572	-9478.81
602	0.00876572	-9297.65
603	0.00876572	-9365.27
604	0.00876572	-9176.01
605	0.00876572	-9128.95
606	0.00876572	-9246.49
607	0.00876572	-9777.2
608	0.00876572	-9629.41
609	0.00876572	-9488.2
610	0.00876572	-9669.97
611	0.00876572	-9326.74
612	0.00876572	-9327.8
613	0.00876572	-9425.06
614	0.00876572	-9332.63
615	0.00876572	-9647.31
616	0.00876572	-9114.34
617	0.00876572	-9043.61
618	0.00876572	-9110.32
619	0.00876572	-9220.55
620	0.00876572	-9116.57
621	0.00876572	-8970.83
622	0.00876572	-9138.93
623	0.00876572	-8991.78
624	0.00876572	-9014.73
625	0.00876572	-8974.42
626	0.00876572	-9030.28
627	0.00876572	-9016.49
628	0.00876572	-9234.76
629	0.00876572	-9271.72
630	0.00876572	-9063.31
631	0.00876572	-10024.8
632	0.00876572	-9516.8
633	0.00876572	-9460.19
634	0.00876572	-9394.19
635	0.00876572	-9545.07
636	0.00876572	-9223.4
637	0.00876572	-9178.83
638	0.00876572	-9209.25
639	0.00876572	-9289.42
640	0.00876572	-9150.15
641	0.00876572	-9660.68
642	0.00876572	-9272.06
643	0.00876572	-8927.16
644	0.00876572	-9319.71
645	0.00876572	-9825.29
646	0.00876572	-9583.25
647	0.00876572	-9722.39
648	0.00876572	-9878.24
649	0.00876572	-9105.31
650	0.00876572	-9281.02
651	0.00876572	-9106.24
652	0.00876572	-9160.74
653	0.00876572	-9323.55
654	0.00876572	-9736.87
655	0.00876572	-9575.46
656	0.00876572	-9051.49
657	0.00876572	-9216.67
658	0.00876572	-9558.9
659	0.00876572	-9177.53
660	0.00876572	-9150.06
661	0.00876572	-9187.1
662	0.00876572	-9539.05
663	0.00876572	-9314.27
664	0.00876572	-9083.89
665	0.00876572	-8925.15
666	0.00876572	-9043.94
667	0.00876572	-9027.57
668	0.00876572	-9319.9
669	0.00876572	-9334.58
670	0.00876572	-9249.36
671	0.00876572	-9814.82
672	0.00876572	-10103.6
673	0.00876572	-8852.74
674	0.00876572	-8791.36
675	0.00876572	-9390.72
676	0.00876572	-9270.69
677	0.00876572	-9491.99
678	0.00876572	-9524.6
679	0.00876572	-9269.48
680	0.00876572	-9440.43
681	0.00876572	-9130.7
682	0.00876572	-9435.81
683	0.00876572	-9001.28
684	0.00876572	-9195.62
685	0.00876572	-9276.07
686	0.00876572	-9727.89
687	0.00876572	-9607.91
688	0.00876572	-9778.97
689	0.00876572	-9696.65
690	0.00876572	-8997.85
691	0.00876572	-9288.6
692	0.00876572	-8820.76
693	0.00876572	-8951.06
694	0.00876572	-9523.22
695	0.00876572	-9102.57
696	0.00876572	-9087.62
697	0.00876572	-9162.44
698	0.00876572	-9102.95
699	0.00876572	-8998.82
700	0.00876572	-9164.06
701	0.00876572	-8791.56
702	0.00876572	-9446.3
703	0.00876572	-9649.04
704	0.00876572	-9270.34
705	0.00876572	-9462.41
706	0.00876572	-9893.94
707	0.00876572	-9697.77
708	0.00876572	-9518.84
709	0.00876572	-9250.15
710	0.00876572	-9279.17
711	0.00876572	-9453.28
712	0.00876572	-9746.05
713	0.00876572	-9270.37
714	0.00876572	-9589.14
715	0.00876572	-9140.7
716	0.00876572	-9334
717	0.00876572	-8941.3
718	0.00876572	-9243.74
719	0.00876572	-8967.94
720	0.00876572	-8977.95
721	0.00876572	-8696.13
722	0.00876572	-8800.4
723	0.00876572	-8916.07
724	0.00876572	-8835.85
725	0.00876572	-8929.07
726	0.00876572	-9122.1
727	0.00876572	-8748.02
728	0.00876572	-8940.72
729	0.00876572	-9391.32
730	0.00876572	-8846.74
731	0.00876572	-9435.94
732	0.00876572	-9030.99
733	0.00876572	-9423.86
734	0.00876572	-8978.83
735	0.00876572	-9758.04
736	0.00876572	-9888.34
737	0.00876572	-8976.95
738	0.00876572	-9112.67
739	0.00876572	-9961.98
740	0.00876572	-9379.42
741	0.00876572	-8977.65
742	0.00876572	-9760.95
743	0.00876572	-10397.6
744	0.00876572	-9282.16
745	0.00876572	-9141.06
746	0.00876572	-9360.56
747	0.00876572	-9144.45
748	0.00876572	-9032.56
749	0.00876572	-8805.85
750	0.00876572	-9409.25
751	0.00876572	-9621.51
752	0.00876572	-9488.96
753	0.00876572	-9252.2
754	0.00876572	-9702.67
755	0.00876572	-9300.4
756	0.00876572	-9484.61
757	0.00876572	-9378.3
758	0.00876572	-9320.01
759	0.00876572	-9657.87
760	0.00876572	-9285.29
761	0.00876572	-8962.53
762	0.00876572	-8916.86
763	0.00876572	-9070.22
764	0.00876572	-9209.24
765	0.00876572	-8937.75
766	0.00876572	-8901.26
767	0.00876572	-9108.92
768	0.00876572	-9416.76
769	0.00876572	-9223.5
770	0.00876572	-8814.89
771	0.00876572	-9070.01
772	0.00876572	-8901.36
773	0.00876572	-8976.87
774	0.00876572	-8966.47
775	0.00876572	-9295.46
776	0.00876572	-9090.47
777	0.00876572	-9164.74
778	0.00876572	-9318.24
779	0.00876572	-9234.42
780	0.00876572	-8769.94
781	0.00876572	-8861.3
782	0.00876572	-8904.26
783	0.00876572	-9098.85
784	0.00876572	-9337.3
785	0.00876572	-9255.84
786	0.00876572	-8823.02
787	0.00876572	-9095.98
788	0.00876572	-8972.74
789	0.00876572	-9270.23
790	0.00876572	-9241.91
791	0.00876572	-9574.27
792	0.00876572	-9833.78
793	0.00876572	-9791.5
794	0.00876572	-9577.07
795	0.00876572	-9488.41
796	0.00876572	-9101.52
797	0.00876572	-9206.94
798	0.00876572	-9621.48
799	0.00876572	-9350.98
800	0.00876572	-9622.49
801	0.00876572	-9038.33
802	0.00876572	-8909.93
803	0.00876572	-8993.07
804	0.00876572	-9610.1
805	0.00876572	-10244.4
806	0.00876572	-9780.57
807	0.00876572	-10141
808	0.00876572	-9633.23
809	0.00876572	-9246.52
810	0.00876572	-9285.8
811	0.00876572	-9248.22
812	0.00876572	-9053.06
813	0.00876572	-9041.71
814	0.00876572	-9114.39
815	0.00876572	-9590.9
816	0.00876572	-9350.3
817	0.00876572	-9366.72
818	0.00876572	-9449.54
819	0.00876572	-8870.76
820	0.00876572	-9651.32
821	0.00876572	-9784.32
822	0.00876572	-9181.88
823	0.00876572	-9234.09
824	0.00876572	-9533.16
825	0.00876572	-9583.51
826	0.00876572	-9466.84
827	0.00876572	-9019.85
828	0.00876572	-8997.21
829	0.00876572	-9211.64
830	0.00876572	-9267.54
831	0.00876572	-10222.3
832	0.00876572	-9499.57
833	0.00876572	-8920.47
834	0.00876572	-8835.35
835	0.00876572	-9122.5
836	0.00876572	-9530.96
837	0.00876572	-9555.12
838	0.00876572	-9341.97
839	0.00876572	-8970.32
840	0.00876572	-8822.25
841	0.00876572	-10113.9
842	0.00876572	-9578.12
843	0.00876572	-9517.44
844	0.00876572	-9112.37
845	0.00876572	-8794.68
846	0.00876572	-9083.23
847	0.00876572	-9019.42
848	0.00876572	-8990.62
849	0.00876572	-8915.82
850	0.00876572	-9137.56
851	0.00876572	-9198.12
852	0.00876572	-9104
853	0.00876572	-9261.77
854	0.00876572	-9160.02
855	0.00876572	-9307.31
856	0.00876572	-9464.62
857	0.00876572	-9554.54
858	0.00876572	-9817.23
859	0.00876572	-9445.35
860	0.00876572	-8907.26
861	0.00876572	-8979.84
862	0.00876572	-8836.58
863	0.00876572	-8986.4
864	0.00876572	-8870.3
865	0.00876572	-9284.63
866	0.00876572	-8989.5
867	0.00876572	-9650.69
868	0.00876572	-9144.8
869	0.00876572	-9009.25
870	0.00876572	-9170.86
871	0.00876572	-9881.36
872	0.00876572	-8907.84
873	0.00876572	-8874.4
874	0.00876572	-8980.48
875	0.00876572	-9150.73
876	0.00876572	-9045.82
877	0.00876572	-9129.46
878	0.00876572	-9135.97
879	0.00876572	-9362.99
880	0.00876572	-9451.29
881	0.00876572	-9670.27
882	0.00876572	-9257.92
883	0.00876572	-9177.79
884	0.00876572	-9314.55
885	0.00876572	-9446.36
886	0.00876572	-9454.76
887	0.00876572	-9736.35
888	0.00876572	-9267.24
889	0.00876572	-9365.63
890	0.00876572	-9006.84
891	0.00876572	-9340.16
892	0.00876572	-9612.17
893	0.00876572	-9253.15
894	0.00876572	-9487.91
895	0.00876572	-8890.9
896	0.00876572	-9128.09
897	0.00876572	-9174.63
898	0.00876572	-9321.26
899	0.00876572	-9077.46
900	0.00876572	-9158.11
901	0.00876572	-9153.53
902	0.00876572	-9792.72
903	0.00876572	-9333.41
904	0.00876572	-9154.97
905	0.00876572	-9395.05
906	0.00876572	-9107.49
907	0.00876572	-9582.43
908	0.00876572	-9332.36
909	0.00876572	-9574.47
910	0.00876572	-9124.07
911	0.00876572	-9696.8
912	0.00876572	-9043.5
913	0.00876572	-9101.15
914	0.00876572	-9184.77
915	0.00876572	-9003.65
916	0.00876572	-9216.37
917	0.00876572	-9683.05
918	0.00876572	-9747.74
919	0.00876572	-8942.03
920	0.00876572	-9453.12
921	0.00876572	-9428.63
922	0.00876572	-9244.37
923	0.00876572	-9065.34
924	0.00876572	-8924.66
925	0.00876572	-9602.39
926	0.00876572	-9483.9
927	0.00876572	-9344.47
928	0.00876572	-9296.91
929	0.00876572	-9169.92
930	0.00876572	-9374.11
931	0.00876572	-9652.14
932	0.00876572	-10104.4
933	0.00876572	-9486.65
934	0.00876572	-9174.65
935	0.00876572	-9267.56
936	0.00876572	-9475.06
937	0.00876572	-9566.52
938	0.00876572	-9534.98
939	0.00876572	-9150.97
940	0.00876572	-9144.91
941	0.00876572	-9838.01
942	0.00876572	-9496.18
943	0.00876572	-9729.69
944	0.00876572	-9231.51
945	0.00876572	-9505.5
946	0.00876572	-8722.42
947	0.00876572	-9304.82
948	0.00876572	-8954.39
949	0.00876572	-9281.65
950	0.00876572	-9665.66
951	0.00876572	-9755.33
952	0.00876572	-9721.66
953	0.00876572	-9083.79
954	0.00876572	-8938.27
955	0.00876572	-9221.38
956	0.00876572	-9084.95
957	0.00876572	-9336.85
958	0.00876572	-10103.7
959	0.00876572	-9376.92
960	0.00876572	-9102.05
961	0.00876572	-9132.79
962	0.00876572	-9365.13
963	0.00876572	-9233.28
964	0.00876572	-9383.5
965	0.00876572	-9154.07
966	0.00876572	-8874.27
967	0.00876572	-9132.68
968	0.00876572	-8665.65
969	0.00876572	-9291.99
970	0.00876572	-9334.37
971	0.00876572	-9274.34
972	0.00876572	-9063.47
973	0.00876572	-9077.33
974	0.00876572	-9235.68
975	0.00876572	-9220.83
976	0.00876572	-8940.48
977	0.00876572	-9215.03
978	0.00876572	-9035.44
979	0.00876572	-9736.23
980	0.00876572	-9298.11
981	0.00876572	-9155.55
982	0.00876572	-9139.57
983	0.00876572	-9279.81
984	0.00876572	-8979.55
985	0.00876572	-9276.94
986	0.00876572	-9299.87
987	0.00876572	-9709.76
988	0.00876572	-9621.17
989	0.00876572	-9303.37
990	0.00876572	-9373.36
991	0.00876572	-9459.72
992	0.00876572	-9285.95
993	0.00876572	-9542.64
994	0.00876572	-9876.68
995	0.00876572	-9836.15
996	0.00876572	-8941.99
997	0.00876572	-9391.11
998	0.00876572	-9958.96
999	0.00876572	-9062.68
1000	0.00876572	-9101.35
251	0.00668932	-9752.33
252	0.00668932	-10481.7
253	0.00668932	-9710.28
254	0.00668932	-9530.94
255	0.00668932	-9032.53
256	0.00668932	-10048.2
257	0.00668932	-9235.6
258	0.00668932	-9660.41
259	0.00668932	-10222.7
260	0.00668932	-9718.91
261	0.00668932	-9627.71
262	0.00668932	-9201.95
263	0.00668932	-9721.14
264	0.00668932	-9226
265	0.00668932	-9842.51
266	0.00668932	-9318.94
267	0.00668932	-9002.61
268	0.00668932	-9477.2
269	0.00668932	-9179.88
270	0.00668932	-9752.31
271	0.00668932	-9838.36
272	0.00668932	-9581.33
273	0.00668932	-9894.05
274	0.00668932	-9373.02
275	0.00668932	-9674.53
276	0.00668932	-9215.43
277	0.00668932	-9027.63
278	0.00668932	-9820.91
279	0.00668932	-9062.91
280	0.00668932	-9706.76
281	0.00668932	-9109.64
282	0.00668932	-9617.75
283	0.00668932	-9339.18
284	0.00668932	-9002.18
285	0.00668932	-8894.73
286	0.00668932	-9265.37
287	0.00668932	-9163.5
288	0.00668932	-9079.34
289	0.00668932	-9056.62
290	0.00668932	-9401.55
291	0.00668932	-9283.96
292	0.00668932	-9588.61
293	0.00668932	-9187.58
294	0.00668932	-9174
295	0.00668932	-9897.16
296	0.00668932	-9656.82
297	0.00668932	-9516.16
298	0.00668932	-9313.25
299	0.00668932	-10119.8
300	0.00668932	-9896.54
301	0.00668932	-9526.31
302	0.00668932	-8937.39
303	0.00668932	-9106.76
304	0.00668932	-9276.2
305	0.00668932	-8849.53
306	0.00668932	-9033.29
307	0.00668932	-9247.39
308	0.00668932	-9943.1
309	0.00668932	-9678.3
310	0.00668932	-9716.82
311	0.00668932	-9799.45
312	0.00668932	-9490.05
313	0.00668932	-9755.16
314	0.00668932	-10011.7
315	0.00668932	-10114.5
316	0.00668932	-9420.22
317	0.00668932	-9768.29
318	0.00668932	-9725.66
319	0.00668932	-9735.54
320	0.00668932	-9909.36
321	0.00668932	-9953
322	0.00668932	-9350.47
323	0.00668932	-9641.26
324	0.00668932	-9733.96
325	0.00668932	-9511.45
326	0.00668932	-9140.42
327	0.00668932	-9591.72
328	0.00668932	-9341.82
329	0.00668932	-10105.1
330	0.00668932	-9963.43
331	0.00668932	-9871.09
332	0.00668932	-9981.9
333	0.00668932	-9406.32
334	0.00668932	-9537.44
335	0.00668932	-9448.08
336	0.00668932	-9584.67
337	0.00668932	-9824.63
338	0.00668932	-9569.18
339	0.00668932	-9270.21
340	0.00668932	-9517.23
341	0.00668932	-9904.44
342	0.00668932	-10466.3
343	0.00668932	-9612.29
344	0.00668932	-9809.06
345	0.00668932	-10334.9
346	0.00668932	-10718.2
347	0.00668932	-10982
348	0.00668932	-10591.8
349	0.00668932	-9747.9
350	0.00668932	-9591.9
351	0.00668932	-9402.59
352	0.00668932	-9552.03
353	0.00668932	-9452.65
354	0.00668932	-9541.06
355	0.00668932	-9419.29
356	0.00668932	-9323.85
357	0.00668932	-9149.54
358	0.00668932	-9847.34
359	0.00668932	-9487.09
360	0.00668932	-9861.05
361	0.00668932	-9430.19
362	0.00668932	-9767.66
363	0.00668932	-9909.75
364	0.00668932	-9243.48
365	0.00668932	-9189.53
366	0.00668932	-9345.81
367	0.00668932	-9181.42
368	0.00668932	-9210.26
369	0.00668932	-9977.84
370	0.00668932	-9726.81
371	0.00668932	-9326.34
372	0.00668932	-9424.22
373	0.00668932	-9073.13
374	0.00668932	-9199.77
375	0.00668932	-9866.77
376	0.00668932	-9436.3
377	0.00668932	-9620.51
378	0.00668932	-9326.17
379	0.00668932	-9734.35
380	0.00668932	-9583.76
381	0.00668932	-9109.03
382	0.00668932	-9519.07
383	0.00668932	-9921.29
384	0.00668932	-9724.77
385	0.00668932	-9417.42
386	0.00668932	-9461.69
387	0.00668932	-9306.25
388	0.00668932	-9042.82
389	0.00668932	-9586.94
390	0.00668932	-10386.6
391	0.00668932	-9622.24
392	0.00668932	-9459.01
393	0.00668932	-9175.2
394	0.00668932	-9036.88
395	0.00668932	-9827.06
396	0.00668932	-8833.48
397	0.00668932	-8954.78
398	0.00668932	-9175.69
399	0.00668932	-9455.14
400	0.00668932	-9503.27
401	0.00668932	-9254.41
402	0.00668932	-9877.03
403	0.00668932	-9774.09
404	0.00668932	-9653.08
405	0.00668932	-9860.73
406	0.00668932	-9958.74
407	0.00668932	-9890.44
408	0.00668932	-9751.03
409	0.00668932	-9557.26
410	0.00668932	-10550.1
411	0.00668932	-9522.41
412	0.00668932	-9546.05
413	0.00668932	-9597.85
414	0.00668932	-9617.95
415	0.00668932	-9780.6
416	0.00668932	-10398.4
417	0.00668932	-9858.45
418	0.00668932	-9617.81
419	0.00668932	-9478.7
420	0.00668932	-9115.89
421	0.00668932	-10036.2
422	0.00668932	-9775.59
423	0.00668932	-9730.48
424	0.00668932	-9524.74
425	0.00668932	-9628.89
426	0.00668932	-8903.5
427	0.00668932	-9193.43
428	0.00668932	-9353.71
429	0.00668932	-9973.99
430	0.00668932	-9853.6
431	0.00668932	-9755.86
432	0.00668932	-9364.87
433	0.00668932	-10074.6
434	0.00668932	-10135.7
435	0.00668932	-9353.91
436	0.00668932	-9661.6
437	0.00668932	-10365.3
438	0.00668932	-9702.17
439	0.00668932	-10452.8
440	0.00668932	-9794.34
441	0.00668932	-9707.98
442	0.00668932	-9656.14
443	0.00668932	-9617.53
444	0.00668932	-8941.7
445	0.00668932	-9055.59
446	0.00668932	-9301.72
447	0.00668932	-9487.66
448	0.00668932	-9340.09
449	0.00668932	-9620.34
450	0.00668932	-9340.23
451	0.00668932	-8951.27
452	0.00668932	-10237.6
453	0.00668932	-10345.5
454	0.00668932	-9274.97
455	0.00668932	-9171.49
456	0.00668932	-9693.22
457	0.00668932	-9654.62
458	0.00668932	-10581.8
459	0.00668932	-9811.18
460	0.00668932	-10187.9
461	0.00668932	-9823.55
462	0.00668932	-10481.6
463	0.00668932	-9606.76
464	0.00668932	-10288.2
465	0.00668932	-9468.19
466	0.00668932	-9477.17
467	0.00668932	-9645.98
468	0.00668932	-9215.45
469	0.00668932	-9245.62
470	0.00668932	-9643.79
471	0.00668932	-9033.91
472	0.00668932	-8925.52
473	0.00668932	-9648
474	0.00668932	-9328.98
475	0.00668932	-9565.99
476	0.00668932	-9155.13
477	0.00668932	-8804.24
478	0.00668932	-8871.26
479	0.00668932	-9213.55
480	0.00668932	-9926.25
481	0.00668932	-10014.8
482	0.00668932	-9164.64
483	0.00668932	-9711.17
484	0.00668932	-10092.3
485	0.00668932	-9915.21
486	0.00668932	-9022.18
487	0.00668932	-9163.3
488	0.00668932	-9848.86
489	0.00668932	-9735.28
490	0.00668932	-9214.35
491	0.00668932	-9148.78
492	0.00668932	-8899.77
493	0.00668932	-9771.39
494	0.00668932	-9322.91
495	0.00668932	-9099.83
496	0.00668932	-9874.69
497	0.00668932	-9324.77
498	0.00668932	-9352.83
499	0.00668932	-9249.59
500	0.00668932	-9497.79
501	0.00668932	-9581.89
502	0.00668932	-10466.6
503	0.00668932	-9690.94
504	0.00668932	-9379.46
505	0.00668932	-9223.82
506	0.00668932	-9621.1
507	0.00668932	-10015
508	0.00668932	-10631.1
509	0.00668932	-9981.89
510	0.00668932	-9494.98
511	0.00668932	-8958.51
512	0.00668932	-9207.93
513	0.00668932	-9351.17
514	0.00668932	-9204.07
515	0.00668932	-9387.13
516	0.00668932	-9358.38
517	0.00668932	-10256.8
518	0.00668932	-9783.34
519	0.00668932	-9639.56
520	0.00668932	-9412.29
521	0.00668932	-9607.95
522	0.00668932	-9185.93
523	0.00668932	-9308.45
524	0.00668932	-9349.93
525	0.00668932	-8929.06
526	0.00668932	-8899.42
527	0.00668932	-9337.47
528	0.00668932	-9205.31
529	0.00668932	-8847.15
530	0.00668932	-9268.28
531	0.00668932	-9412.23
532	0.00668932	-9271.05
533	0.00668932	-9799.37
534	0.00668932	-9259.13
535	0.00668932	-9323.11
536	0.00668932	-9227.9
537	0.00668932	-10069.1
538	0.00668932	-10125.1
539	0.00668932	-10316.1
540	0.00668932	-9770.42
541	0.00668932	-9323.23
542	0.00668932	-9176.47
543	0.00668932	-9696.11
544	0.00668932	-9217.31
545	0.00668932	-9504.9
546	0.00668932	-10201.1
547	0.00668932	-9929.46
548	0.00668932	-9172.32
549	0.00668932	-9662.65
550	0.00668932	-10083.9
551	0.00668932	-9443.57
552	0.00668932	-9674.41
553	0.00668932	-9240.64
554	0.00668932	-9651.89
555	0.00668932	-9755.81
556	0.00668932	-9499.51
557	0.00668932	-9608.14
558	0.00668932	-10518.7
559	0.00668932	-10661.6
560	0.00668932	-10401.7
561	0.00668932	-9972.61
562	0.00668932	-9407.76
563	0.00668932	-9412.24
564	0.00668932	-9141.11
565	0.00668932	-10078.1
566	0.00668932	-9480.56
567	0.00668932	-9300.34
568	0.00668932	-9821.18
569	0.00668932	-9869.96
570	0.00668932	-9328.06
571	0.00668932	-9122.59
572	0.00668932	-9454.64
573	0.00668932	-9815.5
574	0.00668932	-10454.3
575	0.00668932	-9673.65
576	0.00668932	-9610.9
577	0.00668932	-9296.04
578	0.00668932	-9442.27
579	0.00668932	-9438.53
580	0.00668932	-9359.94
581	0.00668932	-9253.16
582	0.00668932	-9446.82
583	0.00668932	-9444.92
584	0.00668932	-9643.5
585	0.00668932	-9402.14
586	0.00668932	-9394.71
587	0.00668932	-9482.43
588	0.00668932	-9497.29
589	0.00668932	-8896.23
590	0.00668932	-9108.61
591	0.00668932	-9372.4
592	0.00668932	-8983.96
593	0.00668932	-9568.69
594	0.00668932	-9666.11
595	0.00668932	-9803.79
596	0.00668932	-10143.1
597	0.00668932	-9527.82
598	0.00668932	-9166.6
599	0.00668932	-9710.41
600	0.00668932	-9777.9
601	0.00668932	-9764.88
602	0.00668932	-9433.61
603	0.00668932	-9340.49
604	0.00668932	-9249.67
605	0.00668932	-9433.41
606	0.00668932	-9378.05
607	0.00668932	-9733.92
608	0.00668932	-10002.8
609	0.00668932	-9735.28
610	0.00668932	-9491.06
611	0.00668932	-9522.82
612	0.00668932	-9218.16
613	0.00668932	-9101.29
614	0.00668932	-9392.8
615	0.00668932	-10100.6
616	0.00668932	-10103.2
617	0.00668932	-10540
618	0.00668932	-10455.1
619	0.00668932	-9932.72
620	0.00668932	-9322.72
621	0.00668932	-9502.66
622	0.00668932	-9838.95
623	0.00668932	-9436.48
624	0.00668932	-9886.54
625	0.00668932	-9779.94
626	0.00668932	-9432.18
627	0.00668932	-9729.88
628	0.00668932	-9696.36
629	0.00668932	-9375.5
630	0.00668932	-9277.87
631	0.00668932	-9758.58
632	0.00668932	-9773.36
633	0.00668932	-9482.48
634	0.00668932	-9163.99
635	0.00668932	-9129.4
636	0.00668932	-9577.3
637	0.00668932	-9495.61
638	0.00668932	-9057.99
639	0.00668932	-9050.17
640	0.00668932	-9302.83
641	0.00668932	-9486.59
642	0.00668932	-9430.66
643	0.00668932	-9248.1
644	0.00668932	-9536.4
645	0.00668932	-10806.6
646	0.00668932	-10162.7
647	0.00668932	-10465.6
648	0.00668932	-9115.52
649	0.00668932	-9935.47
650	0.00668932	-9414.12
651	0.00668932	-9144.53
652	0.00668932	-9467.37
653	0.00668932	-9577.49
654	0.00668932	-9050.85
655	0.00668932	-9317.32
656	0.00668932	-8815.64
657	0.00668932	-10035.9
658	0.00668932	-9350.82
659	0.00668932	-9637.7
660	0.00668932	-9254.43
661	0.00668932	-10111.3
662	0.00668932	-9471.64
663	0.00668932	-9845.45
664	0.00668932	-9202.11
665	0.00668932	-9551.12
666	0.00668932	-8649.09
667	0.00668932	-9006.09
668	0.00668932	-9314.71
669	0.00668932	-9561.62
670	0.00668932	-9729.89
671	0.00668932	-9134.39
672	0.00668932	-9378.1
673	0.00668932	-10146.8
674	0.00668932	-9274.61
675	0.00668932	-9778.83
676	0.00668932	-9603.22
677	0.00668932	-8916.21
678	0.00668932	-8772.31
679	0.00668932	-10028.1
680	0.00668932	-8914.65
681	0.00668932	-9549.19
682	0.00668932	-9044.73
683	0.00668932	-9648.82
684	0.00668932	-10012.6
685	0.00668932	-9617.86
686	0.00668932	-9131.34
687	0.00668932	-9487.62
688	0.00668932	-9732.91
689	0.00668932	-9788.89
690	0.00668932	-9970.03
691	0.00668932	-9747.32
692	0.00668932	-9557.55
693	0.00668932	-9716.34
694	0.00668932	-9084.46
695	0.00668932	-9540.84
696	0.00668932	-9388.81
697	0.00668932	-9371.7
698	0.00668932	-9873.13
699	0.00668932	-10022.9
700	0.00668932	-9500.9
701	0.00668932	-9849.77
702	0.00668932	-10003
703	0.00668932	-9383.42
704	0.00668932	-9285.2
705	0.00668932	-10540.2
706	0.00668932	-10145.9
707	0.00668932	-9145.95
708	0.00668932	-9278.96
709	0.00668932	-9540.22
710	0.00668932	-10488.1
711	0.00668932	-9618.21
712	0.00668932	-9632.53
713	0.00668932	-9365.85
714	0.00668932	-9350.86
715	0.00668932	-9033.68
716	0.00668932	-9439.97
717	0.00668932	-9316.57
718	0.00668932	-9166.94
719	0.00668932	-9413.29
720	0.00668932	-9224.44
721	0.00668932	-9568.14
722	0.00668932	-9630.79
723	0.00668932	-9373.09
724	0.00668932	-9861.72
725	0.00668932	-9551.04
726	0.00668932	-9471.48
727	0.00668932	-9253.73
728	0.00668932	-9623.44
729	0.00668932	-9182.57
730	0.00668932	-9773.24
731	0.00668932	-9535.89
732	0.00668932	-9294.68
733	0.00668932	-9575.15
734	0.00668932	-9844.35
735	0.00668932	-9671.63
736	0.00668932	-10629.7
737	0.00668932	-9856.01
738	0.00668932	-9477.21
739	0.00668932	-9554.77
740	0.00668932	-9392.2
741	0.00668932	-9424.25
742	0.00668932	-9381.36
743	0.00668932	-9194.79
744	0.00668932	-8948.26
745	0.00668932	-9711.99
746	0.00668932	-8815.87
747	0.00668932	-8882.46
748	0.00668932	-8907.94
749	0.00668932	-9119.54
750	0.00668932	-8975.33
751	0.00668932	-9027.94
752	0.00668932	-9500.23
753	0.00668932	-10047.6
754	0.00668932	-9408.57
755	0.00668932	-9602.69
756	0.00668932	-9653.29
757	0.00668932	-9586.74
758	0.00668932	-9694.65
759	0.00668932	-9646.16
760	0.00668932	-9269.54
761	0.00668932	-9477.9
762	0.00668932	-10098.5
763	0.00668932	-8771.86
764	0.00668932	-9218.51
765	0.00668932	-9244.4
766	0.00668932	-9772.81
767	0.00668932	-9745.48
768	0.00668932	-10310.7
769	0.00668932	-9167.47
770	0.00668932	-9145.69
771	0.00668932	-9833.33
772	0.00668932	-9525.92
773	0.00668932	-9740.39
774	0.00668932	-9826.99
775	0.00668932	-10043.7
776	0.00668932	-9935.19
777	0.00668932	-9700.73
778	0.00668932	-9501.25
779	0.00668932	-9202.06
780	0.00668932	-9566.92
781	0.00668932	-9109.34
782	0.00668932	-9223.08
783	0.00668932	-9633.94
784	0.00668932	-9382.6
785	0.00668932	-9438.69
786	0.00668932	-9354.46
787	0.00668932	-9653.92
788	0.00668932	-9538.71
789	0.00668932	-10171.2
790	0.00668932	-9752.62
791	0.00668932	-9654.37
792	0.00668932	-9705.69
793	0.00668932	-9658.36
794	0.00668932	-10248
795	0.00668932	-9965.37
796	0.00668932	-9644.2
797	0.00668932	-9510.96
798	0.00668932	-9540.73
799	0.00668932	-9304.29
800	0.00668932	-9197.82
801	0.00668932	-9172.86
802	0.00668932	-8714.98
803	0.00668932	-9558.72
804	0.00668932	-9460.35
805	0.00668932	-10107.7
806	0.00668932	-10272
807	0.00668932	-9477.51
808	0.00668932	-9973.46
809	0.00668932	-9972.77
810	0.00668932	-10025.1
811	0.00668932	-9741.57
812	0.00668932	-9315.64
813	0.00668932	-9601.15
814	0.00668932	-9164.41
815	0.00668932	-9990.32
816	0.00668932	-9738.65
817	0.00668932	-10156.5
818	0.00668932	-9759.92
819	0.00668932	-10335.8
820	0.00668932	-9440.09
821	0.00668932	-9360.9
822	0.00668932	-9719.32
823	0.00668932	-9536.16
824	0.00668932	-9396.13
825	0.00668932	-9382.18
826	0.00668932	-9210.37
827	0.00668932	-9578.37
828	0.00668932	-8986.96
829	0.00668932	-9782.74
830	0.00668932	-9373.18
831	0.00668932	-9554.47
832	0.00668932	-9563.43
833	0.00668932	-9679.59
834	0.00668932	-10085.4
835	0.00668932	-10044.4
836	0.00668932	-9482.72
837	0.00668932	-9607.19
838	0.00668932	-10117.2
839	0.00668932	-9694.5
840	0.00668932	-9492.04
841	0.00668932	-9439.4
842	0.00668932	-9207
843	0.00668932	-9197.99
844	0.00668932	-8988.13
845	0.00668932	-9171.38
846	0.00668932	-9787.99
847	0.00668932	-9405.01
848	0.00668932	-9420.92
849	0.00668932	-9653.02
850	0.00668932	-9400.71
851	0.00668932	-9623.54
852	0.00668932	-8837.48
853	0.00668932	-9438.57
854	0.00668932	-9505.79
855	0.00668932	-9694.84
856	0.00668932	-10044.5
857	0.00668932	-10098.4
858	0.00668932	-9447.87
859	0.00668932	-9242.1
860	0.00668932	-9608.66
861	0.00668932	-9961.87
862	0.00668932	-10461.9
863	0.00668932	-10191.1
864	0.00668932	-9667.22
865	0.00668932	-9437.19
866	0.00668932	-9631.59
867	0.00668932	-9319.81
868	0.00668932	-9647.6
869	0.00668932	-9824.61
870	0.00668932	-9784.03
871	0.00668932	-9886.84
872	0.00668932	-9736.08
873	0.00668932	-9521.81
874	0.00668932	-9826.57
875	0.00668932	-9346.97
876	0.00668932	-10217.4
877	0.00668932	-9625.44
878	0.00668932	-9631.99
879	0.00668932	-9558.19
880	0.00668932	-9817.47
881	0.00668932	-10236.4
882	0.00668932	-9943.1
883	0.00668932	-9493.61
884	0.00668932	-9543.97
885	0.00668932	-9290.32
886	0.00668932	-9464.26
887	0.00668932	-9611.41
888	0.00668932	-9541.93
889	0.00668932	-9104.81
890	0.00668932	-9567.32
891	0.00668932	-10175.6
892	0.00668932	-10484
893	0.00668932	-10904.3
894	0.00668932	-9005.41
895	0.00668932	-9348.54
896	0.00668932	-10421.4
897	0.00668932	-9325.89
898	0.00668932	-9659.05
899	0.00668932	-9613.59
900	0.00668932	-9193.34
901	0.00668932	-9225.85
902	0.00668932	-10110.9
903	0.00668932	-9564.41
904	0.00668932	-9846.89
905	0.00668932	-9936.82
906	0.00668932	-9660.37
907	0.00668932	-9465.1
908	0.00668932	-8903.4
909	0.00668932	-8881.36
910	0.00668932	-8993.58
911	0.00668932	-9339.2
912	0.00668932	-9371.26
913	0.00668932	-9242.66
914	0.00668932	-9972.84
915	0.00668932	-10093.1
916	0.00668932	-9841.61
917	0.00668932	-9496.1
918	0.00668932	-9313.65
919	0.00668932	-9054.04
920	0.00668932	-9311.54
921	0.00668932	-9621.14
922	0.00668932	-9408.33
923	0.00668932	-9294.05
924	0.00668932	-9599.75
925	0.00668932	-9188.03
926	0.00668932	-9154.65
927	0.00668932	-9126.45
928	0.00668932	-10703.3
929	0.00668932	-9847.66
930	0.00668932	-9717.62
931	0.00668932	-9558.97
932	0.00668932	-9123.34
933	0.00668932	-8936.21
934	0.00668932	-9099.1
935	0.00668932	-9718.63
936	0.00668932	-8686.16
937	0.00668932	-9298.67
938	0.00668932	-9280.52
939	0.00668932	-9363.82
940	0.00668932	-9592.68
941	0.00668932	-9768.08
942	0.00668932	-10095.7
943	0.00668932	-9468.84
944	0.00668932	-9354.57
945	0.00668932	-9124.78
946	0.00668932	-9327.98
947	0.00668932	-9490.74
948	0.00668932	-9928.61
949	0.00668932	-9764.51
950	0.00668932	-9219.11
951	0.00668932	-10123.8
952	0.00668932	-9898.14
953	0.00668932	-9854.69
954	0.00668932	-9970.29
955	0.00668932	-9929.12
956	0.00668932	-9846.04
957	0.00668932	-9186.3
958	0.00668932	-9295.02
959	0.00668932	-9185.57
960	0.00668932	-9472.41
961	0.00668932	-9459.55
962	0.00668932	-9085.43
963	0.00668932	-9138.67
964	0.00668932	-9919.94
965	0.00668932	-9449.54
966	0.00668932	-9213.47
967	0.00668932	-8855.02
968	0.00668932	-9616.93
969	0.00668932	-9508.84
970	0.00668932	-9272.31
971	0.00668932	-9180.87
972	0.00668932	-9074.15
973	0.00668932	-9694.06
974	0.00668932	-9797.67
975	0.00668932	-9584.41
976	0.00668932	-10042.1
977	0.00668932	-9864.49
978	0.00668932	-9915.45
979	0.00668932	-10038.7
980	0.00668932	-9679.66
981	0.00668932	-9562.33
982	0.00668932	-9915.4
983	0.00668932	-9741.86
984	0.00668932	-9959.78
985	0.00668932	-10075.2
986	0.00668932	-9378.57
987	0.00668932	-9062.49
988	0.00668932	-9302.24
989	0.00668932	-9327.46
990	0.00668932	-9475.21
991	0.00668932	-9590.27
992	0.00668932	-9011.79
993	0.00668932	-9626.06
994	0.00668932	-9081.78
995	0.00668932	-9008.91
996	0.00668932	-9062.09
997	0.00668932	-8891.89
998	0.00668932	-8830.38
999	0.00668932	-9601.7
1000	0.00668932	-10043.8
251	0.00502648	-9550.56
252	0.00502648	-9632.2
253	0.00502648	-9924
254	0.00502648	-10039.7
255	0.00502648	-10136.6
256	0.00502648	-9872.15
257	0.00502648	-10469
258	0.00502648	-9871.46
259	0.00502648	-10149
260	0.00502648	-9762.48
261	0.00502648	-10694.4
262	0.00502648	-9507.46
263	0.00502648	-9812.35
264	0.00502648	-9481.42
265	0.00502648	-9372.18
266	0.00502648	-9263.45
267	0.00502648	-9388.25
268	0.00502648	-9927.96
269	0.00502648	-9567.68
270	0.00502648	-9387.36
271	0.00502648	-9498.81
272	0.00502648	-9659.85
273	0.00502648	-9025.89
274	0.00502648	-9702.35
275	0.00502648	-9895.45
276	0.00502648	-9265.03
277	0.00502648	-9759.97
278	0.00502648	-9699.07
279	0.00502648	-9975.66
280	0.00502648	-10158.2
281	0.00502648	-10636.1
282	0.00502648	-10440.8
283	0.00502648	-10572.7
284	0.00502648	-9956.52
285	0.00502648	-10092
286	0.00502648	-9356.22
287	0.00502648	-10038.2
288	0.00502648	-10069.5
289	0.00502648	-10396.2
290	0.00502648	-9893.38
291	0.00502648	-9205.65
292	0.00502648	-9422.34
293	0.00502648	-9290.78
294	0.00502648	-9709.51
295	0.00502648	-9921.88
296	0.00502648	-10138.1
297	0.00502648	-10032.5
298	0.00502648	-9163.11
299	0.00502648	-9722.14
300	0.00502648	-9666.23
301	0.00502648	-9184.7
302	0.00502648	-9869.78
303	0.00502648	-10072
304	0.00502648	-10018.8
305	0.00502648	-10384.2
306	0.00502648	-9925.16
307	0.00502648	-10387.7
308	0.00502648	-9833.91
309	0.00502648	-10066.7
310	0.00502648	-10272.5
311	0.00502648	-9358.81
312	0.00502648	-9246.33
313	0.00502648	-9847.61
314	0.00502648	-10305.8
315	0.00502648	-10941.9
316	0.00502648	-10104.7
317	0.00502648	-9234.71
318	0.00502648	-9560.3
319	0.00502648	-10536.2
320	0.00502648	-9743.26
321	0.00502648	-10105.7
322	0.00502648	-11478.3
323	0.00502648	-10004.7
324	0.00502648	-10393.3
325	0.00502648	-9766.43
326	0.00502648	-9741.24
327	0.00502648	-9946.22
328	0.00502648	-10485.9
329	0.00502648	-9302.62
330	0.00502648	-9542.68
331	0.00502648	-9675.42
332	0.00502648	-10240.3
333	0.00502648	-9646.41
334	0.00502648	-9760.59
335	0.00502648	-9876.69
336	0.00502648	-9536.63
337	0.00502648	-9410.92
338	0.00502648	-9830.72
339	0.00502648	-10546.2
340	0.00502648	-9495.27
341	0.00502648	-9306.34
342	0.00502648	-9036.86
343	0.00502648	-9673.14
344	0.00502648	-9737.71
345	0.00502648	-9430.62
346	0.00502648	-9717.78
347	0.00502648	-9858.83
348	0.00502648	-9709.37
349	0.00502648	-9964.47
350	0.00502648	-9531.75
351	0.00502648	-9459.27
352	0.00502648	-9177.2
353	0.00502648	-9764.29
354	0.00502648	-9508.71
355	0.00502648	-9191.7
356	0.00502648	-9794.56
357	0.00502648	-9452.77
358	0.00502648	-9904.9
359	0.00502648	-9995.28
360	0.00502648	-10459.3
361	0.00502648	-10128.1
362	0.00502648	-9372.53
363	0.00502648	-10614.7
364	0.00502648	-10139.9
365	0.00502648	-9765.25
366	0.00502648	-9958.67
367	0.00502648	-10045.3
368	0.00502648	-9427.53
369	0.00502648	-9521.05
370	0.00502648	-11126.6
371	0.00502648	-11130.1
372	0.00502648	-10222.6
373	0.00502648	-9944.7
374	0.00502648	-10203
375	0.00502648	-9854.04
376	0.00502648	-9360.64
377	0.00502648	-9917.45
378	0.00502648	-10473.9
379	0.00502648	-9520.2
380	0.00502648	-9580.75
381	0.00502648	-10523.8
382	0.00502648	-9569.79
383	0.00502648	-10139.7
384	0.00502648	-10032.8
385	0.00502648	-10282.9
386	0.00502648	-10426.5
387	0.00502648	-9994.14
388	0.00502648	-9565.26
389	0.00502648	-10133.4
390	0.00502648	-10422
391	0.00502648	-10257.4
392	0.00502648	-9871.72
393	0.00502648	-9990.41
394	0.00502648	-9974.98
395	0.00502648	-9452.93
396	0.00502648	-9323.06
397	0.00502648	-9455.62
398	0.00502648	-10957.4
399	0.00502648	-9191.73
400	0.00502648	-10310.1
401	0.00502648	-9579.88
402	0.00502648	-9110.43
403	0.00502648	-9642.62
404	0.00502648	-10125.3
405	0.00502648	-10165
406	0.00502648	-10145.1
407	0.00502648	-9348.77
408	0.00502648	-10080.6
409	0.00502648	-10099.1
410	0.00502648	-9623.61
411	0.00502648	-9218.98
412	0.00502648	-9725.63
413	0.00502648	-9828.17
414	0.00502648	-9837.85
415	0.00502648	-9256.68
416	0.00502648	-9624.39
417	0.00502648	-9916.72
418	0.00502648	-9798.28
419	0.00502648	-9953.91
420	0.00502648	-9127.54
421	0.00502648	-10121.8
422	0.00502648	-9468.18
423	0.00502648	-9169.58
424	0.00502648	-9968.48
425	0.00502648	-10064.4
426	0.00502648	-9171.89
427	0.00502648	-9782.59
428	0.00502648	-9742.15
429	0.00502648	-9665.31
430	0.00502648	-10063.5
431	0.00502648	-9814.46
432	0.00502648	-10585.6
433	0.00502648	-10104.6
434	0.00502648	-10361.2
435	0.00502648	-10174.1
436	0.00502648	-11160.5
437	0.00502648	-10221.4
438	0.00502648	-10144.5
439	0.00502648	-10006.8
440	0.00502648	-9332.15
441	0.00502648	-9936.48
442	0.00502648	-10129.6
443	0.00502648	-10162.6
444	0.00502648	-9978.5
445	0.00502648	-9903.27
446	0.00502648	-10341.2
447	0.00502648	-10536.4
448	0.00502648	-10095.1
449	0.00502648	-10000.1
450	0.00502648	-9448.24
451	0.00502648	-9223.3
452	0.00502648	-9279.71
453	0.00502648	-9425.76
454	0.00502648	-9097.58
455	0.00502648	-8794.9
456	0.00502648	-9569.98
457	0.00502648	-9490.95
458	0.00502648	-10150.9
459	0.00502648	-10285.7
460	0.00502648	-9617.35
461	0.00502648	-10301.1
462	0.00502648	-10041.2
463	0.00502648	-9836.44
464	0.00502648	-9997.14
465	0.00502648	-10220.8
466	0.00502648	-9914.46
467	0.00502648	-10129.4
468	0.00502648	-9763.05
469	0.00502648	-10582.4
470	0.00502648	-9496.77
471	0.00502648	-9624.94
472	0.00502648	-9458.01
473	0.00502648	-9326.19
474	0.00502648	-9847.67
475	0.00502648	-9648.67
476	0.00502648	-10262.3
477	0.00502648	-9619.77
478	0.00502648	-9167.24
479	0.00502648	-10144.6
480	0.00502648	-9496.19
481	0.00502648	-9776.92
482	0.00502648	-9855.45
483	0.00502648	-10225.4
484	0.00502648	-9482.8
485	0.00502648	-10188.9
486	0.00502648	-10483.9
487	0.00502648	-9734.06
488	0.00502648	-10110.9
489	0.00502648	-9872.44
490	0.00502648	-10144.5
491	0.00502648	-9853.38
492	0.00502648	-9527.42
493	0.00502648	-10328.8
494	0.00502648	-10192.9
495	0.00502648	-10208.9
496	0.00502648	-10164.2
497	0.00502648	-9361.95
498	0.00502648	-9717.35
499	0.00502648	-10249.6
500	0.00502648	-9179.45
501	0.00502648	-9639.26
502	0.00502648	-9584.19
503	0.00502648	-10120.4
504	0.00502648	-10205
505	0.00502648	-10378
506	0.00502648	-9543.85
507	0.00502648	-9766.59
508	0.00502648	-10002.5
509	0.00502648	-9912.2
510	0.00502648	-10483.4
511	0.00502648	-10399.1
512	0.00502648	-10273.2
513	0.00502648	-10466.1
514	0.00502648	-10425.2
515	0.00502648	-9970.15
516	0.00502648	-9751.55
517	0.00502648	-9812.33
518	0.00502648	-9757.96
519	0.00502648	-9818.77
520	0.00502648	-9621.73
521	0.00502648	-9722.67
522	0.00502648	-10041.5
523	0.00502648	-8996.39
524	0.00502648	-10954.9
525	0.00502648	-9962.37
526	0.00502648	-9168.1
527	0.00502648	-8958.42
528	0.00502648	-10271.4
529	0.00502648	-10890.6
530	0.00502648	-9989.44
531	0.00502648	-9585.24
532	0.00502648	-9951.07
533	0.00502648	-10104.9
534	0.00502648	-9955.68
535	0.00502648	-9373.68
536	0.00502648	-9696.09
537	0.00502648	-9744.55
538	0.00502648	-9192.87
539	0.00502648	-11221.2
540	0.00502648	-10390.6
541	0.00502648	-10589.6
542	0.00502648	-9941.53
543	0.00502648	-9463.7
544	0.00502648	-9992.73
545	0.00502648	-9539.66
546	0.00502648	-9735.66
547	0.00502648	-9079.64
548	0.00502648	-9433.36
549	0.00502648	-10629.7
550	0.00502648	-10572.8
551	0.00502648	-10591.6
552	0.00502648	-10422.3
553	0.00502648	-10400.6
554	0.00502648	-10431.6
555	0.00502648	-9473.57
556	0.00502648	-9736.43
557	0.00502648	-10146.9
558	0.00502648	-9804.33
559	0.00502648	-10022.8
560	0.00502648	-9352.61
561	0.00502648	-10116
562	0.00502648	-10033.6
563	0.00502648	-9529.93
564	0.00502648	-8993.2
565	0.00502648	-9888.3
566	0.00502648	-10056.3
567	0.00502648	-9930.68
568	0.00502648	-9584.28
569	0.00502648	-9284.56
570	0.00502648	-9337.61
571	0.00502648	-9295.67
572	0.00502648	-9149.14
573	0.00502648	-9356.22
574	0.00502648	-9392.2
575	0.00502648	-9311.68
576	0.00502648	-9816.62
577	0.00502648	-9576.72
578	0.00502648	-10009.5
579	0.00502648	-10028.4
580	0.00502648	-9490.99
581	0.00502648	-10252
582	0.00502648	-9961.89
583	0.00502648	-10257.4
584	0.00502648	-9519.52
585	0.00502648	-9262.19
586	0.00502648	-9412.97
587	0.00502648	-9548.22
588	0.00502648	-9191.42
589	0.00502648	-9096.32
590	0.00502648	-9139.67
591	0.00502648	-9430.09
592	0.00502648	-9228.45
593	0.00502648	-9740.67
594	0.00502648	-10167.8
595	0.00502648	-9361.85
596	0.00502648	-10690.5
597	0.00502648	-10178.6
598	0.00502648	-9971.14
599	0.00502648	-9585.8
600	0.00502648	-9708.03
601	0.00502648	-10009.2
602	0.00502648	-9984.49
603	0.00502648	-9591.86
604	0.00502648	-9354.58
605	0.00502648	-9832.55
606	0.00502648	-9877.38
607	0.00502648	-9864.18
608	0.00502648	-9659.96
609	0.00502648	-9515.7
610	0.00502648	-9905.75
611	0.00502648	-10251.4
612	0.00502648	-9826.64
613	0.00502648	-9332.22
614	0.00502648	-9345.38
615	0.00502648	-9411.86
616	0.00502648	-9017.68
617	0.00502648	-9826.24
618	0.00502648	-9553.57
619	0.00502648	-9627.37
620	0.00502648	-10156.5
621	0.00502648	-9265.59
622	0.00502648	-8984.21
623	0.00502648	-9526.2
624	0.00502648	-10398
625	0.00502648	-11389.3
626	0.00502648	-11003.4
627	0.00502648	-9394.36
628	0.00502648	-9160.53
629	0.00502648	-9434.47
630	0.00502648	-9733.06
631	0.00502648	-9495.79
632	0.00502648	-9144.36
633	0.00502648	-9168.51
634	0.00502648	-10126.1
635	0.00502648	-10222.7
636	0.00502648	-9495.49
637	0.00502648	-10122.1
638	0.00502648	-10184.8
639	0.00502648	-9736.38
640	0.00502648	-10500.7
641	0.00502648	-10191.2
642	0.00502648	-9686.36
643	0.00502648	-9351.38
644	0.00502648	-10225.5
645	0.00502648	-10012.6
646	0.00502648	-10088.8
647	0.00502648	-10000.7
648	0.00502648	-10264.6
649	0.00502648	-10300.7
650	0.00502648	-10025.9
651	0.00502648	-10330.8
652	0.00502648	-10743
653	0.00502648	-11038.6
654	0.00502648	-10548.9
655	0.00502648	-10813.5
656	0.00502648	-9695.6
657	0.00502648	-9903.32
658	0.00502648	-10656.5
659	0.00502648	-9636.05
660	0.00502648	-10019.3
661	0.00502648	-10369.5
662	0.00502648	-10117.5
663	0.00502648	-9778.09
664	0.00502648	-9887.15
665	0.00502648	-9507.68
666	0.00502648	-10685.9
667	0.00502648	-9766.09
668	0.00502648	-8998.67
669	0.00502648	-10221.1
670	0.00502648	-9041.24
671	0.00502648	-9030.24
672	0.00502648	-9642.65
673	0.00502648	-10005.3
674	0.00502648	-9462.08
675	0.00502648	-10175.5
676	0.00502648	-10293.7
677	0.00502648	-8965.18
678	0.00502648	-10358.3
679	0.00502648	-9885.47
680	0.00502648	-9726.71
681	0.00502648	-9635.33
682	0.00502648	-9156.73
683	0.00502648	-9486.4
684	0.00502648	-10148.9
685	0.00502648	-10355.9
686	0.00502648	-10567.5
687	0.00502648	-10458.3
688	0.00502648	-9735.29
689	0.00502648	-9435.65
690	0.00502648	-9571.94
691	0.00502648	-9816.6
692	0.00502648	-10228.8
693	0.00502648	-9527.75
694	0.00502648	-10436.2
695	0.00502648	-9750.79
696	0.00502648	-10918.9
697	0.00502648	-9873.41
698	0.00502648	-9958.73
699	0.00502648	-10127.4
700	0.00502648	-10489.7
701	0.00502648	-10556.9
702	0.00502648	-10306.7
703	0.00502648	-10002.9
704	0.00502648	-9246.99
705	0.00502648	-9045.11
706	0.00502648	-9741.83
707	0.00502648	-10109.7
708	0.00502648	-9725.55
709	0.00502648	-9703.21
710	0.00502648	-9147.64
711	0.00502648	-9442.64
712	0.00502648	-9140.05
713	0.00502648	-9854.96
714	0.00502648	-9352.09
715	0.00502648	-9255.75
716	0.00502648	-10274.2
717	0.00502648	-9383.83
718	0.00502648	-10326.9
719	0.00502648	-10552.6
720	0.00502648	-10619.5
721	0.00502648	-9632.14
722	0.00502648	-9666.28
723	0.00502648	-9935.75
724	0.00502648	-10341.2
725	0.00502648	-9815.27
726	0.00502648	-10673.6
727	0.00502648	-10180.4
728	0.00502648	-9333.25
729	0.00502648	-10208.7
730	0.00502648	-9713.32
731	0.00502648	-9710.38
732	0.00502648	-9813.6
733	0.00502648	-9877.79
734	0.00502648	-10329
735	0.00502648	-10249.5
736	0.00502648	-9729.74
737	0.00502648	-9365
738	0.00502648	-9705.52
739	0.00502648	-10110.4
740	0.00502648	-9733.2
741	0.00502648	-9911.9
742	0.00502648	-9576.54
743	0.00502648	-9445.11
744	0.00502648	-9406.19
745	0.00502648	-9607.76
746	0.00502648	-9983.9
747	0.00502648	-9884.35
748	0.00502648	-10448
749	0.00502648	-10076.2
750	0.00502648	-10055.6
751	0.00502648	-9408.98
752	0.00502648	-9546.41
753	0.00502648	-9849.09
754	0.00502648	-9382.91
755	0.00502648	-9040.32
756	0.00502648	-9676.04
757	0.00502648	-9334.07
758	0.00502648	-10152.8
759	0.00502648	-9692.37
760	0.00502648	-9263.43
761	0.00502648	-9100.3
762	0.00502648	-9109.76
763	0.00502648	-10465.2
764	0.00502648	-9654.2
765	0.00502648	-10683.3
766	0.00502648	-9958.62
767	0.00502648	-9659.72
768	0.00502648	-10506.5
769	0.00502648	-10051.4
770	0.00502648	-10252.4
771	0.00502648	-10134.7
772	0.00502648	-9563.29
773	0.00502648	-10392.4
774	0.00502648	-9963.28
775	0.00502648	-10333.4
776	0.00502648	-9302.46
777	0.00502648	-9661.69
778	0.00502648	-10178.3
779	0.00502648	-9981.37
780	0.00502648	-9910.19
781	0.00502648	-9864.06
782	0.00502648	-9676.82
783	0.00502648	-9927.39
784	0.00502648	-9178.2
785	0.00502648	-9110.22
786	0.00502648	-9439.98
787	0.00502648	-10093.3
788	0.00502648	-9725.54
789	0.00502648	-10196.2
790	0.00502648	-10324.1
791	0.00502648	-9665.18
792	0.00502648	-9569.29
793	0.00502648	-9297.51
794	0.00502648	-10420.8
795	0.00502648	-9711.36
796	0.00502648	-9060.43
797	0.00502648	-9548.25
798	0.00502648	-9325.87
799	0.00502648	-9939.74
800	0.00502648	-9247.45
801	0.00502648	-9769.28
802	0.00502648	-9951.54
803	0.00502648	-9485.76
804	0.00502648	-9795.47
805	0.00502648	-9458.56
806	0.00502648	-9893.31
807	0.00502648	-10598.6
808	0.00502648	-10358.6
809	0.00502648	-8899.96
810	0.00502648	-9202.97
811	0.00502648	-9092.26
812	0.00502648	-9432.8
813	0.00502648	-9967.75
814	0.00502648	-10082.2
815	0.00502648	-10298.5
816	0.00502648	-9554
817	0.00502648	-9729.87
818	0.00502648	-9177.78
819	0.00502648	-9578.73
820	0.00502648	-9199.12
821	0.00502648	-9813.13
822	0.00502648	-9902.14
823	0.00502648	-10228
824	0.00502648	-9864.26
825	0.00502648	-10674.3
826	0.00502648	-10559.3
827	0.00502648	-10009.3
828	0.00502648	-9670.31
829	0.00502648	-9752.79
830	0.00502648	-9885.04
831	0.00502648	-10317.4
832	0.00502648	-9350.49
833	0.00502648	-10433.1
834	0.00502648	-9686.81
835	0.00502648	-9479.63
836	0.00502648	-9783.18
837	0.00502648	-9548.99
838	0.00502648	-9837.04
839	0.00502648	-9671.27
840	0.00502648	-9703.95
841	0.00502648	-10070.9
842	0.00502648	-10430.3
843	0.00502648	-9333.12
844	0.00502648	-9797.48
845	0.00502648	-9812.37
846	0.00502648	-10140.4
847	0.00502648	-9954.24
848	0.00502648	-9756.02
849	0.00502648	-10738.5
850	0.00502648	-10535.8
851	0.00502648	-10133.8
852	0.00502648	-11206.6
853	0.00502648	-10454.1
854	0.00502648	-9342.71
855	0.00502648	-9749.08
856	0.00502648	-10233.7
857	0.00502648	-10169.4
858	0.00502648	-10007
859	0.00502648	-9613.85
860	0.00502648	-9797.03
861	0.00502648	-10047.8
862	0.00502648	-9737.32
863	0.00502648	-9476.18
864	0.00502648	-9017.03
865	0.00502648	-9722.25
866	0.00502648	-9647.65
867	0.00502648	-9814.93
868	0.00502648	-9359.08
869	0.00502648	-9878.98
870	0.00502648	-9600.99
871	0.00502648	-9554.32
872	0.00502648	-9256.25
873	0.00502648	-10012.5
874	0.00502648	-10072.8
875	0.00502648	-9583.66
876	0.00502648	-10192.5
877	0.00502648	-11207.1
878	0.00502648	-10247.7
879	0.00502648	-11091.8
880	0.00502648	-10460.9
881	0.00502648	-10468.5
882	0.00502648	-10841.5
883	0.00502648	-9395.51
884	0.00502648	-9340.85
885	0.00502648	-10032.8
886	0.00502648	-9828.26
887	0.00502648	-9637.48
888	0.00502648	-10501.1
889	0.00502648	-10000.8
890	0.00502648	-10467.6
891	0.00502648	-10262.8
892	0.00502648	-10744
893	0.00502648	-9543.47
894	0.00502648	-9848.99
895	0.00502648	-10034.1
896	0.00502648	-10017.3
897	0.00502648	-10029.5
898	0.00502648	-9450.67
899	0.00502648	-9656.52
900	0.00502648	-9745.3
901	0.00502648	-9632.76
902	0.00502648	-9033.88
903	0.00502648	-9056.85
904	0.00502648	-8917.44
905	0.00502648	-9745.71
906	0.00502648	-9615.17
907	0.00502648	-9393.96
908	0.00502648	-9381.14
909	0.00502648	-10656.9
910	0.00502648	-11185.7
911	0.00502648	-10349
912	0.00502648	-9684.73
913	0.00502648	-10187.3
914	0.00502648	-10050.3
915	0.00502648	-10355.6
916	0.00502648	-10180.6
917	0.00502648	-9594.8
918	0.00502648	-10870.8
919	0.00502648	-10147.8
920	0.00502648	-9968.28
921	0.00502648	-10311.5
922	0.00502648	-9823.09
923	0.00502648	-9653.93
924	0.00502648	-9843.96
925	0.00502648	-9598.59
926	0.00502648	-10043.7
927	0.00502648	-9702.86
928	0.00502648	-9437.35
929	0.00502648	-10435.7
930	0.00502648	-9716.15
931	0.00502648	-10219.6
932	0.00502648	-9338.48
933	0.00502648	-9362.69
934	0.00502648	-9567.39
935	0.00502648	-9362.74
936	0.00502648	-9255.73
937	0.00502648	-10279.3
938	0.00502648	-9189.95
939	0.00502648	-9980.21
940	0.00502648	-9314.09
941	0.00502648	-10106.7
942	0.00502648	-9613
943	0.00502648	-9064.94
944	0.00502648	-9650.44
945	0.00502648	-10024.6
946	0.00502648	-9111.62
947	0.00502648	-9839.98
948	0.00502648	-10156.7
949	0.00502648	-10093.8
950	0.00502648	-10200.2
951	0.00502648	-10431.4
952	0.00502648	-10143.5
953	0.00502648	-10749.7
954	0.00502648	-9386.42
955	0.00502648	-9605.66
956	0.00502648	-9856.47
957	0.00502648	-9963.93
958	0.00502648	-10592
959	0.00502648	-9518.93
960	0.00502648	-9996.24
961	0.00502648	-9793.84
962	0.00502648	-9745.22
963	0.00502648	-9359.94
964	0.00502648	-9850.12
965	0.00502648	-10107.8
966	0.00502648	-9763.78
967	0.00502648	-9271.59
968	0.00502648	-9906.02
969	0.00502648	-10174.3
970	0.00502648	-10792.2
971	0.00502648	-9685.12
972	0.00502648	-10079.5
973	0.00502648	-9807.97
974	0.00502648	-10483.3
975	0.00502648	-9763.4
976	0.00502648	-10127.4
977	0.00502648	-10439.1
978	0.00502648	-9814.79
979	0.00502648	-10094.1
980	0.00502648	-10480.3
981	0.00502648	-9866.56
982	0.00502648	-9429.26
983	0.00502648	-9539.08
984	0.00502648	-9974.6
985	0.00502648	-9651.23
986	0.00502648	-10012.5
987	0.00502648	-9140.42
988	0.00502648	-9637.18
989	0.00502648	-9760.62
990	0.00502648	-9335.82
991	0.00502648	-9604.79
992	0.00502648	-9358.37
993	0.00502648	-9822.29
994	0.00502648	-9101.35
995	0.00502648	-9851.68
996	0.00502648	-9759.45
997	0.00502648	-9563.91
998	0.00502648	-10141.6
999	0.00502648	-9685.64
1000	0.00502648	-9805.67
251	0.0037121	-10366.2
252	0.0037121	-10569.4
253	0.0037121	-9923.52
254	0.0037121	-10147.5
255	0.0037121	-10244.7
256	0.0037121	-10403.5
257	0.0037121	-10010.9
258	0.0037121	-9989.86
259	0.0037121	-9884.32
260	0.0037121	-9667.57
261	0.0037121	-9874.83
262	0.0037121	-9889.76
263	0.0037121	-11176.9
264	0.0037121	-10241
265	0.0037121	-9831.69
266	0.0037121	-10204.6
267	0.0037121	-10437.7
268	0.0037121	-10135.9
269	0.0037121	-11098.7
270	0.0037121	-9953.14
271	0.0037121	-10311.7
272	0.0037121	-11139.2
273	0.0037121	-10204.5
274	0.0037121	-9211.62
275	0.0037121	-9755.05
276	0.0037121	-10306.6
277	0.0037121	-9561.83
278	0.0037121	-9688.1
279	0.0037121	-9746.42
280	0.0037121	-10150.8
281	0.0037121	-9950.3
282	0.0037121	-10435.4
283	0.0037121	-11484.9
284	0.0037121	-11097
285	0.0037121	-10028
286	0.0037121	-10259.8
287	0.0037121	-9546.68
288	0.0037121	-10340.2
289	0.0037121	-10787.6
290	0.0037121	-10404.5
291	0.0037121	-10433.7
292	0.0037121	-9765.06
293	0.0037121	-9731.68
294	0.0037121	-10008.7
295	0.0037121	-9566.15
296	0.0037121	-9533.43
297	0.0037121	-11208.3
298	0.0037121	-9638.04
299	0.0037121	-9321.75
300	0.0037121	-9455.27
301	0.0037121	-10432.2
302	0.0037121	-9420.87
303	0.0037121	-10812.3
304	0.0037121	-9608.6
305	0.0037121	-9805.09
306	0.0037121	-9793.03
307	0.0037121	-10044.1
308	0.0037121	-10656.7
309	0.0037121	-10018.6
310	0.0037121	-9607.36
311	0.0037121	-9837.65
312	0.0037121	-10447.7
313	0.0037121	-10398.8
314	0.0037121	-10000.4
315	0.0037121	-10145.1
316	0.0037121	-10383.6
317	0.0037121	-10290.6
318	0.0037121	-9879.6
319	0.0037121	-9637.27
320	0.0037121	-9856.61
321	0.0037121	-9916.35
322	0.0037121	-10224.6
323	0.0037121	-10056.9
324	0.0037121	-9514.21
325	0.0037121	-9161.56
326	0.0037121	-9043.45
327	0.0037121	-9333.39
328	0.0037121	-9498.84
329	0.0037121	-9977.78
330	0.0037121	-9794.14
331	0.0037121	-9782.91
332	0.0037121	-9814.22
333	0.0037121	-9919.42
334	0.0037121	-10002
335	0.0037121	-10825.1
336	0.0037121	-10238.3
337	0.0037121	-10596.9
338	0.0037121	-10087
339	0.0037121	-9668.81
340	0.0037121	-9450.78
341	0.0037121	-9959.74
342	0.0037121	-10149
343	0.0037121	-10055.1
344	0.0037121	-10223.9
345	0.0037121	-10350
346	0.0037121	-9612.74
347	0.0037121	-9993.66
348	0.0037121	-9373.88
349	0.0037121	-10273.4
350	0.0037121	-10740.1
351	0.0037121	-10078.2
352	0.0037121	-10402
353	0.0037121	-10713.9
354	0.0037121	-10657.4
355	0.0037121	-9714.39
356	0.0037121	-10043.9
357	0.0037121	-9970.54
358	0.0037121	-9466.48
359	0.0037121	-10309.8
360	0.0037121	-9950.97
361	0.0037121	-10301.2
362	0.0037121	-10174.5
363	0.0037121	-10096.2
364	0.0037121	-11851.8
365	0.0037121	-10258.5
366	0.0037121	-10327.1
367	0.0037121	-10405.9
368	0.0037121	-9830.37
369	0.0037121	-10202.8
370	0.0037121	-10306.4
371	0.0037121	-9431.79
372	0.0037121	-9872.24
373	0.0037121	-9366.01
374	0.0037121	-10360.5
375	0.0037121	-10500
376	0.0037121	-10140.2
377	0.0037121	-10169.3
378	0.0037121	-10147
379	0.0037121	-10398.7
380	0.0037121	-10447.6
381	0.0037121	-9775.35
382	0.0037121	-9841.85
383	0.0037121	-9718.53
384	0.0037121	-9911.93
385	0.0037121	-9320.31
386	0.0037121	-10175.5
387	0.0037121	-10400.3
388	0.0037121	-10150.2
389	0.0037121	-9673.93
390	0.0037121	-10841.5
391	0.0037121	-11028.2
392	0.0037121	-10929.6
393	0.0037121	-10864.6
394	0.0037121	-10106.7
395	0.0037121	-9746.27
396	0.0037121	-10541.9
397	0.0037121	-9971.86
398	0.0037121	-10263.5
399	0.0037121	-10193.3
400	0.0037121	-10095.8
401	0.0037121	-10738.4
402	0.0037121	-11062.3
403	0.0037121	-10609.5
404	0.0037121	-9683.28
405	0.0037121	-9618.51
406	0.0037121	-10439.9
407	0.0037121	-9803.71
408	0.0037121	-10100.7
409	0.0037121	-9634.38
410	0.0037121	-10096
411	0.0037121	-10013.8
412	0.0037121	-9897.71
413	0.0037121	-9926.4
414	0.0037121	-9771.13
415	0.0037121	-9714.88
416	0.0037121	-9218.96
417	0.0037121	-10504.7
418	0.0037121	-10098.2
419	0.0037121	-9691.02
420	0.0037121	-9946.48
421	0.0037121	-10129.9
422	0.0037121	-10044.3
423	0.0037121	-9392.17
424	0.0037121	-9571.22
425	0.0037121	-9981.81
426	0.0037121	-9119.69
427	0.0037121	-9337.74
428	0.0037121	-9678.14
429	0.0037121	-9634.05
430	0.0037121	-9750.81
431	0.0037121	-9392.85
432	0.0037121	-10051.4
433	0.0037121	-9645.64
434	0.0037121	-9979.01
435	0.0037121	-10111.6
436	0.0037121	-11003.6
437	0.0037121	-10645.9
438	0.0037121	-9802.5
439	0.0037121	-9834.39
440	0.0037121	-10392.9
441	0.0037121	-10150.7
442	0.0037121	-9887.82
443	0.0037121	-10382.9
444	0.0037121	-10911.8
445	0.0037121	-10345.8
446	0.0037121	-9841.79
447	0.0037121	-10163.2
448	0.0037121	-10348.7
449	0.0037121	-10057.6
450	0.0037121	-9740.28
451	0.0037121	-11200.9
452	0.0037121	-10133.4
453	0.0037121	-9466.39
454	0.0037121	-9684.69
455	0.0037121	-9724.79
456	0.0037121	-9644.79
457	0.0037121	-9862.21
458	0.0037121	-9537.88
459	0.0037121	-9879.93
460	0.0037121	-9842.61
461	0.0037121	-10250.6
462	0.0037121	-10186.8
463	0.0037121	-10891
464	0.0037121	-10346.6
465	0.0037121	-10529
466	0.0037121	-10618.3
467	0.0037121	-10786.2
468	0.0037121	-9845.83
469	0.0037121	-10530.1
470	0.0037121	-10094.8
471	0.0037121	-10522
472	0.0037121	-10350
473	0.0037121	-10518.3
474	0.0037121	-10371.1
475	0.0037121	-10232.9
476	0.0037121	-10462.4
477	0.0037121	-9700.41
478	0.0037121	-9727.36
479	0.0037121	-9455.9
480	0.0037121	-10008.4
481	0.0037121	-11144.5
482	0.0037121	-11009.7
483	0.0037121	-9601.19
484	0.0037121	-10512.1
485	0.0037121	-9583.04
486	0.0037121	-10274.3
487	0.0037121	-10152.9
488	0.0037121	-9917.53
489	0.0037121	-9369.81
490	0.0037121	-9777.28
491	0.0037121	-10265.5
492	0.0037121	-10338
493	0.0037121	-10205
494	0.0037121	-11337.9
495	0.0037121	-10296.7
496	0.0037121	-10856.2
497	0.0037121	-10604.1
498	0.0037121	-10528.2
499	0.0037121	-10951.8
500	0.0037121	-9991.46
501	0.0037121	-9952.38
502	0.0037121	-10388.8
503	0.0037121	-10212.9
504	0.0037121	-9865.91
505	0.0037121	-10355.2
506	0.0037121	-9938.23
507	0.0037121	-9573.49
508	0.0037121	-9925.86
509	0.0037121	-10022.1
510	0.0037121	-10107.7
511	0.0037121	-10292.2
512	0.0037121	-9659.32
513	0.0037121	-10243.3
514	0.0037121	-9324.02
515	0.0037121	-9813.02
516	0.0037121	-9732.04
517	0.0037121	-10002.7
518	0.0037121	-10154
519	0.0037121	-10113.1
520	0.0037121	-9295.2
521	0.0037121	-9296.37
522	0.0037121	-10321.1
523	0.0037121	-10354.2
524	0.0037121	-9457.56
525	0.0037121	-10036
526	0.0037121	-9987.28
527	0.0037121	-10764.2
528	0.0037121	-10948
529	0.0037121	-11076.2
530	0.0037121	-11043.9
531	0.0037121	-9829.97
532	0.0037121	-9696.68
533	0.0037121	-10253.7
534	0.0037121	-10142.7
535	0.0037121	-9978.8
536	0.0037121	-9918.12
537	0.0037121	-9518.89
538	0.0037121	-10947.2
539	0.0037121	-10152.3
540	0.0037121	-9945.46
541	0.0037121	-10101.9
542	0.0037121	-10498.7
543	0.0037121	-9995.83
544	0.0037121	-9194.18
545	0.0037121	-10095
546	0.0037121	-9703.25
547	0.0037121	-10617.7
548	0.0037121	-10269.8
549	0.0037121	-10558.8
550	0.0037121	-9782.01
551	0.0037121	-10138.9
552	0.0037121	-9770.89
553	0.0037121	-10096.4
554	0.0037121	-10861.8
555	0.0037121	-9228.36
556	0.0037121	-9389.84
557	0.0037121	-9324.1
558	0.0037121	-9648.82
559	0.0037121	-9478.15
560	0.0037121	-9523.59
561	0.0037121	-9796.32
562	0.0037121	-9810.23
563	0.0037121	-10455.8
564	0.0037121	-9821.79
565	0.0037121	-10082.6
566	0.0037121	-10159.4
567	0.0037121	-10358.2
568	0.0037121	-10073.8
569	0.0037121	-10907.7
570	0.0037121	-10877.3
571	0.0037121	-11362.6
572	0.0037121	-10138.8
573	0.0037121	-9453.73
574	0.0037121	-10015.7
575	0.0037121	-10795.7
576	0.0037121	-10494.1
577	0.0037121	-9698.1
578	0.0037121	-9788.1
579	0.0037121	-9142.16
580	0.0037121	-10526.4
581	0.0037121	-10590.6
582	0.0037121	-9785.44
583	0.0037121	-9892.71
584	0.0037121	-10169.4
585	0.0037121	-10224.3
586	0.0037121	-10064.6
587	0.0037121	-11107.2
588	0.0037121	-9922.31
589	0.0037121	-10133
590	0.0037121	-10847.4
591	0.0037121	-10398.6
592	0.0037121	-10017.1
593	0.0037121	-9582.75
594	0.0037121	-9526.38
595	0.0037121	-10353.5
596	0.0037121	-11680.6
597	0.0037121	-10824.1
598	0.0037121	-11335.8
599	0.0037121	-11340.6
600	0.0037121	-11169.9
601	0.0037121	-10068.9
602	0.0037121	-10115.2
603	0.0037121	-9368.82
604	0.0037121	-10033.7
605	0.0037121	-9828.77
606	0.0037121	-9398.62
607	0.0037121	-9795.32
608	0.0037121	-9584.96
609	0.0037121	-10220.8
610	0.0037121	-9348.91
611	0.0037121	-9930.37
612	0.0037121	-10151.3
613	0.0037121	-10226.7
614	0.0037121	-9707.31
615	0.0037121	-10274.8
616	0.0037121	-10858.6
617	0.0037121	-10262.4
618	0.0037121	-10352.7
619	0.0037121	-9696.53
620	0.0037121	-10144.6
621	0.0037121	-9217.92
622	0.0037121	-9532.45
623	0.0037121	-10646.1
624	0.0037121	-10453.6
625	0.0037121	-10184.3
626	0.0037121	-9324.8
627	0.0037121	-9869.6
628	0.0037121	-10293.5
629	0.0037121	-9943.21
630	0.0037121	-10265.4
631	0.0037121	-10221.3
632	0.0037121	-10428.3
633	0.0037121	-10277.4
634	0.0037121	-9912.32
635	0.0037121	-9747.87
636	0.0037121	-9421.43
637	0.0037121	-9010.44
638	0.0037121	-9445.21
639	0.0037121	-9831.7
640	0.0037121	-10073.3
641	0.0037121	-10018.4
642	0.0037121	-9641.42
643	0.0037121	-9231.46
644	0.0037121	-11647.9
645	0.0037121	-10632.9
646	0.0037121	-9809.52
647	0.0037121	-10696.4
648	0.0037121	-10166.7
649	0.0037121	-10342.2
650	0.0037121	-10033.7
651	0.0037121	-9973.21
652	0.0037121	-10623.6
653	0.0037121	-10875.7
654	0.0037121	-10901.6
655	0.0037121	-10042.2
656	0.0037121	-10430.6
657	0.0037121	-9782.44
658	0.0037121	-9341.11
659	0.0037121	-10294.4
660	0.0037121	-10204.7
661	0.0037121	-9824.45
662	0.0037121	-9762.95
663	0.0037121	-9571.29
664	0.0037121	-9486.08
665	0.0037121	-10088.9
666	0.0037121	-10108.5
667	0.0037121	-10582.7
668	0.0037121	-9849.45
669	0.0037121	-9925.81
670	0.0037121	-10048
671	0.0037121	-10226.3
672	0.0037121	-9624.12
673	0.0037121	-10542.6
674	0.0037121	-9726.62
675	0.0037121	-9992.72
676	0.0037121	-10159.1
677	0.0037121	-10139.3
678	0.0037121	-9961.76
679	0.0037121	-10428
680	0.0037121	-10199.7
681	0.0037121	-9595.42
682	0.0037121	-11553.7
683	0.0037121	-11374.8
684	0.0037121	-9975.36
685	0.0037121	-9550.43
686	0.0037121	-9941.35
687	0.0037121	-9634.3
688	0.0037121	-10498.5
689	0.0037121	-9675.21
690	0.0037121	-10372.2
691	0.0037121	-9125.18
692	0.0037121	-9279.26
693	0.0037121	-9738.02
694	0.0037121	-10424.9
695	0.0037121	-11107.7
696	0.0037121	-9799.79
697	0.0037121	-9871.58
698	0.0037121	-9561.53
699	0.0037121	-9784.49
700	0.0037121	-10086.7
701	0.0037121	-10750.1
702	0.0037121	-10988.3
703	0.0037121	-11300.6
704	0.0037121	-10510.4
705	0.0037121	-10278.6
706	0.0037121	-11162.7
707	0.0037121	-10272.3
708	0.0037121	-9897.38
709	0.0037121	-10932.6
710	0.0037121	-11036.4
711	0.0037121	-11081.9
712	0.0037121	-11010.1
713	0.0037121	-11259.4
714	0.0037121	-9716.45
715	0.0037121	-10397.1
716	0.0037121	-9886.37
717	0.0037121	-11079.1
718	0.0037121	-11336.9
719	0.0037121	-9561.4
720	0.0037121	-10504.5
721	0.0037121	-10157.7
722	0.0037121	-10045.4
723	0.0037121	-10119.6
724	0.0037121	-10017.7
725	0.0037121	-9877.74
726	0.0037121	-10031.4
727	0.0037121	-9776.43
728	0.0037121	-10352.1
729	0.0037121	-9635.95
730	0.0037121	-9658.27
731	0.0037121	-10509.7
732	0.0037121	-9059.26
733	0.0037121	-9394.16
734	0.0037121	-9714.21
735	0.0037121	-10887.7
736	0.0037121	-10806.5
737	0.0037121	-9597.8
738	0.0037121	-11082.2
739	0.0037121	-9148.51
740	0.0037121	-9208.03
741	0.0037121	-9423.17
742	0.0037121	-10122.9
743	0.0037121	-10781.1
744	0.0037121	-9940.65
745	0.0037121	-9721.2
746	0.0037121	-10799.6
747	0.0037121	-10723.1
748	0.0037121	-11166.8
749	0.0037121	-10079.8
750	0.0037121	-9911.2
751	0.0037121	-10008.2
752	0.0037121	-9712.31
753	0.0037121	-9757.14
754	0.0037121	-9501.09
755	0.0037121	-10283.3
756	0.0037121	-9736.59
757	0.0037121	-10067.2
758	0.0037121	-10436.7
759	0.0037121	-9645.72
760	0.0037121	-9892.4
761	0.0037121	-9392.97
762	0.0037121	-9493.93
763	0.0037121	-10659.1
764	0.0037121	-10408.5
765	0.0037121	-10629.4
766	0.0037121	-10570.7
767	0.0037121	-10361.2
768	0.0037121	-10539.3
769	0.0037121	-10581.6
770	0.0037121	-10007.5
771	0.0037121	-10253.9
772	0.0037121	-9454.53
773	0.0037121	-9775.91
774	0.0037121	-11368.9
775	0.0037121	-10264.4
776	0.0037121	-9475.8
777	0.0037121	-9457.1
778	0.0037121	-9647.99
779	0.0037121	-10024.1
780	0.0037121	-10790.8
781	0.0037121	-10601.9
782	0.0037121	-10526.8
783	0.0037121	-9846.62
784	0.0037121	-10327.1
785	0.0037121	-10892.2
786	0.0037121	-10737.6
787	0.0037121	-10190.8
788	0.0037121	-10285.9
789	0.0037121	-9394.54
790	0.0037121	-9923.67
791	0.0037121	-9973.17
792	0.0037121	-9717.84
793	0.0037121	-9836.73
794	0.0037121	-10488.7
795	0.0037121	-9877.35
796	0.0037121	-9378.1
797	0.0037121	-10097.8
798	0.0037121	-9630.58
799	0.0037121	-10170.3
800	0.0037121	-9797.46
801	0.0037121	-10538.6
802	0.0037121	-9244.37
803	0.0037121	-9868.95
804	0.0037121	-9772.72
805	0.0037121	-9957.96
806	0.0037121	-10320.6
807	0.0037121	-9693.53
808	0.0037121	-10246.4
809	0.0037121	-10314
810	0.0037121	-10148.9
811	0.0037121	-9111.78
812	0.0037121	-9764.34
813	0.0037121	-10207
814	0.0037121	-9727.55
815	0.0037121	-10296.7
816	0.0037121	-8904.68
817	0.0037121	-9282.48
818	0.0037121	-10631.5
819	0.0037121	-10128.6
820	0.0037121	-9133.86
821	0.0037121	-9480.41
822	0.0037121	-10989.1
823	0.0037121	-9492.53
824	0.0037121	-10036.9
825	0.0037121	-10029.2
826	0.0037121	-10799
827	0.0037121	-10264.7
828	0.0037121	-9939.77
829	0.0037121	-9459.55
830	0.0037121	-10260
831	0.0037121	-10072.7
832	0.0037121	-10056.9
833	0.0037121	-10027.9
834	0.0037121	-11283.2
835	0.0037121	-10068.4
836	0.0037121	-9810.61
837	0.0037121	-9757.15
838	0.0037121	-9777.73
839	0.0037121	-9366.61
840	0.0037121	-10453.8
841	0.0037121	-10689.7
842	0.0037121	-10279.7
843	0.0037121	-10305.1
844	0.0037121	-10105.5
845	0.0037121	-10249.5
846	0.0037121	-11241.4
847	0.0037121	-9735.78
848	0.0037121	-10179.7
849	0.0037121	-10317.5
850	0.0037121	-10962.5
851	0.0037121	-10910.2
852	0.0037121	-11348
853	0.0037121	-10478.8
854	0.0037121	-10958.3
855	0.0037121	-10343
856	0.0037121	-10486
857	0.0037121	-9781.11
858	0.0037121	-9542.4
859	0.0037121	-10210.9
860	0.0037121	-10110
861	0.0037121	-9578.45
862	0.0037121	-9823
863	0.0037121	-10301.4
864	0.0037121	-10104.7
865	0.0037121	-9758.59
866	0.0037121	-10465.1
867	0.0037121	-10171.5
868	0.0037121	-9701.13
869	0.0037121	-9548.92
870	0.0037121	-9414.37
871	0.0037121	-9790
872	0.0037121	-10023.1
873	0.0037121	-9970.35
874	0.0037121	-9826.2
875	0.0037121	-9785.21
876	0.0037121	-10055.3
877	0.0037121	-9960.8
878	0.0037121	-10192
879	0.0037121	-10983.4
880	0.0037121	-10664
881	0.0037121	-10272.4
882	0.0037121	-9222.99
883	0.0037121	-10078.2
884	0.0037121	-9770.51
885	0.0037121	-10267.2
886	0.0037121	-10990.4
887	0.0037121	-10620.7
888	0.0037121	-10130
889	0.0037121	-9299.76
890	0.0037121	-9697.62
891	0.0037121	-10294.7
892	0.0037121	-9580.29
893	0.0037121	-10004.7
894	0.0037121	-9600.05
895	0.0037121	-10583.8
896	0.0037121	-9709.74
897	0.0037121	-9942.42
898	0.0037121	-9694.11
899	0.0037121	-9078.63
900	0.0037121	-9551.15
901	0.0037121	-9887.56
902	0.0037121	-10020.7
903	0.0037121	-9971.07
904	0.0037121	-10054.7
905	0.0037121	-11631.4
906	0.0037121	-10060.5
907	0.0037121	-10682.4
908	0.0037121	-9691.48
909	0.0037121	-10134.4
910	0.0037121	-9864.7
911	0.0037121	-9690.81
912	0.0037121	-10149.5
913	0.0037121	-10863.4
914	0.0037121	-10634
915	0.0037121	-10259.3
916	0.0037121	-11211.8
917	0.0037121	-10878.1
918	0.0037121	-10837.9
919	0.0037121	-11032.3
920	0.0037121	-10107.9
921	0.0037121	-10554.3
922	0.0037121	-10101
923	0.0037121	-9578.86
924	0.0037121	-9526.77
925	0.0037121	-10008.6
926	0.0037121	-10240.3
927	0.0037121	-9853.58
928	0.0037121	-10117.9
929	0.0037121	-10553.4
930	0.0037121	-10286.2
931	0.0037121	-9484.44
932	0.0037121	-9963.66
933	0.0037121	-10440.7
934	0.0037121	-9776.52
935	0.0037121	-10795.9
936	0.0037121	-9725.24
937	0.0037121	-9646.86
938	0.0037121	-10030.1
939	0.0037121	-9980.66
940	0.0037121	-9762.61
941	0.0037121	-9849.98
942	0.0037121	-10216.2
943	0.0037121	-9356.17
944	0.0037121	-9972.14
945	0.0037121	-9273.86
946	0.0037121	-10261
947	0.0037121	-10980.7
948	0.0037121	-10164.2
949	0.0037121	-9859.54
950	0.0037121	-10461
951	0.0037121	-10154.7
952	0.0037121	-10363.4
953	0.0037121	-9266.78
954	0.0037121	-9963.82
955	0.0037121	-9954.62
956	0.0037121	-10347.6
957	0.0037121	-9810.53
958	0.0037121	-9589.66
959	0.0037121	-10121.6
960	0.0037121	-10409.4
961	0.0037121	-10081.6
962	0.0037121	-9901.78
963	0.0037121	-10381.6
964	0.0037121	-9982.8
965	0.0037121	-9996.63
966	0.0037121	-9897.9
967	0.0037121	-9941.68
968	0.0037121	-9567.99
969	0.0037121	-11218.1
970	0.0037121	-10606.2
971	0.0037121	-10173.6
972	0.0037121	-9472.07
973	0.0037121	-10150.7
974	0.0037121	-10083.7
975	0.0037121	-10935.4
976	0.0037121	-10520.4
977	0.0037121	-9756.07
978	0.0037121	-10204.1
979	0.0037121	-10196.7
980	0.0037121	-10368.9
981	0.0037121	-9611.31
982	0.0037121	-9992.04
983	0.0037121	-11288.7
984	0.0037121	-10172.2
985	0.0037121	-9811.27
986	0.0037121	-9962.44
987	0.0037121	-10146.9
988	0.0037121	-9736.53
989	0.0037121	-10395.3
990	0.0037121	-9774.92
991	0.0037121	-10979.6
992	0.0037121	-9763.26
993	0.0037121	-11078.8
994	0.0037121	-10281.4
995	0.0037121	-9932.22
996	0.0037121	-10010
997	0.0037121	-9476.78
998	0.0037121	-10598.9
999	0.0037121	-10548.7
1000	0.0037121	-10973.2
251	0.00268829	-9910.29
252	0.00268829	-10138.1
253	0.00268829	-9977.01
254	0.00268829	-11718.5
255	0.00268829	-11567.5
256	0.00268829	-10111.6
257	0.00268829	-10602.2
258	0.00268829	-10270.6
259	0.00268829	-11349.4
260	0.00268829	-10828.5
261	0.00268829	-11190.3
262	0.00268829	-11063.7
263	0.00268829	-10770.7
264	0.00268829	-11023
265	0.00268829	-10621.3
266	0.00268829	-9956.91
267	0.00268829	-10420.3
268	0.00268829	-10539
269	0.00268829	-10621.6
270	0.00268829	-10883.4
271	0.00268829	-10511.2
272	0.00268829	-10212.7
273	0.00268829	-9266.37
274	0.00268829	-10171.4
275	0.00268829	-9721.02
276	0.00268829	-9978.32
277	0.00268829	-9699.3
278	0.00268829	-9602.3
279	0.00268829	-10105.4
280	0.00268829	-11097.4
281	0.00268829	-10923.8
282	0.00268829	-10788.9
283	0.00268829	-11669.8
284	0.00268829	-10745
285	0.00268829	-11170.1
286	0.00268829	-10365.1
287	0.00268829	-10072.8
288	0.00268829	-9455.1
289	0.00268829	-9866.15
290	0.00268829	-10492.5
291	0.00268829	-10099.5
292	0.00268829	-9287.15
293	0.00268829	-9716.41
294	0.00268829	-9501.15
295	0.00268829	-10186.9
296	0.00268829	-10338.9
297	0.00268829	-9761.51
298	0.00268829	-10328.9
299	0.00268829	-9483.6
300	0.00268829	-9807.35
301	0.00268829	-9976.3
302	0.00268829	-10824.7
303	0.00268829	-10793.5
304	0.00268829	-10621
305	0.00268829	-12032.8
306	0.00268829	-10546.2
307	0.00268829	-9879.29
308	0.00268829	-10470.4
309	0.00268829	-10995.8
310	0.00268829	-10326.2
311	0.00268829	-9331.2
312	0.00268829	-10181.9
313	0.00268829	-9469.23
314	0.00268829	-9930.08
315	0.00268829	-10346.4
316	0.00268829	-9891.13
317	0.00268829	-10488.2
318	0.00268829	-10848.7
319	0.00268829	-11027.4
320	0.00268829	-10876.6
321	0.00268829	-11771.4
322	0.00268829	-11295
323	0.00268829	-11108.6
324	0.00268829	-10964.4
325	0.00268829	-10983.9
326	0.00268829	-10290
327	0.00268829	-10609.7
328	0.00268829	-10987
329	0.00268829	-10911.9
330	0.00268829	-11210.9
331	0.00268829	-11343
332	0.00268829	-11135.6
333	0.00268829	-10787.9
334	0.00268829	-10520.6
335	0.00268829	-11418.4
336	0.00268829	-9791.81
337	0.00268829	-10002.2
338	0.00268829	-9551.07
339	0.00268829	-10004.1
340	0.00268829	-11026.7
341	0.00268829	-10396.2
342	0.00268829	-10372.2
343	0.00268829	-9626.52
344	0.00268829	-10335.8
345	0.00268829	-10162
346	0.00268829	-11308.4
347	0.00268829	-9524.89
348	0.00268829	-9646.07
349	0.00268829	-10813.6
350	0.00268829	-9838.04
351	0.00268829	-10833.4
352	0.00268829	-10649.7
353	0.00268829	-10860.2
354	0.00268829	-10524.9
355	0.00268829	-11488.8
356	0.00268829	-11343.8
357	0.00268829	-10230.6
358	0.00268829	-10579.9
359	0.00268829	-10117.7
360	0.00268829	-10616.6
361	0.00268829	-10677
362	0.00268829	-9731.92
363	0.00268829	-10661.6
364	0.00268829	-10520.4
365	0.00268829	-10363.7
366	0.00268829	-9656.2
367	0.00268829	-11457.5
368	0.00268829	-10699.1
369	0.00268829	-11743.9
370	0.00268829	-11082.7
371	0.00268829	-9894.68
372	0.00268829	-11567.8
373	0.00268829	-10315.8
374	0.00268829	-9829.42
375	0.00268829	-10870.5
376	0.00268829	-9852.08
377	0.00268829	-9079.83
378	0.00268829	-10152.5
379	0.00268829	-10243.2
380	0.00268829	-10099.3
381	0.00268829	-9976.6
382	0.00268829	-11261.4
383	0.00268829	-11200.9
384	0.00268829	-10447.8
385	0.00268829	-10929.8
386	0.00268829	-10302.9
387	0.00268829	-10035.2
388	0.00268829	-9531.2
389	0.00268829	-10987.9
390	0.00268829	-11778.5
391	0.00268829	-11443.1
392	0.00268829	-10263.5
393	0.00268829	-10234.7
394	0.00268829	-9402.73
395	0.00268829	-9287.63
396	0.00268829	-10362.7
397	0.00268829	-10944.6
398	0.00268829	-10860.6
399	0.00268829	-10513.2
400	0.00268829	-10438.1
401	0.00268829	-10496.1
402	0.00268829	-9857.72
403	0.00268829	-10003.4
404	0.00268829	-10945.3
405	0.00268829	-10057.4
406	0.00268829	-11379.9
407	0.00268829	-11025.8
408	0.00268829	-10660.5
409	0.00268829	-9494.13
410	0.00268829	-9996.32
411	0.00268829	-10080.6
412	0.00268829	-10510.4
413	0.00268829	-10317.9
414	0.00268829	-9647.39
415	0.00268829	-10667.4
416	0.00268829	-10333.6
417	0.00268829	-10285.5
418	0.00268829	-11131.5
419	0.00268829	-9721.76
420	0.00268829	-10401.4
421	0.00268829	-9958.49
422	0.00268829	-10186.6
423	0.00268829	-10292.6
424	0.00268829	-11158.1
425	0.00268829	-11296.9
426	0.00268829	-10165.4
427	0.00268829	-11073.4
428	0.00268829	-9803.98
429	0.00268829	-11171.7
430	0.00268829	-10724.3
431	0.00268829	-10648.8
432	0.00268829	-10995.3
433	0.00268829	-10284.9
434	0.00268829	-10539
435	0.00268829	-10317.9
436	0.00268829	-10829
437	0.00268829	-10668.8
438	0.00268829	-10373.2
439	0.00268829	-10020.4
440	0.00268829	-10026.2
441	0.00268829	-10016.3
442	0.00268829	-10080.3
443	0.00268829	-10222.2
444	0.00268829	-10145.8
445	0.00268829	-10106.6
446	0.00268829	-10485
447	0.00268829	-9940.67
448	0.00268829	-11720.5
449	0.00268829	-10678.8
450	0.00268829	-10853.5
451	0.00268829	-11121.6
452	0.00268829	-10202
453	0.00268829	-9723.44
454	0.00268829	-10403.4
455	0.00268829	-10206
456	0.00268829	-11043.9
457	0.00268829	-9958.48
458	0.00268829	-10235.1
459	0.00268829	-10907.4
460	0.00268829	-10146.8
461	0.00268829	-9361.39
462	0.00268829	-10654.7
463	0.00268829	-10371.2
464	0.00268829	-10278.3
465	0.00268829	-9848.53
466	0.00268829	-10879.2
467	0.00268829	-10331.7
468	0.00268829	-9833.69
469	0.00268829	-10162
470	0.00268829	-11360.6
471	0.00268829	-11823
472	0.00268829	-10298.8
473	0.00268829	-10127.7
474	0.00268829	-11200.8
475	0.00268829	-10798.4
476	0.00268829	-10574.8
477	0.00268829	-10706.5
478	0.00268829	-10251.6
479	0.00268829	-10874.5
480	0.00268829	-11185.5
481	0.00268829	-11465.5
482	0.00268829	-10725.8
483	0.00268829	-10706.2
484	0.00268829	-10834.8
485	0.00268829	-11067.5
486	0.00268829	-10519.2
487	0.00268829	-10500.5
488	0.00268829	-10135.7
489	0.00268829	-10156
490	0.00268829	-9598.11
491	0.00268829	-10425.5
492	0.00268829	-10290.2
493	0.00268829	-10199.8
494	0.00268829	-10643.5
495	0.00268829	-10460.8
496	0.00268829	-10564.4
497	0.00268829	-10589.5
498	0.00268829	-10907.9
499	0.00268829	-10454.8
500	0.00268829	-9835.52
501	0.00268829	-10011.8
502	0.00268829	-10233.2
503	0.00268829	-10899.7
504	0.00268829	-9980.82
505	0.00268829	-10070.2
506	0.00268829	-10376.2
507	0.00268829	-10256.1
508	0.00268829	-9928.5
509	0.00268829	-9887.54
510	0.00268829	-10401.2
511	0.00268829	-9812.65
512	0.00268829	-11231.5
513	0.00268829	-10616
514	0.00268829	-10479.6
515	0.00268829	-9705.71
516	0.00268829	-9894.78
517	0.00268829	-10062.2
518	0.00268829	-11124.5
519	0.00268829	-10408.8
520	0.00268829	-10406.2
521	0.00268829	-10281.3
522	0.00268829	-11668
523	0.00268829	-11613.7
524	0.00268829	-11461.9
525	0.00268829	-10990.3
526	0.00268829	-10524.7
527	0.00268829	-10466.7
528	0.00268829	-10128.2
529	0.00268829	-10878
530	0.00268829	-10942.7
531	0.00268829	-10972.8
532	0.00268829	-11044.2
533	0.00268829	-10068.3
534	0.00268829	-11030.3
535	0.00268829	-10206.1
536	0.00268829	-11289.8
537	0.00268829	-11210.9
538	0.00268829	-10132.7
539	0.00268829	-10634.8
540	0.00268829	-10883.6
541	0.00268829	-10595.3
542	0.00268829	-10079.8
543	0.00268829	-10406.7
544	0.00268829	-9706.11
545	0.00268829	-10008.7
546	0.00268829	-9860
547	0.00268829	-10530.4
548	0.00268829	-10208.6
549	0.00268829	-10036
550	0.00268829	-10784.2
551	0.00268829	-10142.9
552	0.00268829	-10949.8
553	0.00268829	-10277.1
554	0.00268829	-10449.6
555	0.00268829	-9480.79
556	0.00268829	-9836.74
557	0.00268829	-10051.5
558	0.00268829	-10394.2
559	0.00268829	-11087.9
560	0.00268829	-10762.6
561	0.00268829	-11045.9
562	0.00268829	-9740.3
563	0.00268829	-10199.2
564	0.00268829	-11075
565	0.00268829	-10540.2
566	0.00268829	-10545.9
567	0.00268829	-11174.5
568	0.00268829	-10634.3
569	0.00268829	-10883.9
570	0.00268829	-10043.9
571	0.00268829	-10611.2
572	0.00268829	-11298.9
573	0.00268829	-10365.9
574	0.00268829	-10563
575	0.00268829	-10319.7
576	0.00268829	-9746.86
577	0.00268829	-11106.8
578	0.00268829	-10776.9
579	0.00268829	-12077.7
580	0.00268829	-10254.7
581	0.00268829	-9511.69
582	0.00268829	-11356.9
583	0.00268829	-10944
584	0.00268829	-10684.3
585	0.00268829	-10624.5
586	0.00268829	-10896.6
587	0.00268829	-10470.6
588	0.00268829	-10644.5
589	0.00268829	-10309.9
590	0.00268829	-9683.4
591	0.00268829	-9498.93
592	0.00268829	-10463.6
593	0.00268829	-10181.2
594	0.00268829	-10637.1
595	0.00268829	-10179.5
596	0.00268829	-10133.4
597	0.00268829	-11390
598	0.00268829	-10549.3
599	0.00268829	-10673
600	0.00268829	-10484
601	0.00268829	-10223.1
602	0.00268829	-9460.57
603	0.00268829	-10637.9
604	0.00268829	-10740.8
605	0.00268829	-10405.1
606	0.00268829	-9956.97
607	0.00268829	-10084.5
608	0.00268829	-10652.8
609	0.00268829	-10753.1
610	0.00268829	-9691.7
611	0.00268829	-9675.71
612	0.00268829	-10281.5
613	0.00268829	-9883.58
614	0.00268829	-10437
615	0.00268829	-11104.3
616	0.00268829	-10668.2
617	0.00268829	-9618.46
618	0.00268829	-9803.99
619	0.00268829	-11104.5
620	0.00268829	-10634.2
621	0.00268829	-10156.8
622	0.00268829	-10650
623	0.00268829	-10378.7
624	0.00268829	-10041.4
625	0.00268829	-9957.67
626	0.00268829	-10535.5
627	0.00268829	-9308.85
628	0.00268829	-9890.4
629	0.00268829	-9633.44
630	0.00268829	-10264.1
631	0.00268829	-10124.5
632	0.00268829	-10171.3
633	0.00268829	-10633.2
634	0.00268829	-11197.3
635	0.00268829	-10719.6
636	0.00268829	-10657.7
637	0.00268829	-10605.2
638	0.00268829	-10407.2
639	0.00268829	-10122.7
640	0.00268829	-10228.1
641	0.00268829	-10331.9
642	0.00268829	-9470.31
643	0.00268829	-9514.4
644	0.00268829	-10633.5
645	0.00268829	-11040.5
646	0.00268829	-10080.9
647	0.00268829	-10026.9
648	0.00268829	-9719.82
649	0.00268829	-10766.8
650	0.00268829	-12468.7
651	0.00268829	-10663.5
652	0.00268829	-10399.3
653	0.00268829	-10041.9
654	0.00268829	-10910
655	0.00268829	-11256.2
656	0.00268829	-10474.8
657	0.00268829	-10580.7
658	0.00268829	-10495.3
659	0.00268829	-9812.37
660	0.00268829	-10043.1
661	0.00268829	-10083.8
662	0.00268829	-10116.2
663	0.00268829	-10196.9
664	0.00268829	-10601
665	0.00268829	-9827.65
666	0.00268829	-10319.1
667	0.00268829	-10047.5
668	0.00268829	-10787.8
669	0.00268829	-11176.4
670	0.00268829	-10907.8
671	0.00268829	-10177.8
672	0.00268829	-9947.71
673	0.00268829	-11559.2
674	0.00268829	-10581.9
675	0.00268829	-10381
676	0.00268829	-10440
677	0.00268829	-9990.39
678	0.00268829	-9549.09
679	0.00268829	-11269.4
680	0.00268829	-10646.9
681	0.00268829	-9963.77
682	0.00268829	-10422.1
683	0.00268829	-9989.69
684	0.00268829	-10299.4
685	0.00268829	-11672.9
686	0.00268829	-10201.4
687	0.00268829	-10632.6
688	0.00268829	-10431.5
689	0.00268829	-9946.5
690	0.00268829	-10984.9
691	0.00268829	-10556.8
692	0.00268829	-10644
693	0.00268829	-11052.8
694	0.00268829	-10980
695	0.00268829	-11269.4
696	0.00268829	-11379.8
697	0.00268829	-9579.99
698	0.00268829	-10007.3
699	0.00268829	-10903.2
700	0.00268829	-10594.3
701	0.00268829	-10828.2
702	0.00268829	-10806.8
703	0.00268829	-10821.7
704	0.00268829	-11390.1
705	0.00268829	-11098.4
706	0.00268829	-10110.7
707	0.00268829	-9764.68
708	0.00268829	-10421.4
709	0.00268829	-10216
710	0.00268829	-10083
711	0.00268829	-10836.4
712	0.00268829	-10331.3
713	0.00268829	-10715.5
714	0.00268829	-10215.7
715	0.00268829	-9867.54
716	0.00268829	-10389.4
717	0.00268829	-10768.6
718	0.00268829	-12386.4
719	0.00268829	-11603.2
720	0.00268829	-10681.9
721	0.00268829	-10807.9
722	0.00268829	-10820.5
723	0.00268829	-10392
724	0.00268829	-11413.2
725	0.00268829	-11640
726	0.00268829	-11531
727	0.00268829	-10598.3
728	0.00268829	-10995.8
729	0.00268829	-10778.3
730	0.00268829	-9742.64
731	0.00268829	-11820.9
732	0.00268829	-10445
733	0.00268829	-10463.4
734	0.00268829	-10057.5
735	0.00268829	-9810.54
736	0.00268829	-11456.3
737	0.00268829	-10086.6
738	0.00268829	-11901.8
739	0.00268829	-10189.8
740	0.00268829	-10535.6
741	0.00268829	-10341.6
742	0.00268829	-10970.4
743	0.00268829	-10929.9
744	0.00268829	-10261.6
745	0.00268829	-10889.2
746	0.00268829	-10855.1
747	0.00268829	-9785.92
748	0.00268829	-10411.6
749	0.00268829	-11355.6
750	0.00268829	-10268.5
751	0.00268829	-9816.54
752	0.00268829	-11070.4
753	0.00268829	-10227.1
754	0.00268829	-11531
755	0.00268829	-10425.6
756	0.00268829	-9779.87
757	0.00268829	-11000.5
758	0.00268829	-11147.9
759	0.00268829	-10186.6
760	0.00268829	-11307.5
761	0.00268829	-9774.23
762	0.00268829	-9833.14
763	0.00268829	-9882.27
764	0.00268829	-10037.6
765	0.00268829	-10111.8
766	0.00268829	-10120.5
767	0.00268829	-10027.9
768	0.00268829	-11303.7
769	0.00268829	-9540.76
770	0.00268829	-10357.6
771	0.00268829	-9984.81
772	0.00268829	-10249.7
773	0.00268829	-10757.6
774	0.00268829	-10403.8
775	0.00268829	-11154.6
776	0.00268829	-10604.8
777	0.00268829	-11197.1
778	0.00268829	-11563.6
779	0.00268829	-9993.06
780	0.00268829	-9388.58
781	0.00268829	-9694.98
782	0.00268829	-9447.88
783	0.00268829	-9813.36
784	0.00268829	-10196.3
785	0.00268829	-9335.73
786	0.00268829	-9662.55
787	0.00268829	-10176.4
788	0.00268829	-10806.5
789	0.00268829	-10310.1
790	0.00268829	-11122.9
791	0.00268829	-11236.9
792	0.00268829	-9965.72
793	0.00268829	-10029.1
794	0.00268829	-10768.7
795	0.00268829	-10210.7
796	0.00268829	-10555.3
797	0.00268829	-10419.6
798	0.00268829	-10860.7
799	0.00268829	-10335.5
800	0.00268829	-10557.8
801	0.00268829	-10156.7
802	0.00268829	-10251.4
803	0.00268829	-10171.1
804	0.00268829	-10425.8
805	0.00268829	-10233.7
806	0.00268829	-10148.9
807	0.00268829	-10836.8
808	0.00268829	-11214.6
809	0.00268829	-10345.4
810	0.00268829	-10585.9
811	0.00268829	-11395.9
812	0.00268829	-10324.6
813	0.00268829	-10544.9
814	0.00268829	-11417.9
815	0.00268829	-10435.3
816	0.00268829	-10995.9
817	0.00268829	-11473
818	0.00268829	-11768
819	0.00268829	-11443.5
820	0.00268829	-11503.9
821	0.00268829	-9907.77
822	0.00268829	-10883.6
823	0.00268829	-10985.2
824	0.00268829	-10575
825	0.00268829	-10222.6
826	0.00268829	-9429.02
827	0.00268829	-10427
828	0.00268829	-10601.2
829	0.00268829	-10174
830	0.00268829	-9876.27
831	0.00268829	-9468.76
832	0.00268829	-9566.48
833	0.00268829	-10117.7
834	0.00268829	-10130.8
835	0.00268829	-11365.5
836	0.00268829	-10625.7
837	0.00268829	-10553.9
838	0.00268829	-10053.2
839	0.00268829	-10182.8
840	0.00268829	-10411.1
841	0.00268829	-10198.5
842	0.00268829	-11105.6
843	0.00268829	-10825
844	0.00268829	-11067.7
845	0.00268829	-10317.5
846	0.00268829	-11297.2
847	0.00268829	-10048.1
848	0.00268829	-9468.95
849	0.00268829	-11077.1
850	0.00268829	-10772
851	0.00268829	-10741.9
852	0.00268829	-10031.9
853	0.00268829	-10787.3
854	0.00268829	-11418.9
855	0.00268829	-10063.9
856	0.00268829	-9110.13
857	0.00268829	-9858.93
858	0.00268829	-10003.1
859	0.00268829	-9686.4
860	0.00268829	-10421.5
861	0.00268829	-11038.8
862	0.00268829	-10064.5
863	0.00268829	-9928.22
864	0.00268829	-9933.94
865	0.00268829	-10634
866	0.00268829	-10941.8
867	0.00268829	-10389.3
868	0.00268829	-11365.1
869	0.00268829	-10479.2
870	0.00268829	-10538.1
871	0.00268829	-11347.5
872	0.00268829	-10782.5
873	0.00268829	-10439.6
874	0.00268829	-11521.1
875	0.00268829	-10217.5
876	0.00268829	-10376.1
877	0.00268829	-10396.7
878	0.00268829	-10160
879	0.00268829	-11629.5
880	0.00268829	-11154.7
881	0.00268829	-11629.6
882	0.00268829	-10321.2
883	0.00268829	-9697.85
884	0.00268829	-9574.76
885	0.00268829	-10279.7
886	0.00268829	-9368.86
887	0.00268829	-10177.3
888	0.00268829	-10986.1
889	0.00268829	-11300.2
890	0.00268829	-10264.7
891	0.00268829	-10910.2
892	0.00268829	-11153.1
893	0.00268829	-11202.7
894	0.00268829	-10638.2
895	0.00268829	-9583.98
896	0.00268829	-9903
897	0.00268829	-10290.8
898	0.00268829	-10396.4
899	0.00268829	-10857.7
900	0.00268829	-9651.38
901	0.00268829	-11094.3
902	0.00268829	-10501.4
903	0.00268829	-9994.94
904	0.00268829	-10858.6
905	0.00268829	-11417.2
906	0.00268829	-10921.3
907	0.00268829	-11367.6
908	0.00268829	-10395.2
909	0.00268829	-10607
910	0.00268829	-9702.84
911	0.00268829	-9875.16
912	0.00268829	-9831.25
913	0.00268829	-10425.5
914	0.00268829	-10434.7
915	0.00268829	-10628.9
916	0.00268829	-10299.2
917	0.00268829	-10579.7
918	0.00268829	-10946
919	0.00268829	-10068.7
920	0.00268829	-10520.3
921	0.00268829	-11570.9
922	0.00268829	-11069.7
923	0.00268829	-10083.6
924	0.00268829	-10906.3
925	0.00268829	-11297
926	0.00268829	-11112.9
927	0.00268829	-10815.5
928	0.00268829	-11406.8
929	0.00268829	-9701.58
930	0.00268829	-10613.6
931	0.00268829	-10202.9
932	0.00268829	-10518.6
933	0.00268829	-9862.28
934	0.00268829	-10503.4
935	0.00268829	-10002
936	0.00268829	-9986.73
937	0.00268829	-9909.07
938	0.00268829	-10661.1
939	0.00268829	-10885
940	0.00268829	-10373.1
941	0.00268829	-9504.45
942	0.00268829	-9946.07
943	0.00268829	-9923.01
944	0.00268829	-10510.8
945	0.00268829	-10472.7
946	0.00268829	-10332.9
947	0.00268829	-10418.6
948	0.00268829	-10536.8
949	0.00268829	-10123.1
950	0.00268829	-9932.74
951	0.00268829	-9463.01
952	0.00268829	-10290.3
953	0.00268829	-9698.85
954	0.00268829	-10535.6
955	0.00268829	-10365.6
956	0.00268829	-11157.8
957	0.00268829	-10436
958	0.00268829	-11289
959	0.00268829	-11302.7
960	0.00268829	-10573.7
961	0.00268829	-10058
962	0.00268829	-11104.1
963	0.00268829	-11842.2
964	0.00268829	-10779.6
965	0.00268829	-9787.22
966	0.00268829	-10479.4
967	0.00268829	-9517.08
968	0.00268829	-9936.9
969	0.00268829	-10394.4
970	0.00268829	-10401.9
971	0.00268829	-10320.4
972	0.00268829	-11668.6
973	0.00268829	-11624.3
974	0.00268829	-10573.9
975	0.00268829	-10527.3
976	0.00268829	-9819.7
977	0.00268829	-10415.3
978	0.00268829	-10340.6
979	0.00268829	-10466
980	0.00268829	-9741.27
981	0.00268829	-10406.3
982	0.00268829	-10417.7
983	0.00268829	-11436.4
984	0.00268829	-11733.7
985	0.00268829	-10349.8
986	0.00268829	-11169.5
987	0.00268829	-10634.8
988	0.00268829	-10415.6
989	0.00268829	-10668.4
990	0.00268829	-10908.7
991	0.00268829	-11363.5
992	0.00268829	-11245.1
993	0.00268829	-10956
994	0.00268829	-11296.5
995	0.00268829	-11366.1
996	0.00268829	-11660.2
997	0.00268829	-11037.9
998	0.00268829	-11024.1
999	0.00268829	-10786.4
1000	0.00268829	-11678.1
251	0.00190397	-11197.7
252	0.00190397	-10465.7
253	0.00190397	-10502.4
254	0.00190397	-10424
255	0.00190397	-10246.2
256	0.00190397	-10043.2
257	0.00190397	-10205.7
258	0.00190397	-11244.5
259	0.00190397	-11628.9
260	0.00190397	-11025.5
261	0.00190397	-11548.6
262	0.00190397	-11675.1
263	0.00190397	-10219.6
264	0.00190397	-10665
265	0.00190397	-10730.3
266	0.00190397	-11651.4
267	0.00190397	-11403.8
268	0.00190397	-11774.4
269	0.00190397	-11236.6
270	0.00190397	-9944.57
271	0.00190397	-9772.9
272	0.00190397	-11146
273	0.00190397	-10386.5
274	0.00190397	-11332.1
275	0.00190397	-11100.9
276	0.00190397	-10741
277	0.00190397	-10958.4
278	0.00190397	-11279.2
279	0.00190397	-12063
280	0.00190397	-11225.6
281	0.00190397	-10947.4
282	0.00190397	-10512
283	0.00190397	-10987.3
284	0.00190397	-10604.9
285	0.00190397	-11873.9
286	0.00190397	-12169.8
287	0.00190397	-11105.9
288	0.00190397	-10962.7
289	0.00190397	-11748.5
290	0.00190397	-13344.8
291	0.00190397	-11659.6
292	0.00190397	-11066.8
293	0.00190397	-10000.7
294	0.00190397	-11470.5
295	0.00190397	-10087.5
296	0.00190397	-10103
297	0.00190397	-9935.89
298	0.00190397	-9899.3
299	0.00190397	-10055.3
300	0.00190397	-10782.4
301	0.00190397	-10189.2
302	0.00190397	-10067.3
303	0.00190397	-10200.1
304	0.00190397	-12646.5
305	0.00190397	-11338.1
306	0.00190397	-10928.6
307	0.00190397	-10531.6
308	0.00190397	-11276.9
309	0.00190397	-10706.9
310	0.00190397	-10486.7
311	0.00190397	-12004.7
312	0.00190397	-10897.5
313	0.00190397	-11509.8
314	0.00190397	-11377.5
315	0.00190397	-10482.7
316	0.00190397	-10918.4
317	0.00190397	-11319.7
318	0.00190397	-10347.8
319	0.00190397	-11015.6
320	0.00190397	-10581.1
321	0.00190397	-11176.3
322	0.00190397	-10750.6
323	0.00190397	-10194.3
324	0.00190397	-10401
325	0.00190397	-10186.4
326	0.00190397	-11034.2
327	0.00190397	-10639.3
328	0.00190397	-10481
329	0.00190397	-10764.5
330	0.00190397	-10127.4
331	0.00190397	-9915.31
332	0.00190397	-9299.56
333	0.00190397	-10015.9
334	0.00190397	-10381.2
335	0.00190397	-9851.85
336	0.00190397	-11354
337	0.00190397	-11634.7
338	0.00190397	-9829.56
339	0.00190397	-11317.1
340	0.00190397	-11358.9
341	0.00190397	-10449.5
342	0.00190397	-10494.8
343	0.00190397	-11033.4
344	0.00190397	-10326.6
345	0.00190397	-11581.4
346	0.00190397	-9630.48
347	0.00190397	-9680.74
348	0.00190397	-11044.7
349	0.00190397	-11213.7
350	0.00190397	-9172.35
351	0.00190397	-9920.2
352	0.00190397	-10319.5
353	0.00190397	-10749.9
354	0.00190397	-10247.3
355	0.00190397	-10536.1
356	0.00190397	-10583.8
357	0.00190397	-10495.8
358	0.00190397	-11017.2
359	0.00190397	-12119.6
360	0.00190397	-10881.1
361	0.00190397	-12041.9
362	0.00190397	-10481.1
363	0.00190397	-10470.1
364	0.00190397	-10958
365	0.00190397	-10566.4
366	0.00190397	-10312.8
367	0.00190397	-10607.7
368	0.00190397	-10319.7
369	0.00190397	-10458.2
370	0.00190397	-10545.8
371	0.00190397	-10462
372	0.00190397	-10657.5
373	0.00190397	-11105.6
374	0.00190397	-9755.51
375	0.00190397	-10287.1
376	0.00190397	-10184.3
377	0.00190397	-10811.9
378	0.00190397	-9977.05
379	0.00190397	-9550.08
380	0.00190397	-9718.31
381	0.00190397	-9901.68
382	0.00190397	-10022.3
383	0.00190397	-10482
384	0.00190397	-10898.8
385	0.00190397	-11502.1
386	0.00190397	-10494.5
387	0.00190397	-9923.85
388	0.00190397	-10020.4
389	0.00190397	-10114.9
390	0.00190397	-9986.27
391	0.00190397	-10017
392	0.00190397	-11263.5
393	0.00190397	-11443.3
394	0.00190397	-10960
395	0.00190397	-10308.7
396	0.00190397	-10684.1
397	0.00190397	-11587.6
398	0.00190397	-9840.43
399	0.00190397	-10243.9
400	0.00190397	-9901.09
401	0.00190397	-10893.9
402	0.00190397	-9902.38
403	0.00190397	-10389.6
404	0.00190397	-10420.3
405	0.00190397	-12003.5
406	0.00190397	-10638.9
407	0.00190397	-11953.5
408	0.00190397	-11519.7
409	0.00190397	-11586.8
410	0.00190397	-11284.9
411	0.00190397	-10527
412	0.00190397	-11091.5
413	0.00190397	-10577.7
414	0.00190397	-9715.55
415	0.00190397	-9564.76
416	0.00190397	-10588.2
417	0.00190397	-10376.7
418	0.00190397	-11493.7
419	0.00190397	-11091.6
420	0.00190397	-11518.3
421	0.00190397	-10431.5
422	0.00190397	-10758.6
423	0.00190397	-10211.6
424	0.00190397	-10984.1
425	0.00190397	-12112.4
426	0.00190397	-11300.6
427	0.00190397	-12615.5
428	0.00190397	-10308.8
429	0.00190397	-10262
430	0.00190397	-11202.8
431	0.00190397	-10544.2
432	0.00190397	-11634.7
433	0.00190397	-10063.4
434	0.00190397	-10679.3
435	0.00190397	-10957.5
436	0.00190397	-10619.5
437	0.00190397	-11966.4
438	0.00190397	-11259.1
439	0.00190397	-11066.5
440	0.00190397	-10001.3
441	0.00190397	-10025.8
442	0.00190397	-10080
443	0.00190397	-9599.84
444	0.00190397	-11351.6
445	0.00190397	-11753.2
446	0.00190397	-11647.4
447	0.00190397	-11931.4
448	0.00190397	-10616.4
449	0.00190397	-10305.4
450	0.00190397	-11389.8
451	0.00190397	-11034.6
452	0.00190397	-10387.8
453	0.00190397	-10610.4
454	0.00190397	-10619.3
455	0.00190397	-9818.28
456	0.00190397	-10273.4
457	0.00190397	-10054.6
458	0.00190397	-11203.5
459	0.00190397	-11182.7
460	0.00190397	-11373.2
461	0.00190397	-11474.3
462	0.00190397	-10829
463	0.00190397	-10068.9
464	0.00190397	-11292.3
465	0.00190397	-10893.2
466	0.00190397	-10810.2
467	0.00190397	-10946.1
468	0.00190397	-9807.33
469	0.00190397	-10267.7
470	0.00190397	-10153.2
471	0.00190397	-12183.6
472	0.00190397	-12336.9
473	0.00190397	-12492.9
474	0.00190397	-11530.9
475	0.00190397	-10802.1
476	0.00190397	-10718.8
477	0.00190397	-10478.8
478	0.00190397	-10490.9
479	0.00190397	-10705.2
480	0.00190397	-10786.2
481	0.00190397	-11306.4
482	0.00190397	-11291.7
483	0.00190397	-9603.67
484	0.00190397	-10606
485	0.00190397	-10908.6
486	0.00190397	-12300
487	0.00190397	-10089.2
488	0.00190397	-10666.3
489	0.00190397	-10734.6
490	0.00190397	-10308.5
491	0.00190397	-10289.8
492	0.00190397	-10718.8
493	0.00190397	-10476
494	0.00190397	-10797.4
495	0.00190397	-10327.1
496	0.00190397	-10447.3
497	0.00190397	-10713.5
498	0.00190397	-11534.9
499	0.00190397	-13237
500	0.00190397	-11089.2
501	0.00190397	-11987.1
502	0.00190397	-12416.4
503	0.00190397	-10344.9
504	0.00190397	-10515.9
505	0.00190397	-10102.1
506	0.00190397	-11197.5
507	0.00190397	-11050.2
508	0.00190397	-10666.5
509	0.00190397	-10750.3
510	0.00190397	-10681.8
511	0.00190397	-10308.3
512	0.00190397	-9982.16
513	0.00190397	-9850.32
514	0.00190397	-10188.1
515	0.00190397	-10169.9
516	0.00190397	-10649.9
517	0.00190397	-10177.1
518	0.00190397	-9707.01
519	0.00190397	-10872.2
520	0.00190397	-11038.8
521	0.00190397	-11297.9
522	0.00190397	-10654.5
523	0.00190397	-11170.5
524	0.00190397	-10460.7
525	0.00190397	-10841.3
526	0.00190397	-10089
527	0.00190397	-10854.3
528	0.00190397	-10548.6
529	0.00190397	-10547.6
530	0.00190397	-10247.2
531	0.00190397	-10880.2
532	0.00190397	-10297.5
533	0.00190397	-10161.6
534	0.00190397	-9589.05
535	0.00190397	-9768.57
536	0.00190397	-10450.2
537	0.00190397	-11680.7
538	0.00190397	-11412.9
539	0.00190397	-11341.8
540	0.00190397	-10710.5
541	0.00190397	-10915.2
542	0.00190397	-11112.1
543	0.00190397	-11578.3
544	0.00190397	-10952.6
545	0.00190397	-10910.2
546	0.00190397	-10885.3
547	0.00190397	-11923.1
548	0.00190397	-11419.3
549	0.00190397	-9992.92
550	0.00190397	-10809.4
551	0.00190397	-10658.4
552	0.00190397	-10417.1
553	0.00190397	-10174.9
554	0.00190397	-10434.2
555	0.00190397	-11389.7
556	0.00190397	-11167.8
557	0.00190397	-11587.8
558	0.00190397	-11190.4
559	0.00190397	-11308
560	0.00190397	-10369.2
561	0.00190397	-11239.9
562	0.00190397	-12301.3
563	0.00190397	-10197.1
564	0.00190397	-9603.26
565	0.00190397	-9988.55
566	0.00190397	-10143.3
567	0.00190397	-11135.7
568	0.00190397	-10896.5
569	0.00190397	-10841.5
570	0.00190397	-11508.4
571	0.00190397	-11474
572	0.00190397	-10435.6
573	0.00190397	-10970.1
574	0.00190397	-11186.6
575	0.00190397	-11833.2
576	0.00190397	-10194.4
577	0.00190397	-10570.9
578	0.00190397	-10701
579	0.00190397	-11151.4
580	0.00190397	-11090.9
581	0.00190397	-11426.6
582	0.00190397	-10351.1
583	0.00190397	-10196.5
584	0.00190397	-10085.7
585	0.00190397	-10385.7
586	0.00190397	-11087.4
587	0.00190397	-10295.9
588	0.00190397	-11989.9
589	0.00190397	-10906.8
590	0.00190397	-10583.8
591	0.00190397	-9269.83
592	0.00190397	-11273.6
593	0.00190397	-10995
594	0.00190397	-10388.9
595	0.00190397	-9042.47
596	0.00190397	-10211.8
597	0.00190397	-10263
598	0.00190397	-10367.1
599	0.00190397	-10742.6
600	0.00190397	-11174
601	0.00190397	-10650.5
602	0.00190397	-10684.5
603	0.00190397	-10971.5
604	0.00190397	-10011
605	0.00190397	-10701.5
606	0.00190397	-10455.5
607	0.00190397	-10964.2
608	0.00190397	-10450.1
609	0.00190397	-10062.1
610	0.00190397	-10942.7
611	0.00190397	-10404.8
612	0.00190397	-10051.8
613	0.00190397	-10285
614	0.00190397	-10735.9
615	0.00190397	-11040.1
616	0.00190397	-11556.9
617	0.00190397	-11208.9
618	0.00190397	-11796.6
619	0.00190397	-11279.5
620	0.00190397	-11500
621	0.00190397	-10484.1
622	0.00190397	-11047.4
623	0.00190397	-11214.8
624	0.00190397	-11430.3
625	0.00190397	-10409
626	0.00190397	-10557.3
627	0.00190397	-12633.4
628	0.00190397	-11562
629	0.00190397	-10802
630	0.00190397	-11330.4
631	0.00190397	-11601.8
632	0.00190397	-11593.1
633	0.00190397	-10796.8
634	0.00190397	-12108
635	0.00190397	-12318.6
636	0.00190397	-10845.8
637	0.00190397	-10305.9
638	0.00190397	-11138.9
639	0.00190397	-12079.6
640	0.00190397	-11705.5
641	0.00190397	-11477.3
642	0.00190397	-11271.5
643	0.00190397	-10201.1
644	0.00190397	-9706.8
645	0.00190397	-11538
646	0.00190397	-12149
647	0.00190397	-11956.1
648	0.00190397	-11139.9
649	0.00190397	-9819.65
650	0.00190397	-9705.56
651	0.00190397	-11325.4
652	0.00190397	-10996.8
653	0.00190397	-9729.71
654	0.00190397	-10395.9
655	0.00190397	-11106.7
656	0.00190397	-10594.4
657	0.00190397	-9620.11
658	0.00190397	-10610.5
659	0.00190397	-10628.7
660	0.00190397	-11426.6
661	0.00190397	-13168.2
662	0.00190397	-10277.5
663	0.00190397	-10421.9
664	0.00190397	-9379.48
665	0.00190397	-9682.02
666	0.00190397	-10599
667	0.00190397	-10521.5
668	0.00190397	-11560.9
669	0.00190397	-10938.9
670	0.00190397	-11002
671	0.00190397	-11969
672	0.00190397	-11044
673	0.00190397	-11259.2
674	0.00190397	-10304.4
675	0.00190397	-10653.9
676	0.00190397	-10521.6
677	0.00190397	-10355.1
678	0.00190397	-10927
679	0.00190397	-10805.3
680	0.00190397	-10122.8
681	0.00190397	-11041.8
682	0.00190397	-10853.5
683	0.00190397	-9938.23
684	0.00190397	-11741.4
685	0.00190397	-11673.8
686	0.00190397	-11010.7
687	0.00190397	-11436.4
688	0.00190397	-11066.8
689	0.00190397	-10102.8
690	0.00190397	-9998.74
691	0.00190397	-10490.9
692	0.00190397	-10207.7
693	0.00190397	-10986.2
694	0.00190397	-10468.8
695	0.00190397	-9628.7
696	0.00190397	-9904.55
697	0.00190397	-10687.8
698	0.00190397	-11316
699	0.00190397	-11916.7
700	0.00190397	-10189.2
701	0.00190397	-9435.66
702	0.00190397	-10385.2
703	0.00190397	-11176.7
704	0.00190397	-10280.1
705	0.00190397	-9929.88
706	0.00190397	-9837.24
707	0.00190397	-9847.72
708	0.00190397	-11482.9
709	0.00190397	-11908.7
710	0.00190397	-10957.4
711	0.00190397	-10920.1
712	0.00190397	-10913.2
713	0.00190397	-10358.7
714	0.00190397	-11244.9
715	0.00190397	-11893.7
716	0.00190397	-10159.8
717	0.00190397	-9526.93
718	0.00190397	-9964.39
719	0.00190397	-10026.8
720	0.00190397	-10306.8
721	0.00190397	-11588.1
722	0.00190397	-11383.6
723	0.00190397	-10719.8
724	0.00190397	-10862.6
725	0.00190397	-10357.3
726	0.00190397	-11044.5
727	0.00190397	-10503.9
728	0.00190397	-11121.7
729	0.00190397	-10233.9
730	0.00190397	-9970.33
731	0.00190397	-9718.97
732	0.00190397	-10530.6
733	0.00190397	-9778.12
734	0.00190397	-10194.7
735	0.00190397	-10681.2
736	0.00190397	-12069.1
737	0.00190397	-11712.5
738	0.00190397	-9313.76
739	0.00190397	-10406.1
740	0.00190397	-10709.7
741	0.00190397	-10268.7
742	0.00190397	-10800.6
743	0.00190397	-10842
744	0.00190397	-10424.7
745	0.00190397	-10643.7
746	0.00190397	-9966.38
747	0.00190397	-10859.9
748	0.00190397	-10653.9
749	0.00190397	-10341.4
750	0.00190397	-10966.2
751	0.00190397	-11100
752	0.00190397	-11464.8
753	0.00190397	-10751.6
754	0.00190397	-10276.6
755	0.00190397	-11404.3
756	0.00190397	-13604.1
757	0.00190397	-10955.9
758	0.00190397	-9856.45
759	0.00190397	-11995.1
760	0.00190397	-10771.7
761	0.00190397	-10916.5
762	0.00190397	-11075
763	0.00190397	-11728.4
764	0.00190397	-11628.6
765	0.00190397	-11439.2
766	0.00190397	-12518.2
767	0.00190397	-11796.2
768	0.00190397	-10915.2
769	0.00190397	-11101.3
770	0.00190397	-10429.6
771	0.00190397	-11090.3
772	0.00190397	-11609.5
773	0.00190397	-11279.9
774	0.00190397	-10288.8
775	0.00190397	-10387.1
776	0.00190397	-10884.6
777	0.00190397	-11401.1
778	0.00190397	-10278.9
779	0.00190397	-11154
780	0.00190397	-10630.6
781	0.00190397	-10004.2
782	0.00190397	-10680
783	0.00190397	-10283.8
784	0.00190397	-10840.9
785	0.00190397	-10517.5
786	0.00190397	-11787.5
787	0.00190397	-10475.1
788	0.00190397	-10096.5
789	0.00190397	-10062.8
790	0.00190397	-10813.9
791	0.00190397	-10320.4
792	0.00190397	-10712.2
793	0.00190397	-10763.7
794	0.00190397	-9988.74
795	0.00190397	-10607.2
796	0.00190397	-10598.8
797	0.00190397	-10632.7
798	0.00190397	-10279.4
799	0.00190397	-10573.2
800	0.00190397	-11067.7
801	0.00190397	-10398.5
802	0.00190397	-11383.9
803	0.00190397	-11155.1
804	0.00190397	-11284.2
805	0.00190397	-10729.1
806	0.00190397	-11158.2
807	0.00190397	-10299.4
808	0.00190397	-9879.17
809	0.00190397	-10241.2
810	0.00190397	-11066.3
811	0.00190397	-11176.6
812	0.00190397	-11145.4
813	0.00190397	-11128
814	0.00190397	-12172
815	0.00190397	-12401.1
816	0.00190397	-12142.2
817	0.00190397	-11249.2
818	0.00190397	-11730
819	0.00190397	-10524.9
820	0.00190397	-10234.3
821	0.00190397	-11430.8
822	0.00190397	-11281.4
823	0.00190397	-10932.6
824	0.00190397	-9669.14
825	0.00190397	-10501.1
826	0.00190397	-10321.8
827	0.00190397	-11049.8
828	0.00190397	-10844.4
829	0.00190397	-11006.9
830	0.00190397	-11641.6
831	0.00190397	-11321.1
832	0.00190397	-10970.1
833	0.00190397	-9864.32
834	0.00190397	-11295.8
835	0.00190397	-10984.6
836	0.00190397	-10551.6
837	0.00190397	-10004.5
838	0.00190397	-10296.7
839	0.00190397	-10464.5
840	0.00190397	-9967.1
841	0.00190397	-11494.8
842	0.00190397	-9986.14
843	0.00190397	-10137.4
844	0.00190397	-10802.2
845	0.00190397	-11547.6
846	0.00190397	-10444.3
847	0.00190397	-10253.6
848	0.00190397	-10804.7
849	0.00190397	-10720.2
850	0.00190397	-10666.3
851	0.00190397	-10262.3
852	0.00190397	-10809.8
853	0.00190397	-11545.2
854	0.00190397	-10418.1
855	0.00190397	-9991.09
856	0.00190397	-10281.8
857	0.00190397	-10140.5
858	0.00190397	-11139.9
859	0.00190397	-12110.4
860	0.00190397	-10670.3
861	0.00190397	-10754.3
862	0.00190397	-10618
863	0.00190397	-11522.7
864	0.00190397	-11919.8
865	0.00190397	-10499.9
866	0.00190397	-10939.6
867	0.00190397	-9823.4
868	0.00190397	-10514.6
869	0.00190397	-10563.1
870	0.00190397	-10107.8
871	0.00190397	-10393.1
872	0.00190397	-11859.9
873	0.00190397	-10849.5
874	0.00190397	-10341
875	0.00190397	-10292.8
876	0.00190397	-10609
877	0.00190397	-11262.2
878	0.00190397	-10831.5
879	0.00190397	-9939.12
880	0.00190397	-9890.38
881	0.00190397	-9508.77
882	0.00190397	-11599.1
883	0.00190397	-11366.7
884	0.00190397	-10253.2
885	0.00190397	-11252.7
886	0.00190397	-10384.2
887	0.00190397	-10679.5
888	0.00190397	-11805.5
889	0.00190397	-11389.7
890	0.00190397	-10555.6
891	0.00190397	-10449.4
892	0.00190397	-10222.5
893	0.00190397	-9727.66
894	0.00190397	-10488.4
895	0.00190397	-9734.64
896	0.00190397	-10805.7
897	0.00190397	-10505.3
898	0.00190397	-10574.7
899	0.00190397	-10706.4
900	0.00190397	-12471.9
901	0.00190397	-10547.6
902	0.00190397	-10250.2
903	0.00190397	-10300.8
904	0.00190397	-10316.8
905	0.00190397	-10281.7
906	0.00190397	-9505.85
907	0.00190397	-10499.9
908	0.00190397	-10133.4
909	0.00190397	-10362.2
910	0.00190397	-9653.3
911	0.00190397	-10516.8
912	0.00190397	-10296
913	0.00190397	-9857.37
914	0.00190397	-10481.8
915	0.00190397	-10628
916	0.00190397	-10553.6
917	0.00190397	-10876.4
918	0.00190397	-10140
919	0.00190397	-10944.9
920	0.00190397	-11979.4
921	0.00190397	-10765.2
922	0.00190397	-11725
923	0.00190397	-11741.6
924	0.00190397	-10905
925	0.00190397	-9995.93
926	0.00190397	-11365.5
927	0.00190397	-10161.9
928	0.00190397	-10651.3
929	0.00190397	-10723
930	0.00190397	-9961.5
931	0.00190397	-9901.58
932	0.00190397	-10369.9
933	0.00190397	-9823.4
934	0.00190397	-10220.5
935	0.00190397	-10466.9
936	0.00190397	-10006.6
937	0.00190397	-10030.9
938	0.00190397	-11488.9
939	0.00190397	-11177.5
940	0.00190397	-10622
941	0.00190397	-11309.6
942	0.00190397	-9852.51
943	0.00190397	-11300.7
944	0.00190397	-9756.34
945	0.00190397	-11737.4
946	0.00190397	-9681.5
947	0.00190397	-10258.7
948	0.00190397	-10797.6
949	0.00190397	-11428.8
950	0.00190397	-11688.2
951	0.00190397	-10327.5
952	0.00190397	-9516.56
953	0.00190397	-11445.8
954	0.00190397	-10377.3
955	0.00190397	-11384.2
956	0.00190397	-10551.3
957	0.00190397	-10819.1
958	0.00190397	-10730.4
959	0.00190397	-11273.1
960	0.00190397	-11304.4
961	0.00190397	-10133.3
962	0.00190397	-10987.3
963	0.00190397	-11070.4
964	0.00190397	-10246
965	0.00190397	-10183.6
966	0.00190397	-9847.83
967	0.00190397	-10379.4
968	0.00190397	-10459.8
969	0.00190397	-10329.8
970	0.00190397	-11842.2
971	0.00190397	-11486.9
972	0.00190397	-11237.8
973	0.00190397	-10667.5
974	0.00190397	-11239.6
975	0.00190397	-11836.5
976	0.00190397	-11067.7
977	0.00190397	-11941.1
978	0.00190397	-10536.8
979	0.00190397	-10609.7
980	0.00190397	-10334.1
981	0.00190397	-10519.8
982	0.00190397	-9853.88
983	0.00190397	-10386.1
984	0.00190397	-10502.7
985	0.00190397	-10666.6
986	0.00190397	-11525.5
987	0.00190397	-10522.3
988	0.00190397	-10226.4
989	0.00190397	-10621.4
990	0.00190397	-10593.5
991	0.00190397	-10326.1
992	0.00190397	-10171.7
993	0.00190397	-10102.7
994	0.00190397	-12090.9
995	0.00190397	-10565.4
996	0.00190397	-11811.1
997	0.00190397	-11878.8
998	0.00190397	-12464
999	0.00190397	-11674.6
1000	0.00190397	-10839.2
251	0.00131443	-14015.2
252	0.00131443	-10354.7
253	0.00131443	-10649.9
254	0.00131443	-11197.5
255	0.00131443	-12577
256	0.00131443	-11222.8
257	0.00131443	-10744.3
258	0.00131443	-11687.9
259	0.00131443	-11872.5
260	0.00131443	-11547.1
261	0.00131443	-10884.4
262	0.00131443	-10362.9
263	0.00131443	-10194.1
264	0.00131443	-10960
265	0.00131443	-10761.1
266	0.00131443	-11363.1
267	0.00131443	-10652.2
268	0.00131443	-11201.9
269	0.00131443	-11647
270	0.00131443	-10710.9
271	0.00131443	-11037.5
272	0.00131443	-11004.1
273	0.00131443	-11587.6
274	0.00131443	-11959.5
275	0.00131443	-10966.6
276	0.00131443	-10106.6
277	0.00131443	-10274.5
278	0.00131443	-11352.1
279	0.00131443	-10421.5
280	0.00131443	-9584.84
281	0.00131443	-10531.7
282	0.00131443	-10044.4
283	0.00131443	-12848.8
284	0.00131443	-11526.6
285	0.00131443	-10958.1
286	0.00131443	-11141.3
287	0.00131443	-11343.3
288	0.00131443	-12327.5
289	0.00131443	-11598.6
290	0.00131443	-13464.4
291	0.00131443	-12194.9
292	0.00131443	-12093.5
293	0.00131443	-10114.9
294	0.00131443	-10823.7
295	0.00131443	-11127.7
296	0.00131443	-10968.8
297	0.00131443	-11115.6
298	0.00131443	-10713.9
299	0.00131443	-10706.9
300	0.00131443	-10556.6
301	0.00131443	-10165.1
302	0.00131443	-11411.9
303	0.00131443	-11363.4
304	0.00131443	-11323.9
305	0.00131443	-11855
306	0.00131443	-12039.3
307	0.00131443	-12227.6
308	0.00131443	-12389.8
309	0.00131443	-11039.7
310	0.00131443	-9762.45
311	0.00131443	-11785.8
312	0.00131443	-10834.9
313	0.00131443	-11438.7
314	0.00131443	-11164.4
315	0.00131443	-13350.5
316	0.00131443	-10320.7
317	0.00131443	-11145.3
318	0.00131443	-10354.5
319	0.00131443	-10826.3
320	0.00131443	-10257
321	0.00131443	-10572.5
322	0.00131443	-11984.2
323	0.00131443	-11678.6
324	0.00131443	-10300.8
325	0.00131443	-10486.1
326	0.00131443	-10859.4
327	0.00131443	-12076.5
328	0.00131443	-11859.1
329	0.00131443	-12559
330	0.00131443	-11330.3
331	0.00131443	-13335
332	0.00131443	-10818.3
333	0.00131443	-12079.1
334	0.00131443	-12657.3
335	0.00131443	-12111.9
336	0.00131443	-10857.8
337	0.00131443	-11067.8
338	0.00131443	-11362.7
339	0.00131443	-10898.6
340	0.00131443	-10945.4
341	0.00131443	-11192.8
342	0.00131443	-11147.3
343	0.00131443	-10707.1
344	0.00131443	-10268
345	0.00131443	-10165.2
346	0.00131443	-10720.6
347	0.00131443	-10084.7
348	0.00131443	-12011
349	0.00131443	-10208.2
350	0.00131443	-10642.5
351	0.00131443	-10636.8
352	0.00131443	-10747.5
353	0.00131443	-11109.7
354	0.00131443	-11772.3
355	0.00131443	-11648.3
356	0.00131443	-11651.5
357	0.00131443	-12381.8
358	0.00131443	-11819.2
359	0.00131443	-12108.1
360	0.00131443	-13302.1
361	0.00131443	-12969.8
362	0.00131443	-12394.5
363	0.00131443	-11813.9
364	0.00131443	-10966.8
365	0.00131443	-10060.9
366	0.00131443	-11079.5
367	0.00131443	-11616.8
368	0.00131443	-11988.4
369	0.00131443	-11839
370	0.00131443	-10028.1
371	0.00131443	-11525.7
372	0.00131443	-10948.8
373	0.00131443	-12219.4
374	0.00131443	-12299.4
375	0.00131443	-10472.9
376	0.00131443	-11550.2
377	0.00131443	-11324.1
378	0.00131443	-11129.6
379	0.00131443	-11685
380	0.00131443	-11401.1
381	0.00131443	-10695.3
382	0.00131443	-10853
383	0.00131443	-10148.1
384	0.00131443	-10508.7
385	0.00131443	-10613
386	0.00131443	-11866.6
387	0.00131443	-11281.5
388	0.00131443	-12108.6
389	0.00131443	-11553.4
390	0.00131443	-11275.9
391	0.00131443	-10611.2
392	0.00131443	-10863.4
393	0.00131443	-12242.1
394	0.00131443	-11466.1
395	0.00131443	-11208.7
396	0.00131443	-11297.5
397	0.00131443	-11520.5
398	0.00131443	-10557.9
399	0.00131443	-11259.5
400	0.00131443	-9879.73
401	0.00131443	-10014.9
402	0.00131443	-10145.5
403	0.00131443	-9965.67
404	0.00131443	-10136.1
405	0.00131443	-10227.1
406	0.00131443	-10768.1
407	0.00131443	-11097.7
408	0.00131443	-10005.3
409	0.00131443	-11101.8
410	0.00131443	-11198.3
411	0.00131443	-11650.5
412	0.00131443	-10173.8
413	0.00131443	-10750.7
414	0.00131443	-11078.1
415	0.00131443	-10671.5
416	0.00131443	-10924.9
417	0.00131443	-11161
418	0.00131443	-9734.29
419	0.00131443	-10132.7
420	0.00131443	-10489.4
421	0.00131443	-10876.2
422	0.00131443	-10888.4
423	0.00131443	-9868.32
424	0.00131443	-10667.1
425	0.00131443	-10094.5
426	0.00131443	-10401.3
427	0.00131443	-11245
428	0.00131443	-11922.9
429	0.00131443	-12017.7
430	0.00131443	-10591.2
431	0.00131443	-12008.8
432	0.00131443	-11575.1
433	0.00131443	-11288.6
434	0.00131443	-11946
435	0.00131443	-12101.1
436	0.00131443	-11427.3
437	0.00131443	-10844.3
438	0.00131443	-12422.4
439	0.00131443	-11639.8
440	0.00131443	-12117.1
441	0.00131443	-11470
442	0.00131443	-10651.7
443	0.00131443	-11340.6
444	0.00131443	-12044.8
445	0.00131443	-11603.7
446	0.00131443	-10969.3
447	0.00131443	-11024.9
448	0.00131443	-10655.7
449	0.00131443	-11333.5
450	0.00131443	-10665.6
451	0.00131443	-12005.4
452	0.00131443	-12232.4
453	0.00131443	-11801.1
454	0.00131443	-10928.1
455	0.00131443	-11695
456	0.00131443	-10483.2
457	0.00131443	-10139.3
458	0.00131443	-12987.2
459	0.00131443	-9806.23
460	0.00131443	-10413.1
461	0.00131443	-10682.3
462	0.00131443	-11702.2
463	0.00131443	-10172.1
464	0.00131443	-11759
465	0.00131443	-11128.1
466	0.00131443	-10335.9
467	0.00131443	-11219.8
468	0.00131443	-10959.4
469	0.00131443	-10692.2
470	0.00131443	-11271.1
471	0.00131443	-10100.2
472	0.00131443	-10724.6
473	0.00131443	-11565.2
474	0.00131443	-12431.1
475	0.00131443	-10793.4
476	0.00131443	-10483.5
477	0.00131443	-11336.8
478	0.00131443	-11570.2
479	0.00131443	-11599.2
480	0.00131443	-11692.8
481	0.00131443	-10633.9
482	0.00131443	-11108.8
483	0.00131443	-10599.1
484	0.00131443	-10237.4
485	0.00131443	-9942.7
486	0.00131443	-10159.6
487	0.00131443	-10708
488	0.00131443	-11083.5
489	0.00131443	-11365.5
490	0.00131443	-11228.4
491	0.00131443	-10608.2
492	0.00131443	-12786.4
493	0.00131443	-11410.6
494	0.00131443	-12411.4
495	0.00131443	-13328.1
496	0.00131443	-11532
497	0.00131443	-10770.5
498	0.00131443	-11039
499	0.00131443	-11613.7
500	0.00131443	-10301.1
501	0.00131443	-10924.4
502	0.00131443	-10813.7
503	0.00131443	-10906.5
504	0.00131443	-11409.6
505	0.00131443	-12596.3
506	0.00131443	-11525.3
507	0.00131443	-10947.7
508	0.00131443	-11987.4
509	0.00131443	-11370.9
510	0.00131443	-10078.2
511	0.00131443	-13077.4
512	0.00131443	-11878.4
513	0.00131443	-11320.9
514	0.00131443	-12794.4
515	0.00131443	-10943.1
516	0.00131443	-10612.5
517	0.00131443	-10614.7
518	0.00131443	-10873.4
519	0.00131443	-10787.6
520	0.00131443	-10491.6
521	0.00131443	-10978.7
522	0.00131443	-11925.4
523	0.00131443	-12640.3
524	0.00131443	-12704.6
525	0.00131443	-10798.3
526	0.00131443	-11170.2
527	0.00131443	-11075.9
528	0.00131443	-11585.9
529	0.00131443	-10854.6
530	0.00131443	-11755
531	0.00131443	-10792.2
532	0.00131443	-12007.3
533	0.00131443	-10027.7
534	0.00131443	-10770.7
535	0.00131443	-10881.4
536	0.00131443	-11364.6
537	0.00131443	-10690.2
538	0.00131443	-10406.7
539	0.00131443	-11416.9
540	0.00131443	-10093.9
541	0.00131443	-11264
542	0.00131443	-10865.5
543	0.00131443	-11391.1
544	0.00131443	-11884.2
545	0.00131443	-11513.2
546	0.00131443	-11488.5
547	0.00131443	-10331.9
548	0.00131443	-10680.4
549	0.00131443	-11772.2
550	0.00131443	-10405.2
551	0.00131443	-11019.8
552	0.00131443	-10927.5
553	0.00131443	-11109.8
554	0.00131443	-10957.6
555	0.00131443	-9949.62
556	0.00131443	-10785
557	0.00131443	-11916.8
558	0.00131443	-11668.8
559	0.00131443	-9603.36
560	0.00131443	-11222.9
561	0.00131443	-11794.5
562	0.00131443	-11996.7
563	0.00131443	-11531.7
564	0.00131443	-9825.36
565	0.00131443	-11127.6
566	0.00131443	-11605.2
567	0.00131443	-12023.9
568	0.00131443	-10563.1
569	0.00131443	-11909.9
570	0.00131443	-10606.7
571	0.00131443	-10763.5
572	0.00131443	-10294.8
573	0.00131443	-10856.6
574	0.00131443	-10812.7
575	0.00131443	-10538
576	0.00131443	-11762.9
577	0.00131443	-10568.9
578	0.00131443	-9878.86
579	0.00131443	-10413.9
580	0.00131443	-10911.6
581	0.00131443	-12538.3
582	0.00131443	-10558
583	0.00131443	-11295.4
584	0.00131443	-11267.7
585	0.00131443	-11677.6
586	0.00131443	-10418.2
587	0.00131443	-11039.1
588	0.00131443	-11003.4
589	0.00131443	-12156.8
590	0.00131443	-12116.4
591	0.00131443	-11680.1
592	0.00131443	-10828.5
593	0.00131443	-11542.4
594	0.00131443	-11553
595	0.00131443	-11906.3
596	0.00131443	-11526.6
597	0.00131443	-11256
598	0.00131443	-11269
599	0.00131443	-11460.3
600	0.00131443	-10659.8
601	0.00131443	-11254.8
602	0.00131443	-11138.4
603	0.00131443	-10538.2
604	0.00131443	-11681.7
605	0.00131443	-11164.8
606	0.00131443	-10242.7
607	0.00131443	-11110.7
608	0.00131443	-10712
609	0.00131443	-11084
610	0.00131443	-10153.7
611	0.00131443	-9913.48
612	0.00131443	-11134.6
613	0.00131443	-10813.9
614	0.00131443	-10766.1
615	0.00131443	-9504
616	0.00131443	-10403.1
617	0.00131443	-9940.77
618	0.00131443	-10904.2
619	0.00131443	-10826.2
620	0.00131443	-11166.8
621	0.00131443	-10943.1
622	0.00131443	-11218.4
623	0.00131443	-11171.9
624	0.00131443	-11073.8
625	0.00131443	-10696.6
626	0.00131443	-11335.9
627	0.00131443	-10709.9
628	0.00131443	-9967.77
629	0.00131443	-9950
630	0.00131443	-10339.9
631	0.00131443	-10968
632	0.00131443	-10395.3
633	0.00131443	-11095.5
634	0.00131443	-11246.2
635	0.00131443	-11177.1
636	0.00131443	-9954.58
637	0.00131443	-11789.6
638	0.00131443	-11064.6
639	0.00131443	-10362.3
640	0.00131443	-10590.1
641	0.00131443	-10919.4
642	0.00131443	-10442
643	0.00131443	-11533.3
644	0.00131443	-11342.4
645	0.00131443	-10689.5
646	0.00131443	-10634.9
647	0.00131443	-11417.9
648	0.00131443	-10828.8
649	0.00131443	-12472.9
650	0.00131443	-11820.3
651	0.00131443	-10637.6
652	0.00131443	-11051.9
653	0.00131443	-10795.4
654	0.00131443	-10307.1
655	0.00131443	-11055.2
656	0.00131443	-10279.3
657	0.00131443	-9967.08
658	0.00131443	-9826.45
659	0.00131443	-10721.1
660	0.00131443	-11255.3
661	0.00131443	-11412.5
662	0.00131443	-11229.6
663	0.00131443	-12127.2
664	0.00131443	-10856.2
665	0.00131443	-10124.1
666	0.00131443	-10338.5
667	0.00131443	-10360.1
668	0.00131443	-10141.8
669	0.00131443	-11097.9
670	0.00131443	-10162.6
671	0.00131443	-11699.3
672	0.00131443	-12629.1
673	0.00131443	-12719.6
674	0.00131443	-10564.9
675	0.00131443	-10422.9
676	0.00131443	-11300
677	0.00131443	-12133.4
678	0.00131443	-10747.8
679	0.00131443	-12336.5
680	0.00131443	-12665.7
681	0.00131443	-12245.3
682	0.00131443	-11752.9
683	0.00131443	-11873.3
684	0.00131443	-10661.2
685	0.00131443	-10835.5
686	0.00131443	-12317.1
687	0.00131443	-12433.9
688	0.00131443	-13562.7
689	0.00131443	-11543.9
690	0.00131443	-11886.9
691	0.00131443	-10308.2
692	0.00131443	-9902.98
693	0.00131443	-10695.4
694	0.00131443	-10188.3
695	0.00131443	-10387.7
696	0.00131443	-10799
697	0.00131443	-10104.6
698	0.00131443	-10244.1
699	0.00131443	-10078.7
700	0.00131443	-11066.9
701	0.00131443	-9977.73
702	0.00131443	-10195.9
703	0.00131443	-10584.4
704	0.00131443	-9128.41
705	0.00131443	-10071.8
706	0.00131443	-10983.3
707	0.00131443	-10272
708	0.00131443	-10451.7
709	0.00131443	-10983.2
710	0.00131443	-11384.8
711	0.00131443	-11073.8
712	0.00131443	-10947.3
713	0.00131443	-11040.4
714	0.00131443	-10354
715	0.00131443	-10134.2
716	0.00131443	-11657.5
717	0.00131443	-10773.4
718	0.00131443	-11252.8
719	0.00131443	-10231.5
720	0.00131443	-10101.1
721	0.00131443	-9705.46
722	0.00131443	-9979.1
723	0.00131443	-9749.43
724	0.00131443	-10433.3
725	0.00131443	-10725.8
726	0.00131443	-10779.3
727	0.00131443	-10625.6
728	0.00131443	-10213.2
729	0.00131443	-10219.8
730	0.00131443	-10559.3
731	0.00131443	-11329.9
732	0.00131443	-11983.2
733	0.00131443	-12138.4
734	0.00131443	-11572.2
735	0.00131443	-10615.4
736	0.00131443	-10999.3
737	0.00131443	-10740.4
738	0.00131443	-10391.3
739	0.00131443	-10826.6
740	0.00131443	-10266.6
741	0.00131443	-10371.6
742	0.00131443	-10313.9
743	0.00131443	-9897.24
744	0.00131443	-10608.2
745	0.00131443	-11085.4
746	0.00131443	-12125
747	0.00131443	-11855.7
748	0.00131443	-10125.3
749	0.00131443	-10032
750	0.00131443	-9656.85
751	0.00131443	-11022.6
752	0.00131443	-11305.7
753	0.00131443	-11123.2
754	0.00131443	-10957.4
755	0.00131443	-11072.7
756	0.00131443	-9349.84
757	0.00131443	-9868.78
758	0.00131443	-10503.6
759	0.00131443	-10135.1
760	0.00131443	-9604.08
761	0.00131443	-11758.4
762	0.00131443	-11085.7
763	0.00131443	-10428.8
764	0.00131443	-11149.6
765	0.00131443	-11736.5
766	0.00131443	-11588.1
767	0.00131443	-11892.4
768	0.00131443	-10898.7
769	0.00131443	-11649.1
770	0.00131443	-11386.9
771	0.00131443	-10715.7
772	0.00131443	-10216.3
773	0.00131443	-12447.5
774	0.00131443	-11139.4
775	0.00131443	-11198.3
776	0.00131443	-11217.4
777	0.00131443	-11846.1
778	0.00131443	-11034.1
779	0.00131443	-11590.9
780	0.00131443	-12893.5
781	0.00131443	-12871.5
782	0.00131443	-12216.9
783	0.00131443	-12306.6
784	0.00131443	-11196.8
785	0.00131443	-11444.4
786	0.00131443	-12150.1
787	0.00131443	-11373.4
788	0.00131443	-11556.7
789	0.00131443	-11608.4
790	0.00131443	-10787.6
791	0.00131443	-10149
792	0.00131443	-9752.55
793	0.00131443	-10640.9
794	0.00131443	-10016.6
795	0.00131443	-11428
796	0.00131443	-10593.9
797	0.00131443	-10699.5
798	0.00131443	-11281.7
799	0.00131443	-10741
800	0.00131443	-12443.4
801	0.00131443	-13416.3
802	0.00131443	-11298.5
803	0.00131443	-10376.6
804	0.00131443	-11013.9
805	0.00131443	-12548.7
806	0.00131443	-11240
807	0.00131443	-10524.4
808	0.00131443	-10628.9
809	0.00131443	-11774.4
810	0.00131443	-10747.4
811	0.00131443	-11447.3
812	0.00131443	-11703.2
813	0.00131443	-11231.7
814	0.00131443	-11457.5
815	0.00131443	-10834.4
816	0.00131443	-11080.4
817	0.00131443	-11805.2
818	0.00131443	-10029.7
819	0.00131443	-11047.5
820	0.00131443	-11702.2
821	0.00131443	-11011.3
822	0.00131443	-10754.5
823	0.00131443	-10528.9
824	0.00131443	-10909.6
825	0.00131443	-11289.4
826	0.00131443	-11595.3
827	0.00131443	-10656
828	0.00131443	-10015.7
829	0.00131443	-10179.5
830	0.00131443	-11486.6
831	0.00131443	-10973.8
832	0.00131443	-11255.4
833	0.00131443	-10968.9
834	0.00131443	-11526
835	0.00131443	-11227.2
836	0.00131443	-11287.2
837	0.00131443	-11491.1
838	0.00131443	-10926.4
839	0.00131443	-10709.9
840	0.00131443	-11886.2
841	0.00131443	-11064.4
842	0.00131443	-12040.3
843	0.00131443	-11886
844	0.00131443	-12358.8
845	0.00131443	-10420.8
846	0.00131443	-11055.6
847	0.00131443	-11885.6
848	0.00131443	-11130.6
849	0.00131443	-11119.4
850	0.00131443	-10088.9
851	0.00131443	-10511.7
852	0.00131443	-10603
853	0.00131443	-12406.5
854	0.00131443	-11888.9
855	0.00131443	-12004.9
856	0.00131443	-12425.8
857	0.00131443	-11036.1
858	0.00131443	-11236.2
859	0.00131443	-9870.48
860	0.00131443	-11638.7
861	0.00131443	-12789.7
862	0.00131443	-10805.3
863	0.00131443	-10937.4
864	0.00131443	-11760.6
865	0.00131443	-11316.7
866	0.00131443	-11442.7
867	0.00131443	-11251.6
868	0.00131443	-13367.2
869	0.00131443	-9927.41
870	0.00131443	-10861.5
871	0.00131443	-10554.1
872	0.00131443	-11882.8
873	0.00131443	-10989.1
874	0.00131443	-11002
875	0.00131443	-10761.6
876	0.00131443	-12194
877	0.00131443	-12136.1
878	0.00131443	-11605.3
879	0.00131443	-11125.3
880	0.00131443	-11057.9
881	0.00131443	-11293
882	0.00131443	-11872.7
883	0.00131443	-10607.3
884	0.00131443	-11140.8
885	0.00131443	-11651.7
886	0.00131443	-10736.7
887	0.00131443	-10424.1
888	0.00131443	-11004.2
889	0.00131443	-11610.2
890	0.00131443	-11854.6
891	0.00131443	-11260.3
892	0.00131443	-10893
893	0.00131443	-10844.7
894	0.00131443	-10091.5
895	0.00131443	-10401.7
896	0.00131443	-10334.4
897	0.00131443	-11718.4
898	0.00131443	-10610.9
899	0.00131443	-9852
900	0.00131443	-9957.1
901	0.00131443	-12445.1
902	0.00131443	-11528.9
903	0.00131443	-10005.4
904	0.00131443	-10814.4
905	0.00131443	-9766.51
906	0.00131443	-11075.2
907	0.00131443	-10692
908	0.00131443	-11062.1
909	0.00131443	-12487.7
910	0.00131443	-10906.3
911	0.00131443	-10401.9
912	0.00131443	-9983.66
913	0.00131443	-11498.2
914	0.00131443	-11107.9
915	0.00131443	-10474
916	0.00131443	-10444.8
917	0.00131443	-11632.3
918	0.00131443	-11045.3
919	0.00131443	-11664.7
920	0.00131443	-9726.89
921	0.00131443	-10485.2
922	0.00131443	-11072
923	0.00131443	-11561.2
924	0.00131443	-12119.1
925	0.00131443	-12292.6
926	0.00131443	-12658.9
927	0.00131443	-11277.3
928	0.00131443	-10844.9
929	0.00131443	-9977.03
930	0.00131443	-12098.6
931	0.00131443	-11441.8
932	0.00131443	-10894.4
933	0.00131443	-10439.8
934	0.00131443	-11385
935	0.00131443	-11537.6
936	0.00131443	-11164.8
937	0.00131443	-10752.3
938	0.00131443	-10608.7
939	0.00131443	-11162.7
940	0.00131443	-11124.3
941	0.00131443	-10884
942	0.00131443	-10665.7
943	0.00131443	-10693.7
944	0.00131443	-11434.1
945	0.00131443	-11133.1
946	0.00131443	-11299
947	0.00131443	-10355.1
948	0.00131443	-13132.4
949	0.00131443	-12385.6
950	0.00131443	-11061.4
951	0.00131443	-11525.8
952	0.00131443	-10424.9
953	0.00131443	-11089.2
954	0.00131443	-10352.8
955	0.00131443	-10437.4
956	0.00131443	-10678.2
957	0.00131443	-11812.7
958	0.00131443	-10809.7
959	0.00131443	-10640.1
960	0.00131443	-10940.3
961	0.00131443	-11073.6
962	0.00131443	-11267.3
963	0.00131443	-10832.9
964	0.00131443	-10594.4
965	0.00131443	-10224.1
966	0.00131443	-9979.23
967	0.00131443	-10359.1
968	0.00131443	-10675.8
969	0.00131443	-12414.7
970	0.00131443	-11759.1
971	0.00131443	-10897.6
972	0.00131443	-10418.9
973	0.00131443	-10116.2
974	0.00131443	-10347.2
975	0.00131443	-10613.1
976	0.00131443	-10095.1
977	0.00131443	-11094.5
978	0.00131443	-10731.7
979	0.00131443	-11544.6
980	0.00131443	-11926.6
981	0.00131443	-11506.4
982	0.00131443	-10924.2
983	0.00131443	-10624
984	0.00131443	-10724.9
985	0.00131443	-11028.5
986	0.00131443	-10978.1
987	0.00131443	-9663.03
988	0.00131443	-10765.3
989	0.00131443	-11079
990	0.00131443	-10443.3
991	0.00131443	-11847.1
992	0.00131443	-11154.5
993	0.00131443	-11185.3
994	0.00131443	-11260.7
995	0.00131443	-11998.8
996	0.00131443	-11164.8
997	0.00131443	-9771.39
998	0.00131443	-11346.1
999	0.00131443	-11229.7
1000	0.00131443	-10580.3
251	0.000880898	-11720.3
252	0.000880898	-10637.8
253	0.000880898	-11192.3
254	0.000880898	-12204.7
255	0.000880898	-10388.6
256	0.000880898	-11004.2
257	0.000880898	-10751.4
258	0.000880898	-10651.7
259	0.000880898	-10697.6
260	0.000880898	-11847.9
261	0.000880898	-11768.8
262	0.000880898	-11372.1
263	0.000880898	-11752.5
264	0.000880898	-13225.3
265	0.000880898	-13551.4
266	0.000880898	-13390.3
267	0.000880898	-12218.6
268	0.000880898	-10974.8
269	0.000880898	-11575.6
270	0.000880898	-11517.8
271	0.000880898	-11003.4
272	0.000880898	-11430.3
273	0.000880898	-10091.9
274	0.000880898	-10580.3
275	0.000880898	-10597.4
276	0.000880898	-11047.5
277	0.000880898	-12284.1
278	0.000880898	-11456.7
279	0.000880898	-10410.1
280	0.000880898	-10351
281	0.000880898	-10235.4
282	0.000880898	-10743
283	0.000880898	-10293.1
284	0.000880898	-10181.1
285	0.000880898	-10334.7
286	0.000880898	-11273.3
287	0.000880898	-11252.6
288	0.000880898	-10120
289	0.000880898	-10577.4
290	0.000880898	-11888.5
291	0.000880898	-10318.4
292	0.000880898	-10280.4
293	0.000880898	-10072.9
294	0.000880898	-11814.9
295	0.000880898	-12124
296	0.000880898	-10787.4
297	0.000880898	-11057.9
298	0.000880898	-11877.4
299	0.000880898	-10808.6
300	0.000880898	-10372.7
301	0.000880898	-11405.5
302	0.000880898	-11563.8
303	0.000880898	-12254.4
304	0.000880898	-12042.5
305	0.000880898	-11983.3
306	0.000880898	-11081.7
307	0.000880898	-10285.6
308	0.000880898	-12076.8
309	0.000880898	-11610.5
310	0.000880898	-11476.7
311	0.000880898	-11728.9
312	0.000880898	-12099.6
313	0.000880898	-12342.3
314	0.000880898	-13126.3
315	0.000880898	-10839.1
316	0.000880898	-11055
317	0.000880898	-10270.2
318	0.000880898	-10394.3
319	0.000880898	-11087.8
320	0.000880898	-10654.6
321	0.000880898	-11632.4
322	0.000880898	-11828.6
323	0.000880898	-13526.8
324	0.000880898	-11037.8
325	0.000880898	-11339.2
326	0.000880898	-11418.7
327	0.000880898	-12356.5
328	0.000880898	-12496.5
329	0.000880898	-13048.3
330	0.000880898	-9653.63
331	0.000880898	-12690.1
332	0.000880898	-12130.4
333	0.000880898	-11501.7
334	0.000880898	-11496.8
335	0.000880898	-12086.8
336	0.000880898	-11946.2
337	0.000880898	-11317.5
338	0.000880898	-12081.6
339	0.000880898	-10978.8
340	0.000880898	-10798.6
341	0.000880898	-11282.8
342	0.000880898	-11238.2
343	0.000880898	-10713
344	0.000880898	-11812.2
345	0.000880898	-11078.1
346	0.000880898	-10366
347	0.000880898	-11370.6
348	0.000880898	-11316.9
349	0.000880898	-10748.9
350	0.000880898	-10493.4
351	0.000880898	-9721.46
352	0.000880898	-10431.8
353	0.000880898	-12344.8
354	0.000880898	-10748.3
355	0.000880898	-11298.1
356	0.000880898	-11772.3
357	0.000880898	-12238
358	0.000880898	-11398.5
359	0.000880898	-10513.8
360	0.000880898	-11108.8
361	0.000880898	-11828.8
362	0.000880898	-11355.6
363	0.000880898	-12194.5
364	0.000880898	-10770
365	0.000880898	-11227.5
366	0.000880898	-10515.1
367	0.000880898	-10640.3
368	0.000880898	-12359.8
369	0.000880898	-12237.5
370	0.000880898	-11679.8
371	0.000880898	-12829.6
372	0.000880898	-13320.7
373	0.000880898	-13903.9
374	0.000880898	-12830.9
375	0.000880898	-12469.2
376	0.000880898	-12392.5
377	0.000880898	-12359.2
378	0.000880898	-11027.2
379	0.000880898	-10864.7
380	0.000880898	-10135.7
381	0.000880898	-10420
382	0.000880898	-10012.9
383	0.000880898	-10825.3
384	0.000880898	-10704.6
385	0.000880898	-10849.2
386	0.000880898	-10634.6
387	0.000880898	-11738.3
388	0.000880898	-10359.2
389	0.000880898	-9973.72
390	0.000880898	-9945.33
391	0.000880898	-9658.43
392	0.000880898	-11582.6
393	0.000880898	-10914.7
394	0.000880898	-11199.3
395	0.000880898	-11639.5
396	0.000880898	-11561.1
397	0.000880898	-10675.8
398	0.000880898	-10846.6
399	0.000880898	-12498.2
400	0.000880898	-11330.2
401	0.000880898	-11153.4
402	0.000880898	-11811.4
403	0.000880898	-12459.7
404	0.000880898	-9817.57
405	0.000880898	-11245.5
406	0.000880898	-11789.2
407	0.000880898	-10022.9
408	0.000880898	-11048.8
409	0.000880898	-12544.2
410	0.000880898	-11599.3
411	0.000880898	-11029.5
412	0.000880898	-12398.3
413	0.000880898	-11693.6
414	0.000880898	-11701.4
415	0.000880898	-10614.5
416	0.000880898	-12353.7
417	0.000880898	-10899.2
418	0.000880898	-11986.7
419	0.000880898	-11430.4
420	0.000880898	-13495.7
421	0.000880898	-13081.3
422	0.000880898	-11114.1
423	0.000880898	-11698.3
424	0.000880898	-11635.1
425	0.000880898	-11620.5
426	0.000880898	-11937.3
427	0.000880898	-10415.3
428	0.000880898	-10980.9
429	0.000880898	-11027.6
430	0.000880898	-11563.7
431	0.000880898	-10598.4
432	0.000880898	-11628.5
433	0.000880898	-11764.2
434	0.000880898	-11463.4
435	0.000880898	-11319.2
436	0.000880898	-11877.1
437	0.000880898	-11306
438	0.000880898	-10350.4
439	0.000880898	-10091.3
440	0.000880898	-11107.2
441	0.000880898	-11016.6
442	0.000880898	-10420
443	0.000880898	-10178.5
444	0.000880898	-10461.1
445	0.000880898	-11139.9
446	0.000880898	-12188.7
447	0.000880898	-12479.4
448	0.000880898	-10883.4
449	0.000880898	-11161
450	0.000880898	-10686
451	0.000880898	-11151.1
452	0.000880898	-12025.6
453	0.000880898	-10238.5
454	0.000880898	-10232.3
455	0.000880898	-11049.6
456	0.000880898	-10756.9
457	0.000880898	-13683.7
458	0.000880898	-11889.2
459	0.000880898	-11742
460	0.000880898	-11787.4
461	0.000880898	-10574.6
462	0.000880898	-10204
463	0.000880898	-11451.5
464	0.000880898	-11579.9
465	0.000880898	-10825.9
466	0.000880898	-10355
467	0.000880898	-10283.7
468	0.000880898	-10630.8
469	0.000880898	-10753
470	0.000880898	-11014.3
471	0.000880898	-13498.1
472	0.000880898	-10755.6
473	0.000880898	-11319.3
474	0.000880898	-10241.9
475	0.000880898	-11338.6
476	0.000880898	-10803.4
477	0.000880898	-11122
478	0.000880898	-10922.2
479	0.000880898	-11282.7
480	0.000880898	-12494.1
481	0.000880898	-10818.4
482	0.000880898	-10184.9
483	0.000880898	-12024.9
484	0.000880898	-11937.9
485	0.000880898	-11578.3
486	0.000880898	-10589.6
487	0.000880898	-10584.1
488	0.000880898	-10357.4
489	0.000880898	-11533.2
490	0.000880898	-12205.4
491	0.000880898	-11023.7
492	0.000880898	-10672.2
493	0.000880898	-10483.5
494	0.000880898	-12867.9
495	0.000880898	-10610.8
496	0.000880898	-11154.1
497	0.000880898	-11341.6
498	0.000880898	-11942.2
499	0.000880898	-12076.5
500	0.000880898	-10523.6
501	0.000880898	-13815.5
502	0.000880898	-12048.8
503	0.000880898	-11370.2
504	0.000880898	-11758.2
505	0.000880898	-10709
506	0.000880898	-9980.5
507	0.000880898	-11467.6
508	0.000880898	-14076
509	0.000880898	-12886.2
510	0.000880898	-11750.9
511	0.000880898	-13411.6
512	0.000880898	-12033.7
513	0.000880898	-12564.3
514	0.000880898	-12265.1
515	0.000880898	-11461.9
516	0.000880898	-13266.5
517	0.000880898	-12196.5
518	0.000880898	-13159.7
519	0.000880898	-11059
520	0.000880898	-12454.9
521	0.000880898	-12361.5
522	0.000880898	-11717.4
523	0.000880898	-11978.7
524	0.000880898	-11300.5
525	0.000880898	-10765
526	0.000880898	-11814.3
527	0.000880898	-11150.6
528	0.000880898	-12388.6
529	0.000880898	-12611.1
530	0.000880898	-10796.1
531	0.000880898	-10652.9
532	0.000880898	-11842.3
533	0.000880898	-11620.9
534	0.000880898	-10375.1
535	0.000880898	-10032.4
536	0.000880898	-11547.4
537	0.000880898	-10412.3
538	0.000880898	-11054.4
539	0.000880898	-10560.7
540	0.000880898	-12025.6
541	0.000880898	-10634
542	0.000880898	-12063.3
543	0.000880898	-10738.6
544	0.000880898	-10820
545	0.000880898	-12966.9
546	0.000880898	-11743.7
547	0.000880898	-11133.9
548	0.000880898	-10554.6
549	0.000880898	-11137.2
550	0.000880898	-12272
551	0.000880898	-11183.8
552	0.000880898	-10195
553	0.000880898	-10777.5
554	0.000880898	-10868.5
555	0.000880898	-11885.8
556	0.000880898	-11883.2
557	0.000880898	-11748.8
558	0.000880898	-11543.6
559	0.000880898	-11830.6
560	0.000880898	-11085.9
561	0.000880898	-10918.6
562	0.000880898	-12291.7
563	0.000880898	-12159.7
564	0.000880898	-13792.7
565	0.000880898	-10966.8
566	0.000880898	-10768.4
567	0.000880898	-11209.9
568	0.000880898	-11023.5
569	0.000880898	-10486.6
570	0.000880898	-10755.9
571	0.000880898	-10466.4
572	0.000880898	-12265.8
573	0.000880898	-13317.8
574	0.000880898	-11353.4
575	0.000880898	-11441.6
576	0.000880898	-11990.7
577	0.000880898	-14176.2
578	0.000880898	-13797.3
579	0.000880898	-12604.1
580	0.000880898	-11859.7
581	0.000880898	-10548.4
582	0.000880898	-11366.4
583	0.000880898	-10901.8
584	0.000880898	-12363.4
585	0.000880898	-10453.1
586	0.000880898	-10973
587	0.000880898	-10991.6
588	0.000880898	-10877.4
589	0.000880898	-11155.1
590	0.000880898	-10595.1
591	0.000880898	-11603.8
592	0.000880898	-11183.3
593	0.000880898	-10792.9
594	0.000880898	-10254.8
595	0.000880898	-10651.5
596	0.000880898	-11248.7
597	0.000880898	-12178.9
598	0.000880898	-11595.6
599	0.000880898	-11597.5
600	0.000880898	-11008.6
601	0.000880898	-11392.5
602	0.000880898	-10365.6
603	0.000880898	-10699.1
604	0.000880898	-9920.65
605	0.000880898	-10431.3
606	0.000880898	-9931.23
607	0.000880898	-10599.8
608	0.000880898	-11074.3
609	0.000880898	-13081.3
610	0.000880898	-11005.9
611	0.000880898	-10585.6
612	0.000880898	-10937.4
613	0.000880898	-12105.4
614	0.000880898	-11720.3
615	0.000880898	-11355
616	0.000880898	-11064.1
617	0.000880898	-11454.1
618	0.000880898	-14406.7
619	0.000880898	-12891
620	0.000880898	-12324.9
621	0.000880898	-11344.8
622	0.000880898	-10930.3
623	0.000880898	-10742.8
624	0.000880898	-10974
625	0.000880898	-10717.5
626	0.000880898	-11000.6
627	0.000880898	-11315.7
628	0.000880898	-10734.2
629	0.000880898	-11027.1
630	0.000880898	-10306.9
631	0.000880898	-10671.4
632	0.000880898	-10635.8
633	0.000880898	-11208.7
634	0.000880898	-11495.3
635	0.000880898	-10578
636	0.000880898	-11394.3
637	0.000880898	-12207.9
638	0.000880898	-10612.4
639	0.000880898	-10350.7
640	0.000880898	-10270.4
641	0.000880898	-10653.3
642	0.000880898	-10991.8
643	0.000880898	-9973.25
644	0.000880898	-10953.2
645	0.000880898	-10100.6
646	0.000880898	-13904.9
647	0.000880898	-12783.2
648	0.000880898	-11282.1
649	0.000880898	-11052.8
650	0.000880898	-11308
651	0.000880898	-11584.6
652	0.000880898	-11122.8
653	0.000880898	-12002.2
654	0.000880898	-13114.1
655	0.000880898	-12444.9
656	0.000880898	-10571.4
657	0.000880898	-10506.2
658	0.000880898	-12361.5
659	0.000880898	-10564.4
660	0.000880898	-11143.6
661	0.000880898	-11219.3
662	0.000880898	-10413.8
663	0.000880898	-10599
664	0.000880898	-12553.8
665	0.000880898	-11082.1
666	0.000880898	-12213.8
667	0.000880898	-11680.2
668	0.000880898	-12023.9
669	0.000880898	-11059.7
670	0.000880898	-10681
671	0.000880898	-11141.6
672	0.000880898	-10721
673	0.000880898	-10330.4
674	0.000880898	-10908
675	0.000880898	-11179
676	0.000880898	-10187.7
677	0.000880898	-10934.2
678	0.000880898	-13622.4
679	0.000880898	-10258.3
680	0.000880898	-10486.7
681	0.000880898	-10186.2
682	0.000880898	-11193.4
683	0.000880898	-10713.3
684	0.000880898	-10927.7
685	0.000880898	-14028.8
686	0.000880898	-11756.2
687	0.000880898	-10677.5
688	0.000880898	-11057.9
689	0.000880898	-11601
690	0.000880898	-11405
691	0.000880898	-10688.7
692	0.000880898	-11491.5
693	0.000880898	-10963.3
694	0.000880898	-10756.7
695	0.000880898	-11203.8
696	0.000880898	-11602.1
697	0.000880898	-11122.3
698	0.000880898	-10943.2
699	0.000880898	-9519.06
700	0.000880898	-10545.7
701	0.000880898	-11805.6
702	0.000880898	-10757.1
703	0.000880898	-10912.6
704	0.000880898	-11912.4
705	0.000880898	-12836.6
706	0.000880898	-11011.4
707	0.000880898	-11004.9
708	0.000880898	-12319.6
709	0.000880898	-10924.6
710	0.000880898	-9724.46
711	0.000880898	-11039.5
712	0.000880898	-11549.3
713	0.000880898	-11604.4
714	0.000880898	-12698.4
715	0.000880898	-12586
716	0.000880898	-12346.1
717	0.000880898	-11735.8
718	0.000880898	-10495.4
719	0.000880898	-13039.8
720	0.000880898	-11611.9
721	0.000880898	-12234.8
722	0.000880898	-10324.1
723	0.000880898	-10587.7
724	0.000880898	-10532.9
725	0.000880898	-10458.2
726	0.000880898	-11447.2
727	0.000880898	-10871.6
728	0.000880898	-9996.85
729	0.000880898	-9795.95
730	0.000880898	-11255.5
731	0.000880898	-11521.7
732	0.000880898	-11750.4
733	0.000880898	-11241.3
734	0.000880898	-12125.6
735	0.000880898	-11313.9
736	0.000880898	-11098.6
737	0.000880898	-10948.9
738	0.000880898	-11063.1
739	0.000880898	-10662.1
740	0.000880898	-10484.3
741	0.000880898	-12080.1
742	0.000880898	-11286.6
743	0.000880898	-10967.7
744	0.000880898	-11021.8
745	0.000880898	-11761.6
746	0.000880898	-11721.2
747	0.000880898	-11104.4
748	0.000880898	-10901
749	0.000880898	-10626.6
750	0.000880898	-10084
751	0.000880898	-10690
752	0.000880898	-10609
753	0.000880898	-10401.8
754	0.000880898	-10207.8
755	0.000880898	-12405.1
756	0.000880898	-11670.3
757	0.000880898	-11802.1
758	0.000880898	-11256.6
759	0.000880898	-11578.4
760	0.000880898	-11611.4
761	0.000880898	-12084.8
762	0.000880898	-12983.9
763	0.000880898	-11992.5
764	0.000880898	-12922.5
765	0.000880898	-11871.4
766	0.000880898	-11607.3
767	0.000880898	-10572.6
768	0.000880898	-10785.9
769	0.000880898	-11587
770	0.000880898	-10908.9
771	0.000880898	-11570.5
772	0.000880898	-12346.5
773	0.000880898	-11871.6
774	0.000880898	-13543.3
775	0.000880898	-12522.5
776	0.000880898	-10879.5
777	0.000880898	-10314.9
778	0.000880898	-10354.3
779	0.000880898	-11151.4
780	0.000880898	-11104.5
781	0.000880898	-11040.2
782	0.000880898	-11070
783	0.000880898	-11572.4
784	0.000880898	-11905.3
785	0.000880898	-10764.6
786	0.000880898	-12319.8
787	0.000880898	-10530.7
788	0.000880898	-10631.5
789	0.000880898	-10550.5
790	0.000880898	-11313.7
791	0.000880898	-12593
792	0.000880898	-12344.9
793	0.000880898	-10652
794	0.000880898	-9588.7
795	0.000880898	-10811.6
796	0.000880898	-10967
797	0.000880898	-10444.6
798	0.000880898	-11244.5
799	0.000880898	-11273.8
800	0.000880898	-11252.5
801	0.000880898	-12196.6
802	0.000880898	-11091.2
803	0.000880898	-10494.6
804	0.000880898	-11292.7
805	0.000880898	-10452.1
806	0.000880898	-10328.2
807	0.000880898	-10747.5
808	0.000880898	-10791.1
809	0.000880898	-9490.63
810	0.000880898	-10695.5
811	0.000880898	-10651.5
812	0.000880898	-11114.4
813	0.000880898	-11401.7
814	0.000880898	-11240.4
815	0.000880898	-12899.6
816	0.000880898	-12884.2
817	0.000880898	-12073.4
818	0.000880898	-12388.4
819	0.000880898	-10474.9
820	0.000880898	-12007.6
821	0.000880898	-10145.5
822	0.000880898	-9481.06
823	0.000880898	-10161.8
824	0.000880898	-10569.4
825	0.000880898	-11264.5
826	0.000880898	-11641.7
827	0.000880898	-12227.3
828	0.000880898	-10644.4
829	0.000880898	-11923.8
830	0.000880898	-11656
831	0.000880898	-12510.3
832	0.000880898	-11577.7
833	0.000880898	-9889
834	0.000880898	-9721.28
835	0.000880898	-10037
836	0.000880898	-11218
837	0.000880898	-11076.2
838	0.000880898	-11258.3
839	0.000880898	-11486
840	0.000880898	-10457.1
841	0.000880898	-9576.55
842	0.000880898	-9916.7
843	0.000880898	-11092.7
844	0.000880898	-11244.4
845	0.000880898	-11875.7
846	0.000880898	-11611.2
847	0.000880898	-10985.4
848	0.000880898	-12428
849	0.000880898	-11445.4
850	0.000880898	-10329
851	0.000880898	-10712.4
852	0.000880898	-11242.8
853	0.000880898	-11430.3
854	0.000880898	-12903.3
855	0.000880898	-12693.6
856	0.000880898	-12292.8
857	0.000880898	-10597.4
858	0.000880898	-10043.1
859	0.000880898	-11173.1
860	0.000880898	-10580.6
861	0.000880898	-10346.8
862	0.000880898	-11773.2
863	0.000880898	-11792.3
864	0.000880898	-10647.5
865	0.000880898	-10660.8
866	0.000880898	-11122.9
867	0.000880898	-12276.8
868	0.000880898	-10964
869	0.000880898	-12746.3
870	0.000880898	-12998.4
871	0.000880898	-11404
872	0.000880898	-12115.8
873	0.000880898	-12321.2
874	0.000880898	-11718.2
875	0.000880898	-11698.4
876	0.000880898	-13038.3
877	0.000880898	-11460.5
878	0.000880898	-10670.6
879	0.000880898	-10824.4
880	0.000880898	-11455.8
881	0.000880898	-12440.9
882	0.000880898	-10411.2
883	0.000880898	-10662.6
884	0.000880898	-11619.6
885	0.000880898	-11121.7
886	0.000880898	-11928.2
887	0.000880898	-12216.4
888	0.000880898	-12080
889	0.000880898	-11447.4
890	0.000880898	-12441.7
891	0.000880898	-11210.6
892	0.000880898	-11138.1
893	0.000880898	-11355.6
894	0.000880898	-11699.5
895	0.000880898	-11048.8
896	0.000880898	-10414
897	0.000880898	-10558.5
898	0.000880898	-11096.3
899	0.000880898	-11404.4
900	0.000880898	-10780.4
901	0.000880898	-11382.8
902	0.000880898	-11085.6
903	0.000880898	-11258
904	0.000880898	-11315.1
905	0.000880898	-10578.7
906	0.000880898	-9708.76
907	0.000880898	-10720.4
908	0.000880898	-11565.9
909	0.000880898	-11690
910	0.000880898	-10754.6
911	0.000880898	-11307.3
912	0.000880898	-11285.4
913	0.000880898	-11811.5
914	0.000880898	-11602.5
915	0.000880898	-11693.5
916	0.000880898	-10258.8
917	0.000880898	-11271.3
918	0.000880898	-11433.1
919	0.000880898	-12176.7
920	0.000880898	-12385
921	0.000880898	-11181.9
922	0.000880898	-13690.8
923	0.000880898	-11961.4
924	0.000880898	-12183.3
925	0.000880898	-11905.2
926	0.000880898	-11855.2
927	0.000880898	-11458
928	0.000880898	-11776.7
929	0.000880898	-11266.2
930	0.000880898	-10202.4
931	0.000880898	-11022.9
932	0.000880898	-10823.5
933	0.000880898	-11740
934	0.000880898	-10539.6
935	0.000880898	-11476
936	0.000880898	-10232.5
937	0.000880898	-13704.3
938	0.000880898	-12279
939	0.000880898	-12401.6
940	0.000880898	-10492.9
941	0.000880898	-11636.4
942	0.000880898	-12335
943	0.000880898	-11009.4
944	0.000880898	-11743.7
945	0.000880898	-11790.1
946	0.000880898	-11229.5
947	0.000880898	-11354.3
948	0.000880898	-12448.2
949	0.000880898	-12105.8
950	0.000880898	-10474.7
951	0.000880898	-11119.4
952	0.000880898	-11419.9
953	0.000880898	-11450.4
954	0.000880898	-10943.5
955	0.000880898	-11367.6
956	0.000880898	-12639.3
957	0.000880898	-11380.2
958	0.000880898	-11573.5
959	0.000880898	-10855.1
960	0.000880898	-10900.8
961	0.000880898	-11425.6
962	0.000880898	-10729.9
963	0.000880898	-10267.2
964	0.000880898	-10425.1
965	0.000880898	-10105.5
966	0.000880898	-9966.66
967	0.000880898	-11172.4
968	0.000880898	-11467.5
969	0.000880898	-10896.5
970	0.000880898	-10261.5
971	0.000880898	-11212.3
972	0.000880898	-9531.21
973	0.000880898	-10531.3
974	0.000880898	-10798.7
975	0.000880898	-10041.3
976	0.000880898	-11544.4
977	0.000880898	-15306.7
978	0.000880898	-13551.8
979	0.000880898	-13900.5
980	0.000880898	-13279.5
981	0.000880898	-13208.7
982	0.000880898	-12009.7
983	0.000880898	-10428.2
984	0.000880898	-10966.1
985	0.000880898	-9980.97
986	0.000880898	-10261.1
987	0.000880898	-11758.8
988	0.000880898	-11431
989	0.000880898	-10120.4
990	0.000880898	-12061.2
991	0.000880898	-11283.7
992	0.000880898	-11515.1
993	0.000880898	-11167.4
994	0.000880898	-12195.5
995	0.000880898	-10951.4
996	0.000880898	-11869.4
997	0.000880898	-10794
998	0.000880898	-10878.9
999	0.000880898	-11953.3
1000	0.000880898	-11310.8
251	0.000570142	-10663.3
252	0.000570142	-10413.1
253	0.000570142	-12113.5
254	0.000570142	-11323.5
255	0.000570142	-11081.9
256	0.000570142	-11143.7
257	0.000570142	-10695.5
258	0.000570142	-12622.8
259	0.000570142	-9663.37
260	0.000570142	-10242.1
261	0.000570142	-12899.3
262	0.000570142	-10694.6
263	0.000570142	-12856.1
264	0.000570142	-10745.9
265	0.000570142	-9864.42
266	0.000570142	-12360.6
267	0.000570142	-12192.2
268	0.000570142	-11517.9
269	0.000570142	-11982.4
270	0.000570142	-12046
271	0.000570142	-12552.2
272	0.000570142	-11417
273	0.000570142	-12535.4
274	0.000570142	-10653.9
275	0.000570142	-10977.2
276	0.000570142	-11427.5
277	0.000570142	-10479.8
278	0.000570142	-10988.9
279	0.000570142	-10586.3
280	0.000570142	-10461.1
281	0.000570142	-10607
282	0.000570142	-12429.7
283	0.000570142	-11198.5
284	0.000570142	-12344.9
285	0.000570142	-10988.8
286	0.000570142	-11470
287	0.000570142	-10762.8
288	0.000570142	-9970.45
289	0.000570142	-10955.8
290	0.000570142	-11021.4
291	0.000570142	-10587.7
292	0.000570142	-12803.2
293	0.000570142	-12304.1
294	0.000570142	-12439.6
295	0.000570142	-14433.4
296	0.000570142	-13246.1
297	0.000570142	-12465.1
298	0.000570142	-13168.2
299	0.000570142	-11605.7
300	0.000570142	-11262.6
301	0.000570142	-14857.8
302	0.000570142	-16478.1
303	0.000570142	-11445.3
304	0.000570142	-10471.4
305	0.000570142	-11982.4
306	0.000570142	-10876.1
307	0.000570142	-10346.2
308	0.000570142	-11900.4
309	0.000570142	-13533.3
310	0.000570142	-11512.9
311	0.000570142	-10108
312	0.000570142	-11505.4
313	0.000570142	-11293.4
314	0.000570142	-11269.8
315	0.000570142	-10709.6
316	0.000570142	-11262.8
317	0.000570142	-10865
318	0.000570142	-11483.3
319	0.000570142	-13226.1
320	0.000570142	-12125.6
321	0.000570142	-11045
322	0.000570142	-11340.6
323	0.000570142	-12333
324	0.000570142	-14164.1
325	0.000570142	-13887.7
326	0.000570142	-11153.2
327	0.000570142	-13201.5
328	0.000570142	-12349.4
329	0.000570142	-11225.1
330	0.000570142	-12348.6
331	0.000570142	-15239.7
332	0.000570142	-13954.4
333	0.000570142	-12998.7
334	0.000570142	-11275.9
335	0.000570142	-12261.4
336	0.000570142	-9598.77
337	0.000570142	-11860.2
338	0.000570142	-15432.7
339	0.000570142	-13476.1
340	0.000570142	-11260.4
341	0.000570142	-13548.7
342	0.000570142	-10310.5
343	0.000570142	-12879.4
344	0.000570142	-11479
345	0.000570142	-12179.1
346	0.000570142	-10638.1
347	0.000570142	-11850.6
348	0.000570142	-10667.2
349	0.000570142	-10491.6
350	0.000570142	-12305.1
351	0.000570142	-13773.5
352	0.000570142	-12265.5
353	0.000570142	-11747.1
354	0.000570142	-11936.4
355	0.000570142	-10208.2
356	0.000570142	-11459.1
357	0.000570142	-11011.2
358	0.000570142	-11916.7
359	0.000570142	-11139.1
360	0.000570142	-11158.1
361	0.000570142	-11354.2
362	0.000570142	-10180.4
363	0.000570142	-10971.4
364	0.000570142	-13603.2
365	0.000570142	-11219.5
366	0.000570142	-11455.6
367	0.000570142	-12606.9
368	0.000570142	-11446
369	0.000570142	-11208.1
370	0.000570142	-9835.18
371	0.000570142	-10656.5
372	0.000570142	-10866.7
373	0.000570142	-12160.4
374	0.000570142	-12838.5
375	0.000570142	-10978.5
376	0.000570142	-11416.6
377	0.000570142	-11462.8
378	0.000570142	-11046.4
379	0.000570142	-11430.5
380	0.000570142	-10050.2
381	0.000570142	-12453.1
382	0.000570142	-12193.5
383	0.000570142	-11971.4
384	0.000570142	-10975.4
385	0.000570142	-10881.8
386	0.000570142	-11021.1
387	0.000570142	-11179.8
388	0.000570142	-11531
389	0.000570142	-13601.1
390	0.000570142	-10840.4
391	0.000570142	-12529.2
392	0.000570142	-13151.6
393	0.000570142	-11695.8
394	0.000570142	-10945.1
395	0.000570142	-10169
396	0.000570142	-10666.1
397	0.000570142	-11430.9
398	0.000570142	-10682.9
399	0.000570142	-12621.8
400	0.000570142	-14812.5
401	0.000570142	-11299.7
402	0.000570142	-11147.8
403	0.000570142	-11053.1
404	0.000570142	-10405.5
405	0.000570142	-11686.7
406	0.000570142	-11233.1
407	0.000570142	-11236
408	0.000570142	-10322.1
409	0.000570142	-10763.2
410	0.000570142	-10567.9
411	0.000570142	-10700.9
412	0.000570142	-11123.3
413	0.000570142	-11170.4
414	0.000570142	-14245.4
415	0.000570142	-12179
416	0.000570142	-11827.3
417	0.000570142	-11164.8
418	0.000570142	-10804.5
419	0.000570142	-13245.8
420	0.000570142	-13989.6
421	0.000570142	-12347.8
422	0.000570142	-12662.2
423	0.000570142	-11022
424	0.000570142	-12243.7
425	0.000570142	-12464.8
426	0.000570142	-12933
427	0.000570142	-13588.1
428	0.000570142	-13725.9
429	0.000570142	-11380.3
430	0.000570142	-11364.6
431	0.000570142	-11045.2
432	0.000570142	-12087.4
433	0.000570142	-13085.4
434	0.000570142	-13296.6
435	0.000570142	-12634.5
436	0.000570142	-10406.6
437	0.000570142	-11648.2
438	0.000570142	-9920.33
439	0.000570142	-9579.74
440	0.000570142	-11103.5
441	0.000570142	-10962
442	0.000570142	-11127.9
443	0.000570142	-11911.1
444	0.000570142	-13069.5
445	0.000570142	-11758.7
446	0.000570142	-11275.3
447	0.000570142	-11482
448	0.000570142	-10727.5
449	0.000570142	-11195.6
450	0.000570142	-13500.1
451	0.000570142	-11074
452	0.000570142	-11236.4
453	0.000570142	-11033.9
454	0.000570142	-10169.1
455	0.000570142	-11876.7
456	0.000570142	-11985.5
457	0.000570142	-13788
458	0.000570142	-14161.1
459	0.000570142	-12789.8
460	0.000570142	-14169.6
461	0.000570142	-11992.7
462	0.000570142	-11539.9
463	0.000570142	-11328.7
464	0.000570142	-13781.5
465	0.000570142	-11638.4
466	0.000570142	-11982.6
467	0.000570142	-12969.6
468	0.000570142	-12908.5
469	0.000570142	-12442.6
470	0.000570142	-12148.3
471	0.000570142	-13034.5
472	0.000570142	-10614.7
473	0.000570142	-10495.5
474	0.000570142	-11630.7
475	0.000570142	-10338.2
476	0.000570142	-10434.7
477	0.000570142	-10316.6
478	0.000570142	-11248.6
479	0.000570142	-10971.5
480	0.000570142	-10715.7
481	0.000570142	-11296
482	0.000570142	-11419.3
483	0.000570142	-11067.5
484	0.000570142	-11479
485	0.000570142	-12963.5
486	0.000570142	-11867.1
487	0.000570142	-11470
488	0.000570142	-12158
489	0.000570142	-12753.6
490	0.000570142	-12401
491	0.000570142	-11905.5
492	0.000570142	-11632.6
493	0.000570142	-11609.9
494	0.000570142	-12426.1
495	0.000570142	-16498.5
496	0.000570142	-14265
497	0.000570142	-10979.3
498	0.000570142	-9537.24
499	0.000570142	-11621.4
500	0.000570142	-10953.3
501	0.000570142	-14381
502	0.000570142	-11592.3
503	0.000570142	-12233.5
504	0.000570142	-10201.9
505	0.000570142	-11890.2
506	0.000570142	-12710.5
507	0.000570142	-10374.4
508	0.000570142	-11592.3
509	0.000570142	-10622.6
510	0.000570142	-10866.6
511	0.000570142	-10679.4
512	0.000570142	-11655.9
513	0.000570142	-11311.8
514	0.000570142	-10777
515	0.000570142	-14225.8
516	0.000570142	-12081.7
517	0.000570142	-11701.1
518	0.000570142	-10457.5
519	0.000570142	-10588.9
520	0.000570142	-10889.8
521	0.000570142	-10460.9
522	0.000570142	-10447.3
523	0.000570142	-11283.8
524	0.000570142	-10852.5
525	0.000570142	-10923.5
526	0.000570142	-12710.3
527	0.000570142	-11511
528	0.000570142	-11527.6
529	0.000570142	-10531.9
530	0.000570142	-12606.9
531	0.000570142	-11928.5
532	0.000570142	-10739.8
533	0.000570142	-10059.4
534	0.000570142	-10813.1
535	0.000570142	-11430.1
536	0.000570142	-10295.7
537	0.000570142	-9905.61
538	0.000570142	-11707.1
539	0.000570142	-11345.5
540	0.000570142	-12464.3
541	0.000570142	-11664.5
542	0.000570142	-10049.7
543	0.000570142	-10270.5
544	0.000570142	-11632.1
545	0.000570142	-10252.3
546	0.000570142	-12162.2
547	0.000570142	-12214.7
548	0.000570142	-13450
549	0.000570142	-11834.4
550	0.000570142	-11002.9
551	0.000570142	-11053.1
552	0.000570142	-12525.2
553	0.000570142	-12333.8
554	0.000570142	-15778
555	0.000570142	-10819
556	0.000570142	-11309.1
557	0.000570142	-12867
558	0.000570142	-11169.6
559	0.000570142	-10499.8
560	0.000570142	-10238.7
561	0.000570142	-10868.2
562	0.000570142	-10600.7
563	0.000570142	-11494
564	0.000570142	-11510.7
565	0.000570142	-12343.3
566	0.000570142	-10887.3
567	0.000570142	-10978.9
568	0.000570142	-11493.7
569	0.000570142	-10552
570	0.000570142	-10488.2
571	0.000570142	-11517.4
572	0.000570142	-12947.3
573	0.000570142	-10941
574	0.000570142	-10527
575	0.000570142	-10601.6
576	0.000570142	-11063.7
577	0.000570142	-11470.2
578	0.000570142	-10933
579	0.000570142	-11315.5
580	0.000570142	-11392.5
581	0.000570142	-12811.1
582	0.000570142	-10797.4
583	0.000570142	-11013.1
584	0.000570142	-10917.7
585	0.000570142	-12223.6
586	0.000570142	-11144.8
587	0.000570142	-10930.4
588	0.000570142	-10942.1
589	0.000570142	-11354.7
590	0.000570142	-10019.6
591	0.000570142	-11163
592	0.000570142	-10808.2
593	0.000570142	-10557.8
594	0.000570142	-11635.9
595	0.000570142	-11571.5
596	0.000570142	-11579.1
597	0.000570142	-11431.3
598	0.000570142	-12298.9
599	0.000570142	-13537.7
600	0.000570142	-11970
601	0.000570142	-13211.6
602	0.000570142	-12133.2
603	0.000570142	-11403.9
604	0.000570142	-12145.5
605	0.000570142	-10926.2
606	0.000570142	-10789.9
607	0.000570142	-10520.2
608	0.000570142	-10193.1
609	0.000570142	-12110.6
610	0.000570142	-10766.8
611	0.000570142	-11989
612	0.000570142	-10738.1
613	0.000570142	-11731.9
614	0.000570142	-11368.7
615	0.000570142	-12847.4
616	0.000570142	-11631.2
617	0.000570142	-11342.4
618	0.000570142	-12172.1
619	0.000570142	-12277.9
620	0.000570142	-9819.58
621	0.000570142	-11647.5
622	0.000570142	-12760.7
623	0.000570142	-12071.1
624	0.000570142	-12393.6
625	0.000570142	-11647.4
626	0.000570142	-11550.3
627	0.000570142	-10579.7
628	0.000570142	-10574.7
629	0.000570142	-11519.3
630	0.000570142	-11759.3
631	0.000570142	-13785.6
632	0.000570142	-13736.2
633	0.000570142	-13437.3
634	0.000570142	-11632.2
635	0.000570142	-11897.1
636	0.000570142	-13371
637	0.000570142	-13684.9
638	0.000570142	-12542.9
639	0.000570142	-11865
640	0.000570142	-10939.7
641	0.000570142	-10926.7
642	0.000570142	-10398.3
643	0.000570142	-10593.8
644	0.000570142	-10369.1
645	0.000570142	-10543.4
646	0.000570142	-12054.7
647	0.000570142	-10228.5
648	0.000570142	-10996.1
649	0.000570142	-10280.4
650	0.000570142	-11376.4
651	0.000570142	-13466.4
652	0.000570142	-11410.8
653	0.000570142	-12106.5
654	0.000570142	-12406.9
655	0.000570142	-14976.2
656	0.000570142	-12869
657	0.000570142	-11075.9
658	0.000570142	-13165
659	0.000570142	-12991.7
660	0.000570142	-10442.8
661	0.000570142	-12269.8
662	0.000570142	-12648.4
663	0.000570142	-9981.12
664	0.000570142	-9726.05
665	0.000570142	-12014.8
666	0.000570142	-11387.9
667	0.000570142	-10832.2
668	0.000570142	-11393.1
669	0.000570142	-14042.4
670	0.000570142	-14646.5
671	0.000570142	-10466.1
672	0.000570142	-15517.2
673	0.000570142	-12987.6
674	0.000570142	-12330.9
675	0.000570142	-11568.2
676	0.000570142	-10741.3
677	0.000570142	-11723.3
678	0.000570142	-14453.6
679	0.000570142	-12848
680	0.000570142	-12712.1
681	0.000570142	-11636.4
682	0.000570142	-11059.6
683	0.000570142	-10688.4
684	0.000570142	-11466.7
685	0.000570142	-10743.5
686	0.000570142	-10076.2
687	0.000570142	-11041.4
688	0.000570142	-10828.1
689	0.000570142	-10128.6
690	0.000570142	-10381
691	0.000570142	-11243
692	0.000570142	-11279.9
693	0.000570142	-11285.5
694	0.000570142	-11462.2
695	0.000570142	-11878.8
696	0.000570142	-12392.9
697	0.000570142	-12267.4
698	0.000570142	-11215.9
699	0.000570142	-10928.6
700	0.000570142	-11527.4
701	0.000570142	-11251.3
702	0.000570142	-10982.7
703	0.000570142	-11229
704	0.000570142	-13636.3
705	0.000570142	-12783.8
706	0.000570142	-12966.1
707	0.000570142	-12045.4
708	0.000570142	-13281.1
709	0.000570142	-11207.7
710	0.000570142	-10960.7
711	0.000570142	-11059.2
712	0.000570142	-10987.3
713	0.000570142	-11486.7
714	0.000570142	-10959.6
715	0.000570142	-12106.3
716	0.000570142	-10184.6
717	0.000570142	-9843.58
718	0.000570142	-10720.5
719	0.000570142	-11866.4
720	0.000570142	-11707.2
721	0.000570142	-10846.4
722	0.000570142	-9984.23
723	0.000570142	-10719.3
724	0.000570142	-10591.1
725	0.000570142	-10544.2
726	0.000570142	-11864.8
727	0.000570142	-10297.2
728	0.000570142	-10664.7
729	0.000570142	-10750.2
730	0.000570142	-11227.2
731	0.000570142	-10669.1
732	0.000570142	-10891.8
733	0.000570142	-11885.5
734	0.000570142	-10666.3
735	0.000570142	-10604.8
736	0.000570142	-12536.3
737	0.000570142	-11862.8
738	0.000570142	-12067.1
739	0.000570142	-13279.5
740	0.000570142	-12203.1
741	0.000570142	-11414.8
742	0.000570142	-10477.8
743	0.000570142	-10483.6
744	0.000570142	-11319.8
745	0.000570142	-11500.8
746	0.000570142	-11032.6
747	0.000570142	-12060.5
748	0.000570142	-11970.8
749	0.000570142	-11550.4
750	0.000570142	-10997.3
751	0.000570142	-12264.2
752	0.000570142	-10495.7
753	0.000570142	-10072.7
754	0.000570142	-10474.6
755	0.000570142	-11189.7
756	0.000570142	-10146
757	0.000570142	-13333.1
758	0.000570142	-13834.2
759	0.000570142	-12899.2
760	0.000570142	-11342.2
761	0.000570142	-12107.4
762	0.000570142	-10568.6
763	0.000570142	-9777.17
764	0.000570142	-10736.3
765	0.000570142	-12612.8
766	0.000570142	-11486.4
767	0.000570142	-10573.3
768	0.000570142	-11604.6
769	0.000570142	-12544.7
770	0.000570142	-12398
771	0.000570142	-11177.8
772	0.000570142	-11448.9
773	0.000570142	-11926
774	0.000570142	-11954.6
775	0.000570142	-11335.3
776	0.000570142	-10840.7
777	0.000570142	-10428
778	0.000570142	-13544.4
779	0.000570142	-15116.8
780	0.000570142	-10796.7
781	0.000570142	-10916.2
782	0.000570142	-12623.6
783	0.000570142	-12980.3
784	0.000570142	-11577.7
785	0.000570142	-10807.4
786	0.000570142	-11043.3
787	0.000570142	-11551.4
788	0.000570142	-12559
789	0.000570142	-13567
790	0.000570142	-13325
791	0.000570142	-12766.7
792	0.000570142	-13865.8
793	0.000570142	-13929.2
794	0.000570142	-11326.4
795	0.000570142	-10424.8
796	0.000570142	-10807.1
797	0.000570142	-10237.6
798	0.000570142	-9796.76
799	0.000570142	-12127.3
800	0.000570142	-12152.3
801	0.000570142	-11644.9
802	0.000570142	-11293.2
803	0.000570142	-11131.9
804	0.000570142	-10208.1
805	0.000570142	-10586.9
806	0.000570142	-9988.42
807	0.000570142	-12227
808	0.000570142	-12636.7
809	0.000570142	-11264.4
810	0.000570142	-13065.6
811	0.000570142	-11717.3
812	0.000570142	-12068.3
813	0.000570142	-11554.8
814	0.000570142	-13178.8
815	0.000570142	-11830.5
816	0.000570142	-11123.3
817	0.000570142	-10008.7
818	0.000570142	-11294.5
819	0.000570142	-11456.9
820	0.000570142	-14563.2
821	0.000570142	-11732.9
822	0.000570142	-11970.9
823	0.000570142	-11862
824	0.000570142	-12513.1
825	0.000570142	-13807.8
826	0.000570142	-12282.4
827	0.000570142	-10833.4
828	0.000570142	-11334.4
829	0.000570142	-11162.4
830	0.000570142	-11826.3
831	0.000570142	-10555.6
832	0.000570142	-11651.4
833	0.000570142	-10847.9
834	0.000570142	-10146.3
835	0.000570142	-10991.8
836	0.000570142	-11510
837	0.000570142	-12210.1
838	0.000570142	-11739.5
839	0.000570142	-11461.2
840	0.000570142	-11934.5
841	0.000570142	-10586.3
842	0.000570142	-11700.2
843	0.000570142	-11009.3
844	0.000570142	-13355.9
845	0.000570142	-13754.8
846	0.000570142	-12149.5
847	0.000570142	-14979.7
848	0.000570142	-11233
849	0.000570142	-11404.4
850	0.000570142	-11065.2
851	0.000570142	-10428.2
852	0.000570142	-11303.1
853	0.000570142	-11571.8
854	0.000570142	-10540.1
855	0.000570142	-10662.7
856	0.000570142	-10619.7
857	0.000570142	-10683.1
858	0.000570142	-11534.6
859	0.000570142	-11507.3
860	0.000570142	-11350.5
861	0.000570142	-10857.3
862	0.000570142	-12183
863	0.000570142	-13288
864	0.000570142	-12557.8
865	0.000570142	-12458.5
866	0.000570142	-10618.4
867	0.000570142	-12581.7
868	0.000570142	-12348.5
869	0.000570142	-13841.5
870	0.000570142	-13292.5
871	0.000570142	-11862.5
872	0.000570142	-11148.2
873	0.000570142	-12256.6
874	0.000570142	-11550.2
875	0.000570142	-11571.1
876	0.000570142	-11152.6
877	0.000570142	-10323.2
878	0.000570142	-11076
879	0.000570142	-12127.9
880	0.000570142	-11635.8
881	0.000570142	-11566.2
882	0.000570142	-10853.8
883	0.000570142	-12444.7
884	0.000570142	-12822.5
885	0.000570142	-11884.7
886	0.000570142	-11244.1
887	0.000570142	-11056.5
888	0.000570142	-11702.8
889	0.000570142	-10794.9
890	0.000570142	-11378.8
891	0.000570142	-10337.9
892	0.000570142	-10154.4
893	0.000570142	-11442.5
894	0.000570142	-10868
895	0.000570142	-9868.76
896	0.000570142	-14272.1
897	0.000570142	-14475.6
898	0.000570142	-14792.1
899	0.000570142	-11516.8
900	0.000570142	-10862.9
901	0.000570142	-10852.8
902	0.000570142	-11423.3
903	0.000570142	-10915.9
904	0.000570142	-11167.8
905	0.000570142	-14035.6
906	0.000570142	-13664.3
907	0.000570142	-11449.6
908	0.000570142	-11654.9
909	0.000570142	-10954.2
910	0.000570142	-12543.8
911	0.000570142	-11324.7
912	0.000570142	-12688.5
913	0.000570142	-11148.7
914	0.000570142	-11912.7
915	0.000570142	-11214
916	0.000570142	-12175.6
917	0.000570142	-13667.9
918	0.000570142	-10708.2
919	0.000570142	-11388.1
920	0.000570142	-12195.7
921	0.000570142	-11992.8
922	0.000570142	-10979.7
923	0.000570142	-10437.4
924	0.000570142	-10956.5
925	0.000570142	-10848
926	0.000570142	-11061.5
927	0.000570142	-12192.6
928	0.000570142	-10307.2
929	0.000570142	-11857.8
930	0.000570142	-11596.8
931	0.000570142	-11737.7
932	0.000570142	-10270
933	0.000570142	-9998.82
934	0.000570142	-10365
935	0.000570142	-11434.9
936	0.000570142	-11668.2
937	0.000570142	-11978.9
938	0.000570142	-11821
939	0.000570142	-10553
940	0.000570142	-9812.19
941	0.000570142	-10735.8
942	0.000570142	-12033.8
943	0.000570142	-11795.5
944	0.000570142	-13104.1
945	0.000570142	-12279.5
946	0.000570142	-11382
947	0.000570142	-11228.9
948	0.000570142	-11630.2
949	0.000570142	-9972.88
950	0.000570142	-10968.5
951	0.000570142	-11012.4
952	0.000570142	-12594.9
953	0.000570142	-10561.7
954	0.000570142	-10833.6
955	0.000570142	-10732.4
956	0.000570142	-11930.4
957	0.000570142	-10853.9
958	0.000570142	-10613.3
959	0.000570142	-13333.5
960	0.000570142	-13527.2
961	0.000570142	-14494.5
962	0.000570142	-10769.5
963	0.000570142	-10857.1
964	0.000570142	-10870
965	0.000570142	-12885
966	0.000570142	-12477
967	0.000570142	-11260
968	0.000570142	-11052.9
969	0.000570142	-11505.8
970	0.000570142	-11124.8
971	0.000570142	-13067.8
972	0.000570142	-12448.2
973	0.000570142	-12757.4
974	0.000570142	-12545.3
975	0.000570142	-11688.2
976	0.000570142	-10791.4
977	0.000570142	-12571.4
978	0.000570142	-10702.4
979	0.000570142	-10299.5
980	0.000570142	-11271.9
981	0.000570142	-11633.9
982	0.000570142	-11341.2
983	0.000570142	-12235.7
984	0.000570142	-12221.6
985	0.000570142	-11318.5
986	0.000570142	-11258
987	0.000570142	-10760.9
988	0.000570142	-10966
989	0.000570142	-12572.2
990	0.000570142	-11631
991	0.000570142	-10911.7
992	0.000570142	-10727
993	0.000570142	-10752.9
994	0.000570142	-10812.8
995	0.000570142	-11578.3
996	0.000570142	-12167.6
997	0.000570142	-11743.5
998	0.000570142	-10843.9
999	0.000570142	-10997.8
1000	0.000570142	-11290.6
251	0.000354013	-10678.5
252	0.000354013	-11838.5
253	0.000354013	-13122.2
254	0.000354013	-13083.1
255	0.000354013	-13294.7
256	0.000354013	-12681.2
257	0.000354013	-12596.4
258	0.000354013	-12986.9
259	0.000354013	-12582.9
260	0.000354013	-12493
261	0.000354013	-11987
262	0.000354013	-12225.9
263	0.000354013	-10904.2
264	0.000354013	-12675.4
265	0.000354013	-11314.9
266	0.000354013	-12452.3
267	0.000354013	-11336.4
268	0.000354013	-11090.9
269	0.000354013	-11716.7
270	0.000354013	-10297.4
271	0.000354013	-11188.2
272	0.000354013	-11559.6
273	0.000354013	-11483.1
274	0.000354013	-11215.5
275	0.000354013	-13124.5
276	0.000354013	-9904.78
277	0.000354013	-12215.5
278	0.000354013	-11967
279	0.000354013	-12879.1
280	0.000354013	-11608.4
281	0.000354013	-12078
282	0.000354013	-12089.3
283	0.000354013	-10989.3
284	0.000354013	-12117.6
285	0.000354013	-12733.3
286	0.000354013	-13097.2
287	0.000354013	-13495.9
288	0.000354013	-13109.7
289	0.000354013	-11934.2
290	0.000354013	-11102.4
291	0.000354013	-11824.2
292	0.000354013	-12345.3
293	0.000354013	-12751.8
294	0.000354013	-11210
295	0.000354013	-11067
296	0.000354013	-11753.8
297	0.000354013	-13057.4
298	0.000354013	-10379.7
299	0.000354013	-11007
300	0.000354013	-12887.8
301	0.000354013	-12631
302	0.000354013	-12938.3
303	0.000354013	-12624.4
304	0.000354013	-11351.7
305	0.000354013	-10042.9
306	0.000354013	-11165
307	0.000354013	-13626.7
308	0.000354013	-11619.2
309	0.000354013	-12884.5
310	0.000354013	-12060.5
311	0.000354013	-11041.4
312	0.000354013	-11308.4
313	0.000354013	-11801.9
314	0.000354013	-12389.5
315	0.000354013	-14928
316	0.000354013	-14492.6
317	0.000354013	-14582.9
318	0.000354013	-12288.6
319	0.000354013	-11681.1
320	0.000354013	-11302.2
321	0.000354013	-11891.8
322	0.000354013	-11456.2
323	0.000354013	-11006.5
324	0.000354013	-11190.4
325	0.000354013	-13384.3
326	0.000354013	-12382.1
327	0.000354013	-13336.4
328	0.000354013	-10695.6
329	0.000354013	-12317
330	0.000354013	-11485.3
331	0.000354013	-12901.4
332	0.000354013	-11200.4
333	0.000354013	-10913.6
334	0.000354013	-11528.5
335	0.000354013	-12875.6
336	0.000354013	-11232.2
337	0.000354013	-12609.8
338	0.000354013	-11517
339	0.000354013	-11630.9
340	0.000354013	-11945.5
341	0.000354013	-12386
342	0.000354013	-13480.1
343	0.000354013	-9972.13
344	0.000354013	-10807.9
345	0.000354013	-12761
346	0.000354013	-12446.2
347	0.000354013	-12291.9
348	0.000354013	-11570.2
349	0.000354013	-11465.2
350	0.000354013	-10761.3
351	0.000354013	-11295.9
352	0.000354013	-11811.4
353	0.000354013	-10886.9
354	0.000354013	-10629
355	0.000354013	-10448.5
356	0.000354013	-13418.8
357	0.000354013	-12332.3
358	0.000354013	-12845
359	0.000354013	-13237.4
360	0.000354013	-13084.7
361	0.000354013	-10653.5
362	0.000354013	-11543.7
363	0.000354013	-10873
364	0.000354013	-10976.9
365	0.000354013	-10754.2
366	0.000354013	-10373.7
367	0.000354013	-11644.1
368	0.000354013	-11221.4
369	0.000354013	-11729.4
370	0.000354013	-11730.7
371	0.000354013	-12409.8
372	0.000354013	-12800.9
373	0.000354013	-11231.6
374	0.000354013	-11028.1
375	0.000354013	-11986
376	0.000354013	-12373.1
377	0.000354013	-10492.2
378	0.000354013	-10345
379	0.000354013	-10450.3
380	0.000354013	-10460.2
381	0.000354013	-10836.9
382	0.000354013	-14184
383	0.000354013	-12275.3
384	0.000354013	-11876
385	0.000354013	-10841.2
386	0.000354013	-11584
387	0.000354013	-12517.5
388	0.000354013	-13497.2
389	0.000354013	-13301
390	0.000354013	-12357.4
391	0.000354013	-10992.7
392	0.000354013	-10947.8
393	0.000354013	-11324
394	0.000354013	-10481.2
395	0.000354013	-10646.8
396	0.000354013	-10204.2
397	0.000354013	-13161.7
398	0.000354013	-10757.7
399	0.000354013	-11499.7
400	0.000354013	-9578.97
401	0.000354013	-10412.9
402	0.000354013	-11360.9
403	0.000354013	-10538.8
404	0.000354013	-11980.5
405	0.000354013	-11123.2
406	0.000354013	-12159.4
407	0.000354013	-10475.3
408	0.000354013	-13251.5
409	0.000354013	-11120.7
410	0.000354013	-13402.1
411	0.000354013	-10271.6
412	0.000354013	-11666.6
413	0.000354013	-11800.7
414	0.000354013	-11982.2
415	0.000354013	-10479.4
416	0.000354013	-10494.5
417	0.000354013	-12178.4
418	0.000354013	-12520.4
419	0.000354013	-13708.5
420	0.000354013	-13645.1
421	0.000354013	-12544.9
422	0.000354013	-12165.2
423	0.000354013	-12096.8
424	0.000354013	-12105.6
425	0.000354013	-12707.7
426	0.000354013	-10334.1
427	0.000354013	-11746.4
428	0.000354013	-12073.6
429	0.000354013	-13296
430	0.000354013	-12178.9
431	0.000354013	-11860.3
432	0.000354013	-14462
433	0.000354013	-14271.7
434	0.000354013	-17201.1
435	0.000354013	-14713.3
436	0.000354013	-14253
437	0.000354013	-13170.5
438	0.000354013	-13864.3
439	0.000354013	-12276.1
440	0.000354013	-12336.7
441	0.000354013	-12609.6
442	0.000354013	-11793.8
443	0.000354013	-10704.1
444	0.000354013	-11629.3
445	0.000354013	-13108.1
446	0.000354013	-15048.7
447	0.000354013	-13320.2
448	0.000354013	-12094.4
449	0.000354013	-12541.3
450	0.000354013	-12931.6
451	0.000354013	-14553
452	0.000354013	-11576.9
453	0.000354013	-13711.6
454	0.000354013	-14393.2
455	0.000354013	-14262.8
456	0.000354013	-12313
457	0.000354013	-11392.2
458	0.000354013	-11499.1
459	0.000354013	-13080
460	0.000354013	-11441.5
461	0.000354013	-10882.5
462	0.000354013	-10856.9
463	0.000354013	-11796.4
464	0.000354013	-11627
465	0.000354013	-10506.3
466	0.000354013	-13047.3
467	0.000354013	-12862.2
468	0.000354013	-12658.1
469	0.000354013	-11744.3
470	0.000354013	-12604
471	0.000354013	-13700.4
472	0.000354013	-12998.3
473	0.000354013	-13242.2
474	0.000354013	-12134.5
475	0.000354013	-13236.4
476	0.000354013	-11341.3
477	0.000354013	-10469.9
478	0.000354013	-10917.9
479	0.000354013	-11462.4
480	0.000354013	-11755.4
481	0.000354013	-10429.1
482	0.000354013	-11591.2
483	0.000354013	-12942.4
484	0.000354013	-13480.5
485	0.000354013	-14527.7
486	0.000354013	-10063.4
487	0.000354013	-11021.8
488	0.000354013	-11039.8
489	0.000354013	-11366.9
490	0.000354013	-11794.7
491	0.000354013	-15786.8
492	0.000354013	-12969.6
493	0.000354013	-11539.3
494	0.000354013	-11503.9
495	0.000354013	-11295.8
496	0.000354013	-10984
497	0.000354013	-10278.2
498	0.000354013	-10711.2
499	0.000354013	-11554.2
500	0.000354013	-11533.7
501	0.000354013	-13320.2
502	0.000354013	-13590.7
503	0.000354013	-12036.2
504	0.000354013	-12742.7
505	0.000354013	-12418.2
506	0.000354013	-10643.8
507	0.000354013	-11717.3
508	0.000354013	-12298.2
509	0.000354013	-14175.1
510	0.000354013	-13254.9
511	0.000354013	-11320
512	0.000354013	-11996.7
513	0.000354013	-12401.7
514	0.000354013	-11162.2
515	0.000354013	-10956.2
516	0.000354013	-11086.4
517	0.000354013	-11123.1
518	0.000354013	-10138.5
519	0.000354013	-10523.7
520	0.000354013	-12626.5
521	0.000354013	-12355.5
522	0.000354013	-10835.1
523	0.000354013	-10804.2
524	0.000354013	-11812.5
525	0.000354013	-13786
526	0.000354013	-12528.8
527	0.000354013	-10625.7
528	0.000354013	-12017.4
529	0.000354013	-12950.6
530	0.000354013	-12150.2
531	0.000354013	-10955.4
532	0.000354013	-12146.9
533	0.000354013	-11993.2
534	0.000354013	-10837.7
535	0.000354013	-11387.6
536	0.000354013	-10791.6
537	0.000354013	-10948.7
538	0.000354013	-11303.9
539	0.000354013	-10670.4
540	0.000354013	-10265.5
541	0.000354013	-11906.2
542	0.000354013	-10773.8
543	0.000354013	-10635.4
544	0.000354013	-12787.7
545	0.000354013	-11339.6
546	0.000354013	-10564.5
547	0.000354013	-11816.1
548	0.000354013	-13355.1
549	0.000354013	-12188.2
550	0.000354013	-13596.3
551	0.000354013	-13674.3
552	0.000354013	-11378.6
553	0.000354013	-11404.5
554	0.000354013	-13476.3
555	0.000354013	-11031.4
556	0.000354013	-12005.5
557	0.000354013	-13299.4
558	0.000354013	-10668.7
559	0.000354013	-10856
560	0.000354013	-11278.3
561	0.000354013	-11694.1
562	0.000354013	-10623.9
563	0.000354013	-10557.4
564	0.000354013	-11648.3
565	0.000354013	-13696.5
566	0.000354013	-13941.3
567	0.000354013	-10629.3
568	0.000354013	-12994.5
569	0.000354013	-11639.7
570	0.000354013	-11469.3
571	0.000354013	-12931.3
572	0.000354013	-12379.5
573	0.000354013	-12884.3
574	0.000354013	-12879.8
575	0.000354013	-13626.3
576	0.000354013	-11745.2
577	0.000354013	-10554.8
578	0.000354013	-10453.2
579	0.000354013	-11849.3
580	0.000354013	-10646.1
581	0.000354013	-10627.9
582	0.000354013	-11076.4
583	0.000354013	-11403.1
584	0.000354013	-13588.5
585	0.000354013	-12172.4
586	0.000354013	-15455.5
587	0.000354013	-13004.5
588	0.000354013	-12446.8
589	0.000354013	-11914.1
590	0.000354013	-10904.9
591	0.000354013	-12002.5
592	0.000354013	-11746.4
593	0.000354013	-10857.1
594	0.000354013	-12583.8
595	0.000354013	-13236.1
596	0.000354013	-13238.2
597	0.000354013	-12912.2
598	0.000354013	-11534.5
599	0.000354013	-11702.1
600	0.000354013	-11755.1
601	0.000354013	-11428.3
602	0.000354013	-10902.1
603	0.000354013	-11289
604	0.000354013	-11387.8
605	0.000354013	-11272.7
606	0.000354013	-12673
607	0.000354013	-12801.5
608	0.000354013	-12374.1
609	0.000354013	-12132.3
610	0.000354013	-12527.7
611	0.000354013	-11146.3
612	0.000354013	-10012.4
613	0.000354013	-13566.1
614	0.000354013	-12578.3
615	0.000354013	-13088.6
616	0.000354013	-11901.7
617	0.000354013	-12000.1
618	0.000354013	-10867.9
619	0.000354013	-11084.4
620	0.000354013	-12268.5
621	0.000354013	-11412.1
622	0.000354013	-13093.4
623	0.000354013	-12072.4
624	0.000354013	-12276.2
625	0.000354013	-13312.4
626	0.000354013	-12022.7
627	0.000354013	-10281.5
628	0.000354013	-9901.49
629	0.000354013	-13285.1
630	0.000354013	-12253.5
631	0.000354013	-13609
632	0.000354013	-13035.2
633	0.000354013	-11450.5
634	0.000354013	-12262.8
635	0.000354013	-13832.2
636	0.000354013	-12690.6
637	0.000354013	-12925.1
638	0.000354013	-10702.9
639	0.000354013	-10316
640	0.000354013	-11609.1
641	0.000354013	-11158.9
642	0.000354013	-11003.6
643	0.000354013	-13615.4
644	0.000354013	-13656.7
645	0.000354013	-12547.8
646	0.000354013	-11504.4
647	0.000354013	-9865.53
648	0.000354013	-12978.8
649	0.000354013	-12742.1
650	0.000354013	-13164.4
651	0.000354013	-13770.4
652	0.000354013	-12382.8
653	0.000354013	-11646.9
654	0.000354013	-12630.4
655	0.000354013	-12982.3
656	0.000354013	-13431.9
657	0.000354013	-11954.5
658	0.000354013	-12073.4
659	0.000354013	-12174.5
660	0.000354013	-10790.5
661	0.000354013	-12770.3
662	0.000354013	-11782.9
663	0.000354013	-11755.5
664	0.000354013	-13119.5
665	0.000354013	-11258.1
666	0.000354013	-12300.2
667	0.000354013	-12620.7
668	0.000354013	-10952.5
669	0.000354013	-10499.7
670	0.000354013	-11247.4
671	0.000354013	-10723
672	0.000354013	-14315.6
673	0.000354013	-13131.6
674	0.000354013	-12608.4
675	0.000354013	-11010.5
676	0.000354013	-10495
677	0.000354013	-11127.7
678	0.000354013	-15231.5
679	0.000354013	-11183
680	0.000354013	-10873.6
681	0.000354013	-11039.1
682	0.000354013	-9858.16
683	0.000354013	-11846.4
684	0.000354013	-12052.4
685	0.000354013	-11714.7
686	0.000354013	-13328.4
687	0.000354013	-10414.4
688	0.000354013	-11064.8
689	0.000354013	-10980.3
690	0.000354013	-12008.3
691	0.000354013	-12795.6
692	0.000354013	-12073.1
693	0.000354013	-12543.4
694	0.000354013	-14221
695	0.000354013	-15120
696	0.000354013	-12318.3
697	0.000354013	-12810.6
698	0.000354013	-12076.9
699	0.000354013	-12886.4
700	0.000354013	-12281.3
701	0.000354013	-13057.4
702	0.000354013	-12447.5
703	0.000354013	-12416.8
704	0.000354013	-12721.8
705	0.000354013	-12239.4
706	0.000354013	-10613.4
707	0.000354013	-10383
708	0.000354013	-12323.7
709	0.000354013	-12040.3
710	0.000354013	-11909.5
711	0.000354013	-11530.2
712	0.000354013	-13710.4
713	0.000354013	-13282.2
714	0.000354013	-13460.5
715	0.000354013	-11725.4
716	0.000354013	-10623.4
717	0.000354013	-11360.6
718	0.000354013	-12127.7
719	0.000354013	-11757.1
720	0.000354013	-10983.4
721	0.000354013	-11038.7
722	0.000354013	-10878.7
723	0.000354013	-12656.6
724	0.000354013	-12612.9
725	0.000354013	-15500.2
726	0.000354013	-11780.5
727	0.000354013	-13771.9
728	0.000354013	-14233.4
729	0.000354013	-14819.9
730	0.000354013	-12319.7
731	0.000354013	-11982
732	0.000354013	-12171.5
733	0.000354013	-14257.9
734	0.000354013	-14385.7
735	0.000354013	-13445.6
736	0.000354013	-12351.4
737	0.000354013	-11113.8
738	0.000354013	-12229.6
739	0.000354013	-11475.8
740	0.000354013	-12019.4
741	0.000354013	-11487.4
742	0.000354013	-12369.6
743	0.000354013	-15449.6
744	0.000354013	-14539
745	0.000354013	-11563.7
746	0.000354013	-11325.6
747	0.000354013	-11731.7
748	0.000354013	-10485.4
749	0.000354013	-11375.2
750	0.000354013	-10054.5
751	0.000354013	-10176.8
752	0.000354013	-11631.5
753	0.000354013	-11866.2
754	0.000354013	-11125.2
755	0.000354013	-10630.1
756	0.000354013	-11100
757	0.000354013	-11121.3
758	0.000354013	-10859.2
759	0.000354013	-13023.1
760	0.000354013	-13870.7
761	0.000354013	-13192.1
762	0.000354013	-13213.8
763	0.000354013	-14144.8
764	0.000354013	-11486.6
765	0.000354013	-10810.9
766	0.000354013	-13490.8
767	0.000354013	-10753.9
768	0.000354013	-11442.4
769	0.000354013	-10744
770	0.000354013	-10973.2
771	0.000354013	-11590.8
772	0.000354013	-10121.1
773	0.000354013	-12406.1
774	0.000354013	-11233.8
775	0.000354013	-12283.9
776	0.000354013	-15522.1
777	0.000354013	-11801.4
778	0.000354013	-11730.4
779	0.000354013	-13198
780	0.000354013	-13314.1
781	0.000354013	-11797
782	0.000354013	-11746
783	0.000354013	-11810.3
784	0.000354013	-11533.2
785	0.000354013	-15540.2
786	0.000354013	-12322
787	0.000354013	-11827.3
788	0.000354013	-11547.7
789	0.000354013	-10847
790	0.000354013	-11344.1
791	0.000354013	-13018.4
792	0.000354013	-17095.3
793	0.000354013	-13987.6
794	0.000354013	-14070.5
795	0.000354013	-13095.4
796	0.000354013	-14438
797	0.000354013	-11153.5
798	0.000354013	-12503.3
799	0.000354013	-12863.4
800	0.000354013	-14022.7
801	0.000354013	-13217.4
802	0.000354013	-13732.7
803	0.000354013	-12906.7
804	0.000354013	-11384.4
805	0.000354013	-12728.2
806	0.000354013	-13334.2
807	0.000354013	-11583.2
808	0.000354013	-11856.1
809	0.000354013	-11769.8
810	0.000354013	-10075.3
811	0.000354013	-11392.7
812	0.000354013	-11835.2
813	0.000354013	-10705.6
814	0.000354013	-11913.8
815	0.000354013	-10893.7
816	0.000354013	-10275.8
817	0.000354013	-11533.1
818	0.000354013	-13253
819	0.000354013	-12923.5
820	0.000354013	-12763.1
821	0.000354013	-13424.4
822	0.000354013	-13513.9
823	0.000354013	-12488.1
824	0.000354013	-11516.2
825	0.000354013	-11467.5
826	0.000354013	-10440.7
827	0.000354013	-10196.8
828	0.000354013	-10763.6
829	0.000354013	-10750.1
830	0.000354013	-10895.4
831	0.000354013	-12736
832	0.000354013	-11906.1
833	0.000354013	-13283.8
834	0.000354013	-11943.7
835	0.000354013	-15272.5
836	0.000354013	-12879.6
837	0.000354013	-11980.4
838	0.000354013	-13957.7
839	0.000354013	-12112.8
840	0.000354013	-12314.6
841	0.000354013	-14356.6
842	0.000354013	-11237.3
843	0.000354013	-11129.9
844	0.000354013	-10283.6
845	0.000354013	-10966.2
846	0.000354013	-12520.4
847	0.000354013	-12739.2
848	0.000354013	-12848.3
849	0.000354013	-11020.1
850	0.000354013	-10137.2
851	0.000354013	-9587.08
852	0.000354013	-11868.8
853	0.000354013	-13517.4
854	0.000354013	-13432.5
855	0.000354013	-10793.1
856	0.000354013	-13214.9
857	0.000354013	-12568.6
858	0.000354013	-10940.7
859	0.000354013	-10533.6
860	0.000354013	-11959.2
861	0.000354013	-11369.3
862	0.000354013	-11756.4
863	0.000354013	-10464.4
864	0.000354013	-10968.8
865	0.000354013	-10668
866	0.000354013	-11451.2
867	0.000354013	-10723.8
868	0.000354013	-10707.3
869	0.000354013	-11261.7
870	0.000354013	-11602.6
871	0.000354013	-10692.9
872	0.000354013	-12201.4
873	0.000354013	-12488.2
874	0.000354013	-10806.7
875	0.000354013	-12208.5
876	0.000354013	-10945.7
877	0.000354013	-11162.9
878	0.000354013	-10303
879	0.000354013	-10990.1
880	0.000354013	-12931
881	0.000354013	-13131.4
882	0.000354013	-11487.4
883	0.000354013	-10330.8
884	0.000354013	-10651.9
885	0.000354013	-11110.4
886	0.000354013	-12755.9
887	0.000354013	-12414.3
888	0.000354013	-12911.8
889	0.000354013	-12885.2
890	0.000354013	-13005.1
891	0.000354013	-12896.3
892	0.000354013	-13140
893	0.000354013	-13683.1
894	0.000354013	-13141.9
895	0.000354013	-12387.7
896	0.000354013	-12504.1
897	0.000354013	-11225.1
898	0.000354013	-11865.7
899	0.000354013	-11867.6
900	0.000354013	-11493.2
901	0.000354013	-10664.2
902	0.000354013	-11473.7
903	0.000354013	-10493.3
904	0.000354013	-13248.1
905	0.000354013	-12501.6
906	0.000354013	-10846.9
907	0.000354013	-11214.1
908	0.000354013	-11951
909	0.000354013	-11577.9
910	0.000354013	-11600.1
911	0.000354013	-11258.9
912	0.000354013	-10448.6
913	0.000354013	-13631.7
914	0.000354013	-14071.5
915	0.000354013	-14105.8
916	0.000354013	-14488.6
917	0.000354013	-15094.3
918	0.000354013	-13943.9
919	0.000354013	-10661
920	0.000354013	-13153.7
921	0.000354013	-12097.1
922	0.000354013	-11594.7
923	0.000354013	-11902.6
924	0.000354013	-11587.1
925	0.000354013	-12291.9
926	0.000354013	-11905.5
927	0.000354013	-12778.8
928	0.000354013	-13465.7
929	0.000354013	-11468.3
930	0.000354013	-11465
931	0.000354013	-11671.6
932	0.000354013	-11303.5
933	0.000354013	-11599.8
934	0.000354013	-13447.9
935	0.000354013	-12901
936	0.000354013	-14798.8
937	0.000354013	-13713.5
938	0.000354013	-11616.1
939	0.000354013	-11782.2
940	0.000354013	-10673.4
941	0.000354013	-12128.6
942	0.000354013	-12659.2
943	0.000354013	-10587.1
944	0.000354013	-13936.2
945	0.000354013	-13812.1
946	0.000354013	-13449.4
947	0.000354013	-16118.6
948	0.000354013	-16624.7
949	0.000354013	-12173.4
950	0.000354013	-11279
951	0.000354013	-12596.9
952	0.000354013	-12518.9
953	0.000354013	-12244.1
954	0.000354013	-13238.4
955	0.000354013	-12042.8
956	0.000354013	-11076.4
957	0.000354013	-12131
958	0.000354013	-12355.6
959	0.000354013	-12212.9
960	0.000354013	-12931.9
961	0.000354013	-11147.9
962	0.000354013	-11585.2
963	0.000354013	-12535.7
964	0.000354013	-12455.7
965	0.000354013	-13292
966	0.000354013	-11510
967	0.000354013	-12105.1
968	0.000354013	-12980.3
969	0.000354013	-11635.2
970	0.000354013	-12117.3
971	0.000354013	-12423.3
972	0.000354013	-14145.4
973	0.000354013	-12093.3
974	0.000354013	-15636.8
975	0.000354013	-13246.6
976	0.000354013	-14126.7
977	0.000354013	-14200.8
978	0.000354013	-11875.4
979	0.000354013	-9994.91
980	0.000354013	-11401.2
981	0.000354013	-12932.2
982	0.000354013	-10129.2
983	0.000354013	-12224.4
984	0.000354013	-12400.8
985	0.000354013	-13057.9
986	0.000354013	-13513.1
987	0.000354013	-13101.9
988	0.000354013	-14581.4
989	0.000354013	-14236.4
990	0.000354013	-13433.7
991	0.000354013	-10234.6
992	0.000354013	-10708.2
993	0.000354013	-14631.1
994	0.000354013	-15624.1
995	0.000354013	-12041.9
996	0.000354013	-11843.5
997	0.000354013	-12006.4
998	0.000354013	-11664.4
999	0.000354013	-11110.6
1000	0.000354013	-10734.8
251	0.000209041	-12188.8
252	0.000209041	-10965.5
253	0.000209041	-12113.2
254	0.000209041	-11266
255	0.000209041	-11549
256	0.000209041	-11837.5
257	0.000209041	-11438.5
258	0.000209041	-11981.3
259	0.000209041	-11722.7
260	0.000209041	-12042.1
261	0.000209041	-12961
262	0.000209041	-11924.4
263	0.000209041	-13353.7
264	0.000209041	-13042.1
265	0.000209041	-10923.9
266	0.000209041	-12610.2
267	0.000209041	-10247.7
268	0.000209041	-11676.4
269	0.000209041	-11376.2
270	0.000209041	-12144.5
271	0.000209041	-11876.8
272	0.000209041	-11629
273	0.000209041	-11131.5
274	0.000209041	-11204.2
275	0.000209041	-11352.2
276	0.000209041	-12430.5
277	0.000209041	-13081.7
278	0.000209041	-12949.4
279	0.000209041	-11239.7
280	0.000209041	-11780.9
281	0.000209041	-11419.9
282	0.000209041	-12301.5
283	0.000209041	-11444.5
284	0.000209041	-11259.8
285	0.000209041	-11483
286	0.000209041	-14398.2
287	0.000209041	-12734.1
288	0.000209041	-10457
289	0.000209041	-12415
290	0.000209041	-11454.4
291	0.000209041	-11244
292	0.000209041	-10266.4
293	0.000209041	-14570.6
294	0.000209041	-11443.5
295	0.000209041	-12221.3
296	0.000209041	-12322.4
297	0.000209041	-13692.1
298	0.000209041	-14135.7
299	0.000209041	-10992.8
300	0.000209041	-11941.1
301	0.000209041	-11257
302	0.000209041	-10256.1
303	0.000209041	-11295.7
304	0.000209041	-10779.6
305	0.000209041	-13040
306	0.000209041	-12903.1
307	0.000209041	-11416.6
308	0.000209041	-11895.2
309	0.000209041	-11452.7
310	0.000209041	-14400.7
311	0.000209041	-11597.6
312	0.000209041	-11654.5
313	0.000209041	-11784.5
314	0.000209041	-11560.9
315	0.000209041	-11954
316	0.000209041	-13532
317	0.000209041	-15424.1
318	0.000209041	-11098.1
319	0.000209041	-11493.1
320	0.000209041	-14697.4
321	0.000209041	-13110.1
322	0.000209041	-10536.3
323	0.000209041	-11195.8
324	0.000209041	-11449.2
325	0.000209041	-11707.6
326	0.000209041	-11959.8
327	0.000209041	-13035.6
328	0.000209041	-11872.3
329	0.000209041	-12569.3
330	0.000209041	-12274.7
331	0.000209041	-10601.9
332	0.000209041	-11364.1
333	0.000209041	-11819.4
334	0.000209041	-11759.8
335	0.000209041	-14602.6
336	0.000209041	-13235.3
337	0.000209041	-13089.1
338	0.000209041	-11730.4
339	0.000209041	-12305.9
340	0.000209041	-11107
341	0.000209041	-12128
342	0.000209041	-11864.8
343	0.000209041	-12216.9
344	0.000209041	-12010.2
345	0.000209041	-12504.9
346	0.000209041	-13385.6
347	0.000209041	-11117.4
348	0.000209041	-11288.7
349	0.000209041	-10371.2
350	0.000209041	-16105.2
351	0.000209041	-14298.9
352	0.000209041	-13056.9
353	0.000209041	-10415.6
354	0.000209041	-11895.1
355	0.000209041	-12027.7
356	0.000209041	-11540.7
357	0.000209041	-12683.6
358	0.000209041	-12457.3
359	0.000209041	-13205.5
360	0.000209041	-11351.8
361	0.000209041	-10397.8
362	0.000209041	-12224.5
363	0.000209041	-12145.3
364	0.000209041	-12339.4
365	0.000209041	-12399.2
366	0.000209041	-11782
367	0.000209041	-10831
368	0.000209041	-10946.3
369	0.000209041	-12647.4
370	0.000209041	-13136.4
371	0.000209041	-11795.2
372	0.000209041	-11193.2
373	0.000209041	-11516.9
374	0.000209041	-12667
375	0.000209041	-11084.6
376	0.000209041	-10352.6
377	0.000209041	-11843.9
378	0.000209041	-11577
379	0.000209041	-13399.7
380	0.000209041	-13196
381	0.000209041	-13057.5
382	0.000209041	-12235.5
383	0.000209041	-12526.2
384	0.000209041	-12236.3
385	0.000209041	-13127.4
386	0.000209041	-13789.2
387	0.000209041	-12604.4
388	0.000209041	-11510.3
389	0.000209041	-11850.5
390	0.000209041	-12397.2
391	0.000209041	-11761.6
392	0.000209041	-10988.9
393	0.000209041	-12637.7
394	0.000209041	-12448.1
395	0.000209041	-12973.8
396	0.000209041	-12730.5
397	0.000209041	-12945.9
398	0.000209041	-12074.8
399	0.000209041	-12653.2
400	0.000209041	-13434.3
401	0.000209041	-11333
402	0.000209041	-10801.2
403	0.000209041	-14460.1
404	0.000209041	-13913.1
405	0.000209041	-10539.9
406	0.000209041	-13565.1
407	0.000209041	-12932.9
408	0.000209041	-11657.8
409	0.000209041	-11113.5
410	0.000209041	-11683.5
411	0.000209041	-10191.1
412	0.000209041	-10942.1
413	0.000209041	-11300.3
414	0.000209041	-10574
415	0.000209041	-11392.6
416	0.000209041	-10963.6
417	0.000209041	-10850.4
418	0.000209041	-12934.4
419	0.000209041	-13317.1
420	0.000209041	-13662.5
421	0.000209041	-12231.1
422	0.000209041	-12432.5
423	0.000209041	-17395.9
424	0.000209041	-15848.4
425	0.000209041	-10563.3
426	0.000209041	-10396.7
427	0.000209041	-11440.8
428	0.000209041	-11281.7
429	0.000209041	-11157.5
430	0.000209041	-12903.5
431	0.000209041	-12163
432	0.000209041	-11533.4
433	0.000209041	-11505.8
434	0.000209041	-11198.6
435	0.000209041	-11996.2
436	0.000209041	-10510.2
437	0.000209041	-10557.8
438	0.000209041	-11436.3
439	0.000209041	-13280.8
440	0.000209041	-11617.1
441	0.000209041	-11758.9
442	0.000209041	-12053.6
443	0.000209041	-11838.6
444	0.000209041	-10622.3
445	0.000209041	-13332.7
446	0.000209041	-12846.6
447	0.000209041	-13491.9
448	0.000209041	-13979.7
449	0.000209041	-12268.2
450	0.000209041	-10725.9
451	0.000209041	-11160.6
452	0.000209041	-12222
453	0.000209041	-11194.7
454	0.000209041	-12080.2
455	0.000209041	-10781.3
456	0.000209041	-11281.7
457	0.000209041	-11560.2
458	0.000209041	-12578.5
459	0.000209041	-13002.3
460	0.000209041	-13299.6
461	0.000209041	-18651.6
462	0.000209041	-11330.5
463	0.000209041	-12622
464	0.000209041	-12230.3
465	0.000209041	-11472.8
466	0.000209041	-11457.9
467	0.000209041	-10976.5
468	0.000209041	-10941.5
469	0.000209041	-10698
470	0.000209041	-12173.6
471	0.000209041	-14174.2
472	0.000209041	-12247.3
473	0.000209041	-11126.6
474	0.000209041	-11828.5
475	0.000209041	-11493
476	0.000209041	-11846.1
477	0.000209041	-11772.2
478	0.000209041	-10185.7
479	0.000209041	-10437.2
480	0.000209041	-10086.5
481	0.000209041	-10563.1
482	0.000209041	-10950
483	0.000209041	-10372.2
484	0.000209041	-12760.9
485	0.000209041	-13745.8
486	0.000209041	-11502.6
487	0.000209041	-10753.5
488	0.000209041	-12937.6
489	0.000209041	-12795.9
490	0.000209041	-10888.4
491	0.000209041	-11189.2
492	0.000209041	-11300
493	0.000209041	-11155
494	0.000209041	-10772.3
495	0.000209041	-10372.6
496	0.000209041	-10945.8
497	0.000209041	-10359.1
498	0.000209041	-10120.1
499	0.000209041	-12433.5
500	0.000209041	-13537
501	0.000209041	-12172.5
502	0.000209041	-12542.6
503	0.000209041	-12490.9
504	0.000209041	-11869.6
505	0.000209041	-13648.4
506	0.000209041	-13401.5
507	0.000209041	-11266.8
508	0.000209041	-14466.2
509	0.000209041	-14323.1
510	0.000209041	-11603.4
511	0.000209041	-11449.2
512	0.000209041	-11762.8
513	0.000209041	-12503.7
514	0.000209041	-12681.3
515	0.000209041	-11502
516	0.000209041	-11493
517	0.000209041	-11658.4
518	0.000209041	-11312.5
519	0.000209041	-13195.1
520	0.000209041	-13602.3
521	0.000209041	-11371.8
522	0.000209041	-13848.6
523	0.000209041	-13966.5
524	0.000209041	-12818.7
525	0.000209041	-11987.3
526	0.000209041	-14069.6
527	0.000209041	-14038.9
528	0.000209041	-13020.1
529	0.000209041	-11381.6
530	0.000209041	-12006.6
531	0.000209041	-14225.1
532	0.000209041	-12882.6
533	0.000209041	-13422.2
534	0.000209041	-13273.5
535	0.000209041	-13825.7
536	0.000209041	-13427.6
537	0.000209041	-12587.9
538	0.000209041	-11852.4
539	0.000209041	-11855
540	0.000209041	-12485.3
541	0.000209041	-13850.8
542	0.000209041	-11701.9
543	0.000209041	-10814.2
544	0.000209041	-11813.3
545	0.000209041	-14571.6
546	0.000209041	-10999
547	0.000209041	-10756.3
548	0.000209041	-11136.1
549	0.000209041	-11683.2
550	0.000209041	-11319.3
551	0.000209041	-10319.8
552	0.000209041	-10790.1
553	0.000209041	-10509
554	0.000209041	-10880.5
555	0.000209041	-11113.9
556	0.000209041	-13257.7
557	0.000209041	-12342.5
558	0.000209041	-11230.1
559	0.000209041	-12017.4
560	0.000209041	-11522.6
561	0.000209041	-11989.3
562	0.000209041	-10960.4
563	0.000209041	-12038.5
564	0.000209041	-13708.3
565	0.000209041	-12023.1
566	0.000209041	-14420.4
567	0.000209041	-11949.9
568	0.000209041	-14120.9
569	0.000209041	-12577.6
570	0.000209041	-11805.8
571	0.000209041	-10841.3
572	0.000209041	-10303.6
573	0.000209041	-10596.1
574	0.000209041	-12864.3
575	0.000209041	-10953.8
576	0.000209041	-10517.1
577	0.000209041	-12882
578	0.000209041	-10033.7
579	0.000209041	-12237.1
580	0.000209041	-10808.3
581	0.000209041	-12310.5
582	0.000209041	-10983.8
583	0.000209041	-11531
584	0.000209041	-11814.3
585	0.000209041	-11670.5
586	0.000209041	-10657.5
587	0.000209041	-11624.7
588	0.000209041	-10679.4
589	0.000209041	-10223.6
590	0.000209041	-10098.4
591	0.000209041	-11109
592	0.000209041	-11257.7
593	0.000209041	-12294.3
594	0.000209041	-11432.6
595	0.000209041	-10658.1
596	0.000209041	-11015.1
597	0.000209041	-11570.7
598	0.000209041	-11512.6
599	0.000209041	-11247.2
600	0.000209041	-10925.6
601	0.000209041	-10243.8
602	0.000209041	-11117
603	0.000209041	-11301.4
604	0.000209041	-13443.6
605	0.000209041	-13701.3
606	0.000209041	-13587.4
607	0.000209041	-13577.3
608	0.000209041	-16600.6
609	0.000209041	-15570
610	0.000209041	-17681.2
611	0.000209041	-16115.8
612	0.000209041	-12037.1
613	0.000209041	-11798.9
614	0.000209041	-11726.1
615	0.000209041	-12660.8
616	0.000209041	-13511.9
617	0.000209041	-13686.5
618	0.000209041	-14780.5
619	0.000209041	-14009.1
620	0.000209041	-13947.7
621	0.000209041	-13123.9
622	0.000209041	-12554.5
623	0.000209041	-11639.5
624	0.000209041	-11972.7
625	0.000209041	-13437.7
626	0.000209041	-11911.4
627	0.000209041	-11259.4
628	0.000209041	-10742.2
629	0.000209041	-12509.2
630	0.000209041	-11121.3
631	0.000209041	-9906.46
632	0.000209041	-11150.3
633	0.000209041	-11668.7
634	0.000209041	-13072.9
635	0.000209041	-11166.9
636	0.000209041	-13051.4
637	0.000209041	-10802
638	0.000209041	-10862.1
639	0.000209041	-12142.4
640	0.000209041	-11784.6
641	0.000209041	-11961.3
642	0.000209041	-13934.2
643	0.000209041	-12118.5
644	0.000209041	-11111.8
645	0.000209041	-12038.5
646	0.000209041	-11746.8
647	0.000209041	-12529.6
648	0.000209041	-11335.9
649	0.000209041	-11612.6
650	0.000209041	-11937.4
651	0.000209041	-12049.9
652	0.000209041	-11827.3
653	0.000209041	-16237.3
654	0.000209041	-14322.7
655	0.000209041	-11067.1
656	0.000209041	-15664.9
657	0.000209041	-15462.4
658	0.000209041	-12267.1
659	0.000209041	-10748.2
660	0.000209041	-12032.1
661	0.000209041	-12117.6
662	0.000209041	-12527.7
663	0.000209041	-13876
664	0.000209041	-13525.7
665	0.000209041	-12323.5
666	0.000209041	-14723.9
667	0.000209041	-11945.9
668	0.000209041	-11801.1
669	0.000209041	-12788.3
670	0.000209041	-11639.8
671	0.000209041	-12805.8
672	0.000209041	-12504.3
673	0.000209041	-12421.7
674	0.000209041	-13979
675	0.000209041	-12466.2
676	0.000209041	-13903.5
677	0.000209041	-12170.7
678	0.000209041	-12723.3
679	0.000209041	-13698.2
680	0.000209041	-14258.5
681	0.000209041	-12174.7
682	0.000209041	-13263
683	0.000209041	-12001.8
684	0.000209041	-11742.1
685	0.000209041	-13569.7
686	0.000209041	-10779.1
687	0.000209041	-12302.5
688	0.000209041	-10437.1
689	0.000209041	-10421.6
690	0.000209041	-12244
691	0.000209041	-12078.6
692	0.000209041	-14927.6
693	0.000209041	-11955.4
694	0.000209041	-10998.9
695	0.000209041	-10517.9
696	0.000209041	-10542
697	0.000209041	-12893.6
698	0.000209041	-11793.9
699	0.000209041	-13358.9
700	0.000209041	-11847.2
701	0.000209041	-11959.4
702	0.000209041	-11959.6
703	0.000209041	-14145.5
704	0.000209041	-11838.9
705	0.000209041	-10599.3
706	0.000209041	-10616.1
707	0.000209041	-12920.3
708	0.000209041	-12402.9
709	0.000209041	-11593.8
710	0.000209041	-12926.3
711	0.000209041	-12126.8
712	0.000209041	-15410.2
713	0.000209041	-11170.2
714	0.000209041	-11204.4
715	0.000209041	-12432
716	0.000209041	-12622.4
717	0.000209041	-12706.7
718	0.000209041	-11473.4
719	0.000209041	-13138.8
720	0.000209041	-13879.2
721	0.000209041	-14139
722	0.000209041	-13841.7
723	0.000209041	-12023
724	0.000209041	-12269.9
725	0.000209041	-14575.8
726	0.000209041	-12207.6
727	0.000209041	-13309.1
728	0.000209041	-12835.9
729	0.000209041	-12824
730	0.000209041	-12609.2
731	0.000209041	-13921.7
732	0.000209041	-12118
733	0.000209041	-12011.1
734	0.000209041	-11536.6
735	0.000209041	-11443.7
736	0.000209041	-10651.8
737	0.000209041	-11575.2
738	0.000209041	-11391
739	0.000209041	-11869.3
740	0.000209041	-14660.5
741	0.000209041	-13331.9
742	0.000209041	-14227.1
743	0.000209041	-14160
744	0.000209041	-12538.1
745	0.000209041	-12514.6
746	0.000209041	-11052.5
747	0.000209041	-12340.3
748	0.000209041	-13222
749	0.000209041	-14048.8
750	0.000209041	-13877.4
751	0.000209041	-14476.9
752	0.000209041	-14240.3
753	0.000209041	-14526.9
754	0.000209041	-12061.5
755	0.000209041	-13914.3
756	0.000209041	-11937.3
757	0.000209041	-13920.5
758	0.000209041	-12364.6
759	0.000209041	-10944.7
760	0.000209041	-11308.4
761	0.000209041	-11441.8
762	0.000209041	-11335.4
763	0.000209041	-12207.7
764	0.000209041	-12121.3
765	0.000209041	-11315.6
766	0.000209041	-12452.1
767	0.000209041	-11788.4
768	0.000209041	-11429.5
769	0.000209041	-12325.6
770	0.000209041	-12878.2
771	0.000209041	-11212.7
772	0.000209041	-11333.8
773	0.000209041	-12471.6
774	0.000209041	-11656.4
775	0.000209041	-12810.2
776	0.000209041	-12311.9
777	0.000209041	-11606
778	0.000209041	-11768.6
779	0.000209041	-11148.9
780	0.000209041	-10703.5
781	0.000209041	-13820.7
782	0.000209041	-13098.6
783	0.000209041	-13431.4
784	0.000209041	-12317.4
785	0.000209041	-12825.1
786	0.000209041	-11698.6
787	0.000209041	-10612.9
788	0.000209041	-12790.3
789	0.000209041	-15013.5
790	0.000209041	-11749.5
791	0.000209041	-14904.1
792	0.000209041	-12421.1
793	0.000209041	-12973.8
794	0.000209041	-12483.4
795	0.000209041	-11601.3
796	0.000209041	-10813.8
797	0.000209041	-12941.1
798	0.000209041	-10898
799	0.000209041	-13532.1
800	0.000209041	-13664.4
801	0.000209041	-13834.4
802	0.000209041	-14535.1
803	0.000209041	-12520.9
804	0.000209041	-13344.8
805	0.000209041	-13334.5
806	0.000209041	-11197.8
807	0.000209041	-14772.2
808	0.000209041	-12673.7
809	0.000209041	-11794.8
810	0.000209041	-14188.6
811	0.000209041	-11134
812	0.000209041	-10371.8
813	0.000209041	-10468.7
814	0.000209041	-10874.5
815	0.000209041	-10648.4
816	0.000209041	-9935.88
817	0.000209041	-13388.8
818	0.000209041	-11257.7
819	0.000209041	-11055.1
820	0.000209041	-12794.6
821	0.000209041	-13288.3
822	0.000209041	-10752.9
823	0.000209041	-11270
824	0.000209041	-11838.6
825	0.000209041	-12936.1
826	0.000209041	-14645.3
827	0.000209041	-13169.4
828	0.000209041	-12294.9
829	0.000209041	-11653.7
830	0.000209041	-12880
831	0.000209041	-10240.5
832	0.000209041	-12197
833	0.000209041	-12305.2
834	0.000209041	-13106
835	0.000209041	-16123.4
836	0.000209041	-13946.2
837	0.000209041	-13368.1
838	0.000209041	-10603.9
839	0.000209041	-11332.2
840	0.000209041	-11359.9
841	0.000209041	-10416.2
842	0.000209041	-10453.9
843	0.000209041	-12819.9
844	0.000209041	-12749.3
845	0.000209041	-10832
846	0.000209041	-11953.1
847	0.000209041	-13334.9
848	0.000209041	-12413.7
849	0.000209041	-12520.6
850	0.000209041	-11631.3
851	0.000209041	-13270.4
852	0.000209041	-14625.5
853	0.000209041	-12668.4
854	0.000209041	-13650.9
855	0.000209041	-12653.8
856	0.000209041	-13182.8
857	0.000209041	-13092.5
858	0.000209041	-12059.7
859	0.000209041	-12172.8
860	0.000209041	-12617.6
861	0.000209041	-13072.9
862	0.000209041	-12983.2
863	0.000209041	-15011.9
864	0.000209041	-13123.4
865	0.000209041	-13638.5
866	0.000209041	-13647.8
867	0.000209041	-11135.7
868	0.000209041	-11889.8
869	0.000209041	-13775.5
870	0.000209041	-10623.2
871	0.000209041	-12368.9
872	0.000209041	-14923.1
873	0.000209041	-11815.5
874	0.000209041	-11589.7
875	0.000209041	-12930.9
876	0.000209041	-12475
877	0.000209041	-12720.8
878	0.000209041	-13054.8
879	0.000209041	-13107.2
880	0.000209041	-14385.4
881	0.000209041	-13470.9
882	0.000209041	-14392.5
883	0.000209041	-12287.8
884	0.000209041	-12968.7
885	0.000209041	-11823.1
886	0.000209041	-11709
887	0.000209041	-11966.3
888	0.000209041	-11426.2
889	0.000209041	-12519.3
890	0.000209041	-11975.4
891	0.000209041	-12695.6
892	0.000209041	-12790.3
893	0.000209041	-13045.1
894	0.000209041	-13186.8
895	0.000209041	-14419.5
896	0.000209041	-10328.8
897	0.000209041	-11619.6
898	0.000209041	-11486.2
899	0.000209041	-12839.9
900	0.000209041	-10993.2
901	0.000209041	-10073.7
902	0.000209041	-13937
903	0.000209041	-12096.1
904	0.000209041	-11685.8
905	0.000209041	-11792.9
906	0.000209041	-11103.8
907	0.000209041	-10747.4
908	0.000209041	-10584
909	0.000209041	-11628.7
910	0.000209041	-17249.8
911	0.000209041	-11856.4
912	0.000209041	-13046.6
913	0.000209041	-10772.9
914	0.000209041	-11240
915	0.000209041	-12437.5
916	0.000209041	-13584.7
917	0.000209041	-12658.6
918	0.000209041	-13837
919	0.000209041	-14128.2
920	0.000209041	-11493.2
921	0.000209041	-11686.5
922	0.000209041	-11091.2
923	0.000209041	-12470.2
924	0.000209041	-11629.4
925	0.000209041	-11804
926	0.000209041	-14014.5
927	0.000209041	-14317.1
928	0.000209041	-14581.7
929	0.000209041	-13792.4
930	0.000209041	-12131.5
931	0.000209041	-12625.3
932	0.000209041	-12666.5
933	0.000209041	-12892.7
934	0.000209041	-12761.7
935	0.000209041	-12431.1
936	0.000209041	-12172.8
937	0.000209041	-12698.3
938	0.000209041	-13024.6
939	0.000209041	-12961.5
940	0.000209041	-12983.1
941	0.000209041	-10715
942	0.000209041	-10822.1
943	0.000209041	-10755.7
944	0.000209041	-11250.8
945	0.000209041	-12664.5
946	0.000209041	-11561.6
947	0.000209041	-11398.9
948	0.000209041	-11212.6
949	0.000209041	-11255.4
950	0.000209041	-10919.7
951	0.000209041	-13283.7
952	0.000209041	-13362.6
953	0.000209041	-13424.7
954	0.000209041	-13352.8
955	0.000209041	-13929
956	0.000209041	-14268.1
957	0.000209041	-11374.9
958	0.000209041	-11810.5
959	0.000209041	-11759
960	0.000209041	-12158.7
961	0.000209041	-12708.7
962	0.000209041	-11142.6
963	0.000209041	-13032.3
964	0.000209041	-12853.1
965	0.000209041	-12839.8
966	0.000209041	-13128.1
967	0.000209041	-11718.2
968	0.000209041	-12234.2
969	0.000209041	-13233.7
970	0.000209041	-12708
971	0.000209041	-10767
972	0.000209041	-13609.7
973	0.000209041	-13445.8
974	0.000209041	-12092.5
975	0.000209041	-12785
976	0.000209041	-12203.7
977	0.000209041	-10204.5
978	0.000209041	-13061.2
979	0.000209041	-11814.5
980	0.000209041	-11832.4
981	0.000209041	-11551.2
982	0.000209041	-11297.8
983	0.000209041	-11012.6
984	0.000209041	-10322.4
985	0.000209041	-10061.7
986	0.000209041	-10985.5
987	0.000209041	-11836.1
988	0.000209041	-12138.4
989	0.000209041	-13364.8
990	0.000209041	-13419.9
991	0.000209041	-12754.9
992	0.000209041	-11008.6
993	0.000209041	-9758.04
994	0.000209041	-10289.2
995	0.000209041	-10608.9
996	0.000209041	-12857.4
997	0.000209041	-13246.7
998	0.000209041	-12487.6
999	0.000209041	-12235.9
1000	0.000209041	-12493.3
251	0.000116003	-12908.5
252	0.000116003	-11972
253	0.000116003	-12515.7
254	0.000116003	-13082.1
255	0.000116003	-13173.5
256	0.000116003	-13261.6
257	0.000116003	-11299
258	0.000116003	-12995.5
259	0.000116003	-13521.7
260	0.000116003	-12011.4
261	0.000116003	-13428.8
262	0.000116003	-13619.1
263	0.000116003	-13962.9
264	0.000116003	-13675
265	0.000116003	-13660.8
266	0.000116003	-13988.4
267	0.000116003	-14189.8
268	0.000116003	-13392.3
269	0.000116003	-13976.4
270	0.000116003	-11588.4
271	0.000116003	-11223.3
272	0.000116003	-11558.7
273	0.000116003	-11043.2
274	0.000116003	-14713.4
275	0.000116003	-16137.7
276	0.000116003	-13063.2
277	0.000116003	-13875.1
278	0.000116003	-13584.1
279	0.000116003	-13389.3
280	0.000116003	-12391.3
281	0.000116003	-13693.2
282	0.000116003	-11839.1
283	0.000116003	-10812.7
284	0.000116003	-11078.8
285	0.000116003	-12502.1
286	0.000116003	-11437.7
287	0.000116003	-11088.6
288	0.000116003	-14498.9
289	0.000116003	-14047.2
290	0.000116003	-14018.6
291	0.000116003	-12105.6
292	0.000116003	-13365.6
293	0.000116003	-12566.8
294	0.000116003	-12212.2
295	0.000116003	-12486.6
296	0.000116003	-11426.9
297	0.000116003	-10531.1
298	0.000116003	-11677.3
299	0.000116003	-11817
300	0.000116003	-11929.2
301	0.000116003	-13705.6
302	0.000116003	-12591.3
303	0.000116003	-12543.1
304	0.000116003	-11151.5
305	0.000116003	-15319.1
306	0.000116003	-14609.3
307	0.000116003	-11646.7
308	0.000116003	-11845.2
309	0.000116003	-19979.6
310	0.000116003	-11991.3
311	0.000116003	-12833.9
312	0.000116003	-15033.8
313	0.000116003	-13877.7
314	0.000116003	-11469.2
315	0.000116003	-10655.9
316	0.000116003	-13963.4
317	0.000116003	-14120.9
318	0.000116003	-11981.1
319	0.000116003	-11469.9
320	0.000116003	-11664.3
321	0.000116003	-17354.6
322	0.000116003	-18093.7
323	0.000116003	-18814.6
324	0.000116003	-17898.3
325	0.000116003	-18350.6
326	0.000116003	-14449.9
327	0.000116003	-10944.6
328	0.000116003	-12253
329	0.000116003	-11418.3
330	0.000116003	-12030.8
331	0.000116003	-11230.6
332	0.000116003	-12587.6
333	0.000116003	-12751.8
334	0.000116003	-11512.3
335	0.000116003	-11300
336	0.000116003	-11847.6
337	0.000116003	-10274
338	0.000116003	-10385.8
339	0.000116003	-12435.2
340	0.000116003	-13222.7
341	0.000116003	-14911.7
342	0.000116003	-11927.6
343	0.000116003	-12067.7
344	0.000116003	-14823.4
345	0.000116003	-12178.3
346	0.000116003	-13186.8
347	0.000116003	-13841.2
348	0.000116003	-14861.3
349	0.000116003	-10774.6
350	0.000116003	-12719.5
351	0.000116003	-11651.1
352	0.000116003	-12170.1
353	0.000116003	-11193.9
354	0.000116003	-13799.6
355	0.000116003	-12166.7
356	0.000116003	-12689.8
357	0.000116003	-11388.8
358	0.000116003	-11270.4
359	0.000116003	-13520.6
360	0.000116003	-13483.1
361	0.000116003	-14736.8
362	0.000116003	-12860.5
363	0.000116003	-11515.1
364	0.000116003	-11907.3
365	0.000116003	-11890.3
366	0.000116003	-11672.8
367	0.000116003	-10872.8
368	0.000116003	-11542.4
369	0.000116003	-11779.8
370	0.000116003	-11953.7
371	0.000116003	-15033.3
372	0.000116003	-15491.4
373	0.000116003	-13529.1
374	0.000116003	-12219.9
375	0.000116003	-13963.2
376	0.000116003	-11852.6
377	0.000116003	-10970.8
378	0.000116003	-10907.6
379	0.000116003	-13312.2
380	0.000116003	-12927.7
381	0.000116003	-12866.1
382	0.000116003	-13108.8
383	0.000116003	-11718.5
384	0.000116003	-12055.1
385	0.000116003	-12403.5
386	0.000116003	-13065.1
387	0.000116003	-13810.1
388	0.000116003	-12717.8
389	0.000116003	-13796.9
390	0.000116003	-14616
391	0.000116003	-15935.7
392	0.000116003	-13372.5
393	0.000116003	-13225.3
394	0.000116003	-14278.1
395	0.000116003	-14253.5
396	0.000116003	-11574.6
397	0.000116003	-14262.2
398	0.000116003	-12547.9
399	0.000116003	-13358.2
400	0.000116003	-13691.1
401	0.000116003	-13615.4
402	0.000116003	-13620.5
403	0.000116003	-12484.9
404	0.000116003	-11645
405	0.000116003	-14694.7
406	0.000116003	-12861.8
407	0.000116003	-11980.3
408	0.000116003	-12326.4
409	0.000116003	-11470.5
410	0.000116003	-10412.4
411	0.000116003	-11596.9
412	0.000116003	-10644.8
413	0.000116003	-13193.1
414	0.000116003	-13023
415	0.000116003	-11763.4
416	0.000116003	-11475.1
417	0.000116003	-11925.8
418	0.000116003	-11668.9
419	0.000116003	-10539.1
420	0.000116003	-12449.9
421	0.000116003	-12754.5
422	0.000116003	-12346.3
423	0.000116003	-11179.7
424	0.000116003	-12170.1
425	0.000116003	-13036.8
426	0.000116003	-13258.4
427	0.000116003	-12858.3
428	0.000116003	-11720.2
429	0.000116003	-10884.6
430	0.000116003	-11492.3
431	0.000116003	-11646.9
432	0.000116003	-11371.9
433	0.000116003	-12128.1
434	0.000116003	-12706.9
435	0.000116003	-13266.6
436	0.000116003	-11002.6
437	0.000116003	-12114.9
438	0.000116003	-12684.4
439	0.000116003	-12059.5
440	0.000116003	-11325.6
441	0.000116003	-14027.9
442	0.000116003	-12291.7
443	0.000116003	-11646.3
444	0.000116003	-12152.8
445	0.000116003	-10522.7
446	0.000116003	-10356.6
447	0.000116003	-11414.3
448	0.000116003	-11493.3
449	0.000116003	-14880.1
450	0.000116003	-12314.4
451	0.000116003	-14129.3
452	0.000116003	-14256.7
453	0.000116003	-14306.1
454	0.000116003	-14714.4
455	0.000116003	-13335.5
456	0.000116003	-13426.1
457	0.000116003	-13431.5
458	0.000116003	-10647.5
459	0.000116003	-12399.3
460	0.000116003	-12601.3
461	0.000116003	-13376.9
462	0.000116003	-11413.3
463	0.000116003	-11093
464	0.000116003	-12730.5
465	0.000116003	-10774.9
466	0.000116003	-10965.3
467	0.000116003	-10624.7
468	0.000116003	-12439.7
469	0.000116003	-11155.3
470	0.000116003	-12430.4
471	0.000116003	-11728.3
472	0.000116003	-10534.8
473	0.000116003	-11941.1
474	0.000116003	-11704.3
475	0.000116003	-12214.6
476	0.000116003	-11527.8
477	0.000116003	-12083
478	0.000116003	-12732.6
479	0.000116003	-12375.4
480	0.000116003	-14779.6
481	0.000116003	-13181.1
482	0.000116003	-12742
483	0.000116003	-11483.7
484	0.000116003	-12704.5
485	0.000116003	-12944.1
486	0.000116003	-13362.4
487	0.000116003	-13558.8
488	0.000116003	-14637.3
489	0.000116003	-13599.7
490	0.000116003	-14692.6
491	0.000116003	-11912.2
492	0.000116003	-12473.2
493	0.000116003	-12740
494	0.000116003	-16024.6
495	0.000116003	-15578.8
496	0.000116003	-13150.8
497	0.000116003	-11463.5
498	0.000116003	-13027.5
499	0.000116003	-11405.7
500	0.000116003	-12962.2
501	0.000116003	-10754.3
502	0.000116003	-11876.9
503	0.000116003	-11520.1
504	0.000116003	-10293.4
505	0.000116003	-11632.4
506	0.000116003	-12382.2
507	0.000116003	-11562.6
508	0.000116003	-11844.2
509	0.000116003	-14628
510	0.000116003	-13346
511	0.000116003	-15347.8
512	0.000116003	-14686.5
513	0.000116003	-11415.1
514	0.000116003	-11768.5
515	0.000116003	-12970.1
516	0.000116003	-12932.6
517	0.000116003	-12761.7
518	0.000116003	-11888.7
519	0.000116003	-12357.7
520	0.000116003	-11293.1
521	0.000116003	-10838.6
522	0.000116003	-13394.3
523	0.000116003	-11191.8
524	0.000116003	-12682.3
525	0.000116003	-12174.5
526	0.000116003	-12415.2
527	0.000116003	-13275.9
528	0.000116003	-12224
529	0.000116003	-12134.6
530	0.000116003	-12456.6
531	0.000116003	-13075.5
532	0.000116003	-11500.7
533	0.000116003	-11582.7
534	0.000116003	-14155.5
535	0.000116003	-14644.3
536	0.000116003	-13686.5
537	0.000116003	-11785.2
538	0.000116003	-12351.5
539	0.000116003	-13701.9
540	0.000116003	-15339.9
541	0.000116003	-12887.8
542	0.000116003	-13269.4
543	0.000116003	-14651
544	0.000116003	-13547.8
545	0.000116003	-11337.3
546	0.000116003	-11297.1
547	0.000116003	-13310
548	0.000116003	-12878.7
549	0.000116003	-17219.7
550	0.000116003	-13348.1
551	0.000116003	-12664.4
552	0.000116003	-11347
553	0.000116003	-11359.9
554	0.000116003	-11336.7
555	0.000116003	-11842.7
556	0.000116003	-14120.3
557	0.000116003	-13806.5
558	0.000116003	-13591.3
559	0.000116003	-15851.3
560	0.000116003	-14494.3
561	0.000116003	-13023.1
562	0.000116003	-11937.3
563	0.000116003	-12619.9
564	0.000116003	-14651.4
565	0.000116003	-14814.5
566	0.000116003	-15204.2
567	0.000116003	-13540.6
568	0.000116003	-13268.8
569	0.000116003	-12125.5
570	0.000116003	-11492.4
571	0.000116003	-10077.3
572	0.000116003	-12202.7
573	0.000116003	-10486.9
574	0.000116003	-11823.9
575	0.000116003	-11645.6
576	0.000116003	-10767
577	0.000116003	-12296.6
578	0.000116003	-13060.3
579	0.000116003	-10856.6
580	0.000116003	-11817.8
581	0.000116003	-11237.4
582	0.000116003	-12055.2
583	0.000116003	-14259.7
584	0.000116003	-11402.6
585	0.000116003	-11403.6
586	0.000116003	-11591.9
587	0.000116003	-11731.2
588	0.000116003	-11480.9
589	0.000116003	-12141.3
590	0.000116003	-13035.7
591	0.000116003	-12432.2
592	0.000116003	-15150.7
593	0.000116003	-12197.1
594	0.000116003	-11592
595	0.000116003	-11848.3
596	0.000116003	-12493.6
597	0.000116003	-12380.5
598	0.000116003	-10722.4
599	0.000116003	-11684.7
600	0.000116003	-18083
601	0.000116003	-12593.1
602	0.000116003	-12485.8
603	0.000116003	-11719.2
604	0.000116003	-10417.4
605	0.000116003	-11064.1
606	0.000116003	-12183.3
607	0.000116003	-18106.8
608	0.000116003	-15341.6
609	0.000116003	-11953.9
610	0.000116003	-12565.1
611	0.000116003	-12600.7
612	0.000116003	-12616.6
613	0.000116003	-16864.2
614	0.000116003	-16739.1
615	0.000116003	-12300.8
616	0.000116003	-12681.2
617	0.000116003	-12182.6
618	0.000116003	-12870.7
619	0.000116003	-10827
620	0.000116003	-12203.9
621	0.000116003	-12285.8
622	0.000116003	-13028.8
623	0.000116003	-13263.7
624	0.000116003	-13767.7
625	0.000116003	-14518.7
626	0.000116003	-11858.6
627	0.000116003	-13738
628	0.000116003	-13754.1
629	0.000116003	-12372.1
630	0.000116003	-11256.7
631	0.000116003	-10813.6
632	0.000116003	-11310.9
633	0.000116003	-13050
634	0.000116003	-12520.8
635	0.000116003	-12011.7
636	0.000116003	-11764.6
637	0.000116003	-12523.1
638	0.000116003	-12997
639	0.000116003	-11452.5
640	0.000116003	-12229.7
641	0.000116003	-13380.4
642	0.000116003	-11621.2
643	0.000116003	-11928.9
644	0.000116003	-11075.2
645	0.000116003	-13047.2
646	0.000116003	-11840.5
647	0.000116003	-10650.6
648	0.000116003	-11330
649	0.000116003	-11439.1
650	0.000116003	-12959.3
651	0.000116003	-14476.5
652	0.000116003	-12983.8
653	0.000116003	-16463.7
654	0.000116003	-12222.2
655	0.000116003	-13262.4
656	0.000116003	-13002.6
657	0.000116003	-11236.1
658	0.000116003	-12356.5
659	0.000116003	-13524.5
660	0.000116003	-14658.4
661	0.000116003	-14272.3
662	0.000116003	-14951.2
663	0.000116003	-12646
664	0.000116003	-13086.1
665	0.000116003	-15249.7
666	0.000116003	-12328.5
667	0.000116003	-12115.9
668	0.000116003	-12585.2
669	0.000116003	-11067.6
670	0.000116003	-11925.2
671	0.000116003	-12783.6
672	0.000116003	-11518.6
673	0.000116003	-13198.5
674	0.000116003	-13532.1
675	0.000116003	-14794.1
676	0.000116003	-18160.6
677	0.000116003	-18097.8
678	0.000116003	-15580.3
679	0.000116003	-14808.2
680	0.000116003	-14943.2
681	0.000116003	-12818.2
682	0.000116003	-11521.5
683	0.000116003	-11537.8
684	0.000116003	-12437.5
685	0.000116003	-11591.4
686	0.000116003	-11716.8
687	0.000116003	-12887.9
688	0.000116003	-12762.1
689	0.000116003	-13294.5
690	0.000116003	-12536.3
691	0.000116003	-14967.1
692	0.000116003	-14747.7
693	0.000116003	-10473.4
694	0.000116003	-13159.4
695	0.000116003	-17173.3
696	0.000116003	-13516.4
697	0.000116003	-11970.7
698	0.000116003	-11396.2
699	0.000116003	-11865.2
700	0.000116003	-13080.3
701	0.000116003	-13870.2
702	0.000116003	-14975.5
703	0.000116003	-12453.4
704	0.000116003	-12464.6
705	0.000116003	-12065.2
706	0.000116003	-11098.8
707	0.000116003	-13872.7
708	0.000116003	-11840.4
709	0.000116003	-14296.1
710	0.000116003	-11218.7
711	0.000116003	-12472.6
712	0.000116003	-11490
713	0.000116003	-10841.2
714	0.000116003	-13188.5
715	0.000116003	-15691.3
716	0.000116003	-10186.4
717	0.000116003	-10832.5
718	0.000116003	-11045.1
719	0.000116003	-13799.2
720	0.000116003	-12394.9
721	0.000116003	-10502.5
722	0.000116003	-11428.8
723	0.000116003	-10383.6
724	0.000116003	-11571
725	0.000116003	-11111.2
726	0.000116003	-12116.3
727	0.000116003	-11468.8
728	0.000116003	-11098
729	0.000116003	-11459.6
730	0.000116003	-13142.1
731	0.000116003	-13733.9
732	0.000116003	-14609.5
733	0.000116003	-15141.4
734	0.000116003	-15483.1
735	0.000116003	-12084
736	0.000116003	-12952
737	0.000116003	-11831
738	0.000116003	-12547
739	0.000116003	-11248.8
740	0.000116003	-11934.7
741	0.000116003	-10839.4
742	0.000116003	-12152.4
743	0.000116003	-15538.5
744	0.000116003	-11093
745	0.000116003	-11259.6
746	0.000116003	-11036.5
747	0.000116003	-11774.2
748	0.000116003	-10578.4
749	0.000116003	-11352
750	0.000116003	-13441.9
751	0.000116003	-11609.6
752	0.000116003	-11053.7
753	0.000116003	-12537.5
754	0.000116003	-18881
755	0.000116003	-12160.6
756	0.000116003	-12695.8
757	0.000116003	-14364.8
758	0.000116003	-11786.4
759	0.000116003	-11751.2
760	0.000116003	-12049.3
761	0.000116003	-11568
762	0.000116003	-11295
763	0.000116003	-12949.4
764	0.000116003	-12549.2
765	0.000116003	-11373.4
766	0.000116003	-10305.1
767	0.000116003	-12950.4
768	0.000116003	-11615.6
769	0.000116003	-12580.1
770	0.000116003	-10374.7
771	0.000116003	-13129.9
772	0.000116003	-11141.7
773	0.000116003	-10760.4
774	0.000116003	-11624.7
775	0.000116003	-13361
776	0.000116003	-11365.4
777	0.000116003	-11789.7
778	0.000116003	-12695.5
779	0.000116003	-10693.9
780	0.000116003	-11062.4
781	0.000116003	-13180.4
782	0.000116003	-11115.6
783	0.000116003	-13077.5
784	0.000116003	-12878.3
785	0.000116003	-11873.1
786	0.000116003	-12100.7
787	0.000116003	-13934.7
788	0.000116003	-13187.9
789	0.000116003	-10999.7
790	0.000116003	-10260.9
791	0.000116003	-10130.2
792	0.000116003	-11327.8
793	0.000116003	-11750.2
794	0.000116003	-10440
795	0.000116003	-16616.2
796	0.000116003	-14387.2
797	0.000116003	-11928
798	0.000116003	-10637.7
799	0.000116003	-12062.5
800	0.000116003	-12532.8
801	0.000116003	-10888.6
802	0.000116003	-10957.3
803	0.000116003	-13007.4
804	0.000116003	-11100.6
805	0.000116003	-14096.7
806	0.000116003	-13328.4
807	0.000116003	-11812.5
808	0.000116003	-12910.7
809	0.000116003	-13094.3
810	0.000116003	-12882.9
811	0.000116003	-12448.2
812	0.000116003	-11965.9
813	0.000116003	-18442.2
814	0.000116003	-21339
815	0.000116003	-11061.5
816	0.000116003	-10975.6
817	0.000116003	-11215
818	0.000116003	-12456.5
819	0.000116003	-13214.9
820	0.000116003	-11951.9
821	0.000116003	-13296.6
822	0.000116003	-12486.5
823	0.000116003	-12335
824	0.000116003	-10514.9
825	0.000116003	-10417.2
826	0.000116003	-13082.7
827	0.000116003	-13078.1
828	0.000116003	-13087.9
829	0.000116003	-14249.3
830	0.000116003	-15065.3
831	0.000116003	-13350.3
832	0.000116003	-10631.8
833	0.000116003	-11406.3
834	0.000116003	-11938.5
835	0.000116003	-13396.2
836	0.000116003	-12795
837	0.000116003	-12975.4
838	0.000116003	-13378.7
839	0.000116003	-12084.8
840	0.000116003	-12709.8
841	0.000116003	-12119.2
842	0.000116003	-13085.5
843	0.000116003	-11805
844	0.000116003	-10586.1
845	0.000116003	-12001.4
846	0.000116003	-10734.9
847	0.000116003	-11426.5
848	0.000116003	-12069.4
849	0.000116003	-11361.6
850	0.000116003	-10987.3
851	0.000116003	-12421.8
852	0.000116003	-15089
853	0.000116003	-14621.2
854	0.000116003	-14533.3
855	0.000116003	-15394.3
856	0.000116003	-16812.7
857	0.000116003	-10698.6
858	0.000116003	-13188.4
859	0.000116003	-13745.7
860	0.000116003	-13019.2
861	0.000116003	-11523
862	0.000116003	-10506.3
863	0.000116003	-11067.8
864	0.000116003	-10386.2
865	0.000116003	-11932.5
866	0.000116003	-11796.3
867	0.000116003	-12302
868	0.000116003	-10840.1
869	0.000116003	-11854
870	0.000116003	-12806
871	0.000116003	-12507.2
872	0.000116003	-11567.2
873	0.000116003	-13887.6
874	0.000116003	-12922.6
875	0.000116003	-13895.2
876	0.000116003	-11491.4
877	0.000116003	-14323
878	0.000116003	-11663.5
879	0.000116003	-12546.8
880	0.000116003	-12646
881	0.000116003	-11984.9
882	0.000116003	-11227.5
883	0.000116003	-11313.3
884	0.000116003	-13369.8
885	0.000116003	-13884.4
886	0.000116003	-16405.3
887	0.000116003	-13702.5
888	0.000116003	-11759.8
889	0.000116003	-11923
890	0.000116003	-12411
891	0.000116003	-11992
892	0.000116003	-10745
893	0.000116003	-10663.5
894	0.000116003	-12185.7
895	0.000116003	-12179.7
896	0.000116003	-10933.5
897	0.000116003	-13471.8
898	0.000116003	-13798
899	0.000116003	-12877.4
900	0.000116003	-14257.3
901	0.000116003	-13982.9
902	0.000116003	-12633.1
903	0.000116003	-13094.8
904	0.000116003	-12065.2
905	0.000116003	-12128.3
906	0.000116003	-11428.3
907	0.000116003	-12037.9
908	0.000116003	-12158.3
909	0.000116003	-11932.7
910	0.000116003	-12807.3
911	0.000116003	-13041.6
912	0.000116003	-12127.2
913	0.000116003	-11362.5
914	0.000116003	-11518
915	0.000116003	-13084.3
916	0.000116003	-13368.5
917	0.000116003	-11775.4
918	0.000116003	-11822.9
919	0.000116003	-11413.2
920	0.000116003	-13828.7
921	0.000116003	-15166.1
922	0.000116003	-12183
923	0.000116003	-11579.1
924	0.000116003	-10868.2
925	0.000116003	-11645.2
926	0.000116003	-11579.7
927	0.000116003	-10970.4
928	0.000116003	-10544.7
929	0.000116003	-10562.3
930	0.000116003	-11576.8
931	0.000116003	-12648.6
932	0.000116003	-10186.3
933	0.000116003	-12176.6
934	0.000116003	-10755.7
935	0.000116003	-10488.2
936	0.000116003	-10533.5
937	0.000116003	-11403.7
938	0.000116003	-11500.3
939	0.000116003	-12925.6
940	0.000116003	-12404.4
941	0.000116003	-12023.6
942	0.000116003	-11131
943	0.000116003	-12251.2
944	0.000116003	-10888.8
945	0.000116003	-10391.9
946	0.000116003	-10180.7
947	0.000116003	-10635.6
948	0.000116003	-10361.9
949	0.000116003	-9972.26
950	0.000116003	-11112.9
951	0.000116003	-11916.4
952	0.000116003	-10929.7
953	0.000116003	-10929.6
954	0.000116003	-12364.2
955	0.000116003	-12553.6
956	0.000116003	-12400
957	0.000116003	-11472.9
958	0.000116003	-11357.2
959	0.000116003	-11435.5
960	0.000116003	-11407.8
961	0.000116003	-10508.7
962	0.000116003	-13823.1
963	0.000116003	-11310.7
964	0.000116003	-11933.4
965	0.000116003	-9732.48
966	0.000116003	-10438.9
967	0.000116003	-11613.9
968	0.000116003	-12392.2
969	0.000116003	-11568.6
970	0.000116003	-11694.6
971	0.000116003	-11001.3
972	0.000116003	-12471.9
973	0.000116003	-11140.9
974	0.000116003	-12068.8
975	0.000116003	-12993.6
976	0.000116003	-13752.5
977	0.000116003	-14759
978	0.000116003	-14619.5
979	0.000116003	-13111.6
980	0.000116003	-12810.7
981	0.000116003	-12454.5
982	0.000116003	-12014.1
983	0.000116003	-11788.5
984	0.000116003	-12400.7
985	0.000116003	-11432.1
986	0.000116003	-11116.6
987	0.000116003	-12117.5
988	0.000116003	-12371.1
989	0.000116003	-12866.4
990	0.000116003	-15425.6
991	0.000116003	-14410.9
992	0.000116003	-11853.6
993	0.000116003	-10990.8
994	0.000116003	-10226.7
995	0.000116003	-10507.1
996	0.000116003	-12921.1
997	0.000116003	-11985.5
998	0.000116003	-11210.8
999	0.000116003	-11113.7
1000	0.000116003	-12315.6
251	5.9499e-05	-10971.6
252	5.9499e-05	-12585.6
253	5.9499e-05	-11711.4
254	5.9499e-05	-12677.7
255	5.9499e-05	-13863.8
256	5.9499e-05	-16709.9
257	5.9499e-05	-17587.6
258	5.9499e-05	-15484.1
259	5.9499e-05	-12708.4
260	5.9499e-05	-12899.2
261	5.9499e-05	-11966.9
262	5.9499e-05	-10914.8
263	5.9499e-05	-13184.3
264	5.9499e-05	-12116.4
265	5.9499e-05	-12032.3
266	5.9499e-05	-11794.7
267	5.9499e-05	-11819.4
268	5.9499e-05	-10102.3
269	5.9499e-05	-10175.5
270	5.9499e-05	-12674.7
271	5.9499e-05	-12140.2
272	5.9499e-05	-14038.3
273	5.9499e-05	-13469.1
274	5.9499e-05	-15365.8
275	5.9499e-05	-16645.1
276	5.9499e-05	-15347.6
277	5.9499e-05	-13464.1
278	5.9499e-05	-13632.2
279	5.9499e-05	-13253.7
280	5.9499e-05	-14541.8
281	5.9499e-05	-14195.9
282	5.9499e-05	-14115.6
283	5.9499e-05	-13185.2
284	5.9499e-05	-13732.7
285	5.9499e-05	-10160.7
286	5.9499e-05	-10339.9
287	5.9499e-05	-11845.9
288	5.9499e-05	-11732.1
289	5.9499e-05	-14265.4
290	5.9499e-05	-12887.6
291	5.9499e-05	-12331.8
292	5.9499e-05	-11807.7
293	5.9499e-05	-10807.2
294	5.9499e-05	-12378.6
295	5.9499e-05	-11172.2
296	5.9499e-05	-12052.5
297	5.9499e-05	-11378.8
298	5.9499e-05	-12478
299	5.9499e-05	-10978.2
300	5.9499e-05	-13620
301	5.9499e-05	-11421.6
302	5.9499e-05	-11764.5
303	5.9499e-05	-10840.6
304	5.9499e-05	-11189.1
305	5.9499e-05	-10765.8
306	5.9499e-05	-10662
307	5.9499e-05	-10500.4
308	5.9499e-05	-11952.6
309	5.9499e-05	-12478.6
310	5.9499e-05	-12220.8
311	5.9499e-05	-10980.1
312	5.9499e-05	-11471.2
313	5.9499e-05	-11628.6
314	5.9499e-05	-10834.9
315	5.9499e-05	-17865.3
316	5.9499e-05	-13351.7
317	5.9499e-05	-10390.8
318	5.9499e-05	-11710.3
319	5.9499e-05	-14589
320	5.9499e-05	-14407.7
321	5.9499e-05	-16259.8
322	5.9499e-05	-11115.8
323	5.9499e-05	-13575
324	5.9499e-05	-13270.2
325	5.9499e-05	-13527.1
326	5.9499e-05	-14863.7
327	5.9499e-05	-13990.3
328	5.9499e-05	-12865.2
329	5.9499e-05	-12707.3
330	5.9499e-05	-12043
331	5.9499e-05	-12747.2
332	5.9499e-05	-14454.6
333	5.9499e-05	-15301.9
334	5.9499e-05	-12347.1
335	5.9499e-05	-12655.9
336	5.9499e-05	-11880.8
337	5.9499e-05	-11046.8
338	5.9499e-05	-10537.3
339	5.9499e-05	-11262.3
340	5.9499e-05	-11217.6
341	5.9499e-05	-11345.4
342	5.9499e-05	-11823.6
343	5.9499e-05	-11923.7
344	5.9499e-05	-11386.2
345	5.9499e-05	-11257.7
346	5.9499e-05	-12517.4
347	5.9499e-05	-12638.5
348	5.9499e-05	-12471.7
349	5.9499e-05	-12686.6
350	5.9499e-05	-12774.1
351	5.9499e-05	-13292.8
352	5.9499e-05	-13838.9
353	5.9499e-05	-13743.7
354	5.9499e-05	-13418.8
355	5.9499e-05	-15045
356	5.9499e-05	-11962
357	5.9499e-05	-11181.3
358	5.9499e-05	-12309.5
359	5.9499e-05	-10761.5
360	5.9499e-05	-11322.2
361	5.9499e-05	-14000.9
362	5.9499e-05	-10268.9
363	5.9499e-05	-13078.2
364	5.9499e-05	-12773.1
365	5.9499e-05	-14302.7
366	5.9499e-05	-11156.8
367	5.9499e-05	-11477.9
368	5.9499e-05	-11613.8
369	5.9499e-05	-13923.3
370	5.9499e-05	-13321.7
371	5.9499e-05	-12658.1
372	5.9499e-05	-12296
373	5.9499e-05	-13645.5
374	5.9499e-05	-13595.2
375	5.9499e-05	-12734
376	5.9499e-05	-12232.5
377	5.9499e-05	-9994.76
378	5.9499e-05	-10808.5
379	5.9499e-05	-15647.6
380	5.9499e-05	-11441.7
381	5.9499e-05	-11847.9
382	5.9499e-05	-10235.7
383	5.9499e-05	-11072.5
384	5.9499e-05	-11485.2
385	5.9499e-05	-10274
386	5.9499e-05	-11435.7
387	5.9499e-05	-11033.8
388	5.9499e-05	-15604.6
389	5.9499e-05	-14289.8
390	5.9499e-05	-12459.5
391	5.9499e-05	-12121.1
392	5.9499e-05	-11312.6
393	5.9499e-05	-10839.4
394	5.9499e-05	-12190.1
395	5.9499e-05	-11332.2
396	5.9499e-05	-11313.4
397	5.9499e-05	-11267.2
398	5.9499e-05	-12525.2
399	5.9499e-05	-14048.1
400	5.9499e-05	-15271.3
401	5.9499e-05	-16006.7
402	5.9499e-05	-11729.5
403	5.9499e-05	-14165.6
404	5.9499e-05	-13193.5
405	5.9499e-05	-12368.2
406	5.9499e-05	-11908
407	5.9499e-05	-10903.5
408	5.9499e-05	-11325.9
409	5.9499e-05	-11391.9
410	5.9499e-05	-11084
411	5.9499e-05	-10996.6
412	5.9499e-05	-11038.8
413	5.9499e-05	-11472.9
414	5.9499e-05	-11100.4
415	5.9499e-05	-10661.9
416	5.9499e-05	-11079
417	5.9499e-05	-10612.1
418	5.9499e-05	-11392.4
419	5.9499e-05	-13112.3
420	5.9499e-05	-11344.8
421	5.9499e-05	-11610
422	5.9499e-05	-12205.1
423	5.9499e-05	-13903.8
424	5.9499e-05	-11195.5
425	5.9499e-05	-10281.2
426	5.9499e-05	-10785.4
427	5.9499e-05	-11373.8
428	5.9499e-05	-13030.2
429	5.9499e-05	-18398.3
430	5.9499e-05	-11984.6
431	5.9499e-05	-12675.6
432	5.9499e-05	-15334.6
433	5.9499e-05	-14654.8
434	5.9499e-05	-12426.4
435	5.9499e-05	-13650.9
436	5.9499e-05	-13466.5
437	5.9499e-05	-13268
438	5.9499e-05	-11789.8
439	5.9499e-05	-14749.1
440	5.9499e-05	-13358.2
441	5.9499e-05	-12994.6
442	5.9499e-05	-12393.7
443	5.9499e-05	-11060.4
444	5.9499e-05	-11857.9
445	5.9499e-05	-10950.3
446	5.9499e-05	-10770
447	5.9499e-05	-12749.6
448	5.9499e-05	-12078.7
449	5.9499e-05	-16094.3
450	5.9499e-05	-12705.7
451	5.9499e-05	-12544.1
452	5.9499e-05	-10395.4
453	5.9499e-05	-13477.5
454	5.9499e-05	-12028.2
455	5.9499e-05	-11847.1
456	5.9499e-05	-11916.5
457	5.9499e-05	-13572.2
458	5.9499e-05	-13840.6
459	5.9499e-05	-14310
460	5.9499e-05	-10267.9
461	5.9499e-05	-10030.9
462	5.9499e-05	-11937.6
463	5.9499e-05	-11378.7
464	5.9499e-05	-11293.8
465	5.9499e-05	-10801.6
466	5.9499e-05	-14239.8
467	5.9499e-05	-13421.9
468	5.9499e-05	-13418.9
469	5.9499e-05	-15270.3
470	5.9499e-05	-14595.6
471	5.9499e-05	-13346.3
472	5.9499e-05	-12540.7
473	5.9499e-05	-11608.3
474	5.9499e-05	-14735.5
475	5.9499e-05	-9976.38
476	5.9499e-05	-12667.3
477	5.9499e-05	-14854
478	5.9499e-05	-11444.1
479	5.9499e-05	-13359.3
480	5.9499e-05	-13409.7
481	5.9499e-05	-11904.9
482	5.9499e-05	-11764.5
483	5.9499e-05	-11228.4
484	5.9499e-05	-11642.1
485	5.9499e-05	-11419.2
486	5.9499e-05	-15325.5
487	5.9499e-05	-12079.3
488	5.9499e-05	-10907.5
489	5.9499e-05	-9865.17
490	5.9499e-05	-11697.7
491	5.9499e-05	-11124.2
492	5.9499e-05	-10761.2
493	5.9499e-05	-12956.3
494	5.9499e-05	-13273.7
495	5.9499e-05	-12200.6
496	5.9499e-05	-12065.5
497	5.9499e-05	-12457.1
498	5.9499e-05	-13879.7
499	5.9499e-05	-14703.4
500	5.9499e-05	-16253.3
501	5.9499e-05	-15901.4
502	5.9499e-05	-16800.9
503	5.9499e-05	-11714.3
504	5.9499e-05	-11324.4
505	5.9499e-05	-11846.3
506	5.9499e-05	-10441.9
507	5.9499e-05	-11795.2
508	5.9499e-05	-11562.6
509	5.9499e-05	-10907.3
510	5.9499e-05	-11002.1
511	5.9499e-05	-13964.3
512	5.9499e-05	-14017.9
513	5.9499e-05	-12332.2
514	5.9499e-05	-12946
515	5.9499e-05	-11006.2
516	5.9499e-05	-12443.3
517	5.9499e-05	-11965.2
518	5.9499e-05	-11049.1
519	5.9499e-05	-13270
520	5.9499e-05	-12718.7
521	5.9499e-05	-12874
522	5.9499e-05	-12517.6
523	5.9499e-05	-15882.6
524	5.9499e-05	-15825.7
525	5.9499e-05	-11246.9
526	5.9499e-05	-11152
527	5.9499e-05	-12496.3
528	5.9499e-05	-12383.6
529	5.9499e-05	-12512.4
530	5.9499e-05	-11596.2
531	5.9499e-05	-13190.8
532	5.9499e-05	-13445.9
533	5.9499e-05	-13043.8
534	5.9499e-05	-16276.5
535	5.9499e-05	-10635.6
536	5.9499e-05	-12974.6
537	5.9499e-05	-16342.6
538	5.9499e-05	-12373.6
539	5.9499e-05	-11555.2
540	5.9499e-05	-10801.9
541	5.9499e-05	-12165.4
542	5.9499e-05	-11875.9
543	5.9499e-05	-12645.1
544	5.9499e-05	-11607.4
545	5.9499e-05	-11794
546	5.9499e-05	-11332.4
547	5.9499e-05	-11093.2
548	5.9499e-05	-12811.4
549	5.9499e-05	-11489.9
550	5.9499e-05	-11775.7
551	5.9499e-05	-11560.4
552	5.9499e-05	-13066.8
553	5.9499e-05	-13532.7
554	5.9499e-05	-13347.2
555	5.9499e-05	-12758
556	5.9499e-05	-12382.8
557	5.9499e-05	-14280.3
558	5.9499e-05	-13840.3
559	5.9499e-05	-11997.2
560	5.9499e-05	-14188.4
561	5.9499e-05	-13181.1
562	5.9499e-05	-14006.3
563	5.9499e-05	-13845.3
564	5.9499e-05	-13912.7
565	5.9499e-05	-16037.9
566	5.9499e-05	-12009.9
567	5.9499e-05	-12462
568	5.9499e-05	-12273.1
569	5.9499e-05	-10403.3
570	5.9499e-05	-11397
571	5.9499e-05	-10898.9
572	5.9499e-05	-10529
573	5.9499e-05	-11336.9
574	5.9499e-05	-12583.4
575	5.9499e-05	-13465.5
576	5.9499e-05	-11723.2
577	5.9499e-05	-11000
578	5.9499e-05	-11724.8
579	5.9499e-05	-12517.5
580	5.9499e-05	-11631.7
581	5.9499e-05	-11126.2
582	5.9499e-05	-11817.6
583	5.9499e-05	-11888.2
584	5.9499e-05	-11145.5
585	5.9499e-05	-11428.2
586	5.9499e-05	-12781.1
587	5.9499e-05	-11965.2
588	5.9499e-05	-13114.6
589	5.9499e-05	-13428.7
590	5.9499e-05	-10547
591	5.9499e-05	-11292.3
592	5.9499e-05	-11892.9
593	5.9499e-05	-12846.8
594	5.9499e-05	-14103.2
595	5.9499e-05	-17563.4
596	5.9499e-05	-16855.6
597	5.9499e-05	-16555.9
598	5.9499e-05	-12190.2
599	5.9499e-05	-13834.3
600	5.9499e-05	-15315.6
601	5.9499e-05	-11088.1
602	5.9499e-05	-11613.7
603	5.9499e-05	-13609.3
604	5.9499e-05	-12804.3
605	5.9499e-05	-12872
606	5.9499e-05	-14474.3
607	5.9499e-05	-15101.3
608	5.9499e-05	-13771.1
609	5.9499e-05	-15236.3
610	5.9499e-05	-13167.5
611	5.9499e-05	-13772.9
612	5.9499e-05	-12315.3
613	5.9499e-05	-11790
614	5.9499e-05	-11888.6
615	5.9499e-05	-12040.3
616	5.9499e-05	-13254.7
617	5.9499e-05	-10847.4
618	5.9499e-05	-13368.5
619	5.9499e-05	-12299.7
620	5.9499e-05	-11717.6
621	5.9499e-05	-11522.9
622	5.9499e-05	-11708.5
623	5.9499e-05	-16292.8
624	5.9499e-05	-16380.6
625	5.9499e-05	-14309.6
626	5.9499e-05	-12099
627	5.9499e-05	-11463
628	5.9499e-05	-11866
629	5.9499e-05	-15871.2
630	5.9499e-05	-16498.9
631	5.9499e-05	-13888.4
632	5.9499e-05	-11380.5
633	5.9499e-05	-12551.7
634	5.9499e-05	-12376
635	5.9499e-05	-11958.8
636	5.9499e-05	-12098.9
637	5.9499e-05	-12052.6
638	5.9499e-05	-12798.9
639	5.9499e-05	-13959.4
640	5.9499e-05	-13834
641	5.9499e-05	-11639.1
642	5.9499e-05	-11655.6
643	5.9499e-05	-12100.3
644	5.9499e-05	-12495.4
645	5.9499e-05	-12382.6
646	5.9499e-05	-14746.1
647	5.9499e-05	-17149.8
648	5.9499e-05	-14960.9
649	5.9499e-05	-15278.9
650	5.9499e-05	-11647.6
651	5.9499e-05	-10824.6
652	5.9499e-05	-11752.6
653	5.9499e-05	-14174.3
654	5.9499e-05	-13867.4
655	5.9499e-05	-12241.1
656	5.9499e-05	-16243
657	5.9499e-05	-15254.7
658	5.9499e-05	-13342.5
659	5.9499e-05	-16809.9
660	5.9499e-05	-14956.1
661	5.9499e-05	-14007.3
662	5.9499e-05	-14383.6
663	5.9499e-05	-12337
664	5.9499e-05	-11940.6
665	5.9499e-05	-12620
666	5.9499e-05	-11615.5
667	5.9499e-05	-13530.8
668	5.9499e-05	-13525.2
669	5.9499e-05	-13410.3
670	5.9499e-05	-12748.6
671	5.9499e-05	-11534.9
672	5.9499e-05	-12272.3
673	5.9499e-05	-11945.9
674	5.9499e-05	-10853.6
675	5.9499e-05	-12229.4
676	5.9499e-05	-12022.6
677	5.9499e-05	-13315.9
678	5.9499e-05	-11168.1
679	5.9499e-05	-11274.8
680	5.9499e-05	-10657.3
681	5.9499e-05	-11582.1
682	5.9499e-05	-13283.1
683	5.9499e-05	-11862.7
684	5.9499e-05	-12218.4
685	5.9499e-05	-11460.6
686	5.9499e-05	-13547.4
687	5.9499e-05	-12699.4
688	5.9499e-05	-15346.6
689	5.9499e-05	-14698.3
690	5.9499e-05	-13528.5
691	5.9499e-05	-12530.3
692	5.9499e-05	-11349.5
693	5.9499e-05	-11224.7
694	5.9499e-05	-10949.4
695	5.9499e-05	-11214
696	5.9499e-05	-13322.9
697	5.9499e-05	-10296.3
698	5.9499e-05	-10974.2
699	5.9499e-05	-13208.7
700	5.9499e-05	-11405.2
701	5.9499e-05	-14665.2
702	5.9499e-05	-14133.4
703	5.9499e-05	-13518.9
704	5.9499e-05	-11909.7
705	5.9499e-05	-11541.4
706	5.9499e-05	-13242.2
707	5.9499e-05	-13903.7
708	5.9499e-05	-13461.6
709	5.9499e-05	-11917.4
710	5.9499e-05	-12445.5
711	5.9499e-05	-11539.2
712	5.9499e-05	-12996.8
713	5.9499e-05	-13112.5
714	5.9499e-05	-12137.1
715	5.9499e-05	-12515.7
716	5.9499e-05	-10464.9
717	5.9499e-05	-12061.2
718	5.9499e-05	-17320.2
719	5.9499e-05	-11973.4
720	5.9499e-05	-12424
721	5.9499e-05	-12355.2
722	5.9499e-05	-12612.3
723	5.9499e-05	-12343.8
724	5.9499e-05	-13476.7
725	5.9499e-05	-12542.1
726	5.9499e-05	-12597.8
727	5.9499e-05	-13695.9
728	5.9499e-05	-10844.8
729	5.9499e-05	-10904.6
730	5.9499e-05	-11726.9
731	5.9499e-05	-13043.1
732	5.9499e-05	-12344
733	5.9499e-05	-11548.8
734	5.9499e-05	-12284
735	5.9499e-05	-11726.4
736	5.9499e-05	-12990.4
737	5.9499e-05	-11114.7
738	5.9499e-05	-11381.4
739	5.9499e-05	-11972.8
740	5.9499e-05	-11471.8
741	5.9499e-05	-12299.1
742	5.9499e-05	-10868.6
743	5.9499e-05	-11471.4
744	5.9499e-05	-13021.8
745	5.9499e-05	-12287.8
746	5.9499e-05	-12029.2
747	5.9499e-05	-10772.3
748	5.9499e-05	-12804.4
749	5.9499e-05	-12404.1
750	5.9499e-05	-11499.2
751	5.9499e-05	-11333.2
752	5.9499e-05	-11738.7
753	5.9499e-05	-12546.1
754	5.9499e-05	-12240.1
755	5.9499e-05	-11125
756	5.9499e-05	-11685.8
757	5.9499e-05	-12039.3
758	5.9499e-05	-11689.9
759	5.9499e-05	-12350.2
760	5.9499e-05	-13006.8
761	5.9499e-05	-13903.7
762	5.9499e-05	-13998.3
763	5.9499e-05	-13903.4
764	5.9499e-05	-13520.3
765	5.9499e-05	-13233.3
766	5.9499e-05	-12836.2
767	5.9499e-05	-11953.3
768	5.9499e-05	-11778
769	5.9499e-05	-11645.5
770	5.9499e-05	-13412.3
771	5.9499e-05	-12349.8
772	5.9499e-05	-13691.6
773	5.9499e-05	-14063.2
774	5.9499e-05	-17622.3
775	5.9499e-05	-14131.9
776	5.9499e-05	-13375.5
777	5.9499e-05	-12045.5
778	5.9499e-05	-12221
779	5.9499e-05	-9949.19
780	5.9499e-05	-10526
781	5.9499e-05	-10593.8
782	5.9499e-05	-12074.9
783	5.9499e-05	-14167.4
784	5.9499e-05	-16616.3
785	5.9499e-05	-11988.4
786	5.9499e-05	-12208.7
787	5.9499e-05	-13664.2
788	5.9499e-05	-13827.1
789	5.9499e-05	-11315.7
790	5.9499e-05	-13051.2
791	5.9499e-05	-12636.8
792	5.9499e-05	-13514.8
793	5.9499e-05	-13038.2
794	5.9499e-05	-11450.8
795	5.9499e-05	-15628.8
796	5.9499e-05	-13368.1
797	5.9499e-05	-13786.5
798	5.9499e-05	-12526.7
799	5.9499e-05	-14589.7
800	5.9499e-05	-12927
801	5.9499e-05	-12867.9
802	5.9499e-05	-10667.5
803	5.9499e-05	-11221.5
804	5.9499e-05	-12682.8
805	5.9499e-05	-11942.7
806	5.9499e-05	-12349.7
807	5.9499e-05	-15493.6
808	5.9499e-05	-13584.6
809	5.9499e-05	-12562.1
810	5.9499e-05	-13574.8
811	5.9499e-05	-12232.3
812	5.9499e-05	-11856.9
813	5.9499e-05	-12976.4
814	5.9499e-05	-15479.9
815	5.9499e-05	-14167.4
816	5.9499e-05	-12066
817	5.9499e-05	-14671.5
818	5.9499e-05	-10985.5
819	5.9499e-05	-11731.4
820	5.9499e-05	-16936.9
821	5.9499e-05	-15446.7
822	5.9499e-05	-14837.2
823	5.9499e-05	-15960.2
824	5.9499e-05	-11463.4
825	5.9499e-05	-12761.2
826	5.9499e-05	-11776.7
827	5.9499e-05	-12593.9
828	5.9499e-05	-12673.2
829	5.9499e-05	-13348
830	5.9499e-05	-11801
831	5.9499e-05	-11772.3
832	5.9499e-05	-12270.3
833	5.9499e-05	-10790.3
834	5.9499e-05	-10779.2
835	5.9499e-05	-11234.8
836	5.9499e-05	-11403.1
837	5.9499e-05	-11291.5
838	5.9499e-05	-13297.2
839	5.9499e-05	-12373.8
840	5.9499e-05	-13021
841	5.9499e-05	-14708.3
842	5.9499e-05	-13179.7
843	5.9499e-05	-12251.4
844	5.9499e-05	-13974.8
845	5.9499e-05	-14386.3
846	5.9499e-05	-12508.5
847	5.9499e-05	-12780.3
848	5.9499e-05	-12015.3
849	5.9499e-05	-9989.72
850	5.9499e-05	-10958.2
851	5.9499e-05	-10575.9
852	5.9499e-05	-10585.8
853	5.9499e-05	-10730.3
854	5.9499e-05	-11907.3
855	5.9499e-05	-12446.6
856	5.9499e-05	-11317.1
857	5.9499e-05	-10750.9
858	5.9499e-05	-11657.9
859	5.9499e-05	-12320.6
860	5.9499e-05	-10834.2
861	5.9499e-05	-11458.3
862	5.9499e-05	-11403.8
863	5.9499e-05	-9352.94
864	5.9499e-05	-11109.9
865	5.9499e-05	-12084
866	5.9499e-05	-12393.3
867	5.9499e-05	-10516.2
868	5.9499e-05	-11578.8
869	5.9499e-05	-12737.2
870	5.9499e-05	-12720.6
871	5.9499e-05	-12746.4
872	5.9499e-05	-13654.9
873	5.9499e-05	-11411.3
874	5.9499e-05	-11706.7
875	5.9499e-05	-11934.8
876	5.9499e-05	-11835.6
877	5.9499e-05	-12640.7
878	5.9499e-05	-10559.6
879	5.9499e-05	-11733.8
880	5.9499e-05	-11834.5
881	5.9499e-05	-11379.8
882	5.9499e-05	-12305
883	5.9499e-05	-11530.2
884	5.9499e-05	-13840.1
885	5.9499e-05	-12513.2
886	5.9499e-05	-13535.2
887	5.9499e-05	-10678.1
888	5.9499e-05	-10350.9
889	5.9499e-05	-12486.3
890	5.9499e-05	-11400.5
891	5.9499e-05	-10484.1
892	5.9499e-05	-12499.8
893	5.9499e-05	-12506.6
894	5.9499e-05	-12125.9
895	5.9499e-05	-12478.5
896	5.9499e-05	-11650.1
897	5.9499e-05	-12930.3
898	5.9499e-05	-12186.6
899	5.9499e-05	-11274.7
900	5.9499e-05	-12855.3
901	5.9499e-05	-11951.9
902	5.9499e-05	-12596.7
903	5.9499e-05	-11989.4
904	5.9499e-05	-11493.8
905	5.9499e-05	-10746.8
906	5.9499e-05	-11681.8
907	5.9499e-05	-11474
908	5.9499e-05	-14178.3
909	5.9499e-05	-11499.6
910	5.9499e-05	-11511.5
911	5.9499e-05	-12063
912	5.9499e-05	-12453.9
913	5.9499e-05	-11427.8
914	5.9499e-05	-11142.2
915	5.9499e-05	-10871.1
916	5.9499e-05	-10605.2
917	5.9499e-05	-10592.3
918	5.9499e-05	-12300.9
919	5.9499e-05	-12415.2
920	5.9499e-05	-11086.5
921	5.9499e-05	-11589.8
922	5.9499e-05	-12168.4
923	5.9499e-05	-15024.1
924	5.9499e-05	-14205.5
925	5.9499e-05	-13134.1
926	5.9499e-05	-12016.7
927	5.9499e-05	-13698.8
928	5.9499e-05	-10845.8
929	5.9499e-05	-13113.6
930	5.9499e-05	-14361.2
931	5.9499e-05	-14490.8
932	5.9499e-05	-12196.9
933	5.9499e-05	-10881.3
934	5.9499e-05	-10476.7
935	5.9499e-05	-10287.8
936	5.9499e-05	-12240
937	5.9499e-05	-12296.4
938	5.9499e-05	-13179.5
939	5.9499e-05	-13038.8
940	5.9499e-05	-12033.3
941	5.9499e-05	-11705.3
942	5.9499e-05	-12111
943	5.9499e-05	-12328
944	5.9499e-05	-13237.7
945	5.9499e-05	-14201.8
946	5.9499e-05	-12077.8
947	5.9499e-05	-12204
948	5.9499e-05	-12295.9
949	5.9499e-05	-11000.4
950	5.9499e-05	-11762.6
951	5.9499e-05	-11153
952	5.9499e-05	-13059.1
953	5.9499e-05	-11913.2
954	5.9499e-05	-11261.6
955	5.9499e-05	-10913.8
956	5.9499e-05	-11514.8
957	5.9499e-05	-12436.1
958	5.9499e-05	-12071.1
959	5.9499e-05	-13192.6
960	5.9499e-05	-12862.1
961	5.9499e-05	-11409.2
962	5.9499e-05	-10949.2
963	5.9499e-05	-10778.7
964	5.9499e-05	-13134.7
965	5.9499e-05	-12292.3
966	5.9499e-05	-10782
967	5.9499e-05	-10835.5
968	5.9499e-05	-10694.4
969	5.9499e-05	-11359.3
970	5.9499e-05	-12175.1
971	5.9499e-05	-10887.4
972	5.9499e-05	-12292.8
973	5.9499e-05	-11448
974	5.9499e-05	-12000.3
975	5.9499e-05	-10555.7
976	5.9499e-05	-12039
977	5.9499e-05	-11759.7
978	5.9499e-05	-11691.2
979	5.9499e-05	-11749
980	5.9499e-05	-11611.1
981	5.9499e-05	-11035.5
982	5.9499e-05	-10247.9
983	5.9499e-05	-10900.5
984	5.9499e-05	-12431.5
985	5.9499e-05	-11624.6
986	5.9499e-05	-13645.3
987	5.9499e-05	-12261.4
988	5.9499e-05	-10827.1
989	5.9499e-05	-11160.2
990	5.9499e-05	-12283.9
991	5.9499e-05	-11093.9
992	5.9499e-05	-11895.7
993	5.9499e-05	-11976.1
994	5.9499e-05	-10016.8
995	5.9499e-05	-11921.5
996	5.9499e-05	-11447.7
997	5.9499e-05	-10574.7
998	5.9499e-05	-11650.2
999	5.9499e-05	-12737.6
1000	5.9499e-05	-11101.6
251	2.75281e-05	-11217.3
252	2.75281e-05	-10998.3
253	2.75281e-05	-10880.3
254	2.75281e-05	-12893.5
255	2.75281e-05	-12715.6
256	2.75281e-05	-13141.5
257	2.75281e-05	-11069.9
258	2.75281e-05	-13289.6
259	2.75281e-05	-13632.8
260	2.75281e-05	-16305.7
261	2.75281e-05	-10754.7
262	2.75281e-05	-11538.5
263	2.75281e-05	-11752.5
264	2.75281e-05	-14692.5
265	2.75281e-05	-12533.8
266	2.75281e-05	-14278.4
267	2.75281e-05	-13077.9
268	2.75281e-05	-14565.1
269	2.75281e-05	-14044.5
270	2.75281e-05	-12080.4
271	2.75281e-05	-12437
272	2.75281e-05	-12168.6
273	2.75281e-05	-11672.3
274	2.75281e-05	-12927.2
275	2.75281e-05	-13207.5
276	2.75281e-05	-12984.6
277	2.75281e-05	-13599.4
278	2.75281e-05	-13823.1
279	2.75281e-05	-14823.5
280	2.75281e-05	-14613.5
281	2.75281e-05	-12966.1
282	2.75281e-05	-13091.9
283	2.75281e-05	-12186
284	2.75281e-05	-15086.5
285	2.75281e-05	-14684.7
286	2.75281e-05	-10858.3
287	2.75281e-05	-10733.4
288	2.75281e-05	-13579.9
289	2.75281e-05	-12669.1
290	2.75281e-05	-15276.1
291	2.75281e-05	-15530.8
292	2.75281e-05	-12332.4
293	2.75281e-05	-13509.3
294	2.75281e-05	-14392.4
295	2.75281e-05	-14153.2
296	2.75281e-05	-16809.2
297	2.75281e-05	-13027.7
298	2.75281e-05	-12098.1
299	2.75281e-05	-12681.9
300	2.75281e-05	-15360.5
301	2.75281e-05	-11235.9
302	2.75281e-05	-11307.3
303	2.75281e-05	-12753.5
304	2.75281e-05	-12726.7
305	2.75281e-05	-10659.1
306	2.75281e-05	-11387.2
307	2.75281e-05	-13179.5
308	2.75281e-05	-13631.5
309	2.75281e-05	-13801.8
310	2.75281e-05	-12298.3
311	2.75281e-05	-12574.2
312	2.75281e-05	-10869.4
313	2.75281e-05	-11878.7
314	2.75281e-05	-10748.5
315	2.75281e-05	-11846.1
316	2.75281e-05	-9450.17
317	2.75281e-05	-11475.9
318	2.75281e-05	-11739.7
319	2.75281e-05	-11417.8
320	2.75281e-05	-11196.2
321	2.75281e-05	-11778.4
322	2.75281e-05	-11233
323	2.75281e-05	-10589.2
324	2.75281e-05	-11104.1
325	2.75281e-05	-10653.9
326	2.75281e-05	-14019.8
327	2.75281e-05	-14638.1
328	2.75281e-05	-14495.9
329	2.75281e-05	-14163
330	2.75281e-05	-11092.9
331	2.75281e-05	-11766.4
332	2.75281e-05	-10905.4
333	2.75281e-05	-10419.6
334	2.75281e-05	-11649.7
335	2.75281e-05	-10844.9
336	2.75281e-05	-11657.2
337	2.75281e-05	-11105.9
338	2.75281e-05	-10976.2
339	2.75281e-05	-11982.1
340	2.75281e-05	-10376.7
341	2.75281e-05	-10508.2
342	2.75281e-05	-14384.3
343	2.75281e-05	-15469
344	2.75281e-05	-14088.3
345	2.75281e-05	-12672.6
346	2.75281e-05	-9939.5
347	2.75281e-05	-11717.8
348	2.75281e-05	-12807.2
349	2.75281e-05	-12641.2
350	2.75281e-05	-12421.5
351	2.75281e-05	-10296.5
352	2.75281e-05	-16844.4
353	2.75281e-05	-17409.6
354	2.75281e-05	-17616.9
355	2.75281e-05	-14136.6
356	2.75281e-05	-14218.8
357	2.75281e-05	-13537.2
358	2.75281e-05	-15060.8
359	2.75281e-05	-13931.1
360	2.75281e-05	-12713.4
361	2.75281e-05	-13199.2
362	2.75281e-05	-14178.4
363	2.75281e-05	-16150
364	2.75281e-05	-12765.9
365	2.75281e-05	-12917.9
366	2.75281e-05	-13299.7
367	2.75281e-05	-12607.5
368	2.75281e-05	-15997.9
369	2.75281e-05	-14234.1
370	2.75281e-05	-12402.5
371	2.75281e-05	-11560
372	2.75281e-05	-11446.2
373	2.75281e-05	-13731.4
374	2.75281e-05	-13363.4
375	2.75281e-05	-13247.6
376	2.75281e-05	-14574.9
377	2.75281e-05	-13934.7
378	2.75281e-05	-14069.2
379	2.75281e-05	-11228.4
380	2.75281e-05	-12419.6
381	2.75281e-05	-13848.7
382	2.75281e-05	-12284.4
383	2.75281e-05	-14870
384	2.75281e-05	-16804.1
385	2.75281e-05	-15580.7
386	2.75281e-05	-15063.7
387	2.75281e-05	-10464.8
388	2.75281e-05	-10578.7
389	2.75281e-05	-14606.7
390	2.75281e-05	-12216.9
391	2.75281e-05	-13349.1
392	2.75281e-05	-14276.1
393	2.75281e-05	-13127.7
394	2.75281e-05	-11628.2
395	2.75281e-05	-11588.8
396	2.75281e-05	-15867.9
397	2.75281e-05	-16719.1
398	2.75281e-05	-14208.6
399	2.75281e-05	-12315.6
400	2.75281e-05	-11368.4
401	2.75281e-05	-11740.5
402	2.75281e-05	-10918.5
403	2.75281e-05	-11961.2
404	2.75281e-05	-14236.8
405	2.75281e-05	-13014.9
406	2.75281e-05	-10731.4
407	2.75281e-05	-10432.4
408	2.75281e-05	-12053.7
409	2.75281e-05	-11898.5
410	2.75281e-05	-13788.4
411	2.75281e-05	-11953.7
412	2.75281e-05	-13251.1
413	2.75281e-05	-11710.6
414	2.75281e-05	-12578.7
415	2.75281e-05	-11207.8
416	2.75281e-05	-10966.5
417	2.75281e-05	-11464.6
418	2.75281e-05	-12398.4
419	2.75281e-05	-11901.9
420	2.75281e-05	-12531.8
421	2.75281e-05	-11469.1
422	2.75281e-05	-13804.6
423	2.75281e-05	-14607.7
424	2.75281e-05	-12511.3
425	2.75281e-05	-11189.2
426	2.75281e-05	-11970
427	2.75281e-05	-11929.3
428	2.75281e-05	-11309.9
429	2.75281e-05	-10802.7
430	2.75281e-05	-11999.7
431	2.75281e-05	-12740.1
432	2.75281e-05	-13001.5
433	2.75281e-05	-12441.8
434	2.75281e-05	-10392.6
435	2.75281e-05	-11776.5
436	2.75281e-05	-13570.4
437	2.75281e-05	-12683.1
438	2.75281e-05	-14368.1
439	2.75281e-05	-11933.5
440	2.75281e-05	-11672.4
441	2.75281e-05	-12903.7
442	2.75281e-05	-11537.7
443	2.75281e-05	-11949.1
444	2.75281e-05	-11418.2
445	2.75281e-05	-12585.3
446	2.75281e-05	-11724.2
447	2.75281e-05	-11705.6
448	2.75281e-05	-12495.8
449	2.75281e-05	-12208.3
450	2.75281e-05	-13599.6
451	2.75281e-05	-13219.8
452	2.75281e-05	-12814.3
453	2.75281e-05	-11923.1
454	2.75281e-05	-11881.8
455	2.75281e-05	-12202.1
456	2.75281e-05	-12033.9
457	2.75281e-05	-10936.7
458	2.75281e-05	-11496.9
459	2.75281e-05	-11353.4
460	2.75281e-05	-12406
461	2.75281e-05	-12811.9
462	2.75281e-05	-11036.3
463	2.75281e-05	-12789.4
464	2.75281e-05	-11917.1
465	2.75281e-05	-11448.9
466	2.75281e-05	-11434.1
467	2.75281e-05	-12242.5
468	2.75281e-05	-14566.1
469	2.75281e-05	-13069.1
470	2.75281e-05	-13463.4
471	2.75281e-05	-12776.4
472	2.75281e-05	-12454.7
473	2.75281e-05	-10094.5
474	2.75281e-05	-10373
475	2.75281e-05	-10033.4
476	2.75281e-05	-10520.1
477	2.75281e-05	-10584.3
478	2.75281e-05	-11898.1
479	2.75281e-05	-12286.5
480	2.75281e-05	-12065.1
481	2.75281e-05	-12527.5
482	2.75281e-05	-11043.4
483	2.75281e-05	-11691
484	2.75281e-05	-12586.8
485	2.75281e-05	-10998
486	2.75281e-05	-11629.3
487	2.75281e-05	-11337
488	2.75281e-05	-12429.9
489	2.75281e-05	-11867.6
490	2.75281e-05	-14364
491	2.75281e-05	-13157.9
492	2.75281e-05	-14620.4
493	2.75281e-05	-13890.2
494	2.75281e-05	-12785.1
495	2.75281e-05	-11726.6
496	2.75281e-05	-11083.1
497	2.75281e-05	-11646.8
498	2.75281e-05	-11789.3
499	2.75281e-05	-13690.8
500	2.75281e-05	-16669
501	2.75281e-05	-13390.2
502	2.75281e-05	-12663.5
503	2.75281e-05	-14448.9
504	2.75281e-05	-13349.3
505	2.75281e-05	-14303.1
506	2.75281e-05	-13593.2
507	2.75281e-05	-10320.1
508	2.75281e-05	-10056.3
509	2.75281e-05	-10804.9
510	2.75281e-05	-14601.2
511	2.75281e-05	-13866.1
512	2.75281e-05	-10984.5
513	2.75281e-05	-11607.5
514	2.75281e-05	-13231.7
515	2.75281e-05	-11114.6
516	2.75281e-05	-11475.8
517	2.75281e-05	-11956
518	2.75281e-05	-13943.3
519	2.75281e-05	-14774.6
520	2.75281e-05	-11572.8
521	2.75281e-05	-12868.9
522	2.75281e-05	-13430.4
523	2.75281e-05	-12363.1
524	2.75281e-05	-10987.3
525	2.75281e-05	-11966.1
526	2.75281e-05	-10429.5
527	2.75281e-05	-12602.2
528	2.75281e-05	-12283.1
529	2.75281e-05	-11179.2
530	2.75281e-05	-11641.1
531	2.75281e-05	-11326.5
532	2.75281e-05	-10546.9
533	2.75281e-05	-11295.4
534	2.75281e-05	-10749.4
535	2.75281e-05	-16475.2
536	2.75281e-05	-12967.5
537	2.75281e-05	-12588.5
538	2.75281e-05	-12756.2
539	2.75281e-05	-12349.8
540	2.75281e-05	-17069.2
541	2.75281e-05	-15350
542	2.75281e-05	-14046.4
543	2.75281e-05	-14437.7
544	2.75281e-05	-12737.8
545	2.75281e-05	-13449.1
546	2.75281e-05	-11856.7
547	2.75281e-05	-10286.8
548	2.75281e-05	-10812.4
549	2.75281e-05	-11161
550	2.75281e-05	-13297.2
551	2.75281e-05	-13884
552	2.75281e-05	-13424.5
553	2.75281e-05	-13368.7
554	2.75281e-05	-12568.4
555	2.75281e-05	-12004.1
556	2.75281e-05	-11352.9
557	2.75281e-05	-11227.5
558	2.75281e-05	-10760.1
559	2.75281e-05	-11313.6
560	2.75281e-05	-11672
561	2.75281e-05	-11460.5
562	2.75281e-05	-12656.8
563	2.75281e-05	-10842.9
564	2.75281e-05	-12414.7
565	2.75281e-05	-13491.7
566	2.75281e-05	-12492.8
567	2.75281e-05	-14083.1
568	2.75281e-05	-13578.5
569	2.75281e-05	-15192.3
570	2.75281e-05	-12352.6
571	2.75281e-05	-11488.9
572	2.75281e-05	-12369.1
573	2.75281e-05	-13181.6
574	2.75281e-05	-12209.5
575	2.75281e-05	-12106.5
576	2.75281e-05	-12073.4
577	2.75281e-05	-11933.5
578	2.75281e-05	-13990.5
579	2.75281e-05	-12885.4
580	2.75281e-05	-11975.2
581	2.75281e-05	-11982.9
582	2.75281e-05	-13050.5
583	2.75281e-05	-14653.4
584	2.75281e-05	-11809.2
585	2.75281e-05	-11697.9
586	2.75281e-05	-12857.8
587	2.75281e-05	-11387.1
588	2.75281e-05	-10821.8
589	2.75281e-05	-11811.4
590	2.75281e-05	-13642.4
591	2.75281e-05	-19221.4
592	2.75281e-05	-15580.9
593	2.75281e-05	-15285.7
594	2.75281e-05	-12895.5
595	2.75281e-05	-12582.1
596	2.75281e-05	-11945.4
597	2.75281e-05	-13408.6
598	2.75281e-05	-12810.1
599	2.75281e-05	-10914.8
600	2.75281e-05	-13888.4
601	2.75281e-05	-10889.2
602	2.75281e-05	-11777.7
603	2.75281e-05	-11235.4
604	2.75281e-05	-11603.9
605	2.75281e-05	-11992.4
606	2.75281e-05	-12661.8
607	2.75281e-05	-10440.5
608	2.75281e-05	-12295.2
609	2.75281e-05	-11358
610	2.75281e-05	-11750.2
611	2.75281e-05	-14842.2
612	2.75281e-05	-10787.5
613	2.75281e-05	-9527.55
614	2.75281e-05	-11917.4
615	2.75281e-05	-13919.6
616	2.75281e-05	-11688.3
617	2.75281e-05	-12850.3
618	2.75281e-05	-12442.5
619	2.75281e-05	-11024.3
620	2.75281e-05	-12724.6
621	2.75281e-05	-11094.6
622	2.75281e-05	-16453.5
623	2.75281e-05	-11274.2
624	2.75281e-05	-11492.7
625	2.75281e-05	-11663.8
626	2.75281e-05	-11574
627	2.75281e-05	-13913.4
628	2.75281e-05	-13598.4
629	2.75281e-05	-14472.8
630	2.75281e-05	-14108.7
631	2.75281e-05	-14838.9
632	2.75281e-05	-13888.3
633	2.75281e-05	-12577.1
634	2.75281e-05	-12916.4
635	2.75281e-05	-12313.9
636	2.75281e-05	-10724
637	2.75281e-05	-12381.1
638	2.75281e-05	-11291.9
639	2.75281e-05	-15333.9
640	2.75281e-05	-16566.9
641	2.75281e-05	-16026.9
642	2.75281e-05	-13243
643	2.75281e-05	-12581.9
644	2.75281e-05	-10312.1
645	2.75281e-05	-11088.1
646	2.75281e-05	-12484.2
647	2.75281e-05	-12116.9
648	2.75281e-05	-11542.8
649	2.75281e-05	-12354.5
650	2.75281e-05	-14821.2
651	2.75281e-05	-15362.3
652	2.75281e-05	-11870.6
653	2.75281e-05	-13380.4
654	2.75281e-05	-13295.8
655	2.75281e-05	-15072.9
656	2.75281e-05	-11893.5
657	2.75281e-05	-10825.3
658	2.75281e-05	-11267.6
659	2.75281e-05	-12661.7
660	2.75281e-05	-11761.4
661	2.75281e-05	-11207.6
662	2.75281e-05	-10895.2
663	2.75281e-05	-10850.1
664	2.75281e-05	-10762.5
665	2.75281e-05	-11352.3
666	2.75281e-05	-11470.8
667	2.75281e-05	-10793.8
668	2.75281e-05	-11297.5
669	2.75281e-05	-11788.9
670	2.75281e-05	-12621.2
671	2.75281e-05	-13530.5
672	2.75281e-05	-11809.5
673	2.75281e-05	-11401.7
674	2.75281e-05	-11281.1
675	2.75281e-05	-14078.6
676	2.75281e-05	-13313
677	2.75281e-05	-11574.2
678	2.75281e-05	-11477.8
679	2.75281e-05	-13165.6
680	2.75281e-05	-11511.7
681	2.75281e-05	-12275.1
682	2.75281e-05	-11925.2
683	2.75281e-05	-13068.6
684	2.75281e-05	-11488.7
685	2.75281e-05	-12639.6
686	2.75281e-05	-16377.6
687	2.75281e-05	-15520.5
688	2.75281e-05	-14985.6
689	2.75281e-05	-13738.5
690	2.75281e-05	-16007.2
691	2.75281e-05	-13223.1
692	2.75281e-05	-10787.7
693	2.75281e-05	-14927.4
694	2.75281e-05	-15983.9
695	2.75281e-05	-14746.4
696	2.75281e-05	-15278.5
697	2.75281e-05	-17068.3
698	2.75281e-05	-13746.2
699	2.75281e-05	-12562.8
700	2.75281e-05	-12684.4
701	2.75281e-05	-10170.6
702	2.75281e-05	-11579.5
703	2.75281e-05	-11074.8
704	2.75281e-05	-11569.3
705	2.75281e-05	-12914.1
706	2.75281e-05	-10597.8
707	2.75281e-05	-11632.8
708	2.75281e-05	-12684.8
709	2.75281e-05	-14332.4
710	2.75281e-05	-15686.5
711	2.75281e-05	-13419.3
712	2.75281e-05	-18841.4
713	2.75281e-05	-19308.3
714	2.75281e-05	-14095.5
715	2.75281e-05	-13041.1
716	2.75281e-05	-11958.5
717	2.75281e-05	-12701.6
718	2.75281e-05	-11872.5
719	2.75281e-05	-10382.5
720	2.75281e-05	-11491.6
721	2.75281e-05	-10676
722	2.75281e-05	-11257.6
723	2.75281e-05	-12156.6
724	2.75281e-05	-11470.8
725	2.75281e-05	-11523.5
726	2.75281e-05	-10834.2
727	2.75281e-05	-10717.5
728	2.75281e-05	-11134.7
729	2.75281e-05	-11158.8
730	2.75281e-05	-11272.7
731	2.75281e-05	-11527.6
732	2.75281e-05	-11165.9
733	2.75281e-05	-11403.9
734	2.75281e-05	-11684.4
735	2.75281e-05	-13655.7
736	2.75281e-05	-14370.8
737	2.75281e-05	-12762.9
738	2.75281e-05	-12759.4
739	2.75281e-05	-12542.4
740	2.75281e-05	-13085.1
741	2.75281e-05	-12142.6
742	2.75281e-05	-11764.9
743	2.75281e-05	-13297.9
744	2.75281e-05	-13674.5
745	2.75281e-05	-13269.9
746	2.75281e-05	-12809.5
747	2.75281e-05	-13141.9
748	2.75281e-05	-13541.4
749	2.75281e-05	-15144.5
750	2.75281e-05	-13988
751	2.75281e-05	-11668.4
752	2.75281e-05	-12128.7
753	2.75281e-05	-10072.7
754	2.75281e-05	-10765.6
755	2.75281e-05	-13177.2
756	2.75281e-05	-12380.8
757	2.75281e-05	-18631.2
758	2.75281e-05	-14293.9
759	2.75281e-05	-11314.2
760	2.75281e-05	-13147
761	2.75281e-05	-15379.6
762	2.75281e-05	-13541.4
763	2.75281e-05	-13744.4
764	2.75281e-05	-11662
765	2.75281e-05	-12248.6
766	2.75281e-05	-11825.7
767	2.75281e-05	-13223
768	2.75281e-05	-11405.1
769	2.75281e-05	-11793.7
770	2.75281e-05	-12633.9
771	2.75281e-05	-10878.4
772	2.75281e-05	-11664.6
773	2.75281e-05	-13227.9
774	2.75281e-05	-13549.5
775	2.75281e-05	-13099.8
776	2.75281e-05	-12967.1
777	2.75281e-05	-15153.9
778	2.75281e-05	-12900.4
779	2.75281e-05	-12427
780	2.75281e-05	-12176
781	2.75281e-05	-11417.1
782	2.75281e-05	-12187.2
783	2.75281e-05	-11944.4
784	2.75281e-05	-17050
785	2.75281e-05	-12447.4
786	2.75281e-05	-12545.9
787	2.75281e-05	-17709.5
788	2.75281e-05	-16993.5
789	2.75281e-05	-19115.8
790	2.75281e-05	-11864.9
791	2.75281e-05	-10803.9
792	2.75281e-05	-12738.4
793	2.75281e-05	-11299.4
794	2.75281e-05	-12155.8
795	2.75281e-05	-11916.6
796	2.75281e-05	-13261.6
797	2.75281e-05	-13243.1
798	2.75281e-05	-12605.8
799	2.75281e-05	-14953.2
800	2.75281e-05	-15388.5
801	2.75281e-05	-12557.8
802	2.75281e-05	-12183.3
803	2.75281e-05	-13397.4
804	2.75281e-05	-12431.2
805	2.75281e-05	-12612.8
806	2.75281e-05	-11630.5
807	2.75281e-05	-14529.9
808	2.75281e-05	-11918.3
809	2.75281e-05	-10630.5
810	2.75281e-05	-10587.5
811	2.75281e-05	-10863.2
812	2.75281e-05	-11106.1
813	2.75281e-05	-11326.5
814	2.75281e-05	-10252.4
815	2.75281e-05	-11487.2
816	2.75281e-05	-12584.9
817	2.75281e-05	-11994.1
818	2.75281e-05	-12861.5
819	2.75281e-05	-13799.9
820	2.75281e-05	-13991.1
821	2.75281e-05	-14921.9
822	2.75281e-05	-14644.9
823	2.75281e-05	-10459.4
824	2.75281e-05	-10980.1
825	2.75281e-05	-10978.6
826	2.75281e-05	-10992.5
827	2.75281e-05	-11722.2
828	2.75281e-05	-10200.1
829	2.75281e-05	-10268.6
830	2.75281e-05	-12328.4
831	2.75281e-05	-14587.4
832	2.75281e-05	-13204.7
833	2.75281e-05	-12509.9
834	2.75281e-05	-13903.8
835	2.75281e-05	-15004.9
836	2.75281e-05	-13645.3
837	2.75281e-05	-11259.8
838	2.75281e-05	-11783.7
839	2.75281e-05	-12535.6
840	2.75281e-05	-14088
841	2.75281e-05	-12811.1
842	2.75281e-05	-12276.2
843	2.75281e-05	-14213.4
844	2.75281e-05	-11820.2
845	2.75281e-05	-13540.7
846	2.75281e-05	-13824.8
847	2.75281e-05	-11232.8
848	2.75281e-05	-10939.6
849	2.75281e-05	-11805.3
850	2.75281e-05	-12566.7
851	2.75281e-05	-12197.5
852	2.75281e-05	-13869.6
853	2.75281e-05	-14972.4
854	2.75281e-05	-17241.1
855	2.75281e-05	-12784.3
856	2.75281e-05	-13328.1
857	2.75281e-05	-13241.1
858	2.75281e-05	-14730.6
859	2.75281e-05	-14364.8
860	2.75281e-05	-12324.3
861	2.75281e-05	-12132.3
862	2.75281e-05	-13506.9
863	2.75281e-05	-11914
864	2.75281e-05	-12233.5
865	2.75281e-05	-11189.1
866	2.75281e-05	-10690.3
867	2.75281e-05	-13717.1
868	2.75281e-05	-12764.6
869	2.75281e-05	-10313.5
870	2.75281e-05	-10886.5
871	2.75281e-05	-10741.6
872	2.75281e-05	-13847.5
873	2.75281e-05	-12642
874	2.75281e-05	-12284.2
875	2.75281e-05	-11782.7
876	2.75281e-05	-11811
877	2.75281e-05	-13938.5
878	2.75281e-05	-14357.1
879	2.75281e-05	-12187.5
880	2.75281e-05	-15202.9
881	2.75281e-05	-11611.5
882	2.75281e-05	-10817.9
883	2.75281e-05	-11259
884	2.75281e-05	-11822.6
885	2.75281e-05	-10471
886	2.75281e-05	-12796.7
887	2.75281e-05	-12208.7
888	2.75281e-05	-12962.9
889	2.75281e-05	-13129
890	2.75281e-05	-11907.6
891	2.75281e-05	-11540.1
892	2.75281e-05	-13132.3
893	2.75281e-05	-13919.2
894	2.75281e-05	-11917.4
895	2.75281e-05	-10802.1
896	2.75281e-05	-11243.2
897	2.75281e-05	-12114.6
898	2.75281e-05	-11495.2
899	2.75281e-05	-10969.6
900	2.75281e-05	-11653
901	2.75281e-05	-11533
902	2.75281e-05	-12336.7
903	2.75281e-05	-10733.9
904	2.75281e-05	-12753.9
905	2.75281e-05	-13591.7
906	2.75281e-05	-12629
907	2.75281e-05	-11999.3
908	2.75281e-05	-11802.1
909	2.75281e-05	-12361.1
910	2.75281e-05	-11784.6
911	2.75281e-05	-11963
912	2.75281e-05	-10610.3
913	2.75281e-05	-11335.7
914	2.75281e-05	-10627.3
915	2.75281e-05	-11654.6
916	2.75281e-05	-11062.1
917	2.75281e-05	-9806.24
918	2.75281e-05	-11532.2
919	2.75281e-05	-11522.3
920	2.75281e-05	-11816.9
921	2.75281e-05	-12123.3
922	2.75281e-05	-12089.2
923	2.75281e-05	-14091.4
924	2.75281e-05	-11018.6
925	2.75281e-05	-11594.4
926	2.75281e-05	-11571.6
927	2.75281e-05	-13632.4
928	2.75281e-05	-15642.3
929	2.75281e-05	-16039.1
930	2.75281e-05	-11150
931	2.75281e-05	-14758.2
932	2.75281e-05	-13557.9
933	2.75281e-05	-10251.5
934	2.75281e-05	-11096.7
935	2.75281e-05	-13518.4
936	2.75281e-05	-10876.1
937	2.75281e-05	-11882.5
938	2.75281e-05	-12181.1
939	2.75281e-05	-13454.4
940	2.75281e-05	-11630.2
941	2.75281e-05	-10776
942	2.75281e-05	-10341.6
943	2.75281e-05	-10492
944	2.75281e-05	-13598.8
945	2.75281e-05	-10921
946	2.75281e-05	-10690.4
947	2.75281e-05	-12020.5
948	2.75281e-05	-11927.1
949	2.75281e-05	-10802.8
950	2.75281e-05	-10528.8
951	2.75281e-05	-12109.7
952	2.75281e-05	-11847.1
953	2.75281e-05	-11085
954	2.75281e-05	-11279.5
955	2.75281e-05	-10995.3
956	2.75281e-05	-11511.7
957	2.75281e-05	-10342.1
958	2.75281e-05	-11687.8
959	2.75281e-05	-11425.6
960	2.75281e-05	-11752.9
961	2.75281e-05	-11469.6
962	2.75281e-05	-11515
963	2.75281e-05	-11499.2
964	2.75281e-05	-10166.4
965	2.75281e-05	-10056
966	2.75281e-05	-15486.3
967	2.75281e-05	-16889.2
968	2.75281e-05	-16268.9
969	2.75281e-05	-11900.9
970	2.75281e-05	-10552.6
971	2.75281e-05	-16706.7
972	2.75281e-05	-13023.2
973	2.75281e-05	-12163.5
974	2.75281e-05	-13026
975	2.75281e-05	-12843.6
976	2.75281e-05	-12684.5
977	2.75281e-05	-12984.2
978	2.75281e-05	-14645.1
979	2.75281e-05	-14246.5
980	2.75281e-05	-18276.6
981	2.75281e-05	-14384.3
982	2.75281e-05	-12123.5
983	2.75281e-05	-12783.7
984	2.75281e-05	-14533.4
985	2.75281e-05	-13997
986	2.75281e-05	-11746.6
987	2.75281e-05	-10744.9
988	2.75281e-05	-10938.2
989	2.75281e-05	-11462.9
990	2.75281e-05	-11327.4
991	2.75281e-05	-12104.8
992	2.75281e-05	-13938
993	2.75281e-05	-11280.8
994	2.75281e-05	-13650.6
995	2.75281e-05	-13731.6
996	2.75281e-05	-14461.3
997	2.75281e-05	-13920.5
998	2.75281e-05	-11294.8
999	2.75281e-05	-11563.3
1000	2.75281e-05	-11927.7
251	1.10629e-05	-12878.9
252	1.10629e-05	-12747.3
253	1.10629e-05	-11260.4
254	1.10629e-05	-10876.2
255	1.10629e-05	-11430.8
256	1.10629e-05	-11279.5
257	1.10629e-05	-11975.8
258	1.10629e-05	-13838.6
259	1.10629e-05	-13189.4
260	1.10629e-05	-12557
261	1.10629e-05	-14188.9
262	1.10629e-05	-13287.7
263	1.10629e-05	-14018.7
264	1.10629e-05	-13610.5
265	1.10629e-05	-10546.4
266	1.10629e-05	-11711.9
267	1.10629e-05	-13248.5
268	1.10629e-05	-12812
269	1.10629e-05	-12794.8
270	1.10629e-05	-10951.3
271	1.10629e-05	-11459.2
272	1.10629e-05	-11590.2
273	1.10629e-05	-12411.2
274	1.10629e-05	-11721.7
275	1.10629e-05	-11031.5
276	1.10629e-05	-11319
277	1.10629e-05	-13638.6
278	1.10629e-05	-13637.9
279	1.10629e-05	-13778.2
280	1.10629e-05	-10937.5
281	1.10629e-05	-13501.1
282	1.10629e-05	-12934
283	1.10629e-05	-11565.2
284	1.10629e-05	-11297.1
285	1.10629e-05	-12025.3
286	1.10629e-05	-14011.5
287	1.10629e-05	-13515.3
288	1.10629e-05	-11996.4
289	1.10629e-05	-12254.1
290	1.10629e-05	-12268.6
291	1.10629e-05	-11672.8
292	1.10629e-05	-12064.2
293	1.10629e-05	-11674.8
294	1.10629e-05	-11128.5
295	1.10629e-05	-12188.7
296	1.10629e-05	-11392
297	1.10629e-05	-12458.7
298	1.10629e-05	-11429.4
299	1.10629e-05	-11602.5
300	1.10629e-05	-14736.8
301	1.10629e-05	-16264.7
302	1.10629e-05	-10032.3
303	1.10629e-05	-12174.4
304	1.10629e-05	-12361.3
305	1.10629e-05	-11664
306	1.10629e-05	-13744.8
307	1.10629e-05	-12543.6
308	1.10629e-05	-13803.8
309	1.10629e-05	-13379.3
310	1.10629e-05	-10620.8
311	1.10629e-05	-12590
312	1.10629e-05	-13030.9
313	1.10629e-05	-11041.7
314	1.10629e-05	-12191.8
315	1.10629e-05	-12449
316	1.10629e-05	-12604.1
317	1.10629e-05	-13036.7
318	1.10629e-05	-12546.8
319	1.10629e-05	-13243.3
320	1.10629e-05	-10273.8
321	1.10629e-05	-11587.1
322	1.10629e-05	-10742.9
323	1.10629e-05	-11889.1
324	1.10629e-05	-10522.9
325	1.10629e-05	-10816.3
326	1.10629e-05	-10164.5
327	1.10629e-05	-10625.2
328	1.10629e-05	-12985.2
329	1.10629e-05	-12806.1
330	1.10629e-05	-13149.9
331	1.10629e-05	-12576
332	1.10629e-05	-12176.8
333	1.10629e-05	-10392.9
334	1.10629e-05	-11347.5
335	1.10629e-05	-10340.2
336	1.10629e-05	-10572
337	1.10629e-05	-10314.3
338	1.10629e-05	-14258.5
339	1.10629e-05	-13535.9
340	1.10629e-05	-15559.5
341	1.10629e-05	-11894.6
342	1.10629e-05	-11591.6
343	1.10629e-05	-16188.3
344	1.10629e-05	-11718.7
345	1.10629e-05	-13847.1
346	1.10629e-05	-11495.1
347	1.10629e-05	-12423.6
348	1.10629e-05	-22280
349	1.10629e-05	-15532.1
350	1.10629e-05	-13468
351	1.10629e-05	-13567.6
352	1.10629e-05	-13722.6
353	1.10629e-05	-12655.7
354	1.10629e-05	-12424
355	1.10629e-05	-12992.4
356	1.10629e-05	-13197.1
357	1.10629e-05	-12094.3
358	1.10629e-05	-12773.8
359	1.10629e-05	-13547
360	1.10629e-05	-11914.1
361	1.10629e-05	-10966.8
362	1.10629e-05	-11224.4
363	1.10629e-05	-10473.5
364	1.10629e-05	-10628.4
365	1.10629e-05	-11529.4
366	1.10629e-05	-16947.4
367	1.10629e-05	-14669.6
368	1.10629e-05	-14954.4
369	1.10629e-05	-14681.6
370	1.10629e-05	-17894.1
371	1.10629e-05	-16960.3
372	1.10629e-05	-13253
373	1.10629e-05	-13233
374	1.10629e-05	-12326.3
375	1.10629e-05	-15668.5
376	1.10629e-05	-18556.1
377	1.10629e-05	-12687.5
378	1.10629e-05	-14334.6
379	1.10629e-05	-13762
380	1.10629e-05	-11694.1
381	1.10629e-05	-10314.4
382	1.10629e-05	-12739.8
383	1.10629e-05	-12877.6
384	1.10629e-05	-12770.9
385	1.10629e-05	-11850
386	1.10629e-05	-11108.3
387	1.10629e-05	-11224.1
388	1.10629e-05	-11161.7
389	1.10629e-05	-12450.2
390	1.10629e-05	-14471.2
391	1.10629e-05	-13387.3
392	1.10629e-05	-14183.8
393	1.10629e-05	-12047.9
394	1.10629e-05	-13699.4
395	1.10629e-05	-13799.6
396	1.10629e-05	-15564.3
397	1.10629e-05	-13254.6
398	1.10629e-05	-11750.8
399	1.10629e-05	-12442
400	1.10629e-05	-11731.9
401	1.10629e-05	-12961.9
402	1.10629e-05	-11416.5
403	1.10629e-05	-11227.5
404	1.10629e-05	-11791.9
405	1.10629e-05	-11892.5
406	1.10629e-05	-10788.8
407	1.10629e-05	-11605.5
408	1.10629e-05	-11594.4
409	1.10629e-05	-10348.9
410	1.10629e-05	-10460.2
411	1.10629e-05	-15530
412	1.10629e-05	-15027
413	1.10629e-05	-13952.7
414	1.10629e-05	-11848.6
415	1.10629e-05	-12043.2
416	1.10629e-05	-12017.7
417	1.10629e-05	-11678.7
418	1.10629e-05	-11578.8
419	1.10629e-05	-11908.4
420	1.10629e-05	-11905.8
421	1.10629e-05	-11391.6
422	1.10629e-05	-11562.2
423	1.10629e-05	-11397.8
424	1.10629e-05	-11175.8
425	1.10629e-05	-11776.6
426	1.10629e-05	-13186.9
427	1.10629e-05	-12992.3
428	1.10629e-05	-12293.2
429	1.10629e-05	-12669.1
430	1.10629e-05	-12413.5
431	1.10629e-05	-12533.7
432	1.10629e-05	-12667.4
433	1.10629e-05	-13046.7
434	1.10629e-05	-13044.8
435	1.10629e-05	-13190.1
436	1.10629e-05	-15667
437	1.10629e-05	-14174.3
438	1.10629e-05	-12863.7
439	1.10629e-05	-14130.3
440	1.10629e-05	-10512.5
441	1.10629e-05	-10615.7
442	1.10629e-05	-11318.2
443	1.10629e-05	-10332.3
444	1.10629e-05	-14754.4
445	1.10629e-05	-13673.5
446	1.10629e-05	-11168.2
447	1.10629e-05	-12038.2
448	1.10629e-05	-11640.4
449	1.10629e-05	-12746.9
450	1.10629e-05	-12262.1
451	1.10629e-05	-12552.3
452	1.10629e-05	-11361.1
453	1.10629e-05	-12567.3
454	1.10629e-05	-11447
455	1.10629e-05	-11565.6
456	1.10629e-05	-10488.4
457	1.10629e-05	-16763.1
458	1.10629e-05	-16739.7
459	1.10629e-05	-17824.5
460	1.10629e-05	-18739.6
461	1.10629e-05	-18479.3
462	1.10629e-05	-19691.8
463	1.10629e-05	-18460.1
464	1.10629e-05	-15128.5
465	1.10629e-05	-16645.5
466	1.10629e-05	-14043.1
467	1.10629e-05	-13708.4
468	1.10629e-05	-12970.6
469	1.10629e-05	-13355
470	1.10629e-05	-12012.9
471	1.10629e-05	-10993
472	1.10629e-05	-12169.5
473	1.10629e-05	-11057.5
474	1.10629e-05	-15680.9
475	1.10629e-05	-17334.1
476	1.10629e-05	-17075.5
477	1.10629e-05	-16268.3
478	1.10629e-05	-15766.6
479	1.10629e-05	-15799.2
480	1.10629e-05	-13640.9
481	1.10629e-05	-11002
482	1.10629e-05	-12000.5
483	1.10629e-05	-11936.4
484	1.10629e-05	-11659.7
485	1.10629e-05	-11284.6
486	1.10629e-05	-13952.2
487	1.10629e-05	-11334.3
488	1.10629e-05	-12380.3
489	1.10629e-05	-11968.7
490	1.10629e-05	-12870
491	1.10629e-05	-12608.2
492	1.10629e-05	-13777.6
493	1.10629e-05	-13853
494	1.10629e-05	-13437.8
495	1.10629e-05	-10257.1
496	1.10629e-05	-11561.1
497	1.10629e-05	-12786.8
498	1.10629e-05	-12461.9
499	1.10629e-05	-12063.3
500	1.10629e-05	-13785.1
501	1.10629e-05	-13538.8
502	1.10629e-05	-11008.7
503	1.10629e-05	-11107.2
504	1.10629e-05	-11329.9
505	1.10629e-05	-11944.3
506	1.10629e-05	-10985.3
507	1.10629e-05	-11541
508	1.10629e-05	-12527.2
509	1.10629e-05	-12134.1
510	1.10629e-05	-12450.4
511	1.10629e-05	-12402.6
512	1.10629e-05	-12259.4
513	1.10629e-05	-15229.5
514	1.10629e-05	-13190.4
515	1.10629e-05	-12267.8
516	1.10629e-05	-12775.1
517	1.10629e-05	-15864.6
518	1.10629e-05	-15618
519	1.10629e-05	-11609.3
520	1.10629e-05	-10587
521	1.10629e-05	-18742.6
522	1.10629e-05	-15826
523	1.10629e-05	-13780
524	1.10629e-05	-11423.9
525	1.10629e-05	-12163.4
526	1.10629e-05	-12622.6
527	1.10629e-05	-12104.1
528	1.10629e-05	-11584.6
529	1.10629e-05	-12314.4
530	1.10629e-05	-12095.4
531	1.10629e-05	-12774.6
532	1.10629e-05	-10517.9
533	1.10629e-05	-12799.9
534	1.10629e-05	-12588
535	1.10629e-05	-13915.1
536	1.10629e-05	-12762.9
537	1.10629e-05	-13944.6
538	1.10629e-05	-13599.9
539	1.10629e-05	-12627.2
540	1.10629e-05	-14930.4
541	1.10629e-05	-10909.5
542	1.10629e-05	-11576.5
543	1.10629e-05	-10947.6
544	1.10629e-05	-11419.9
545	1.10629e-05	-15798.6
546	1.10629e-05	-13426.9
547	1.10629e-05	-15509.7
548	1.10629e-05	-13296.2
549	1.10629e-05	-11948.2
550	1.10629e-05	-11731
551	1.10629e-05	-13985.3
552	1.10629e-05	-13020.3
553	1.10629e-05	-16518.5
554	1.10629e-05	-22542.4
555	1.10629e-05	-17209.2
556	1.10629e-05	-13918.3
557	1.10629e-05	-12607.1
558	1.10629e-05	-14057.8
559	1.10629e-05	-13689.6
560	1.10629e-05	-11216.2
561	1.10629e-05	-13101.2
562	1.10629e-05	-12333.1
563	1.10629e-05	-12542.8
564	1.10629e-05	-16896.8
565	1.10629e-05	-17230.7
566	1.10629e-05	-16150
567	1.10629e-05	-12708.3
568	1.10629e-05	-12997.2
569	1.10629e-05	-14539.7
570	1.10629e-05	-13814.3
571	1.10629e-05	-12415.5
572	1.10629e-05	-12653.2
573	1.10629e-05	-13020.7
574	1.10629e-05	-16003.1
575	1.10629e-05	-12636.9
576	1.10629e-05	-11183.3
577	1.10629e-05	-12198.7
578	1.10629e-05	-13057.8
579	1.10629e-05	-12603.2
580	1.10629e-05	-10703.7
581	1.10629e-05	-10607.1
582	1.10629e-05	-11889.1
583	1.10629e-05	-12045.4
584	1.10629e-05	-10837
585	1.10629e-05	-11492.3
586	1.10629e-05	-14700.8
587	1.10629e-05	-15782.8
588	1.10629e-05	-13727.7
589	1.10629e-05	-12530.8
590	1.10629e-05	-12058.7
591	1.10629e-05	-13485.1
592	1.10629e-05	-15587.9
593	1.10629e-05	-14026.2
594	1.10629e-05	-13243.9
595	1.10629e-05	-13697.9
596	1.10629e-05	-15828.5
597	1.10629e-05	-15202.4
598	1.10629e-05	-16459.5
599	1.10629e-05	-11244.9
600	1.10629e-05	-11943.2
601	1.10629e-05	-10759.7
602	1.10629e-05	-13194.6
603	1.10629e-05	-13797.6
604	1.10629e-05	-13428.2
605	1.10629e-05	-12467.9
606	1.10629e-05	-12258.5
607	1.10629e-05	-10280.7
608	1.10629e-05	-11430.3
609	1.10629e-05	-12608.6
610	1.10629e-05	-13504.7
611	1.10629e-05	-13133.8
612	1.10629e-05	-12728.8
613	1.10629e-05	-15226.4
614	1.10629e-05	-13073.5
615	1.10629e-05	-11033
616	1.10629e-05	-13750.5
617	1.10629e-05	-11662.9
618	1.10629e-05	-12161.6
619	1.10629e-05	-12805.1
620	1.10629e-05	-10729.2
621	1.10629e-05	-11369.8
622	1.10629e-05	-12343.3
623	1.10629e-05	-11709.2
624	1.10629e-05	-12238.5
625	1.10629e-05	-11808.7
626	1.10629e-05	-12410.2
627	1.10629e-05	-11460.3
628	1.10629e-05	-12463.9
629	1.10629e-05	-12385.9
630	1.10629e-05	-12861.3
631	1.10629e-05	-15226.1
632	1.10629e-05	-16773.5
633	1.10629e-05	-13227.2
634	1.10629e-05	-16046.1
635	1.10629e-05	-14765.3
636	1.10629e-05	-15509.6
637	1.10629e-05	-12065.3
638	1.10629e-05	-11439.4
639	1.10629e-05	-11491.5
640	1.10629e-05	-11756.4
641	1.10629e-05	-10679.4
642	1.10629e-05	-13138
643	1.10629e-05	-14198.7
644	1.10629e-05	-14459.4
645	1.10629e-05	-10918.7
646	1.10629e-05	-11006.9
647	1.10629e-05	-13200.8
648	1.10629e-05	-13866.5
649	1.10629e-05	-14991.9
650	1.10629e-05	-16705.4
651	1.10629e-05	-16057.8
652	1.10629e-05	-19420.5
653	1.10629e-05	-16703.3
654	1.10629e-05	-12156.3
655	1.10629e-05	-11292.6
656	1.10629e-05	-10991.9
657	1.10629e-05	-11914.7
658	1.10629e-05	-13049.8
659	1.10629e-05	-15570.7
660	1.10629e-05	-13684.6
661	1.10629e-05	-14027.7
662	1.10629e-05	-15849.9
663	1.10629e-05	-13843.6
664	1.10629e-05	-12536.8
665	1.10629e-05	-12382
666	1.10629e-05	-11890
667	1.10629e-05	-11574.1
668	1.10629e-05	-10505.8
669	1.10629e-05	-11369.4
670	1.10629e-05	-13029.8
671	1.10629e-05	-12465.7
672	1.10629e-05	-12876.2
673	1.10629e-05	-11726.9
674	1.10629e-05	-13681.4
675	1.10629e-05	-13043.2
676	1.10629e-05	-12676.6
677	1.10629e-05	-12483.9
678	1.10629e-05	-13533.9
679	1.10629e-05	-13979.8
680	1.10629e-05	-13628.6
681	1.10629e-05	-14637.8
682	1.10629e-05	-18218.7
683	1.10629e-05	-11106.9
684	1.10629e-05	-13323.2
685	1.10629e-05	-11989.8
686	1.10629e-05	-12265.1
687	1.10629e-05	-11543.6
688	1.10629e-05	-13447.4
689	1.10629e-05	-12039.7
690	1.10629e-05	-13340.4
691	1.10629e-05	-16547.2
692	1.10629e-05	-14503.9
693	1.10629e-05	-11820.1
694	1.10629e-05	-12217.9
695	1.10629e-05	-13333.2
696	1.10629e-05	-13059.3
697	1.10629e-05	-18347.7
698	1.10629e-05	-15924.2
699	1.10629e-05	-16147.8
700	1.10629e-05	-17557.6
701	1.10629e-05	-13603.3
702	1.10629e-05	-14045.3
703	1.10629e-05	-14807.6
704	1.10629e-05	-11620.6
705	1.10629e-05	-11723.8
706	1.10629e-05	-12299.9
707	1.10629e-05	-11363
708	1.10629e-05	-10861.7
709	1.10629e-05	-10475.5
710	1.10629e-05	-11281.1
711	1.10629e-05	-11456.3
712	1.10629e-05	-11280.1
713	1.10629e-05	-13267
714	1.10629e-05	-12242.4
715	1.10629e-05	-12677.8
716	1.10629e-05	-12188.5
717	1.10629e-05	-11617.8
718	1.10629e-05	-18366.6
719	1.10629e-05	-14893.4
720	1.10629e-05	-12613.9
721	1.10629e-05	-11447.3
722	1.10629e-05	-11351.4
723	1.10629e-05	-11299.8
724	1.10629e-05	-10684.8
725	1.10629e-05	-11095.1
726	1.10629e-05	-10796
727	1.10629e-05	-10925
728	1.10629e-05	-11535.7
729	1.10629e-05	-11576.7
730	1.10629e-05	-10817.8
731	1.10629e-05	-11315.7
732	1.10629e-05	-12050.1
733	1.10629e-05	-13135.2
734	1.10629e-05	-15117.8
735	1.10629e-05	-12460.4
736	1.10629e-05	-13297.7
737	1.10629e-05	-11924.9
738	1.10629e-05	-12146.6
739	1.10629e-05	-10998.4
740	1.10629e-05	-11617.9
741	1.10629e-05	-11660
742	1.10629e-05	-12122.5
743	1.10629e-05	-11646.8
744	1.10629e-05	-13324.1
745	1.10629e-05	-12261.6
746	1.10629e-05	-12304.2
747	1.10629e-05	-12913.8
748	1.10629e-05	-14631.6
749	1.10629e-05	-17462.8
750	1.10629e-05	-13288.2
751	1.10629e-05	-12331.9
752	1.10629e-05	-11844.4
753	1.10629e-05	-14697.4
754	1.10629e-05	-14036.1
755	1.10629e-05	-15393.2
756	1.10629e-05	-13577.7
757	1.10629e-05	-12264.9
758	1.10629e-05	-11256.9
759	1.10629e-05	-10483
760	1.10629e-05	-14707.8
761	1.10629e-05	-11085.2
762	1.10629e-05	-13026.7
763	1.10629e-05	-13329.6
764	1.10629e-05	-14162.3
765	1.10629e-05	-11817.9
766	1.10629e-05	-11200.8
767	1.10629e-05	-12237.3
768	1.10629e-05	-13020
769	1.10629e-05	-11880.2
770	1.10629e-05	-12839.5
771	1.10629e-05	-11028.7
772	1.10629e-05	-10551.2
773	1.10629e-05	-12612.6
774	1.10629e-05	-12270.5
775	1.10629e-05	-11542.3
776	1.10629e-05	-12045.5
777	1.10629e-05	-12980.4
778	1.10629e-05	-11309.8
779	1.10629e-05	-13204.4
780	1.10629e-05	-12332.5
781	1.10629e-05	-13212.3
782	1.10629e-05	-11398.9
783	1.10629e-05	-16587.3
784	1.10629e-05	-14546.1
785	1.10629e-05	-15747.1
786	1.10629e-05	-15297.1
787	1.10629e-05	-13667.2
788	1.10629e-05	-12876.1
789	1.10629e-05	-14088
790	1.10629e-05	-11765.1
791	1.10629e-05	-11550.1
792	1.10629e-05	-11713.2
793	1.10629e-05	-11454.8
794	1.10629e-05	-11507
795	1.10629e-05	-11134.5
796	1.10629e-05	-14991.9
797	1.10629e-05	-10829.3
798	1.10629e-05	-11595.1
799	1.10629e-05	-11630.2
800	1.10629e-05	-12732.7
801	1.10629e-05	-11299.8
802	1.10629e-05	-11303.3
803	1.10629e-05	-11157.1
804	1.10629e-05	-11429.4
805	1.10629e-05	-21125.2
806	1.10629e-05	-10189.9
807	1.10629e-05	-11374.2
808	1.10629e-05	-16794.7
809	1.10629e-05	-14378.5
810	1.10629e-05	-11501.3
811	1.10629e-05	-11608.3
812	1.10629e-05	-12926.8
813	1.10629e-05	-12108.1
814	1.10629e-05	-15938.9
815	1.10629e-05	-12082.9
816	1.10629e-05	-12814.3
817	1.10629e-05	-11684.1
818	1.10629e-05	-15081.1
819	1.10629e-05	-14330.2
820	1.10629e-05	-13608.3
821	1.10629e-05	-13820.8
822	1.10629e-05	-12168.4
823	1.10629e-05	-12549.2
824	1.10629e-05	-13630.8
825	1.10629e-05	-11780.3
826	1.10629e-05	-11612.6
827	1.10629e-05	-10424.1
828	1.10629e-05	-12572
829	1.10629e-05	-10487.5
830	1.10629e-05	-11583.1
831	1.10629e-05	-12072.7
832	1.10629e-05	-14578
833	1.10629e-05	-13635
834	1.10629e-05	-13138.3
835	1.10629e-05	-12970.8
836	1.10629e-05	-13666.1
837	1.10629e-05	-12450
838	1.10629e-05	-12453.9
839	1.10629e-05	-13398.6
840	1.10629e-05	-12481.6
841	1.10629e-05	-13414.2
842	1.10629e-05	-13058.6
843	1.10629e-05	-11059.2
844	1.10629e-05	-12762.9
845	1.10629e-05	-14248.3
846	1.10629e-05	-15211.3
847	1.10629e-05	-14809.9
848	1.10629e-05	-14756.7
849	1.10629e-05	-16637.2
850	1.10629e-05	-15000.7
851	1.10629e-05	-15784.5
852	1.10629e-05	-12374.4
853	1.10629e-05	-10544.4
854	1.10629e-05	-14119.2
855	1.10629e-05	-11585.9
856	1.10629e-05	-12792.4
857	1.10629e-05	-12635
858	1.10629e-05	-15656.6
859	1.10629e-05	-12461.2
860	1.10629e-05	-13711.6
861	1.10629e-05	-12201.2
862	1.10629e-05	-11848.1
863	1.10629e-05	-12289.3
864	1.10629e-05	-11676.7
865	1.10629e-05	-11161.7
866	1.10629e-05	-13579.8
867	1.10629e-05	-11725
868	1.10629e-05	-11395.5
869	1.10629e-05	-11228.3
870	1.10629e-05	-11442.7
871	1.10629e-05	-11628.6
872	1.10629e-05	-10783.8
873	1.10629e-05	-10918
874	1.10629e-05	-10522.4
875	1.10629e-05	-11079.9
876	1.10629e-05	-11497.4
877	1.10629e-05	-11727.8
878	1.10629e-05	-11686.5
879	1.10629e-05	-12063.6
880	1.10629e-05	-11537.8
881	1.10629e-05	-10559.1
882	1.10629e-05	-12986.9
883	1.10629e-05	-13078
884	1.10629e-05	-13351.4
885	1.10629e-05	-11109.2
886	1.10629e-05	-13447.8
887	1.10629e-05	-12047.7
888	1.10629e-05	-11483.9
889	1.10629e-05	-11808.3
890	1.10629e-05	-11705.1
891	1.10629e-05	-11369.4
892	1.10629e-05	-13373.8
893	1.10629e-05	-13134.8
894	1.10629e-05	-13856.3
895	1.10629e-05	-12883.1
896	1.10629e-05	-10724.5
897	1.10629e-05	-12053.6
898	1.10629e-05	-10540.1
899	1.10629e-05	-11842.8
900	1.10629e-05	-10439.6
901	1.10629e-05	-13018.3
902	1.10629e-05	-10416.5
903	1.10629e-05	-11469.6
904	1.10629e-05	-15355.6
905	1.10629e-05	-14293.5
906	1.10629e-05	-14900.3
907	1.10629e-05	-12252.7
908	1.10629e-05	-11723.7
909	1.10629e-05	-11473
910	1.10629e-05	-11360.7
911	1.10629e-05	-12959.2
912	1.10629e-05	-10822.3
913	1.10629e-05	-11783.9
914	1.10629e-05	-12916.3
915	1.10629e-05	-13078.9
916	1.10629e-05	-11655.2
917	1.10629e-05	-11361.9
918	1.10629e-05	-12120.3
919	1.10629e-05	-12109.1
920	1.10629e-05	-12362.6
921	1.10629e-05	-11226.8
922	1.10629e-05	-11162.8
923	1.10629e-05	-13122.9
924	1.10629e-05	-13512.7
925	1.10629e-05	-13597.7
926	1.10629e-05	-14906.1
927	1.10629e-05	-13152.3
928	1.10629e-05	-13901.4
929	1.10629e-05	-13005.7
930	1.10629e-05	-13466.3
931	1.10629e-05	-12651
932	1.10629e-05	-11609.9
933	1.10629e-05	-12035.2
934	1.10629e-05	-13596.5
935	1.10629e-05	-13749.7
936	1.10629e-05	-11996.6
937	1.10629e-05	-12996.8
938	1.10629e-05	-12467.2
939	1.10629e-05	-13356.3
940	1.10629e-05	-11286.5
941	1.10629e-05	-11501.1
942	1.10629e-05	-12338.6
943	1.10629e-05	-12605.4
944	1.10629e-05	-12907.9
945	1.10629e-05	-12573.1
946	1.10629e-05	-10644.1
947	1.10629e-05	-10910.8
948	1.10629e-05	-10315.9
949	1.10629e-05	-12006.1
950	1.10629e-05	-11065.6
951	1.10629e-05	-13166.6
952	1.10629e-05	-14511.4
953	1.10629e-05	-13007
954	1.10629e-05	-11753.1
955	1.10629e-05	-11957.3
956	1.10629e-05	-11575.7
957	1.10629e-05	-12189.5
958	1.10629e-05	-11344.1
959	1.10629e-05	-11622.5
960	1.10629e-05	-11131.1
961	1.10629e-05	-11902.9
962	1.10629e-05	-11718.8
963	1.10629e-05	-11001.1
964	1.10629e-05	-11994
965	1.10629e-05	-12566.8
966	1.10629e-05	-11746.9
967	1.10629e-05	-13600.6
968	1.10629e-05	-14074.6
969	1.10629e-05	-14643.4
970	1.10629e-05	-13516.6
971	1.10629e-05	-13111.6
972	1.10629e-05	-14146.7
973	1.10629e-05	-11774.5
974	1.10629e-05	-10577.9
975	1.10629e-05	-10940.3
976	1.10629e-05	-10327.1
977	1.10629e-05	-10743.5
978	1.10629e-05	-9940.59
979	1.10629e-05	-11147
980	1.10629e-05	-11007.9
981	1.10629e-05	-12552.1
982	1.10629e-05	-11962.6
983	1.10629e-05	-13137.9
984	1.10629e-05	-11627.7
985	1.10629e-05	-11739.5
986	1.10629e-05	-11780.5
987	1.10629e-05	-11952
988	1.10629e-05	-12017.4
989	1.10629e-05	-12504.4
990	1.10629e-05	-12109.9
991	1.10629e-05	-11587.8
992	1.10629e-05	-11450.5
993	1.10629e-05	-12446.4
994	1.10629e-05	-11745.6
995	1.10629e-05	-11594.2
996	1.10629e-05	-10514.2
997	1.10629e-05	-10968.3
998	1.10629e-05	-11146.4
999	1.10629e-05	-13347.4
1000	1.10629e-05	-13746.5
251	3.6251e-06	-12160
252	3.6251e-06	-11141.6
253	3.6251e-06	-12134.6
254	3.6251e-06	-10650.2
255	3.6251e-06	-10423
256	3.6251e-06	-12462.7
257	3.6251e-06	-12047.6
258	3.6251e-06	-11059.9
259	3.6251e-06	-11655.3
260	3.6251e-06	-11920.5
261	3.6251e-06	-11195.9
262	3.6251e-06	-9801.45
263	3.6251e-06	-11284
264	3.6251e-06	-16074.2
265	3.6251e-06	-13707.5
266	3.6251e-06	-11519.3
267	3.6251e-06	-12012.5
268	3.6251e-06	-10580.3
269	3.6251e-06	-12508.7
270	3.6251e-06	-12498.4
271	3.6251e-06	-14162.8
272	3.6251e-06	-13780.8
273	3.6251e-06	-14756.8
274	3.6251e-06	-14172.3
275	3.6251e-06	-11852.4
276	3.6251e-06	-12894.5
277	3.6251e-06	-13807.3
278	3.6251e-06	-13965.1
279	3.6251e-06	-16182.3
280	3.6251e-06	-13157.9
281	3.6251e-06	-12733.8
282	3.6251e-06	-16010.1
283	3.6251e-06	-13102.6
284	3.6251e-06	-13754.5
285	3.6251e-06	-13052
286	3.6251e-06	-11530.2
287	3.6251e-06	-12013.8
288	3.6251e-06	-11657
289	3.6251e-06	-12270.7
290	3.6251e-06	-10627.6
291	3.6251e-06	-12913.7
292	3.6251e-06	-12948.6
293	3.6251e-06	-15735.7
294	3.6251e-06	-12552.8
295	3.6251e-06	-11946.6
296	3.6251e-06	-11857.6
297	3.6251e-06	-10575.6
298	3.6251e-06	-11170.1
299	3.6251e-06	-12533.9
300	3.6251e-06	-16095.8
301	3.6251e-06	-14725.9
302	3.6251e-06	-14529.1
303	3.6251e-06	-15019.2
304	3.6251e-06	-15595.8
305	3.6251e-06	-17149.4
306	3.6251e-06	-16651.6
307	3.6251e-06	-13007
308	3.6251e-06	-11419.3
309	3.6251e-06	-13608.3
310	3.6251e-06	-12390.1
311	3.6251e-06	-11908.4
312	3.6251e-06	-12056.6
313	3.6251e-06	-12229.4
314	3.6251e-06	-10962
315	3.6251e-06	-11803.5
316	3.6251e-06	-10559.3
317	3.6251e-06	-11193.4
318	3.6251e-06	-11704.5
319	3.6251e-06	-14172.5
320	3.6251e-06	-14982.7
321	3.6251e-06	-12159.9
322	3.6251e-06	-13125.7
323	3.6251e-06	-13056.1
324	3.6251e-06	-12525.3
325	3.6251e-06	-12150.1
326	3.6251e-06	-12070.9
327	3.6251e-06	-12317.7
328	3.6251e-06	-11495.5
329	3.6251e-06	-9980.98
330	3.6251e-06	-10602.4
331	3.6251e-06	-13304.8
332	3.6251e-06	-12088.4
333	3.6251e-06	-12118.3
334	3.6251e-06	-12197.9
335	3.6251e-06	-11295.9
336	3.6251e-06	-10230.7
337	3.6251e-06	-10382.2
338	3.6251e-06	-10655.2
339	3.6251e-06	-10667.7
340	3.6251e-06	-11100.3
341	3.6251e-06	-14316.8
342	3.6251e-06	-14539.9
343	3.6251e-06	-12431.7
344	3.6251e-06	-12310
345	3.6251e-06	-12999.1
346	3.6251e-06	-12489.9
347	3.6251e-06	-11836.9
348	3.6251e-06	-11921.9
349	3.6251e-06	-10700.8
350	3.6251e-06	-15318.4
351	3.6251e-06	-12454.2
352	3.6251e-06	-13750.9
353	3.6251e-06	-13799.1
354	3.6251e-06	-13428.5
355	3.6251e-06	-14306.8
356	3.6251e-06	-15448.6
357	3.6251e-06	-12490.9
358	3.6251e-06	-17921.9
359	3.6251e-06	-11672
360	3.6251e-06	-10608
361	3.6251e-06	-10934.7
362	3.6251e-06	-10908.4
363	3.6251e-06	-10732.7
364	3.6251e-06	-11263.3
365	3.6251e-06	-12414.2
366	3.6251e-06	-12432.8
367	3.6251e-06	-12321.7
368	3.6251e-06	-12361.1
369	3.6251e-06	-12880.8
370	3.6251e-06	-13014.2
371	3.6251e-06	-13122.5
372	3.6251e-06	-15043.6
373	3.6251e-06	-14635.6
374	3.6251e-06	-12397.5
375	3.6251e-06	-10207.5
376	3.6251e-06	-9906.79
377	3.6251e-06	-10672.1
378	3.6251e-06	-10571.7
379	3.6251e-06	-11338.7
380	3.6251e-06	-12778.3
381	3.6251e-06	-10769.2
382	3.6251e-06	-10483.7
383	3.6251e-06	-10816.6
384	3.6251e-06	-12292.8
385	3.6251e-06	-13275.1
386	3.6251e-06	-13388.6
387	3.6251e-06	-13740.5
388	3.6251e-06	-12732.1
389	3.6251e-06	-12130.1
390	3.6251e-06	-11698.6
391	3.6251e-06	-11549.1
392	3.6251e-06	-10355.6
393	3.6251e-06	-10850.9
394	3.6251e-06	-11932.6
395	3.6251e-06	-12400
396	3.6251e-06	-11322.2
397	3.6251e-06	-10579.3
398	3.6251e-06	-10858.8
399	3.6251e-06	-13984.4
400	3.6251e-06	-14518.2
401	3.6251e-06	-11598.5
402	3.6251e-06	-13835.1
403	3.6251e-06	-10750.2
404	3.6251e-06	-10246.2
405	3.6251e-06	-10379.9
406	3.6251e-06	-12406.7
407	3.6251e-06	-11490.6
408	3.6251e-06	-11284.2
409	3.6251e-06	-11827.7
410	3.6251e-06	-12347.1
411	3.6251e-06	-12143.9
412	3.6251e-06	-10555.5
413	3.6251e-06	-11350
414	3.6251e-06	-11235.4
415	3.6251e-06	-11555.1
416	3.6251e-06	-12082.9
417	3.6251e-06	-11542.3
418	3.6251e-06	-12206.6
419	3.6251e-06	-12406.1
420	3.6251e-06	-11609.3
421	3.6251e-06	-17269.3
422	3.6251e-06	-13513.9
423	3.6251e-06	-12690.9
424	3.6251e-06	-12044.2
425	3.6251e-06	-14281.7
426	3.6251e-06	-12210.8
427	3.6251e-06	-14107.8
428	3.6251e-06	-13928.3
429	3.6251e-06	-14736.9
430	3.6251e-06	-15209.9
431	3.6251e-06	-12969
432	3.6251e-06	-13976
433	3.6251e-06	-16698.1
434	3.6251e-06	-11670.3
435	3.6251e-06	-11473.9
436	3.6251e-06	-12905.6
437	3.6251e-06	-11082.9
438	3.6251e-06	-13038.9
439	3.6251e-06	-11794.4
440	3.6251e-06	-12030.9
441	3.6251e-06	-12415.3
442	3.6251e-06	-12063.5
443	3.6251e-06	-12159
444	3.6251e-06	-12171.2
445	3.6251e-06	-10532.5
446	3.6251e-06	-10902.7
447	3.6251e-06	-11078.3
448	3.6251e-06	-10500.2
449	3.6251e-06	-9826.34
450	3.6251e-06	-11778
451	3.6251e-06	-11265.8
452	3.6251e-06	-12960
453	3.6251e-06	-11624.6
454	3.6251e-06	-11667.4
455	3.6251e-06	-11097.9
456	3.6251e-06	-12878.2
457	3.6251e-06	-13645
458	3.6251e-06	-13628.9
459	3.6251e-06	-12429.7
460	3.6251e-06	-13903.2
461	3.6251e-06	-13534.8
462	3.6251e-06	-15369.2
463	3.6251e-06	-14332.8
464	3.6251e-06	-15688.5
465	3.6251e-06	-11887.6
466	3.6251e-06	-13126.8
467	3.6251e-06	-11200.9
468	3.6251e-06	-11760.8
469	3.6251e-06	-11311.7
470	3.6251e-06	-11158.4
471	3.6251e-06	-10666.3
472	3.6251e-06	-11185.6
473	3.6251e-06	-13201.3
474	3.6251e-06	-12989.8
475	3.6251e-06	-11713.5
476	3.6251e-06	-11513.4
477	3.6251e-06	-16924
478	3.6251e-06	-12431.3
479	3.6251e-06	-13171.9
480	3.6251e-06	-12669
481	3.6251e-06	-10414.7
482	3.6251e-06	-13090.9
483	3.6251e-06	-13958.5
484	3.6251e-06	-11376.1
485	3.6251e-06	-11856.2
486	3.6251e-06	-11930.1
487	3.6251e-06	-11537.5
488	3.6251e-06	-10608.7
489	3.6251e-06	-14917.3
490	3.6251e-06	-12323.7
491	3.6251e-06	-11687.4
492	3.6251e-06	-10631.5
493	3.6251e-06	-10329.5
494	3.6251e-06	-12084.9
495	3.6251e-06	-11199.5
496	3.6251e-06	-11291.2
497	3.6251e-06	-11837
498	3.6251e-06	-10874.5
499	3.6251e-06	-11484
500	3.6251e-06	-10809.1
501	3.6251e-06	-10884.4
502	3.6251e-06	-11282.3
503	3.6251e-06	-10877.9
504	3.6251e-06	-14324.6
505	3.6251e-06	-14465.8
506	3.6251e-06	-12019.9
507	3.6251e-06	-12092
508	3.6251e-06	-11219.9
509	3.6251e-06	-10797.1
510	3.6251e-06	-11942.5
511	3.6251e-06	-12339.5
512	3.6251e-06	-13878.1
513	3.6251e-06	-10974.2
514	3.6251e-06	-11336.7
515	3.6251e-06	-11914.9
516	3.6251e-06	-10902
517	3.6251e-06	-10229.2
518	3.6251e-06	-12440.5
519	3.6251e-06	-12599
520	3.6251e-06	-12059.9
521	3.6251e-06	-11548.9
522	3.6251e-06	-12754.4
523	3.6251e-06	-12659.9
524	3.6251e-06	-13511.8
525	3.6251e-06	-13435.4
526	3.6251e-06	-11820.6
527	3.6251e-06	-11382
528	3.6251e-06	-11223.5
529	3.6251e-06	-10360.3
530	3.6251e-06	-12257.7
531	3.6251e-06	-10833.2
532	3.6251e-06	-11664.9
533	3.6251e-06	-13378.1
534	3.6251e-06	-13189.4
535	3.6251e-06	-13940.9
536	3.6251e-06	-14090.1
537	3.6251e-06	-13634.1
538	3.6251e-06	-13563.4
539	3.6251e-06	-13696.4
540	3.6251e-06	-14883.8
541	3.6251e-06	-12617.7
542	3.6251e-06	-13165.7
543	3.6251e-06	-12682.3
544	3.6251e-06	-12498.9
545	3.6251e-06	-11081.7
546	3.6251e-06	-10895.3
547	3.6251e-06	-10481.3
548	3.6251e-06	-12225.3
549	3.6251e-06	-13923.8
550	3.6251e-06	-12197.9
551	3.6251e-06	-11926.4
552	3.6251e-06	-11194
553	3.6251e-06	-11730.3
554	3.6251e-06	-11328.4
555	3.6251e-06	-11844.1
556	3.6251e-06	-13191.9
557	3.6251e-06	-12481.5
558	3.6251e-06	-9841.01
559	3.6251e-06	-11795.3
560	3.6251e-06	-13963.8
561	3.6251e-06	-10776.8
562	3.6251e-06	-12428.1
563	3.6251e-06	-11659.3
564	3.6251e-06	-11737.2
565	3.6251e-06	-11494.7
566	3.6251e-06	-12849.4
567	3.6251e-06	-12278.1
568	3.6251e-06	-10207.7
569	3.6251e-06	-10318.5
570	3.6251e-06	-9910.02
571	3.6251e-06	-9577.35
572	3.6251e-06	-10944.5
573	3.6251e-06	-10632.7
574	3.6251e-06	-10869.9
575	3.6251e-06	-10829.2
576	3.6251e-06	-10850.9
577	3.6251e-06	-10680.3
578	3.6251e-06	-12599.4
579	3.6251e-06	-11864.7
580	3.6251e-06	-10931.4
581	3.6251e-06	-11390.6
582	3.6251e-06	-11307.6
583	3.6251e-06	-11933
584	3.6251e-06	-11841.8
585	3.6251e-06	-11307.6
586	3.6251e-06	-13671.2
587	3.6251e-06	-11592.8
588	3.6251e-06	-11441
589	3.6251e-06	-13749.9
590	3.6251e-06	-11046.2
591	3.6251e-06	-11455.7
592	3.6251e-06	-12175.8
593	3.6251e-06	-12795.7
594	3.6251e-06	-12149.2
595	3.6251e-06	-12056.3
596	3.6251e-06	-11633.8
597	3.6251e-06	-11141.2
598	3.6251e-06	-11960.1
599	3.6251e-06	-13769.9
600	3.6251e-06	-14248.2
601	3.6251e-06	-11413.5
602	3.6251e-06	-11101.9
603	3.6251e-06	-13903.9
604	3.6251e-06	-11339.9
605	3.6251e-06	-12518
606	3.6251e-06	-11622.4
607	3.6251e-06	-10953.1
608	3.6251e-06	-10821.9
609	3.6251e-06	-12908.9
610	3.6251e-06	-14480.8
611	3.6251e-06	-15558.1
612	3.6251e-06	-13412.1
613	3.6251e-06	-17206.1
614	3.6251e-06	-18853.7
615	3.6251e-06	-18016.5
616	3.6251e-06	-16515.3
617	3.6251e-06	-11756.6
618	3.6251e-06	-10750.9
619	3.6251e-06	-12039.7
620	3.6251e-06	-12211.5
621	3.6251e-06	-10829.8
622	3.6251e-06	-12952
623	3.6251e-06	-13685
624	3.6251e-06	-11181.1
625	3.6251e-06	-11029
626	3.6251e-06	-11355.5
627	3.6251e-06	-11824
628	3.6251e-06	-12166.2
629	3.6251e-06	-12547.3
630	3.6251e-06	-11242.9
631	3.6251e-06	-12023
632	3.6251e-06	-12873.8
633	3.6251e-06	-12123.1
634	3.6251e-06	-12297.1
635	3.6251e-06	-13648.2
636	3.6251e-06	-15196.2
637	3.6251e-06	-12450
638	3.6251e-06	-11151.9
639	3.6251e-06	-12522.1
640	3.6251e-06	-11177.7
641	3.6251e-06	-11125.8
642	3.6251e-06	-11266.3
643	3.6251e-06	-11454.1
644	3.6251e-06	-13379.9
645	3.6251e-06	-12932.4
646	3.6251e-06	-11744.9
647	3.6251e-06	-10088.6
648	3.6251e-06	-11998.5
649	3.6251e-06	-11977.8
650	3.6251e-06	-11142.1
651	3.6251e-06	-10559.2
652	3.6251e-06	-10990.5
653	3.6251e-06	-12425.7
654	3.6251e-06	-13113.1
655	3.6251e-06	-12130.6
656	3.6251e-06	-11523.7
657	3.6251e-06	-12368.1
658	3.6251e-06	-12592.4
659	3.6251e-06	-14719.7
660	3.6251e-06	-16964.1
661	3.6251e-06	-13516.5
662	3.6251e-06	-11198.6
663	3.6251e-06	-13847.3
664	3.6251e-06	-12756.7
665	3.6251e-06	-12255.3
666	3.6251e-06	-12279.4
667	3.6251e-06	-15347.7
668	3.6251e-06	-13336.6
669	3.6251e-06	-12802.4
670	3.6251e-06	-13911.9
671	3.6251e-06	-11757.5
672	3.6251e-06	-12603.2
673	3.6251e-06	-13493.6
674	3.6251e-06	-12427
675	3.6251e-06	-12187.3
676	3.6251e-06	-10579.9
677	3.6251e-06	-11305.8
678	3.6251e-06	-11079.3
679	3.6251e-06	-10835.9
680	3.6251e-06	-12263.3
681	3.6251e-06	-13189.5
682	3.6251e-06	-12711.3
683	3.6251e-06	-11601.3
684	3.6251e-06	-12496.2
685	3.6251e-06	-14358
686	3.6251e-06	-12308.6
687	3.6251e-06	-12287.9
688	3.6251e-06	-12386.5
689	3.6251e-06	-12937.5
690	3.6251e-06	-12861.2
691	3.6251e-06	-12514.7
692	3.6251e-06	-11746.6
693	3.6251e-06	-11261.3
694	3.6251e-06	-12861.6
695	3.6251e-06	-10957.4
696	3.6251e-06	-11311
697	3.6251e-06	-15018.3
698	3.6251e-06	-13397.6
699	3.6251e-06	-13082.8
700	3.6251e-06	-11904.8
701	3.6251e-06	-14678.4
702	3.6251e-06	-11978
703	3.6251e-06	-14081
704	3.6251e-06	-11156.3
705	3.6251e-06	-13551.1
706	3.6251e-06	-14272.9
707	3.6251e-06	-12085.9
708	3.6251e-06	-12869.5
709	3.6251e-06	-13375.1
710	3.6251e-06	-13579
711	3.6251e-06	-11504.5
712	3.6251e-06	-11585
713	3.6251e-06	-12175.5
714	3.6251e-06	-14920.4
715	3.6251e-06	-17136.8
716	3.6251e-06	-19481.9
717	3.6251e-06	-12524.4
718	3.6251e-06	-13476.6
719	3.6251e-06	-12468.7
720	3.6251e-06	-14714.2
721	3.6251e-06	-10098.7
722	3.6251e-06	-10686.2
723	3.6251e-06	-12489.3
724	3.6251e-06	-12354.5
725	3.6251e-06	-13292.1
726	3.6251e-06	-14827
727	3.6251e-06	-12068.5
728	3.6251e-06	-12071.4
729	3.6251e-06	-12162
730	3.6251e-06	-10622.6
731	3.6251e-06	-11317.7
732	3.6251e-06	-15045.6
733	3.6251e-06	-14478.4
734	3.6251e-06	-14911
735	3.6251e-06	-14693
736	3.6251e-06	-15437.4
737	3.6251e-06	-16618.1
738	3.6251e-06	-15246
739	3.6251e-06	-15496.6
740	3.6251e-06	-15971
741	3.6251e-06	-16186.6
742	3.6251e-06	-14205.6
743	3.6251e-06	-12861
744	3.6251e-06	-12673.9
745	3.6251e-06	-13141.6
746	3.6251e-06	-14825.8
747	3.6251e-06	-12192.5
748	3.6251e-06	-11102.4
749	3.6251e-06	-15607.3
750	3.6251e-06	-14179.7
751	3.6251e-06	-12763.5
752	3.6251e-06	-10908.7
753	3.6251e-06	-11574.8
754	3.6251e-06	-12694.1
755	3.6251e-06	-12292.6
756	3.6251e-06	-11782.4
757	3.6251e-06	-12819.7
758	3.6251e-06	-11959.3
759	3.6251e-06	-10793.2
760	3.6251e-06	-10681.2
761	3.6251e-06	-14704.3
762	3.6251e-06	-11111.1
763	3.6251e-06	-10803.1
764	3.6251e-06	-11110.9
765	3.6251e-06	-10600.1
766	3.6251e-06	-10877.3
767	3.6251e-06	-10130.5
768	3.6251e-06	-12890.9
769	3.6251e-06	-11099.8
770	3.6251e-06	-12059.7
771	3.6251e-06	-12969.5
772	3.6251e-06	-13392.2
773	3.6251e-06	-15760.4
774	3.6251e-06	-15175.2
775	3.6251e-06	-13620.7
776	3.6251e-06	-12882.7
777	3.6251e-06	-14156.7
778	3.6251e-06	-12139.6
779	3.6251e-06	-12885.8
780	3.6251e-06	-13825.9
781	3.6251e-06	-12684
782	3.6251e-06	-12944.6
783	3.6251e-06	-12481.7
784	3.6251e-06	-11005.8
785	3.6251e-06	-10833.1
786	3.6251e-06	-12060.4
787	3.6251e-06	-14585
788	3.6251e-06	-14865
789	3.6251e-06	-14884.7
790	3.6251e-06	-13801.5
791	3.6251e-06	-14181.2
792	3.6251e-06	-12639
793	3.6251e-06	-15761.3
794	3.6251e-06	-12575
795	3.6251e-06	-13569.2
796	3.6251e-06	-14682.7
797	3.6251e-06	-11643.9
798	3.6251e-06	-10877.3
799	3.6251e-06	-11553.2
800	3.6251e-06	-10729.4
801	3.6251e-06	-11137.8
802	3.6251e-06	-10804.4
803	3.6251e-06	-13823
804	3.6251e-06	-13072.3
805	3.6251e-06	-10645.5
806	3.6251e-06	-11502.5
807	3.6251e-06	-12415.2
808	3.6251e-06	-13139.8
809	3.6251e-06	-12077.2
810	3.6251e-06	-13349.6
811	3.6251e-06	-10636.1
812	3.6251e-06	-11277.4
813	3.6251e-06	-14055.9
814	3.6251e-06	-12419.9
815	3.6251e-06	-11621.3
816	3.6251e-06	-12184.5
817	3.6251e-06	-13503.6
818	3.6251e-06	-13907.1
819	3.6251e-06	-10988.7
820	3.6251e-06	-10258.3
821	3.6251e-06	-13179.2
822	3.6251e-06	-12250
823	3.6251e-06	-11509.4
824	3.6251e-06	-12739.3
825	3.6251e-06	-13904.6
826	3.6251e-06	-13092.8
827	3.6251e-06	-11983.5
828	3.6251e-06	-13521.6
829	3.6251e-06	-11326.6
830	3.6251e-06	-12784.6
831	3.6251e-06	-13034.5
832	3.6251e-06	-13352.4
833	3.6251e-06	-12850.3
834	3.6251e-06	-11293.7
835	3.6251e-06	-11317.8
836	3.6251e-06	-11376.3
837	3.6251e-06	-12924.5
838	3.6251e-06	-11596.3
839	3.6251e-06	-12231.1
840	3.6251e-06	-11664
841	3.6251e-06	-11537.5
842	3.6251e-06	-10883.3
843	3.6251e-06	-10757.1
844	3.6251e-06	-13583.5
845	3.6251e-06	-13132.2
846	3.6251e-06	-14406.2
847	3.6251e-06	-12253.5
848	3.6251e-06	-10923.1
849	3.6251e-06	-11884.3
850	3.6251e-06	-13593.9
851	3.6251e-06	-11900
852	3.6251e-06	-11058.1
853	3.6251e-06	-11435.5
854	3.6251e-06	-12946.9
855	3.6251e-06	-13225.9
856	3.6251e-06	-13636.5
857	3.6251e-06	-13564.4
858	3.6251e-06	-11631.7
859	3.6251e-06	-11342.6
860	3.6251e-06	-11073.9
861	3.6251e-06	-13439.9
862	3.6251e-06	-15719.7
863	3.6251e-06	-16949.2
864	3.6251e-06	-17504
865	3.6251e-06	-12916.1
866	3.6251e-06	-13332.2
867	3.6251e-06	-13005.3
868	3.6251e-06	-14621.5
869	3.6251e-06	-11979.1
870	3.6251e-06	-13097.3
871	3.6251e-06	-12693
872	3.6251e-06	-10940.2
873	3.6251e-06	-10958.5
874	3.6251e-06	-12850
875	3.6251e-06	-11394.5
876	3.6251e-06	-14587.7
877	3.6251e-06	-16097.8
878	3.6251e-06	-16040.6
879	3.6251e-06	-16469.9
880	3.6251e-06	-19385.1
881	3.6251e-06	-17883.5
882	3.6251e-06	-18961.1
883	3.6251e-06	-13591.2
884	3.6251e-06	-13647.8
885	3.6251e-06	-14329.9
886	3.6251e-06	-13318.2
887	3.6251e-06	-15088.5
888	3.6251e-06	-14239.9
889	3.6251e-06	-13321.3
890	3.6251e-06	-12187.1
891	3.6251e-06	-9923.67
892	3.6251e-06	-10789.9
893	3.6251e-06	-11276
894	3.6251e-06	-13337.9
895	3.6251e-06	-12185.2
896	3.6251e-06	-13270.4
897	3.6251e-06	-14955.9
898	3.6251e-06	-13863.7
899	3.6251e-06	-15005.3
900	3.6251e-06	-11395.1
901	3.6251e-06	-14944.4
902	3.6251e-06	-11457.2
903	3.6251e-06	-12391.7
904	3.6251e-06	-12362.5
905	3.6251e-06	-11623.7
906	3.6251e-06	-10161.3
907	3.6251e-06	-13770.5
908	3.6251e-06	-12205.6
909	3.6251e-06	-12674.7
910	3.6251e-06	-12436.5
911	3.6251e-06	-11043.1
912	3.6251e-06	-12833.4
913	3.6251e-06	-13113
914	3.6251e-06	-13864.1
915	3.6251e-06	-13268.6
916	3.6251e-06	-12605.5
917	3.6251e-06	-12767.1
918	3.6251e-06	-13318.1
919	3.6251e-06	-13070.9
920	3.6251e-06	-12532.4
921	3.6251e-06	-12603
922	3.6251e-06	-11901.1
923	3.6251e-06	-12386.2
924	3.6251e-06	-12766.7
925	3.6251e-06	-12007.4
926	3.6251e-06	-11606.7
927	3.6251e-06	-11759.6
928	3.6251e-06	-14340.8
929	3.6251e-06	-13281.8
930	3.6251e-06	-14809.1
931	3.6251e-06	-13457.9
932	3.6251e-06	-11899.1
933	3.6251e-06	-10889.9
934	3.6251e-06	-11460
935	3.6251e-06	-14773
936	3.6251e-06	-14784.2
937	3.6251e-06	-13281.9
938	3.6251e-06	-11060.7
939	3.6251e-06	-11226.7
940	3.6251e-06	-12542.6
941	3.6251e-06	-10895.3
942	3.6251e-06	-12058.1
943	3.6251e-06	-11474.2
944	3.6251e-06	-11494.7
945	3.6251e-06	-10986
946	3.6251e-06	-10913.5
947	3.6251e-06	-12683.2
948	3.6251e-06	-12271.8
949	3.6251e-06	-11857.4
950	3.6251e-06	-11328.3
951	3.6251e-06	-11511.5
952	3.6251e-06	-12861.8
953	3.6251e-06	-11087.7
954	3.6251e-06	-13296.9
955	3.6251e-06	-15867.4
956	3.6251e-06	-11722.3
957	3.6251e-06	-11686.4
958	3.6251e-06	-13012.7
959	3.6251e-06	-11519.5
960	3.6251e-06	-13064.9
961	3.6251e-06	-13001.9
962	3.6251e-06	-12619.6
963	3.6251e-06	-15414.4
964	3.6251e-06	-14433.2
965	3.6251e-06	-11644.6
966	3.6251e-06	-11417.9
967	3.6251e-06	-10979
968	3.6251e-06	-11254.2
969	3.6251e-06	-11307.5
970	3.6251e-06	-12696.2
971	3.6251e-06	-12778.6
972	3.6251e-06	-11233.7
973	3.6251e-06	-13224.9
974	3.6251e-06	-13826
975	3.6251e-06	-13905.6
976	3.6251e-06	-13749.2
977	3.6251e-06	-14037.2
978	3.6251e-06	-11103.9
979	3.6251e-06	-13036.4
980	3.6251e-06	-11685.8
981	3.6251e-06	-12940.2
982	3.6251e-06	-14085.7
983	3.6251e-06	-13796.7
984	3.6251e-06	-13590.6
985	3.6251e-06	-13506.3
986	3.6251e-06	-12767.6
987	3.6251e-06	-13713.3
988	3.6251e-06	-13889.5
989	3.6251e-06	-13528.3
990	3.6251e-06	-10579.3
991	3.6251e-06	-14025.2
992	3.6251e-06	-13250.7
993	3.6251e-06	-14250.5
994	3.6251e-06	-13992
995	3.6251e-06	-14029.1
996	3.6251e-06	-14029.5
997	3.6251e-06	-10699.3
998	3.6251e-06	-11388.2
999	3.6251e-06	-11815.5
1000	3.6251e-06	-11701.2
251	8.60252e-07	-14369
252	8.60252e-07	-13576.3
253	8.60252e-07	-12095.6
254	8.60252e-07	-11587.6
255	8.60252e-07	-12647.2
256	8.60252e-07	-12959.1
257	8.60252e-07	-11861.9
258	8.60252e-07	-11906.5
259	8.60252e-07	-12551.8
260	8.60252e-07	-13323.6
261	8.60252e-07	-11843.5
262	8.60252e-07	-11407.5
263	8.60252e-07	-10507.9
264	8.60252e-07	-11908.7
265	8.60252e-07	-10561.6
266	8.60252e-07	-12064.5
267	8.60252e-07	-14087.8
268	8.60252e-07	-13283.5
269	8.60252e-07	-14198.7
270	8.60252e-07	-12491.7
271	8.60252e-07	-11648.9
272	8.60252e-07	-10413.4
273	8.60252e-07	-14832.2
274	8.60252e-07	-16373
275	8.60252e-07	-16076.4
276	8.60252e-07	-12159.4
277	8.60252e-07	-11950.1
278	8.60252e-07	-11943.8
279	8.60252e-07	-11458
280	8.60252e-07	-10802.5
281	8.60252e-07	-11536.6
282	8.60252e-07	-12108.8
283	8.60252e-07	-11674.2
284	8.60252e-07	-13563.9
285	8.60252e-07	-11398.8
286	8.60252e-07	-12645.4
287	8.60252e-07	-13490.4
288	8.60252e-07	-13580.1
289	8.60252e-07	-12719.3
290	8.60252e-07	-14659.6
291	8.60252e-07	-12475
292	8.60252e-07	-12386.1
293	8.60252e-07	-14063.8
294	8.60252e-07	-11552.6
295	8.60252e-07	-11012.8
296	8.60252e-07	-13338.3
297	8.60252e-07	-13164.5
298	8.60252e-07	-13958.1
299	8.60252e-07	-17224.9
300	8.60252e-07	-13866.9
301	8.60252e-07	-15757.5
302	8.60252e-07	-10211.5
303	8.60252e-07	-11093.7
304	8.60252e-07	-11585.3
305	8.60252e-07	-12030.1
306	8.60252e-07	-12237.9
307	8.60252e-07	-12329.6
308	8.60252e-07	-14043.7
309	8.60252e-07	-14859.7
310	8.60252e-07	-12602.6
311	8.60252e-07	-11846.3
312	8.60252e-07	-12909.7
313	8.60252e-07	-14231.5
314	8.60252e-07	-14950.7
315	8.60252e-07	-13007.7
316	8.60252e-07	-13081
317	8.60252e-07	-13210.6
318	8.60252e-07	-11034.5
319	8.60252e-07	-11999.5
320	8.60252e-07	-11903.5
321	8.60252e-07	-12685.3
322	8.60252e-07	-11481.1
323	8.60252e-07	-11495.8
324	8.60252e-07	-12059.9
325	8.60252e-07	-12750.3
326	8.60252e-07	-11947.7
327	8.60252e-07	-12351.2
328	8.60252e-07	-13274.4
329	8.60252e-07	-14623
330	8.60252e-07	-12819.9
331	8.60252e-07	-11930.3
332	8.60252e-07	-11398
333	8.60252e-07	-12578.3
334	8.60252e-07	-11665.1
335	8.60252e-07	-13261.3
336	8.60252e-07	-16995.2
337	8.60252e-07	-17014.7
338	8.60252e-07	-12039.5
339	8.60252e-07	-13568.6
340	8.60252e-07	-11808.6
341	8.60252e-07	-13298.5
342	8.60252e-07	-11626.7
343	8.60252e-07	-13965
344	8.60252e-07	-11573.4
345	8.60252e-07	-11756.2
346	8.60252e-07	-12722.6
347	8.60252e-07	-11223.7
348	8.60252e-07	-11881.8
349	8.60252e-07	-13406.7
350	8.60252e-07	-13092.9
351	8.60252e-07	-13575.2
352	8.60252e-07	-12437.1
353	8.60252e-07	-11173.4
354	8.60252e-07	-10875.8
355	8.60252e-07	-10867.7
356	8.60252e-07	-11901.5
357	8.60252e-07	-10827.4
358	8.60252e-07	-13588.3
359	8.60252e-07	-17477.2
360	8.60252e-07	-11906.6
361	8.60252e-07	-11819.6
362	8.60252e-07	-12465.8
363	8.60252e-07	-13059.6
364	8.60252e-07	-14074
365	8.60252e-07	-12800.1
366	8.60252e-07	-12176.5
367	8.60252e-07	-13565.7
368	8.60252e-07	-9948.95
369	8.60252e-07	-12121.7
370	8.60252e-07	-15928.9
371	8.60252e-07	-11811.5
372	8.60252e-07	-12906.4
373	8.60252e-07	-11747.3
374	8.60252e-07	-12039.7
375	8.60252e-07	-12497.6
376	8.60252e-07	-13235
377	8.60252e-07	-14848.1
378	8.60252e-07	-13890.6
379	8.60252e-07	-19089.1
380	8.60252e-07	-12020
381	8.60252e-07	-11253.6
382	8.60252e-07	-12282.4
383	8.60252e-07	-13044.4
384	8.60252e-07	-14041.9
385	8.60252e-07	-15235.2
386	8.60252e-07	-11756
387	8.60252e-07	-12784.8
388	8.60252e-07	-12840.5
389	8.60252e-07	-12450.4
390	8.60252e-07	-12901.9
391	8.60252e-07	-12287.5
392	8.60252e-07	-13960.5
393	8.60252e-07	-12462.6
394	8.60252e-07	-11712.9
395	8.60252e-07	-12130.4
396	8.60252e-07	-15684.5
397	8.60252e-07	-12413.3
398	8.60252e-07	-12788.4
399	8.60252e-07	-12958
400	8.60252e-07	-13603.9
401	8.60252e-07	-12262.3
402	8.60252e-07	-12418
403	8.60252e-07	-12479.5
404	8.60252e-07	-13780.3
405	8.60252e-07	-13138.9
406	8.60252e-07	-13085.8
407	8.60252e-07	-13998.5
408	8.60252e-07	-12543.1
409	8.60252e-07	-11033
410	8.60252e-07	-12859.1
411	8.60252e-07	-13882.4
412	8.60252e-07	-12870.3
413	8.60252e-07	-11471.5
414	8.60252e-07	-12877.8
415	8.60252e-07	-15468
416	8.60252e-07	-15273.7
417	8.60252e-07	-13671.9
418	8.60252e-07	-13406.2
419	8.60252e-07	-12881.6
420	8.60252e-07	-11441.8
421	8.60252e-07	-12359
422	8.60252e-07	-12067.7
423	8.60252e-07	-11374.6
424	8.60252e-07	-11153.2
425	8.60252e-07	-11576.2
426	8.60252e-07	-11877
427	8.60252e-07	-13159.4
428	8.60252e-07	-11885.3
429	8.60252e-07	-10893.9
430	8.60252e-07	-12320.1
431	8.60252e-07	-11293.1
432	8.60252e-07	-13306.2
433	8.60252e-07	-11617.5
434	8.60252e-07	-14310.7
435	8.60252e-07	-14377.9
436	8.60252e-07	-13442.4
437	8.60252e-07	-16561.3
438	8.60252e-07	-16482.2
439	8.60252e-07	-17146.5
440	8.60252e-07	-17718.6
441	8.60252e-07	-16698.4
442	8.60252e-07	-15823.4
443	8.60252e-07	-15938.5
444	8.60252e-07	-16075.9
445	8.60252e-07	-18455.8
446	8.60252e-07	-12800.4
447	8.60252e-07	-11929.3
448	8.60252e-07	-12284
449	8.60252e-07	-13067.4
450	8.60252e-07	-14093
451	8.60252e-07	-14581.5
452	8.60252e-07	-16026.6
453	8.60252e-07	-12004.3
454	8.60252e-07	-12618.9
455	8.60252e-07	-13083.9
456	8.60252e-07	-12442.7
457	8.60252e-07	-13006.9
458	8.60252e-07	-11056.4
459	8.60252e-07	-11240.2
460	8.60252e-07	-10597.7
461	8.60252e-07	-11016.9
462	8.60252e-07	-10609.9
463	8.60252e-07	-11439
464	8.60252e-07	-11758.9
465	8.60252e-07	-11802.8
466	8.60252e-07	-12609.1
467	8.60252e-07	-13055.1
468	8.60252e-07	-13098.4
469	8.60252e-07	-12874.7
470	8.60252e-07	-12935.4
471	8.60252e-07	-10780.9
472	8.60252e-07	-12213.6
473	8.60252e-07	-13438
474	8.60252e-07	-14184.9
475	8.60252e-07	-15421.8
476	8.60252e-07	-12696.1
477	8.60252e-07	-13640.6
478	8.60252e-07	-13069.4
479	8.60252e-07	-14659.6
480	8.60252e-07	-14118.7
481	8.60252e-07	-11870.7
482	8.60252e-07	-11540.1
483	8.60252e-07	-10752.5
484	8.60252e-07	-10625.6
485	8.60252e-07	-12270.1
486	8.60252e-07	-11398.6
487	8.60252e-07	-12698
488	8.60252e-07	-11018.1
489	8.60252e-07	-11022.1
490	8.60252e-07	-10879.2
491	8.60252e-07	-12426.8
492	8.60252e-07	-10370.5
493	8.60252e-07	-10727.8
494	8.60252e-07	-11082.3
495	8.60252e-07	-14007.9
496	8.60252e-07	-13030.2
497	8.60252e-07	-12646.8
498	8.60252e-07	-12940
499	8.60252e-07	-11451.7
500	8.60252e-07	-12612
501	8.60252e-07	-11665.9
502	8.60252e-07	-11268.3
503	8.60252e-07	-13017.2
504	8.60252e-07	-12304.5
505	8.60252e-07	-11740.6
506	8.60252e-07	-11510
507	8.60252e-07	-12145
508	8.60252e-07	-11588.2
509	8.60252e-07	-12451.9
510	8.60252e-07	-13374.4
511	8.60252e-07	-15285.5
512	8.60252e-07	-13130.1
513	8.60252e-07	-12721.4
514	8.60252e-07	-12322.8
515	8.60252e-07	-12709.1
516	8.60252e-07	-11889.9
517	8.60252e-07	-13110.9
518	8.60252e-07	-15529.9
519	8.60252e-07	-13896.8
520	8.60252e-07	-11318.5
521	8.60252e-07	-11209.1
522	8.60252e-07	-11105.7
523	8.60252e-07	-11335.7
524	8.60252e-07	-11469.7
525	8.60252e-07	-12407.9
526	8.60252e-07	-11711.9
527	8.60252e-07	-10923.8
528	8.60252e-07	-12100.7
529	8.60252e-07	-13314.2
530	8.60252e-07	-13960.7
531	8.60252e-07	-12734.7
532	8.60252e-07	-10717.4
533	8.60252e-07	-11126.3
534	8.60252e-07	-13140.1
535	8.60252e-07	-13737.2
536	8.60252e-07	-11361.8
537	8.60252e-07	-14444.1
538	8.60252e-07	-13640.8
539	8.60252e-07	-13401.2
540	8.60252e-07	-14396.7
541	8.60252e-07	-12777.6
542	8.60252e-07	-12910.8
543	8.60252e-07	-11691.4
544	8.60252e-07	-12540.9
545	8.60252e-07	-11281.3
546	8.60252e-07	-13382.9
547	8.60252e-07	-14819.1
548	8.60252e-07	-16606.4
549	8.60252e-07	-15045
550	8.60252e-07	-15864.4
551	8.60252e-07	-12668.4
552	8.60252e-07	-12544.7
553	8.60252e-07	-13947.5
554	8.60252e-07	-12762.4
555	8.60252e-07	-13488.9
556	8.60252e-07	-11297
557	8.60252e-07	-10711.8
558	8.60252e-07	-9885.66
559	8.60252e-07	-11564
560	8.60252e-07	-13581
561	8.60252e-07	-14860.1
562	8.60252e-07	-10979.5
563	8.60252e-07	-11534.2
564	8.60252e-07	-11632.1
565	8.60252e-07	-12109.1
566	8.60252e-07	-13261.4
567	8.60252e-07	-15361.7
568	8.60252e-07	-14916.2
569	8.60252e-07	-15202.9
570	8.60252e-07	-14585.4
571	8.60252e-07	-12209.6
572	8.60252e-07	-12495.2
573	8.60252e-07	-11189.5
574	8.60252e-07	-10903.6
575	8.60252e-07	-11292.4
576	8.60252e-07	-11562.5
577	8.60252e-07	-10542.6
578	8.60252e-07	-11050.1
579	8.60252e-07	-13181.1
580	8.60252e-07	-11387
581	8.60252e-07	-10624.1
582	8.60252e-07	-11593.1
583	8.60252e-07	-11269.5
584	8.60252e-07	-12842.6
585	8.60252e-07	-12959.1
586	8.60252e-07	-10521.1
587	8.60252e-07	-11071.1
588	8.60252e-07	-12395.9
589	8.60252e-07	-11552.8
590	8.60252e-07	-10866.3
591	8.60252e-07	-12169.6
592	8.60252e-07	-13580
593	8.60252e-07	-12447
594	8.60252e-07	-12767
595	8.60252e-07	-13534.7
596	8.60252e-07	-11094
597	8.60252e-07	-13870.8
598	8.60252e-07	-14875.2
599	8.60252e-07	-12968.1
600	8.60252e-07	-12135.7
601	8.60252e-07	-12091.3
602	8.60252e-07	-12333.7
603	8.60252e-07	-12341.1
604	8.60252e-07	-13879.8
605	8.60252e-07	-15206.3
606	8.60252e-07	-13424.2
607	8.60252e-07	-14718.7
608	8.60252e-07	-14454.6
609	8.60252e-07	-12285.1
610	8.60252e-07	-12564.6
611	8.60252e-07	-12040.4
612	8.60252e-07	-12205.7
613	8.60252e-07	-12248.9
614	8.60252e-07	-12235.9
615	8.60252e-07	-12125.3
616	8.60252e-07	-11379.9
617	8.60252e-07	-12575.8
618	8.60252e-07	-12340.8
619	8.60252e-07	-11694.6
620	8.60252e-07	-14135
621	8.60252e-07	-12107.9
622	8.60252e-07	-12441.3
623	8.60252e-07	-15134.8
624	8.60252e-07	-14790
625	8.60252e-07	-15251.2
626	8.60252e-07	-10987.3
627	8.60252e-07	-14159.3
628	8.60252e-07	-17184.9
629	8.60252e-07	-14194
630	8.60252e-07	-14453.6
631	8.60252e-07	-14599.8
632	8.60252e-07	-13400.9
633	8.60252e-07	-14986.9
634	8.60252e-07	-14529.6
635	8.60252e-07	-13646.6
636	8.60252e-07	-15783.4
637	8.60252e-07	-13564.6
638	8.60252e-07	-12798.3
639	8.60252e-07	-12336.3
640	8.60252e-07	-11834.7
641	8.60252e-07	-13654.2
642	8.60252e-07	-14219.5
643	8.60252e-07	-11524.9
644	8.60252e-07	-11020.7
645	8.60252e-07	-12031.8
646	8.60252e-07	-11576.7
647	8.60252e-07	-11661
648	8.60252e-07	-11907.6
649	8.60252e-07	-11791
650	8.60252e-07	-10950.9
651	8.60252e-07	-10636.6
652	8.60252e-07	-12120.1
653	8.60252e-07	-11802.6
654	8.60252e-07	-11850
655	8.60252e-07	-11615.1
656	8.60252e-07	-10746
657	8.60252e-07	-10918.7
658	8.60252e-07	-11345.9
659	8.60252e-07	-10288.5
660	8.60252e-07	-10546.5
661	8.60252e-07	-11001
662	8.60252e-07	-11723.1
663	8.60252e-07	-12041.4
664	8.60252e-07	-12640.7
665	8.60252e-07	-16856.4
666	8.60252e-07	-15248.8
667	8.60252e-07	-15541.1
668	8.60252e-07	-16773.5
669	8.60252e-07	-15748.1
670	8.60252e-07	-13095.5
671	8.60252e-07	-13363.4
672	8.60252e-07	-12054.6
673	8.60252e-07	-12529.9
674	8.60252e-07	-12435.1
675	8.60252e-07	-11308.7
676	8.60252e-07	-12687.1
677	8.60252e-07	-11884
678	8.60252e-07	-12692.7
679	8.60252e-07	-11598.1
680	8.60252e-07	-11383.6
681	8.60252e-07	-11856.1
682	8.60252e-07	-12423.6
683	8.60252e-07	-11801.8
684	8.60252e-07	-13150.9
685	8.60252e-07	-12034.6
686	8.60252e-07	-11093.8
687	8.60252e-07	-14373.5
688	8.60252e-07	-12314.2
689	8.60252e-07	-12696.3
690	8.60252e-07	-11959.4
691	8.60252e-07	-12617.1
692	8.60252e-07	-11323.1
693	8.60252e-07	-11840.1
694	8.60252e-07	-17423
695	8.60252e-07	-13684.4
696	8.60252e-07	-11668.2
697	8.60252e-07	-11394.8
698	8.60252e-07	-12833.5
699	8.60252e-07	-12631.2
700	8.60252e-07	-11404.7
701	8.60252e-07	-12164.9
702	8.60252e-07	-11325.3
703	8.60252e-07	-11209.8
704	8.60252e-07	-12288.9
705	8.60252e-07	-14376
706	8.60252e-07	-13579.4
707	8.60252e-07	-10855.5
708	8.60252e-07	-10952.5
709	8.60252e-07	-13508.4
710	8.60252e-07	-15983.2
711	8.60252e-07	-13753.5
712	8.60252e-07	-11600.2
713	8.60252e-07	-11500.1
714	8.60252e-07	-11898.1
715	8.60252e-07	-11785.8
716	8.60252e-07	-11511.6
717	8.60252e-07	-11673.8
718	8.60252e-07	-12105.6
719	8.60252e-07	-14339.2
720	8.60252e-07	-14893.3
721	8.60252e-07	-13343.3
722	8.60252e-07	-12964.6
723	8.60252e-07	-14273.2
724	8.60252e-07	-12883.4
725	8.60252e-07	-12622
726	8.60252e-07	-11804.1
727	8.60252e-07	-15390.8
728	8.60252e-07	-16955.9
729	8.60252e-07	-12095
730	8.60252e-07	-12679.1
731	8.60252e-07	-12168.2
732	8.60252e-07	-12022
733	8.60252e-07	-11782.8
734	8.60252e-07	-11304.9
735	8.60252e-07	-12039.9
736	8.60252e-07	-11606.9
737	8.60252e-07	-12606.8
738	8.60252e-07	-13262.3
739	8.60252e-07	-12847.8
740	8.60252e-07	-11219.6
741	8.60252e-07	-12560.8
742	8.60252e-07	-14997.8
743	8.60252e-07	-21262.3
744	8.60252e-07	-15024.4
745	8.60252e-07	-12685.2
746	8.60252e-07	-11792.7
747	8.60252e-07	-11609.4
748	8.60252e-07	-12227.4
749	8.60252e-07	-11250.9
750	8.60252e-07	-11960
751	8.60252e-07	-9721.12
752	8.60252e-07	-12888.1
753	8.60252e-07	-14510.1
754	8.60252e-07	-14510.3
755	8.60252e-07	-13274
756	8.60252e-07	-12656.5
757	8.60252e-07	-11104.2
758	8.60252e-07	-14184.5
759	8.60252e-07	-13567.9
760	8.60252e-07	-11556.1
761	8.60252e-07	-10223.8
762	8.60252e-07	-10500
763	8.60252e-07	-10917.8
764	8.60252e-07	-14440.4
765	8.60252e-07	-13127
766	8.60252e-07	-13840.4
767	8.60252e-07	-12682.3
768	8.60252e-07	-13855.5
769	8.60252e-07	-10656
770	8.60252e-07	-11139.4
771	8.60252e-07	-11657.9
772	8.60252e-07	-11825.5
773	8.60252e-07	-13336.3
774	8.60252e-07	-12245.8
775	8.60252e-07	-11851.1
776	8.60252e-07	-12045.4
777	8.60252e-07	-15637.2
778	8.60252e-07	-12651.2
779	8.60252e-07	-13934.9
780	8.60252e-07	-14034.7
781	8.60252e-07	-15408.7
782	8.60252e-07	-15003.8
783	8.60252e-07	-14278.4
784	8.60252e-07	-14448
785	8.60252e-07	-12115
786	8.60252e-07	-13636.2
787	8.60252e-07	-19653.7
788	8.60252e-07	-17053.9
789	8.60252e-07	-16242.1
790	8.60252e-07	-16331
791	8.60252e-07	-16573.1
792	8.60252e-07	-17120.8
793	8.60252e-07	-12901.2
794	8.60252e-07	-11744
795	8.60252e-07	-13732.3
796	8.60252e-07	-14605.1
797	8.60252e-07	-10994
798	8.60252e-07	-12505.9
799	8.60252e-07	-13287.5
800	8.60252e-07	-13536.7
801	8.60252e-07	-14941.4
802	8.60252e-07	-13513.3
803	8.60252e-07	-13046.1
804	8.60252e-07	-12161.2
805	8.60252e-07	-13375.1
806	8.60252e-07	-11344.7
807	8.60252e-07	-10802.2
808	8.60252e-07	-11814.5
809	8.60252e-07	-11448.6
810	8.60252e-07	-12227.9
811	8.60252e-07	-12144.8
812	8.60252e-07	-11133.6
813	8.60252e-07	-12832.2
814	8.60252e-07	-12891.8
815	8.60252e-07	-12476.7
816	8.60252e-07	-11752.5
817	8.60252e-07	-12165.7
818	8.60252e-07	-14679
819	8.60252e-07	-12543.9
820	8.60252e-07	-12014.6
821	8.60252e-07	-13472.8
822	8.60252e-07	-11623.1
823	8.60252e-07	-10567.5
824	8.60252e-07	-10803.8
825	8.60252e-07	-11282.9
826	8.60252e-07	-10297.6
827	8.60252e-07	-11573.2
828	8.60252e-07	-12540.7
829	8.60252e-07	-12267.7
830	8.60252e-07	-10762.7
831	8.60252e-07	-12413.3
832	8.60252e-07	-12399
833	8.60252e-07	-11903.9
834	8.60252e-07	-15869.4
835	8.60252e-07	-14695.2
836	8.60252e-07	-12495.5
837	8.60252e-07	-13404.1
838	8.60252e-07	-12612.3
839	8.60252e-07	-13825.9
840	8.60252e-07	-11999.4
841	8.60252e-07	-11260.4
842	8.60252e-07	-11978.2
843	8.60252e-07	-12315.6
844	8.60252e-07	-12043
845	8.60252e-07	-11826.3
846	8.60252e-07	-12887.1
847	8.60252e-07	-11173.3
848	8.60252e-07	-10970.4
849	8.60252e-07	-11715.3
850	8.60252e-07	-12161.8
851	8.60252e-07	-12383.7
852	8.60252e-07	-12350.3
853	8.60252e-07	-13993.3
854	8.60252e-07	-14776.7
855	8.60252e-07	-11063.7
856	8.60252e-07	-11040.1
857	8.60252e-07	-15366
858	8.60252e-07	-16681
859	8.60252e-07	-14581.5
860	8.60252e-07	-19950.4
861	8.60252e-07	-16405.7
862	8.60252e-07	-14651.3
863	8.60252e-07	-16758
864	8.60252e-07	-14301.3
865	8.60252e-07	-11292.2
866	8.60252e-07	-12944.5
867	8.60252e-07	-12155.3
868	8.60252e-07	-13527.7
869	8.60252e-07	-12809.5
870	8.60252e-07	-13133.8
871	8.60252e-07	-11253.1
872	8.60252e-07	-12314.6
873	8.60252e-07	-11197.1
874	8.60252e-07	-11260.9
875	8.60252e-07	-11076.7
876	8.60252e-07	-11049.8
877	8.60252e-07	-13939.4
878	8.60252e-07	-11995.9
879	8.60252e-07	-16006.7
880	8.60252e-07	-16688.2
881	8.60252e-07	-16162.1
882	8.60252e-07	-16683
883	8.60252e-07	-14821.7
884	8.60252e-07	-15689.7
885	8.60252e-07	-11291.9
886	8.60252e-07	-11888.2
887	8.60252e-07	-12800.1
888	8.60252e-07	-11799.2
889	8.60252e-07	-11101.5
890	8.60252e-07	-10680.6
891	8.60252e-07	-12424.3
892	8.60252e-07	-10846.9
893	8.60252e-07	-13826.6
894	8.60252e-07	-13874
895	8.60252e-07	-13135.6
896	8.60252e-07	-13995.9
897	8.60252e-07	-12287.3
898	8.60252e-07	-12329.4
899	8.60252e-07	-13391.2
900	8.60252e-07	-14974.4
901	8.60252e-07	-11097.9
902	8.60252e-07	-12033.1
903	8.60252e-07	-10968.9
904	8.60252e-07	-10461.9
905	8.60252e-07	-13404
906	8.60252e-07	-13096.9
907	8.60252e-07	-12599.1
908	8.60252e-07	-11433.7
909	8.60252e-07	-15169.1
910	8.60252e-07	-16296.5
911	8.60252e-07	-16571.6
912	8.60252e-07	-16644.4
913	8.60252e-07	-14472
914	8.60252e-07	-13834.2
915	8.60252e-07	-13456
916	8.60252e-07	-12656.9
917	8.60252e-07	-10441.8
918	8.60252e-07	-10247.8
919	8.60252e-07	-13934.1
920	8.60252e-07	-12295.4
921	8.60252e-07	-12382.8
922	8.60252e-07	-11610.9
923	8.60252e-07	-11054.5
924	8.60252e-07	-12505.1
925	8.60252e-07	-12314.5
926	8.60252e-07	-12188
927	8.60252e-07	-11456.3
928	8.60252e-07	-11099.5
929	8.60252e-07	-12641.9
930	8.60252e-07	-13218.6
931	8.60252e-07	-12419.2
932	8.60252e-07	-11480.2
933	8.60252e-07	-12081.6
934	8.60252e-07	-11111.5
935	8.60252e-07	-14054.7
936	8.60252e-07	-13417.3
937	8.60252e-07	-14430.3
938	8.60252e-07	-15805.7
939	8.60252e-07	-14581.4
940	8.60252e-07	-13902
941	8.60252e-07	-12765.7
942	8.60252e-07	-11615
943	8.60252e-07	-11074.9
944	8.60252e-07	-13554.6
945	8.60252e-07	-11838.7
946	8.60252e-07	-12101.5
947	8.60252e-07	-13522.7
948	8.60252e-07	-14197.4
949	8.60252e-07	-14100.9
950	8.60252e-07	-11303.2
951	8.60252e-07	-13531.9
952	8.60252e-07	-12691.9
953	8.60252e-07	-13758.7
954	8.60252e-07	-12736.6
955	8.60252e-07	-11590.4
956	8.60252e-07	-10764.3
957	8.60252e-07	-12281.9
958	8.60252e-07	-12549.5
959	8.60252e-07	-13236.2
960	8.60252e-07	-11778.2
961	8.60252e-07	-12312.6
962	8.60252e-07	-10830.4
963	8.60252e-07	-11050.3
964	8.60252e-07	-12584.4
965	8.60252e-07	-12065.9
966	8.60252e-07	-12728.3
967	8.60252e-07	-11236.8
968	8.60252e-07	-12773.5
969	8.60252e-07	-11148
970	8.60252e-07	-10715.2
971	8.60252e-07	-10636.7
972	8.60252e-07	-11253.9
973	8.60252e-07	-13025
974	8.60252e-07	-12551.8
975	8.60252e-07	-12704.7
976	8.60252e-07	-12711.3
977	8.60252e-07	-12823
978	8.60252e-07	-13142.9
979	8.60252e-07	-12505.2
980	8.60252e-07	-10687.9
981	8.60252e-07	-11648
982	8.60252e-07	-13917.8
983	8.60252e-07	-13816.5
984	8.60252e-07	-14126.1
985	8.60252e-07	-14041.8
986	8.60252e-07	-16020.6
987	8.60252e-07	-17004.2
988	8.60252e-07	-17555.7
989	8.60252e-07	-16216.7
990	8.60252e-07	-16324.2
991	8.60252e-07	-12280.5
992	8.60252e-07	-12523.8
993	8.60252e-07	-12635.5
994	8.60252e-07	-10978.8
995	8.60252e-07	-10895.9
996	8.60252e-07	-10867
997	8.60252e-07	-11133.8
998	8.60252e-07	-11334.6
999	8.60252e-07	-10647.2
1000	8.60252e-07	-12163.3
251	1.13284e-07	-10539.2
252	1.13284e-07	-12201
253	1.13284e-07	-11731.8
254	1.13284e-07	-11586.7
255	1.13284e-07	-11983.5
256	1.13284e-07	-11813.7
257	1.13284e-07	-10975.6
258	1.13284e-07	-12041.2
259	1.13284e-07	-11673.1
260	1.13284e-07	-13678
261	1.13284e-07	-15430.8
262	1.13284e-07	-13510.6
263	1.13284e-07	-15032
264	1.13284e-07	-16649
265	1.13284e-07	-12357.5
266	1.13284e-07	-11147.5
267	1.13284e-07	-12313.5
268	1.13284e-07	-11258.4
269	1.13284e-07	-12566.7
270	1.13284e-07	-11681.3
271	1.13284e-07	-12127.3
272	1.13284e-07	-12900.4
273	1.13284e-07	-11600.7
274	1.13284e-07	-10750.2
275	1.13284e-07	-10994.8
276	1.13284e-07	-11229.6
277	1.13284e-07	-10983.3
278	1.13284e-07	-11491.5
279	1.13284e-07	-12338.7
280	1.13284e-07	-11929.8
281	1.13284e-07	-11306
282	1.13284e-07	-14197.7
283	1.13284e-07	-14246.7
284	1.13284e-07	-11307.1
285	1.13284e-07	-13335.5
286	1.13284e-07	-13350.9
287	1.13284e-07	-14266.8
288	1.13284e-07	-15133.3
289	1.13284e-07	-11754.3
290	1.13284e-07	-11181.4
291	1.13284e-07	-12604.9
292	1.13284e-07	-11453
293	1.13284e-07	-11509.6
294	1.13284e-07	-11342.3
295	1.13284e-07	-12597.8
296	1.13284e-07	-12598.3
297	1.13284e-07	-12483.9
298	1.13284e-07	-9840.75
299	1.13284e-07	-11691.2
300	1.13284e-07	-13696
301	1.13284e-07	-10500.7
302	1.13284e-07	-12225.3
303	1.13284e-07	-11580.7
304	1.13284e-07	-12275.6
305	1.13284e-07	-13856.1
306	1.13284e-07	-11547.9
307	1.13284e-07	-11828.1
308	1.13284e-07	-11805.4
309	1.13284e-07	-12883.9
310	1.13284e-07	-12368.8
311	1.13284e-07	-12275.4
312	1.13284e-07	-11628
313	1.13284e-07	-11903.5
314	1.13284e-07	-12544.2
315	1.13284e-07	-11372
316	1.13284e-07	-14253.2
317	1.13284e-07	-13184.9
318	1.13284e-07	-15266.9
319	1.13284e-07	-14499
320	1.13284e-07	-12773.2
321	1.13284e-07	-13485.8
322	1.13284e-07	-15171.6
323	1.13284e-07	-18714.1
324	1.13284e-07	-17001.9
325	1.13284e-07	-13237.6
326	1.13284e-07	-14687
327	1.13284e-07	-14864.9
328	1.13284e-07	-11441.5
329	1.13284e-07	-13727.6
330	1.13284e-07	-12525.6
331	1.13284e-07	-12546.5
332	1.13284e-07	-14146.6
333	1.13284e-07	-12333.8
334	1.13284e-07	-10820.2
335	1.13284e-07	-11526.5
336	1.13284e-07	-11885.6
337	1.13284e-07	-11043.1
338	1.13284e-07	-10577.3
339	1.13284e-07	-11453.9
340	1.13284e-07	-11530.2
341	1.13284e-07	-13353
342	1.13284e-07	-12451.8
343	1.13284e-07	-13154.7
344	1.13284e-07	-13831.8
345	1.13284e-07	-12245.1
346	1.13284e-07	-11225.8
347	1.13284e-07	-10865.7
348	1.13284e-07	-10447.8
349	1.13284e-07	-11231.4
350	1.13284e-07	-9824.32
351	1.13284e-07	-11365.2
352	1.13284e-07	-11950.3
353	1.13284e-07	-11430.3
354	1.13284e-07	-11998
355	1.13284e-07	-12157.8
356	1.13284e-07	-12338.1
357	1.13284e-07	-11512.8
358	1.13284e-07	-11493.1
359	1.13284e-07	-13580.9
360	1.13284e-07	-12972.5
361	1.13284e-07	-12241
362	1.13284e-07	-14948.5
363	1.13284e-07	-12954.9
364	1.13284e-07	-13574.9
365	1.13284e-07	-14763.3
366	1.13284e-07	-15164.9
367	1.13284e-07	-12840.9
368	1.13284e-07	-15615.7
369	1.13284e-07	-12415.3
370	1.13284e-07	-13531.2
371	1.13284e-07	-12782.4
372	1.13284e-07	-11191.6
373	1.13284e-07	-12154.4
374	1.13284e-07	-11250.8
375	1.13284e-07	-15398.1
376	1.13284e-07	-12939.5
377	1.13284e-07	-11800.2
378	1.13284e-07	-12449.7
379	1.13284e-07	-12226
380	1.13284e-07	-10884.5
381	1.13284e-07	-11373.3
382	1.13284e-07	-11857.8
383	1.13284e-07	-13809.3
384	1.13284e-07	-12076.8
385	1.13284e-07	-11703.8
386	1.13284e-07	-11940.9
387	1.13284e-07	-14465
388	1.13284e-07	-12452.7
389	1.13284e-07	-12446.2
390	1.13284e-07	-11847.9
391	1.13284e-07	-11604
392	1.13284e-07	-11734.8
393	1.13284e-07	-11421.1
394	1.13284e-07	-12118.5
395	1.13284e-07	-11453.8
396	1.13284e-07	-10811.9
397	1.13284e-07	-11191.9
398	1.13284e-07	-12001.1
399	1.13284e-07	-11907.1
400	1.13284e-07	-11950
401	1.13284e-07	-11752.7
402	1.13284e-07	-10535.9
403	1.13284e-07	-13682
404	1.13284e-07	-12438.8
405	1.13284e-07	-13428.4
406	1.13284e-07	-12910.8
407	1.13284e-07	-13388.6
408	1.13284e-07	-12064.7
409	1.13284e-07	-13677.9
410	1.13284e-07	-14771.9
411	1.13284e-07	-15009.6
412	1.13284e-07	-14202.7
413	1.13284e-07	-12106.2
414	1.13284e-07	-11320.2
415	1.13284e-07	-10700.5
416	1.13284e-07	-10401.9
417	1.13284e-07	-11690.2
418	1.13284e-07	-13259.1
419	1.13284e-07	-11958.7
420	1.13284e-07	-12646.6
421	1.13284e-07	-12201.3
422	1.13284e-07	-14989.1
423	1.13284e-07	-10953.5
424	1.13284e-07	-17028.9
425	1.13284e-07	-11849.2
426	1.13284e-07	-11278.8
427	1.13284e-07	-14734.9
428	1.13284e-07	-11671.6
429	1.13284e-07	-11229.3
430	1.13284e-07	-10607.5
431	1.13284e-07	-11230.9
432	1.13284e-07	-12319.2
433	1.13284e-07	-11253.6
434	1.13284e-07	-11641.5
435	1.13284e-07	-12072.3
436	1.13284e-07	-14811.2
437	1.13284e-07	-14484.7
438	1.13284e-07	-13903.3
439	1.13284e-07	-14389.8
440	1.13284e-07	-10626.8
441	1.13284e-07	-10798.9
442	1.13284e-07	-10850.5
443	1.13284e-07	-11420.8
444	1.13284e-07	-12441.5
445	1.13284e-07	-14742.2
446	1.13284e-07	-15710
447	1.13284e-07	-12844.8
448	1.13284e-07	-11759.5
449	1.13284e-07	-11389.4
450	1.13284e-07	-12072
451	1.13284e-07	-11609.3
452	1.13284e-07	-10687.6
453	1.13284e-07	-11913
454	1.13284e-07	-10997.1
455	1.13284e-07	-14241.6
456	1.13284e-07	-11750.8
457	1.13284e-07	-14442.4
458	1.13284e-07	-10019.8
459	1.13284e-07	-10950.1
460	1.13284e-07	-11443.3
461	1.13284e-07	-11948.5
462	1.13284e-07	-11428.2
463	1.13284e-07	-12632.5
464	1.13284e-07	-11629.1
465	1.13284e-07	-11026.4
466	1.13284e-07	-11754.2
467	1.13284e-07	-12181.8
468	1.13284e-07	-12748.6
469	1.13284e-07	-15193.7
470	1.13284e-07	-14675.5
471	1.13284e-07	-13022.1
472	1.13284e-07	-12531.8
473	1.13284e-07	-14103.1
474	1.13284e-07	-11929.9
475	1.13284e-07	-11368.8
476	1.13284e-07	-13157.1
477	1.13284e-07	-12592.2
478	1.13284e-07	-14666.2
479	1.13284e-07	-12226
480	1.13284e-07	-11155.9
481	1.13284e-07	-13436.2
482	1.13284e-07	-13882.4
483	1.13284e-07	-13894.8
484	1.13284e-07	-12827.2
485	1.13284e-07	-13278.7
486	1.13284e-07	-13414.7
487	1.13284e-07	-12693.9
488	1.13284e-07	-13267.4
489	1.13284e-07	-11794.4
490	1.13284e-07	-12251.2
491	1.13284e-07	-12877.8
492	1.13284e-07	-12866.2
493	1.13284e-07	-11610.6
494	1.13284e-07	-11080.4
495	1.13284e-07	-13102.8
496	1.13284e-07	-12844.3
497	1.13284e-07	-11995.3
498	1.13284e-07	-11865
499	1.13284e-07	-11644.3
500	1.13284e-07	-10772
501	1.13284e-07	-12811.1
502	1.13284e-07	-12110.9
503	1.13284e-07	-12004.3
504	1.13284e-07	-12421
505	1.13284e-07	-12470.2
506	1.13284e-07	-10547.8
507	1.13284e-07	-9923.91
508	1.13284e-07	-12841.1
509	1.13284e-07	-12518.6
510	1.13284e-07	-15740.2
511	1.13284e-07	-17762.7
512	1.13284e-07	-12918.4
513	1.13284e-07	-13741.9
514	1.13284e-07	-13707.2
515	1.13284e-07	-11714.6
516	1.13284e-07	-11338.5
517	1.13284e-07	-11446.1
518	1.13284e-07	-11771.1
519	1.13284e-07	-11244.7
520	1.13284e-07	-13738.4
521	1.13284e-07	-14398
522	1.13284e-07	-14723.8
523	1.13284e-07	-12794.7
524	1.13284e-07	-11328.3
525	1.13284e-07	-12185.4
526	1.13284e-07	-11090.7
527	1.13284e-07	-11225.6
528	1.13284e-07	-11230.5
529	1.13284e-07	-11826.5
530	1.13284e-07	-11968.1
531	1.13284e-07	-11492
532	1.13284e-07	-10572.3
533	1.13284e-07	-10766.8
534	1.13284e-07	-11738.3
535	1.13284e-07	-11138.2
536	1.13284e-07	-10254
537	1.13284e-07	-12940.5
538	1.13284e-07	-13087.6
539	1.13284e-07	-12975
540	1.13284e-07	-15283
541	1.13284e-07	-14788.7
542	1.13284e-07	-16036.3
543	1.13284e-07	-17427.3
544	1.13284e-07	-16138.9
545	1.13284e-07	-11808.4
546	1.13284e-07	-11668.9
547	1.13284e-07	-11852.2
548	1.13284e-07	-12647.3
549	1.13284e-07	-14242.4
550	1.13284e-07	-11463.8
551	1.13284e-07	-12978.2
552	1.13284e-07	-15090.4
553	1.13284e-07	-15874.7
554	1.13284e-07	-11125.9
555	1.13284e-07	-10961.4
556	1.13284e-07	-11059.6
557	1.13284e-07	-12001
558	1.13284e-07	-13187
559	1.13284e-07	-11885.6
560	1.13284e-07	-13847.9
561	1.13284e-07	-11352.2
562	1.13284e-07	-11255.3
563	1.13284e-07	-11012.6
564	1.13284e-07	-11072.5
565	1.13284e-07	-10786.7
566	1.13284e-07	-11704.6
567	1.13284e-07	-10603.7
568	1.13284e-07	-10241.3
569	1.13284e-07	-11585.9
570	1.13284e-07	-11690.3
571	1.13284e-07	-11501.6
572	1.13284e-07	-13231.3
573	1.13284e-07	-13295.6
574	1.13284e-07	-12306.8
575	1.13284e-07	-11753.1
576	1.13284e-07	-10632.3
577	1.13284e-07	-11703.8
578	1.13284e-07	-14265.5
579	1.13284e-07	-13031.8
580	1.13284e-07	-12181.4
581	1.13284e-07	-13855.7
582	1.13284e-07	-10784.9
583	1.13284e-07	-10206
584	1.13284e-07	-11706.5
585	1.13284e-07	-11386.1
586	1.13284e-07	-12696.3
587	1.13284e-07	-11021.7
588	1.13284e-07	-9967.18
589	1.13284e-07	-10668.3
590	1.13284e-07	-11457.3
591	1.13284e-07	-11669
592	1.13284e-07	-12104.4
593	1.13284e-07	-11658.4
594	1.13284e-07	-12236.6
595	1.13284e-07	-13063.1
596	1.13284e-07	-14200.3
597	1.13284e-07	-12858.1
598	1.13284e-07	-11120.6
599	1.13284e-07	-14394.6
600	1.13284e-07	-13452.2
601	1.13284e-07	-11689.5
602	1.13284e-07	-10515.9
603	1.13284e-07	-11473.9
604	1.13284e-07	-12286.6
605	1.13284e-07	-13502.3
606	1.13284e-07	-11908.6
607	1.13284e-07	-12571.8
608	1.13284e-07	-12529.6
609	1.13284e-07	-12011.3
610	1.13284e-07	-13324.1
611	1.13284e-07	-10375.9
612	1.13284e-07	-10375
613	1.13284e-07	-11196.1
614	1.13284e-07	-10303.6
615	1.13284e-07	-12362.1
616	1.13284e-07	-13490.8
617	1.13284e-07	-12654.1
618	1.13284e-07	-11803.1
619	1.13284e-07	-12803
620	1.13284e-07	-13270.3
621	1.13284e-07	-11663.1
622	1.13284e-07	-12381.9
623	1.13284e-07	-10905.1
624	1.13284e-07	-12070.1
625	1.13284e-07	-13188.6
626	1.13284e-07	-12059.3
627	1.13284e-07	-12736
628	1.13284e-07	-12857.6
629	1.13284e-07	-12692.8
630	1.13284e-07	-13215.5
631	1.13284e-07	-11659.1
632	1.13284e-07	-11470.2
633	1.13284e-07	-11015.5
634	1.13284e-07	-10065.8
635	1.13284e-07	-12032.7
636	1.13284e-07	-13732.6
637	1.13284e-07	-11001.8
638	1.13284e-07	-10581.6
639	1.13284e-07	-11008.8
640	1.13284e-07	-10489.4
641	1.13284e-07	-11537
642	1.13284e-07	-14100.8
643	1.13284e-07	-16356
644	1.13284e-07	-14621.5
645	1.13284e-07	-11869.9
646	1.13284e-07	-12652.7
647	1.13284e-07	-12526.1
648	1.13284e-07	-11303.9
649	1.13284e-07	-12720.1
650	1.13284e-07	-10870.8
651	1.13284e-07	-10419.6
652	1.13284e-07	-10297.2
653	1.13284e-07	-11687.1
654	1.13284e-07	-12557.9
655	1.13284e-07	-13846
656	1.13284e-07	-14296.3
657	1.13284e-07	-12676.4
658	1.13284e-07	-12088.5
659	1.13284e-07	-11745.3
660	1.13284e-07	-11426.3
661	1.13284e-07	-13687.7
662	1.13284e-07	-11553.5
663	1.13284e-07	-12207
664	1.13284e-07	-13271.8
665	1.13284e-07	-13390.2
666	1.13284e-07	-11716.9
667	1.13284e-07	-12896
668	1.13284e-07	-14007.9
669	1.13284e-07	-14380.3
670	1.13284e-07	-13774.5
671	1.13284e-07	-13519.1
672	1.13284e-07	-14033.8
673	1.13284e-07	-11558.9
674	1.13284e-07	-12638
675	1.13284e-07	-12874.7
676	1.13284e-07	-12660.2
677	1.13284e-07	-12855.9
678	1.13284e-07	-13218.1
679	1.13284e-07	-12127.2
680	1.13284e-07	-13685
681	1.13284e-07	-14115.7
682	1.13284e-07	-12621.1
683	1.13284e-07	-13529.8
684	1.13284e-07	-13430.3
685	1.13284e-07	-12782.3
686	1.13284e-07	-14012.2
687	1.13284e-07	-11492.5
688	1.13284e-07	-11288.9
689	1.13284e-07	-11234.9
690	1.13284e-07	-11717.7
691	1.13284e-07	-12270.7
692	1.13284e-07	-14875.6
693	1.13284e-07	-13549.3
694	1.13284e-07	-10499.5
695	1.13284e-07	-13592.2
696	1.13284e-07	-12982
697	1.13284e-07	-13260
698	1.13284e-07	-14472.4
699	1.13284e-07	-14464.1
700	1.13284e-07	-12987.1
701	1.13284e-07	-12910.9
702	1.13284e-07	-10725.3
703	1.13284e-07	-12166
704	1.13284e-07	-11093
705	1.13284e-07	-14040.1
706	1.13284e-07	-12682.6
707	1.13284e-07	-13204.2
708	1.13284e-07	-15027.2
709	1.13284e-07	-15318.1
710	1.13284e-07	-15474.1
711	1.13284e-07	-13603.7
712	1.13284e-07	-12598.9
713	1.13284e-07	-11595
714	1.13284e-07	-10920
715	1.13284e-07	-13706.6
716	1.13284e-07	-11261.1
717	1.13284e-07	-11206.5
718	1.13284e-07	-11187.1
719	1.13284e-07	-11351.4
720	1.13284e-07	-11294.7
721	1.13284e-07	-11210.4
722	1.13284e-07	-12174.7
723	1.13284e-07	-12803.9
724	1.13284e-07	-13310.6
725	1.13284e-07	-14470.2
726	1.13284e-07	-16532.4
727	1.13284e-07	-14001.8
728	1.13284e-07	-12700.7
729	1.13284e-07	-11101.3
730	1.13284e-07	-13681
731	1.13284e-07	-11304
732	1.13284e-07	-10408
733	1.13284e-07	-13034.3
734	1.13284e-07	-10210.7
735	1.13284e-07	-11897.2
736	1.13284e-07	-11111.7
737	1.13284e-07	-12055.4
738	1.13284e-07	-13263
739	1.13284e-07	-16323.8
740	1.13284e-07	-14432
741	1.13284e-07	-14834.3
742	1.13284e-07	-13174.6
743	1.13284e-07	-12244.8
744	1.13284e-07	-10898.1
745	1.13284e-07	-12553
746	1.13284e-07	-11616.9
747	1.13284e-07	-12612.8
748	1.13284e-07	-12146.6
749	1.13284e-07	-11319.3
750	1.13284e-07	-15383.6
751	1.13284e-07	-15889.5
752	1.13284e-07	-15852.1
753	1.13284e-07	-15306.8
754	1.13284e-07	-10741.6
755	1.13284e-07	-10053.7
756	1.13284e-07	-11246.2
757	1.13284e-07	-12266.3
758	1.13284e-07	-14683.8
759	1.13284e-07	-14128.3
760	1.13284e-07	-10789.7
761	1.13284e-07	-13427
762	1.13284e-07	-12802.5
763	1.13284e-07	-10610.8
764	1.13284e-07	-13045.6
765	1.13284e-07	-12245.3
766	1.13284e-07	-14091.5
767	1.13284e-07	-11720.2
768	1.13284e-07	-11881.3
769	1.13284e-07	-11431.9
770	1.13284e-07	-13928.5
771	1.13284e-07	-16095.4
772	1.13284e-07	-13286.4
773	1.13284e-07	-12901.5
774	1.13284e-07	-12457
775	1.13284e-07	-12384.6
776	1.13284e-07	-11522.3
777	1.13284e-07	-11002
778	1.13284e-07	-13842.3
779	1.13284e-07	-13857.4
780	1.13284e-07	-12156
781	1.13284e-07	-12013.7
782	1.13284e-07	-11144
783	1.13284e-07	-13444.1
784	1.13284e-07	-13159.7
785	1.13284e-07	-12983.2
786	1.13284e-07	-12035.9
787	1.13284e-07	-12897
788	1.13284e-07	-12804.8
789	1.13284e-07	-12284.2
790	1.13284e-07	-12878.4
791	1.13284e-07	-12050.9
792	1.13284e-07	-13753.7
793	1.13284e-07	-11556
794	1.13284e-07	-11587.1
795	1.13284e-07	-11697.3
796	1.13284e-07	-12396.5
797	1.13284e-07	-11335.7
798	1.13284e-07	-12117.1
799	1.13284e-07	-12560.9
800	1.13284e-07	-10710
801	1.13284e-07	-11040.3
802	1.13284e-07	-14340.2
803	1.13284e-07	-11142.4
804	1.13284e-07	-10848.2
805	1.13284e-07	-11711.3
806	1.13284e-07	-13428.7
807	1.13284e-07	-11160
808	1.13284e-07	-12871.9
809	1.13284e-07	-11286.3
810	1.13284e-07	-11353.7
811	1.13284e-07	-13074.3
812	1.13284e-07	-11731.6
813	1.13284e-07	-11643.2
814	1.13284e-07	-12339.2
815	1.13284e-07	-11923.7
816	1.13284e-07	-13433.2
817	1.13284e-07	-14212.7
818	1.13284e-07	-13746.5
819	1.13284e-07	-13869.5
820	1.13284e-07	-13936.8
821	1.13284e-07	-14783.1
822	1.13284e-07	-13909.7
823	1.13284e-07	-17017.3
824	1.13284e-07	-15617.9
825	1.13284e-07	-15468.3
826	1.13284e-07	-14540.5
827	1.13284e-07	-15123.5
828	1.13284e-07	-14140.1
829	1.13284e-07	-13125.7
830	1.13284e-07	-12840.2
831	1.13284e-07	-13113.6
832	1.13284e-07	-13356.3
833	1.13284e-07	-14495.8
834	1.13284e-07	-14670.2
835	1.13284e-07	-12610.4
836	1.13284e-07	-12179.6
837	1.13284e-07	-13110.8
838	1.13284e-07	-11735.2
839	1.13284e-07	-11648
840	1.13284e-07	-11299.6
841	1.13284e-07	-12845.2
842	1.13284e-07	-11279
843	1.13284e-07	-12321.7
844	1.13284e-07	-11073.7
845	1.13284e-07	-12106.4
846	1.13284e-07	-11685
847	1.13284e-07	-11678.9
848	1.13284e-07	-12834
849	1.13284e-07	-14588.7
850	1.13284e-07	-14347.1
851	1.13284e-07	-14060.3
852	1.13284e-07	-11552.4
853	1.13284e-07	-12317.4
854	1.13284e-07	-10190.2
855	1.13284e-07	-11151.9
856	1.13284e-07	-12386.1
857	1.13284e-07	-12870.2
858	1.13284e-07	-12193.4
859	1.13284e-07	-10765.9
860	1.13284e-07	-10774.2
861	1.13284e-07	-11852
862	1.13284e-07	-11108
863	1.13284e-07	-11085.4
864	1.13284e-07	-11090.1
865	1.13284e-07	-12416.2
866	1.13284e-07	-10985.4
867	1.13284e-07	-12905.2
868	1.13284e-07	-13385.8
869	1.13284e-07	-15241.6
870	1.13284e-07	-12158
871	1.13284e-07	-11030.2
872	1.13284e-07	-12943.4
873	1.13284e-07	-11124.8
874	1.13284e-07	-12215.2
875	1.13284e-07	-10600.7
876	1.13284e-07	-11733.6
877	1.13284e-07	-11201.2
878	1.13284e-07	-13520.1
879	1.13284e-07	-11742.2
880	1.13284e-07	-13091.9
881	1.13284e-07	-12272.9
882	1.13284e-07	-12677.9
883	1.13284e-07	-10656.3
884	1.13284e-07	-11716.1
885	1.13284e-07	-11900.1
886	1.13284e-07	-12108.1
887	1.13284e-07	-12483
888	1.13284e-07	-11746
889	1.13284e-07	-15657.9
890	1.13284e-07	-15010.5
891	1.13284e-07	-19263.9
892	1.13284e-07	-18694
893	1.13284e-07	-16893.9
894	1.13284e-07	-17239.7
895	1.13284e-07	-13552
896	1.13284e-07	-13181.4
897	1.13284e-07	-14851.2
898	1.13284e-07	-12043.7
899	1.13284e-07	-11067.4
900	1.13284e-07	-10390.5
901	1.13284e-07	-12133.7
902	1.13284e-07	-14270.8
903	1.13284e-07	-15161.1
904	1.13284e-07	-13559
905	1.13284e-07	-13278
906	1.13284e-07	-10769.6
907	1.13284e-07	-10427.4
908	1.13284e-07	-10315.8
909	1.13284e-07	-11480.4
910	1.13284e-07	-11582.1
911	1.13284e-07	-14045.3
912	1.13284e-07	-13599
913	1.13284e-07	-14626.2
914	1.13284e-07	-11862.2
915	1.13284e-07	-11218
916	1.13284e-07	-11780
917	1.13284e-07	-11660.1
918	1.13284e-07	-10701.5
919	1.13284e-07	-10864.1
920	1.13284e-07	-11154.9
921	1.13284e-07	-12367.3
922	1.13284e-07	-14302.6
923	1.13284e-07	-12870.3
924	1.13284e-07	-12265.7
925	1.13284e-07	-12530.8
926	1.13284e-07	-14751.1
927	1.13284e-07	-10922
928	1.13284e-07	-11786.5
929	1.13284e-07	-11681.1
930	1.13284e-07	-11760.3
931	1.13284e-07	-11705
932	1.13284e-07	-11816.9
933	1.13284e-07	-10973.6
934	1.13284e-07	-12448.9
935	1.13284e-07	-11871.5
936	1.13284e-07	-11143.7
937	1.13284e-07	-11066.9
938	1.13284e-07	-12715.5
939	1.13284e-07	-12150.9
940	1.13284e-07	-11013.2
941	1.13284e-07	-12112.7
942	1.13284e-07	-12310.6
943	1.13284e-07	-12942.9
944	1.13284e-07	-13213.2
945	1.13284e-07	-12953
946	1.13284e-07	-11140.6
947	1.13284e-07	-14372.3
948	1.13284e-07	-11686
949	1.13284e-07	-11747.5
950	1.13284e-07	-12180.9
951	1.13284e-07	-12844.2
952	1.13284e-07	-10763.8
953	1.13284e-07	-12269.9
954	1.13284e-07	-12459.6
955	1.13284e-07	-13350
956	1.13284e-07	-13520.1
957	1.13284e-07	-13821.2
958	1.13284e-07	-13478.3
959	1.13284e-07	-12021.8
960	1.13284e-07	-17760.7
961	1.13284e-07	-11920.5
962	1.13284e-07	-10787.3
963	1.13284e-07	-10263.4
964	1.13284e-07	-13121.2
965	1.13284e-07	-12394
966	1.13284e-07	-12947.3
967	1.13284e-07	-13118
968	1.13284e-07	-12845.7
969	1.13284e-07	-13275
970	1.13284e-07	-14111.9
971	1.13284e-07	-17188.4
972	1.13284e-07	-13084.2
973	1.13284e-07	-11664.4
974	1.13284e-07	-11641.5
975	1.13284e-07	-11041.3
976	1.13284e-07	-10622.7
977	1.13284e-07	-12090.7
978	1.13284e-07	-11918.4
979	1.13284e-07	-11438.7
980	1.13284e-07	-12369.9
981	1.13284e-07	-11100.4
982	1.13284e-07	-11943.8
983	1.13284e-07	-11327.1
984	1.13284e-07	-11773.9
985	1.13284e-07	-12646.4
986	1.13284e-07	-13487.9
987	1.13284e-07	-14114
988	1.13284e-07	-11535.5
989	1.13284e-07	-10447.8
990	1.13284e-07	-14116.2
991	1.13284e-07	-10860.4
992	1.13284e-07	-10531.7
993	1.13284e-07	-12790.1
994	1.13284e-07	-11236.8
995	1.13284e-07	-11642.6
996	1.13284e-07	-11742.1
997	1.13284e-07	-13092.3
998	1.13284e-07	-12636.9
999	1.13284e-07	-13521.4
1000	1.13284e-07	-11069.3
251	3.54013e-09	-17665.2
252	3.54013e-09	-12879.9
253	3.54013e-09	-11061
254	3.54013e-09	-11656.6
255	3.54013e-09	-11455.7
256	3.54013e-09	-10396.5
257	3.54013e-09	-11663
258	3.54013e-09	-12364.4
259	3.54013e-09	-13274.8
260	3.54013e-09	-15773
261	3.54013e-09	-15329.2
262	3.54013e-09	-10573.1
263	3.54013e-09	-11371.1
264	3.54013e-09	-12399.8
265	3.54013e-09	-13681.4
266	3.54013e-09	-11748.9
267	3.54013e-09	-10917.9
268	3.54013e-09	-11910.4
269	3.54013e-09	-11983
270	3.54013e-09	-13060.1
271	3.54013e-09	-10973.4
272	3.54013e-09	-11604.2
273	3.54013e-09	-10355.4
274	3.54013e-09	-13613.9
275	3.54013e-09	-13749.3
276	3.54013e-09	-17580
277	3.54013e-09	-20505.3
278	3.54013e-09	-22698.7
279	3.54013e-09	-15376.8
280	3.54013e-09	-16000.7
281	3.54013e-09	-13037.3
282	3.54013e-09	-13348.8
283	3.54013e-09	-13311.2
284	3.54013e-09	-11186.8
285	3.54013e-09	-12183.8
286	3.54013e-09	-12652.7
287	3.54013e-09	-13067.8
288	3.54013e-09	-13173.1
289	3.54013e-09	-11991.1
290	3.54013e-09	-12777.8
291	3.54013e-09	-12199.1
292	3.54013e-09	-12023.9
293	3.54013e-09	-11941.2
294	3.54013e-09	-11782.4
295	3.54013e-09	-11722
296	3.54013e-09	-12288.1
297	3.54013e-09	-12265.1
298	3.54013e-09	-11714.3
299	3.54013e-09	-11295.1
300	3.54013e-09	-10924.7
301	3.54013e-09	-11845.2
302	3.54013e-09	-13192.9
303	3.54013e-09	-11966.4
304	3.54013e-09	-11301.7
305	3.54013e-09	-10826.2
306	3.54013e-09	-13182.1
307	3.54013e-09	-12452
308	3.54013e-09	-11458.3
309	3.54013e-09	-14865.3
310	3.54013e-09	-10865.6
311	3.54013e-09	-12527.4
312	3.54013e-09	-11907.4
313	3.54013e-09	-12838.9
314	3.54013e-09	-12929.6
315	3.54013e-09	-13124.4
316	3.54013e-09	-21411.9
317	3.54013e-09	-14841.4
318	3.54013e-09	-13315.2
319	3.54013e-09	-13230.6
320	3.54013e-09	-15595.8
321	3.54013e-09	-16224.9
322	3.54013e-09	-14818.8
323	3.54013e-09	-12223.9
324	3.54013e-09	-11141.5
325	3.54013e-09	-11241.3
326	3.54013e-09	-12027.4
327	3.54013e-09	-11477.9
328	3.54013e-09	-11476.4
329	3.54013e-09	-13377.8
330	3.54013e-09	-12033.3
331	3.54013e-09	-13647
332	3.54013e-09	-13401.9
333	3.54013e-09	-16140
334	3.54013e-09	-12016
335	3.54013e-09	-11735.2
336	3.54013e-09	-12405.7
337	3.54013e-09	-11988.7
338	3.54013e-09	-11689.1
339	3.54013e-09	-13834.6
340	3.54013e-09	-14235.2
341	3.54013e-09	-13873.9
342	3.54013e-09	-12633.7
343	3.54013e-09	-13059.3
344	3.54013e-09	-12410.4
345	3.54013e-09	-12466.4
346	3.54013e-09	-13763.7
347	3.54013e-09	-11724.9
348	3.54013e-09	-13885.9
349	3.54013e-09	-11378
350	3.54013e-09	-12659.9
351	3.54013e-09	-10669.1
352	3.54013e-09	-11828.4
353	3.54013e-09	-13271.3
354	3.54013e-09	-11990.6
355	3.54013e-09	-10929.8
356	3.54013e-09	-11364
357	3.54013e-09	-10558.6
358	3.54013e-09	-12102.2
359	3.54013e-09	-12024.5
360	3.54013e-09	-12101.7
361	3.54013e-09	-12344.9
362	3.54013e-09	-12247.5
363	3.54013e-09	-13828.9
364	3.54013e-09	-13852.2
365	3.54013e-09	-14842.6
366	3.54013e-09	-11264.6
367	3.54013e-09	-11109.1
368	3.54013e-09	-11664.8
369	3.54013e-09	-11757
370	3.54013e-09	-12856.8
371	3.54013e-09	-11206.4
372	3.54013e-09	-11385.8
373	3.54013e-09	-14137.9
374	3.54013e-09	-10520.9
375	3.54013e-09	-10515.1
376	3.54013e-09	-13362.4
377	3.54013e-09	-11248.5
378	3.54013e-09	-14383
379	3.54013e-09	-12071.5
380	3.54013e-09	-11932.9
381	3.54013e-09	-12695.2
382	3.54013e-09	-19324
383	3.54013e-09	-14606.7
384	3.54013e-09	-12575.8
385	3.54013e-09	-10579.4
386	3.54013e-09	-12016.9
387	3.54013e-09	-13407.4
388	3.54013e-09	-13381.1
389	3.54013e-09	-12619.2
390	3.54013e-09	-11132.4
391	3.54013e-09	-11759.8
392	3.54013e-09	-10891.7
393	3.54013e-09	-11152.5
394	3.54013e-09	-11015.9
395	3.54013e-09	-12289.3
396	3.54013e-09	-11790.2
397	3.54013e-09	-11293.3
398	3.54013e-09	-11909.3
399	3.54013e-09	-12591.9
400	3.54013e-09	-12326.9
401	3.54013e-09	-12541.6
402	3.54013e-09	-11371.5
403	3.54013e-09	-12901.9
404	3.54013e-09	-11987.9
405	3.54013e-09	-12039.9
406	3.54013e-09	-11177.1
407	3.54013e-09	-11865.9
408	3.54013e-09	-14067.4
409	3.54013e-09	-14440.2
410	3.54013e-09	-14554
411	3.54013e-09	-12832.3
412	3.54013e-09	-13915.8
413	3.54013e-09	-12618.1
414	3.54013e-09	-12222.9
415	3.54013e-09	-11184.3
416	3.54013e-09	-11191.7
417	3.54013e-09	-12605.9
418	3.54013e-09	-12751.5
419	3.54013e-09	-19196.4
420	3.54013e-09	-13902.8
421	3.54013e-09	-13918.8
422	3.54013e-09	-13552.5
423	3.54013e-09	-12231.4
424	3.54013e-09	-13607.2
425	3.54013e-09	-10488.7
426	3.54013e-09	-10357.4
427	3.54013e-09	-11902.4
428	3.54013e-09	-10710.5
429	3.54013e-09	-10243.1
430	3.54013e-09	-10892.5
431	3.54013e-09	-11276.4
432	3.54013e-09	-10153.8
433	3.54013e-09	-11027.8
434	3.54013e-09	-10286.6
435	3.54013e-09	-11870
436	3.54013e-09	-11536.7
437	3.54013e-09	-11069.2
438	3.54013e-09	-11008.5
439	3.54013e-09	-10392.9
440	3.54013e-09	-13359.9
441	3.54013e-09	-12387.9
442	3.54013e-09	-12592.3
443	3.54013e-09	-12106.8
444	3.54013e-09	-9996.6
445	3.54013e-09	-13074.8
446	3.54013e-09	-12193.4
447	3.54013e-09	-13028.8
448	3.54013e-09	-12219.3
449	3.54013e-09	-12131.3
450	3.54013e-09	-10131.5
451	3.54013e-09	-12283.1
452	3.54013e-09	-13127.1
453	3.54013e-09	-17151.6
454	3.54013e-09	-16672.9
455	3.54013e-09	-16985.1
456	3.54013e-09	-15416.4
457	3.54013e-09	-12496
458	3.54013e-09	-11977.5
459	3.54013e-09	-10231.5
460	3.54013e-09	-11051.8
461	3.54013e-09	-12753.4
462	3.54013e-09	-12988.5
463	3.54013e-09	-13815.1
464	3.54013e-09	-13878.6
465	3.54013e-09	-13327.4
466	3.54013e-09	-11808.1
467	3.54013e-09	-11713.8
468	3.54013e-09	-10623.5
469	3.54013e-09	-12896.7
470	3.54013e-09	-11696.6
471	3.54013e-09	-10145.3
472	3.54013e-09	-9957.48
473	3.54013e-09	-12963.9
474	3.54013e-09	-12364.9
475	3.54013e-09	-16839.4
476	3.54013e-09	-13974.2
477	3.54013e-09	-14497.7
478	3.54013e-09	-11015.6
479	3.54013e-09	-11460.1
480	3.54013e-09	-10926.3
481	3.54013e-09	-10570.6
482	3.54013e-09	-11799.1
483	3.54013e-09	-12655.4
484	3.54013e-09	-11611.3
485	3.54013e-09	-10598
486	3.54013e-09	-11318.2
487	3.54013e-09	-10585.9
488	3.54013e-09	-11770.2
489	3.54013e-09	-11894.4
490	3.54013e-09	-10968.8
491	3.54013e-09	-12466.4
492	3.54013e-09	-15537.9
493	3.54013e-09	-14006
494	3.54013e-09	-15043.8
495	3.54013e-09	-12705.3
496	3.54013e-09	-12066.2
497	3.54013e-09	-12244.6
498	3.54013e-09	-11543.1
499	3.54013e-09	-12012.2
500	3.54013e-09	-11604.7
501	3.54013e-09	-10487.3
502	3.54013e-09	-10976.3
503	3.54013e-09	-10934.7
504	3.54013e-09	-11952.8
505	3.54013e-09	-12601.4
506	3.54013e-09	-12298.3
507	3.54013e-09	-11517.7
508	3.54013e-09	-13468.4
509	3.54013e-09	-12096.9
510	3.54013e-09	-12105.3
511	3.54013e-09	-11826.7
512	3.54013e-09	-11582.4
513	3.54013e-09	-14206
514	3.54013e-09	-15406.9
515	3.54013e-09	-14935.8
516	3.54013e-09	-15383.9
517	3.54013e-09	-10571.2
518	3.54013e-09	-10973.2
519	3.54013e-09	-11697
520	3.54013e-09	-10959.7
521	3.54013e-09	-11371
522	3.54013e-09	-11808.9
523	3.54013e-09	-12869.6
524	3.54013e-09	-13504
525	3.54013e-09	-11736.1
526	3.54013e-09	-10910
527	3.54013e-09	-10921.7
528	3.54013e-09	-11487.1
529	3.54013e-09	-10411.2
530	3.54013e-09	-10883.5
531	3.54013e-09	-11429.5
532	3.54013e-09	-12155.7
533	3.54013e-09	-14351.6
534	3.54013e-09	-14741.7
535	3.54013e-09	-12233.7
536	3.54013e-09	-12430.3
537	3.54013e-09	-13511.2
538	3.54013e-09	-11649.8
539	3.54013e-09	-11291.1
540	3.54013e-09	-12878.1
541	3.54013e-09	-11176.7
542	3.54013e-09	-11426.7
543	3.54013e-09	-10908.1
544	3.54013e-09	-15377.1
545	3.54013e-09	-16407.4
546	3.54013e-09	-15629.2
547	3.54013e-09	-13177
548	3.54013e-09	-14366.2
549	3.54013e-09	-11920.5
550	3.54013e-09	-13970.2
551	3.54013e-09	-12944
552	3.54013e-09	-11870.5
553	3.54013e-09	-14767.4
554	3.54013e-09	-12169
555	3.54013e-09	-13142.4
556	3.54013e-09	-12877.7
557	3.54013e-09	-18111.5
558	3.54013e-09	-16110.1
559	3.54013e-09	-11146.6
560	3.54013e-09	-13403.5
561	3.54013e-09	-11809.8
562	3.54013e-09	-11737.7
563	3.54013e-09	-10056.8
564	3.54013e-09	-12876.1
565	3.54013e-09	-11429.8
566	3.54013e-09	-12969.5
567	3.54013e-09	-12688
568	3.54013e-09	-13314.6
569	3.54013e-09	-11397.7
570	3.54013e-09	-11215.5
571	3.54013e-09	-10053.6
572	3.54013e-09	-11333.5
573	3.54013e-09	-10311.3
574	3.54013e-09	-11339.7
575	3.54013e-09	-13150.5
576	3.54013e-09	-13061.4
577	3.54013e-09	-16359.4
578	3.54013e-09	-15175.1
579	3.54013e-09	-17839.1
580	3.54013e-09	-17283.8
581	3.54013e-09	-15949.4
582	3.54013e-09	-14945
583	3.54013e-09	-15153.9
584	3.54013e-09	-12950.3
585	3.54013e-09	-13482.8
586	3.54013e-09	-11624.3
587	3.54013e-09	-11938.3
588	3.54013e-09	-12344.2
589	3.54013e-09	-11163.2
590	3.54013e-09	-11255.2
591	3.54013e-09	-10396.8
592	3.54013e-09	-11067.7
593	3.54013e-09	-10534.5
594	3.54013e-09	-11325.8
595	3.54013e-09	-11267.8
596	3.54013e-09	-11114.9
597	3.54013e-09	-11691.6
598	3.54013e-09	-11360.9
599	3.54013e-09	-12354.9
600	3.54013e-09	-13783.4
601	3.54013e-09	-13208.9
602	3.54013e-09	-12104.8
603	3.54013e-09	-12966.3
604	3.54013e-09	-16656.3
605	3.54013e-09	-17652.6
606	3.54013e-09	-15832.1
607	3.54013e-09	-14512.1
608	3.54013e-09	-13009.4
609	3.54013e-09	-11638.8
610	3.54013e-09	-11511.5
611	3.54013e-09	-12509.9
612	3.54013e-09	-13377.7
613	3.54013e-09	-12830.5
614	3.54013e-09	-14434.1
615	3.54013e-09	-13698.7
616	3.54013e-09	-12607.8
617	3.54013e-09	-12582.7
618	3.54013e-09	-12019.2
619	3.54013e-09	-12345.1
620	3.54013e-09	-12611
621	3.54013e-09	-12840.1
622	3.54013e-09	-11947.2
623	3.54013e-09	-11278.2
624	3.54013e-09	-18196.4
625	3.54013e-09	-17069.3
626	3.54013e-09	-14440.1
627	3.54013e-09	-14053
628	3.54013e-09	-12662.1
629	3.54013e-09	-13768.3
630	3.54013e-09	-11075.1
631	3.54013e-09	-13092.7
632	3.54013e-09	-12491.4
633	3.54013e-09	-10721.8
634	3.54013e-09	-11768.1
635	3.54013e-09	-11503.5
636	3.54013e-09	-11437.8
637	3.54013e-09	-12152
638	3.54013e-09	-12554.6
639	3.54013e-09	-12121
640	3.54013e-09	-11959.2
641	3.54013e-09	-10733.6
642	3.54013e-09	-12208.6
643	3.54013e-09	-10613.8
644	3.54013e-09	-10715.1
645	3.54013e-09	-10625.3
646	3.54013e-09	-11961.4
647	3.54013e-09	-13720.2
648	3.54013e-09	-14866.7
649	3.54013e-09	-13422.6
650	3.54013e-09	-12602.4
651	3.54013e-09	-10830.3
652	3.54013e-09	-12297.8
653	3.54013e-09	-11089.6
654	3.54013e-09	-10921.9
655	3.54013e-09	-11352.2
656	3.54013e-09	-11798
657	3.54013e-09	-12121.6
658	3.54013e-09	-14830.5
659	3.54013e-09	-13189.8
660	3.54013e-09	-15782
661	3.54013e-09	-14496.1
662	3.54013e-09	-15827.2
663	3.54013e-09	-13218.9
664	3.54013e-09	-16771.7
665	3.54013e-09	-11860.3
666	3.54013e-09	-11548.4
667	3.54013e-09	-12072.4
668	3.54013e-09	-11687.7
669	3.54013e-09	-11950.6
670	3.54013e-09	-11560.5
671	3.54013e-09	-11566.7
672	3.54013e-09	-11267.2
673	3.54013e-09	-10861.5
674	3.54013e-09	-14436.8
675	3.54013e-09	-13305
676	3.54013e-09	-13866.8
677	3.54013e-09	-12816.2
678	3.54013e-09	-14017.6
679	3.54013e-09	-15249.3
680	3.54013e-09	-12457.5
681	3.54013e-09	-12917.8
682	3.54013e-09	-14810.9
683	3.54013e-09	-11072.3
684	3.54013e-09	-11448.3
685	3.54013e-09	-14203.3
686	3.54013e-09	-15527.2
687	3.54013e-09	-13519
688	3.54013e-09	-17050.8
689	3.54013e-09	-12870.3
690	3.54013e-09	-10350.3
691	3.54013e-09	-11283.4
692	3.54013e-09	-9900.78
693	3.54013e-09	-12194.3
694	3.54013e-09	-10905.2
695	3.54013e-09	-11911.1
696	3.54013e-09	-12340.6
697	3.54013e-09	-13523.6
698	3.54013e-09	-13061.3
699	3.54013e-09	-14257.3
700	3.54013e-09	-12697.8
701	3.54013e-09	-14641.2
702	3.54013e-09	-15833.5
703	3.54013e-09	-17140.6
704	3.54013e-09	-14329.1
705	3.54013e-09	-13134.2
706	3.54013e-09	-14127.3
707	3.54013e-09	-11391.6
708	3.54013e-09	-12729.1
709	3.54013e-09	-11542.5
710	3.54013e-09	-12142.9
711	3.54013e-09	-11729.5
712	3.54013e-09	-14967.6
713	3.54013e-09	-13962.3
714	3.54013e-09	-14345.5
715	3.54013e-09	-14314.8
716	3.54013e-09	-11277.5
717	3.54013e-09	-10921.5
718	3.54013e-09	-11878.9
719	3.54013e-09	-12097.6
720	3.54013e-09	-13155.1
721	3.54013e-09	-10900.7
722	3.54013e-09	-10486.7
723	3.54013e-09	-9634.01
724	3.54013e-09	-13684.8
725	3.54013e-09	-11282.6
726	3.54013e-09	-11088
727	3.54013e-09	-18345.7
728	3.54013e-09	-12409.9
729	3.54013e-09	-11966.5
730	3.54013e-09	-11344.3
731	3.54013e-09	-10632.5
732	3.54013e-09	-10886
733	3.54013e-09	-11050.4
734	3.54013e-09	-13640.1
735	3.54013e-09	-13165.6
736	3.54013e-09	-12493.5
737	3.54013e-09	-10500.9
738	3.54013e-09	-10404
739	3.54013e-09	-10305.2
740	3.54013e-09	-10411.6
741	3.54013e-09	-12399.7
742	3.54013e-09	-11998.4
743	3.54013e-09	-12814.4
744	3.54013e-09	-11275.1
745	3.54013e-09	-12791.9
746	3.54013e-09	-10669
747	3.54013e-09	-10624.4
748	3.54013e-09	-11116.4
749	3.54013e-09	-11474.8
750	3.54013e-09	-11542.6
751	3.54013e-09	-10361.9
752	3.54013e-09	-10873.1
753	3.54013e-09	-12567.6
754	3.54013e-09	-11557.1
755	3.54013e-09	-11267.1
756	3.54013e-09	-10929.2
757	3.54013e-09	-10296.8
758	3.54013e-09	-12985.2
759	3.54013e-09	-11945.5
760	3.54013e-09	-12098.5
761	3.54013e-09	-10861.8
762	3.54013e-09	-11176.9
763	3.54013e-09	-12505.4
764	3.54013e-09	-13168.2
765	3.54013e-09	-10529.5
766	3.54013e-09	-11872.7
767	3.54013e-09	-11106.6
768	3.54013e-09	-10751.1
769	3.54013e-09	-12225.3
770	3.54013e-09	-11135.9
771	3.54013e-09	-11446.8
772	3.54013e-09	-11076.6
773	3.54013e-09	-11889.7
774	3.54013e-09	-12527.3
775	3.54013e-09	-13703.4
776	3.54013e-09	-12570.6
777	3.54013e-09	-11693.9
778	3.54013e-09	-12615.3
779	3.54013e-09	-11575.2
780	3.54013e-09	-12003.2
781	3.54013e-09	-10137.5
782	3.54013e-09	-11085.1
783	3.54013e-09	-12472.2
784	3.54013e-09	-12219.9
785	3.54013e-09	-11106.1
786	3.54013e-09	-10728.6
787	3.54013e-09	-11613.9
788	3.54013e-09	-12591.6
789	3.54013e-09	-12475.7
790	3.54013e-09	-15762.1
791	3.54013e-09	-11809.5
792	3.54013e-09	-10708.9
793	3.54013e-09	-11199.9
794	3.54013e-09	-12682.7
795	3.54013e-09	-11671.5
796	3.54013e-09	-11786.4
797	3.54013e-09	-12950.5
798	3.54013e-09	-14076.3
799	3.54013e-09	-14326.1
800	3.54013e-09	-12209
801	3.54013e-09	-13174.1
802	3.54013e-09	-12847.1
803	3.54013e-09	-14016.7
804	3.54013e-09	-10564.5
805	3.54013e-09	-11749.2
806	3.54013e-09	-12092.4
807	3.54013e-09	-11142.2
808	3.54013e-09	-11566.1
809	3.54013e-09	-11968.1
810	3.54013e-09	-11791.7
811	3.54013e-09	-12088.8
812	3.54013e-09	-11384.9
813	3.54013e-09	-13125.9
814	3.54013e-09	-13007.4
815	3.54013e-09	-13769.5
816	3.54013e-09	-12990.5
817	3.54013e-09	-12995.2
818	3.54013e-09	-12185
819	3.54013e-09	-11200.8
820	3.54013e-09	-11063.2
821	3.54013e-09	-11569.9
822	3.54013e-09	-11197.2
823	3.54013e-09	-11617.2
824	3.54013e-09	-13230.9
825	3.54013e-09	-13955.7
826	3.54013e-09	-13283.5
827	3.54013e-09	-12913
828	3.54013e-09	-12056.2
829	3.54013e-09	-13114.1
830	3.54013e-09	-13097.1
831	3.54013e-09	-10944.1
832	3.54013e-09	-11218.5
833	3.54013e-09	-11747.3
834	3.54013e-09	-14007.7
835	3.54013e-09	-14528.9
836	3.54013e-09	-16846.8
837	3.54013e-09	-13902.3
838	3.54013e-09	-11213.7
839	3.54013e-09	-11306.4
840	3.54013e-09	-16024
841	3.54013e-09	-15008.6
842	3.54013e-09	-13283.1
843	3.54013e-09	-11585.5
844	3.54013e-09	-10643.7
845	3.54013e-09	-10589
846	3.54013e-09	-12837.2
847	3.54013e-09	-11169.7
848	3.54013e-09	-11392.4
849	3.54013e-09	-11224.4
850	3.54013e-09	-14037.4
851	3.54013e-09	-12739.4
852	3.54013e-09	-11125.1
853	3.54013e-09	-10992
854	3.54013e-09	-11444.1
855	3.54013e-09	-10729.1
856	3.54013e-09	-12755
857	3.54013e-09	-12637.2
858	3.54013e-09	-11688.4
859	3.54013e-09	-11328
860	3.54013e-09	-12265.2
861	3.54013e-09	-11046.4
862	3.54013e-09	-13653.5
863	3.54013e-09	-12946.2
864	3.54013e-09	-12176.4
865	3.54013e-09	-12941
866	3.54013e-09	-11008
867	3.54013e-09	-11142.6
868	3.54013e-09	-11956.5
869	3.54013e-09	-11435
870	3.54013e-09	-11670.3
871	3.54013e-09	-11792
872	3.54013e-09	-10946.1
873	3.54013e-09	-11268.1
874	3.54013e-09	-12695.3
875	3.54013e-09	-11370.8
876	3.54013e-09	-11548.6
877	3.54013e-09	-10974.3
878	3.54013e-09	-14416.6
879	3.54013e-09	-13155.8
880	3.54013e-09	-11981.8
881	3.54013e-09	-12567.7
882	3.54013e-09	-13248.5
883	3.54013e-09	-11944.4
884	3.54013e-09	-11452.9
885	3.54013e-09	-12984.9
886	3.54013e-09	-14734.4
887	3.54013e-09	-13583.9
888	3.54013e-09	-13462.2
889	3.54013e-09	-14096.2
890	3.54013e-09	-14639.4
891	3.54013e-09	-14193.5
892	3.54013e-09	-12509.8
893	3.54013e-09	-12731.9
894	3.54013e-09	-11932.4
895	3.54013e-09	-10750.7
896	3.54013e-09	-12125.9
897	3.54013e-09	-10671.4
898	3.54013e-09	-10764.1
899	3.54013e-09	-10805.4
900	3.54013e-09	-11110.6
901	3.54013e-09	-11358.6
902	3.54013e-09	-11645
903	3.54013e-09	-11892.4
904	3.54013e-09	-11677.9
905	3.54013e-09	-11684
906	3.54013e-09	-10851.4
907	3.54013e-09	-12380.9
908	3.54013e-09	-11435.9
909	3.54013e-09	-11677.3
910	3.54013e-09	-13764.2
911	3.54013e-09	-13470.8
912	3.54013e-09	-12863.7
913	3.54013e-09	-12460.6
914	3.54013e-09	-11221.4
915	3.54013e-09	-12205.9
916	3.54013e-09	-12717.3
917	3.54013e-09	-13837.1
918	3.54013e-09	-11060.3
919	3.54013e-09	-12857.4
920	3.54013e-09	-14950.9
921	3.54013e-09	-14578.4
922	3.54013e-09	-13844.5
923	3.54013e-09	-13217.3
924	3.54013e-09	-12318.5
925	3.54013e-09	-13870
926	3.54013e-09	-13362.1
927	3.54013e-09	-14224.9
928	3.54013e-09	-14794.9
929	3.54013e-09	-11637
930	3.54013e-09	-12326.8
931	3.54013e-09	-12821.5
932	3.54013e-09	-13202
933	3.54013e-09	-12870.9
934	3.54013e-09	-13325
935	3.54013e-09	-11659.7
936	3.54013e-09	-12238.1
937	3.54013e-09	-10689.5
938	3.54013e-09	-12267.2
939	3.54013e-09	-14685.8
940	3.54013e-09	-15100.8
941	3.54013e-09	-13535.8
942	3.54013e-09	-14911.7
943	3.54013e-09	-13081.5
944	3.54013e-09	-14466
945	3.54013e-09	-10531.6
946	3.54013e-09	-10649.2
947	3.54013e-09	-11607.4
948	3.54013e-09	-12243
949	3.54013e-09	-13388.2
950	3.54013e-09	-10371.6
951	3.54013e-09	-16141.1
952	3.54013e-09	-15860.1
953	3.54013e-09	-18981.3
954	3.54013e-09	-17371.1
955	3.54013e-09	-11358.5
956	3.54013e-09	-12365.2
957	3.54013e-09	-11586.8
958	3.54013e-09	-11974.3
959	3.54013e-09	-13319.6
960	3.54013e-09	-13412.8
961	3.54013e-09	-11769.6
962	3.54013e-09	-10853.9
963	3.54013e-09	-11036.3
964	3.54013e-09	-11317.4
965	3.54013e-09	-13485.8
966	3.54013e-09	-11683.3
967	3.54013e-09	-11785.1
968	3.54013e-09	-11693.9
969	3.54013e-09	-11258.7
970	3.54013e-09	-13914.1
971	3.54013e-09	-13947.9
972	3.54013e-09	-10808.6
973	3.54013e-09	-11916.5
974	3.54013e-09	-11565.7
975	3.54013e-09	-12184.2
976	3.54013e-09	-11175.6
977	3.54013e-09	-14187.1
978	3.54013e-09	-12609.5
979	3.54013e-09	-12039.8
980	3.54013e-09	-13197.5
981	3.54013e-09	-11956.8
982	3.54013e-09	-10800.4
983	3.54013e-09	-11371
984	3.54013e-09	-12215.1
985	3.54013e-09	-13067.5
986	3.54013e-09	-13136.2
987	3.54013e-09	-15355.9
988	3.54013e-09	-15736.9
989	3.54013e-09	-13737.8
990	3.54013e-09	-18045
991	3.54013e-09	-13248
992	3.54013e-09	-10733.1
993	3.54013e-09	-11392.6
994	3.54013e-09	-12079.6
995	3.54013e-09	-12475.7
996	3.54013e-09	-13931.2
997	3.54013e-09	-15786.5
998	3.54013e-09	-11236.8
999	3.54013e-09	-11228
1000	3.54013e-09	-12596.4
251	1.16658e-302	-13884.5
252	1.16658e-302	-14647.7
253	1.16658e-302	-10963
254	1.16658e-302	-10645.1
255	1.16658e-302	-12494.2
256	1.16658e-302	-12924
257	1.16658e-302	-12292
258	1.16658e-302	-12482.3
259	1.16658e-302	-13276.9
260	1.16658e-302	-13248.8
261	1.16658e-302	-12737.4
262	1.16658e-302	-11233.3
263	1.16658e-302	-12155.4
264	1.16658e-302	-11798.1
265	1.16658e-302	-13147.9
266	1.16658e-302	-13738.6
267	1.16658e-302	-9981.14
268	1.16658e-302	-10185.6
269	1.16658e-302	-11615
270	1.16658e-302	-12613.2
271	1.16658e-302	-13142.5
272	1.16658e-302	-14288.7
273	1.16658e-302	-17999.4
274	1.16658e-302	-18118.4
275	1.16658e-302	-18958.6
276	1.16658e-302	-17589.3
277	1.16658e-302	-15460.3
278	1.16658e-302	-13161.1
279	1.16658e-302	-12596.2
280	1.16658e-302	-10293.1
281	1.16658e-302	-11614.2
282	1.16658e-302	-10695.9
283	1.16658e-302	-12106.4
284	1.16658e-302	-12611.5
285	1.16658e-302	-12028.9
286	1.16658e-302	-14261.1
287	1.16658e-302	-11134.5
288	1.16658e-302	-11245.6
289	1.16658e-302	-12369.1
290	1.16658e-302	-11516.1
291	1.16658e-302	-10872.1
292	1.16658e-302	-12496.6
293	1.16658e-302	-11782.1
294	1.16658e-302	-11051.1
295	1.16658e-302	-12353.8
296	1.16658e-302	-11606.2
297	1.16658e-302	-10148
298	1.16658e-302	-10882.2
299	1.16658e-302	-11431.5
300	1.16658e-302	-12691.7
301	1.16658e-302	-11707.7
302	1.16658e-302	-12898
303	1.16658e-302	-12445.3
304	1.16658e-302	-14317.5
305	1.16658e-302	-16079.3
306	1.16658e-302	-14303.7
307	1.16658e-302	-11462.8
308	1.16658e-302	-10832.7
309	1.16658e-302	-11721.9
310	1.16658e-302	-11701.7
311	1.16658e-302	-11956.8
312	1.16658e-302	-12780.5
313	1.16658e-302	-12996.7
314	1.16658e-302	-16657.2
315	1.16658e-302	-10732.4
316	1.16658e-302	-11000.3
317	1.16658e-302	-11100.5
318	1.16658e-302	-12400
319	1.16658e-302	-12775.9
320	1.16658e-302	-12289.2
321	1.16658e-302	-11205.7
322	1.16658e-302	-14730.8
323	1.16658e-302	-12413.4
324	1.16658e-302	-12155.9
325	1.16658e-302	-11609.7
326	1.16658e-302	-11528.5
327	1.16658e-302	-11949.1
328	1.16658e-302	-12741.5
329	1.16658e-302	-11355.8
330	1.16658e-302	-11249.8
331	1.16658e-302	-14872.5
332	1.16658e-302	-11622.5
333	1.16658e-302	-11768.7
334	1.16658e-302	-12689.9
335	1.16658e-302	-11882.8
336	1.16658e-302	-14070
337	1.16658e-302	-14297.7
338	1.16658e-302	-10020.3
339	1.16658e-302	-13457.7
340	1.16658e-302	-13397
341	1.16658e-302	-11494.9
342	1.16658e-302	-11547.6
343	1.16658e-302	-10434.8
344	1.16658e-302	-12181.3
345	1.16658e-302	-14533.1
346	1.16658e-302	-13793.2
347	1.16658e-302	-13347.7
348	1.16658e-302	-11886.1
349	1.16658e-302	-13324.7
350	1.16658e-302	-13906.5
351	1.16658e-302	-12866.6
352	1.16658e-302	-11920.6
353	1.16658e-302	-11865.4
354	1.16658e-302	-10666.4
355	1.16658e-302	-13541.2
356	1.16658e-302	-13243.2
357	1.16658e-302	-13060.3
358	1.16658e-302	-14420.5
359	1.16658e-302	-13882.5
360	1.16658e-302	-12269.3
361	1.16658e-302	-10386
362	1.16658e-302	-12009.9
363	1.16658e-302	-14366.8
364	1.16658e-302	-13614.2
365	1.16658e-302	-12986
366	1.16658e-302	-12068.2
367	1.16658e-302	-13471
368	1.16658e-302	-11546
369	1.16658e-302	-13229.6
370	1.16658e-302	-12555.1
371	1.16658e-302	-11935.5
372	1.16658e-302	-11272
373	1.16658e-302	-10572.9
374	1.16658e-302	-11737
375	1.16658e-302	-12010.6
376	1.16658e-302	-11989.9
377	1.16658e-302	-11365.6
378	1.16658e-302	-12242.1
379	1.16658e-302	-15068
380	1.16658e-302	-16310.3
381	1.16658e-302	-12314.4
382	1.16658e-302	-12544
383	1.16658e-302	-12683
384	1.16658e-302	-13050.4
385	1.16658e-302	-12820.7
386	1.16658e-302	-14921.8
387	1.16658e-302	-11737
388	1.16658e-302	-10674.8
389	1.16658e-302	-12890.9
390	1.16658e-302	-17846.2
391	1.16658e-302	-18421
392	1.16658e-302	-19177.4
393	1.16658e-302	-16889.4
394	1.16658e-302	-11325.4
395	1.16658e-302	-12554.4
396	1.16658e-302	-12908.9
397	1.16658e-302	-11990
398	1.16658e-302	-12593.2
399	1.16658e-302	-13223.2
400	1.16658e-302	-13842.6
401	1.16658e-302	-13522.9
402	1.16658e-302	-12590
403	1.16658e-302	-14315
404	1.16658e-302	-10413
405	1.16658e-302	-11051.5
406	1.16658e-302	-10577.6
407	1.16658e-302	-10400.2
408	1.16658e-302	-11584.3
409	1.16658e-302	-11906.1
410	1.16658e-302	-11430.7
411	1.16658e-302	-12307.6
412	1.16658e-302	-11161.5
413	1.16658e-302	-12350.8
414	1.16658e-302	-11478.4
415	1.16658e-302	-11845.8
416	1.16658e-302	-13598.6
417	1.16658e-302	-13496.9
418	1.16658e-302	-14178.1
419	1.16658e-302	-10982.8
420	1.16658e-302	-11172.8
421	1.16658e-302	-11890.7
422	1.16658e-302	-10712.8
423	1.16658e-302	-10556.5
424	1.16658e-302	-10876.6
425	1.16658e-302	-13192.7
426	1.16658e-302	-10510.1
427	1.16658e-302	-11314.2
428	1.16658e-302	-11517.6
429	1.16658e-302	-10308.1
430	1.16658e-302	-18763.9
431	1.16658e-302	-19340
432	1.16658e-302	-12975.4
433	1.16658e-302	-10368.6
434	1.16658e-302	-10673.5
435	1.16658e-302	-10669.9
436	1.16658e-302	-10709.6
437	1.16658e-302	-11533.8
438	1.16658e-302	-11839.9
439	1.16658e-302	-12365.1
440	1.16658e-302	-11578.4
441	1.16658e-302	-11548
442	1.16658e-302	-12809.5
443	1.16658e-302	-15939.4
444	1.16658e-302	-14847.9
445	1.16658e-302	-12895.7
446	1.16658e-302	-11747.7
447	1.16658e-302	-11040.3
448	1.16658e-302	-11686.6
449	1.16658e-302	-11905
450	1.16658e-302	-12064.6
451	1.16658e-302	-11266.6
452	1.16658e-302	-11270.3
453	1.16658e-302	-11514.2
454	1.16658e-302	-10982.8
455	1.16658e-302	-11433.6
456	1.16658e-302	-12819
457	1.16658e-302	-10601.9
458	1.16658e-302	-13221.1
459	1.16658e-302	-13672.1
460	1.16658e-302	-15571.9
461	1.16658e-302	-12772.6
462	1.16658e-302	-12452.4
463	1.16658e-302	-12371.5
464	1.16658e-302	-11630.8
465	1.16658e-302	-12766.2
466	1.16658e-302	-12757
467	1.16658e-302	-12389.8
468	1.16658e-302	-12531.8
469	1.16658e-302	-11966.2
470	1.16658e-302	-10702.9
471	1.16658e-302	-11177.3
472	1.16658e-302	-11700.5
473	1.16658e-302	-11139.2
474	1.16658e-302	-12528.2
475	1.16658e-302	-11955.7
476	1.16658e-302	-14209.5
477	1.16658e-302	-11846.4
478	1.16658e-302	-12003.3
479	1.16658e-302	-11182.1
480	1.16658e-302	-12050.4
481	1.16658e-302	-13476.8
482	1.16658e-302	-12172
483	1.16658e-302	-10069.8
484	1.16658e-302	-12318
485	1.16658e-302	-12518.1
486	1.16658e-302	-11313.7
487	1.16658e-302	-12412.4
488	1.16658e-302	-12802.2
489	1.16658e-302	-11532.4
490	1.16658e-302	-13445.6
491	1.16658e-302	-12769.3
492	1.16658e-302	-11428.9
493	1.16658e-302	-12038.3
494	1.16658e-302	-11393.9
495	1.16658e-302	-11708.9
496	1.16658e-302	-13013.8
497	1.16658e-302	-11642.5
498	1.16658e-302	-10945.7
499	1.16658e-302	-12557.2
500	1.16658e-302	-12515.8
501	1.16658e-302	-10620.3
502	1.16658e-302	-10682.4
503	1.16658e-302	-10902.9
504	1.16658e-302	-11166.1
505	1.16658e-302	-12797.5
506	1.16658e-302	-15516.6
507	1.16658e-302	-14727.7
508	1.16658e-302	-15203.8
509	1.16658e-302	-16041.9
510	1.16658e-302	-12010.4
511	1.16658e-302	-11200.7
512	1.16658e-302	-11051.2
513	1.16658e-302	-12748.5
514	1.16658e-302	-12117.2
515	1.16658e-302	-12012.3
516	1.16658e-302	-12518.6
517	1.16658e-302	-14498.5
518	1.16658e-302	-12870.6
519	1.16658e-302	-12896.9
520	1.16658e-302	-12034.5
521	1.16658e-302	-11522.7
522	1.16658e-302	-11303.5
523	1.16658e-302	-10866.1
524	1.16658e-302	-11077.5
525	1.16658e-302	-10351.1
526	1.16658e-302	-12557.5
527	1.16658e-302	-10982.7
528	1.16658e-302	-10527.6
529	1.16658e-302	-12603.2
530	1.16658e-302	-13243.3
531	1.16658e-302	-12500.8
532	1.16658e-302	-11662.1
533	1.16658e-302	-11213.7
534	1.16658e-302	-12137.4
535	1.16658e-302	-13046.1
536	1.16658e-302	-11516.6
537	1.16658e-302	-11945.7
538	1.16658e-302	-13365.7
539	1.16658e-302	-10600.2
540	1.16658e-302	-11174.3
541	1.16658e-302	-12076.7
542	1.16658e-302	-17166.1
543	1.16658e-302	-16635.3
544	1.16658e-302	-14578.7
545	1.16658e-302	-11837
546	1.16658e-302	-12269.2
547	1.16658e-302	-12206.7
548	1.16658e-302	-11597.1
549	1.16658e-302	-10817
550	1.16658e-302	-12564.7
551	1.16658e-302	-11702.6
552	1.16658e-302	-11970.6
553	1.16658e-302	-13612.7
554	1.16658e-302	-13565.3
555	1.16658e-302	-12341.5
556	1.16658e-302	-12696
557	1.16658e-302	-13261.6
558	1.16658e-302	-12611.1
559	1.16658e-302	-14380.7
560	1.16658e-302	-14731.5
561	1.16658e-302	-12242.5
562	1.16658e-302	-10354.3
563	1.16658e-302	-10929.2
564	1.16658e-302	-12292.9
565	1.16658e-302	-14153.7
566	1.16658e-302	-15965.1
567	1.16658e-302	-14749.9
568	1.16658e-302	-13483.1
569	1.16658e-302	-11801.4
570	1.16658e-302	-12850.1
571	1.16658e-302	-11531.8
572	1.16658e-302	-11289
573	1.16658e-302	-10962.9
574	1.16658e-302	-11393.5
575	1.16658e-302	-12953.8
576	1.16658e-302	-11951.1
577	1.16658e-302	-11543.9
578	1.16658e-302	-11756
579	1.16658e-302	-12073.6
580	1.16658e-302	-12639
581	1.16658e-302	-12961.2
582	1.16658e-302	-13608.6
583	1.16658e-302	-12236.2
584	1.16658e-302	-13593.3
585	1.16658e-302	-14759
586	1.16658e-302	-13608
587	1.16658e-302	-13406.9
588	1.16658e-302	-12721.1
589	1.16658e-302	-14518.4
590	1.16658e-302	-13200.8
591	1.16658e-302	-10991.2
592	1.16658e-302	-12233.9
593	1.16658e-302	-11492.2
594	1.16658e-302	-10282
595	1.16658e-302	-10903.7
596	1.16658e-302	-11196.6
597	1.16658e-302	-15937.2
598	1.16658e-302	-10331.9
599	1.16658e-302	-9785.62
600	1.16658e-302	-11065.7
601	1.16658e-302	-11355.1
602	1.16658e-302	-11444.8
603	1.16658e-302	-11341.7
604	1.16658e-302	-11680.5
605	1.16658e-302	-13587.9
606	1.16658e-302	-13555.9
607	1.16658e-302	-11468.2
608	1.16658e-302	-12085.2
609	1.16658e-302	-11820.6
610	1.16658e-302	-11178.9
611	1.16658e-302	-11404.7
612	1.16658e-302	-12493.1
613	1.16658e-302	-11210.4
614	1.16658e-302	-12176.8
615	1.16658e-302	-10993.2
616	1.16658e-302	-12570.2
617	1.16658e-302	-11103.4
618	1.16658e-302	-12760.1
619	1.16658e-302	-10128.6
620	1.16658e-302	-10996.7
621	1.16658e-302	-11468.4
622	1.16658e-302	-11997.6
623	1.16658e-302	-14797.8
624	1.16658e-302	-13527.5
625	1.16658e-302	-13237.1
626	1.16658e-302	-12447
627	1.16658e-302	-13754.2
628	1.16658e-302	-13096.7
629	1.16658e-302	-15380.1
630	1.16658e-302	-13987.2
631	1.16658e-302	-12656.3
632	1.16658e-302	-11505.2
633	1.16658e-302	-11808.9
634	1.16658e-302	-13351.9
635	1.16658e-302	-13820.1
636	1.16658e-302	-12548.2
637	1.16658e-302	-16392.4
638	1.16658e-302	-15488.4
639	1.16658e-302	-12657.3
640	1.16658e-302	-11838.1
641	1.16658e-302	-14025.5
642	1.16658e-302	-12964.8
643	1.16658e-302	-11800.2
644	1.16658e-302	-11836.3
645	1.16658e-302	-12292.4
646	1.16658e-302	-11743.9
647	1.16658e-302	-11552.2
648	1.16658e-302	-12560.1
649	1.16658e-302	-14033.9
650	1.16658e-302	-15624.9
651	1.16658e-302	-15331.9
652	1.16658e-302	-17426.6
653	1.16658e-302	-17167.9
654	1.16658e-302	-11564.3
655	1.16658e-302	-12864.8
656	1.16658e-302	-11213.7
657	1.16658e-302	-11084.6
658	1.16658e-302	-11165.7
659	1.16658e-302	-12755.6
660	1.16658e-302	-12721.1
661	1.16658e-302	-12628.9
662	1.16658e-302	-11806
663	1.16658e-302	-12535.2
664	1.16658e-302	-11952.5
665	1.16658e-302	-14126.6
666	1.16658e-302	-12048
667	1.16658e-302	-11111.5
668	1.16658e-302	-12706
669	1.16658e-302	-12715.9
670	1.16658e-302	-12963.4
671	1.16658e-302	-11426.8
672	1.16658e-302	-12716
673	1.16658e-302	-10954.8
674	1.16658e-302	-12544.2
675	1.16658e-302	-13001.5
676	1.16658e-302	-13347.6
677	1.16658e-302	-11334.7
678	1.16658e-302	-12601.3
679	1.16658e-302	-12573.5
680	1.16658e-302	-13648.3
681	1.16658e-302	-11677.9
682	1.16658e-302	-10953.9
683	1.16658e-302	-10406.3
684	1.16658e-302	-10147.6
685	1.16658e-302	-12128.9
686	1.16658e-302	-9787.77
687	1.16658e-302	-11506.8
688	1.16658e-302	-12256
689	1.16658e-302	-12212.5
690	1.16658e-302	-10697.1
691	1.16658e-302	-10723.6
692	1.16658e-302	-13938.7
693	1.16658e-302	-12000.6
694	1.16658e-302	-11805.2
695	1.16658e-302	-13445.3
696	1.16658e-302	-12623.4
697	1.16658e-302	-12267.3
698	1.16658e-302	-15028.8
699	1.16658e-302	-12197.4
700	1.16658e-302	-12478.2
701	1.16658e-302	-13980.1
702	1.16658e-302	-13889
703	1.16658e-302	-16301.4
704	1.16658e-302	-11814
705	1.16658e-302	-11177.2
706	1.16658e-302	-11099.5
707	1.16658e-302	-11466.6
708	1.16658e-302	-11959.5
709	1.16658e-302	-11466.4
710	1.16658e-302	-12466.5
711	1.16658e-302	-11878.8
712	1.16658e-302	-12622.2
713	1.16658e-302	-11870.5
714	1.16658e-302	-11783.5
715	1.16658e-302	-15989.4
716	1.16658e-302	-14976.6
717	1.16658e-302	-10197.5
718	1.16658e-302	-10901.8
719	1.16658e-302	-12829.4
720	1.16658e-302	-11633.9
721	1.16658e-302	-11750.6
722	1.16658e-302	-12155.3
723	1.16658e-302	-13479.2
724	1.16658e-302	-11975.9
725	1.16658e-302	-12382.7
726	1.16658e-302	-11692.2
727	1.16658e-302	-10834.6
728	1.16658e-302	-10828.8
729	1.16658e-302	-10718.1
730	1.16658e-302	-12585
731	1.16658e-302	-12739.7
732	1.16658e-302	-12387.9
733	1.16658e-302	-11915.5
734	1.16658e-302	-11599.7
735	1.16658e-302	-10710.6
736	1.16658e-302	-12845.4
737	1.16658e-302	-13170.5
738	1.16658e-302	-11311.4
739	1.16658e-302	-12405.5
740	1.16658e-302	-11479.7
741	1.16658e-302	-12404.8
742	1.16658e-302	-12179.4
743	1.16658e-302	-13636.4
744	1.16658e-302	-13330.7
745	1.16658e-302	-14491.4
746	1.16658e-302	-14565.8
747	1.16658e-302	-15496.3
748	1.16658e-302	-13126.2
749	1.16658e-302	-12701.9
750	1.16658e-302	-12442.2
751	1.16658e-302	-12984.1
752	1.16658e-302	-12466.3
753	1.16658e-302	-13357.7
754	1.16658e-302	-13348.9
755	1.16658e-302	-12752.1
756	1.16658e-302	-13704.5
757	1.16658e-302	-12331.3
758	1.16658e-302	-11700.6
759	1.16658e-302	-13663.5
760	1.16658e-302	-12081.7
761	1.16658e-302	-13426.8
762	1.16658e-302	-11687.5
763	1.16658e-302	-10568.2
764	1.16658e-302	-12195.6
765	1.16658e-302	-12042.6
766	1.16658e-302	-10486
767	1.16658e-302	-11389.9
768	1.16658e-302	-14984.9
769	1.16658e-302	-13550.2
770	1.16658e-302	-14664.7
771	1.16658e-302	-15566.3
772	1.16658e-302	-13207.4
773	1.16658e-302	-11564.4
774	1.16658e-302	-12300.3
775	1.16658e-302	-11277.2
776	1.16658e-302	-11558.3
777	1.16658e-302	-11289.9
778	1.16658e-302	-11372.5
779	1.16658e-302	-13244.2
780	1.16658e-302	-13823.6
781	1.16658e-302	-12137.5
782	1.16658e-302	-12774.7
783	1.16658e-302	-12474.3
784	1.16658e-302	-12922.7
785	1.16658e-302	-11245.3
786	1.16658e-302	-14528.2
787	1.16658e-302	-11804.1
788	1.16658e-302	-14698.2
789	1.16658e-302	-15471.7
790	1.16658e-302	-12971
791	1.16658e-302	-12362
792	1.16658e-302	-12371
793	1.16658e-302	-14761.6
794	1.16658e-302	-13023.1
795	1.16658e-302	-12489.6
796	1.16658e-302	-15106.3
797	1.16658e-302	-16294.8
798	1.16658e-302	-11789.2
799	1.16658e-302	-11467
800	1.16658e-302	-13350.9
801	1.16658e-302	-11372.5
802	1.16658e-302	-12090.8
803	1.16658e-302	-10629.6
804	1.16658e-302	-10864.1
805	1.16658e-302	-11594.9
806	1.16658e-302	-12368.1
807	1.16658e-302	-13933
808	1.16658e-302	-12752.5
809	1.16658e-302	-10785
810	1.16658e-302	-10746.3
811	1.16658e-302	-12699.9
812	1.16658e-302	-12256
813	1.16658e-302	-10880.1
814	1.16658e-302	-11736.7
815	1.16658e-302	-10580.7
816	1.16658e-302	-19233
817	1.16658e-302	-11624.3
818	1.16658e-302	-12540.7
819	1.16658e-302	-11652.4
820	1.16658e-302	-12275.1
821	1.16658e-302	-16207.4
822	1.16658e-302	-10710.6
823	1.16658e-302	-11232.2
824	1.16658e-302	-11275.6
825	1.16658e-302	-10604.3
826	1.16658e-302	-12725.7
827	1.16658e-302	-12120
828	1.16658e-302	-12145.8
829	1.16658e-302	-11244.4
830	1.16658e-302	-10238.9
831	1.16658e-302	-12610.3
832	1.16658e-302	-12078.9
833	1.16658e-302	-11465.2
834	1.16658e-302	-11408.5
835	1.16658e-302	-11340.6
836	1.16658e-302	-11734.7
837	1.16658e-302	-10601.7
838	1.16658e-302	-11417.5
839	1.16658e-302	-13638.5
840	1.16658e-302	-13205.2
841	1.16658e-302	-12888.5
842	1.16658e-302	-14081.7
843	1.16658e-302	-13672.1
844	1.16658e-302	-10589
845	1.16658e-302	-12899.6
846	1.16658e-302	-13133.9
847	1.16658e-302	-12105.6
848	1.16658e-302	-10595.7
849	1.16658e-302	-11557.9
850	1.16658e-302	-12088.4
851	1.16658e-302	-14209.9
852	1.16658e-302	-12905.4
853	1.16658e-302	-13976.9
854	1.16658e-302	-17117.8
855	1.16658e-302	-15432
856	1.16658e-302	-16265.1
857	1.16658e-302	-13811
858	1.16658e-302	-12997.1
859	1.16658e-302	-12654.7
860	1.16658e-302	-10917.3
861	1.16658e-302	-12335.8
862	1.16658e-302	-11403.7
863	1.16658e-302	-12294
864	1.16658e-302	-11696.2
865	1.16658e-302	-11035.3
866	1.16658e-302	-11471.3
867	1.16658e-302	-10298.2
868	1.16658e-302	-13667.9
869	1.16658e-302	-12836.4
870	1.16658e-302	-13258.9
871	1.16658e-302	-14357.1
872	1.16658e-302	-13613.9
873	1.16658e-302	-13862.9
874	1.16658e-302	-14567
875	1.16658e-302	-12686.7
876	1.16658e-302	-14609.3
877	1.16658e-302	-16083.4
878	1.16658e-302	-19041.7
879	1.16658e-302	-12631.9
880	1.16658e-302	-11171.8
881	1.16658e-302	-11554.1
882	1.16658e-302	-11961.8
883	1.16658e-302	-12238.4
884	1.16658e-302	-11586.1
885	1.16658e-302	-11511
886	1.16658e-302	-11819.6
887	1.16658e-302	-11219.3
888	1.16658e-302	-12635.3
889	1.16658e-302	-15315.2
890	1.16658e-302	-15329.2
891	1.16658e-302	-10434.3
892	1.16658e-302	-12599.2
893	1.16658e-302	-13692.7
894	1.16658e-302	-12461.1
895	1.16658e-302	-10883.3
896	1.16658e-302	-12319.1
897	1.16658e-302	-10955.8
898	1.16658e-302	-12325.2
899	1.16658e-302	-11993.5
900	1.16658e-302	-10918.1
901	1.16658e-302	-10783.8
902	1.16658e-302	-14201.7
903	1.16658e-302	-10344.9
904	1.16658e-302	-11434.5
905	1.16658e-302	-11081.2
906	1.16658e-302	-10921
907	1.16658e-302	-10777.7
908	1.16658e-302	-10994.3
909	1.16658e-302	-12222.2
910	1.16658e-302	-11781.9
911	1.16658e-302	-11721.8
912	1.16658e-302	-11912.7
913	1.16658e-302	-12558.3
914	1.16658e-302	-12030.6
915	1.16658e-302	-16641.3
916	1.16658e-302	-11749.7
917	1.16658e-302	-12128.4
918	1.16658e-302	-12971.1
919	1.16658e-302	-11897.6
920	1.16658e-302	-12063.2
921	1.16658e-302	-12252.1
922	1.16658e-302	-12280.6
923	1.16658e-302	-11530.7
924	1.16658e-302	-11184.4
925	1.16658e-302	-10987.6
926	1.16658e-302	-10941.5
927	1.16658e-302	-11418.4
928	1.16658e-302	-11871.4
929	1.16658e-302	-17747.6
930	1.16658e-302	-14969.2
931	1.16658e-302	-11470.7
932	1.16658e-302	-11628.1
933	1.16658e-302	-12608
934	1.16658e-302	-12584
935	1.16658e-302	-12530
936	1.16658e-302	-11210.5
937	1.16658e-302	-11378.3
938	1.16658e-302	-12644.3
939	1.16658e-302	-12176.2
940	1.16658e-302	-11491.6
941	1.16658e-302	-12681.7
942	1.16658e-302	-11407.2
943	1.16658e-302	-10903.5
944	1.16658e-302	-10150.7
945	1.16658e-302	-10327.3
946	1.16658e-302	-11777.7
947	1.16658e-302	-14682.6
948	1.16658e-302	-13121.2
949	1.16658e-302	-10881.4
950	1.16658e-302	-11353.1
951	1.16658e-302	-11416.4
952	1.16658e-302	-11062.2
953	1.16658e-302	-11835.9
954	1.16658e-302	-10968.2
955	1.16658e-302	-10815.4
956	1.16658e-302	-11306.7
957	1.16658e-302	-11262.8
958	1.16658e-302	-13521.9
959	1.16658e-302	-11275.9
960	1.16658e-302	-11273.2
961	1.16658e-302	-10615.8
962	1.16658e-302	-10547.2
963	1.16658e-302	-10656.2
964	1.16658e-302	-10308.4
965	1.16658e-302	-10615.1
966	1.16658e-302	-13519.5
967	1.16658e-302	-14090.9
968	1.16658e-302	-12057.2
969	1.16658e-302	-11880.5
970	1.16658e-302	-11970.6
971	1.16658e-302	-12785.7
972	1.16658e-302	-13184.3
973	1.16658e-302	-15171.4
974	1.16658e-302	-15452.8
975	1.16658e-302	-12012.8
976	1.16658e-302	-11162.7
977	1.16658e-302	-12762.9
978	1.16658e-302	-10818.1
979	1.16658e-302	-10458.7
980	1.16658e-302	-9679.04
981	1.16658e-302	-11974.9
982	1.16658e-302	-11162.3
983	1.16658e-302	-15334.9
984	1.16658e-302	-14428.2
985	1.16658e-302	-13410.9
986	1.16658e-302	-14144.3
987	1.16658e-302	-13843.8
988	1.16658e-302	-11835.7
989	1.16658e-302	-11833.5
990	1.16658e-302	-11725.5
991	1.16658e-302	-14259.3
992	1.16658e-302	-13518
993	1.16658e-302	-12238.7
994	1.16658e-302	-11869.9
995	1.16658e-302	-11987.7
996	1.16658e-302	-12598.1
997	1.16658e-302	-12996
998	1.16658e-302	-15000.3
999	1.16658e-302	-10938.2
1000	1.16658e-302	-11087.7
