state	power	likelihood
251	1	-8062.57
252	1	-8060.44
253	1	-8060.4
254	1	-8066.34
255	1	-8064.05
256	1	-8071.15
257	1	-8072.46
258	1	-8069.76
259	1	-8071.75
260	1	-8072.14
261	1	-8070.63
262	1	-8070.34
263	1	-8068.83
264	1	-8073.34
265	1	-8071.46
266	1	-8071.93
267	1	-8066.96
268	1	-8069.08
269	1	-8069.96
270	1	-8067.98
271	1	-8073.35
272	1	-8070.45
273	1	-8070.71
274	1	-8074.59
275	1	-8067.71
276	1	-8067.03
277	1	-8068.9
278	1	-8068.03
279	1	-8069.58
280	1	-8074.84
281	1	-8068.18
282	1	-8067.11
283	1	-8066.82
284	1	-8073
285	1	-8068.65
286	1	-8071.97
287	1	-8071.85
288	1	-8066.98
289	1	-8073.16
290	1	-8070.25
291	1	-8071.83
292	1	-8076.13
293	1	-8072.16
294	1	-8075.27
295	1	-8070.32
296	1	-8073.1
297	1	-8073.92
298	1	-8072.4
299	1	-8070.05
300	1	-8063.74
301	1	-8068.63
302	1	-8066.85
303	1	-8063.49
304	1	-8062.34
305	1	-8060.55
306	1	-8063.52
307	1	-8069.4
308	1	-8067.37
309	1	-8064.2
310	1	-8064.54
311	1	-8060.45
312	1	-8066.68
313	1	-8063.33
314	1	-8063.25
315	1	-8064.54
316	1	-8064.07
317	1	-8068.78
318	1	-8064.54
319	1	-8063.8
320	1	-8061.55
321	1	-8064.75
322	1	-8065.82
323	1	-8064.87
324	1	-8065.27
325	1	-8075.26
326	1	-8073.75
327	1	-8067.6
328	1	-8070.03
329	1	-8070.38
330	1	-8072.85
331	1	-8069.86
332	1	-8071.21
333	1	-8070.3
334	1	-8068.65
335	1	-8072.74
336	1	-8069.12
337	1	-8068.75
338	1	-8068.34
339	1	-8067.26
340	1	-8066.97
341	1	-8061.27
342	1	-8062.92
343	1	-8064.38
344	1	-8069.49
345	1	-8068.16
346	1	-8073.08
347	1	-8069.58
348	1	-8068.91
349	1	-8072.6
350	1	-8073.99
351	1	-8072.67
352	1	-8076.37
353	1	-8067.92
354	1	-8070.06
355	1	-8068.55
356	1	-8069.9
357	1	-8065.61
358	1	-8065.41
359	1	-8066.11
360	1	-8066.96
361	1	-8072.84
362	1	-8068.38
363	1	-8064.81
364	1	-8066.68
365	1	-8062.12
366	1	-8063.05
367	1	-8067.97
368	1	-8070.71
369	1	-8071.24
370	1	-8072.9
371	1	-8076.04
372	1	-8073.93
373	1	-8072.13
374	1	-8073.36
375	1	-8073.15
376	1	-8074.39
377	1	-8071.08
378	1	-8070.33
379	1	-8069.44
380	1	-8068.1
381	1	-8073.16
382	1	-8075.88
383	1	-8071.35
384	1	-8068.67
385	1	-8064.81
386	1	-8069.49
387	1	-8065.87
388	1	-8065.76
389	1	-8062.05
390	1	-8067.11
391	1	-8062.13
392	1	-8068.75
393	1	-8063.62
394	1	-8068.21
395	1	-8070.98
396	1	-8071.38
397	1	-8066.56
398	1	-8066.12
399	1	-8065.04
400	1	-8067.53
401	1	-8069.08
402	1	-8060.3
403	1	-8059
404	1	-8061.53
405	1	-8069.9
406	1	-8071.92
407	1	-8074.84
408	1	-8071.18
409	1	-8069.67
410	1	-8068.36
411	1	-8071.44
412	1	-8067.94
413	1	-8069.53
414	1	-8072.69
415	1	-8074.21
416	1	-8068.42
417	1	-8073.25
418	1	-8073.15
419	1	-8069.86
420	1	-8067.42
421	1	-8069.38
422	1	-8069.99
423	1	-8066.03
424	1	-8064.79
425	1	-8064.31
426	1	-8062.52
427	1	-8061.63
428	1	-8061.26
429	1	-8063.33
430	1	-8063.56
431	1	-8062.4
432	1	-8063.48
433	1	-8062.01
434	1	-8062.52
435	1	-8068.05
436	1	-8063.67
437	1	-8066.36
438	1	-8064.29
439	1	-8065.34
440	1	-8063.81
441	1	-8063.72
442	1	-8060.53
443	1	-8064.41
444	1	-8069.06
445	1	-8065.08
446	1	-8063.88
447	1	-8057.21
448	1	-8060.01
449	1	-8064.88
450	1	-8068.69
451	1	-8069.15
452	1	-8066.32
453	1	-8068.65
454	1	-8074.29
455	1	-8071.8
456	1	-8069.97
457	1	-8072.16
458	1	-8070.47
459	1	-8064.29
460	1	-8065.12
461	1	-8062.01
462	1	-8065.76
463	1	-8063.1
464	1	-8069.4
465	1	-8067.07
466	1	-8070.75
467	1	-8068.94
468	1	-8066.04
469	1	-8070.18
470	1	-8071.29
471	1	-8071.93
472	1	-8066.44
473	1	-8067.54
474	1	-8065.24
475	1	-8066.07
476	1	-8072.43
477	1	-8072.84
478	1	-8076.56
479	1	-8069.93
480	1	-8070.92
481	1	-8073.83
482	1	-8072.73
483	1	-8068.52
484	1	-8073.81
485	1	-8075.7
486	1	-8078.93
487	1	-8082.42
488	1	-8071.15
489	1	-8070.28
490	1	-8065.34
491	1	-8064.86
492	1	-8063.44
493	1	-8067.22
494	1	-8065.9
495	1	-8065.8
496	1	-8067.73
497	1	-8068.89
498	1	-8065.57
499	1	-8063.28
500	1	-8061.91
501	1	-8059.87
502	1	-8059.27
503	1	-8063.53
504	1	-8066.26
505	1	-8065.61
506	1	-8067.59
507	1	-8064.14
508	1	-8071.04
509	1	-8073.26
510	1	-8068.91
511	1	-8068.13
512	1	-8069.42
513	1	-8070.57
514	1	-8076.01
515	1	-8072.21
516	1	-8071.3
517	1	-8071.6
518	1	-8063.57
519	1	-8065.42
520	1	-8069.1
521	1	-8076.21
522	1	-8073.3
523	1	-8071.56
524	1	-8076.84
525	1	-8066.59
526	1	-8067.2
527	1	-8066.01
528	1	-8066.24
529	1	-8063.51
530	1	-8066.33
531	1	-8072.03
532	1	-8063.72
533	1	-8070.53
534	1	-8068.44
535	1	-8066.83
536	1	-8070.43
537	1	-8068.95
538	1	-8071.59
539	1	-8064.48
540	1	-8066.64
541	1	-8065.49
542	1	-8062.65
543	1	-8066.37
544	1	-8065.33
545	1	-8066.12
546	1	-8065.88
547	1	-8071
548	1	-8069.9
549	1	-8068.6
550	1	-8063.35
551	1	-8066.26
552	1	-8068.43
553	1	-8060.33
554	1	-8058.03
555	1	-8066.98
556	1	-8063.6
557	1	-8068.06
558	1	-8071.15
559	1	-8065.19
560	1	-8061.89
561	1	-8065.05
562	1	-8066.7
563	1	-8062.9
564	1	-8064.73
565	1	-8064.19
566	1	-8066.17
567	1	-8067.96
568	1	-8066.07
569	1	-8062.78
570	1	-8069.43
571	1	-8067.12
572	1	-8062.77
573	1	-8066.25
574	1	-8071.23
575	1	-8075
576	1	-8074.69
577	1	-8067.7
578	1	-8065.28
579	1	-8069.44
580	1	-8070.86
581	1	-8070.52
582	1	-8069.42
583	1	-8065.67
584	1	-8065.14
585	1	-8069
586	1	-8066.31
587	1	-8061.85
588	1	-8062.4
589	1	-8061.74
590	1	-8064.01
591	1	-8061.71
592	1	-8060.3
593	1	-8060.11
594	1	-8066.13
595	1	-8067.07
596	1	-8064.56
597	1	-8066.94
598	1	-8068.67
599	1	-8067.59
600	1	-8065.21
601	1	-8069.11
602	1	-8066.67
603	1	-8063.83
604	1	-8069.74
605	1	-8063.88
606	1	-8061.64
607	1	-8063.67
608	1	-8067.74
609	1	-8067.89
610	1	-8070.28
611	1	-8069.22
612	1	-8068.26
613	1	-8067.63
614	1	-8066.18
615	1	-8067.67
616	1	-8071.37
617	1	-8067.9
618	1	-8074.76
619	1	-8073.79
620	1	-8075.11
621	1	-8079.55
622	1	-8071.19
623	1	-8071.13
624	1	-8071.77
625	1	-8077.28
626	1	-8073.22
627	1	-8069.22
628	1	-8071.76
629	1	-8073.42
630	1	-8070
631	1	-8067.34
632	1	-8074.81
633	1	-8072.71
634	1	-8067.32
635	1	-8069.1
636	1	-8062.37
637	1	-8064.94
638	1	-8065.18
639	1	-8063.05
640	1	-8062.42
641	1	-8058.5
642	1	-8067.86
643	1	-8066.12
644	1	-8063.05
645	1	-8066.52
646	1	-8063.6
647	1	-8062.57
648	1	-8067.29
649	1	-8068.67
650	1	-8065.89
651	1	-8067.79
652	1	-8071.69
653	1	-8064.95
654	1	-8065.62
655	1	-8068.29
656	1	-8067.68
657	1	-8069.59
658	1	-8067.16
659	1	-8064.64
660	1	-8067.67
661	1	-8069.44
662	1	-8068.86
663	1	-8064.47
664	1	-8067.61
665	1	-8069.14
666	1	-8069.93
667	1	-8069.53
668	1	-8068.69
669	1	-8069.51
670	1	-8071.54
671	1	-8075.14
672	1	-8077.33
673	1	-8071.04
674	1	-8075.16
675	1	-8068.19
676	1	-8066.13
677	1	-8068.28
678	1	-8065.83
679	1	-8068.37
680	1	-8065.82
681	1	-8062.46
682	1	-8061.34
683	1	-8066.52
684	1	-8062.36
685	1	-8070.77
686	1	-8072.65
687	1	-8063.27
688	1	-8063.44
689	1	-8065
690	1	-8064.72
691	1	-8064.62
692	1	-8063.77
693	1	-8063.58
694	1	-8062.85
695	1	-8062.53
696	1	-8062.12
697	1	-8072.73
698	1	-8064.77
699	1	-8069.23
700	1	-8068.64
701	1	-8068.27
702	1	-8066.69
703	1	-8067.6
704	1	-8068.2
705	1	-8068.88
706	1	-8065.21
707	1	-8063.09
708	1	-8063.65
709	1	-8062.41
710	1	-8064.56
711	1	-8067.55
712	1	-8057.73
713	1	-8062.2
714	1	-8060.89
715	1	-8062.61
716	1	-8068.73
717	1	-8064.8
718	1	-8065.44
719	1	-8066.18
720	1	-8067.78
721	1	-8068.59
722	1	-8069.57
723	1	-8065.65
724	1	-8068.09
725	1	-8063.73
726	1	-8063.27
727	1	-8062.85
728	1	-8066.38
729	1	-8070.13
730	1	-8073.98
731	1	-8069.95
732	1	-8077.62
733	1	-8077.15
734	1	-8072.6
735	1	-8071.65
736	1	-8065.17
737	1	-8062.09
738	1	-8063.74
739	1	-8066.94
740	1	-8068.11
741	1	-8063.15
742	1	-8065.51
743	1	-8064.8
744	1	-8064.24
745	1	-8066.27
746	1	-8067.42
747	1	-8065.85
748	1	-8065.73
749	1	-8064.74
750	1	-8069.38
751	1	-8069.63
752	1	-8072.15
753	1	-8068.75
754	1	-8070.89
755	1	-8070.14
756	1	-8071.97
757	1	-8075.84
758	1	-8072.38
759	1	-8074.9
760	1	-8072.14
761	1	-8076.44
762	1	-8069.84
763	1	-8075.53
764	1	-8074.32
765	1	-8066.61
766	1	-8069.52
767	1	-8065.93
768	1	-8061.64
769	1	-8062.85
770	1	-8064.85
771	1	-8061.91
772	1	-8067.16
773	1	-8069.5
774	1	-8067.85
775	1	-8072.01
776	1	-8071.93
777	1	-8067.15
778	1	-8063.42
779	1	-8065.85
780	1	-8065.78
781	1	-8065.46
782	1	-8062.66
783	1	-8061.72
784	1	-8061.77
785	1	-8064.11
786	1	-8067.21
787	1	-8061.57
788	1	-8069.12
789	1	-8067.17
790	1	-8064.82
791	1	-8062.75
792	1	-8066.78
793	1	-8069.72
794	1	-8073.71
795	1	-8069.5
796	1	-8066.14
797	1	-8065.73
798	1	-8064.69
799	1	-8062.41
800	1	-8066.05
801	1	-8066.3
802	1	-8067.99
803	1	-8065.99
804	1	-8067.88
805	1	-8072.54
806	1	-8071.67
807	1	-8069.14
808	1	-8066.07
809	1	-8062.32
810	1	-8063.3
811	1	-8062.13
812	1	-8063.87
813	1	-8074
814	1	-8073.31
815	1	-8065.93
816	1	-8067.4
817	1	-8061.78
818	1	-8062.13
819	1	-8062.2
820	1	-8067.51
821	1	-8072.03
822	1	-8064.34
823	1	-8067.36
824	1	-8071.17
825	1	-8065.6
826	1	-8074.17
827	1	-8068.16
828	1	-8063.52
829	1	-8063.47
830	1	-8069.56
831	1	-8069.87
832	1	-8062.44
833	1	-8062.78
834	1	-8061.55
835	1	-8068.76
836	1	-8072.45
837	1	-8070.23
838	1	-8068.84
839	1	-8068.58
840	1	-8064.64
841	1	-8064.32
842	1	-8067.43
843	1	-8065.77
844	1	-8066.25
845	1	-8064.87
846	1	-8070.18
847	1	-8066.65
848	1	-8067.38
849	1	-8071.49
850	1	-8071.96
851	1	-8068.9
852	1	-8076.64
853	1	-8073.16
854	1	-8072.07
855	1	-8063.13
856	1	-8068.11
857	1	-8069.73
858	1	-8074.93
859	1	-8068.8
860	1	-8065.3
861	1	-8067.93
862	1	-8066.59
863	1	-8066.29
864	1	-8065.02
865	1	-8065.07
866	1	-8066.88
867	1	-8063.68
868	1	-8063.33
869	1	-8064.87
870	1	-8074.52
871	1	-8077.84
872	1	-8072.83
873	1	-8075.52
874	1	-8065.98
875	1	-8068.98
876	1	-8064.36
877	1	-8066.14
878	1	-8066.81
879	1	-8072.89
880	1	-8065.55
881	1	-8074.44
882	1	-8068.09
883	1	-8070.04
884	1	-8071.9
885	1	-8071.35
886	1	-8069.33
887	1	-8065.19
888	1	-8065.64
889	1	-8064.75
890	1	-8064.11
891	1	-8063.33
892	1	-8063.4
893	1	-8066.43
894	1	-8066.4
895	1	-8065.62
896	1	-8064.36
897	1	-8065.68
898	1	-8068.95
899	1	-8069.71
900	1	-8076.57
901	1	-8078.26
902	1	-8078.49
903	1	-8073.53
904	1	-8072.81
905	1	-8069.08
906	1	-8063.2
907	1	-8064.53
908	1	-8065.18
909	1	-8066.3
910	1	-8064.44
911	1	-8062.95
912	1	-8065.23
913	1	-8065.4
914	1	-8064.97
915	1	-8058.34
916	1	-8060.8
917	1	-8061.55
918	1	-8062.13
919	1	-8062.62
920	1	-8063.9
921	1	-8067.9
922	1	-8067.37
923	1	-8065.94
924	1	-8062.8
925	1	-8065.92
926	1	-8068.3
927	1	-8065.86
928	1	-8067.47
929	1	-8064.74
930	1	-8068.52
931	1	-8060.17
932	1	-8062.54
933	1	-8063.72
934	1	-8067.49
935	1	-8066.2
936	1	-8064.03
937	1	-8062.67
938	1	-8067.5
939	1	-8069.43
940	1	-8065.65
941	1	-8076.66
942	1	-8073.36
943	1	-8072.72
944	1	-8067.23
945	1	-8070
946	1	-8072.41
947	1	-8071.74
948	1	-8071.32
949	1	-8064.22
950	1	-8064.35
951	1	-8065.19
952	1	-8063.17
953	1	-8068.31
954	1	-8068.8
955	1	-8067.11
956	1	-8066.47
957	1	-8066.71
958	1	-8066.43
959	1	-8071.13
960	1	-8060.43
961	1	-8063.08
962	1	-8068.49
963	1	-8065.78
964	1	-8062.41
965	1	-8063.11
966	1	-8062.45
967	1	-8063.76
968	1	-8062.45
969	1	-8065.33
970	1	-8063.45
971	1	-8062.75
972	1	-8067.48
973	1	-8067.43
974	1	-8070.33
975	1	-8070.25
976	1	-8068.15
977	1	-8068.57
978	1	-8076.38
979	1	-8070.74
980	1	-8065.06
981	1	-8065.01
982	1	-8062.49
983	1	-8070.95
984	1	-8071.84
985	1	-8072.57
986	1	-8069.11
987	1	-8066.97
988	1	-8065.85
989	1	-8061.11
990	1	-8065.13
991	1	-8063.89
992	1	-8063.74
993	1	-8064.35
994	1	-8066.51
995	1	-8071.46
996	1	-8068.58
997	1	-8069.65
998	1	-8066.79
999	1	-8073.62
1000	1	-8074.99
251	0.90204	-8073.14
252	0.90204	-8069.28
253	0.90204	-8062.22
254	0.90204	-8063.78
255	0.90204	-8064.68
256	0.90204	-8063.68
257	0.90204	-8066.24
258	0.90204	-8067.96
259	0.90204	-8070.11
260	0.90204	-8066.96
261	0.90204	-8065.56
262	0.90204	-8076.65
263	0.90204	-8071.19
264	0.90204	-8069.35
265	0.90204	-8081.44
266	0.90204	-8074.82
267	0.90204	-8075.45
268	0.90204	-8078.34
269	0.90204	-8077.7
270	0.90204	-8075.97
271	0.90204	-8067.41
272	0.90204	-8066.86
273	0.90204	-8065.97
274	0.90204	-8067.78
275	0.90204	-8069.39
276	0.90204	-8072.47
277	0.90204	-8067.57
278	0.90204	-8064.87
279	0.90204	-8065.51
280	0.90204	-8066.75
281	0.90204	-8065.94
282	0.90204	-8065.61
283	0.90204	-8069.87
284	0.90204	-8068.95
285	0.90204	-8072.09
286	0.90204	-8070.94
287	0.90204	-8072.87
288	0.90204	-8066.73
289	0.90204	-8073.04
290	0.90204	-8075.05
291	0.90204	-8078.14
292	0.90204	-8080.69
293	0.90204	-8075.03
294	0.90204	-8073.44
295	0.90204	-8068.55
296	0.90204	-8067.39
297	0.90204	-8074.9
298	0.90204	-8065.6
299	0.90204	-8061.89
300	0.90204	-8063.15
301	0.90204	-8060.58
302	0.90204	-8068.49
303	0.90204	-8065.73
304	0.90204	-8065.88
305	0.90204	-8068.27
306	0.90204	-8068.96
307	0.90204	-8063.34
308	0.90204	-8071.01
309	0.90204	-8070.58
310	0.90204	-8067.63
311	0.90204	-8073.98
312	0.90204	-8062.17
313	0.90204	-8068.57
314	0.90204	-8066.12
315	0.90204	-8065.8
316	0.90204	-8069.16
317	0.90204	-8069.91
318	0.90204	-8072.24
319	0.90204	-8074.97
320	0.90204	-8074.53
321	0.90204	-8072.63
322	0.90204	-8077.4
323	0.90204	-8072.1
324	0.90204	-8076.81
325	0.90204	-8073.23
326	0.90204	-8077.23
327	0.90204	-8075.8
328	0.90204	-8069.38
329	0.90204	-8071.64
330	0.90204	-8074.32
331	0.90204	-8072.97
332	0.90204	-8068.47
333	0.90204	-8070.32
334	0.90204	-8064.31
335	0.90204	-8064.31
336	0.90204	-8071.24
337	0.90204	-8064.22
338	0.90204	-8071.08
339	0.90204	-8068.98
340	0.90204	-8069.08
341	0.90204	-8069.9
342	0.90204	-8064.76
343	0.90204	-8076.11
344	0.90204	-8070.86
345	0.90204	-8073.74
346	0.90204	-8073.44
347	0.90204	-8073.7
348	0.90204	-8079.57
349	0.90204	-8075.99
350	0.90204	-8070.81
351	0.90204	-8065.36
352	0.90204	-8070.39
353	0.90204	-8065.67
354	0.90204	-8066.01
355	0.90204	-8068.9
356	0.90204	-8064.82
357	0.90204	-8067.29
358	0.90204	-8074.43
359	0.90204	-8066.82
360	0.90204	-8069.92
361	0.90204	-8069.41
362	0.90204	-8073.25
363	0.90204	-8073.44
364	0.90204	-8077.71
365	0.90204	-8080.33
366	0.90204	-8083.52
367	0.90204	-8072.86
368	0.90204	-8068.98
369	0.90204	-8069.07
370	0.90204	-8067.76
371	0.90204	-8072
372	0.90204	-8071.58
373	0.90204	-8077.14
374	0.90204	-8071.62
375	0.90204	-8074.18
376	0.90204	-8074.75
377	0.90204	-8076.23
378	0.90204	-8068.59
379	0.90204	-8073.62
380	0.90204	-8069.62
381	0.90204	-8071.37
382	0.90204	-8068.07
383	0.90204	-8069.16
384	0.90204	-8073.58
385	0.90204	-8071.47
386	0.90204	-8071.56
387	0.90204	-8075.7
388	0.90204	-8066.06
389	0.90204	-8073.15
390	0.90204	-8067.65
391	0.90204	-8070.07
392	0.90204	-8072.5
393	0.90204	-8066.6
394	0.90204	-8059.76
395	0.90204	-8064.16
396	0.90204	-8071.28
397	0.90204	-8072.18
398	0.90204	-8065.73
399	0.90204	-8069.64
400	0.90204	-8066.8
401	0.90204	-8062.79
402	0.90204	-8065.37
403	0.90204	-8063.57
404	0.90204	-8065.9
405	0.90204	-8058.88
406	0.90204	-8060.16
407	0.90204	-8064.76
408	0.90204	-8062.89
409	0.90204	-8061.09
410	0.90204	-8063.61
411	0.90204	-8064.03
412	0.90204	-8068.63
413	0.90204	-8068.13
414	0.90204	-8067.27
415	0.90204	-8070.7
416	0.90204	-8062.42
417	0.90204	-8064.9
418	0.90204	-8062.34
419	0.90204	-8063.89
420	0.90204	-8067.25
421	0.90204	-8067.01
422	0.90204	-8067.36
423	0.90204	-8064.83
424	0.90204	-8067.26
425	0.90204	-8070.51
426	0.90204	-8075.45
427	0.90204	-8076.96
428	0.90204	-8072.49
429	0.90204	-8072.48
430	0.90204	-8072.58
431	0.90204	-8068.94
432	0.90204	-8071.56
433	0.90204	-8068.28
434	0.90204	-8068.92
435	0.90204	-8066.62
436	0.90204	-8072.08
437	0.90204	-8069.58
438	0.90204	-8072.75
439	0.90204	-8073.34
440	0.90204	-8068.23
441	0.90204	-8062.02
442	0.90204	-8065.84
443	0.90204	-8077.71
444	0.90204	-8071.83
445	0.90204	-8062.68
446	0.90204	-8057.48
447	0.90204	-8065.48
448	0.90204	-8063.57
449	0.90204	-8060.76
450	0.90204	-8062.65
451	0.90204	-8062.25
452	0.90204	-8064
453	0.90204	-8065.56
454	0.90204	-8069.12
455	0.90204	-8071.84
456	0.90204	-8071.04
457	0.90204	-8066.85
458	0.90204	-8064.41
459	0.90204	-8067.58
460	0.90204	-8063.77
461	0.90204	-8062.17
462	0.90204	-8066.73
463	0.90204	-8071.43
464	0.90204	-8071.09
465	0.90204	-8067.47
466	0.90204	-8074.41
467	0.90204	-8070.88
468	0.90204	-8070.9
469	0.90204	-8070.69
470	0.90204	-8065.59
471	0.90204	-8064.09
472	0.90204	-8063.75
473	0.90204	-8067.59
474	0.90204	-8070.19
475	0.90204	-8071.71
476	0.90204	-8067.76
477	0.90204	-8060.34
478	0.90204	-8064.33
479	0.90204	-8066.34
480	0.90204	-8073.99
481	0.90204	-8075.9
482	0.90204	-8073.68
483	0.90204	-8070.09
484	0.90204	-8061.01
485	0.90204	-8065.78
486	0.90204	-8065.29
487	0.90204	-8069.96
488	0.90204	-8064.7
489	0.90204	-8062.19
490	0.90204	-8065.77
491	0.90204	-8065.55
492	0.90204	-8069.69
493	0.90204	-8074.33
494	0.90204	-8067.08
495	0.90204	-8067.12
496	0.90204	-8075.24
497	0.90204	-8075.41
498	0.90204	-8073.23
499	0.90204	-8070.07
500	0.90204	-8070.5
501	0.90204	-8073.53
502	0.90204	-8075.23
503	0.90204	-8070.9
504	0.90204	-8072.5
505	0.90204	-8066.33
506	0.90204	-8065.67
507	0.90204	-8064.15
508	0.90204	-8064.9
509	0.90204	-8070.64
510	0.90204	-8066.77
511	0.90204	-8065.55
512	0.90204	-8069.08
513	0.90204	-8071.32
514	0.90204	-8073.91
515	0.90204	-8075.92
516	0.90204	-8081.22
517	0.90204	-8082.26
518	0.90204	-8076.55
519	0.90204	-8074.2
520	0.90204	-8077.27
521	0.90204	-8065.64
522	0.90204	-8066.18
523	0.90204	-8066.28
524	0.90204	-8065.59
525	0.90204	-8065.31
526	0.90204	-8064.81
527	0.90204	-8072.48
528	0.90204	-8073.53
529	0.90204	-8077.19
530	0.90204	-8077.03
531	0.90204	-8074.99
532	0.90204	-8079.25
533	0.90204	-8080.6
534	0.90204	-8073.73
535	0.90204	-8071.28
536	0.90204	-8073.18
537	0.90204	-8068.83
538	0.90204	-8072.37
539	0.90204	-8077.42
540	0.90204	-8074.08
541	0.90204	-8073.98
542	0.90204	-8073.76
543	0.90204	-8070.18
544	0.90204	-8073.07
545	0.90204	-8071.79
546	0.90204	-8074.41
547	0.90204	-8069.26
548	0.90204	-8066.76
549	0.90204	-8068.92
550	0.90204	-8065.88
551	0.90204	-8070.12
552	0.90204	-8070.03
553	0.90204	-8067.36
554	0.90204	-8066.72
555	0.90204	-8074.91
556	0.90204	-8074.07
557	0.90204	-8071.14
558	0.90204	-8069.03
559	0.90204	-8075.91
560	0.90204	-8072.86
561	0.90204	-8080.12
562	0.90204	-8084.59
563	0.90204	-8080.38
564	0.90204	-8069.99
565	0.90204	-8070.66
566	0.90204	-8071.77
567	0.90204	-8073.29
568	0.90204	-8074.77
569	0.90204	-8075.44
570	0.90204	-8065.37
571	0.90204	-8063.92
572	0.90204	-8062.72
573	0.90204	-8067.56
574	0.90204	-8069.65
575	0.90204	-8068.89
576	0.90204	-8070.7
577	0.90204	-8070.18
578	0.90204	-8066.11
579	0.90204	-8067.29
580	0.90204	-8072.74
581	0.90204	-8070.96
582	0.90204	-8077.67
583	0.90204	-8079.98
584	0.90204	-8080.91
585	0.90204	-8077.01
586	0.90204	-8067.68
587	0.90204	-8066.14
588	0.90204	-8069.11
589	0.90204	-8067.64
590	0.90204	-8073.52
591	0.90204	-8068.79
592	0.90204	-8069.35
593	0.90204	-8067.7
594	0.90204	-8064.92
595	0.90204	-8062.54
596	0.90204	-8061.76
597	0.90204	-8073.47
598	0.90204	-8076.26
599	0.90204	-8074.68
600	0.90204	-8076.34
601	0.90204	-8075.48
602	0.90204	-8072.55
603	0.90204	-8067.95
604	0.90204	-8066.09
605	0.90204	-8066.29
606	0.90204	-8059.51
607	0.90204	-8066.68
608	0.90204	-8065.12
609	0.90204	-8064.35
610	0.90204	-8071.96
611	0.90204	-8075.51
612	0.90204	-8082.03
613	0.90204	-8080.8
614	0.90204	-8074.79
615	0.90204	-8075.63
616	0.90204	-8082.01
617	0.90204	-8073.61
618	0.90204	-8078.38
619	0.90204	-8075.53
620	0.90204	-8065.42
621	0.90204	-8065.52
622	0.90204	-8065.32
623	0.90204	-8069.54
624	0.90204	-8073.26
625	0.90204	-8068.9
626	0.90204	-8069.92
627	0.90204	-8067.21
628	0.90204	-8065.26
629	0.90204	-8060.85
630	0.90204	-8063.63
631	0.90204	-8066.05
632	0.90204	-8070.65
633	0.90204	-8069.54
634	0.90204	-8066.87
635	0.90204	-8071.05
636	0.90204	-8066.94
637	0.90204	-8077.63
638	0.90204	-8073.4
639	0.90204	-8068.24
640	0.90204	-8067.64
641	0.90204	-8069.75
642	0.90204	-8070.86
643	0.90204	-8063.65
644	0.90204	-8065.89
645	0.90204	-8077.44
646	0.90204	-8076.35
647	0.90204	-8074.38
648	0.90204	-8074.11
649	0.90204	-8072.01
650	0.90204	-8072.97
651	0.90204	-8081.92
652	0.90204	-8080.35
653	0.90204	-8073.53
654	0.90204	-8076.18
655	0.90204	-8073.29
656	0.90204	-8074.14
657	0.90204	-8079.21
658	0.90204	-8069.25
659	0.90204	-8072.07
660	0.90204	-8072.34
661	0.90204	-8070.32
662	0.90204	-8071.03
663	0.90204	-8061.54
664	0.90204	-8066.39
665	0.90204	-8069.05
666	0.90204	-8068.5
667	0.90204	-8070
668	0.90204	-8070.68
669	0.90204	-8072.15
670	0.90204	-8066.96
671	0.90204	-8063.57
672	0.90204	-8063.97
673	0.90204	-8074.3
674	0.90204	-8076.95
675	0.90204	-8069.99
676	0.90204	-8063.51
677	0.90204	-8066.99
678	0.90204	-8069.28
679	0.90204	-8065.18
680	0.90204	-8065.4
681	0.90204	-8071.48
682	0.90204	-8072.94
683	0.90204	-8064.7
684	0.90204	-8072.96
685	0.90204	-8080
686	0.90204	-8076.58
687	0.90204	-8074.98
688	0.90204	-8075.24
689	0.90204	-8067.26
690	0.90204	-8068.38
691	0.90204	-8066.98
692	0.90204	-8067.59
693	0.90204	-8080.03
694	0.90204	-8078.34
695	0.90204	-8078.42
696	0.90204	-8076.83
697	0.90204	-8068.28
698	0.90204	-8065.82
699	0.90204	-8066
700	0.90204	-8069.49
701	0.90204	-8068.06
702	0.90204	-8066.73
703	0.90204	-8060.59
704	0.90204	-8062.6
705	0.90204	-8068.34
706	0.90204	-8072.76
707	0.90204	-8069.64
708	0.90204	-8071.53
709	0.90204	-8075.06
710	0.90204	-8067.64
711	0.90204	-8071.05
712	0.90204	-8066.54
713	0.90204	-8063.31
714	0.90204	-8069.9
715	0.90204	-8063.93
716	0.90204	-8066.63
717	0.90204	-8073.2
718	0.90204	-8069.47
719	0.90204	-8073.24
720	0.90204	-8070.54
721	0.90204	-8068.61
722	0.90204	-8071.61
723	0.90204	-8072.76
724	0.90204	-8070.6
725	0.90204	-8069.55
726	0.90204	-8065.98
727	0.90204	-8062.93
728	0.90204	-8062.37
729	0.90204	-8061.41
730	0.90204	-8063.96
731	0.90204	-8063.8
732	0.90204	-8075.42
733	0.90204	-8071.85
734	0.90204	-8074.27
735	0.90204	-8071.63
736	0.90204	-8070.66
737	0.90204	-8064.11
738	0.90204	-8066.74
739	0.90204	-8072.66
740	0.90204	-8074.78
741	0.90204	-8077.34
742	0.90204	-8070.2
743	0.90204	-8071.86
744	0.90204	-8065.67
745	0.90204	-8077.32
746	0.90204	-8073.23
747	0.90204	-8074.25
748	0.90204	-8077.52
749	0.90204	-8072.59
750	0.90204	-8068.46
751	0.90204	-8063.54
752	0.90204	-8069.11
753	0.90204	-8074.3
754	0.90204	-8071.35
755	0.90204	-8076.32
756	0.90204	-8075.04
757	0.90204	-8082.85
758	0.90204	-8081.18
759	0.90204	-8082.88
760	0.90204	-8082.21
761	0.90204	-8081.62
762	0.90204	-8071.26
763	0.90204	-8077.1
764	0.90204	-8078.06
765	0.90204	-8080.13
766	0.90204	-8074.61
767	0.90204	-8083.48
768	0.90204	-8079.06
769	0.90204	-8073.54
770	0.90204	-8076.32
771	0.90204	-8073.54
772	0.90204	-8065.3
773	0.90204	-8065.33
774	0.90204	-8070.59
775	0.90204	-8070.62
776	0.90204	-8068.94
777	0.90204	-8079.94
778	0.90204	-8070.1
779	0.90204	-8071.95
780	0.90204	-8064.78
781	0.90204	-8067.55
782	0.90204	-8068.2
783	0.90204	-8067.71
784	0.90204	-8070.53
785	0.90204	-8069.05
786	0.90204	-8075.45
787	0.90204	-8079.75
788	0.90204	-8080.51
789	0.90204	-8071.85
790	0.90204	-8073.52
791	0.90204	-8068.94
792	0.90204	-8065.9
793	0.90204	-8072.9
794	0.90204	-8069.32
795	0.90204	-8066.62
796	0.90204	-8074.08
797	0.90204	-8073.32
798	0.90204	-8078.9
799	0.90204	-8073.97
800	0.90204	-8069.83
801	0.90204	-8067.76
802	0.90204	-8065.66
803	0.90204	-8067.91
804	0.90204	-8063.53
805	0.90204	-8066.92
806	0.90204	-8072.16
807	0.90204	-8067.54
808	0.90204	-8069.08
809	0.90204	-8077.1
810	0.90204	-8069.92
811	0.90204	-8074.84
812	0.90204	-8070.66
813	0.90204	-8066.01
814	0.90204	-8068.92
815	0.90204	-8072.92
816	0.90204	-8069.67
817	0.90204	-8067.82
818	0.90204	-8066.26
819	0.90204	-8064.38
820	0.90204	-8060.06
821	0.90204	-8062.51
822	0.90204	-8063.52
823	0.90204	-8067.54
824	0.90204	-8071.4
825	0.90204	-8063.18
826	0.90204	-8065.99
827	0.90204	-8069.49
828	0.90204	-8073.48
829	0.90204	-8069.99
830	0.90204	-8069.93
831	0.90204	-8067.06
832	0.90204	-8069.42
833	0.90204	-8072.32
834	0.90204	-8071.55
835	0.90204	-8070.24
836	0.90204	-8073.12
837	0.90204	-8065.52
838	0.90204	-8066.66
839	0.90204	-8072.79
840	0.90204	-8068.27
841	0.90204	-8070.47
842	0.90204	-8071.37
843	0.90204	-8074.17
844	0.90204	-8079.45
845	0.90204	-8070.64
846	0.90204	-8072.66
847	0.90204	-8069.71
848	0.90204	-8075.82
849	0.90204	-8065.34
850	0.90204	-8070.45
851	0.90204	-8070.4
852	0.90204	-8065.74
853	0.90204	-8061.08
854	0.90204	-8065.65
855	0.90204	-8063.97
856	0.90204	-8065.41
857	0.90204	-8069.44
858	0.90204	-8066.74
859	0.90204	-8063.85
860	0.90204	-8067.28
861	0.90204	-8067.94
862	0.90204	-8073.79
863	0.90204	-8072.99
864	0.90204	-8072.21
865	0.90204	-8071.06
866	0.90204	-8074.05
867	0.90204	-8068.46
868	0.90204	-8068.33
869	0.90204	-8065.39
870	0.90204	-8062.86
871	0.90204	-8068.99
872	0.90204	-8068.12
873	0.90204	-8063.65
874	0.90204	-8065.05
875	0.90204	-8066.79
876	0.90204	-8068.82
877	0.90204	-8070.64
878	0.90204	-8067.95
879	0.90204	-8064.61
880	0.90204	-8071.04
881	0.90204	-8069.61
882	0.90204	-8070.9
883	0.90204	-8074.39
884	0.90204	-8067.84
885	0.90204	-8070.11
886	0.90204	-8074.27
887	0.90204	-8070.96
888	0.90204	-8066.78
889	0.90204	-8068.81
890	0.90204	-8070.44
891	0.90204	-8067.05
892	0.90204	-8069.82
893	0.90204	-8077.37
894	0.90204	-8076.45
895	0.90204	-8074.5
896	0.90204	-8075.1
897	0.90204	-8073.66
898	0.90204	-8075.91
899	0.90204	-8078.58
900	0.90204	-8070.47
901	0.90204	-8070.02
902	0.90204	-8074.31
903	0.90204	-8075.75
904	0.90204	-8081.25
905	0.90204	-8068.85
906	0.90204	-8068.52
907	0.90204	-8070.59
908	0.90204	-8070.71
909	0.90204	-8071.88
910	0.90204	-8066.89
911	0.90204	-8068.58
912	0.90204	-8065.63
913	0.90204	-8066.58
914	0.90204	-8072.58
915	0.90204	-8072.26
916	0.90204	-8074.22
917	0.90204	-8067.96
918	0.90204	-8069.59
919	0.90204	-8076.66
920	0.90204	-8071.9
921	0.90204	-8067.63
922	0.90204	-8073.77
923	0.90204	-8073.74
924	0.90204	-8074.57
925	0.90204	-8071.46
926	0.90204	-8064.7
927	0.90204	-8066.45
928	0.90204	-8064.61
929	0.90204	-8065.91
930	0.90204	-8071.23
931	0.90204	-8070.35
932	0.90204	-8067.39
933	0.90204	-8070.23
934	0.90204	-8070.69
935	0.90204	-8068.82
936	0.90204	-8075.07
937	0.90204	-8071.36
938	0.90204	-8072.48
939	0.90204	-8070.1
940	0.90204	-8074.87
941	0.90204	-8073.21
942	0.90204	-8068.45
943	0.90204	-8065.58
944	0.90204	-8063.2
945	0.90204	-8062.08
946	0.90204	-8064.64
947	0.90204	-8063.74
948	0.90204	-8067.06
949	0.90204	-8063.62
950	0.90204	-8069.53
951	0.90204	-8079.36
952	0.90204	-8071.58
953	0.90204	-8068.46
954	0.90204	-8070.88
955	0.90204	-8065.16
956	0.90204	-8066.74
957	0.90204	-8066.02
958	0.90204	-8070.66
959	0.90204	-8070.53
960	0.90204	-8067.2
961	0.90204	-8062.19
962	0.90204	-8065.64
963	0.90204	-8061.89
964	0.90204	-8062.95
965	0.90204	-8066.72
966	0.90204	-8058.4
967	0.90204	-8059.31
968	0.90204	-8065.99
969	0.90204	-8070.88
970	0.90204	-8069.8
971	0.90204	-8076.33
972	0.90204	-8074.93
973	0.90204	-8074.5
974	0.90204	-8075.08
975	0.90204	-8067.09
976	0.90204	-8068.67
977	0.90204	-8074.86
978	0.90204	-8071.09
979	0.90204	-8070.86
980	0.90204	-8069.89
981	0.90204	-8069.14
982	0.90204	-8068.26
983	0.90204	-8077.88
984	0.90204	-8075.01
985	0.90204	-8078.42
986	0.90204	-8067.94
987	0.90204	-8068.23
988	0.90204	-8065.28
989	0.90204	-8070.57
990	0.90204	-8062.4
991	0.90204	-8068.98
992	0.90204	-8077.02
993	0.90204	-8067.73
994	0.90204	-8066.38
995	0.90204	-8067.25
996	0.90204	-8066.62
997	0.90204	-8068.5
998	0.90204	-8069.3
999	0.90204	-8071.65
1000	0.90204	-8065.32
251	0.811912	-8081.73
252	0.811912	-8075.86
253	0.811912	-8084.29
254	0.811912	-8076.19
255	0.811912	-8081.2
256	0.811912	-8077.7
257	0.811912	-8078.02
258	0.811912	-8083.21
259	0.811912	-8080.31
260	0.811912	-8075.05
261	0.811912	-8072.97
262	0.811912	-8073.46
263	0.811912	-8068.14
264	0.811912	-8074.77
265	0.811912	-8067.17
266	0.811912	-8066.56
267	0.811912	-8067.08
268	0.811912	-8063.73
269	0.811912	-8072.16
270	0.811912	-8073.74
271	0.811912	-8072.21
272	0.811912	-8080.84
273	0.811912	-8078.92
274	0.811912	-8078.66
275	0.811912	-8076.12
276	0.811912	-8070.25
277	0.811912	-8071.84
278	0.811912	-8066.93
279	0.811912	-8071.39
280	0.811912	-8076.53
281	0.811912	-8076.93
282	0.811912	-8076.27
283	0.811912	-8079.68
284	0.811912	-8085.48
285	0.811912	-8084.94
286	0.811912	-8086.46
287	0.811912	-8083.49
288	0.811912	-8080.97
289	0.811912	-8073.54
290	0.811912	-8074.52
291	0.811912	-8081.75
292	0.811912	-8082.4
293	0.811912	-8088.91
294	0.811912	-8080.98
295	0.811912	-8081.79
296	0.811912	-8078.89
297	0.811912	-8070.79
298	0.811912	-8075.44
299	0.811912	-8083.06
300	0.811912	-8077.23
301	0.811912	-8078.48
302	0.811912	-8076.17
303	0.811912	-8080.01
304	0.811912	-8076.52
305	0.811912	-8076.71
306	0.811912	-8073.44
307	0.811912	-8075.5
308	0.811912	-8069.71
309	0.811912	-8072.23
310	0.811912	-8076.16
311	0.811912	-8079.13
312	0.811912	-8073.87
313	0.811912	-8074.38
314	0.811912	-8079.97
315	0.811912	-8084.57
316	0.811912	-8077.67
317	0.811912	-8078.92
318	0.811912	-8078.75
319	0.811912	-8072.9
320	0.811912	-8073.96
321	0.811912	-8079.34
322	0.811912	-8077.4
323	0.811912	-8082.85
324	0.811912	-8072.35
325	0.811912	-8079.77
326	0.811912	-8086.05
327	0.811912	-8080.25
328	0.811912	-8083.03
329	0.811912	-8077.56
330	0.811912	-8076.87
331	0.811912	-8075.04
332	0.811912	-8075.61
333	0.811912	-8077.53
334	0.811912	-8072.34
335	0.811912	-8080.19
336	0.811912	-8072.41
337	0.811912	-8071.1
338	0.811912	-8080.23
339	0.811912	-8077.31
340	0.811912	-8071.5
341	0.811912	-8069.65
342	0.811912	-8077.41
343	0.811912	-8082.24
344	0.811912	-8077.44
345	0.811912	-8074.74
346	0.811912	-8070.86
347	0.811912	-8066.08
348	0.811912	-8067.59
349	0.811912	-8068.08
350	0.811912	-8069.25
351	0.811912	-8078.99
352	0.811912	-8077.76
353	0.811912	-8075.26
354	0.811912	-8069.32
355	0.811912	-8065.05
356	0.811912	-8069.82
357	0.811912	-8070.31
358	0.811912	-8066.97
359	0.811912	-8067.93
360	0.811912	-8069.02
361	0.811912	-8068.16
362	0.811912	-8074.29
363	0.811912	-8070.7
364	0.811912	-8064.4
365	0.811912	-8063.36
366	0.811912	-8062.78
367	0.811912	-8064.04
368	0.811912	-8062.06
369	0.811912	-8062.83
370	0.811912	-8076.24
371	0.811912	-8077.45
372	0.811912	-8073.66
373	0.811912	-8079.32
374	0.811912	-8080.07
375	0.811912	-8064.11
376	0.811912	-8068.46
377	0.811912	-8082.92
378	0.811912	-8075.94
379	0.811912	-8075.67
380	0.811912	-8081.39
381	0.811912	-8077.14
382	0.811912	-8084.95
383	0.811912	-8084.73
384	0.811912	-8093.5
385	0.811912	-8085.7
386	0.811912	-8082.93
387	0.811912	-8082.02
388	0.811912	-8083.68
389	0.811912	-8076.76
390	0.811912	-8068.54
391	0.811912	-8064.97
392	0.811912	-8065.78
393	0.811912	-8066.1
394	0.811912	-8068.5
395	0.811912	-8073.73
396	0.811912	-8069.62
397	0.811912	-8069.79
398	0.811912	-8067.8
399	0.811912	-8073.31
400	0.811912	-8073.77
401	0.811912	-8076.69
402	0.811912	-8075.74
403	0.811912	-8080.37
404	0.811912	-8073.69
405	0.811912	-8078
406	0.811912	-8075.15
407	0.811912	-8077.69
408	0.811912	-8077.86
409	0.811912	-8075.09
410	0.811912	-8072.91
411	0.811912	-8073.57
412	0.811912	-8078.22
413	0.811912	-8074.76
414	0.811912	-8073.93
415	0.811912	-8063.56
416	0.811912	-8065.62
417	0.811912	-8064.66
418	0.811912	-8066.49
419	0.811912	-8068.75
420	0.811912	-8079.23
421	0.811912	-8089.51
422	0.811912	-8076.83
423	0.811912	-8071.27
424	0.811912	-8072.21
425	0.811912	-8073.62
426	0.811912	-8065.51
427	0.811912	-8071.45
428	0.811912	-8071.29
429	0.811912	-8074.75
430	0.811912	-8075.57
431	0.811912	-8082.36
432	0.811912	-8091.51
433	0.811912	-8071.6
434	0.811912	-8071.03
435	0.811912	-8070.52
436	0.811912	-8073.83
437	0.811912	-8078.45
438	0.811912	-8071.04
439	0.811912	-8069.18
440	0.811912	-8070.04
441	0.811912	-8077.58
442	0.811912	-8072.82
443	0.811912	-8071.2
444	0.811912	-8075.61
445	0.811912	-8071.96
446	0.811912	-8068.36
447	0.811912	-8067.24
448	0.811912	-8072.41
449	0.811912	-8068.48
450	0.811912	-8070.66
451	0.811912	-8066.91
452	0.811912	-8069.88
453	0.811912	-8074.52
454	0.811912	-8072.14
455	0.811912	-8072.76
456	0.811912	-8077.41
457	0.811912	-8072.07
458	0.811912	-8070.54
459	0.811912	-8076.15
460	0.811912	-8079.73
461	0.811912	-8082.69
462	0.811912	-8077.45
463	0.811912	-8078.82
464	0.811912	-8070.85
465	0.811912	-8071.97
466	0.811912	-8069.03
467	0.811912	-8068.42
468	0.811912	-8076.01
469	0.811912	-8074.37
470	0.811912	-8069
471	0.811912	-8071.02
472	0.811912	-8070.04
473	0.811912	-8072.37
474	0.811912	-8071
475	0.811912	-8070.64
476	0.811912	-8077.5
477	0.811912	-8070.85
478	0.811912	-8068.39
479	0.811912	-8072.91
480	0.811912	-8067.12
481	0.811912	-8073.36
482	0.811912	-8072.57
483	0.811912	-8078.66
484	0.811912	-8070.65
485	0.811912	-8068.37
486	0.811912	-8070.24
487	0.811912	-8071.34
488	0.811912	-8062.35
489	0.811912	-8066.79
490	0.811912	-8070.53
491	0.811912	-8071.29
492	0.811912	-8068.57
493	0.811912	-8065.14
494	0.811912	-8074.43
495	0.811912	-8089.15
496	0.811912	-8078.5
497	0.811912	-8092.06
498	0.811912	-8090.55
499	0.811912	-8082.71
500	0.811912	-8077.39
501	0.811912	-8082.87
502	0.811912	-8070.17
503	0.811912	-8065.35
504	0.811912	-8075.06
505	0.811912	-8072.35
506	0.811912	-8067.76
507	0.811912	-8067.09
508	0.811912	-8075.82
509	0.811912	-8069.68
510	0.811912	-8075.96
511	0.811912	-8078.58
512	0.811912	-8067.59
513	0.811912	-8070.36
514	0.811912	-8072.68
515	0.811912	-8072.88
516	0.811912	-8070.86
517	0.811912	-8066.84
518	0.811912	-8066.42
519	0.811912	-8065.2
520	0.811912	-8063.53
521	0.811912	-8066.92
522	0.811912	-8070.7
523	0.811912	-8073.4
524	0.811912	-8075.6
525	0.811912	-8071.29
526	0.811912	-8074.06
527	0.811912	-8076.99
528	0.811912	-8071.57
529	0.811912	-8075.8
530	0.811912	-8073.48
531	0.811912	-8078.16
532	0.811912	-8081.69
533	0.811912	-8086.33
534	0.811912	-8077.55
535	0.811912	-8074.64
536	0.811912	-8076.94
537	0.811912	-8083.22
538	0.811912	-8076.38
539	0.811912	-8079.74
540	0.811912	-8075.22
541	0.811912	-8075.5
542	0.811912	-8071.74
543	0.811912	-8075.32
544	0.811912	-8064.43
545	0.811912	-8064.87
546	0.811912	-8067.42
547	0.811912	-8074.19
548	0.811912	-8076.98
549	0.811912	-8077.46
550	0.811912	-8075.63
551	0.811912	-8075.6
552	0.811912	-8071.82
553	0.811912	-8080.38
554	0.811912	-8076.65
555	0.811912	-8070.78
556	0.811912	-8073.99
557	0.811912	-8070.56
558	0.811912	-8066.66
559	0.811912	-8069.02
560	0.811912	-8073.44
561	0.811912	-8082.7
562	0.811912	-8086.89
563	0.811912	-8083.16
564	0.811912	-8075.34
565	0.811912	-8071.92
566	0.811912	-8075.38
567	0.811912	-8081.75
568	0.811912	-8089.15
569	0.811912	-8081.7
570	0.811912	-8087.03
571	0.811912	-8074.16
572	0.811912	-8085.06
573	0.811912	-8081.56
574	0.811912	-8078.95
575	0.811912	-8084.09
576	0.811912	-8083.42
577	0.811912	-8076.07
578	0.811912	-8076.99
579	0.811912	-8075.73
580	0.811912	-8079.2
581	0.811912	-8073.3
582	0.811912	-8060.65
583	0.811912	-8065.01
584	0.811912	-8069.86
585	0.811912	-8069.15
586	0.811912	-8068.7
587	0.811912	-8065.11
588	0.811912	-8070.11
589	0.811912	-8070.01
590	0.811912	-8062.85
591	0.811912	-8070.32
592	0.811912	-8070.21
593	0.811912	-8068.77
594	0.811912	-8081.53
595	0.811912	-8076.94
596	0.811912	-8084.51
597	0.811912	-8067.88
598	0.811912	-8068.68
599	0.811912	-8069.3
600	0.811912	-8064.99
601	0.811912	-8072.74
602	0.811912	-8072.56
603	0.811912	-8078.67
604	0.811912	-8074.31
605	0.811912	-8073.59
606	0.811912	-8072.54
607	0.811912	-8071.16
608	0.811912	-8072.2
609	0.811912	-8066.61
610	0.811912	-8065.64
611	0.811912	-8068.73
612	0.811912	-8069.04
613	0.811912	-8073.02
614	0.811912	-8071.5
615	0.811912	-8067.93
616	0.811912	-8068.68
617	0.811912	-8064.17
618	0.811912	-8074.52
619	0.811912	-8076.43
620	0.811912	-8071.06
621	0.811912	-8078.26
622	0.811912	-8069.1
623	0.811912	-8080.94
624	0.811912	-8075.59
625	0.811912	-8079.41
626	0.811912	-8080.66
627	0.811912	-8076.3
628	0.811912	-8077.22
629	0.811912	-8072.7
630	0.811912	-8076.48
631	0.811912	-8077.83
632	0.811912	-8076.44
633	0.811912	-8077.82
634	0.811912	-8076.61
635	0.811912	-8077.5
636	0.811912	-8071
637	0.811912	-8068.83
638	0.811912	-8071.3
639	0.811912	-8071.31
640	0.811912	-8073.93
641	0.811912	-8075.22
642	0.811912	-8069.48
643	0.811912	-8077.81
644	0.811912	-8074.92
645	0.811912	-8068.87
646	0.811912	-8072.58
647	0.811912	-8065.69
648	0.811912	-8068.16
649	0.811912	-8064.43
650	0.811912	-8065.62
651	0.811912	-8068.13
652	0.811912	-8067.14
653	0.811912	-8061.18
654	0.811912	-8063.21
655	0.811912	-8064.04
656	0.811912	-8067.31
657	0.811912	-8067.78
658	0.811912	-8071.38
659	0.811912	-8072.59
660	0.811912	-8067.6
661	0.811912	-8065.63
662	0.811912	-8066.37
663	0.811912	-8067.54
664	0.811912	-8070.2
665	0.811912	-8071.75
666	0.811912	-8076.24
667	0.811912	-8070.18
668	0.811912	-8070.8
669	0.811912	-8068.9
670	0.811912	-8069.44
671	0.811912	-8076.99
672	0.811912	-8077.48
673	0.811912	-8080.36
674	0.811912	-8075.98
675	0.811912	-8073.76
676	0.811912	-8076.01
677	0.811912	-8071.02
678	0.811912	-8066.53
679	0.811912	-8067.01
680	0.811912	-8063.24
681	0.811912	-8068.58
682	0.811912	-8076.36
683	0.811912	-8070.91
684	0.811912	-8071.31
685	0.811912	-8070.03
686	0.811912	-8072.84
687	0.811912	-8074.36
688	0.811912	-8073.77
689	0.811912	-8078.25
690	0.811912	-8067.63
691	0.811912	-8072.32
692	0.811912	-8074
693	0.811912	-8074.02
694	0.811912	-8090.95
695	0.811912	-8080.77
696	0.811912	-8081.53
697	0.811912	-8080.38
698	0.811912	-8069.55
699	0.811912	-8084.48
700	0.811912	-8079.98
701	0.811912	-8073.54
702	0.811912	-8068.92
703	0.811912	-8069.25
704	0.811912	-8073.56
705	0.811912	-8070.91
706	0.811912	-8072.39
707	0.811912	-8067.55
708	0.811912	-8068.81
709	0.811912	-8072.81
710	0.811912	-8073.84
711	0.811912	-8072.55
712	0.811912	-8074.61
713	0.811912	-8070.45
714	0.811912	-8068.04
715	0.811912	-8063.32
716	0.811912	-8061.85
717	0.811912	-8064.74
718	0.811912	-8070.23
719	0.811912	-8068.11
720	0.811912	-8075.61
721	0.811912	-8073.84
722	0.811912	-8074.67
723	0.811912	-8073.76
724	0.811912	-8070.37
725	0.811912	-8080.09
726	0.811912	-8083.91
727	0.811912	-8091.78
728	0.811912	-8083.95
729	0.811912	-8073.61
730	0.811912	-8069.48
731	0.811912	-8070.72
732	0.811912	-8069.85
733	0.811912	-8070.61
734	0.811912	-8067.13
735	0.811912	-8073.32
736	0.811912	-8074.89
737	0.811912	-8073.2
738	0.811912	-8070.45
739	0.811912	-8076.47
740	0.811912	-8076
741	0.811912	-8085.88
742	0.811912	-8084.73
743	0.811912	-8078.76
744	0.811912	-8078.86
745	0.811912	-8077.71
746	0.811912	-8079.44
747	0.811912	-8078.68
748	0.811912	-8074.31
749	0.811912	-8067.55
750	0.811912	-8066.64
751	0.811912	-8064.15
752	0.811912	-8074
753	0.811912	-8081.98
754	0.811912	-8073.3
755	0.811912	-8079.63
756	0.811912	-8072.27
757	0.811912	-8067.9
758	0.811912	-8070.07
759	0.811912	-8076.17
760	0.811912	-8072.65
761	0.811912	-8078.35
762	0.811912	-8076.49
763	0.811912	-8077.09
764	0.811912	-8075.03
765	0.811912	-8070.86
766	0.811912	-8078.62
767	0.811912	-8066.28
768	0.811912	-8066.57
769	0.811912	-8072.72
770	0.811912	-8074.08
771	0.811912	-8073.79
772	0.811912	-8077.72
773	0.811912	-8070.94
774	0.811912	-8073.05
775	0.811912	-8073.84
776	0.811912	-8069.56
777	0.811912	-8068.04
778	0.811912	-8080.06
779	0.811912	-8072.01
780	0.811912	-8074.37
781	0.811912	-8078.95
782	0.811912	-8072.9
783	0.811912	-8079.73
784	0.811912	-8078.82
785	0.811912	-8072.15
786	0.811912	-8074.1
787	0.811912	-8079.25
788	0.811912	-8080.9
789	0.811912	-8079.36
790	0.811912	-8086.64
791	0.811912	-8075.33
792	0.811912	-8073.31
793	0.811912	-8070.79
794	0.811912	-8069.07
795	0.811912	-8067.93
796	0.811912	-8071.12
797	0.811912	-8072.58
798	0.811912	-8068.16
799	0.811912	-8065.28
800	0.811912	-8068.32
801	0.811912	-8072.71
802	0.811912	-8076.62
803	0.811912	-8082.74
804	0.811912	-8076.43
805	0.811912	-8080.88
806	0.811912	-8071.96
807	0.811912	-8072.16
808	0.811912	-8071.8
809	0.811912	-8082.4
810	0.811912	-8087.68
811	0.811912	-8085.07
812	0.811912	-8084.64
813	0.811912	-8078.9
814	0.811912	-8079.84
815	0.811912	-8083.84
816	0.811912	-8077.87
817	0.811912	-8079.84
818	0.811912	-8073.95
819	0.811912	-8083.26
820	0.811912	-8076.31
821	0.811912	-8084.08
822	0.811912	-8078.88
823	0.811912	-8079.82
824	0.811912	-8075.43
825	0.811912	-8082.79
826	0.811912	-8076.87
827	0.811912	-8082.14
828	0.811912	-8082.13
829	0.811912	-8083.72
830	0.811912	-8081.83
831	0.811912	-8073.52
832	0.811912	-8073.05
833	0.811912	-8074.31
834	0.811912	-8069.45
835	0.811912	-8081.25
836	0.811912	-8081.05
837	0.811912	-8079.99
838	0.811912	-8081.11
839	0.811912	-8072.26
840	0.811912	-8072.57
841	0.811912	-8066.99
842	0.811912	-8072.45
843	0.811912	-8069.97
844	0.811912	-8065.25
845	0.811912	-8066.82
846	0.811912	-8073.79
847	0.811912	-8070.68
848	0.811912	-8066.43
849	0.811912	-8063.43
850	0.811912	-8067.2
851	0.811912	-8081.29
852	0.811912	-8074.67
853	0.811912	-8069.98
854	0.811912	-8070.77
855	0.811912	-8070.23
856	0.811912	-8072.62
857	0.811912	-8068.2
858	0.811912	-8068.57
859	0.811912	-8068.24
860	0.811912	-8071.1
861	0.811912	-8068.36
862	0.811912	-8066.19
863	0.811912	-8063.33
864	0.811912	-8080.23
865	0.811912	-8072.76
866	0.811912	-8073.38
867	0.811912	-8071.22
868	0.811912	-8072.89
869	0.811912	-8065.21
870	0.811912	-8065.07
871	0.811912	-8071.14
872	0.811912	-8077.78
873	0.811912	-8072.83
874	0.811912	-8074.21
875	0.811912	-8070.7
876	0.811912	-8074.21
877	0.811912	-8073.11
878	0.811912	-8067.62
879	0.811912	-8072.39
880	0.811912	-8079.66
881	0.811912	-8074.14
882	0.811912	-8068.06
883	0.811912	-8068.82
884	0.811912	-8072.32
885	0.811912	-8072.48
886	0.811912	-8077.53
887	0.811912	-8072.12
888	0.811912	-8068.33
889	0.811912	-8068.79
890	0.811912	-8072.77
891	0.811912	-8068.46
892	0.811912	-8073.45
893	0.811912	-8073.6
894	0.811912	-8071.41
895	0.811912	-8077.66
896	0.811912	-8073.05
897	0.811912	-8072.91
898	0.811912	-8076.45
899	0.811912	-8074.21
900	0.811912	-8080.54
901	0.811912	-8081.75
902	0.811912	-8084.74
903	0.811912	-8078.68
904	0.811912	-8075.61
905	0.811912	-8073.49
906	0.811912	-8066.01
907	0.811912	-8066.05
908	0.811912	-8065.42
909	0.811912	-8071.81
910	0.811912	-8070.87
911	0.811912	-8072.14
912	0.811912	-8067.71
913	0.811912	-8073.26
914	0.811912	-8072.54
915	0.811912	-8069.04
916	0.811912	-8068.22
917	0.811912	-8068.35
918	0.811912	-8073.96
919	0.811912	-8071.59
920	0.811912	-8067.45
921	0.811912	-8075.35
922	0.811912	-8078.08
923	0.811912	-8074.09
924	0.811912	-8077.25
925	0.811912	-8079.5
926	0.811912	-8073.1
927	0.811912	-8068.39
928	0.811912	-8066.19
929	0.811912	-8068.06
930	0.811912	-8077.32
931	0.811912	-8072.51
932	0.811912	-8082.92
933	0.811912	-8084.08
934	0.811912	-8083.88
935	0.811912	-8085.19
936	0.811912	-8081.39
937	0.811912	-8081.26
938	0.811912	-8079.22
939	0.811912	-8074.9
940	0.811912	-8079.43
941	0.811912	-8077.21
942	0.811912	-8076.21
943	0.811912	-8074.35
944	0.811912	-8073.83
945	0.811912	-8073.65
946	0.811912	-8073.53
947	0.811912	-8076.24
948	0.811912	-8081.95
949	0.811912	-8075.06
950	0.811912	-8076.64
951	0.811912	-8080.61
952	0.811912	-8075.77
953	0.811912	-8071.96
954	0.811912	-8071.39
955	0.811912	-8073.41
956	0.811912	-8071.55
957	0.811912	-8078.69
958	0.811912	-8072.06
959	0.811912	-8071.75
960	0.811912	-8071.89
961	0.811912	-8066.78
962	0.811912	-8067.02
963	0.811912	-8072.51
964	0.811912	-8064.19
965	0.811912	-8065.55
966	0.811912	-8079.99
967	0.811912	-8099.48
968	0.811912	-8098.97
969	0.811912	-8087.24
970	0.811912	-8075.11
971	0.811912	-8082.85
972	0.811912	-8074.52
973	0.811912	-8073.19
974	0.811912	-8074.89
975	0.811912	-8075.91
976	0.811912	-8079.42
977	0.811912	-8083.91
978	0.811912	-8076.09
979	0.811912	-8085.76
980	0.811912	-8081.63
981	0.811912	-8072.71
982	0.811912	-8072.21
983	0.811912	-8066.2
984	0.811912	-8065.54
985	0.811912	-8066.02
986	0.811912	-8073.39
987	0.811912	-8079.26
988	0.811912	-8071.02
989	0.811912	-8073.44
990	0.811912	-8081.29
991	0.811912	-8081.89
992	0.811912	-8081.71
993	0.811912	-8081.86
994	0.811912	-8074.23
995	0.811912	-8081.22
996	0.811912	-8078.82
997	0.811912	-8073.46
998	0.811912	-8076.68
999	0.811912	-8067.46
1000	0.811912	-8068.78
251	0.729136	-8068.71
252	0.729136	-8080.27
253	0.729136	-8077.24
254	0.729136	-8073.35
255	0.729136	-8071.43
256	0.729136	-8067.47
257	0.729136	-8072.13
258	0.729136	-8082.28
259	0.729136	-8078.35
260	0.729136	-8077.55
261	0.729136	-8087.47
262	0.729136	-8077.63
263	0.729136	-8075.74
264	0.729136	-8077.41
265	0.729136	-8079.66
266	0.729136	-8073.88
267	0.729136	-8074.36
268	0.729136	-8081.48
269	0.729136	-8071.72
270	0.729136	-8070.74
271	0.729136	-8070.97
272	0.729136	-8073.62
273	0.729136	-8071.21
274	0.729136	-8076.19
275	0.729136	-8080.92
276	0.729136	-8070.68
277	0.729136	-8065.94
278	0.729136	-8070.72
279	0.729136	-8067.63
280	0.729136	-8068.54
281	0.729136	-8075.24
282	0.729136	-8071.46
283	0.729136	-8070.79
284	0.729136	-8068.03
285	0.729136	-8067.88
286	0.729136	-8078.62
287	0.729136	-8080.02
288	0.729136	-8071.68
289	0.729136	-8067.39
290	0.729136	-8073.24
291	0.729136	-8072
292	0.729136	-8072.49
293	0.729136	-8071.34
294	0.729136	-8073.87
295	0.729136	-8073.73
296	0.729136	-8072.8
297	0.729136	-8077.03
298	0.729136	-8080.59
299	0.729136	-8080.86
300	0.729136	-8081.61
301	0.729136	-8074.4
302	0.729136	-8077.6
303	0.729136	-8078.67
304	0.729136	-8083.31
305	0.729136	-8086.7
306	0.729136	-8089.12
307	0.729136	-8079.79
308	0.729136	-8091.79
309	0.729136	-8089.01
310	0.729136	-8081.91
311	0.729136	-8086
312	0.729136	-8073.28
313	0.729136	-8077.95
314	0.729136	-8087.16
315	0.729136	-8086.35
316	0.729136	-8077.71
317	0.729136	-8076.5
318	0.729136	-8076.07
319	0.729136	-8071.29
320	0.729136	-8070.96
321	0.729136	-8073.55
322	0.729136	-8086.15
323	0.729136	-8080.69
324	0.729136	-8084.95
325	0.729136	-8080.82
326	0.729136	-8085.6
327	0.729136	-8087.05
328	0.729136	-8093.08
329	0.729136	-8088.52
330	0.729136	-8085.08
331	0.729136	-8077.76
332	0.729136	-8081.78
333	0.729136	-8081.17
334	0.729136	-8077.66
335	0.729136	-8080.64
336	0.729136	-8072.16
337	0.729136	-8081.07
338	0.729136	-8066.49
339	0.729136	-8069.6
340	0.729136	-8071.55
341	0.729136	-8064.87
342	0.729136	-8063.82
343	0.729136	-8068.13
344	0.729136	-8071.28
345	0.729136	-8075.3
346	0.729136	-8068.43
347	0.729136	-8074.11
348	0.729136	-8073.23
349	0.729136	-8075.99
350	0.729136	-8069.94
351	0.729136	-8072.13
352	0.729136	-8071.79
353	0.729136	-8074.7
354	0.729136	-8078.56
355	0.729136	-8075.55
356	0.729136	-8075.24
357	0.729136	-8074.03
358	0.729136	-8076.23
359	0.729136	-8091.26
360	0.729136	-8086.3
361	0.729136	-8080.95
362	0.729136	-8087.12
363	0.729136	-8083.07
364	0.729136	-8074.05
365	0.729136	-8070.67
366	0.729136	-8068.68
367	0.729136	-8071.03
368	0.729136	-8078.23
369	0.729136	-8072.94
370	0.729136	-8080.07
371	0.729136	-8074.75
372	0.729136	-8081.87
373	0.729136	-8081.66
374	0.729136	-8085.04
375	0.729136	-8080.58
376	0.729136	-8084.58
377	0.729136	-8077.69
378	0.729136	-8072.23
379	0.729136	-8078.24
380	0.729136	-8082.4
381	0.729136	-8087.15
382	0.729136	-8086.09
383	0.729136	-8087.95
384	0.729136	-8083.88
385	0.729136	-8083.93
386	0.729136	-8085.81
387	0.729136	-8072.98
388	0.729136	-8078.4
389	0.729136	-8069.76
390	0.729136	-8081.31
391	0.729136	-8087.37
392	0.729136	-8078.73
393	0.729136	-8076.67
394	0.729136	-8065.36
395	0.729136	-8061.66
396	0.729136	-8067.67
397	0.729136	-8075.84
398	0.729136	-8079.32
399	0.729136	-8089.01
400	0.729136	-8085.42
401	0.729136	-8077.29
402	0.729136	-8075.39
403	0.729136	-8080.23
404	0.729136	-8079.58
405	0.729136	-8079.02
406	0.729136	-8070.66
407	0.729136	-8071.64
408	0.729136	-8070.37
409	0.729136	-8072.25
410	0.729136	-8071.35
411	0.729136	-8070.57
412	0.729136	-8070.24
413	0.729136	-8074.8
414	0.729136	-8075.19
415	0.729136	-8082.21
416	0.729136	-8070.98
417	0.729136	-8075.25
418	0.729136	-8073.7
419	0.729136	-8074.75
420	0.729136	-8069.07
421	0.729136	-8064.77
422	0.729136	-8074.79
423	0.729136	-8078.16
424	0.729136	-8066.05
425	0.729136	-8073.41
426	0.729136	-8074.41
427	0.729136	-8071.43
428	0.729136	-8073.18
429	0.729136	-8075.24
430	0.729136	-8078.03
431	0.729136	-8076.04
432	0.729136	-8067.8
433	0.729136	-8071.45
434	0.729136	-8073.39
435	0.729136	-8076.41
436	0.729136	-8075.47
437	0.729136	-8076.79
438	0.729136	-8075.11
439	0.729136	-8083.77
440	0.729136	-8081.72
441	0.729136	-8079.29
442	0.729136	-8076.69
443	0.729136	-8080.09
444	0.729136	-8087.54
445	0.729136	-8078.21
446	0.729136	-8074.76
447	0.729136	-8081.1
448	0.729136	-8083.72
449	0.729136	-8081.15
450	0.729136	-8076.27
451	0.729136	-8070.92
452	0.729136	-8070.92
453	0.729136	-8078.17
454	0.729136	-8076.52
455	0.729136	-8068.6
456	0.729136	-8070.23
457	0.729136	-8065.94
458	0.729136	-8072.43
459	0.729136	-8075.26
460	0.729136	-8076.28
461	0.729136	-8072.49
462	0.729136	-8070.62
463	0.729136	-8075.37
464	0.729136	-8073.21
465	0.729136	-8078.21
466	0.729136	-8076.41
467	0.729136	-8076.32
468	0.729136	-8072.53
469	0.729136	-8070.2
470	0.729136	-8070.02
471	0.729136	-8066.36
472	0.729136	-8066.4
473	0.729136	-8069.07
474	0.729136	-8068.57
475	0.729136	-8071.62
476	0.729136	-8070.44
477	0.729136	-8072.66
478	0.729136	-8068.99
479	0.729136	-8082.41
480	0.729136	-8071.61
481	0.729136	-8073.61
482	0.729136	-8076.28
483	0.729136	-8075.07
484	0.729136	-8081.45
485	0.729136	-8073.38
486	0.729136	-8080.88
487	0.729136	-8071.58
488	0.729136	-8079.07
489	0.729136	-8084.15
490	0.729136	-8085.6
491	0.729136	-8081.32
492	0.729136	-8083.87
493	0.729136	-8080.42
494	0.729136	-8083.04
495	0.729136	-8076.08
496	0.729136	-8074.57
497	0.729136	-8073.01
498	0.729136	-8069.33
499	0.729136	-8071
500	0.729136	-8072.56
501	0.729136	-8075.05
502	0.729136	-8073.74
503	0.729136	-8070.36
504	0.729136	-8076.82
505	0.729136	-8073.6
506	0.729136	-8066.51
507	0.729136	-8062.49
508	0.729136	-8063.74
509	0.729136	-8071.92
510	0.729136	-8072.77
511	0.729136	-8075.01
512	0.729136	-8080.95
513	0.729136	-8078.6
514	0.729136	-8084.01
515	0.729136	-8083.12
516	0.729136	-8083.29
517	0.729136	-8076.75
518	0.729136	-8074.74
519	0.729136	-8067.67
520	0.729136	-8074.61
521	0.729136	-8071.09
522	0.729136	-8076.66
523	0.729136	-8066.33
524	0.729136	-8063.62
525	0.729136	-8066.94
526	0.729136	-8071.31
527	0.729136	-8077.94
528	0.729136	-8082.57
529	0.729136	-8079.77
530	0.729136	-8073.65
531	0.729136	-8074.78
532	0.729136	-8072.84
533	0.729136	-8070.89
534	0.729136	-8071.56
535	0.729136	-8073.12
536	0.729136	-8077.28
537	0.729136	-8081.6
538	0.729136	-8084.31
539	0.729136	-8071.9
540	0.729136	-8067.94
541	0.729136	-8076.39
542	0.729136	-8079.61
543	0.729136	-8077.41
544	0.729136	-8072.36
545	0.729136	-8075.09
546	0.729136	-8082.34
547	0.729136	-8086.4
548	0.729136	-8092.84
549	0.729136	-8085.36
550	0.729136	-8086.67
551	0.729136	-8072.43
552	0.729136	-8071.32
553	0.729136	-8069.13
554	0.729136	-8067.58
555	0.729136	-8067.36
556	0.729136	-8062.57
557	0.729136	-8066.31
558	0.729136	-8071.63
559	0.729136	-8078.51
560	0.729136	-8076.96
561	0.729136	-8077.01
562	0.729136	-8069.76
563	0.729136	-8071.75
564	0.729136	-8073.18
565	0.729136	-8069.58
566	0.729136	-8076.52
567	0.729136	-8071.79
568	0.729136	-8069.12
569	0.729136	-8067.2
570	0.729136	-8070.65
571	0.729136	-8069.83
572	0.729136	-8077.37
573	0.729136	-8076.84
574	0.729136	-8074.52
575	0.729136	-8077.5
576	0.729136	-8074.64
577	0.729136	-8075.4
578	0.729136	-8073.72
579	0.729136	-8078.91
580	0.729136	-8078.33
581	0.729136	-8076.57
582	0.729136	-8072.22
583	0.729136	-8075.76
584	0.729136	-8072.21
585	0.729136	-8081.12
586	0.729136	-8077.23
587	0.729136	-8072.87
588	0.729136	-8075.74
589	0.729136	-8075.69
590	0.729136	-8075.18
591	0.729136	-8076.11
592	0.729136	-8069.4
593	0.729136	-8078.14
594	0.729136	-8075.17
595	0.729136	-8079.77
596	0.729136	-8073.64
597	0.729136	-8078.34
598	0.729136	-8073.62
599	0.729136	-8076.78
600	0.729136	-8074.2
601	0.729136	-8074.7
602	0.729136	-8077.01
603	0.729136	-8073.55
604	0.729136	-8082.32
605	0.729136	-8077.49
606	0.729136	-8068.16
607	0.729136	-8076.91
608	0.729136	-8074.77
609	0.729136	-8071.17
610	0.729136	-8063.61
611	0.729136	-8065.56
612	0.729136	-8070.6
613	0.729136	-8081.36
614	0.729136	-8077.29
615	0.729136	-8078.57
616	0.729136	-8075.37
617	0.729136	-8073.59
618	0.729136	-8072.97
619	0.729136	-8078.19
620	0.729136	-8087.49
621	0.729136	-8082.53
622	0.729136	-8076.72
623	0.729136	-8075.41
624	0.729136	-8081.14
625	0.729136	-8077.04
626	0.729136	-8081.6
627	0.729136	-8078.15
628	0.729136	-8077.97
629	0.729136	-8070.7
630	0.729136	-8071.02
631	0.729136	-8080.65
632	0.729136	-8079.57
633	0.729136	-8079.46
634	0.729136	-8077.51
635	0.729136	-8074.33
636	0.729136	-8073.01
637	0.729136	-8075.32
638	0.729136	-8071.73
639	0.729136	-8078.44
640	0.729136	-8084.03
641	0.729136	-8078
642	0.729136	-8080.65
643	0.729136	-8079.56
644	0.729136	-8091.75
645	0.729136	-8093.02
646	0.729136	-8079.48
647	0.729136	-8075.47
648	0.729136	-8075.05
649	0.729136	-8074.65
650	0.729136	-8076.63
651	0.729136	-8076.11
652	0.729136	-8081.91
653	0.729136	-8075.65
654	0.729136	-8076.52
655	0.729136	-8077.65
656	0.729136	-8073.23
657	0.729136	-8072.33
658	0.729136	-8071.46
659	0.729136	-8079.46
660	0.729136	-8078.44
661	0.729136	-8077.84
662	0.729136	-8072.57
663	0.729136	-8074.94
664	0.729136	-8075.32
665	0.729136	-8070.94
666	0.729136	-8075.6
667	0.729136	-8077.85
668	0.729136	-8074.44
669	0.729136	-8071.1
670	0.729136	-8064.97
671	0.729136	-8065.97
672	0.729136	-8062.88
673	0.729136	-8068.46
674	0.729136	-8084.01
675	0.729136	-8073.3
676	0.729136	-8080.39
677	0.729136	-8080.67
678	0.729136	-8087.83
679	0.729136	-8081.55
680	0.729136	-8084.81
681	0.729136	-8083.52
682	0.729136	-8080.92
683	0.729136	-8078.93
684	0.729136	-8076.28
685	0.729136	-8093.51
686	0.729136	-8090.21
687	0.729136	-8076.21
688	0.729136	-8070.24
689	0.729136	-8075.95
690	0.729136	-8078.08
691	0.729136	-8076.57
692	0.729136	-8082.04
693	0.729136	-8079.71
694	0.729136	-8079.59
695	0.729136	-8071.91
696	0.729136	-8080.18
697	0.729136	-8079.44
698	0.729136	-8087.21
699	0.729136	-8087.54
700	0.729136	-8075.47
701	0.729136	-8080.51
702	0.729136	-8086.13
703	0.729136	-8074.66
704	0.729136	-8082.06
705	0.729136	-8081.11
706	0.729136	-8075.78
707	0.729136	-8073.06
708	0.729136	-8067.63
709	0.729136	-8070.24
710	0.729136	-8068.76
711	0.729136	-8067.83
712	0.729136	-8074.69
713	0.729136	-8067.87
714	0.729136	-8073.48
715	0.729136	-8074.69
716	0.729136	-8066.28
717	0.729136	-8064.45
718	0.729136	-8064.26
719	0.729136	-8074.58
720	0.729136	-8067.06
721	0.729136	-8078.03
722	0.729136	-8074.98
723	0.729136	-8067.48
724	0.729136	-8065.29
725	0.729136	-8062.44
726	0.729136	-8065.15
727	0.729136	-8074.23
728	0.729136	-8074.64
729	0.729136	-8075.88
730	0.729136	-8069.11
731	0.729136	-8074.74
732	0.729136	-8088.99
733	0.729136	-8098.74
734	0.729136	-8084
735	0.729136	-8084.32
736	0.729136	-8079.67
737	0.729136	-8075.3
738	0.729136	-8080.18
739	0.729136	-8074.9
740	0.729136	-8076
741	0.729136	-8078.59
742	0.729136	-8079.9
743	0.729136	-8079.76
744	0.729136	-8081.15
745	0.729136	-8085.41
746	0.729136	-8074.84
747	0.729136	-8077.77
748	0.729136	-8075.14
749	0.729136	-8073.94
750	0.729136	-8074.89
751	0.729136	-8076.27
752	0.729136	-8076.51
753	0.729136	-8079.73
754	0.729136	-8079.25
755	0.729136	-8082.82
756	0.729136	-8084.41
757	0.729136	-8084.63
758	0.729136	-8087.23
759	0.729136	-8089.71
760	0.729136	-8088.89
761	0.729136	-8083.51
762	0.729136	-8078.4
763	0.729136	-8075.12
764	0.729136	-8074
765	0.729136	-8074.06
766	0.729136	-8084.29
767	0.729136	-8085.37
768	0.729136	-8077.55
769	0.729136	-8072.7
770	0.729136	-8068.63
771	0.729136	-8074.68
772	0.729136	-8073
773	0.729136	-8077.5
774	0.729136	-8071.02
775	0.729136	-8073.6
776	0.729136	-8067.63
777	0.729136	-8077.01
778	0.729136	-8074.04
779	0.729136	-8081.31
780	0.729136	-8074.03
781	0.729136	-8069.51
782	0.729136	-8070.21
783	0.729136	-8068.71
784	0.729136	-8070.72
785	0.729136	-8075.53
786	0.729136	-8079.38
787	0.729136	-8077.41
788	0.729136	-8081.23
789	0.729136	-8081.07
790	0.729136	-8090.92
791	0.729136	-8083.98
792	0.729136	-8075.75
793	0.729136	-8068.11
794	0.729136	-8083.34
795	0.729136	-8073.73
796	0.729136	-8073.47
797	0.729136	-8072.86
798	0.729136	-8074.65
799	0.729136	-8064.96
800	0.729136	-8066.97
801	0.729136	-8066.8
802	0.729136	-8064.68
803	0.729136	-8069.63
804	0.729136	-8070.81
805	0.729136	-8084.9
806	0.729136	-8084.17
807	0.729136	-8071.68
808	0.729136	-8073.45
809	0.729136	-8068.87
810	0.729136	-8064.39
811	0.729136	-8072.2
812	0.729136	-8075.19
813	0.729136	-8069.88
814	0.729136	-8071.47
815	0.729136	-8070.02
816	0.729136	-8072.63
817	0.729136	-8069.81
818	0.729136	-8074.77
819	0.729136	-8071.61
820	0.729136	-8075.11
821	0.729136	-8078.73
822	0.729136	-8076.8
823	0.729136	-8080.93
824	0.729136	-8079.21
825	0.729136	-8083.18
826	0.729136	-8089.57
827	0.729136	-8079.51
828	0.729136	-8075.92
829	0.729136	-8084.01
830	0.729136	-8078.57
831	0.729136	-8069.07
832	0.729136	-8068.79
833	0.729136	-8074.92
834	0.729136	-8073.75
835	0.729136	-8067.99
836	0.729136	-8075.49
837	0.729136	-8071.16
838	0.729136	-8068.38
839	0.729136	-8074.95
840	0.729136	-8073.37
841	0.729136	-8078.07
842	0.729136	-8079.17
843	0.729136	-8078.13
844	0.729136	-8082.15
845	0.729136	-8086.5
846	0.729136	-8077.2
847	0.729136	-8076.44
848	0.729136	-8084.71
849	0.729136	-8089.5
850	0.729136	-8083.94
851	0.729136	-8080.72
852	0.729136	-8080.84
853	0.729136	-8083.77
854	0.729136	-8078.03
855	0.729136	-8079.36
856	0.729136	-8077.25
857	0.729136	-8081.01
858	0.729136	-8085.39
859	0.729136	-8079.8
860	0.729136	-8068.44
861	0.729136	-8074.51
862	0.729136	-8069.74
863	0.729136	-8065.18
864	0.729136	-8069.09
865	0.729136	-8070.65
866	0.729136	-8068.04
867	0.729136	-8067.93
868	0.729136	-8074.86
869	0.729136	-8076.6
870	0.729136	-8076.63
871	0.729136	-8079.3
872	0.729136	-8084.88
873	0.729136	-8084.4
874	0.729136	-8074.95
875	0.729136	-8072.04
876	0.729136	-8072.57
877	0.729136	-8074.32
878	0.729136	-8083.83
879	0.729136	-8079.47
880	0.729136	-8078.84
881	0.729136	-8081.1
882	0.729136	-8083.25
883	0.729136	-8089.18
884	0.729136	-8081.02
885	0.729136	-8076.58
886	0.729136	-8084.18
887	0.729136	-8075.01
888	0.729136	-8076.09
889	0.729136	-8081.24
890	0.729136	-8082.78
891	0.729136	-8075.12
892	0.729136	-8081.93
893	0.729136	-8065.16
894	0.729136	-8069.08
895	0.729136	-8069.79
896	0.729136	-8069.07
897	0.729136	-8074.83
898	0.729136	-8076.02
899	0.729136	-8074.49
900	0.729136	-8074.44
901	0.729136	-8071.3
902	0.729136	-8080.1
903	0.729136	-8079.58
904	0.729136	-8080.69
905	0.729136	-8076.32
906	0.729136	-8090.95
907	0.729136	-8076.24
908	0.729136	-8079.53
909	0.729136	-8080.87
910	0.729136	-8081.58
911	0.729136	-8080.11
912	0.729136	-8084.77
913	0.729136	-8082.16
914	0.729136	-8072.34
915	0.729136	-8072.37
916	0.729136	-8069.4
917	0.729136	-8084.74
918	0.729136	-8077.82
919	0.729136	-8070.75
920	0.729136	-8073.03
921	0.729136	-8074.01
922	0.729136	-8076.6
923	0.729136	-8080.69
924	0.729136	-8075.26
925	0.729136	-8080.02
926	0.729136	-8079.02
927	0.729136	-8069.83
928	0.729136	-8064.74
929	0.729136	-8074.87
930	0.729136	-8085.04
931	0.729136	-8085.72
932	0.729136	-8078.81
933	0.729136	-8075.15
934	0.729136	-8071.2
935	0.729136	-8073.12
936	0.729136	-8077.95
937	0.729136	-8082.37
938	0.729136	-8078.26
939	0.729136	-8079.33
940	0.729136	-8080.22
941	0.729136	-8075.62
942	0.729136	-8075.85
943	0.729136	-8082.31
944	0.729136	-8076.23
945	0.729136	-8080.11
946	0.729136	-8084.6
947	0.729136	-8084.3
948	0.729136	-8092.52
949	0.729136	-8077.65
950	0.729136	-8069.65
951	0.729136	-8070.87
952	0.729136	-8068.34
953	0.729136	-8064.77
954	0.729136	-8068.54
955	0.729136	-8071.56
956	0.729136	-8070.57
957	0.729136	-8068.05
958	0.729136	-8069.55
959	0.729136	-8071
960	0.729136	-8079.86
961	0.729136	-8081.11
962	0.729136	-8081.17
963	0.729136	-8082.33
964	0.729136	-8079.73
965	0.729136	-8072.85
966	0.729136	-8074.71
967	0.729136	-8078.46
968	0.729136	-8073.81
969	0.729136	-8074.33
970	0.729136	-8074.96
971	0.729136	-8095.39
972	0.729136	-8088.08
973	0.729136	-8078.1
974	0.729136	-8073.12
975	0.729136	-8071.31
976	0.729136	-8085.31
977	0.729136	-8083
978	0.729136	-8082.25
979	0.729136	-8072.5
980	0.729136	-8072.04
981	0.729136	-8075.47
982	0.729136	-8078.64
983	0.729136	-8088.6
984	0.729136	-8088.8
985	0.729136	-8083.15
986	0.729136	-8080.45
987	0.729136	-8081.28
988	0.729136	-8087.71
989	0.729136	-8083.22
990	0.729136	-8077.19
991	0.729136	-8084.06
992	0.729136	-8089.87
993	0.729136	-8097.38
994	0.729136	-8087.62
995	0.729136	-8080.46
996	0.729136	-8084.35
997	0.729136	-8079.45
998	0.729136	-8081.66
999	0.729136	-8076.96
1000	0.729136	-8075.6
251	0.653254	-8071.51
252	0.653254	-8072.38
253	0.653254	-8081.05
254	0.653254	-8082.93
255	0.653254	-8074.87
256	0.653254	-8085.97
257	0.653254	-8079.05
258	0.653254	-8077.75
259	0.653254	-8074.78
260	0.653254	-8068.32
261	0.653254	-8070.93
262	0.653254	-8071.13
263	0.653254	-8085.82
264	0.653254	-8069.7
265	0.653254	-8068.18
266	0.653254	-8071.56
267	0.653254	-8069.02
268	0.653254	-8068.34
269	0.653254	-8068.75
270	0.653254	-8069.46
271	0.653254	-8068.44
272	0.653254	-8072.79
273	0.653254	-8077.4
274	0.653254	-8076.24
275	0.653254	-8078.35
276	0.653254	-8069.56
277	0.653254	-8072.14
278	0.653254	-8080.13
279	0.653254	-8086.87
280	0.653254	-8085.64
281	0.653254	-8083.25
282	0.653254	-8078.28
283	0.653254	-8083.7
284	0.653254	-8084.92
285	0.653254	-8079.6
286	0.653254	-8075.38
287	0.653254	-8078.21
288	0.653254	-8076.36
289	0.653254	-8077.82
290	0.653254	-8075.91
291	0.653254	-8085.06
292	0.653254	-8087.65
293	0.653254	-8088.36
294	0.653254	-8091.77
295	0.653254	-8101.38
296	0.653254	-8100.26
297	0.653254	-8098.11
298	0.653254	-8095.38
299	0.653254	-8088.24
300	0.653254	-8082.79
301	0.653254	-8078.77
302	0.653254	-8074.59
303	0.653254	-8075.39
304	0.653254	-8076.68
305	0.653254	-8076.2
306	0.653254	-8074.6
307	0.653254	-8065.54
308	0.653254	-8077.79
309	0.653254	-8082.19
310	0.653254	-8073.26
311	0.653254	-8072.63
312	0.653254	-8076.27
313	0.653254	-8071.34
314	0.653254	-8075.1
315	0.653254	-8073.88
316	0.653254	-8088.14
317	0.653254	-8087
318	0.653254	-8077.78
319	0.653254	-8087.63
320	0.653254	-8070.06
321	0.653254	-8075.57
322	0.653254	-8072.46
323	0.653254	-8073.84
324	0.653254	-8073.2
325	0.653254	-8072.84
326	0.653254	-8071.35
327	0.653254	-8075.52
328	0.653254	-8080.96
329	0.653254	-8075.84
330	0.653254	-8083.85
331	0.653254	-8076.35
332	0.653254	-8079.96
333	0.653254	-8080.54
334	0.653254	-8071.75
335	0.653254	-8077.4
336	0.653254	-8078.59
337	0.653254	-8083.26
338	0.653254	-8082.1
339	0.653254	-8086.58
340	0.653254	-8093.5
341	0.653254	-8084.5
342	0.653254	-8075.9
343	0.653254	-8088.44
344	0.653254	-8098.64
345	0.653254	-8083.47
346	0.653254	-8082.51
347	0.653254	-8079.01
348	0.653254	-8074.73
349	0.653254	-8068.53
350	0.653254	-8072.17
351	0.653254	-8077.53
352	0.653254	-8071.66
353	0.653254	-8073.02
354	0.653254	-8079.44
355	0.653254	-8075.12
356	0.653254	-8073.28
357	0.653254	-8085.95
358	0.653254	-8085.65
359	0.653254	-8069.43
360	0.653254	-8069.28
361	0.653254	-8065.21
362	0.653254	-8072.79
363	0.653254	-8073.75
364	0.653254	-8079.8
365	0.653254	-8085.02
366	0.653254	-8085.6
367	0.653254	-8083.61
368	0.653254	-8088.73
369	0.653254	-8078.31
370	0.653254	-8072.71
371	0.653254	-8074.91
372	0.653254	-8080.49
373	0.653254	-8076.13
374	0.653254	-8076.59
375	0.653254	-8082.97
376	0.653254	-8090.86
377	0.653254	-8080.22
378	0.653254	-8073.29
379	0.653254	-8080.1
380	0.653254	-8073.5
381	0.653254	-8069.95
382	0.653254	-8068.26
383	0.653254	-8074.08
384	0.653254	-8086.61
385	0.653254	-8089.62
386	0.653254	-8074.8
387	0.653254	-8080.76
388	0.653254	-8070.99
389	0.653254	-8078.77
390	0.653254	-8081.43
391	0.653254	-8078.59
392	0.653254	-8090.45
393	0.653254	-8095.84
394	0.653254	-8088.47
395	0.653254	-8095.75
396	0.653254	-8093.95
397	0.653254	-8093.64
398	0.653254	-8089.02
399	0.653254	-8076.63
400	0.653254	-8075.75
401	0.653254	-8076.62
402	0.653254	-8077.04
403	0.653254	-8073.88
404	0.653254	-8075.34
405	0.653254	-8068.36
406	0.653254	-8076.01
407	0.653254	-8074.43
408	0.653254	-8074.92
409	0.653254	-8076.45
410	0.653254	-8075.07
411	0.653254	-8076.42
412	0.653254	-8075.21
413	0.653254	-8076.95
414	0.653254	-8086.5
415	0.653254	-8080.32
416	0.653254	-8081.22
417	0.653254	-8075.81
418	0.653254	-8074.6
419	0.653254	-8070.99
420	0.653254	-8068.35
421	0.653254	-8075.5
422	0.653254	-8073.69
423	0.653254	-8081.93
424	0.653254	-8084
425	0.653254	-8073.93
426	0.653254	-8073.69
427	0.653254	-8075.06
428	0.653254	-8069.7
429	0.653254	-8079.08
430	0.653254	-8069.61
431	0.653254	-8072.63
432	0.653254	-8072.59
433	0.653254	-8078.22
434	0.653254	-8069.2
435	0.653254	-8083.68
436	0.653254	-8082.75
437	0.653254	-8091.9
438	0.653254	-8092.24
439	0.653254	-8087.41
440	0.653254	-8076.86
441	0.653254	-8080.16
442	0.653254	-8083.08
443	0.653254	-8080.22
444	0.653254	-8075.15
445	0.653254	-8074.87
446	0.653254	-8070.84
447	0.653254	-8079.63
448	0.653254	-8068.53
449	0.653254	-8070.96
450	0.653254	-8077.17
451	0.653254	-8075.86
452	0.653254	-8081.76
453	0.653254	-8087.27
454	0.653254	-8077.18
455	0.653254	-8083.73
456	0.653254	-8084.89
457	0.653254	-8077.81
458	0.653254	-8078.02
459	0.653254	-8078.25
460	0.653254	-8080.1
461	0.653254	-8082.35
462	0.653254	-8085.43
463	0.653254	-8085.7
464	0.653254	-8089.54
465	0.653254	-8095.7
466	0.653254	-8088.46
467	0.653254	-8082.57
468	0.653254	-8078.27
469	0.653254	-8078.07
470	0.653254	-8073.24
471	0.653254	-8067.83
472	0.653254	-8065.35
473	0.653254	-8071.14
474	0.653254	-8072.71
475	0.653254	-8070.44
476	0.653254	-8075.26
477	0.653254	-8085.1
478	0.653254	-8078.1
479	0.653254	-8078.75
480	0.653254	-8083.65
481	0.653254	-8094.56
482	0.653254	-8104.42
483	0.653254	-8099.43
484	0.653254	-8078.69
485	0.653254	-8088.16
486	0.653254	-8083.03
487	0.653254	-8071.76
488	0.653254	-8072.24
489	0.653254	-8071.2
490	0.653254	-8082.65
491	0.653254	-8074.16
492	0.653254	-8089
493	0.653254	-8079.99
494	0.653254	-8082.06
495	0.653254	-8084.38
496	0.653254	-8085.22
497	0.653254	-8088.8
498	0.653254	-8082.1
499	0.653254	-8083.25
500	0.653254	-8080.68
501	0.653254	-8082.21
502	0.653254	-8082.65
503	0.653254	-8075.37
504	0.653254	-8075.02
505	0.653254	-8072.72
506	0.653254	-8069.78
507	0.653254	-8073.33
508	0.653254	-8078.57
509	0.653254	-8074.18
510	0.653254	-8076.1
511	0.653254	-8071.12
512	0.653254	-8077.59
513	0.653254	-8071.89
514	0.653254	-8081.7
515	0.653254	-8080.84
516	0.653254	-8077.05
517	0.653254	-8072.32
518	0.653254	-8072.52
519	0.653254	-8075.59
520	0.653254	-8075.89
521	0.653254	-8076.83
522	0.653254	-8089.55
523	0.653254	-8076.71
524	0.653254	-8077.46
525	0.653254	-8074.97
526	0.653254	-8091.44
527	0.653254	-8082.57
528	0.653254	-8084.89
529	0.653254	-8086.78
530	0.653254	-8079.96
531	0.653254	-8087.21
532	0.653254	-8074.27
533	0.653254	-8075.43
534	0.653254	-8072.46
535	0.653254	-8079.14
536	0.653254	-8095.29
537	0.653254	-8069.57
538	0.653254	-8073.52
539	0.653254	-8085.49
540	0.653254	-8101.34
541	0.653254	-8091.26
542	0.653254	-8089.4
543	0.653254	-8089.24
544	0.653254	-8073.71
545	0.653254	-8078.47
546	0.653254	-8078.51
547	0.653254	-8085.2
548	0.653254	-8075.04
549	0.653254	-8078.78
550	0.653254	-8079.74
551	0.653254	-8085.32
552	0.653254	-8085.7
553	0.653254	-8082.38
554	0.653254	-8086.32
555	0.653254	-8078.44
556	0.653254	-8079.38
557	0.653254	-8090.71
558	0.653254	-8094.76
559	0.653254	-8090.54
560	0.653254	-8086.99
561	0.653254	-8076.65
562	0.653254	-8074.4
563	0.653254	-8075.6
564	0.653254	-8075.73
565	0.653254	-8072.38
566	0.653254	-8078.06
567	0.653254	-8074.42
568	0.653254	-8083.76
569	0.653254	-8082.05
570	0.653254	-8073.86
571	0.653254	-8082.33
572	0.653254	-8074.6
573	0.653254	-8079.78
574	0.653254	-8075.78
575	0.653254	-8068.56
576	0.653254	-8071.48
577	0.653254	-8072.3
578	0.653254	-8080.85
579	0.653254	-8071.34
580	0.653254	-8074.45
581	0.653254	-8072.02
582	0.653254	-8067.37
583	0.653254	-8070.04
584	0.653254	-8080.32
585	0.653254	-8076.57
586	0.653254	-8075.32
587	0.653254	-8084.99
588	0.653254	-8087.64
589	0.653254	-8100.07
590	0.653254	-8088.53
591	0.653254	-8080.57
592	0.653254	-8082.32
593	0.653254	-8079.46
594	0.653254	-8074.87
595	0.653254	-8078.03
596	0.653254	-8076.11
597	0.653254	-8074.24
598	0.653254	-8078.81
599	0.653254	-8080.61
600	0.653254	-8082.63
601	0.653254	-8081.09
602	0.653254	-8086.4
603	0.653254	-8083.1
604	0.653254	-8088.86
605	0.653254	-8078.38
606	0.653254	-8076.69
607	0.653254	-8071.81
608	0.653254	-8071.85
609	0.653254	-8082.59
610	0.653254	-8081.9
611	0.653254	-8081.78
612	0.653254	-8078.92
613	0.653254	-8084.91
614	0.653254	-8080.16
615	0.653254	-8071.83
616	0.653254	-8077.75
617	0.653254	-8077.92
618	0.653254	-8075.82
619	0.653254	-8073.81
620	0.653254	-8081.22
621	0.653254	-8083.17
622	0.653254	-8076.51
623	0.653254	-8081.34
624	0.653254	-8084.6
625	0.653254	-8072.76
626	0.653254	-8068.62
627	0.653254	-8074.95
628	0.653254	-8073.61
629	0.653254	-8086.96
630	0.653254	-8093.01
631	0.653254	-8088.55
632	0.653254	-8089.47
633	0.653254	-8080.68
634	0.653254	-8087.37
635	0.653254	-8078.15
636	0.653254	-8078.45
637	0.653254	-8073.5
638	0.653254	-8071.37
639	0.653254	-8074.31
640	0.653254	-8073.64
641	0.653254	-8077.77
642	0.653254	-8077.98
643	0.653254	-8079.46
644	0.653254	-8081.61
645	0.653254	-8078.39
646	0.653254	-8087.34
647	0.653254	-8084.68
648	0.653254	-8084.81
649	0.653254	-8079.48
650	0.653254	-8074.24
651	0.653254	-8082.17
652	0.653254	-8081.99
653	0.653254	-8079.21
654	0.653254	-8086.84
655	0.653254	-8100.72
656	0.653254	-8080.15
657	0.653254	-8084.63
658	0.653254	-8087.95
659	0.653254	-8077.58
660	0.653254	-8081.25
661	0.653254	-8079.95
662	0.653254	-8078.32
663	0.653254	-8080.4
664	0.653254	-8083.02
665	0.653254	-8099.6
666	0.653254	-8088.65
667	0.653254	-8079.04
668	0.653254	-8079.11
669	0.653254	-8073.32
670	0.653254	-8077.35
671	0.653254	-8075.9
672	0.653254	-8071.95
673	0.653254	-8072.99
674	0.653254	-8067.45
675	0.653254	-8076.75
676	0.653254	-8076.38
677	0.653254	-8068.81
678	0.653254	-8078.6
679	0.653254	-8077.55
680	0.653254	-8080.99
681	0.653254	-8079.71
682	0.653254	-8086.34
683	0.653254	-8091.49
684	0.653254	-8086.86
685	0.653254	-8090.47
686	0.653254	-8095.83
687	0.653254	-8093.2
688	0.653254	-8091.94
689	0.653254	-8094.16
690	0.653254	-8082.06
691	0.653254	-8082.65
692	0.653254	-8074.8
693	0.653254	-8070.99
694	0.653254	-8080.49
695	0.653254	-8079.4
696	0.653254	-8081.04
697	0.653254	-8091.45
698	0.653254	-8087.05
699	0.653254	-8086.86
700	0.653254	-8086.84
701	0.653254	-8079.17
702	0.653254	-8088.43
703	0.653254	-8079.49
704	0.653254	-8074.85
705	0.653254	-8072.92
706	0.653254	-8084.76
707	0.653254	-8076.26
708	0.653254	-8082.18
709	0.653254	-8078.08
710	0.653254	-8077.41
711	0.653254	-8085.56
712	0.653254	-8076.4
713	0.653254	-8075.85
714	0.653254	-8080.34
715	0.653254	-8073.27
716	0.653254	-8067.51
717	0.653254	-8067.8
718	0.653254	-8070.26
719	0.653254	-8069.79
720	0.653254	-8069.79
721	0.653254	-8075.93
722	0.653254	-8069.84
723	0.653254	-8076.36
724	0.653254	-8080.88
725	0.653254	-8075.6
726	0.653254	-8076.48
727	0.653254	-8075.73
728	0.653254	-8073.49
729	0.653254	-8073.09
730	0.653254	-8085.15
731	0.653254	-8080.33
732	0.653254	-8096.12
733	0.653254	-8086.64
734	0.653254	-8082.53
735	0.653254	-8093.5
736	0.653254	-8086.91
737	0.653254	-8078.61
738	0.653254	-8087.21
739	0.653254	-8083.1
740	0.653254	-8077.27
741	0.653254	-8082.59
742	0.653254	-8085.56
743	0.653254	-8079.85
744	0.653254	-8073.01
745	0.653254	-8080.14
746	0.653254	-8082.86
747	0.653254	-8086.43
748	0.653254	-8074.37
749	0.653254	-8074.74
750	0.653254	-8077.99
751	0.653254	-8081.29
752	0.653254	-8081.41
753	0.653254	-8075.77
754	0.653254	-8078.39
755	0.653254	-8082.69
756	0.653254	-8075.33
757	0.653254	-8077.07
758	0.653254	-8084.84
759	0.653254	-8078.91
760	0.653254	-8077.64
761	0.653254	-8084.66
762	0.653254	-8077.01
763	0.653254	-8078.06
764	0.653254	-8079.57
765	0.653254	-8082.48
766	0.653254	-8091.48
767	0.653254	-8084.11
768	0.653254	-8084.2
769	0.653254	-8074.18
770	0.653254	-8078.36
771	0.653254	-8071.25
772	0.653254	-8072.43
773	0.653254	-8098.12
774	0.653254	-8089.58
775	0.653254	-8089.07
776	0.653254	-8088.01
777	0.653254	-8077.1
778	0.653254	-8074.84
779	0.653254	-8078.81
780	0.653254	-8078.99
781	0.653254	-8072.98
782	0.653254	-8087.1
783	0.653254	-8080.22
784	0.653254	-8085.45
785	0.653254	-8080.07
786	0.653254	-8082.84
787	0.653254	-8080.22
788	0.653254	-8075.45
789	0.653254	-8080.42
790	0.653254	-8084.73
791	0.653254	-8081.36
792	0.653254	-8069.84
793	0.653254	-8074.61
794	0.653254	-8073.56
795	0.653254	-8082.39
796	0.653254	-8087.27
797	0.653254	-8084.06
798	0.653254	-8086.06
799	0.653254	-8076.43
800	0.653254	-8073.81
801	0.653254	-8076.71
802	0.653254	-8083.68
803	0.653254	-8081.12
804	0.653254	-8092.08
805	0.653254	-8085.08
806	0.653254	-8075.53
807	0.653254	-8078.99
808	0.653254	-8073.67
809	0.653254	-8081.53
810	0.653254	-8082.36
811	0.653254	-8078.13
812	0.653254	-8078.48
813	0.653254	-8076.55
814	0.653254	-8082.9
815	0.653254	-8077.22
816	0.653254	-8079.34
817	0.653254	-8077.43
818	0.653254	-8077.01
819	0.653254	-8088.28
820	0.653254	-8097.25
821	0.653254	-8079.71
822	0.653254	-8079.7
823	0.653254	-8097.89
824	0.653254	-8091.71
825	0.653254	-8091.32
826	0.653254	-8084.9
827	0.653254	-8078.78
828	0.653254	-8075.05
829	0.653254	-8079.25
830	0.653254	-8077.42
831	0.653254	-8070.15
832	0.653254	-8076.53
833	0.653254	-8079.07
834	0.653254	-8073.69
835	0.653254	-8073.1
836	0.653254	-8072.79
837	0.653254	-8073.73
838	0.653254	-8083.8
839	0.653254	-8087.03
840	0.653254	-8088.81
841	0.653254	-8078.99
842	0.653254	-8082.62
843	0.653254	-8086.15
844	0.653254	-8084.59
845	0.653254	-8083.8
846	0.653254	-8077.8
847	0.653254	-8077.95
848	0.653254	-8071.05
849	0.653254	-8071.25
850	0.653254	-8072.06
851	0.653254	-8074.39
852	0.653254	-8076.55
853	0.653254	-8079.61
854	0.653254	-8085.23
855	0.653254	-8083.53
856	0.653254	-8075.4
857	0.653254	-8071.27
858	0.653254	-8073.26
859	0.653254	-8068.15
860	0.653254	-8071.86
861	0.653254	-8078.49
862	0.653254	-8081.05
863	0.653254	-8080.84
864	0.653254	-8077.83
865	0.653254	-8082.33
866	0.653254	-8083.67
867	0.653254	-8087.48
868	0.653254	-8092.22
869	0.653254	-8086.99
870	0.653254	-8081.4
871	0.653254	-8088.21
872	0.653254	-8088.23
873	0.653254	-8075.55
874	0.653254	-8070.86
875	0.653254	-8072.77
876	0.653254	-8078.34
877	0.653254	-8083.71
878	0.653254	-8085.99
879	0.653254	-8094.35
880	0.653254	-8090.33
881	0.653254	-8080.24
882	0.653254	-8079.87
883	0.653254	-8085.1
884	0.653254	-8074.09
885	0.653254	-8074.75
886	0.653254	-8077.21
887	0.653254	-8083.69
888	0.653254	-8070.51
889	0.653254	-8074.99
890	0.653254	-8077.18
891	0.653254	-8067.43
892	0.653254	-8065.51
893	0.653254	-8068.85
894	0.653254	-8069.71
895	0.653254	-8067.35
896	0.653254	-8072.29
897	0.653254	-8070.32
898	0.653254	-8072.08
899	0.653254	-8077.82
900	0.653254	-8071.4
901	0.653254	-8074.38
902	0.653254	-8072.55
903	0.653254	-8075.74
904	0.653254	-8080.47
905	0.653254	-8078.58
906	0.653254	-8078.81
907	0.653254	-8074.82
908	0.653254	-8071.01
909	0.653254	-8079.83
910	0.653254	-8088.12
911	0.653254	-8091.72
912	0.653254	-8089.7
913	0.653254	-8092.12
914	0.653254	-8084.21
915	0.653254	-8083.9
916	0.653254	-8086.59
917	0.653254	-8075.21
918	0.653254	-8082.22
919	0.653254	-8083.18
920	0.653254	-8080.22
921	0.653254	-8084.43
922	0.653254	-8089.22
923	0.653254	-8079.99
924	0.653254	-8079.29
925	0.653254	-8076.85
926	0.653254	-8071.33
927	0.653254	-8076.54
928	0.653254	-8073.71
929	0.653254	-8069.06
930	0.653254	-8066.21
931	0.653254	-8081.33
932	0.653254	-8069.25
933	0.653254	-8064.08
934	0.653254	-8062.65
935	0.653254	-8061.05
936	0.653254	-8060.82
937	0.653254	-8062.15
938	0.653254	-8063.94
939	0.653254	-8079.54
940	0.653254	-8068.43
941	0.653254	-8069.94
942	0.653254	-8071.85
943	0.653254	-8084.62
944	0.653254	-8077.39
945	0.653254	-8084.1
946	0.653254	-8085.88
947	0.653254	-8084.75
948	0.653254	-8082.17
949	0.653254	-8087.56
950	0.653254	-8088.55
951	0.653254	-8082.54
952	0.653254	-8083.64
953	0.653254	-8087.6
954	0.653254	-8082.48
955	0.653254	-8077.96
956	0.653254	-8075.88
957	0.653254	-8078.51
958	0.653254	-8080.53
959	0.653254	-8068.24
960	0.653254	-8076.5
961	0.653254	-8075.81
962	0.653254	-8071.39
963	0.653254	-8072.19
964	0.653254	-8073.67
965	0.653254	-8077.49
966	0.653254	-8075.32
967	0.653254	-8083.2
968	0.653254	-8079.8
969	0.653254	-8082.56
970	0.653254	-8087.61
971	0.653254	-8081.17
972	0.653254	-8078.52
973	0.653254	-8084.74
974	0.653254	-8088.77
975	0.653254	-8086.56
976	0.653254	-8087.68
977	0.653254	-8082.51
978	0.653254	-8075.55
979	0.653254	-8080.45
980	0.653254	-8075.07
981	0.653254	-8082.73
982	0.653254	-8078.47
983	0.653254	-8079.09
984	0.653254	-8081.87
985	0.653254	-8075.69
986	0.653254	-8077.37
987	0.653254	-8078.47
988	0.653254	-8088.99
989	0.653254	-8092.86
990	0.653254	-8098.77
991	0.653254	-8105.17
992	0.653254	-8093.9
993	0.653254	-8089.79
994	0.653254	-8080.92
995	0.653254	-8077.24
996	0.653254	-8078.38
997	0.653254	-8074.77
998	0.653254	-8068.8
999	0.653254	-8071.4
1000	0.653254	-8077.16
251	0.583825	-8083.5
252	0.583825	-8079.5
253	0.583825	-8089.05
254	0.583825	-8080.12
255	0.583825	-8088.4
256	0.583825	-8099.3
257	0.583825	-8091.11
258	0.583825	-8096.91
259	0.583825	-8089.95
260	0.583825	-8094.46
261	0.583825	-8091.56
262	0.583825	-8084.78
263	0.583825	-8095.75
264	0.583825	-8087.75
265	0.583825	-8086.61
266	0.583825	-8095.24
267	0.583825	-8081.39
268	0.583825	-8078.74
269	0.583825	-8080.72
270	0.583825	-8070.77
271	0.583825	-8075.23
272	0.583825	-8074.19
273	0.583825	-8070.64
274	0.583825	-8068.63
275	0.583825	-8074.27
276	0.583825	-8078.93
277	0.583825	-8075.06
278	0.583825	-8075.52
279	0.583825	-8085.26
280	0.583825	-8092.6
281	0.583825	-8085.5
282	0.583825	-8080.09
283	0.583825	-8070.48
284	0.583825	-8069.25
285	0.583825	-8071.17
286	0.583825	-8077.43
287	0.583825	-8077.88
288	0.583825	-8078.47
289	0.583825	-8075.85
290	0.583825	-8077.3
291	0.583825	-8088.4
292	0.583825	-8089.78
293	0.583825	-8081.46
294	0.583825	-8084.98
295	0.583825	-8073.81
296	0.583825	-8079.3
297	0.583825	-8066.48
298	0.583825	-8080.4
299	0.583825	-8071.95
300	0.583825	-8080.24
301	0.583825	-8083.08
302	0.583825	-8081.66
303	0.583825	-8078.95
304	0.583825	-8079.49
305	0.583825	-8082.03
306	0.583825	-8080.49
307	0.583825	-8083.04
308	0.583825	-8080.33
309	0.583825	-8080.04
310	0.583825	-8091.03
311	0.583825	-8085.27
312	0.583825	-8081.71
313	0.583825	-8086.46
314	0.583825	-8093.3
315	0.583825	-8100.42
316	0.583825	-8093.1
317	0.583825	-8093.16
318	0.583825	-8087.18
319	0.583825	-8085.13
320	0.583825	-8091.97
321	0.583825	-8089.45
322	0.583825	-8081.55
323	0.583825	-8089.54
324	0.583825	-8084.91
325	0.583825	-8076.28
326	0.583825	-8078.13
327	0.583825	-8075.04
328	0.583825	-8078.32
329	0.583825	-8073.71
330	0.583825	-8073.72
331	0.583825	-8074.67
332	0.583825	-8072.99
333	0.583825	-8080.96
334	0.583825	-8083.93
335	0.583825	-8087.94
336	0.583825	-8086.89
337	0.583825	-8082.53
338	0.583825	-8082.24
339	0.583825	-8076.42
340	0.583825	-8078.33
341	0.583825	-8076.17
342	0.583825	-8079.74
343	0.583825	-8078.63
344	0.583825	-8083.79
345	0.583825	-8079.67
346	0.583825	-8091.2
347	0.583825	-8085.34
348	0.583825	-8074.77
349	0.583825	-8078.41
350	0.583825	-8072.35
351	0.583825	-8066.59
352	0.583825	-8077.17
353	0.583825	-8074.56
354	0.583825	-8074.75
355	0.583825	-8077.28
356	0.583825	-8084.6
357	0.583825	-8086.27
358	0.583825	-8085
359	0.583825	-8085.13
360	0.583825	-8089.01
361	0.583825	-8081.99
362	0.583825	-8080.43
363	0.583825	-8086.88
364	0.583825	-8081.35
365	0.583825	-8083.9
366	0.583825	-8083.83
367	0.583825	-8084.79
368	0.583825	-8073.34
369	0.583825	-8076.61
370	0.583825	-8085.35
371	0.583825	-8075.36
372	0.583825	-8079.29
373	0.583825	-8087.93
374	0.583825	-8096.4
375	0.583825	-8083.71
376	0.583825	-8088.37
377	0.583825	-8099.74
378	0.583825	-8087.32
379	0.583825	-8079.2
380	0.583825	-8080.95
381	0.583825	-8088.12
382	0.583825	-8079.8
383	0.583825	-8082.49
384	0.583825	-8078.96
385	0.583825	-8079.8
386	0.583825	-8087.27
387	0.583825	-8087.02
388	0.583825	-8093.78
389	0.583825	-8084.98
390	0.583825	-8095.29
391	0.583825	-8098.23
392	0.583825	-8087.99
393	0.583825	-8086.38
394	0.583825	-8087.89
395	0.583825	-8087.8
396	0.583825	-8082.99
397	0.583825	-8078.37
398	0.583825	-8077.25
399	0.583825	-8087.55
400	0.583825	-8077.13
401	0.583825	-8081.04
402	0.583825	-8087.28
403	0.583825	-8087.18
404	0.583825	-8084.7
405	0.583825	-8074.03
406	0.583825	-8082.34
407	0.583825	-8093.22
408	0.583825	-8087.4
409	0.583825	-8081.54
410	0.583825	-8084.54
411	0.583825	-8076.26
412	0.583825	-8069.1
413	0.583825	-8071.2
414	0.583825	-8069.68
415	0.583825	-8078.17
416	0.583825	-8084.64
417	0.583825	-8073.35
418	0.583825	-8077.33
419	0.583825	-8074.51
420	0.583825	-8069.64
421	0.583825	-8068.54
422	0.583825	-8078.46
423	0.583825	-8070.88
424	0.583825	-8084.86
425	0.583825	-8076.99
426	0.583825	-8079.57
427	0.583825	-8077.88
428	0.583825	-8078.74
429	0.583825	-8080.7
430	0.583825	-8088.48
431	0.583825	-8085.19
432	0.583825	-8082.89
433	0.583825	-8088.9
434	0.583825	-8090.58
435	0.583825	-8089.42
436	0.583825	-8078.66
437	0.583825	-8078.97
438	0.583825	-8073.84
439	0.583825	-8077.76
440	0.583825	-8083.38
441	0.583825	-8083.3
442	0.583825	-8088.16
443	0.583825	-8082.56
444	0.583825	-8079.01
445	0.583825	-8083.49
446	0.583825	-8091.56
447	0.583825	-8086.1
448	0.583825	-8080.14
449	0.583825	-8072.28
450	0.583825	-8065.17
451	0.583825	-8086.5
452	0.583825	-8087.71
453	0.583825	-8091.85
454	0.583825	-8099.38
455	0.583825	-8088.97
456	0.583825	-8084.45
457	0.583825	-8087.29
458	0.583825	-8088.33
459	0.583825	-8080.21
460	0.583825	-8078.2
461	0.583825	-8081.49
462	0.583825	-8087.23
463	0.583825	-8083.49
464	0.583825	-8089.34
465	0.583825	-8101.17
466	0.583825	-8096.01
467	0.583825	-8101.18
468	0.583825	-8096.02
469	0.583825	-8095.15
470	0.583825	-8086.89
471	0.583825	-8086.6
472	0.583825	-8105.14
473	0.583825	-8097.65
474	0.583825	-8099.46
475	0.583825	-8097.23
476	0.583825	-8087.89
477	0.583825	-8076.38
478	0.583825	-8070.58
479	0.583825	-8073.57
480	0.583825	-8082.17
481	0.583825	-8084.97
482	0.583825	-8076.72
483	0.583825	-8077.48
484	0.583825	-8076.15
485	0.583825	-8073.49
486	0.583825	-8079.85
487	0.583825	-8081.06
488	0.583825	-8083.3
489	0.583825	-8069.43
490	0.583825	-8072.56
491	0.583825	-8072.83
492	0.583825	-8069.3
493	0.583825	-8076.68
494	0.583825	-8080.13
495	0.583825	-8079.11
496	0.583825	-8090.58
497	0.583825	-8094.9
498	0.583825	-8102.57
499	0.583825	-8093.69
500	0.583825	-8105.57
501	0.583825	-8090.37
502	0.583825	-8102.42
503	0.583825	-8097.49
504	0.583825	-8102.04
505	0.583825	-8096.71
506	0.583825	-8093.85
507	0.583825	-8086.65
508	0.583825	-8079.86
509	0.583825	-8081.27
510	0.583825	-8081.65
511	0.583825	-8072.77
512	0.583825	-8073.12
513	0.583825	-8077.97
514	0.583825	-8076.45
515	0.583825	-8082.62
516	0.583825	-8092.59
517	0.583825	-8093.3
518	0.583825	-8089.33
519	0.583825	-8091.58
520	0.583825	-8092.36
521	0.583825	-8086.16
522	0.583825	-8089.25
523	0.583825	-8086.77
524	0.583825	-8081.56
525	0.583825	-8082.79
526	0.583825	-8089.89
527	0.583825	-8085.52
528	0.583825	-8085.9
529	0.583825	-8081.76
530	0.583825	-8073.78
531	0.583825	-8077.48
532	0.583825	-8082.98
533	0.583825	-8073.77
534	0.583825	-8091.24
535	0.583825	-8080.46
536	0.583825	-8076.34
537	0.583825	-8078.92
538	0.583825	-8075.31
539	0.583825	-8076.2
540	0.583825	-8083.51
541	0.583825	-8088.4
542	0.583825	-8090.23
543	0.583825	-8082.84
544	0.583825	-8085.68
545	0.583825	-8081.75
546	0.583825	-8084.65
547	0.583825	-8082.07
548	0.583825	-8083.27
549	0.583825	-8074.23
550	0.583825	-8076.27
551	0.583825	-8081.66
552	0.583825	-8084.62
553	0.583825	-8093.93
554	0.583825	-8097.82
555	0.583825	-8082.87
556	0.583825	-8078.01
557	0.583825	-8077.35
558	0.583825	-8080.56
559	0.583825	-8069.42
560	0.583825	-8068.04
561	0.583825	-8080.66
562	0.583825	-8081.49
563	0.583825	-8079.73
564	0.583825	-8079.47
565	0.583825	-8085.3
566	0.583825	-8089.61
567	0.583825	-8089.67
568	0.583825	-8101.72
569	0.583825	-8092.07
570	0.583825	-8085.27
571	0.583825	-8081.52
572	0.583825	-8082.18
573	0.583825	-8074.49
574	0.583825	-8082.34
575	0.583825	-8089.23
576	0.583825	-8085.72
577	0.583825	-8081.97
578	0.583825	-8080.1
579	0.583825	-8071.66
580	0.583825	-8069.07
581	0.583825	-8072.09
582	0.583825	-8073.43
583	0.583825	-8074.82
584	0.583825	-8087.57
585	0.583825	-8085.33
586	0.583825	-8090.51
587	0.583825	-8080.86
588	0.583825	-8079.55
589	0.583825	-8072.53
590	0.583825	-8081.21
591	0.583825	-8083.54
592	0.583825	-8084.93
593	0.583825	-8073.37
594	0.583825	-8069.55
595	0.583825	-8077.07
596	0.583825	-8072.14
597	0.583825	-8076.25
598	0.583825	-8077.67
599	0.583825	-8084.9
600	0.583825	-8081.19
601	0.583825	-8085.04
602	0.583825	-8090.41
603	0.583825	-8070.44
604	0.583825	-8068.66
605	0.583825	-8067.69
606	0.583825	-8078.21
607	0.583825	-8087.42
608	0.583825	-8094.67
609	0.583825	-8089.82
610	0.583825	-8095.98
611	0.583825	-8085.35
612	0.583825	-8077.82
613	0.583825	-8083.51
614	0.583825	-8088.72
615	0.583825	-8096.18
616	0.583825	-8089.65
617	0.583825	-8083.98
618	0.583825	-8082.77
619	0.583825	-8074.69
620	0.583825	-8078.43
621	0.583825	-8083.59
622	0.583825	-8080.86
623	0.583825	-8088.74
624	0.583825	-8087.44
625	0.583825	-8091.98
626	0.583825	-8094.54
627	0.583825	-8084.07
628	0.583825	-8079.7
629	0.583825	-8083.69
630	0.583825	-8083.91
631	0.583825	-8081.02
632	0.583825	-8077.76
633	0.583825	-8088.8
634	0.583825	-8086.83
635	0.583825	-8090.51
636	0.583825	-8090.23
637	0.583825	-8078.85
638	0.583825	-8072.51
639	0.583825	-8078.72
640	0.583825	-8076.66
641	0.583825	-8081.88
642	0.583825	-8078.07
643	0.583825	-8076.75
644	0.583825	-8085.5
645	0.583825	-8071.88
646	0.583825	-8072.47
647	0.583825	-8075.64
648	0.583825	-8076
649	0.583825	-8075.35
650	0.583825	-8063.66
651	0.583825	-8071.97
652	0.583825	-8068.11
653	0.583825	-8068.74
654	0.583825	-8078.95
655	0.583825	-8075.58
656	0.583825	-8071.04
657	0.583825	-8073.27
658	0.583825	-8070.36
659	0.583825	-8077.73
660	0.583825	-8082.18
661	0.583825	-8075.48
662	0.583825	-8082.71
663	0.583825	-8079.89
664	0.583825	-8082.98
665	0.583825	-8093.12
666	0.583825	-8079.67
667	0.583825	-8082.5
668	0.583825	-8078.8
669	0.583825	-8083.27
670	0.583825	-8091.56
671	0.583825	-8087.14
672	0.583825	-8085.46
673	0.583825	-8079.62
674	0.583825	-8084.92
675	0.583825	-8085.23
676	0.583825	-8075.3
677	0.583825	-8074.52
678	0.583825	-8075.57
679	0.583825	-8071.32
680	0.583825	-8078.58
681	0.583825	-8069.3
682	0.583825	-8075.94
683	0.583825	-8077.38
684	0.583825	-8078.69
685	0.583825	-8083.17
686	0.583825	-8080.5
687	0.583825	-8080.89
688	0.583825	-8074.46
689	0.583825	-8081.5
690	0.583825	-8069.06
691	0.583825	-8082.55
692	0.583825	-8074.95
693	0.583825	-8072.45
694	0.583825	-8078.07
695	0.583825	-8083.39
696	0.583825	-8084.6
697	0.583825	-8091.09
698	0.583825	-8085.68
699	0.583825	-8074.73
700	0.583825	-8082.07
701	0.583825	-8083.68
702	0.583825	-8083.57
703	0.583825	-8090.29
704	0.583825	-8088.98
705	0.583825	-8081.66
706	0.583825	-8071.34
707	0.583825	-8070.25
708	0.583825	-8072.04
709	0.583825	-8088.53
710	0.583825	-8083.3
711	0.583825	-8078.46
712	0.583825	-8080.86
713	0.583825	-8088.37
714	0.583825	-8085.44
715	0.583825	-8078.73
716	0.583825	-8071.07
717	0.583825	-8075.69
718	0.583825	-8074.12
719	0.583825	-8074.98
720	0.583825	-8079.48
721	0.583825	-8076.65
722	0.583825	-8093.28
723	0.583825	-8089.47
724	0.583825	-8099.99
725	0.583825	-8084.77
726	0.583825	-8087.48
727	0.583825	-8088.48
728	0.583825	-8098.42
729	0.583825	-8091.85
730	0.583825	-8085.35
731	0.583825	-8097.82
732	0.583825	-8085.88
733	0.583825	-8090.32
734	0.583825	-8077.52
735	0.583825	-8077.89
736	0.583825	-8099.57
737	0.583825	-8094.7
738	0.583825	-8076.64
739	0.583825	-8076.89
740	0.583825	-8066.35
741	0.583825	-8074.95
742	0.583825	-8080.09
743	0.583825	-8090.44
744	0.583825	-8091.23
745	0.583825	-8080.5
746	0.583825	-8081.22
747	0.583825	-8071.39
748	0.583825	-8072.06
749	0.583825	-8068.75
750	0.583825	-8078.55
751	0.583825	-8078.83
752	0.583825	-8070.75
753	0.583825	-8070.83
754	0.583825	-8071.52
755	0.583825	-8077.07
756	0.583825	-8074.74
757	0.583825	-8073.48
758	0.583825	-8065.28
759	0.583825	-8064.82
760	0.583825	-8076.09
761	0.583825	-8073.06
762	0.583825	-8079.45
763	0.583825	-8080.72
764	0.583825	-8083.7
765	0.583825	-8087.61
766	0.583825	-8080.86
767	0.583825	-8077.17
768	0.583825	-8094.57
769	0.583825	-8079.77
770	0.583825	-8076.62
771	0.583825	-8077.01
772	0.583825	-8079.38
773	0.583825	-8076.84
774	0.583825	-8082.68
775	0.583825	-8084.44
776	0.583825	-8079.49
777	0.583825	-8084.13
778	0.583825	-8076.63
779	0.583825	-8079.18
780	0.583825	-8082.3
781	0.583825	-8077.58
782	0.583825	-8081.64
783	0.583825	-8073.61
784	0.583825	-8082.69
785	0.583825	-8081.66
786	0.583825	-8079.77
787	0.583825	-8085.31
788	0.583825	-8087.48
789	0.583825	-8096.64
790	0.583825	-8086.75
791	0.583825	-8085.27
792	0.583825	-8081.36
793	0.583825	-8079.47
794	0.583825	-8085.4
795	0.583825	-8082.03
796	0.583825	-8087.88
797	0.583825	-8091.68
798	0.583825	-8097.25
799	0.583825	-8102.44
800	0.583825	-8095.22
801	0.583825	-8089
802	0.583825	-8084.35
803	0.583825	-8082.76
804	0.583825	-8073.89
805	0.583825	-8070.92
806	0.583825	-8068.28
807	0.583825	-8076.49
808	0.583825	-8080.08
809	0.583825	-8090.97
810	0.583825	-8080.99
811	0.583825	-8077.93
812	0.583825	-8079.4
813	0.583825	-8086.09
814	0.583825	-8085.58
815	0.583825	-8095.1
816	0.583825	-8085.3
817	0.583825	-8092.58
818	0.583825	-8085.07
819	0.583825	-8083.35
820	0.583825	-8073.02
821	0.583825	-8070.45
822	0.583825	-8076.32
823	0.583825	-8082.19
824	0.583825	-8073.17
825	0.583825	-8075.68
826	0.583825	-8081.38
827	0.583825	-8081.17
828	0.583825	-8076.01
829	0.583825	-8094.95
830	0.583825	-8085.87
831	0.583825	-8090.59
832	0.583825	-8093.82
833	0.583825	-8100.14
834	0.583825	-8106.66
835	0.583825	-8096.53
836	0.583825	-8098.32
837	0.583825	-8085.12
838	0.583825	-8076.32
839	0.583825	-8071.39
840	0.583825	-8085.51
841	0.583825	-8078.85
842	0.583825	-8084.59
843	0.583825	-8090.65
844	0.583825	-8086.66
845	0.583825	-8079.93
846	0.583825	-8081.39
847	0.583825	-8082.26
848	0.583825	-8092.25
849	0.583825	-8086.92
850	0.583825	-8076.65
851	0.583825	-8082.57
852	0.583825	-8082.85
853	0.583825	-8084.76
854	0.583825	-8088.14
855	0.583825	-8082.95
856	0.583825	-8080.35
857	0.583825	-8077.07
858	0.583825	-8083.9
859	0.583825	-8073.15
860	0.583825	-8072.19
861	0.583825	-8075.24
862	0.583825	-8075.85
863	0.583825	-8067.7
864	0.583825	-8074.34
865	0.583825	-8072.24
866	0.583825	-8072.54
867	0.583825	-8074.02
868	0.583825	-8081.96
869	0.583825	-8079.38
870	0.583825	-8087.62
871	0.583825	-8082.78
872	0.583825	-8078.67
873	0.583825	-8082.99
874	0.583825	-8088.6
875	0.583825	-8083.55
876	0.583825	-8083.01
877	0.583825	-8076.95
878	0.583825	-8076.61
879	0.583825	-8076.05
880	0.583825	-8075.31
881	0.583825	-8081.06
882	0.583825	-8075.95
883	0.583825	-8078.76
884	0.583825	-8090.64
885	0.583825	-8092.9
886	0.583825	-8093.48
887	0.583825	-8085.22
888	0.583825	-8105.61
889	0.583825	-8081.9
890	0.583825	-8080.29
891	0.583825	-8096.29
892	0.583825	-8083.36
893	0.583825	-8073.36
894	0.583825	-8071.02
895	0.583825	-8079.05
896	0.583825	-8076.1
897	0.583825	-8079.87
898	0.583825	-8087.23
899	0.583825	-8078.38
900	0.583825	-8086.14
901	0.583825	-8079.16
902	0.583825	-8079.3
903	0.583825	-8077.36
904	0.583825	-8073.89
905	0.583825	-8080.91
906	0.583825	-8087.42
907	0.583825	-8091.34
908	0.583825	-8092.44
909	0.583825	-8092.39
910	0.583825	-8084.21
911	0.583825	-8093.83
912	0.583825	-8084.46
913	0.583825	-8082.66
914	0.583825	-8081.94
915	0.583825	-8082.24
916	0.583825	-8079.85
917	0.583825	-8082.06
918	0.583825	-8081.85
919	0.583825	-8076.13
920	0.583825	-8080.18
921	0.583825	-8077.86
922	0.583825	-8085.26
923	0.583825	-8075.34
924	0.583825	-8083.21
925	0.583825	-8079.1
926	0.583825	-8077.66
927	0.583825	-8069.47
928	0.583825	-8068.71
929	0.583825	-8074.12
930	0.583825	-8076.04
931	0.583825	-8076.33
932	0.583825	-8073.8
933	0.583825	-8074.5
934	0.583825	-8085.48
935	0.583825	-8093.06
936	0.583825	-8092.95
937	0.583825	-8083.75
938	0.583825	-8076.05
939	0.583825	-8091.4
940	0.583825	-8080.19
941	0.583825	-8079.75
942	0.583825	-8088.56
943	0.583825	-8091.85
944	0.583825	-8080.9
945	0.583825	-8079.98
946	0.583825	-8079.48
947	0.583825	-8068.45
948	0.583825	-8071.06
949	0.583825	-8073.82
950	0.583825	-8073.31
951	0.583825	-8083.81
952	0.583825	-8075.19
953	0.583825	-8071.48
954	0.583825	-8079.35
955	0.583825	-8082.13
956	0.583825	-8070.86
957	0.583825	-8070.93
958	0.583825	-8065.8
959	0.583825	-8078.21
960	0.583825	-8079.57
961	0.583825	-8085.17
962	0.583825	-8082.12
963	0.583825	-8085.09
964	0.583825	-8084.45
965	0.583825	-8089.19
966	0.583825	-8083.78
967	0.583825	-8083.09
968	0.583825	-8096.07
969	0.583825	-8088.68
970	0.583825	-8076.16
971	0.583825	-8075.02
972	0.583825	-8071.82
973	0.583825	-8079.47
974	0.583825	-8079.11
975	0.583825	-8081.02
976	0.583825	-8092.45
977	0.583825	-8099.12
978	0.583825	-8095.73
979	0.583825	-8092.99
980	0.583825	-8090.59
981	0.583825	-8092.57
982	0.583825	-8089.23
983	0.583825	-8085.47
984	0.583825	-8084.81
985	0.583825	-8074.67
986	0.583825	-8077.74
987	0.583825	-8070.22
988	0.583825	-8070.95
989	0.583825	-8078.72
990	0.583825	-8074.15
991	0.583825	-8069.16
992	0.583825	-8072.87
993	0.583825	-8081.33
994	0.583825	-8071.21
995	0.583825	-8078.52
996	0.583825	-8082.19
997	0.583825	-8081
998	0.583825	-8081.99
999	0.583825	-8083.16
1000	0.583825	-8079.68
251	0.520429	-8083.01
252	0.520429	-8083.73
253	0.520429	-8083.8
254	0.520429	-8093.3
255	0.520429	-8098.76
256	0.520429	-8091.68
257	0.520429	-8100.61
258	0.520429	-8079.39
259	0.520429	-8086.51
260	0.520429	-8101.76
261	0.520429	-8090.3
262	0.520429	-8087.26
263	0.520429	-8082.07
264	0.520429	-8084.56
265	0.520429	-8088.76
266	0.520429	-8084.46
267	0.520429	-8087.39
268	0.520429	-8079.3
269	0.520429	-8083.48
270	0.520429	-8083.18
271	0.520429	-8071.67
272	0.520429	-8077.69
273	0.520429	-8080.23
274	0.520429	-8076.09
275	0.520429	-8079.49
276	0.520429	-8085.99
277	0.520429	-8073.41
278	0.520429	-8088.92
279	0.520429	-8094.24
280	0.520429	-8083.59
281	0.520429	-8084.47
282	0.520429	-8080.67
283	0.520429	-8072.71
284	0.520429	-8084.22
285	0.520429	-8090.64
286	0.520429	-8081.05
287	0.520429	-8085.48
288	0.520429	-8081.71
289	0.520429	-8087.23
290	0.520429	-8095.73
291	0.520429	-8073.47
292	0.520429	-8070.16
293	0.520429	-8076.6
294	0.520429	-8084.49
295	0.520429	-8082.23
296	0.520429	-8093.82
297	0.520429	-8081.97
298	0.520429	-8096.06
299	0.520429	-8091.77
300	0.520429	-8077.49
301	0.520429	-8078.06
302	0.520429	-8087.56
303	0.520429	-8086.64
304	0.520429	-8099.81
305	0.520429	-8086.92
306	0.520429	-8095.8
307	0.520429	-8089.38
308	0.520429	-8086.05
309	0.520429	-8090.46
310	0.520429	-8081.22
311	0.520429	-8081.16
312	0.520429	-8088.12
313	0.520429	-8083.63
314	0.520429	-8086.98
315	0.520429	-8089.14
316	0.520429	-8096.08
317	0.520429	-8095.54
318	0.520429	-8086.04
319	0.520429	-8093.84
320	0.520429	-8079.59
321	0.520429	-8083.12
322	0.520429	-8096.21
323	0.520429	-8084.89
324	0.520429	-8088.1
325	0.520429	-8092.55
326	0.520429	-8102.63
327	0.520429	-8093.36
328	0.520429	-8093.46
329	0.520429	-8110.46
330	0.520429	-8095.7
331	0.520429	-8100.65
332	0.520429	-8096.09
333	0.520429	-8094.39
334	0.520429	-8077.97
335	0.520429	-8081.89
336	0.520429	-8088.78
337	0.520429	-8083.69
338	0.520429	-8085.08
339	0.520429	-8082.69
340	0.520429	-8079.04
341	0.520429	-8098.15
342	0.520429	-8084.35
343	0.520429	-8093.99
344	0.520429	-8090.4
345	0.520429	-8074.56
346	0.520429	-8077.56
347	0.520429	-8070.08
348	0.520429	-8078.25
349	0.520429	-8070.49
350	0.520429	-8072.97
351	0.520429	-8074.59
352	0.520429	-8074.65
353	0.520429	-8100.86
354	0.520429	-8095.09
355	0.520429	-8086.62
356	0.520429	-8089.54
357	0.520429	-8086.16
358	0.520429	-8085.93
359	0.520429	-8080.02
360	0.520429	-8084.61
361	0.520429	-8080.83
362	0.520429	-8095.33
363	0.520429	-8081.03
364	0.520429	-8086.89
365	0.520429	-8089.81
366	0.520429	-8103.65
367	0.520429	-8085.72
368	0.520429	-8088.66
369	0.520429	-8083.52
370	0.520429	-8084.32
371	0.520429	-8094.69
372	0.520429	-8101.17
373	0.520429	-8091.25
374	0.520429	-8091.53
375	0.520429	-8091.2
376	0.520429	-8081.71
377	0.520429	-8076.9
378	0.520429	-8090.14
379	0.520429	-8074.72
380	0.520429	-8082.47
381	0.520429	-8076.63
382	0.520429	-8082.5
383	0.520429	-8079.89
384	0.520429	-8084.75
385	0.520429	-8087.68
386	0.520429	-8083.81
387	0.520429	-8092.97
388	0.520429	-8087.62
389	0.520429	-8085.08
390	0.520429	-8077.33
391	0.520429	-8086.45
392	0.520429	-8080.91
393	0.520429	-8095.21
394	0.520429	-8081.6
395	0.520429	-8077.39
396	0.520429	-8089.01
397	0.520429	-8099.28
398	0.520429	-8103.05
399	0.520429	-8098.04
400	0.520429	-8077.49
401	0.520429	-8083.23
402	0.520429	-8084.19
403	0.520429	-8075.13
404	0.520429	-8083.13
405	0.520429	-8085.38
406	0.520429	-8088.52
407	0.520429	-8084.94
408	0.520429	-8081.11
409	0.520429	-8085.04
410	0.520429	-8085.58
411	0.520429	-8088.4
412	0.520429	-8085.38
413	0.520429	-8087.29
414	0.520429	-8087.82
415	0.520429	-8098.1
416	0.520429	-8095.69
417	0.520429	-8093.91
418	0.520429	-8087.85
419	0.520429	-8088.59
420	0.520429	-8083.36
421	0.520429	-8085.22
422	0.520429	-8081.22
423	0.520429	-8085.41
424	0.520429	-8079.22
425	0.520429	-8082.25
426	0.520429	-8091.91
427	0.520429	-8092.96
428	0.520429	-8103.06
429	0.520429	-8088.4
430	0.520429	-8086.76
431	0.520429	-8082.15
432	0.520429	-8077.77
433	0.520429	-8090.96
434	0.520429	-8079.09
435	0.520429	-8080.96
436	0.520429	-8073.47
437	0.520429	-8078.73
438	0.520429	-8081.9
439	0.520429	-8085.03
440	0.520429	-8086.93
441	0.520429	-8088.05
442	0.520429	-8092.82
443	0.520429	-8090.83
444	0.520429	-8100.83
445	0.520429	-8105.16
446	0.520429	-8091.7
447	0.520429	-8086.91
448	0.520429	-8088.67
449	0.520429	-8078.59
450	0.520429	-8087.11
451	0.520429	-8088.83
452	0.520429	-8078.42
453	0.520429	-8077.71
454	0.520429	-8084.17
455	0.520429	-8101.85
456	0.520429	-8092.57
457	0.520429	-8078.42
458	0.520429	-8086.83
459	0.520429	-8082.8
460	0.520429	-8087.55
461	0.520429	-8085.84
462	0.520429	-8084.43
463	0.520429	-8090.24
464	0.520429	-8086.34
465	0.520429	-8095.67
466	0.520429	-8102.44
467	0.520429	-8105.94
468	0.520429	-8098.05
469	0.520429	-8077.89
470	0.520429	-8081.11
471	0.520429	-8083.23
472	0.520429	-8083.94
473	0.520429	-8087.97
474	0.520429	-8099.68
475	0.520429	-8085.9
476	0.520429	-8075.64
477	0.520429	-8074.08
478	0.520429	-8073.25
479	0.520429	-8080.33
480	0.520429	-8076.8
481	0.520429	-8081.48
482	0.520429	-8073.24
483	0.520429	-8075.36
484	0.520429	-8080.17
485	0.520429	-8075.57
486	0.520429	-8092.68
487	0.520429	-8088.95
488	0.520429	-8097.98
489	0.520429	-8094.31
490	0.520429	-8077.2
491	0.520429	-8074.39
492	0.520429	-8077.08
493	0.520429	-8068.58
494	0.520429	-8069.99
495	0.520429	-8078.42
496	0.520429	-8078.3
497	0.520429	-8084.32
498	0.520429	-8086.83
499	0.520429	-8100.04
500	0.520429	-8104.01
501	0.520429	-8100.97
502	0.520429	-8099.47
503	0.520429	-8099.1
504	0.520429	-8108.06
505	0.520429	-8095.38
506	0.520429	-8090.83
507	0.520429	-8087.08
508	0.520429	-8094.37
509	0.520429	-8100.24
510	0.520429	-8106.06
511	0.520429	-8097.86
512	0.520429	-8105.78
513	0.520429	-8099.03
514	0.520429	-8089.49
515	0.520429	-8085.79
516	0.520429	-8080.42
517	0.520429	-8090.1
518	0.520429	-8088.14
519	0.520429	-8095
520	0.520429	-8092.3
521	0.520429	-8080.15
522	0.520429	-8086.81
523	0.520429	-8078.87
524	0.520429	-8083.06
525	0.520429	-8094.93
526	0.520429	-8091.67
527	0.520429	-8088.97
528	0.520429	-8092.46
529	0.520429	-8102.82
530	0.520429	-8108.31
531	0.520429	-8103.8
532	0.520429	-8093.59
533	0.520429	-8082.33
534	0.520429	-8095.47
535	0.520429	-8086.94
536	0.520429	-8081.58
537	0.520429	-8084.04
538	0.520429	-8092.41
539	0.520429	-8093.71
540	0.520429	-8092.02
541	0.520429	-8091.86
542	0.520429	-8090.82
543	0.520429	-8085.43
544	0.520429	-8093.3
545	0.520429	-8089.78
546	0.520429	-8099.94
547	0.520429	-8107.12
548	0.520429	-8108.68
549	0.520429	-8102.17
550	0.520429	-8096.68
551	0.520429	-8098.72
552	0.520429	-8098.55
553	0.520429	-8089.91
554	0.520429	-8084.15
555	0.520429	-8080.32
556	0.520429	-8085.2
557	0.520429	-8091.55
558	0.520429	-8096.04
559	0.520429	-8081.77
560	0.520429	-8083.8
561	0.520429	-8075.53
562	0.520429	-8075.42
563	0.520429	-8087.3
564	0.520429	-8100.79
565	0.520429	-8094.71
566	0.520429	-8092.35
567	0.520429	-8082.42
568	0.520429	-8083.74
569	0.520429	-8086.73
570	0.520429	-8080.86
571	0.520429	-8093.24
572	0.520429	-8081.83
573	0.520429	-8083.15
574	0.520429	-8075.11
575	0.520429	-8078.7
576	0.520429	-8084.14
577	0.520429	-8092.46
578	0.520429	-8089.04
579	0.520429	-8082.44
580	0.520429	-8104.21
581	0.520429	-8101.02
582	0.520429	-8088.75
583	0.520429	-8082.18
584	0.520429	-8090.87
585	0.520429	-8097.65
586	0.520429	-8090.98
587	0.520429	-8095.23
588	0.520429	-8090.2
589	0.520429	-8081.62
590	0.520429	-8082.04
591	0.520429	-8080.4
592	0.520429	-8076.86
593	0.520429	-8078.91
594	0.520429	-8079.41
595	0.520429	-8074.89
596	0.520429	-8093.19
597	0.520429	-8098.73
598	0.520429	-8127.16
599	0.520429	-8087.11
600	0.520429	-8083.57
601	0.520429	-8083.36
602	0.520429	-8077.2
603	0.520429	-8079.32
604	0.520429	-8081.51
605	0.520429	-8078.17
606	0.520429	-8071.92
607	0.520429	-8078.67
608	0.520429	-8087.63
609	0.520429	-8078.63
610	0.520429	-8072.22
611	0.520429	-8075.6
612	0.520429	-8077.3
613	0.520429	-8075.26
614	0.520429	-8079.14
615	0.520429	-8083.15
616	0.520429	-8091.92
617	0.520429	-8096.29
618	0.520429	-8090.89
619	0.520429	-8094.62
620	0.520429	-8103.32
621	0.520429	-8100.71
622	0.520429	-8085
623	0.520429	-8096.89
624	0.520429	-8089.94
625	0.520429	-8080.1
626	0.520429	-8096.17
627	0.520429	-8088.7
628	0.520429	-8085.41
629	0.520429	-8098.45
630	0.520429	-8104.35
631	0.520429	-8095.28
632	0.520429	-8088.47
633	0.520429	-8090.25
634	0.520429	-8105.93
635	0.520429	-8102
636	0.520429	-8084.42
637	0.520429	-8083.17
638	0.520429	-8094.63
639	0.520429	-8098.16
640	0.520429	-8099.76
641	0.520429	-8089.45
642	0.520429	-8097.98
643	0.520429	-8094.64
644	0.520429	-8082.2
645	0.520429	-8087.76
646	0.520429	-8093.89
647	0.520429	-8082.83
648	0.520429	-8086.31
649	0.520429	-8084.99
650	0.520429	-8092.05
651	0.520429	-8091.57
652	0.520429	-8094.42
653	0.520429	-8097.99
654	0.520429	-8090.37
655	0.520429	-8090.86
656	0.520429	-8094.91
657	0.520429	-8092.64
658	0.520429	-8101.05
659	0.520429	-8097.58
660	0.520429	-8092.27
661	0.520429	-8093.2
662	0.520429	-8082.42
663	0.520429	-8077.39
664	0.520429	-8075.27
665	0.520429	-8078.15
666	0.520429	-8079.72
667	0.520429	-8072.79
668	0.520429	-8085.52
669	0.520429	-8083.87
670	0.520429	-8086.47
671	0.520429	-8076.77
672	0.520429	-8086.84
673	0.520429	-8105.55
674	0.520429	-8088.2
675	0.520429	-8109.7
676	0.520429	-8115.29
677	0.520429	-8093.14
678	0.520429	-8085.65
679	0.520429	-8076.44
680	0.520429	-8072.64
681	0.520429	-8076.37
682	0.520429	-8075.51
683	0.520429	-8080.14
684	0.520429	-8103.64
685	0.520429	-8105.83
686	0.520429	-8098.81
687	0.520429	-8096.09
688	0.520429	-8098.49
689	0.520429	-8090.91
690	0.520429	-8088.27
691	0.520429	-8089.66
692	0.520429	-8090.5
693	0.520429	-8093.25
694	0.520429	-8095.26
695	0.520429	-8095.62
696	0.520429	-8114.12
697	0.520429	-8091.52
698	0.520429	-8084.42
699	0.520429	-8093.32
700	0.520429	-8093.1
701	0.520429	-8089.78
702	0.520429	-8099.5
703	0.520429	-8092.54
704	0.520429	-8099.28
705	0.520429	-8103.75
706	0.520429	-8105.18
707	0.520429	-8113
708	0.520429	-8110.16
709	0.520429	-8102.17
710	0.520429	-8099.31
711	0.520429	-8092.23
712	0.520429	-8100.04
713	0.520429	-8093.18
714	0.520429	-8087.4
715	0.520429	-8089.23
716	0.520429	-8108.73
717	0.520429	-8100.52
718	0.520429	-8107.54
719	0.520429	-8102.54
720	0.520429	-8087.36
721	0.520429	-8102.56
722	0.520429	-8082.61
723	0.520429	-8082.98
724	0.520429	-8083.71
725	0.520429	-8094.55
726	0.520429	-8095.82
727	0.520429	-8090.38
728	0.520429	-8089.21
729	0.520429	-8093.39
730	0.520429	-8098.39
731	0.520429	-8103.75
732	0.520429	-8103.8
733	0.520429	-8089.24
734	0.520429	-8085.36
735	0.520429	-8086.93
736	0.520429	-8074.04
737	0.520429	-8081.45
738	0.520429	-8078.59
739	0.520429	-8094.17
740	0.520429	-8088.61
741	0.520429	-8091.2
742	0.520429	-8101.83
743	0.520429	-8104.57
744	0.520429	-8111.46
745	0.520429	-8092.28
746	0.520429	-8099.22
747	0.520429	-8091.3
748	0.520429	-8096.87
749	0.520429	-8093.84
750	0.520429	-8097.81
751	0.520429	-8100.4
752	0.520429	-8094.23
753	0.520429	-8098.5
754	0.520429	-8081.23
755	0.520429	-8075.72
756	0.520429	-8084.13
757	0.520429	-8075.6
758	0.520429	-8098.76
759	0.520429	-8088.56
760	0.520429	-8093.13
761	0.520429	-8095.3
762	0.520429	-8098.44
763	0.520429	-8099.34
764	0.520429	-8091.69
765	0.520429	-8084.19
766	0.520429	-8089.75
767	0.520429	-8093.84
768	0.520429	-8090.93
769	0.520429	-8087.56
770	0.520429	-8103.39
771	0.520429	-8095.05
772	0.520429	-8093.84
773	0.520429	-8094.92
774	0.520429	-8089.92
775	0.520429	-8094.28
776	0.520429	-8101.45
777	0.520429	-8097.11
778	0.520429	-8102.62
779	0.520429	-8089.16
780	0.520429	-8081.72
781	0.520429	-8087.34
782	0.520429	-8083.6
783	0.520429	-8088.97
784	0.520429	-8100.92
785	0.520429	-8102.36
786	0.520429	-8094.97
787	0.520429	-8095.48
788	0.520429	-8096.84
789	0.520429	-8081.43
790	0.520429	-8084.42
791	0.520429	-8083.32
792	0.520429	-8082.78
793	0.520429	-8087.23
794	0.520429	-8090.2
795	0.520429	-8083.41
796	0.520429	-8084.03
797	0.520429	-8085.73
798	0.520429	-8099.05
799	0.520429	-8090.03
800	0.520429	-8075.76
801	0.520429	-8088.53
802	0.520429	-8082.5
803	0.520429	-8082.7
804	0.520429	-8077
805	0.520429	-8084.28
806	0.520429	-8079.64
807	0.520429	-8090.23
808	0.520429	-8080.42
809	0.520429	-8089.93
810	0.520429	-8090.79
811	0.520429	-8096.89
812	0.520429	-8095.98
813	0.520429	-8089.12
814	0.520429	-8084.21
815	0.520429	-8083.24
816	0.520429	-8079.59
817	0.520429	-8092.33
818	0.520429	-8095.93
819	0.520429	-8097.17
820	0.520429	-8088.74
821	0.520429	-8087.18
822	0.520429	-8079.68
823	0.520429	-8094.43
824	0.520429	-8100.03
825	0.520429	-8097.54
826	0.520429	-8091.38
827	0.520429	-8081.03
828	0.520429	-8079.22
829	0.520429	-8079.94
830	0.520429	-8084.32
831	0.520429	-8087.36
832	0.520429	-8095.75
833	0.520429	-8090.99
834	0.520429	-8087.24
835	0.520429	-8090.49
836	0.520429	-8081.08
837	0.520429	-8075.35
838	0.520429	-8079.7
839	0.520429	-8079.77
840	0.520429	-8075.28
841	0.520429	-8083.26
842	0.520429	-8083.39
843	0.520429	-8087.38
844	0.520429	-8091.39
845	0.520429	-8095.39
846	0.520429	-8102.26
847	0.520429	-8108.77
848	0.520429	-8113.49
849	0.520429	-8107.65
850	0.520429	-8089.97
851	0.520429	-8098.37
852	0.520429	-8080.41
853	0.520429	-8092.74
854	0.520429	-8090.39
855	0.520429	-8078.63
856	0.520429	-8079.03
857	0.520429	-8084.92
858	0.520429	-8087.27
859	0.520429	-8097.04
860	0.520429	-8082.1
861	0.520429	-8079.64
862	0.520429	-8085.76
863	0.520429	-8084.94
864	0.520429	-8084.83
865	0.520429	-8096.16
866	0.520429	-8088.4
867	0.520429	-8087.75
868	0.520429	-8093.87
869	0.520429	-8077.5
870	0.520429	-8072
871	0.520429	-8071.77
872	0.520429	-8078.33
873	0.520429	-8092.56
874	0.520429	-8078.84
875	0.520429	-8084.65
876	0.520429	-8089.66
877	0.520429	-8081.12
878	0.520429	-8075
879	0.520429	-8076.8
880	0.520429	-8078.63
881	0.520429	-8080.71
882	0.520429	-8089.55
883	0.520429	-8084.8
884	0.520429	-8083.5
885	0.520429	-8086.75
886	0.520429	-8097.48
887	0.520429	-8096.72
888	0.520429	-8091.28
889	0.520429	-8083.08
890	0.520429	-8087.48
891	0.520429	-8083.1
892	0.520429	-8082.07
893	0.520429	-8091.07
894	0.520429	-8093.01
895	0.520429	-8089.33
896	0.520429	-8089.67
897	0.520429	-8078.47
898	0.520429	-8081.29
899	0.520429	-8074.79
900	0.520429	-8084.11
901	0.520429	-8089.74
902	0.520429	-8094.1
903	0.520429	-8091.13
904	0.520429	-8089.7
905	0.520429	-8087.64
906	0.520429	-8088.58
907	0.520429	-8079.48
908	0.520429	-8083.93
909	0.520429	-8074.32
910	0.520429	-8072.46
911	0.520429	-8082.64
912	0.520429	-8085.74
913	0.520429	-8091.94
914	0.520429	-8100.77
915	0.520429	-8085.09
916	0.520429	-8086.48
917	0.520429	-8071.42
918	0.520429	-8072.3
919	0.520429	-8080.27
920	0.520429	-8090.21
921	0.520429	-8093.44
922	0.520429	-8096.19
923	0.520429	-8099.18
924	0.520429	-8108.98
925	0.520429	-8100.52
926	0.520429	-8092.52
927	0.520429	-8087.94
928	0.520429	-8083.79
929	0.520429	-8078.62
930	0.520429	-8085.44
931	0.520429	-8085.87
932	0.520429	-8095.5
933	0.520429	-8093.69
934	0.520429	-8089.04
935	0.520429	-8096.18
936	0.520429	-8087.97
937	0.520429	-8085.01
938	0.520429	-8077.9
939	0.520429	-8085.87
940	0.520429	-8084.65
941	0.520429	-8086.34
942	0.520429	-8078.24
943	0.520429	-8098.61
944	0.520429	-8097.56
945	0.520429	-8102.03
946	0.520429	-8104.29
947	0.520429	-8101.28
948	0.520429	-8100.45
949	0.520429	-8082.55
950	0.520429	-8079.71
951	0.520429	-8077.04
952	0.520429	-8083.87
953	0.520429	-8083.39
954	0.520429	-8079.34
955	0.520429	-8071.38
956	0.520429	-8080.29
957	0.520429	-8082.98
958	0.520429	-8093.13
959	0.520429	-8090.03
960	0.520429	-8103.93
961	0.520429	-8105.87
962	0.520429	-8103.67
963	0.520429	-8100.22
964	0.520429	-8095.45
965	0.520429	-8097.91
966	0.520429	-8094.77
967	0.520429	-8087.59
968	0.520429	-8084.42
969	0.520429	-8077.22
970	0.520429	-8087.02
971	0.520429	-8077.4
972	0.520429	-8091.68
973	0.520429	-8091.84
974	0.520429	-8089.57
975	0.520429	-8080.61
976	0.520429	-8080.38
977	0.520429	-8082.21
978	0.520429	-8078.15
979	0.520429	-8083.34
980	0.520429	-8084.75
981	0.520429	-8100.74
982	0.520429	-8088.62
983	0.520429	-8097.9
984	0.520429	-8099.44
985	0.520429	-8092.59
986	0.520429	-8082.36
987	0.520429	-8085.81
988	0.520429	-8084.31
989	0.520429	-8088.39
990	0.520429	-8096.66
991	0.520429	-8103.6
992	0.520429	-8100.83
993	0.520429	-8103.86
994	0.520429	-8091.06
995	0.520429	-8086.71
996	0.520429	-8094.87
997	0.520429	-8088.55
998	0.520429	-8080.74
999	0.520429	-8090.12
1000	0.520429	-8075.44
251	0.462664	-8091.89
252	0.462664	-8094.68
253	0.462664	-8086.67
254	0.462664	-8094.96
255	0.462664	-8103.22
256	0.462664	-8100.85
257	0.462664	-8102.93
258	0.462664	-8090.08
259	0.462664	-8075.12
260	0.462664	-8085.31
261	0.462664	-8083.09
262	0.462664	-8074.83
263	0.462664	-8078.44
264	0.462664	-8080.77
265	0.462664	-8073.07
266	0.462664	-8080.89
267	0.462664	-8081.39
268	0.462664	-8080.76
269	0.462664	-8096.78
270	0.462664	-8087.9
271	0.462664	-8081.57
272	0.462664	-8083.58
273	0.462664	-8078.03
274	0.462664	-8080.75
275	0.462664	-8082.79
276	0.462664	-8081.23
277	0.462664	-8088.04
278	0.462664	-8086.35
279	0.462664	-8079.3
280	0.462664	-8079.55
281	0.462664	-8093.89
282	0.462664	-8099.55
283	0.462664	-8086.63
284	0.462664	-8085.96
285	0.462664	-8078.36
286	0.462664	-8081.88
287	0.462664	-8083.25
288	0.462664	-8081.53
289	0.462664	-8087.69
290	0.462664	-8085.57
291	0.462664	-8095.24
292	0.462664	-8087.68
293	0.462664	-8089.18
294	0.462664	-8086.46
295	0.462664	-8089.87
296	0.462664	-8111.93
297	0.462664	-8093.93
298	0.462664	-8082.1
299	0.462664	-8086.02
300	0.462664	-8084.95
301	0.462664	-8074.16
302	0.462664	-8089.64
303	0.462664	-8096
304	0.462664	-8097.58
305	0.462664	-8088.32
306	0.462664	-8088.84
307	0.462664	-8086.53
308	0.462664	-8090.99
309	0.462664	-8085.67
310	0.462664	-8102.16
311	0.462664	-8091.56
312	0.462664	-8086.06
313	0.462664	-8088.29
314	0.462664	-8075.16
315	0.462664	-8076.36
316	0.462664	-8090.16
317	0.462664	-8087.78
318	0.462664	-8080.75
319	0.462664	-8085.2
320	0.462664	-8099.55
321	0.462664	-8079.49
322	0.462664	-8086.59
323	0.462664	-8079.84
324	0.462664	-8090.72
325	0.462664	-8107.24
326	0.462664	-8095.84
327	0.462664	-8097.32
328	0.462664	-8097.98
329	0.462664	-8100.45
330	0.462664	-8095.93
331	0.462664	-8093.19
332	0.462664	-8084.9
333	0.462664	-8086.07
334	0.462664	-8092.99
335	0.462664	-8090.18
336	0.462664	-8076.99
337	0.462664	-8085.27
338	0.462664	-8084.74
339	0.462664	-8090.75
340	0.462664	-8104.89
341	0.462664	-8086.33
342	0.462664	-8096.28
343	0.462664	-8095.75
344	0.462664	-8096.89
345	0.462664	-8113.82
346	0.462664	-8098.66
347	0.462664	-8092.49
348	0.462664	-8101.56
349	0.462664	-8109
350	0.462664	-8107.91
351	0.462664	-8091.43
352	0.462664	-8095.19
353	0.462664	-8093.18
354	0.462664	-8084.97
355	0.462664	-8075.38
356	0.462664	-8081.97
357	0.462664	-8081.39
358	0.462664	-8085.87
359	0.462664	-8099.4
360	0.462664	-8091.92
361	0.462664	-8095.62
362	0.462664	-8106.71
363	0.462664	-8092.28
364	0.462664	-8095.13
365	0.462664	-8091.47
366	0.462664	-8106.02
367	0.462664	-8098.15
368	0.462664	-8091.97
369	0.462664	-8087.59
370	0.462664	-8083.74
371	0.462664	-8083.3
372	0.462664	-8079.02
373	0.462664	-8079
374	0.462664	-8078.01
375	0.462664	-8074.07
376	0.462664	-8082.74
377	0.462664	-8089.48
378	0.462664	-8089.04
379	0.462664	-8092.39
380	0.462664	-8105.48
381	0.462664	-8093.49
382	0.462664	-8101.23
383	0.462664	-8095.18
384	0.462664	-8096.65
385	0.462664	-8109
386	0.462664	-8098.07
387	0.462664	-8098.92
388	0.462664	-8099.47
389	0.462664	-8092.06
390	0.462664	-8099.09
391	0.462664	-8099.47
392	0.462664	-8104.37
393	0.462664	-8104.65
394	0.462664	-8098.06
395	0.462664	-8112.69
396	0.462664	-8106.29
397	0.462664	-8099.66
398	0.462664	-8094.73
399	0.462664	-8107
400	0.462664	-8102.58
401	0.462664	-8093.66
402	0.462664	-8087.76
403	0.462664	-8085.08
404	0.462664	-8084.82
405	0.462664	-8093.2
406	0.462664	-8088.05
407	0.462664	-8095.63
408	0.462664	-8089.23
409	0.462664	-8087.86
410	0.462664	-8111.07
411	0.462664	-8079.27
412	0.462664	-8085.06
413	0.462664	-8088.57
414	0.462664	-8094.81
415	0.462664	-8091.99
416	0.462664	-8088.79
417	0.462664	-8094.56
418	0.462664	-8094.6
419	0.462664	-8081.32
420	0.462664	-8089.2
421	0.462664	-8091.54
422	0.462664	-8100.8
423	0.462664	-8109.15
424	0.462664	-8105.04
425	0.462664	-8109.36
426	0.462664	-8095.62
427	0.462664	-8104.98
428	0.462664	-8090.05
429	0.462664	-8087.98
430	0.462664	-8104.33
431	0.462664	-8097.34
432	0.462664	-8086.04
433	0.462664	-8086.9
434	0.462664	-8093.22
435	0.462664	-8081.64
436	0.462664	-8078.94
437	0.462664	-8082.69
438	0.462664	-8098.73
439	0.462664	-8100.74
440	0.462664	-8098.85
441	0.462664	-8094.21
442	0.462664	-8103.74
443	0.462664	-8093.41
444	0.462664	-8098.22
445	0.462664	-8084.79
446	0.462664	-8087.18
447	0.462664	-8089.41
448	0.462664	-8096.77
449	0.462664	-8090.13
450	0.462664	-8085.25
451	0.462664	-8088.08
452	0.462664	-8097.08
453	0.462664	-8084.34
454	0.462664	-8096.11
455	0.462664	-8091.74
456	0.462664	-8088.04
457	0.462664	-8095.58
458	0.462664	-8103.6
459	0.462664	-8109.81
460	0.462664	-8097.87
461	0.462664	-8095.94
462	0.462664	-8092.73
463	0.462664	-8073.15
464	0.462664	-8075.51
465	0.462664	-8077.32
466	0.462664	-8083.48
467	0.462664	-8088.31
468	0.462664	-8098.78
469	0.462664	-8108.64
470	0.462664	-8111.1
471	0.462664	-8109.56
472	0.462664	-8117.35
473	0.462664	-8121.36
474	0.462664	-8111.13
475	0.462664	-8109.01
476	0.462664	-8109.55
477	0.462664	-8104.22
478	0.462664	-8104.37
479	0.462664	-8101.88
480	0.462664	-8101.57
481	0.462664	-8082.93
482	0.462664	-8079.61
483	0.462664	-8078.56
484	0.462664	-8079.86
485	0.462664	-8078.63
486	0.462664	-8091.57
487	0.462664	-8083.77
488	0.462664	-8077.2
489	0.462664	-8079.71
490	0.462664	-8084.45
491	0.462664	-8077.84
492	0.462664	-8083.74
493	0.462664	-8088.65
494	0.462664	-8104.26
495	0.462664	-8085.26
496	0.462664	-8088.73
497	0.462664	-8074.42
498	0.462664	-8083.55
499	0.462664	-8085.77
500	0.462664	-8085.8
501	0.462664	-8080.93
502	0.462664	-8079.82
503	0.462664	-8094.88
504	0.462664	-8084.7
505	0.462664	-8090.57
506	0.462664	-8095.09
507	0.462664	-8097.86
508	0.462664	-8095.44
509	0.462664	-8103.38
510	0.462664	-8103.59
511	0.462664	-8086
512	0.462664	-8078.21
513	0.462664	-8080.16
514	0.462664	-8079.36
515	0.462664	-8091.87
516	0.462664	-8093.41
517	0.462664	-8091.44
518	0.462664	-8087.58
519	0.462664	-8086.76
520	0.462664	-8102.51
521	0.462664	-8091.99
522	0.462664	-8091.58
523	0.462664	-8082.07
524	0.462664	-8082.44
525	0.462664	-8097.48
526	0.462664	-8097.1
527	0.462664	-8090.59
528	0.462664	-8091.48
529	0.462664	-8094.83
530	0.462664	-8097.14
531	0.462664	-8101.32
532	0.462664	-8089.83
533	0.462664	-8097.93
534	0.462664	-8098.26
535	0.462664	-8093.21
536	0.462664	-8083.28
537	0.462664	-8090.3
538	0.462664	-8085.06
539	0.462664	-8105.82
540	0.462664	-8095.44
541	0.462664	-8098.5
542	0.462664	-8100.82
543	0.462664	-8105.46
544	0.462664	-8109.1
545	0.462664	-8094.23
546	0.462664	-8083.58
547	0.462664	-8087.36
548	0.462664	-8096.79
549	0.462664	-8088.09
550	0.462664	-8099.9
551	0.462664	-8090.49
552	0.462664	-8075.35
553	0.462664	-8083.55
554	0.462664	-8088.16
555	0.462664	-8100.93
556	0.462664	-8106.25
557	0.462664	-8091.19
558	0.462664	-8090.22
559	0.462664	-8091.64
560	0.462664	-8089.01
561	0.462664	-8104.35
562	0.462664	-8086.84
563	0.462664	-8092.02
564	0.462664	-8097.76
565	0.462664	-8108.57
566	0.462664	-8103.22
567	0.462664	-8090.32
568	0.462664	-8084.4
569	0.462664	-8103.74
570	0.462664	-8090.19
571	0.462664	-8092.28
572	0.462664	-8074.35
573	0.462664	-8088.75
574	0.462664	-8087.54
575	0.462664	-8102.05
576	0.462664	-8100.99
577	0.462664	-8105.35
578	0.462664	-8083.24
579	0.462664	-8093.02
580	0.462664	-8081.19
581	0.462664	-8080.71
582	0.462664	-8090.47
583	0.462664	-8082.43
584	0.462664	-8101.14
585	0.462664	-8107.81
586	0.462664	-8100.37
587	0.462664	-8101.38
588	0.462664	-8095.86
589	0.462664	-8100.39
590	0.462664	-8099.71
591	0.462664	-8100.28
592	0.462664	-8108.14
593	0.462664	-8110.81
594	0.462664	-8103.79
595	0.462664	-8096.79
596	0.462664	-8121.34
597	0.462664	-8104.19
598	0.462664	-8110.53
599	0.462664	-8092.76
600	0.462664	-8093.06
601	0.462664	-8086.21
602	0.462664	-8091.73
603	0.462664	-8091.2
604	0.462664	-8080.58
605	0.462664	-8094.67
606	0.462664	-8096.66
607	0.462664	-8088.04
608	0.462664	-8094.18
609	0.462664	-8093.05
610	0.462664	-8087.24
611	0.462664	-8077.5
612	0.462664	-8086.31
613	0.462664	-8092.12
614	0.462664	-8089.97
615	0.462664	-8090.35
616	0.462664	-8078.99
617	0.462664	-8091.83
618	0.462664	-8094.86
619	0.462664	-8089.57
620	0.462664	-8091.9
621	0.462664	-8096.57
622	0.462664	-8100.29
623	0.462664	-8100.28
624	0.462664	-8112.84
625	0.462664	-8113.3
626	0.462664	-8098.46
627	0.462664	-8092.37
628	0.462664	-8097.04
629	0.462664	-8090
630	0.462664	-8102.51
631	0.462664	-8085.82
632	0.462664	-8090.15
633	0.462664	-8081.25
634	0.462664	-8086.94
635	0.462664	-8071.85
636	0.462664	-8087.06
637	0.462664	-8093.72
638	0.462664	-8099.62
639	0.462664	-8104.92
640	0.462664	-8102.17
641	0.462664	-8091.12
642	0.462664	-8089.88
643	0.462664	-8095.83
644	0.462664	-8094.74
645	0.462664	-8085.57
646	0.462664	-8078.13
647	0.462664	-8073.38
648	0.462664	-8079.38
649	0.462664	-8086.64
650	0.462664	-8092.24
651	0.462664	-8103.28
652	0.462664	-8095.54
653	0.462664	-8101.83
654	0.462664	-8110.09
655	0.462664	-8096.56
656	0.462664	-8096.33
657	0.462664	-8098.04
658	0.462664	-8097.64
659	0.462664	-8088.23
660	0.462664	-8091.45
661	0.462664	-8107.16
662	0.462664	-8099.04
663	0.462664	-8095.61
664	0.462664	-8097.83
665	0.462664	-8095.21
666	0.462664	-8092.35
667	0.462664	-8101.6
668	0.462664	-8096.41
669	0.462664	-8096.3
670	0.462664	-8093.65
671	0.462664	-8092.13
672	0.462664	-8091.85
673	0.462664	-8098.45
674	0.462664	-8094.24
675	0.462664	-8090.41
676	0.462664	-8080.87
677	0.462664	-8091.53
678	0.462664	-8079.99
679	0.462664	-8081.89
680	0.462664	-8082.77
681	0.462664	-8080.24
682	0.462664	-8080.17
683	0.462664	-8089.35
684	0.462664	-8093.68
685	0.462664	-8093.51
686	0.462664	-8099.28
687	0.462664	-8114.06
688	0.462664	-8102.4
689	0.462664	-8105.7
690	0.462664	-8085.72
691	0.462664	-8083.8
692	0.462664	-8102.59
693	0.462664	-8101.92
694	0.462664	-8087.57
695	0.462664	-8092.2
696	0.462664	-8093.98
697	0.462664	-8095.97
698	0.462664	-8099.32
699	0.462664	-8100.97
700	0.462664	-8094.63
701	0.462664	-8094.05
702	0.462664	-8088.94
703	0.462664	-8089.16
704	0.462664	-8088.78
705	0.462664	-8080.87
706	0.462664	-8089.15
707	0.462664	-8098.76
708	0.462664	-8094.08
709	0.462664	-8095.18
710	0.462664	-8083.41
711	0.462664	-8081.13
712	0.462664	-8094.76
713	0.462664	-8097.68
714	0.462664	-8094.25
715	0.462664	-8091.93
716	0.462664	-8101.82
717	0.462664	-8093.98
718	0.462664	-8097.04
719	0.462664	-8091.02
720	0.462664	-8106.93
721	0.462664	-8103.46
722	0.462664	-8103.49
723	0.462664	-8092.72
724	0.462664	-8103.27
725	0.462664	-8095.05
726	0.462664	-8098.28
727	0.462664	-8090.29
728	0.462664	-8086.72
729	0.462664	-8083.73
730	0.462664	-8098.56
731	0.462664	-8083.11
732	0.462664	-8079.55
733	0.462664	-8080.99
734	0.462664	-8102.06
735	0.462664	-8103.95
736	0.462664	-8100.81
737	0.462664	-8112.32
738	0.462664	-8110.11
739	0.462664	-8093.27
740	0.462664	-8097.32
741	0.462664	-8102.17
742	0.462664	-8092.69
743	0.462664	-8106.23
744	0.462664	-8096.72
745	0.462664	-8100.3
746	0.462664	-8093.14
747	0.462664	-8094.63
748	0.462664	-8104.11
749	0.462664	-8085.38
750	0.462664	-8089.33
751	0.462664	-8078.96
752	0.462664	-8084.95
753	0.462664	-8092.63
754	0.462664	-8092.34
755	0.462664	-8101.02
756	0.462664	-8113.14
757	0.462664	-8116.6
758	0.462664	-8107.38
759	0.462664	-8110.71
760	0.462664	-8114.24
761	0.462664	-8104.33
762	0.462664	-8101.79
763	0.462664	-8089.97
764	0.462664	-8103.85
765	0.462664	-8088.39
766	0.462664	-8088.3
767	0.462664	-8080.94
768	0.462664	-8076.41
769	0.462664	-8073.59
770	0.462664	-8078.53
771	0.462664	-8083.05
772	0.462664	-8104.11
773	0.462664	-8088.9
774	0.462664	-8094
775	0.462664	-8077.31
776	0.462664	-8086.45
777	0.462664	-8085.1
778	0.462664	-8077.86
779	0.462664	-8081.8
780	0.462664	-8088.8
781	0.462664	-8096.44
782	0.462664	-8096.67
783	0.462664	-8107.44
784	0.462664	-8101.01
785	0.462664	-8088
786	0.462664	-8092.23
787	0.462664	-8090.6
788	0.462664	-8091.6
789	0.462664	-8086.68
790	0.462664	-8091.82
791	0.462664	-8095.95
792	0.462664	-8085.59
793	0.462664	-8082.58
794	0.462664	-8092.07
795	0.462664	-8114.23
796	0.462664	-8106.24
797	0.462664	-8111.24
798	0.462664	-8104.83
799	0.462664	-8105.39
800	0.462664	-8087.5
801	0.462664	-8085.98
802	0.462664	-8083.07
803	0.462664	-8096.97
804	0.462664	-8101.95
805	0.462664	-8095.17
806	0.462664	-8110.39
807	0.462664	-8107.98
808	0.462664	-8099.42
809	0.462664	-8091.47
810	0.462664	-8096.67
811	0.462664	-8102.83
812	0.462664	-8105.57
813	0.462664	-8113.28
814	0.462664	-8096.19
815	0.462664	-8101.05
816	0.462664	-8106.19
817	0.462664	-8107.05
818	0.462664	-8110.37
819	0.462664	-8117.79
820	0.462664	-8113.26
821	0.462664	-8110.35
822	0.462664	-8107.44
823	0.462664	-8099.95
824	0.462664	-8086.16
825	0.462664	-8080.1
826	0.462664	-8084.22
827	0.462664	-8086.45
828	0.462664	-8093.3
829	0.462664	-8086.32
830	0.462664	-8085.56
831	0.462664	-8098.89
832	0.462664	-8082.63
833	0.462664	-8096.76
834	0.462664	-8087.5
835	0.462664	-8106.11
836	0.462664	-8104.62
837	0.462664	-8088.94
838	0.462664	-8089.27
839	0.462664	-8086.83
840	0.462664	-8094.52
841	0.462664	-8106.67
842	0.462664	-8113.58
843	0.462664	-8097.32
844	0.462664	-8090.79
845	0.462664	-8086.22
846	0.462664	-8087.21
847	0.462664	-8096.01
848	0.462664	-8097.91
849	0.462664	-8102.53
850	0.462664	-8088.31
851	0.462664	-8096.61
852	0.462664	-8100.44
853	0.462664	-8108.11
854	0.462664	-8098.42
855	0.462664	-8100.63
856	0.462664	-8076.7
857	0.462664	-8092.55
858	0.462664	-8076.63
859	0.462664	-8091.37
860	0.462664	-8085.75
861	0.462664	-8092.81
862	0.462664	-8090.84
863	0.462664	-8085.27
864	0.462664	-8090.86
865	0.462664	-8089.34
866	0.462664	-8086.76
867	0.462664	-8097.08
868	0.462664	-8089.56
869	0.462664	-8085.93
870	0.462664	-8094.16
871	0.462664	-8094.01
872	0.462664	-8093.41
873	0.462664	-8099.38
874	0.462664	-8082.27
875	0.462664	-8094.96
876	0.462664	-8100.36
877	0.462664	-8091.72
878	0.462664	-8092.15
879	0.462664	-8083.42
880	0.462664	-8073.6
881	0.462664	-8084.68
882	0.462664	-8087.71
883	0.462664	-8097.09
884	0.462664	-8092.43
885	0.462664	-8099.31
886	0.462664	-8099.29
887	0.462664	-8092.13
888	0.462664	-8087.1
889	0.462664	-8090.1
890	0.462664	-8085.93
891	0.462664	-8105.53
892	0.462664	-8106.76
893	0.462664	-8101.26
894	0.462664	-8094.13
895	0.462664	-8084.8
896	0.462664	-8084.51
897	0.462664	-8092.54
898	0.462664	-8092.04
899	0.462664	-8088.84
900	0.462664	-8076.12
901	0.462664	-8070.98
902	0.462664	-8083.02
903	0.462664	-8094.73
904	0.462664	-8098.87
905	0.462664	-8113.31
906	0.462664	-8096.92
907	0.462664	-8096.51
908	0.462664	-8092.61
909	0.462664	-8082.36
910	0.462664	-8080
911	0.462664	-8079.15
912	0.462664	-8098.09
913	0.462664	-8111.38
914	0.462664	-8102.15
915	0.462664	-8081.57
916	0.462664	-8077.72
917	0.462664	-8078.97
918	0.462664	-8083.95
919	0.462664	-8089.33
920	0.462664	-8083.52
921	0.462664	-8092.49
922	0.462664	-8091.19
923	0.462664	-8092.49
924	0.462664	-8085.79
925	0.462664	-8093.52
926	0.462664	-8087.1
927	0.462664	-8098.62
928	0.462664	-8106.74
929	0.462664	-8094
930	0.462664	-8084.31
931	0.462664	-8079.68
932	0.462664	-8086.82
933	0.462664	-8073.86
934	0.462664	-8092.41
935	0.462664	-8074.35
936	0.462664	-8086.57
937	0.462664	-8090.91
938	0.462664	-8095.4
939	0.462664	-8093
940	0.462664	-8089.83
941	0.462664	-8086.26
942	0.462664	-8094.21
943	0.462664	-8088.83
944	0.462664	-8081.22
945	0.462664	-8078.26
946	0.462664	-8081.14
947	0.462664	-8080.76
948	0.462664	-8076.02
949	0.462664	-8094.81
950	0.462664	-8093.05
951	0.462664	-8093.79
952	0.462664	-8082.05
953	0.462664	-8096.38
954	0.462664	-8091.76
955	0.462664	-8093.65
956	0.462664	-8083.54
957	0.462664	-8087.67
958	0.462664	-8090.62
959	0.462664	-8093.49
960	0.462664	-8082.08
961	0.462664	-8078.73
962	0.462664	-8079.31
963	0.462664	-8074.51
964	0.462664	-8079.69
965	0.462664	-8090.61
966	0.462664	-8092.31
967	0.462664	-8093.38
968	0.462664	-8102.36
969	0.462664	-8097.61
970	0.462664	-8098.16
971	0.462664	-8091.98
972	0.462664	-8083.59
973	0.462664	-8082.43
974	0.462664	-8086.83
975	0.462664	-8082.05
976	0.462664	-8087.34
977	0.462664	-8097.64
978	0.462664	-8094.91
979	0.462664	-8096.12
980	0.462664	-8103.95
981	0.462664	-8110.47
982	0.462664	-8103.7
983	0.462664	-8100.96
984	0.462664	-8094.22
985	0.462664	-8101.87
986	0.462664	-8087.16
987	0.462664	-8083.5
988	0.462664	-8080.96
989	0.462664	-8092.48
990	0.462664	-8096.34
991	0.462664	-8098.45
992	0.462664	-8100.21
993	0.462664	-8099.78
994	0.462664	-8100.84
995	0.462664	-8095.39
996	0.462664	-8096.55
997	0.462664	-8096.56
998	0.462664	-8082.63
999	0.462664	-8069.52
1000	0.462664	-8075.92
251	0.410146	-8098.3
252	0.410146	-8115.05
253	0.410146	-8099.65
254	0.410146	-8095.08
255	0.410146	-8100.74
256	0.410146	-8097.49
257	0.410146	-8099.71
258	0.410146	-8114.43
259	0.410146	-8108.97
260	0.410146	-8093.02
261	0.410146	-8087.8
262	0.410146	-8085.99
263	0.410146	-8090.95
264	0.410146	-8100.57
265	0.410146	-8103.44
266	0.410146	-8102.59
267	0.410146	-8096.89
268	0.410146	-8093.16
269	0.410146	-8109.81
270	0.410146	-8119.4
271	0.410146	-8106.9
272	0.410146	-8104.84
273	0.410146	-8113.12
274	0.410146	-8115.6
275	0.410146	-8118.51
276	0.410146	-8123.48
277	0.410146	-8101.88
278	0.410146	-8101.58
279	0.410146	-8100.71
280	0.410146	-8102.39
281	0.410146	-8097
282	0.410146	-8090.04
283	0.410146	-8094.75
284	0.410146	-8099.86
285	0.410146	-8095.74
286	0.410146	-8097.93
287	0.410146	-8088.73
288	0.410146	-8099.25
289	0.410146	-8112.6
290	0.410146	-8094.64
291	0.410146	-8110.93
292	0.410146	-8100.19
293	0.410146	-8102.55
294	0.410146	-8085.59
295	0.410146	-8099.21
296	0.410146	-8094.62
297	0.410146	-8090.08
298	0.410146	-8080.53
299	0.410146	-8083.08
300	0.410146	-8096.77
301	0.410146	-8103.15
302	0.410146	-8116.28
303	0.410146	-8107.76
304	0.410146	-8113.1
305	0.410146	-8109.47
306	0.410146	-8110.94
307	0.410146	-8115.69
308	0.410146	-8115.38
309	0.410146	-8116.3
310	0.410146	-8098.98
311	0.410146	-8094.32
312	0.410146	-8094.18
313	0.410146	-8101.39
314	0.410146	-8116.14
315	0.410146	-8096
316	0.410146	-8092.8
317	0.410146	-8092.66
318	0.410146	-8099.88
319	0.410146	-8102.17
320	0.410146	-8085.97
321	0.410146	-8094.06
322	0.410146	-8105.43
323	0.410146	-8092.41
324	0.410146	-8078.95
325	0.410146	-8083.27
326	0.410146	-8079.23
327	0.410146	-8082.02
328	0.410146	-8083.49
329	0.410146	-8090.52
330	0.410146	-8103.06
331	0.410146	-8107.31
332	0.410146	-8118.84
333	0.410146	-8121.03
334	0.410146	-8101.94
335	0.410146	-8097.14
336	0.410146	-8111.95
337	0.410146	-8114.65
338	0.410146	-8102.7
339	0.410146	-8102.66
340	0.410146	-8108.72
341	0.410146	-8118.23
342	0.410146	-8120.95
343	0.410146	-8105.53
344	0.410146	-8091.94
345	0.410146	-8096.34
346	0.410146	-8093.49
347	0.410146	-8107.85
348	0.410146	-8102.38
349	0.410146	-8100.85
350	0.410146	-8100.84
351	0.410146	-8103.9
352	0.410146	-8097.15
353	0.410146	-8087.42
354	0.410146	-8093.76
355	0.410146	-8094.83
356	0.410146	-8107.71
357	0.410146	-8114.36
358	0.410146	-8084.04
359	0.410146	-8085.85
360	0.410146	-8088.56
361	0.410146	-8099.12
362	0.410146	-8099.03
363	0.410146	-8114.19
364	0.410146	-8098.62
365	0.410146	-8095.5
366	0.410146	-8094.34
367	0.410146	-8096.07
368	0.410146	-8101.74
369	0.410146	-8103.47
370	0.410146	-8099.93
371	0.410146	-8110.02
372	0.410146	-8111.97
373	0.410146	-8114.88
374	0.410146	-8111.09
375	0.410146	-8117.12
376	0.410146	-8093.71
377	0.410146	-8092.83
378	0.410146	-8101.36
379	0.410146	-8093.28
380	0.410146	-8088.77
381	0.410146	-8089.19
382	0.410146	-8093.8
383	0.410146	-8088.68
384	0.410146	-8095.73
385	0.410146	-8088.4
386	0.410146	-8090.49
387	0.410146	-8083.25
388	0.410146	-8091.77
389	0.410146	-8097.88
390	0.410146	-8085.2
391	0.410146	-8101.92
392	0.410146	-8093.67
393	0.410146	-8105.56
394	0.410146	-8103.33
395	0.410146	-8106.95
396	0.410146	-8119.04
397	0.410146	-8104.91
398	0.410146	-8098.66
399	0.410146	-8088.05
400	0.410146	-8105.23
401	0.410146	-8094.7
402	0.410146	-8110.71
403	0.410146	-8109.28
404	0.410146	-8104.71
405	0.410146	-8103.93
406	0.410146	-8114.43
407	0.410146	-8105.83
408	0.410146	-8102.95
409	0.410146	-8112.91
410	0.410146	-8103.77
411	0.410146	-8106.92
412	0.410146	-8093.81
413	0.410146	-8079.1
414	0.410146	-8097.23
415	0.410146	-8103.83
416	0.410146	-8118.26
417	0.410146	-8109.83
418	0.410146	-8099.43
419	0.410146	-8120
420	0.410146	-8118.55
421	0.410146	-8101.28
422	0.410146	-8087.73
423	0.410146	-8086.56
424	0.410146	-8105.2
425	0.410146	-8095.95
426	0.410146	-8096.05
427	0.410146	-8106.68
428	0.410146	-8109.91
429	0.410146	-8118.91
430	0.410146	-8116.36
431	0.410146	-8123.93
432	0.410146	-8113.14
433	0.410146	-8102.1
434	0.410146	-8095.12
435	0.410146	-8089.32
436	0.410146	-8098.13
437	0.410146	-8097.16
438	0.410146	-8090.17
439	0.410146	-8083.33
440	0.410146	-8087.44
441	0.410146	-8079.5
442	0.410146	-8087.57
443	0.410146	-8104.85
444	0.410146	-8095.82
445	0.410146	-8071.7
446	0.410146	-8080.96
447	0.410146	-8089.61
448	0.410146	-8085.23
449	0.410146	-8081.24
450	0.410146	-8083.05
451	0.410146	-8089.07
452	0.410146	-8083.74
453	0.410146	-8097.2
454	0.410146	-8101.13
455	0.410146	-8110.53
456	0.410146	-8097.12
457	0.410146	-8096.61
458	0.410146	-8091.51
459	0.410146	-8096.44
460	0.410146	-8103.98
461	0.410146	-8101.73
462	0.410146	-8109.26
463	0.410146	-8096.98
464	0.410146	-8096.83
465	0.410146	-8090.61
466	0.410146	-8077.02
467	0.410146	-8074.06
468	0.410146	-8082.38
469	0.410146	-8073.02
470	0.410146	-8072.86
471	0.410146	-8081.08
472	0.410146	-8086.95
473	0.410146	-8088.01
474	0.410146	-8090.19
475	0.410146	-8099.45
476	0.410146	-8082.22
477	0.410146	-8090.49
478	0.410146	-8108.05
479	0.410146	-8084.7
480	0.410146	-8093.44
481	0.410146	-8082.55
482	0.410146	-8079.42
483	0.410146	-8080.7
484	0.410146	-8086.02
485	0.410146	-8082.34
486	0.410146	-8090.13
487	0.410146	-8100.6
488	0.410146	-8083.51
489	0.410146	-8095.6
490	0.410146	-8088.27
491	0.410146	-8100.03
492	0.410146	-8101.53
493	0.410146	-8094.82
494	0.410146	-8112.78
495	0.410146	-8120.74
496	0.410146	-8105.08
497	0.410146	-8107.32
498	0.410146	-8089.25
499	0.410146	-8078.74
500	0.410146	-8080.17
501	0.410146	-8085.03
502	0.410146	-8094.93
503	0.410146	-8097.54
504	0.410146	-8088.72
505	0.410146	-8087.28
506	0.410146	-8087.5
507	0.410146	-8084.48
508	0.410146	-8110.85
509	0.410146	-8103.89
510	0.410146	-8092.35
511	0.410146	-8083.11
512	0.410146	-8098.72
513	0.410146	-8119.2
514	0.410146	-8126.73
515	0.410146	-8108.52
516	0.410146	-8097.16
517	0.410146	-8107.93
518	0.410146	-8107.94
519	0.410146	-8106.43
520	0.410146	-8115.59
521	0.410146	-8100.9
522	0.410146	-8106.03
523	0.410146	-8112.5
524	0.410146	-8121.05
525	0.410146	-8121.75
526	0.410146	-8087.57
527	0.410146	-8087.95
528	0.410146	-8100.64
529	0.410146	-8101.97
530	0.410146	-8092.63
531	0.410146	-8088.02
532	0.410146	-8087.58
533	0.410146	-8088.22
534	0.410146	-8088.76
535	0.410146	-8096.38
536	0.410146	-8088.48
537	0.410146	-8085.69
538	0.410146	-8078.05
539	0.410146	-8092.44
540	0.410146	-8074.71
541	0.410146	-8103.65
542	0.410146	-8112.04
543	0.410146	-8102.26
544	0.410146	-8081.44
545	0.410146	-8091.28
546	0.410146	-8086.18
547	0.410146	-8092.36
548	0.410146	-8097.31
549	0.410146	-8088.15
550	0.410146	-8090
551	0.410146	-8091.96
552	0.410146	-8089.01
553	0.410146	-8092.44
554	0.410146	-8087.48
555	0.410146	-8078.61
556	0.410146	-8078.34
557	0.410146	-8080.07
558	0.410146	-8071.8
559	0.410146	-8084.87
560	0.410146	-8079.3
561	0.410146	-8106.22
562	0.410146	-8101.75
563	0.410146	-8083.96
564	0.410146	-8084.22
565	0.410146	-8094.05
566	0.410146	-8089.34
567	0.410146	-8086.91
568	0.410146	-8088.34
569	0.410146	-8090.04
570	0.410146	-8097.23
571	0.410146	-8093.76
572	0.410146	-8095.37
573	0.410146	-8107.72
574	0.410146	-8112.71
575	0.410146	-8105.97
576	0.410146	-8104.25
577	0.410146	-8105.31
578	0.410146	-8092.24
579	0.410146	-8088.66
580	0.410146	-8097.15
581	0.410146	-8089.51
582	0.410146	-8087.97
583	0.410146	-8103.51
584	0.410146	-8099.08
585	0.410146	-8096.52
586	0.410146	-8095.81
587	0.410146	-8107.58
588	0.410146	-8083.13
589	0.410146	-8084.83
590	0.410146	-8097.35
591	0.410146	-8094.74
592	0.410146	-8091.74
593	0.410146	-8106.42
594	0.410146	-8107.17
595	0.410146	-8103.08
596	0.410146	-8113.93
597	0.410146	-8114.6
598	0.410146	-8104.92
599	0.410146	-8115.5
600	0.410146	-8098.72
601	0.410146	-8083.78
602	0.410146	-8089.29
603	0.410146	-8086.96
604	0.410146	-8080.51
605	0.410146	-8081.58
606	0.410146	-8085.9
607	0.410146	-8077.83
608	0.410146	-8077.63
609	0.410146	-8075.74
610	0.410146	-8079.37
611	0.410146	-8081.62
612	0.410146	-8090.47
613	0.410146	-8101.9
614	0.410146	-8093
615	0.410146	-8099.9
616	0.410146	-8081.66
617	0.410146	-8102.21
618	0.410146	-8117.94
619	0.410146	-8100.47
620	0.410146	-8103.28
621	0.410146	-8103
622	0.410146	-8113.69
623	0.410146	-8099.22
624	0.410146	-8085.19
625	0.410146	-8092.62
626	0.410146	-8102.07
627	0.410146	-8090.33
628	0.410146	-8101.4
629	0.410146	-8104.57
630	0.410146	-8101.38
631	0.410146	-8099.51
632	0.410146	-8091.7
633	0.410146	-8095.33
634	0.410146	-8097.25
635	0.410146	-8084.64
636	0.410146	-8088.74
637	0.410146	-8075.22
638	0.410146	-8083.83
639	0.410146	-8087.59
640	0.410146	-8092.73
641	0.410146	-8094.31
642	0.410146	-8089.11
643	0.410146	-8084.92
644	0.410146	-8097.09
645	0.410146	-8101.21
646	0.410146	-8107.02
647	0.410146	-8108.5
648	0.410146	-8103.71
649	0.410146	-8085.81
650	0.410146	-8095.47
651	0.410146	-8105.93
652	0.410146	-8107.97
653	0.410146	-8104.6
654	0.410146	-8122.69
655	0.410146	-8123.99
656	0.410146	-8108.98
657	0.410146	-8105.34
658	0.410146	-8093.23
659	0.410146	-8104.76
660	0.410146	-8098.33
661	0.410146	-8102.6
662	0.410146	-8091.8
663	0.410146	-8096.53
664	0.410146	-8088.54
665	0.410146	-8106.15
666	0.410146	-8096.47
667	0.410146	-8111.1
668	0.410146	-8109.67
669	0.410146	-8109.06
670	0.410146	-8086.85
671	0.410146	-8091.34
672	0.410146	-8104.41
673	0.410146	-8112.3
674	0.410146	-8117.19
675	0.410146	-8098.24
676	0.410146	-8094.53
677	0.410146	-8081.3
678	0.410146	-8096.42
679	0.410146	-8089.11
680	0.410146	-8099.05
681	0.410146	-8099.15
682	0.410146	-8097.86
683	0.410146	-8101.91
684	0.410146	-8085.56
685	0.410146	-8081.89
686	0.410146	-8092.67
687	0.410146	-8100.08
688	0.410146	-8089.94
689	0.410146	-8085.48
690	0.410146	-8086.81
691	0.410146	-8092.78
692	0.410146	-8094.56
693	0.410146	-8111.1
694	0.410146	-8109.66
695	0.410146	-8127.53
696	0.410146	-8121.31
697	0.410146	-8107.45
698	0.410146	-8085.24
699	0.410146	-8078.11
700	0.410146	-8085.86
701	0.410146	-8071.93
702	0.410146	-8070.7
703	0.410146	-8101.59
704	0.410146	-8089.01
705	0.410146	-8091.01
706	0.410146	-8092.25
707	0.410146	-8092.25
708	0.410146	-8096.54
709	0.410146	-8082.68
710	0.410146	-8098.72
711	0.410146	-8094.18
712	0.410146	-8104.69
713	0.410146	-8099.96
714	0.410146	-8105.22
715	0.410146	-8098.17
716	0.410146	-8087.45
717	0.410146	-8093.08
718	0.410146	-8089.28
719	0.410146	-8087.71
720	0.410146	-8076.33
721	0.410146	-8079.82
722	0.410146	-8077.6
723	0.410146	-8095.77
724	0.410146	-8091.58
725	0.410146	-8078.83
726	0.410146	-8101.85
727	0.410146	-8105.14
728	0.410146	-8094.72
729	0.410146	-8101.68
730	0.410146	-8103.16
731	0.410146	-8090.91
732	0.410146	-8090.84
733	0.410146	-8089.47
734	0.410146	-8099.78
735	0.410146	-8099.58
736	0.410146	-8104.21
737	0.410146	-8104.27
738	0.410146	-8109.12
739	0.410146	-8120.24
740	0.410146	-8113.28
741	0.410146	-8113.07
742	0.410146	-8102.05
743	0.410146	-8082.29
744	0.410146	-8085.15
745	0.410146	-8081.94
746	0.410146	-8080.28
747	0.410146	-8088.53
748	0.410146	-8091.93
749	0.410146	-8086.14
750	0.410146	-8085.43
751	0.410146	-8085.08
752	0.410146	-8092.32
753	0.410146	-8095.74
754	0.410146	-8100.12
755	0.410146	-8100.16
756	0.410146	-8087.39
757	0.410146	-8101.8
758	0.410146	-8098.43
759	0.410146	-8094.18
760	0.410146	-8086.58
761	0.410146	-8083.44
762	0.410146	-8075.79
763	0.410146	-8081.63
764	0.410146	-8096.47
765	0.410146	-8102.03
766	0.410146	-8095.59
767	0.410146	-8086.21
768	0.410146	-8091.77
769	0.410146	-8109.2
770	0.410146	-8091.63
771	0.410146	-8099.31
772	0.410146	-8107.34
773	0.410146	-8115.59
774	0.410146	-8101.71
775	0.410146	-8092.25
776	0.410146	-8111.85
777	0.410146	-8116.54
778	0.410146	-8096.29
779	0.410146	-8091.41
780	0.410146	-8094.49
781	0.410146	-8096.62
782	0.410146	-8098.28
783	0.410146	-8080.34
784	0.410146	-8087.94
785	0.410146	-8091.25
786	0.410146	-8109.68
787	0.410146	-8121.7
788	0.410146	-8137.18
789	0.410146	-8137.23
790	0.410146	-8116.57
791	0.410146	-8112.7
792	0.410146	-8106.46
793	0.410146	-8097.81
794	0.410146	-8112.23
795	0.410146	-8105.95
796	0.410146	-8111.67
797	0.410146	-8103.88
798	0.410146	-8116.76
799	0.410146	-8109.46
800	0.410146	-8102.28
801	0.410146	-8094.61
802	0.410146	-8092.15
803	0.410146	-8102.42
804	0.410146	-8113.6
805	0.410146	-8101.62
806	0.410146	-8103.06
807	0.410146	-8107.5
808	0.410146	-8111.48
809	0.410146	-8116.34
810	0.410146	-8120.08
811	0.410146	-8097.43
812	0.410146	-8107.67
813	0.410146	-8101.99
814	0.410146	-8098.36
815	0.410146	-8109.55
816	0.410146	-8118.35
817	0.410146	-8110.7
818	0.410146	-8092.9
819	0.410146	-8090.37
820	0.410146	-8081.1
821	0.410146	-8076.26
822	0.410146	-8082.07
823	0.410146	-8092.48
824	0.410146	-8080.07
825	0.410146	-8092.99
826	0.410146	-8090.46
827	0.410146	-8091.8
828	0.410146	-8093.55
829	0.410146	-8101.86
830	0.410146	-8099.95
831	0.410146	-8108.31
832	0.410146	-8114.44
833	0.410146	-8089.92
834	0.410146	-8083.4
835	0.410146	-8092.78
836	0.410146	-8102
837	0.410146	-8106.93
838	0.410146	-8096.49
839	0.410146	-8089.61
840	0.410146	-8084.27
841	0.410146	-8086.98
842	0.410146	-8071.41
843	0.410146	-8076.64
844	0.410146	-8081.49
845	0.410146	-8093.99
846	0.410146	-8098.35
847	0.410146	-8098.49
848	0.410146	-8096.53
849	0.410146	-8093.55
850	0.410146	-8096.02
851	0.410146	-8098.25
852	0.410146	-8085.14
853	0.410146	-8099.14
854	0.410146	-8108.26
855	0.410146	-8102.1
856	0.410146	-8086.94
857	0.410146	-8102.48
858	0.410146	-8102.3
859	0.410146	-8104.68
860	0.410146	-8114.27
861	0.410146	-8119.67
862	0.410146	-8105.23
863	0.410146	-8101.14
864	0.410146	-8105.67
865	0.410146	-8091.7
866	0.410146	-8096.58
867	0.410146	-8091.3
868	0.410146	-8096.47
869	0.410146	-8092.26
870	0.410146	-8093.21
871	0.410146	-8089.72
872	0.410146	-8083.35
873	0.410146	-8082.18
874	0.410146	-8073.17
875	0.410146	-8083.27
876	0.410146	-8088.8
877	0.410146	-8086.29
878	0.410146	-8095.63
879	0.410146	-8084.77
880	0.410146	-8092.5
881	0.410146	-8090.78
882	0.410146	-8098.11
883	0.410146	-8101.6
884	0.410146	-8083.7
885	0.410146	-8088.03
886	0.410146	-8091.48
887	0.410146	-8092.51
888	0.410146	-8105.14
889	0.410146	-8106.61
890	0.410146	-8107.6
891	0.410146	-8126.39
892	0.410146	-8116.1
893	0.410146	-8104.42
894	0.410146	-8096.41
895	0.410146	-8109.92
896	0.410146	-8116.28
897	0.410146	-8119.23
898	0.410146	-8129.22
899	0.410146	-8124.9
900	0.410146	-8103.74
901	0.410146	-8103.47
902	0.410146	-8119.36
903	0.410146	-8103.48
904	0.410146	-8111.21
905	0.410146	-8096.09
906	0.410146	-8112.93
907	0.410146	-8092.97
908	0.410146	-8101.58
909	0.410146	-8106.43
910	0.410146	-8086.92
911	0.410146	-8091.65
912	0.410146	-8102.17
913	0.410146	-8088.9
914	0.410146	-8076.6
915	0.410146	-8077.54
916	0.410146	-8100.09
917	0.410146	-8108.19
918	0.410146	-8106.15
919	0.410146	-8101.95
920	0.410146	-8099.72
921	0.410146	-8102.79
922	0.410146	-8106.37
923	0.410146	-8104.24
924	0.410146	-8096.79
925	0.410146	-8120.76
926	0.410146	-8105.49
927	0.410146	-8120.97
928	0.410146	-8105.12
929	0.410146	-8129.29
930	0.410146	-8113.93
931	0.410146	-8123.74
932	0.410146	-8120.7
933	0.410146	-8111.98
934	0.410146	-8122.22
935	0.410146	-8140.12
936	0.410146	-8117.54
937	0.410146	-8110.56
938	0.410146	-8112.29
939	0.410146	-8117.03
940	0.410146	-8107.09
941	0.410146	-8103.79
942	0.410146	-8100.6
943	0.410146	-8101.13
944	0.410146	-8102.25
945	0.410146	-8107.93
946	0.410146	-8108.46
947	0.410146	-8088.31
948	0.410146	-8094.07
949	0.410146	-8101.83
950	0.410146	-8110.97
951	0.410146	-8111.48
952	0.410146	-8113.69
953	0.410146	-8109.91
954	0.410146	-8104.45
955	0.410146	-8106.53
956	0.410146	-8116.93
957	0.410146	-8127.03
958	0.410146	-8121.12
959	0.410146	-8115.45
960	0.410146	-8102.23
961	0.410146	-8104.74
962	0.410146	-8101.59
963	0.410146	-8109.73
964	0.410146	-8090.16
965	0.410146	-8085.18
966	0.410146	-8080.61
967	0.410146	-8110.51
968	0.410146	-8109.97
969	0.410146	-8094.81
970	0.410146	-8108.32
971	0.410146	-8094.45
972	0.410146	-8094.11
973	0.410146	-8100.34
974	0.410146	-8095.55
975	0.410146	-8096.09
976	0.410146	-8093.79
977	0.410146	-8086.72
978	0.410146	-8088.44
979	0.410146	-8094.74
980	0.410146	-8094.56
981	0.410146	-8101.98
982	0.410146	-8093.33
983	0.410146	-8109.96
984	0.410146	-8098.54
985	0.410146	-8089.62
986	0.410146	-8094.83
987	0.410146	-8075.68
988	0.410146	-8094.22
989	0.410146	-8106.33
990	0.410146	-8090.98
991	0.410146	-8095.94
992	0.410146	-8094.86
993	0.410146	-8095.76
994	0.410146	-8093.26
995	0.410146	-8097.63
996	0.410146	-8093.68
997	0.410146	-8096.59
998	0.410146	-8112.33
999	0.410146	-8104.45
1000	0.410146	-8094.8
251	0.36251	-8105.07
252	0.36251	-8107.08
253	0.36251	-8109.23
254	0.36251	-8110.58
255	0.36251	-8102.69
256	0.36251	-8094.88
257	0.36251	-8088.36
258	0.36251	-8073.93
259	0.36251	-8081.45
260	0.36251	-8101.62
261	0.36251	-8089.34
262	0.36251	-8090.16
263	0.36251	-8107.04
264	0.36251	-8107.59
265	0.36251	-8093.5
266	0.36251	-8121.42
267	0.36251	-8108.68
268	0.36251	-8086.94
269	0.36251	-8094.85
270	0.36251	-8104.05
271	0.36251	-8100.25
272	0.36251	-8101.89
273	0.36251	-8103.11
274	0.36251	-8109.77
275	0.36251	-8103.42
276	0.36251	-8092.71
277	0.36251	-8101.89
278	0.36251	-8091.43
279	0.36251	-8100.27
280	0.36251	-8098.88
281	0.36251	-8092.62
282	0.36251	-8099.36
283	0.36251	-8104.84
284	0.36251	-8101.59
285	0.36251	-8087.87
286	0.36251	-8098.83
287	0.36251	-8108.82
288	0.36251	-8101.1
289	0.36251	-8104.21
290	0.36251	-8089.93
291	0.36251	-8104.46
292	0.36251	-8105.9
293	0.36251	-8108.86
294	0.36251	-8117.65
295	0.36251	-8107.28
296	0.36251	-8105.98
297	0.36251	-8107.81
298	0.36251	-8094.05
299	0.36251	-8091.25
300	0.36251	-8096.31
301	0.36251	-8101.03
302	0.36251	-8093.43
303	0.36251	-8091.73
304	0.36251	-8080.73
305	0.36251	-8072.42
306	0.36251	-8092.62
307	0.36251	-8083.16
308	0.36251	-8084.63
309	0.36251	-8087.89
310	0.36251	-8090.2
311	0.36251	-8101.76
312	0.36251	-8091.73
313	0.36251	-8088.7
314	0.36251	-8095.73
315	0.36251	-8094.9
316	0.36251	-8070.18
317	0.36251	-8072.95
318	0.36251	-8084.48
319	0.36251	-8087.1
320	0.36251	-8089.99
321	0.36251	-8084.78
322	0.36251	-8110.72
323	0.36251	-8106.15
324	0.36251	-8089.04
325	0.36251	-8099.66
326	0.36251	-8096.82
327	0.36251	-8099.48
328	0.36251	-8119.03
329	0.36251	-8095.53
330	0.36251	-8142.73
331	0.36251	-8113.42
332	0.36251	-8126.92
333	0.36251	-8103.98
334	0.36251	-8106.04
335	0.36251	-8102.23
336	0.36251	-8095.18
337	0.36251	-8124.27
338	0.36251	-8137.39
339	0.36251	-8097.26
340	0.36251	-8109.86
341	0.36251	-8108.9
342	0.36251	-8100.17
343	0.36251	-8098.1
344	0.36251	-8103.56
345	0.36251	-8115.88
346	0.36251	-8114.81
347	0.36251	-8101.13
348	0.36251	-8122.57
349	0.36251	-8110.39
350	0.36251	-8092.09
351	0.36251	-8115.48
352	0.36251	-8105.85
353	0.36251	-8103.34
354	0.36251	-8110.32
355	0.36251	-8095.34
356	0.36251	-8105.8
357	0.36251	-8117.35
358	0.36251	-8113.68
359	0.36251	-8129.24
360	0.36251	-8129.62
361	0.36251	-8109.49
362	0.36251	-8120.35
363	0.36251	-8107.41
364	0.36251	-8117.89
365	0.36251	-8120.25
366	0.36251	-8137.92
367	0.36251	-8130.5
368	0.36251	-8114.55
369	0.36251	-8147.45
370	0.36251	-8140.36
371	0.36251	-8140.5
372	0.36251	-8123.46
373	0.36251	-8117.22
374	0.36251	-8101.17
375	0.36251	-8115.37
376	0.36251	-8123.91
377	0.36251	-8120.08
378	0.36251	-8125.58
379	0.36251	-8117.48
380	0.36251	-8131.39
381	0.36251	-8141.93
382	0.36251	-8121.51
383	0.36251	-8102.78
384	0.36251	-8097.89
385	0.36251	-8089.52
386	0.36251	-8093.51
387	0.36251	-8098.11
388	0.36251	-8092.79
389	0.36251	-8094.74
390	0.36251	-8097.67
391	0.36251	-8095.27
392	0.36251	-8097.18
393	0.36251	-8094.63
394	0.36251	-8101.86
395	0.36251	-8110.65
396	0.36251	-8098.95
397	0.36251	-8097.06
398	0.36251	-8096.16
399	0.36251	-8110.69
400	0.36251	-8108.45
401	0.36251	-8102.75
402	0.36251	-8097.66
403	0.36251	-8101.45
404	0.36251	-8100.02
405	0.36251	-8092.01
406	0.36251	-8085.02
407	0.36251	-8081.05
408	0.36251	-8118.08
409	0.36251	-8126.2
410	0.36251	-8114.11
411	0.36251	-8117.23
412	0.36251	-8121.16
413	0.36251	-8103.4
414	0.36251	-8103.82
415	0.36251	-8098.64
416	0.36251	-8105.68
417	0.36251	-8095.81
418	0.36251	-8091.51
419	0.36251	-8105.25
420	0.36251	-8113.45
421	0.36251	-8099.34
422	0.36251	-8104.53
423	0.36251	-8112.29
424	0.36251	-8096.29
425	0.36251	-8094.61
426	0.36251	-8084.9
427	0.36251	-8082.14
428	0.36251	-8086.35
429	0.36251	-8089.65
430	0.36251	-8102.67
431	0.36251	-8103.32
432	0.36251	-8106.26
433	0.36251	-8108.71
434	0.36251	-8106.86
435	0.36251	-8099.51
436	0.36251	-8097.71
437	0.36251	-8122.45
438	0.36251	-8124.05
439	0.36251	-8123.66
440	0.36251	-8114.79
441	0.36251	-8120.86
442	0.36251	-8123.9
443	0.36251	-8112.19
444	0.36251	-8090.3
445	0.36251	-8099.84
446	0.36251	-8110.72
447	0.36251	-8108.25
448	0.36251	-8100.12
449	0.36251	-8104.29
450	0.36251	-8106.67
451	0.36251	-8115.94
452	0.36251	-8102.73
453	0.36251	-8107.14
454	0.36251	-8118.28
455	0.36251	-8121.48
456	0.36251	-8102.25
457	0.36251	-8104.56
458	0.36251	-8106.25
459	0.36251	-8107.12
460	0.36251	-8112.02
461	0.36251	-8113.96
462	0.36251	-8116.1
463	0.36251	-8114.45
464	0.36251	-8112.81
465	0.36251	-8124.7
466	0.36251	-8126.58
467	0.36251	-8126.36
468	0.36251	-8118.03
469	0.36251	-8109.98
470	0.36251	-8101.27
471	0.36251	-8110.64
472	0.36251	-8097.27
473	0.36251	-8096.51
474	0.36251	-8104.81
475	0.36251	-8111.37
476	0.36251	-8108.13
477	0.36251	-8109.08
478	0.36251	-8113.88
479	0.36251	-8106.18
480	0.36251	-8102.76
481	0.36251	-8095.42
482	0.36251	-8105.88
483	0.36251	-8122.31
484	0.36251	-8105.1
485	0.36251	-8094.4
486	0.36251	-8112.95
487	0.36251	-8106.34
488	0.36251	-8099.58
489	0.36251	-8112.17
490	0.36251	-8100.46
491	0.36251	-8107.14
492	0.36251	-8098.9
493	0.36251	-8110.51
494	0.36251	-8107.14
495	0.36251	-8105.67
496	0.36251	-8112.68
497	0.36251	-8098.35
498	0.36251	-8094.71
499	0.36251	-8121.04
500	0.36251	-8110.49
501	0.36251	-8103.16
502	0.36251	-8121.21
503	0.36251	-8097.13
504	0.36251	-8117.4
505	0.36251	-8106.48
506	0.36251	-8105.38
507	0.36251	-8109.56
508	0.36251	-8112.7
509	0.36251	-8116.84
510	0.36251	-8120.45
511	0.36251	-8114.45
512	0.36251	-8107.89
513	0.36251	-8110.95
514	0.36251	-8110.09
515	0.36251	-8104.91
516	0.36251	-8087.4
517	0.36251	-8102.83
518	0.36251	-8102.55
519	0.36251	-8105.35
520	0.36251	-8101.15
521	0.36251	-8133.1
522	0.36251	-8122.8
523	0.36251	-8100.16
524	0.36251	-8120.1
525	0.36251	-8120.77
526	0.36251	-8099.65
527	0.36251	-8094.66
528	0.36251	-8097.61
529	0.36251	-8112.67
530	0.36251	-8115.26
531	0.36251	-8117.36
532	0.36251	-8107.84
533	0.36251	-8110.09
534	0.36251	-8106.58
535	0.36251	-8109.82
536	0.36251	-8095.19
537	0.36251	-8101.19
538	0.36251	-8115.16
539	0.36251	-8135.56
540	0.36251	-8105.78
541	0.36251	-8088.94
542	0.36251	-8092.37
543	0.36251	-8087.34
544	0.36251	-8097.81
545	0.36251	-8110.7
546	0.36251	-8111.51
547	0.36251	-8107.95
548	0.36251	-8114.87
549	0.36251	-8110.83
550	0.36251	-8100.76
551	0.36251	-8114.19
552	0.36251	-8105.92
553	0.36251	-8104
554	0.36251	-8112.61
555	0.36251	-8100.32
556	0.36251	-8110.51
557	0.36251	-8107.72
558	0.36251	-8098.19
559	0.36251	-8103.76
560	0.36251	-8105.48
561	0.36251	-8106.54
562	0.36251	-8109.44
563	0.36251	-8136.01
564	0.36251	-8138.88
565	0.36251	-8111.16
566	0.36251	-8117.93
567	0.36251	-8094.25
568	0.36251	-8096.49
569	0.36251	-8098.26
570	0.36251	-8108.91
571	0.36251	-8105.77
572	0.36251	-8100.59
573	0.36251	-8100.59
574	0.36251	-8092.62
575	0.36251	-8098.63
576	0.36251	-8128.11
577	0.36251	-8095.23
578	0.36251	-8096.76
579	0.36251	-8094.61
580	0.36251	-8103.77
581	0.36251	-8120.66
582	0.36251	-8108.92
583	0.36251	-8096.93
584	0.36251	-8112.38
585	0.36251	-8099.75
586	0.36251	-8119.3
587	0.36251	-8152.9
588	0.36251	-8136.64
589	0.36251	-8105
590	0.36251	-8089.62
591	0.36251	-8101.18
592	0.36251	-8101.41
593	0.36251	-8105.53
594	0.36251	-8107.25
595	0.36251	-8106.08
596	0.36251	-8101.36
597	0.36251	-8115.68
598	0.36251	-8110.03
599	0.36251	-8105.4
600	0.36251	-8098.94
601	0.36251	-8090.82
602	0.36251	-8113.86
603	0.36251	-8108.6
604	0.36251	-8099.63
605	0.36251	-8096.58
606	0.36251	-8096.58
607	0.36251	-8096.79
608	0.36251	-8099.63
609	0.36251	-8106.47
610	0.36251	-8096.21
611	0.36251	-8099.1
612	0.36251	-8093.87
613	0.36251	-8094.94
614	0.36251	-8108.9
615	0.36251	-8113.55
616	0.36251	-8108.82
617	0.36251	-8105.99
618	0.36251	-8115.99
619	0.36251	-8130.64
620	0.36251	-8093.68
621	0.36251	-8100.05
622	0.36251	-8120.28
623	0.36251	-8120.55
624	0.36251	-8115.54
625	0.36251	-8115.54
626	0.36251	-8119.15
627	0.36251	-8134.27
628	0.36251	-8137.33
629	0.36251	-8148.32
630	0.36251	-8111.87
631	0.36251	-8112.88
632	0.36251	-8112.88
633	0.36251	-8115.5
634	0.36251	-8117.88
635	0.36251	-8134.82
636	0.36251	-8116.74
637	0.36251	-8149.16
638	0.36251	-8128.87
639	0.36251	-8126.21
640	0.36251	-8136.34
641	0.36251	-8109.21
642	0.36251	-8121.22
643	0.36251	-8116.14
644	0.36251	-8113.63
645	0.36251	-8120.3
646	0.36251	-8110.84
647	0.36251	-8107.36
648	0.36251	-8111.49
649	0.36251	-8113.84
650	0.36251	-8116.14
651	0.36251	-8126.17
652	0.36251	-8125.64
653	0.36251	-8096.32
654	0.36251	-8115.97
655	0.36251	-8128.96
656	0.36251	-8114.42
657	0.36251	-8099.26
658	0.36251	-8117.55
659	0.36251	-8117.61
660	0.36251	-8123.72
661	0.36251	-8103.27
662	0.36251	-8092.51
663	0.36251	-8083.55
664	0.36251	-8085.46
665	0.36251	-8118.01
666	0.36251	-8119.17
667	0.36251	-8119.15
668	0.36251	-8132.27
669	0.36251	-8103.91
670	0.36251	-8101.96
671	0.36251	-8094.4
672	0.36251	-8104.79
673	0.36251	-8097.05
674	0.36251	-8097.52
675	0.36251	-8093.15
676	0.36251	-8109.16
677	0.36251	-8110.82
678	0.36251	-8113.08
679	0.36251	-8116.81
680	0.36251	-8103.16
681	0.36251	-8097.68
682	0.36251	-8107.66
683	0.36251	-8099.99
684	0.36251	-8095.39
685	0.36251	-8101.89
686	0.36251	-8113.99
687	0.36251	-8115.02
688	0.36251	-8114.41
689	0.36251	-8100.74
690	0.36251	-8104.72
691	0.36251	-8101.74
692	0.36251	-8096.31
693	0.36251	-8104.39
694	0.36251	-8102.24
695	0.36251	-8120.89
696	0.36251	-8119.8
697	0.36251	-8108.69
698	0.36251	-8101.79
699	0.36251	-8099.53
700	0.36251	-8095.02
701	0.36251	-8098.12
702	0.36251	-8106.7
703	0.36251	-8096.1
704	0.36251	-8116.9
705	0.36251	-8111.95
706	0.36251	-8105.34
707	0.36251	-8123.03
708	0.36251	-8111.57
709	0.36251	-8123.37
710	0.36251	-8129.92
711	0.36251	-8135.22
712	0.36251	-8131.52
713	0.36251	-8125.66
714	0.36251	-8121.73
715	0.36251	-8117.07
716	0.36251	-8094.03
717	0.36251	-8098.63
718	0.36251	-8095.35
719	0.36251	-8087.85
720	0.36251	-8081.92
721	0.36251	-8092.11
722	0.36251	-8085.53
723	0.36251	-8112.49
724	0.36251	-8128.07
725	0.36251	-8127.96
726	0.36251	-8116.44
727	0.36251	-8118.61
728	0.36251	-8102.09
729	0.36251	-8125.28
730	0.36251	-8109.8
731	0.36251	-8109.2
732	0.36251	-8103.34
733	0.36251	-8111.96
734	0.36251	-8091.64
735	0.36251	-8107.13
736	0.36251	-8089.33
737	0.36251	-8114.1
738	0.36251	-8120.68
739	0.36251	-8115.82
740	0.36251	-8102.91
741	0.36251	-8116.39
742	0.36251	-8132.61
743	0.36251	-8121.06
744	0.36251	-8112.21
745	0.36251	-8120.29
746	0.36251	-8118.17
747	0.36251	-8105.45
748	0.36251	-8125.57
749	0.36251	-8116.18
750	0.36251	-8113.97
751	0.36251	-8109.32
752	0.36251	-8112.94
753	0.36251	-8096.31
754	0.36251	-8120.29
755	0.36251	-8105.49
756	0.36251	-8103.66
757	0.36251	-8110.3
758	0.36251	-8115.15
759	0.36251	-8099.76
760	0.36251	-8116.56
761	0.36251	-8112.92
762	0.36251	-8112.66
763	0.36251	-8117.04
764	0.36251	-8118.84
765	0.36251	-8095.75
766	0.36251	-8098.48
767	0.36251	-8090.76
768	0.36251	-8108.39
769	0.36251	-8092.74
770	0.36251	-8111.47
771	0.36251	-8111.89
772	0.36251	-8099.1
773	0.36251	-8096.81
774	0.36251	-8099.09
775	0.36251	-8089.9
776	0.36251	-8091.71
777	0.36251	-8092.36
778	0.36251	-8092.46
779	0.36251	-8114.42
780	0.36251	-8105.63
781	0.36251	-8109.56
782	0.36251	-8094.14
783	0.36251	-8106.91
784	0.36251	-8114.61
785	0.36251	-8103.87
786	0.36251	-8104.63
787	0.36251	-8086.07
788	0.36251	-8090.06
789	0.36251	-8095.57
790	0.36251	-8091.84
791	0.36251	-8090.88
792	0.36251	-8097.57
793	0.36251	-8107.53
794	0.36251	-8109.36
795	0.36251	-8144.12
796	0.36251	-8119.64
797	0.36251	-8107.05
798	0.36251	-8119.23
799	0.36251	-8127.13
800	0.36251	-8111.08
801	0.36251	-8111.9
802	0.36251	-8121.33
803	0.36251	-8109.23
804	0.36251	-8108.53
805	0.36251	-8108.32
806	0.36251	-8097.09
807	0.36251	-8098.87
808	0.36251	-8124.31
809	0.36251	-8124.86
810	0.36251	-8103.64
811	0.36251	-8093.17
812	0.36251	-8118.87
813	0.36251	-8137.91
814	0.36251	-8126.41
815	0.36251	-8115.99
816	0.36251	-8113.43
817	0.36251	-8097.29
818	0.36251	-8107.29
819	0.36251	-8101.06
820	0.36251	-8099.8
821	0.36251	-8108.59
822	0.36251	-8094.43
823	0.36251	-8099.99
824	0.36251	-8097.67
825	0.36251	-8109.85
826	0.36251	-8100.53
827	0.36251	-8102.96
828	0.36251	-8098.61
829	0.36251	-8119.37
830	0.36251	-8131.15
831	0.36251	-8139.33
832	0.36251	-8130.68
833	0.36251	-8115.94
834	0.36251	-8102.33
835	0.36251	-8104.1
836	0.36251	-8099.89
837	0.36251	-8091.15
838	0.36251	-8086.35
839	0.36251	-8092.63
840	0.36251	-8118.66
841	0.36251	-8099.07
842	0.36251	-8109.39
843	0.36251	-8093.59
844	0.36251	-8095.62
845	0.36251	-8114.63
846	0.36251	-8123.15
847	0.36251	-8122.98
848	0.36251	-8113.76
849	0.36251	-8107.14
850	0.36251	-8099.2
851	0.36251	-8094.95
852	0.36251	-8101.9
853	0.36251	-8095.49
854	0.36251	-8105.98
855	0.36251	-8106.77
856	0.36251	-8097.05
857	0.36251	-8084.31
858	0.36251	-8086.74
859	0.36251	-8109.14
860	0.36251	-8105.88
861	0.36251	-8099.69
862	0.36251	-8108.92
863	0.36251	-8102.8
864	0.36251	-8094.75
865	0.36251	-8093.7
866	0.36251	-8091.85
867	0.36251	-8102.59
868	0.36251	-8102.83
869	0.36251	-8105.57
870	0.36251	-8095.48
871	0.36251	-8108.89
872	0.36251	-8116.42
873	0.36251	-8105.34
874	0.36251	-8110.75
875	0.36251	-8119.93
876	0.36251	-8096.55
877	0.36251	-8101.97
878	0.36251	-8108.51
879	0.36251	-8105.02
880	0.36251	-8097.09
881	0.36251	-8119.37
882	0.36251	-8099.86
883	0.36251	-8090.96
884	0.36251	-8107.69
885	0.36251	-8098.87
886	0.36251	-8100.27
887	0.36251	-8116.08
888	0.36251	-8105.09
889	0.36251	-8116.43
890	0.36251	-8116.18
891	0.36251	-8099.94
892	0.36251	-8096.04
893	0.36251	-8082.53
894	0.36251	-8104.97
895	0.36251	-8100.31
896	0.36251	-8096.44
897	0.36251	-8122.41
898	0.36251	-8119.73
899	0.36251	-8099.74
900	0.36251	-8103.54
901	0.36251	-8093.38
902	0.36251	-8102.88
903	0.36251	-8118.32
904	0.36251	-8112.83
905	0.36251	-8102.81
906	0.36251	-8120.88
907	0.36251	-8100.66
908	0.36251	-8094.14
909	0.36251	-8098
910	0.36251	-8098.8
911	0.36251	-8109.32
912	0.36251	-8097.66
913	0.36251	-8103.44
914	0.36251	-8093.03
915	0.36251	-8100.94
916	0.36251	-8123.27
917	0.36251	-8137.96
918	0.36251	-8137.09
919	0.36251	-8138.14
920	0.36251	-8118.28
921	0.36251	-8104.4
922	0.36251	-8118.17
923	0.36251	-8105.09
924	0.36251	-8125.89
925	0.36251	-8126.29
926	0.36251	-8121.49
927	0.36251	-8134.3
928	0.36251	-8135.55
929	0.36251	-8136.24
930	0.36251	-8104.43
931	0.36251	-8092.66
932	0.36251	-8094.42
933	0.36251	-8092.02
934	0.36251	-8083.1
935	0.36251	-8085.85
936	0.36251	-8087.68
937	0.36251	-8113.03
938	0.36251	-8110.52
939	0.36251	-8117.94
940	0.36251	-8106.19
941	0.36251	-8102.59
942	0.36251	-8103.96
943	0.36251	-8114.06
944	0.36251	-8117.09
945	0.36251	-8104.25
946	0.36251	-8108.17
947	0.36251	-8101.03
948	0.36251	-8113.34
949	0.36251	-8102.22
950	0.36251	-8110.08
951	0.36251	-8097.51
952	0.36251	-8091.82
953	0.36251	-8100.15
954	0.36251	-8116.63
955	0.36251	-8118.85
956	0.36251	-8099.12
957	0.36251	-8099.5
958	0.36251	-8092.8
959	0.36251	-8112.71
960	0.36251	-8123.59
961	0.36251	-8131.44
962	0.36251	-8098.42
963	0.36251	-8102.94
964	0.36251	-8101.51
965	0.36251	-8134.53
966	0.36251	-8114.19
967	0.36251	-8122.87
968	0.36251	-8128.78
969	0.36251	-8108.01
970	0.36251	-8120.69
971	0.36251	-8116.97
972	0.36251	-8120.11
973	0.36251	-8120.43
974	0.36251	-8130.97
975	0.36251	-8114.37
976	0.36251	-8110.9
977	0.36251	-8114.68
978	0.36251	-8095.07
979	0.36251	-8093.13
980	0.36251	-8102.23
981	0.36251	-8102.47
982	0.36251	-8094.27
983	0.36251	-8111.98
984	0.36251	-8136.56
985	0.36251	-8104.8
986	0.36251	-8107.44
987	0.36251	-8107.5
988	0.36251	-8099.24
989	0.36251	-8122.39
990	0.36251	-8107.25
991	0.36251	-8106.81
992	0.36251	-8109.01
993	0.36251	-8108.47
994	0.36251	-8104.21
995	0.36251	-8117.44
996	0.36251	-8119.22
997	0.36251	-8115.99
998	0.36251	-8111.69
999	0.36251	-8107.3
1000	0.36251	-8110.64
251	0.319406	-8102.42
252	0.319406	-8102.51
253	0.319406	-8129
254	0.319406	-8121.21
255	0.319406	-8145.16
256	0.319406	-8137.55
257	0.319406	-8107.82
258	0.319406	-8101.55
259	0.319406	-8102.81
260	0.319406	-8105.37
261	0.319406	-8118.73
262	0.319406	-8101.04
263	0.319406	-8098.24
264	0.319406	-8104.44
265	0.319406	-8112.44
266	0.319406	-8120.22
267	0.319406	-8120.02
268	0.319406	-8124.9
269	0.319406	-8136.64
270	0.319406	-8137.08
271	0.319406	-8106.24
272	0.319406	-8099.31
273	0.319406	-8101.41
274	0.319406	-8128.72
275	0.319406	-8124.45
276	0.319406	-8128.51
277	0.319406	-8110.77
278	0.319406	-8091.15
279	0.319406	-8104.41
280	0.319406	-8121.77
281	0.319406	-8127.05
282	0.319406	-8143.4
283	0.319406	-8123.53
284	0.319406	-8126.49
285	0.319406	-8111.12
286	0.319406	-8135.4
287	0.319406	-8124.58
288	0.319406	-8120.37
289	0.319406	-8123.39
290	0.319406	-8126.3
291	0.319406	-8109.2
292	0.319406	-8092.13
293	0.319406	-8129.5
294	0.319406	-8142.85
295	0.319406	-8109.84
296	0.319406	-8107.67
297	0.319406	-8126.12
298	0.319406	-8123.36
299	0.319406	-8118.68
300	0.319406	-8125.32
301	0.319406	-8118.87
302	0.319406	-8124.55
303	0.319406	-8125.08
304	0.319406	-8116.56
305	0.319406	-8130.08
306	0.319406	-8118.07
307	0.319406	-8152.47
308	0.319406	-8123.26
309	0.319406	-8119.98
310	0.319406	-8119.54
311	0.319406	-8113.49
312	0.319406	-8126.16
313	0.319406	-8125.25
314	0.319406	-8131.25
315	0.319406	-8107.68
316	0.319406	-8129.9
317	0.319406	-8100.76
318	0.319406	-8090.04
319	0.319406	-8114.1
320	0.319406	-8104.81
321	0.319406	-8107.37
322	0.319406	-8114.1
323	0.319406	-8140.72
324	0.319406	-8120.05
325	0.319406	-8121.16
326	0.319406	-8131.01
327	0.319406	-8136.27
328	0.319406	-8134.59
329	0.319406	-8133.96
330	0.319406	-8125.73
331	0.319406	-8112.37
332	0.319406	-8118.02
333	0.319406	-8102.1
334	0.319406	-8105.88
335	0.319406	-8115.28
336	0.319406	-8141.65
337	0.319406	-8127.17
338	0.319406	-8118.83
339	0.319406	-8115.85
340	0.319406	-8105.97
341	0.319406	-8106.43
342	0.319406	-8096.07
343	0.319406	-8089.19
344	0.319406	-8106.42
345	0.319406	-8104.48
346	0.319406	-8115.23
347	0.319406	-8101.22
348	0.319406	-8103.81
349	0.319406	-8103.68
350	0.319406	-8101.99
351	0.319406	-8115.19
352	0.319406	-8107.49
353	0.319406	-8117.7
354	0.319406	-8140.52
355	0.319406	-8111.21
356	0.319406	-8108.96
357	0.319406	-8109.75
358	0.319406	-8114.68
359	0.319406	-8106.75
360	0.319406	-8099.96
361	0.319406	-8117.28
362	0.319406	-8110.85
363	0.319406	-8121.14
364	0.319406	-8111.71
365	0.319406	-8114.83
366	0.319406	-8105.15
367	0.319406	-8125.34
368	0.319406	-8116.88
369	0.319406	-8127.48
370	0.319406	-8144.51
371	0.319406	-8130.49
372	0.319406	-8126.37
373	0.319406	-8118.27
374	0.319406	-8114.02
375	0.319406	-8136.54
376	0.319406	-8124.43
377	0.319406	-8108.83
378	0.319406	-8115.67
379	0.319406	-8111.92
380	0.319406	-8114.84
381	0.319406	-8121.31
382	0.319406	-8111.4
383	0.319406	-8103.7
384	0.319406	-8111.99
385	0.319406	-8115.09
386	0.319406	-8099.6
387	0.319406	-8107.42
388	0.319406	-8124.04
389	0.319406	-8105.21
390	0.319406	-8105.15
391	0.319406	-8106.99
392	0.319406	-8101
393	0.319406	-8120.11
394	0.319406	-8099.29
395	0.319406	-8112.19
396	0.319406	-8107.6
397	0.319406	-8101.26
398	0.319406	-8148.07
399	0.319406	-8133.15
400	0.319406	-8126.27
401	0.319406	-8124.51
402	0.319406	-8121.13
403	0.319406	-8108.58
404	0.319406	-8101.96
405	0.319406	-8118.28
406	0.319406	-8115.23
407	0.319406	-8119.57
408	0.319406	-8090.61
409	0.319406	-8104.61
410	0.319406	-8099.74
411	0.319406	-8132.19
412	0.319406	-8128.65
413	0.319406	-8134.71
414	0.319406	-8131.42
415	0.319406	-8117.39
416	0.319406	-8107.92
417	0.319406	-8114.3
418	0.319406	-8124.28
419	0.319406	-8108.88
420	0.319406	-8109.58
421	0.319406	-8105.28
422	0.319406	-8109.89
423	0.319406	-8100.73
424	0.319406	-8117.7
425	0.319406	-8109.49
426	0.319406	-8102.38
427	0.319406	-8104.31
428	0.319406	-8125.27
429	0.319406	-8112.38
430	0.319406	-8111.75
431	0.319406	-8096.47
432	0.319406	-8130.69
433	0.319406	-8140.29
434	0.319406	-8121.39
435	0.319406	-8128.81
436	0.319406	-8114.8
437	0.319406	-8131.24
438	0.319406	-8106.16
439	0.319406	-8107.16
440	0.319406	-8113.28
441	0.319406	-8111.78
442	0.319406	-8091.88
443	0.319406	-8133.24
444	0.319406	-8106.01
445	0.319406	-8123.44
446	0.319406	-8127.13
447	0.319406	-8146.09
448	0.319406	-8125.48
449	0.319406	-8153.41
450	0.319406	-8121.55
451	0.319406	-8135.88
452	0.319406	-8122.96
453	0.319406	-8112.07
454	0.319406	-8093.78
455	0.319406	-8093.14
456	0.319406	-8081.55
457	0.319406	-8113.16
458	0.319406	-8099.23
459	0.319406	-8096.32
460	0.319406	-8094
461	0.319406	-8103.26
462	0.319406	-8107.6
463	0.319406	-8090.68
464	0.319406	-8105.49
465	0.319406	-8126.88
466	0.319406	-8105.97
467	0.319406	-8103.73
468	0.319406	-8099.4
469	0.319406	-8090.57
470	0.319406	-8082.83
471	0.319406	-8079.55
472	0.319406	-8088.46
473	0.319406	-8101.14
474	0.319406	-8104.56
475	0.319406	-8127.91
476	0.319406	-8121.58
477	0.319406	-8117.41
478	0.319406	-8116.31
479	0.319406	-8124.55
480	0.319406	-8116.29
481	0.319406	-8106.6
482	0.319406	-8108.79
483	0.319406	-8119.21
484	0.319406	-8109.53
485	0.319406	-8115.04
486	0.319406	-8118.71
487	0.319406	-8134.12
488	0.319406	-8092.93
489	0.319406	-8104.67
490	0.319406	-8086.59
491	0.319406	-8088.8
492	0.319406	-8088.74
493	0.319406	-8094.01
494	0.319406	-8099.15
495	0.319406	-8099.9
496	0.319406	-8092.15
497	0.319406	-8092.66
498	0.319406	-8104.82
499	0.319406	-8107.57
500	0.319406	-8121.04
501	0.319406	-8135.99
502	0.319406	-8116.7
503	0.319406	-8115.76
504	0.319406	-8116.57
505	0.319406	-8111.2
506	0.319406	-8119.93
507	0.319406	-8123.31
508	0.319406	-8115.8
509	0.319406	-8112.96
510	0.319406	-8113.18
511	0.319406	-8114.71
512	0.319406	-8104.06
513	0.319406	-8123.1
514	0.319406	-8116.6
515	0.319406	-8111.36
516	0.319406	-8089.07
517	0.319406	-8106.53
518	0.319406	-8112.73
519	0.319406	-8106.68
520	0.319406	-8089.35
521	0.319406	-8106.38
522	0.319406	-8089.51
523	0.319406	-8120.69
524	0.319406	-8105.1
525	0.319406	-8095.82
526	0.319406	-8103.59
527	0.319406	-8091.62
528	0.319406	-8095.21
529	0.319406	-8096.32
530	0.319406	-8103.28
531	0.319406	-8113.66
532	0.319406	-8121.81
533	0.319406	-8114.61
534	0.319406	-8101.07
535	0.319406	-8112.7
536	0.319406	-8102.58
537	0.319406	-8106.17
538	0.319406	-8116.14
539	0.319406	-8116.11
540	0.319406	-8123.36
541	0.319406	-8106.83
542	0.319406	-8095.5
543	0.319406	-8127.92
544	0.319406	-8133.97
545	0.319406	-8133.78
546	0.319406	-8119.14
547	0.319406	-8122.23
548	0.319406	-8149.61
549	0.319406	-8120.93
550	0.319406	-8117.48
551	0.319406	-8129.55
552	0.319406	-8131.47
553	0.319406	-8140.37
554	0.319406	-8131.38
555	0.319406	-8096.53
556	0.319406	-8091.05
557	0.319406	-8096.29
558	0.319406	-8111.96
559	0.319406	-8091.67
560	0.319406	-8108.97
561	0.319406	-8111.77
562	0.319406	-8105.13
563	0.319406	-8118.14
564	0.319406	-8100.54
565	0.319406	-8112.75
566	0.319406	-8135.06
567	0.319406	-8134.4
568	0.319406	-8136.36
569	0.319406	-8111.84
570	0.319406	-8112.34
571	0.319406	-8098.49
572	0.319406	-8113.16
573	0.319406	-8123.99
574	0.319406	-8117.6
575	0.319406	-8106.89
576	0.319406	-8107.74
577	0.319406	-8131.53
578	0.319406	-8097.47
579	0.319406	-8102.41
580	0.319406	-8100.45
581	0.319406	-8102.22
582	0.319406	-8104.71
583	0.319406	-8130.72
584	0.319406	-8113.48
585	0.319406	-8118.92
586	0.319406	-8128.61
587	0.319406	-8123.67
588	0.319406	-8114.82
589	0.319406	-8107.6
590	0.319406	-8106.74
591	0.319406	-8104.83
592	0.319406	-8117.6
593	0.319406	-8105.32
594	0.319406	-8098.88
595	0.319406	-8100.23
596	0.319406	-8105.89
597	0.319406	-8123.78
598	0.319406	-8117.31
599	0.319406	-8117.92
600	0.319406	-8122.42
601	0.319406	-8112.75
602	0.319406	-8107.69
603	0.319406	-8105.67
604	0.319406	-8105.39
605	0.319406	-8110.07
606	0.319406	-8119.18
607	0.319406	-8113.59
608	0.319406	-8116.72
609	0.319406	-8122.71
610	0.319406	-8108.86
611	0.319406	-8099.05
612	0.319406	-8110.28
613	0.319406	-8103.57
614	0.319406	-8105.3
615	0.319406	-8113.21
616	0.319406	-8129.66
617	0.319406	-8133.32
618	0.319406	-8152.53
619	0.319406	-8123.09
620	0.319406	-8146.39
621	0.319406	-8130.88
622	0.319406	-8121.74
623	0.319406	-8144.21
624	0.319406	-8116.72
625	0.319406	-8115.62
626	0.319406	-8124.6
627	0.319406	-8114.22
628	0.319406	-8122.37
629	0.319406	-8100.01
630	0.319406	-8108.03
631	0.319406	-8107.24
632	0.319406	-8101.89
633	0.319406	-8118.03
634	0.319406	-8109.86
635	0.319406	-8113.14
636	0.319406	-8103.07
637	0.319406	-8121.19
638	0.319406	-8105.95
639	0.319406	-8100.79
640	0.319406	-8107.66
641	0.319406	-8106.88
642	0.319406	-8099.99
643	0.319406	-8117.09
644	0.319406	-8109.42
645	0.319406	-8103.48
646	0.319406	-8108.49
647	0.319406	-8126.18
648	0.319406	-8103.61
649	0.319406	-8105.47
650	0.319406	-8090.95
651	0.319406	-8093.55
652	0.319406	-8096.81
653	0.319406	-8103.93
654	0.319406	-8121.93
655	0.319406	-8172.48
656	0.319406	-8127.64
657	0.319406	-8154.03
658	0.319406	-8129.2
659	0.319406	-8148.54
660	0.319406	-8150.05
661	0.319406	-8132.91
662	0.319406	-8139.11
663	0.319406	-8123.11
664	0.319406	-8148.92
665	0.319406	-8167.39
666	0.319406	-8130.1
667	0.319406	-8140.56
668	0.319406	-8132.82
669	0.319406	-8115.99
670	0.319406	-8111.4
671	0.319406	-8142.92
672	0.319406	-8117.93
673	0.319406	-8108.8
674	0.319406	-8098.72
675	0.319406	-8111.7
676	0.319406	-8117.33
677	0.319406	-8095.46
678	0.319406	-8109.58
679	0.319406	-8098.59
680	0.319406	-8105.31
681	0.319406	-8104.53
682	0.319406	-8112.23
683	0.319406	-8102.01
684	0.319406	-8098.47
685	0.319406	-8113.4
686	0.319406	-8110.8
687	0.319406	-8119.11
688	0.319406	-8126.91
689	0.319406	-8108.27
690	0.319406	-8098.95
691	0.319406	-8103.44
692	0.319406	-8099.26
693	0.319406	-8100.1
694	0.319406	-8106.3
695	0.319406	-8116.18
696	0.319406	-8108.23
697	0.319406	-8096.71
698	0.319406	-8126.7
699	0.319406	-8106.83
700	0.319406	-8091.88
701	0.319406	-8102.3
702	0.319406	-8108.64
703	0.319406	-8106.07
704	0.319406	-8102
705	0.319406	-8111.03
706	0.319406	-8112.9
707	0.319406	-8095.89
708	0.319406	-8098.82
709	0.319406	-8118.18
710	0.319406	-8093.84
711	0.319406	-8100.05
712	0.319406	-8099.95
713	0.319406	-8120.81
714	0.319406	-8118.41
715	0.319406	-8110.48
716	0.319406	-8105.91
717	0.319406	-8100.84
718	0.319406	-8109.93
719	0.319406	-8095.72
720	0.319406	-8102.31
721	0.319406	-8094.07
722	0.319406	-8087.1
723	0.319406	-8111.58
724	0.319406	-8119.03
725	0.319406	-8139.7
726	0.319406	-8123.88
727	0.319406	-8116.07
728	0.319406	-8121.65
729	0.319406	-8117.23
730	0.319406	-8115.66
731	0.319406	-8113.17
732	0.319406	-8116.94
733	0.319406	-8113.96
734	0.319406	-8125.84
735	0.319406	-8111.05
736	0.319406	-8112.87
737	0.319406	-8113.88
738	0.319406	-8109.59
739	0.319406	-8119.34
740	0.319406	-8104.85
741	0.319406	-8108.03
742	0.319406	-8114.6
743	0.319406	-8101.68
744	0.319406	-8107.33
745	0.319406	-8128.42
746	0.319406	-8117.39
747	0.319406	-8124.27
748	0.319406	-8131.94
749	0.319406	-8138.95
750	0.319406	-8138.52
751	0.319406	-8135.37
752	0.319406	-8118.62
753	0.319406	-8138.68
754	0.319406	-8115.81
755	0.319406	-8123.87
756	0.319406	-8145.41
757	0.319406	-8134.8
758	0.319406	-8132.24
759	0.319406	-8100.93
760	0.319406	-8098.77
761	0.319406	-8107.03
762	0.319406	-8111.36
763	0.319406	-8122.49
764	0.319406	-8102.3
765	0.319406	-8106.88
766	0.319406	-8116.1
767	0.319406	-8126.49
768	0.319406	-8113.11
769	0.319406	-8123.57
770	0.319406	-8118.79
771	0.319406	-8124.6
772	0.319406	-8111.19
773	0.319406	-8115.46
774	0.319406	-8149.01
775	0.319406	-8128.33
776	0.319406	-8126.86
777	0.319406	-8130.3
778	0.319406	-8128.69
779	0.319406	-8113.63
780	0.319406	-8127.93
781	0.319406	-8130.71
782	0.319406	-8134.75
783	0.319406	-8119.51
784	0.319406	-8103.35
785	0.319406	-8092.43
786	0.319406	-8093.76
787	0.319406	-8096.83
788	0.319406	-8104.38
789	0.319406	-8121.85
790	0.319406	-8130.3
791	0.319406	-8136.22
792	0.319406	-8123.64
793	0.319406	-8104.22
794	0.319406	-8109.01
795	0.319406	-8118.8
796	0.319406	-8097.51
797	0.319406	-8086.9
798	0.319406	-8096.15
799	0.319406	-8098.06
800	0.319406	-8106.53
801	0.319406	-8093.02
802	0.319406	-8103.22
803	0.319406	-8118.92
804	0.319406	-8121.59
805	0.319406	-8122.13
806	0.319406	-8119.32
807	0.319406	-8120.43
808	0.319406	-8129.39
809	0.319406	-8123.6
810	0.319406	-8108.04
811	0.319406	-8109.82
812	0.319406	-8115.64
813	0.319406	-8122.84
814	0.319406	-8092.42
815	0.319406	-8100.16
816	0.319406	-8114.83
817	0.319406	-8101.25
818	0.319406	-8114.39
819	0.319406	-8105.19
820	0.319406	-8098.64
821	0.319406	-8115.42
822	0.319406	-8113.38
823	0.319406	-8120.72
824	0.319406	-8114.76
825	0.319406	-8112.71
826	0.319406	-8099.84
827	0.319406	-8115.52
828	0.319406	-8113.81
829	0.319406	-8122.91
830	0.319406	-8125.62
831	0.319406	-8123.62
832	0.319406	-8156.74
833	0.319406	-8139.43
834	0.319406	-8128.1
835	0.319406	-8115.4
836	0.319406	-8126.96
837	0.319406	-8130.17
838	0.319406	-8125.89
839	0.319406	-8127.96
840	0.319406	-8123.96
841	0.319406	-8092.75
842	0.319406	-8109.23
843	0.319406	-8098.43
844	0.319406	-8110.08
845	0.319406	-8107.72
846	0.319406	-8129.01
847	0.319406	-8118.96
848	0.319406	-8107.63
849	0.319406	-8107.13
850	0.319406	-8122.36
851	0.319406	-8110.16
852	0.319406	-8114.91
853	0.319406	-8143.09
854	0.319406	-8143.82
855	0.319406	-8120.21
856	0.319406	-8106.25
857	0.319406	-8112.21
858	0.319406	-8127.57
859	0.319406	-8138.73
860	0.319406	-8126.17
861	0.319406	-8113.83
862	0.319406	-8120.53
863	0.319406	-8143.89
864	0.319406	-8125.01
865	0.319406	-8142.51
866	0.319406	-8136.26
867	0.319406	-8151.94
868	0.319406	-8131.51
869	0.319406	-8114.99
870	0.319406	-8105.68
871	0.319406	-8115
872	0.319406	-8116.5
873	0.319406	-8121.82
874	0.319406	-8111.31
875	0.319406	-8107.11
876	0.319406	-8107.31
877	0.319406	-8105.95
878	0.319406	-8093.79
879	0.319406	-8094.98
880	0.319406	-8111.94
881	0.319406	-8102.56
882	0.319406	-8104.49
883	0.319406	-8087.35
884	0.319406	-8094.83
885	0.319406	-8097.65
886	0.319406	-8105
887	0.319406	-8094.21
888	0.319406	-8109.18
889	0.319406	-8108.39
890	0.319406	-8106.82
891	0.319406	-8118.01
892	0.319406	-8104.29
893	0.319406	-8101.99
894	0.319406	-8103.58
895	0.319406	-8103.46
896	0.319406	-8072.01
897	0.319406	-8100.21
898	0.319406	-8075.98
899	0.319406	-8092.07
900	0.319406	-8105.83
901	0.319406	-8107.52
902	0.319406	-8106.27
903	0.319406	-8108.77
904	0.319406	-8104.24
905	0.319406	-8099.29
906	0.319406	-8107.05
907	0.319406	-8120.58
908	0.319406	-8095.09
909	0.319406	-8106.64
910	0.319406	-8105.26
911	0.319406	-8093.19
912	0.319406	-8109.43
913	0.319406	-8135.4
914	0.319406	-8122.33
915	0.319406	-8123.95
916	0.319406	-8122.82
917	0.319406	-8120
918	0.319406	-8128.87
919	0.319406	-8125.16
920	0.319406	-8129.49
921	0.319406	-8096.4
922	0.319406	-8117.85
923	0.319406	-8106.56
924	0.319406	-8110.36
925	0.319406	-8115.48
926	0.319406	-8112.3
927	0.319406	-8112.8
928	0.319406	-8113.66
929	0.319406	-8097.44
930	0.319406	-8099.64
931	0.319406	-8109.26
932	0.319406	-8099.54
933	0.319406	-8123.25
934	0.319406	-8124.99
935	0.319406	-8127.51
936	0.319406	-8127.39
937	0.319406	-8116.49
938	0.319406	-8136.51
939	0.319406	-8137.94
940	0.319406	-8128.16
941	0.319406	-8124.03
942	0.319406	-8137.35
943	0.319406	-8130.95
944	0.319406	-8113.75
945	0.319406	-8106.9
946	0.319406	-8101.9
947	0.319406	-8093.46
948	0.319406	-8105.63
949	0.319406	-8078.41
950	0.319406	-8106.92
951	0.319406	-8128.95
952	0.319406	-8116.32
953	0.319406	-8102.73
954	0.319406	-8122.31
955	0.319406	-8103.66
956	0.319406	-8104.92
957	0.319406	-8107.72
958	0.319406	-8108.04
959	0.319406	-8099.59
960	0.319406	-8090.45
961	0.319406	-8103.07
962	0.319406	-8103.96
963	0.319406	-8115.84
964	0.319406	-8127.15
965	0.319406	-8135
966	0.319406	-8119.38
967	0.319406	-8107.42
968	0.319406	-8115.52
969	0.319406	-8119.8
970	0.319406	-8120.74
971	0.319406	-8107.12
972	0.319406	-8090.13
973	0.319406	-8106.82
974	0.319406	-8092.68
975	0.319406	-8097.99
976	0.319406	-8108.06
977	0.319406	-8106.11
978	0.319406	-8096.81
979	0.319406	-8109.14
980	0.319406	-8112.5
981	0.319406	-8108.47
982	0.319406	-8109.89
983	0.319406	-8084.14
984	0.319406	-8085.92
985	0.319406	-8097.34
986	0.319406	-8096.77
987	0.319406	-8104.24
988	0.319406	-8111.16
989	0.319406	-8111.23
990	0.319406	-8123.7
991	0.319406	-8125.77
992	0.319406	-8114.9
993	0.319406	-8117.85
994	0.319406	-8097.19
995	0.319406	-8092.35
996	0.319406	-8103.54
997	0.319406	-8097.9
998	0.319406	-8103.81
999	0.319406	-8126
1000	0.319406	-8112.65
251	0.280503	-8107.47
252	0.280503	-8100.41
253	0.280503	-8112.45
254	0.280503	-8134.39
255	0.280503	-8160.46
256	0.280503	-8138.48
257	0.280503	-8126.51
258	0.280503	-8121.37
259	0.280503	-8122.95
260	0.280503	-8117.65
261	0.280503	-8150.09
262	0.280503	-8156.81
263	0.280503	-8151.94
264	0.280503	-8131.26
265	0.280503	-8128.07
266	0.280503	-8138.3
267	0.280503	-8131.54
268	0.280503	-8115.79
269	0.280503	-8115.48
270	0.280503	-8105.23
271	0.280503	-8088.78
272	0.280503	-8100.73
273	0.280503	-8091.48
274	0.280503	-8097.1
275	0.280503	-8114.76
276	0.280503	-8133.81
277	0.280503	-8140.86
278	0.280503	-8123.94
279	0.280503	-8145.05
280	0.280503	-8148.86
281	0.280503	-8131.45
282	0.280503	-8165.39
283	0.280503	-8152.7
284	0.280503	-8121
285	0.280503	-8127.99
286	0.280503	-8138.24
287	0.280503	-8138.73
288	0.280503	-8138.01
289	0.280503	-8144.7
290	0.280503	-8134.45
291	0.280503	-8128.51
292	0.280503	-8116.88
293	0.280503	-8098.08
294	0.280503	-8113.5
295	0.280503	-8126.33
296	0.280503	-8110.55
297	0.280503	-8151.3
298	0.280503	-8124.13
299	0.280503	-8106.03
300	0.280503	-8116.48
301	0.280503	-8117.96
302	0.280503	-8110.93
303	0.280503	-8124.53
304	0.280503	-8110.14
305	0.280503	-8136.68
306	0.280503	-8129.08
307	0.280503	-8118.2
308	0.280503	-8111.86
309	0.280503	-8130.49
310	0.280503	-8108.51
311	0.280503	-8111.38
312	0.280503	-8121.78
313	0.280503	-8130.01
314	0.280503	-8114.96
315	0.280503	-8121.81
316	0.280503	-8099.33
317	0.280503	-8099.68
318	0.280503	-8098.9
319	0.280503	-8100.96
320	0.280503	-8132.84
321	0.280503	-8124.99
322	0.280503	-8134.7
323	0.280503	-8121.96
324	0.280503	-8130.51
325	0.280503	-8132.53
326	0.280503	-8124.6
327	0.280503	-8110.08
328	0.280503	-8132.66
329	0.280503	-8145.84
330	0.280503	-8136.94
331	0.280503	-8118.7
332	0.280503	-8111.45
333	0.280503	-8132.08
334	0.280503	-8115.69
335	0.280503	-8129.65
336	0.280503	-8113.57
337	0.280503	-8110.5
338	0.280503	-8117.55
339	0.280503	-8124.98
340	0.280503	-8154.99
341	0.280503	-8151.7
342	0.280503	-8156.73
343	0.280503	-8128.31
344	0.280503	-8137.14
345	0.280503	-8113.68
346	0.280503	-8121.8
347	0.280503	-8107.73
348	0.280503	-8122.16
349	0.280503	-8149.5
350	0.280503	-8138.8
351	0.280503	-8131.77
352	0.280503	-8117.93
353	0.280503	-8118.92
354	0.280503	-8109.36
355	0.280503	-8110.63
356	0.280503	-8100.71
357	0.280503	-8107.64
358	0.280503	-8109.83
359	0.280503	-8096.71
360	0.280503	-8132.38
361	0.280503	-8116.62
362	0.280503	-8108.46
363	0.280503	-8111.96
364	0.280503	-8113.03
365	0.280503	-8104.94
366	0.280503	-8108.94
367	0.280503	-8110.09
368	0.280503	-8118.42
369	0.280503	-8112.74
370	0.280503	-8102.68
371	0.280503	-8114.94
372	0.280503	-8117.23
373	0.280503	-8105.72
374	0.280503	-8120.69
375	0.280503	-8104.8
376	0.280503	-8099.02
377	0.280503	-8115.9
378	0.280503	-8118.46
379	0.280503	-8133.98
380	0.280503	-8121.28
381	0.280503	-8127.41
382	0.280503	-8123.99
383	0.280503	-8155.6
384	0.280503	-8135.36
385	0.280503	-8149
386	0.280503	-8146.16
387	0.280503	-8140.64
388	0.280503	-8115.98
389	0.280503	-8127
390	0.280503	-8109.6
391	0.280503	-8102.31
392	0.280503	-8103.65
393	0.280503	-8108.93
394	0.280503	-8115.88
395	0.280503	-8112.74
396	0.280503	-8119.11
397	0.280503	-8124.78
398	0.280503	-8141.7
399	0.280503	-8139.13
400	0.280503	-8168.89
401	0.280503	-8152.52
402	0.280503	-8135.72
403	0.280503	-8141.72
404	0.280503	-8120.36
405	0.280503	-8127.89
406	0.280503	-8116.05
407	0.280503	-8120.69
408	0.280503	-8114.62
409	0.280503	-8122.7
410	0.280503	-8128.11
411	0.280503	-8149.8
412	0.280503	-8136.12
413	0.280503	-8134.99
414	0.280503	-8125.84
415	0.280503	-8125.31
416	0.280503	-8134.68
417	0.280503	-8143.47
418	0.280503	-8121.35
419	0.280503	-8121.86
420	0.280503	-8133.69
421	0.280503	-8137.94
422	0.280503	-8103.53
423	0.280503	-8110.08
424	0.280503	-8131.86
425	0.280503	-8114.17
426	0.280503	-8118.64
427	0.280503	-8115.14
428	0.280503	-8115.46
429	0.280503	-8132.1
430	0.280503	-8144.31
431	0.280503	-8160.65
432	0.280503	-8150.88
433	0.280503	-8127.41
434	0.280503	-8124.85
435	0.280503	-8116.01
436	0.280503	-8148.55
437	0.280503	-8117.43
438	0.280503	-8108.98
439	0.280503	-8109.36
440	0.280503	-8103.65
441	0.280503	-8103.51
442	0.280503	-8097.64
443	0.280503	-8090.26
444	0.280503	-8113.42
445	0.280503	-8119.64
446	0.280503	-8105.46
447	0.280503	-8114.67
448	0.280503	-8113.92
449	0.280503	-8114.06
450	0.280503	-8119.4
451	0.280503	-8113.5
452	0.280503	-8115.84
453	0.280503	-8142.89
454	0.280503	-8144.32
455	0.280503	-8123.94
456	0.280503	-8129.8
457	0.280503	-8104.08
458	0.280503	-8108.85
459	0.280503	-8113.92
460	0.280503	-8131.95
461	0.280503	-8107.79
462	0.280503	-8115.14
463	0.280503	-8117.43
464	0.280503	-8094.91
465	0.280503	-8112.51
466	0.280503	-8125.88
467	0.280503	-8128.71
468	0.280503	-8122.43
469	0.280503	-8105.94
470	0.280503	-8100.74
471	0.280503	-8114.11
472	0.280503	-8119.84
473	0.280503	-8126.15
474	0.280503	-8151.85
475	0.280503	-8146.84
476	0.280503	-8161.71
477	0.280503	-8122.61
478	0.280503	-8129.83
479	0.280503	-8120.17
480	0.280503	-8157.58
481	0.280503	-8163.87
482	0.280503	-8135.6
483	0.280503	-8112.78
484	0.280503	-8121.83
485	0.280503	-8099.39
486	0.280503	-8108.27
487	0.280503	-8122.3
488	0.280503	-8123.88
489	0.280503	-8114.85
490	0.280503	-8120.49
491	0.280503	-8116.1
492	0.280503	-8118.54
493	0.280503	-8128.73
494	0.280503	-8122.73
495	0.280503	-8108.39
496	0.280503	-8101.42
497	0.280503	-8093.9
498	0.280503	-8105.5
499	0.280503	-8110.18
500	0.280503	-8115.16
501	0.280503	-8104.52
502	0.280503	-8123.14
503	0.280503	-8099.83
504	0.280503	-8100.26
505	0.280503	-8126.58
506	0.280503	-8137.82
507	0.280503	-8153.24
508	0.280503	-8170.78
509	0.280503	-8129.49
510	0.280503	-8123.23
511	0.280503	-8131.76
512	0.280503	-8131.91
513	0.280503	-8139.26
514	0.280503	-8110.89
515	0.280503	-8099.21
516	0.280503	-8112.73
517	0.280503	-8104.93
518	0.280503	-8111.93
519	0.280503	-8107.21
520	0.280503	-8098.46
521	0.280503	-8117.61
522	0.280503	-8120.96
523	0.280503	-8108.59
524	0.280503	-8119.51
525	0.280503	-8112.39
526	0.280503	-8104.62
527	0.280503	-8098.48
528	0.280503	-8120.68
529	0.280503	-8141.3
530	0.280503	-8135.59
531	0.280503	-8117.93
532	0.280503	-8130.23
533	0.280503	-8138.24
534	0.280503	-8118.19
535	0.280503	-8120.85
536	0.280503	-8137.11
537	0.280503	-8106.62
538	0.280503	-8127.87
539	0.280503	-8130.27
540	0.280503	-8127.11
541	0.280503	-8163.91
542	0.280503	-8137.54
543	0.280503	-8121.69
544	0.280503	-8117.53
545	0.280503	-8104.1
546	0.280503	-8088.67
547	0.280503	-8099.98
548	0.280503	-8091.39
549	0.280503	-8112.72
550	0.280503	-8112.44
551	0.280503	-8122.85
552	0.280503	-8119.94
553	0.280503	-8132.61
554	0.280503	-8146.52
555	0.280503	-8134.16
556	0.280503	-8125.11
557	0.280503	-8119.82
558	0.280503	-8144.17
559	0.280503	-8154.7
560	0.280503	-8141.93
561	0.280503	-8142.46
562	0.280503	-8112.61
563	0.280503	-8114.71
564	0.280503	-8129.78
565	0.280503	-8135.37
566	0.280503	-8128.67
567	0.280503	-8120.36
568	0.280503	-8106.83
569	0.280503	-8118.75
570	0.280503	-8116.27
571	0.280503	-8139.57
572	0.280503	-8135.13
573	0.280503	-8144.89
574	0.280503	-8131.16
575	0.280503	-8124.55
576	0.280503	-8118.25
577	0.280503	-8126.71
578	0.280503	-8115.67
579	0.280503	-8119.34
580	0.280503	-8131.78
581	0.280503	-8139.52
582	0.280503	-8136.39
583	0.280503	-8113.65
584	0.280503	-8110.81
585	0.280503	-8108.54
586	0.280503	-8116.31
587	0.280503	-8115.66
588	0.280503	-8117.31
589	0.280503	-8108.65
590	0.280503	-8129.04
591	0.280503	-8132.57
592	0.280503	-8106.83
593	0.280503	-8134.79
594	0.280503	-8133.28
595	0.280503	-8126.75
596	0.280503	-8143.01
597	0.280503	-8120.32
598	0.280503	-8111.33
599	0.280503	-8127.76
600	0.280503	-8149.59
601	0.280503	-8143.08
602	0.280503	-8128.95
603	0.280503	-8139.46
604	0.280503	-8122.99
605	0.280503	-8117.11
606	0.280503	-8095.21
607	0.280503	-8093.49
608	0.280503	-8101.03
609	0.280503	-8130.4
610	0.280503	-8129.41
611	0.280503	-8122.23
612	0.280503	-8115.28
613	0.280503	-8118.29
614	0.280503	-8123.31
615	0.280503	-8125.56
616	0.280503	-8126.47
617	0.280503	-8118.1
618	0.280503	-8123.61
619	0.280503	-8132.51
620	0.280503	-8115.41
621	0.280503	-8098.96
622	0.280503	-8103.54
623	0.280503	-8117.15
624	0.280503	-8123.03
625	0.280503	-8147.58
626	0.280503	-8098.98
627	0.280503	-8132.95
628	0.280503	-8133.78
629	0.280503	-8144.48
630	0.280503	-8126.69
631	0.280503	-8136.21
632	0.280503	-8137.22
633	0.280503	-8140.76
634	0.280503	-8139.89
635	0.280503	-8129.76
636	0.280503	-8141.83
637	0.280503	-8117.99
638	0.280503	-8094.56
639	0.280503	-8108.09
640	0.280503	-8109.51
641	0.280503	-8121.01
642	0.280503	-8110.71
643	0.280503	-8114.56
644	0.280503	-8120.53
645	0.280503	-8143.93
646	0.280503	-8103.14
647	0.280503	-8102.13
648	0.280503	-8105.66
649	0.280503	-8129.29
650	0.280503	-8149
651	0.280503	-8128.4
652	0.280503	-8125.26
653	0.280503	-8134.08
654	0.280503	-8112.97
655	0.280503	-8119.18
656	0.280503	-8114
657	0.280503	-8142.44
658	0.280503	-8132.23
659	0.280503	-8125.86
660	0.280503	-8133.32
661	0.280503	-8115.28
662	0.280503	-8126.34
663	0.280503	-8144.54
664	0.280503	-8106.48
665	0.280503	-8096.57
666	0.280503	-8132.49
667	0.280503	-8111.87
668	0.280503	-8118.6
669	0.280503	-8116.85
670	0.280503	-8125.37
671	0.280503	-8126.09
672	0.280503	-8120.91
673	0.280503	-8139.27
674	0.280503	-8135.53
675	0.280503	-8142.88
676	0.280503	-8146.06
677	0.280503	-8118.3
678	0.280503	-8126.46
679	0.280503	-8115.1
680	0.280503	-8131.77
681	0.280503	-8123.66
682	0.280503	-8112.06
683	0.280503	-8105.31
684	0.280503	-8113.44
685	0.280503	-8127.58
686	0.280503	-8165.36
687	0.280503	-8117.41
688	0.280503	-8125.38
689	0.280503	-8131.12
690	0.280503	-8111.67
691	0.280503	-8114.77
692	0.280503	-8115.97
693	0.280503	-8111.45
694	0.280503	-8114.58
695	0.280503	-8122
696	0.280503	-8143.12
697	0.280503	-8113.48
698	0.280503	-8134
699	0.280503	-8132.57
700	0.280503	-8119.96
701	0.280503	-8116.16
702	0.280503	-8143.1
703	0.280503	-8130.96
704	0.280503	-8141.25
705	0.280503	-8121.04
706	0.280503	-8122.74
707	0.280503	-8163.45
708	0.280503	-8180.55
709	0.280503	-8145.99
710	0.280503	-8180.59
711	0.280503	-8175.67
712	0.280503	-8161.12
713	0.280503	-8148.49
714	0.280503	-8119.21
715	0.280503	-8127.65
716	0.280503	-8125.28
717	0.280503	-8099.19
718	0.280503	-8120.13
719	0.280503	-8118.62
720	0.280503	-8128.28
721	0.280503	-8118.15
722	0.280503	-8108.21
723	0.280503	-8131.74
724	0.280503	-8114.8
725	0.280503	-8118.46
726	0.280503	-8118.31
727	0.280503	-8122.6
728	0.280503	-8115.01
729	0.280503	-8114.05
730	0.280503	-8128.51
731	0.280503	-8105.88
732	0.280503	-8105.97
733	0.280503	-8113.61
734	0.280503	-8120.1
735	0.280503	-8105.43
736	0.280503	-8115.2
737	0.280503	-8117.3
738	0.280503	-8105.13
739	0.280503	-8116.62
740	0.280503	-8105.22
741	0.280503	-8107.35
742	0.280503	-8093.17
743	0.280503	-8107.06
744	0.280503	-8121.58
745	0.280503	-8106.98
746	0.280503	-8110.07
747	0.280503	-8114.07
748	0.280503	-8129.02
749	0.280503	-8097.58
750	0.280503	-8098.3
751	0.280503	-8127.93
752	0.280503	-8132.12
753	0.280503	-8125.34
754	0.280503	-8098.84
755	0.280503	-8105.72
756	0.280503	-8099.35
757	0.280503	-8096.85
758	0.280503	-8124.61
759	0.280503	-8124.87
760	0.280503	-8125.34
761	0.280503	-8128.15
762	0.280503	-8132.15
763	0.280503	-8141.41
764	0.280503	-8108.07
765	0.280503	-8124.92
766	0.280503	-8124.29
767	0.280503	-8136.04
768	0.280503	-8149.3
769	0.280503	-8143.13
770	0.280503	-8135.77
771	0.280503	-8114.23
772	0.280503	-8103.49
773	0.280503	-8121.48
774	0.280503	-8109.41
775	0.280503	-8113.45
776	0.280503	-8129.59
777	0.280503	-8112.65
778	0.280503	-8118.42
779	0.280503	-8105.92
780	0.280503	-8141.04
781	0.280503	-8158.21
782	0.280503	-8142.33
783	0.280503	-8129.16
784	0.280503	-8126.44
785	0.280503	-8117.02
786	0.280503	-8126.53
787	0.280503	-8118.98
788	0.280503	-8105.54
789	0.280503	-8114.08
790	0.280503	-8122.73
791	0.280503	-8141.06
792	0.280503	-8117.96
793	0.280503	-8127.65
794	0.280503	-8131.57
795	0.280503	-8119.75
796	0.280503	-8128.3
797	0.280503	-8128.89
798	0.280503	-8139.23
799	0.280503	-8139.4
800	0.280503	-8117.42
801	0.280503	-8133.3
802	0.280503	-8135.89
803	0.280503	-8140.64
804	0.280503	-8132.84
805	0.280503	-8122.33
806	0.280503	-8119.57
807	0.280503	-8131.05
808	0.280503	-8104.79
809	0.280503	-8117.37
810	0.280503	-8125.96
811	0.280503	-8128.84
812	0.280503	-8113.88
813	0.280503	-8114.15
814	0.280503	-8116.92
815	0.280503	-8123.68
816	0.280503	-8122.41
817	0.280503	-8110.1
818	0.280503	-8120.22
819	0.280503	-8120.48
820	0.280503	-8102.92
821	0.280503	-8125.33
822	0.280503	-8098.33
823	0.280503	-8108.79
824	0.280503	-8105.84
825	0.280503	-8091.52
826	0.280503	-8085.46
827	0.280503	-8116.38
828	0.280503	-8114.41
829	0.280503	-8098.48
830	0.280503	-8115.5
831	0.280503	-8136.12
832	0.280503	-8147.79
833	0.280503	-8132.44
834	0.280503	-8149.09
835	0.280503	-8132.52
836	0.280503	-8127.4
837	0.280503	-8144.35
838	0.280503	-8131.02
839	0.280503	-8126.83
840	0.280503	-8132.89
841	0.280503	-8142.58
842	0.280503	-8149.29
843	0.280503	-8130.31
844	0.280503	-8121.32
845	0.280503	-8118.8
846	0.280503	-8129.63
847	0.280503	-8129.7
848	0.280503	-8154.83
849	0.280503	-8131.27
850	0.280503	-8135.53
851	0.280503	-8160.55
852	0.280503	-8155.05
853	0.280503	-8155.78
854	0.280503	-8154.18
855	0.280503	-8118.2
856	0.280503	-8131.16
857	0.280503	-8140.3
858	0.280503	-8156.46
859	0.280503	-8160.96
860	0.280503	-8147.75
861	0.280503	-8151.27
862	0.280503	-8153.29
863	0.280503	-8164.64
864	0.280503	-8144.75
865	0.280503	-8128.37
866	0.280503	-8118.19
867	0.280503	-8113.5
868	0.280503	-8117.59
869	0.280503	-8124.99
870	0.280503	-8132.71
871	0.280503	-8110.87
872	0.280503	-8097.16
873	0.280503	-8112.83
874	0.280503	-8111.17
875	0.280503	-8114.51
876	0.280503	-8115.01
877	0.280503	-8111.91
878	0.280503	-8120.91
879	0.280503	-8129.3
880	0.280503	-8118.02
881	0.280503	-8120.58
882	0.280503	-8146.87
883	0.280503	-8136.63
884	0.280503	-8130.77
885	0.280503	-8138.7
886	0.280503	-8111.33
887	0.280503	-8102.68
888	0.280503	-8131.84
889	0.280503	-8131.99
890	0.280503	-8110.16
891	0.280503	-8104.78
892	0.280503	-8109
893	0.280503	-8087.73
894	0.280503	-8097.16
895	0.280503	-8108.87
896	0.280503	-8107.18
897	0.280503	-8118.33
898	0.280503	-8089.85
899	0.280503	-8109.65
900	0.280503	-8124.57
901	0.280503	-8134.25
902	0.280503	-8116.14
903	0.280503	-8124.09
904	0.280503	-8143.16
905	0.280503	-8126.01
906	0.280503	-8114.29
907	0.280503	-8111.84
908	0.280503	-8113.67
909	0.280503	-8116.18
910	0.280503	-8116.26
911	0.280503	-8099.38
912	0.280503	-8125.59
913	0.280503	-8159.11
914	0.280503	-8126.44
915	0.280503	-8127.5
916	0.280503	-8145.99
917	0.280503	-8139.6
918	0.280503	-8154.11
919	0.280503	-8141.34
920	0.280503	-8116.42
921	0.280503	-8116
922	0.280503	-8109.46
923	0.280503	-8132.1
924	0.280503	-8103.45
925	0.280503	-8102.9
926	0.280503	-8114.34
927	0.280503	-8115.44
928	0.280503	-8110.43
929	0.280503	-8105.49
930	0.280503	-8118.99
931	0.280503	-8128.91
932	0.280503	-8115.45
933	0.280503	-8149.51
934	0.280503	-8149.03
935	0.280503	-8171.21
936	0.280503	-8133.33
937	0.280503	-8121.75
938	0.280503	-8103.74
939	0.280503	-8113.62
940	0.280503	-8121.8
941	0.280503	-8110.19
942	0.280503	-8135.54
943	0.280503	-8126.07
944	0.280503	-8111.76
945	0.280503	-8123.23
946	0.280503	-8137.73
947	0.280503	-8135.9
948	0.280503	-8121.99
949	0.280503	-8121.22
950	0.280503	-8113.05
951	0.280503	-8132.55
952	0.280503	-8120.81
953	0.280503	-8099.35
954	0.280503	-8126.99
955	0.280503	-8105.51
956	0.280503	-8117.23
957	0.280503	-8127.16
958	0.280503	-8131.5
959	0.280503	-8100.63
960	0.280503	-8106.65
961	0.280503	-8110.92
962	0.280503	-8112.41
963	0.280503	-8117.77
964	0.280503	-8108.43
965	0.280503	-8120.6
966	0.280503	-8121.74
967	0.280503	-8122.77
968	0.280503	-8149.59
969	0.280503	-8146.66
970	0.280503	-8160.25
971	0.280503	-8138.97
972	0.280503	-8152.56
973	0.280503	-8165.56
974	0.280503	-8133.36
975	0.280503	-8119.97
976	0.280503	-8108.53
977	0.280503	-8115.57
978	0.280503	-8115.7
979	0.280503	-8133.51
980	0.280503	-8145.54
981	0.280503	-8128.97
982	0.280503	-8117.66
983	0.280503	-8130.67
984	0.280503	-8107.3
985	0.280503	-8114.41
986	0.280503	-8102.19
987	0.280503	-8105
988	0.280503	-8107.92
989	0.280503	-8121.68
990	0.280503	-8115.38
991	0.280503	-8129.87
992	0.280503	-8109.64
993	0.280503	-8118.15
994	0.280503	-8140.79
995	0.280503	-8149.03
996	0.280503	-8130.16
997	0.280503	-8111.11
998	0.280503	-8105.32
999	0.280503	-8102.93
1000	0.280503	-8110.75
251	0.245487	-8150.54
252	0.245487	-8134.87
253	0.245487	-8132.29
254	0.245487	-8149.82
255	0.245487	-8134.72
256	0.245487	-8148.61
257	0.245487	-8136.63
258	0.245487	-8102.38
259	0.245487	-8097.15
260	0.245487	-8091.34
261	0.245487	-8090.29
262	0.245487	-8096.66
263	0.245487	-8102.19
264	0.245487	-8106.93
265	0.245487	-8122.78
266	0.245487	-8132.26
267	0.245487	-8123.86
268	0.245487	-8117.6
269	0.245487	-8121.33
270	0.245487	-8089.86
271	0.245487	-8092.83
272	0.245487	-8115.22
273	0.245487	-8113.63
274	0.245487	-8129.29
275	0.245487	-8124.22
276	0.245487	-8120.59
277	0.245487	-8134.46
278	0.245487	-8145.33
279	0.245487	-8126.74
280	0.245487	-8114.72
281	0.245487	-8116.06
282	0.245487	-8146.31
283	0.245487	-8152.89
284	0.245487	-8133.68
285	0.245487	-8119.21
286	0.245487	-8111.31
287	0.245487	-8095.12
288	0.245487	-8112.51
289	0.245487	-8127.29
290	0.245487	-8125.52
291	0.245487	-8103.2
292	0.245487	-8104.05
293	0.245487	-8108.46
294	0.245487	-8098.66
295	0.245487	-8117.85
296	0.245487	-8107.19
297	0.245487	-8105.65
298	0.245487	-8116.02
299	0.245487	-8115.65
300	0.245487	-8092.67
301	0.245487	-8093.13
302	0.245487	-8091.86
303	0.245487	-8115.66
304	0.245487	-8094.54
305	0.245487	-8107.03
306	0.245487	-8123.64
307	0.245487	-8125.78
308	0.245487	-8105.47
309	0.245487	-8102.93
310	0.245487	-8113.76
311	0.245487	-8114.22
312	0.245487	-8112.93
313	0.245487	-8129.03
314	0.245487	-8132.99
315	0.245487	-8147.46
316	0.245487	-8133.88
317	0.245487	-8132.45
318	0.245487	-8142.82
319	0.245487	-8144.3
320	0.245487	-8158.08
321	0.245487	-8166
322	0.245487	-8187.8
323	0.245487	-8205.29
324	0.245487	-8180.84
325	0.245487	-8155.82
326	0.245487	-8175.39
327	0.245487	-8147.74
328	0.245487	-8162.24
329	0.245487	-8147.81
330	0.245487	-8139.6
331	0.245487	-8147.8
332	0.245487	-8151.32
333	0.245487	-8127.32
334	0.245487	-8138.31
335	0.245487	-8131.87
336	0.245487	-8134.29
337	0.245487	-8163.18
338	0.245487	-8138.91
339	0.245487	-8155.4
340	0.245487	-8128.66
341	0.245487	-8118.5
342	0.245487	-8129.28
343	0.245487	-8147.41
344	0.245487	-8134.74
345	0.245487	-8121.93
346	0.245487	-8123.05
347	0.245487	-8104.03
348	0.245487	-8125.01
349	0.245487	-8126.36
350	0.245487	-8121.85
351	0.245487	-8120.81
352	0.245487	-8136.79
353	0.245487	-8138.34
354	0.245487	-8127.73
355	0.245487	-8135.04
356	0.245487	-8150.57
357	0.245487	-8140.8
358	0.245487	-8132.51
359	0.245487	-8129.85
360	0.245487	-8128.41
361	0.245487	-8119.26
362	0.245487	-8108.31
363	0.245487	-8137.72
364	0.245487	-8132.85
365	0.245487	-8144.26
366	0.245487	-8123.64
367	0.245487	-8111.74
368	0.245487	-8102.16
369	0.245487	-8118.77
370	0.245487	-8118.26
371	0.245487	-8113.9
372	0.245487	-8105.19
373	0.245487	-8107.05
374	0.245487	-8122
375	0.245487	-8157.4
376	0.245487	-8139.36
377	0.245487	-8136.17
378	0.245487	-8158
379	0.245487	-8153.47
380	0.245487	-8150.17
381	0.245487	-8153.72
382	0.245487	-8150.28
383	0.245487	-8138.36
384	0.245487	-8139.9
385	0.245487	-8186.35
386	0.245487	-8170.01
387	0.245487	-8166.11
388	0.245487	-8155.31
389	0.245487	-8158.38
390	0.245487	-8136.86
391	0.245487	-8113.36
392	0.245487	-8132.56
393	0.245487	-8136.43
394	0.245487	-8141.69
395	0.245487	-8123.23
396	0.245487	-8120.66
397	0.245487	-8126.2
398	0.245487	-8136.45
399	0.245487	-8101.76
400	0.245487	-8108.65
401	0.245487	-8113.12
402	0.245487	-8128.07
403	0.245487	-8130.99
404	0.245487	-8143.98
405	0.245487	-8130.17
406	0.245487	-8116.73
407	0.245487	-8120.67
408	0.245487	-8132.22
409	0.245487	-8126.97
410	0.245487	-8125.53
411	0.245487	-8139.6
412	0.245487	-8113.84
413	0.245487	-8130.55
414	0.245487	-8128.59
415	0.245487	-8120.7
416	0.245487	-8137.18
417	0.245487	-8135.38
418	0.245487	-8125.24
419	0.245487	-8105.67
420	0.245487	-8132.36
421	0.245487	-8145.08
422	0.245487	-8157.28
423	0.245487	-8145.65
424	0.245487	-8113.88
425	0.245487	-8102.89
426	0.245487	-8124.19
427	0.245487	-8136.36
428	0.245487	-8137.26
429	0.245487	-8106.86
430	0.245487	-8125.37
431	0.245487	-8145.13
432	0.245487	-8132.15
433	0.245487	-8138.67
434	0.245487	-8146.76
435	0.245487	-8154.23
436	0.245487	-8142.8
437	0.245487	-8120.15
438	0.245487	-8124.27
439	0.245487	-8112.74
440	0.245487	-8113.1
441	0.245487	-8124.31
442	0.245487	-8112.88
443	0.245487	-8113.01
444	0.245487	-8128.09
445	0.245487	-8117.3
446	0.245487	-8115.29
447	0.245487	-8138.19
448	0.245487	-8117.42
449	0.245487	-8119.74
450	0.245487	-8147.79
451	0.245487	-8133.57
452	0.245487	-8138.09
453	0.245487	-8131.06
454	0.245487	-8141.39
455	0.245487	-8155.47
456	0.245487	-8143.48
457	0.245487	-8167.95
458	0.245487	-8126.99
459	0.245487	-8135.06
460	0.245487	-8125.55
461	0.245487	-8116.96
462	0.245487	-8120.48
463	0.245487	-8150.61
464	0.245487	-8119.14
465	0.245487	-8117.46
466	0.245487	-8109.77
467	0.245487	-8105.53
468	0.245487	-8092.17
469	0.245487	-8113.66
470	0.245487	-8118.19
471	0.245487	-8128.72
472	0.245487	-8145.45
473	0.245487	-8132.3
474	0.245487	-8160.94
475	0.245487	-8165.54
476	0.245487	-8147.86
477	0.245487	-8138.82
478	0.245487	-8119.83
479	0.245487	-8119.8
480	0.245487	-8118.17
481	0.245487	-8120.24
482	0.245487	-8155.11
483	0.245487	-8170.61
484	0.245487	-8163.6
485	0.245487	-8138.18
486	0.245487	-8147.21
487	0.245487	-8116.8
488	0.245487	-8104.71
489	0.245487	-8122.77
490	0.245487	-8105.81
491	0.245487	-8122.33
492	0.245487	-8131.31
493	0.245487	-8130.53
494	0.245487	-8125.12
495	0.245487	-8141.9
496	0.245487	-8132.96
497	0.245487	-8140.04
498	0.245487	-8126.2
499	0.245487	-8135.73
500	0.245487	-8160.47
501	0.245487	-8168.04
502	0.245487	-8141.91
503	0.245487	-8122.18
504	0.245487	-8103.04
505	0.245487	-8132.51
506	0.245487	-8131.22
507	0.245487	-8129.79
508	0.245487	-8145.14
509	0.245487	-8172.43
510	0.245487	-8167.04
511	0.245487	-8129.11
512	0.245487	-8123.92
513	0.245487	-8144.19
514	0.245487	-8165.17
515	0.245487	-8177.37
516	0.245487	-8135.38
517	0.245487	-8157.17
518	0.245487	-8141.62
519	0.245487	-8161.72
520	0.245487	-8163.42
521	0.245487	-8173.37
522	0.245487	-8161.72
523	0.245487	-8149.49
524	0.245487	-8122.17
525	0.245487	-8148
526	0.245487	-8131.11
527	0.245487	-8127.67
528	0.245487	-8144.73
529	0.245487	-8131.47
530	0.245487	-8135.53
531	0.245487	-8143.92
532	0.245487	-8109.19
533	0.245487	-8136.37
534	0.245487	-8143.64
535	0.245487	-8158.15
536	0.245487	-8164.06
537	0.245487	-8142.51
538	0.245487	-8113.97
539	0.245487	-8125.04
540	0.245487	-8131.12
541	0.245487	-8135.27
542	0.245487	-8130.98
543	0.245487	-8135.35
544	0.245487	-8114.11
545	0.245487	-8129.28
546	0.245487	-8162.59
547	0.245487	-8145.26
548	0.245487	-8125.11
549	0.245487	-8125.68
550	0.245487	-8141.19
551	0.245487	-8141.5
552	0.245487	-8146.72
553	0.245487	-8135.37
554	0.245487	-8125.3
555	0.245487	-8114.38
556	0.245487	-8124.8
557	0.245487	-8129.85
558	0.245487	-8118.08
559	0.245487	-8113.59
560	0.245487	-8117.53
561	0.245487	-8110.9
562	0.245487	-8124.32
563	0.245487	-8132.96
564	0.245487	-8141.02
565	0.245487	-8126.25
566	0.245487	-8124.03
567	0.245487	-8128.66
568	0.245487	-8123.89
569	0.245487	-8135.15
570	0.245487	-8142.12
571	0.245487	-8139.77
572	0.245487	-8132.13
573	0.245487	-8145.22
574	0.245487	-8109.87
575	0.245487	-8103.9
576	0.245487	-8131.17
577	0.245487	-8132.93
578	0.245487	-8131.68
579	0.245487	-8142.99
580	0.245487	-8128.73
581	0.245487	-8139.36
582	0.245487	-8139.8
583	0.245487	-8135.26
584	0.245487	-8147.17
585	0.245487	-8134.79
586	0.245487	-8123.19
587	0.245487	-8114.5
588	0.245487	-8118.44
589	0.245487	-8109.9
590	0.245487	-8151.97
591	0.245487	-8143.66
592	0.245487	-8152.15
593	0.245487	-8134.21
594	0.245487	-8144.84
595	0.245487	-8135.57
596	0.245487	-8150
597	0.245487	-8139.7
598	0.245487	-8140.25
599	0.245487	-8143.55
600	0.245487	-8123.84
601	0.245487	-8125.66
602	0.245487	-8118.9
603	0.245487	-8110.71
604	0.245487	-8131.22
605	0.245487	-8145.46
606	0.245487	-8144.82
607	0.245487	-8136.37
608	0.245487	-8118.02
609	0.245487	-8136.78
610	0.245487	-8103.01
611	0.245487	-8130.01
612	0.245487	-8124.02
613	0.245487	-8115.77
614	0.245487	-8106.17
615	0.245487	-8110.98
616	0.245487	-8170.97
617	0.245487	-8156.25
618	0.245487	-8150.07
619	0.245487	-8189.92
620	0.245487	-8129.46
621	0.245487	-8100.93
622	0.245487	-8141.32
623	0.245487	-8141.45
624	0.245487	-8129.39
625	0.245487	-8127.09
626	0.245487	-8149.16
627	0.245487	-8160.84
628	0.245487	-8184.98
629	0.245487	-8140.01
630	0.245487	-8117.9
631	0.245487	-8126.5
632	0.245487	-8108.69
633	0.245487	-8123.28
634	0.245487	-8123.06
635	0.245487	-8127.7
636	0.245487	-8148.77
637	0.245487	-8123.68
638	0.245487	-8137.13
639	0.245487	-8126.13
640	0.245487	-8131.19
641	0.245487	-8134.15
642	0.245487	-8135.14
643	0.245487	-8136.73
644	0.245487	-8135.04
645	0.245487	-8121.23
646	0.245487	-8155.18
647	0.245487	-8145.9
648	0.245487	-8166.96
649	0.245487	-8187.29
650	0.245487	-8175.92
651	0.245487	-8177.98
652	0.245487	-8171.75
653	0.245487	-8164.05
654	0.245487	-8147.2
655	0.245487	-8147.61
656	0.245487	-8154.61
657	0.245487	-8143.93
658	0.245487	-8131.77
659	0.245487	-8131.06
660	0.245487	-8142.95
661	0.245487	-8135.69
662	0.245487	-8149.5
663	0.245487	-8126.05
664	0.245487	-8151.67
665	0.245487	-8173.02
666	0.245487	-8150.22
667	0.245487	-8154.8
668	0.245487	-8143.75
669	0.245487	-8153.84
670	0.245487	-8143.46
671	0.245487	-8127.57
672	0.245487	-8158.01
673	0.245487	-8155.23
674	0.245487	-8183.94
675	0.245487	-8185.03
676	0.245487	-8156.79
677	0.245487	-8162.94
678	0.245487	-8142.9
679	0.245487	-8146.73
680	0.245487	-8144.4
681	0.245487	-8108.69
682	0.245487	-8116.22
683	0.245487	-8139.1
684	0.245487	-8143.55
685	0.245487	-8119.1
686	0.245487	-8130.22
687	0.245487	-8135.34
688	0.245487	-8171.36
689	0.245487	-8153.73
690	0.245487	-8157.06
691	0.245487	-8169.51
692	0.245487	-8152.39
693	0.245487	-8150.12
694	0.245487	-8155.91
695	0.245487	-8132.03
696	0.245487	-8143.45
697	0.245487	-8148.64
698	0.245487	-8141.81
699	0.245487	-8146.43
700	0.245487	-8148.67
701	0.245487	-8131.36
702	0.245487	-8109.51
703	0.245487	-8130.88
704	0.245487	-8131.35
705	0.245487	-8141.7
706	0.245487	-8138.24
707	0.245487	-8136.02
708	0.245487	-8130.57
709	0.245487	-8113.6
710	0.245487	-8125.2
711	0.245487	-8142.02
712	0.245487	-8114.98
713	0.245487	-8120.25
714	0.245487	-8133.16
715	0.245487	-8133.85
716	0.245487	-8158.08
717	0.245487	-8145.18
718	0.245487	-8161.44
719	0.245487	-8130.72
720	0.245487	-8134.07
721	0.245487	-8111.56
722	0.245487	-8142.46
723	0.245487	-8107.96
724	0.245487	-8136.05
725	0.245487	-8126.63
726	0.245487	-8143.12
727	0.245487	-8125.28
728	0.245487	-8131.52
729	0.245487	-8117.99
730	0.245487	-8151.44
731	0.245487	-8142.88
732	0.245487	-8128.27
733	0.245487	-8098.91
734	0.245487	-8104.19
735	0.245487	-8133.77
736	0.245487	-8159.67
737	0.245487	-8133.65
738	0.245487	-8128.77
739	0.245487	-8111.19
740	0.245487	-8114.46
741	0.245487	-8145.34
742	0.245487	-8133.42
743	0.245487	-8135.18
744	0.245487	-8155.44
745	0.245487	-8134.19
746	0.245487	-8129.39
747	0.245487	-8130.05
748	0.245487	-8134.01
749	0.245487	-8162.41
750	0.245487	-8150.94
751	0.245487	-8123.2
752	0.245487	-8119.24
753	0.245487	-8120.02
754	0.245487	-8154.96
755	0.245487	-8133.54
756	0.245487	-8133.08
757	0.245487	-8116.2
758	0.245487	-8105.56
759	0.245487	-8110.44
760	0.245487	-8111.62
761	0.245487	-8142.23
762	0.245487	-8144.39
763	0.245487	-8133.96
764	0.245487	-8119.82
765	0.245487	-8120.53
766	0.245487	-8123.69
767	0.245487	-8133
768	0.245487	-8152.55
769	0.245487	-8140.18
770	0.245487	-8153.77
771	0.245487	-8152.41
772	0.245487	-8148.42
773	0.245487	-8146.46
774	0.245487	-8145.88
775	0.245487	-8138.93
776	0.245487	-8150.31
777	0.245487	-8155.84
778	0.245487	-8148.41
779	0.245487	-8139.16
780	0.245487	-8137.07
781	0.245487	-8122.7
782	0.245487	-8117.24
783	0.245487	-8147.39
784	0.245487	-8133.32
785	0.245487	-8120.14
786	0.245487	-8122.02
787	0.245487	-8119.87
788	0.245487	-8106.31
789	0.245487	-8103.44
790	0.245487	-8117.86
791	0.245487	-8120.35
792	0.245487	-8116.03
793	0.245487	-8133.59
794	0.245487	-8111.75
795	0.245487	-8120.51
796	0.245487	-8152.98
797	0.245487	-8111.78
798	0.245487	-8100.69
799	0.245487	-8141.99
800	0.245487	-8135.66
801	0.245487	-8133.25
802	0.245487	-8140.54
803	0.245487	-8126.85
804	0.245487	-8118.04
805	0.245487	-8111.75
806	0.245487	-8107.76
807	0.245487	-8133.27
808	0.245487	-8112.04
809	0.245487	-8112.24
810	0.245487	-8133.43
811	0.245487	-8121.33
812	0.245487	-8119.1
813	0.245487	-8116.24
814	0.245487	-8119.9
815	0.245487	-8115.27
816	0.245487	-8094.13
817	0.245487	-8118.15
818	0.245487	-8115.96
819	0.245487	-8129.33
820	0.245487	-8140.28
821	0.245487	-8108.35
822	0.245487	-8099.75
823	0.245487	-8098.3
824	0.245487	-8123.71
825	0.245487	-8121.14
826	0.245487	-8132.03
827	0.245487	-8129.32
828	0.245487	-8152.14
829	0.245487	-8112.84
830	0.245487	-8125.39
831	0.245487	-8158.74
832	0.245487	-8160.67
833	0.245487	-8139.8
834	0.245487	-8107.55
835	0.245487	-8106.36
836	0.245487	-8124.85
837	0.245487	-8119.16
838	0.245487	-8125.29
839	0.245487	-8130.64
840	0.245487	-8141.03
841	0.245487	-8113.71
842	0.245487	-8143.55
843	0.245487	-8147.86
844	0.245487	-8121.49
845	0.245487	-8114.83
846	0.245487	-8129.61
847	0.245487	-8111.42
848	0.245487	-8125.82
849	0.245487	-8127.21
850	0.245487	-8151.56
851	0.245487	-8150.75
852	0.245487	-8136.39
853	0.245487	-8137.66
854	0.245487	-8122.53
855	0.245487	-8140.24
856	0.245487	-8125.95
857	0.245487	-8123.02
858	0.245487	-8116.07
859	0.245487	-8143.91
860	0.245487	-8118.79
861	0.245487	-8133.67
862	0.245487	-8132.02
863	0.245487	-8103.2
864	0.245487	-8105.94
865	0.245487	-8104.79
866	0.245487	-8113.78
867	0.245487	-8127.57
868	0.245487	-8130.48
869	0.245487	-8123.37
870	0.245487	-8118.04
871	0.245487	-8130.31
872	0.245487	-8128.27
873	0.245487	-8126.33
874	0.245487	-8122.1
875	0.245487	-8128.06
876	0.245487	-8122.65
877	0.245487	-8111.44
878	0.245487	-8126.35
879	0.245487	-8120
880	0.245487	-8130.81
881	0.245487	-8118.02
882	0.245487	-8145.11
883	0.245487	-8116.57
884	0.245487	-8127.24
885	0.245487	-8144.37
886	0.245487	-8111.49
887	0.245487	-8114.26
888	0.245487	-8147.72
889	0.245487	-8137.07
890	0.245487	-8145.55
891	0.245487	-8127.61
892	0.245487	-8134.08
893	0.245487	-8109.43
894	0.245487	-8110.65
895	0.245487	-8113.7
896	0.245487	-8113.29
897	0.245487	-8124.48
898	0.245487	-8120.85
899	0.245487	-8153.37
900	0.245487	-8114.83
901	0.245487	-8100.81
902	0.245487	-8114.34
903	0.245487	-8114.43
904	0.245487	-8110.84
905	0.245487	-8117.96
906	0.245487	-8115.35
907	0.245487	-8137.23
908	0.245487	-8120.65
909	0.245487	-8119.75
910	0.245487	-8119.14
911	0.245487	-8124.87
912	0.245487	-8125.66
913	0.245487	-8142.27
914	0.245487	-8140.9
915	0.245487	-8162.96
916	0.245487	-8168.13
917	0.245487	-8122.64
918	0.245487	-8122.68
919	0.245487	-8145.7
920	0.245487	-8141.09
921	0.245487	-8122.42
922	0.245487	-8106.15
923	0.245487	-8105.05
924	0.245487	-8133.69
925	0.245487	-8110.05
926	0.245487	-8107.62
927	0.245487	-8108.36
928	0.245487	-8114.03
929	0.245487	-8140.63
930	0.245487	-8110.84
931	0.245487	-8106.7
932	0.245487	-8101.35
933	0.245487	-8113.29
934	0.245487	-8129.14
935	0.245487	-8157.66
936	0.245487	-8142.01
937	0.245487	-8158.71
938	0.245487	-8133.52
939	0.245487	-8136.67
940	0.245487	-8128.41
941	0.245487	-8122.35
942	0.245487	-8127.53
943	0.245487	-8123.36
944	0.245487	-8100.9
945	0.245487	-8119.61
946	0.245487	-8128.96
947	0.245487	-8122.93
948	0.245487	-8111.11
949	0.245487	-8128.61
950	0.245487	-8134.06
951	0.245487	-8116.15
952	0.245487	-8127.16
953	0.245487	-8139.45
954	0.245487	-8117.73
955	0.245487	-8126.73
956	0.245487	-8143.29
957	0.245487	-8157.08
958	0.245487	-8126.3
959	0.245487	-8117.4
960	0.245487	-8130.46
961	0.245487	-8136.88
962	0.245487	-8133.91
963	0.245487	-8114.56
964	0.245487	-8128.54
965	0.245487	-8111.06
966	0.245487	-8111.94
967	0.245487	-8145.36
968	0.245487	-8163.52
969	0.245487	-8148.46
970	0.245487	-8149.45
971	0.245487	-8135.53
972	0.245487	-8168.55
973	0.245487	-8139.19
974	0.245487	-8119.42
975	0.245487	-8113.48
976	0.245487	-8127.85
977	0.245487	-8114.06
978	0.245487	-8126.16
979	0.245487	-8138.67
980	0.245487	-8124.27
981	0.245487	-8138.89
982	0.245487	-8126.73
983	0.245487	-8129.04
984	0.245487	-8137.81
985	0.245487	-8128.27
986	0.245487	-8129.93
987	0.245487	-8145.42
988	0.245487	-8136.9
989	0.245487	-8123.87
990	0.245487	-8126
991	0.245487	-8117.9
992	0.245487	-8121.82
993	0.245487	-8124.98
994	0.245487	-8156.62
995	0.245487	-8114.78
996	0.245487	-8108.45
997	0.245487	-8123.26
998	0.245487	-8096.61
999	0.245487	-8115.06
1000	0.245487	-8111.81
251	0.214058	-8135.21
252	0.214058	-8130.22
253	0.214058	-8122.07
254	0.214058	-8151.18
255	0.214058	-8112.84
256	0.214058	-8126.62
257	0.214058	-8116.16
258	0.214058	-8120.47
259	0.214058	-8119.81
260	0.214058	-8159.98
261	0.214058	-8162.3
262	0.214058	-8176.68
263	0.214058	-8188.9
264	0.214058	-8180.72
265	0.214058	-8142.02
266	0.214058	-8174.61
267	0.214058	-8155.5
268	0.214058	-8170.27
269	0.214058	-8168.22
270	0.214058	-8160.31
271	0.214058	-8139.5
272	0.214058	-8163.24
273	0.214058	-8156.23
274	0.214058	-8128.75
275	0.214058	-8129.86
276	0.214058	-8131.95
277	0.214058	-8143.48
278	0.214058	-8132.17
279	0.214058	-8136.3
280	0.214058	-8123.19
281	0.214058	-8123.2
282	0.214058	-8142.89
283	0.214058	-8165.2
284	0.214058	-8157.08
285	0.214058	-8141.53
286	0.214058	-8179.42
287	0.214058	-8192.44
288	0.214058	-8171.59
289	0.214058	-8174.49
290	0.214058	-8182.29
291	0.214058	-8168.29
292	0.214058	-8135.32
293	0.214058	-8150.52
294	0.214058	-8128.41
295	0.214058	-8139.93
296	0.214058	-8152.09
297	0.214058	-8192.21
298	0.214058	-8151.27
299	0.214058	-8126
300	0.214058	-8129.34
301	0.214058	-8135.97
302	0.214058	-8137.19
303	0.214058	-8167.89
304	0.214058	-8124.85
305	0.214058	-8116.4
306	0.214058	-8127.26
307	0.214058	-8147.31
308	0.214058	-8148.16
309	0.214058	-8149.66
310	0.214058	-8119.11
311	0.214058	-8141.91
312	0.214058	-8148.1
313	0.214058	-8204.48
314	0.214058	-8219.73
315	0.214058	-8162.11
316	0.214058	-8149.84
317	0.214058	-8155.52
318	0.214058	-8164.05
319	0.214058	-8167.66
320	0.214058	-8162.57
321	0.214058	-8157
322	0.214058	-8144.75
323	0.214058	-8162.99
324	0.214058	-8119.42
325	0.214058	-8125.11
326	0.214058	-8118.79
327	0.214058	-8122.24
328	0.214058	-8131.19
329	0.214058	-8131.61
330	0.214058	-8151.23
331	0.214058	-8153.85
332	0.214058	-8132.16
333	0.214058	-8116.37
334	0.214058	-8160.34
335	0.214058	-8135.85
336	0.214058	-8117.38
337	0.214058	-8167.31
338	0.214058	-8148.41
339	0.214058	-8147.93
340	0.214058	-8164.74
341	0.214058	-8142.93
342	0.214058	-8156.1
343	0.214058	-8137.17
344	0.214058	-8126.57
345	0.214058	-8157.71
346	0.214058	-8132.43
347	0.214058	-8139.48
348	0.214058	-8144.59
349	0.214058	-8116.28
350	0.214058	-8133.29
351	0.214058	-8108.17
352	0.214058	-8123.14
353	0.214058	-8114.16
354	0.214058	-8121.29
355	0.214058	-8118.62
356	0.214058	-8126.06
357	0.214058	-8151.24
358	0.214058	-8123.95
359	0.214058	-8146.55
360	0.214058	-8129.19
361	0.214058	-8174.44
362	0.214058	-8158.56
363	0.214058	-8149.14
364	0.214058	-8142.27
365	0.214058	-8126.88
366	0.214058	-8148.68
367	0.214058	-8120.55
368	0.214058	-8133.07
369	0.214058	-8142.2
370	0.214058	-8143.9
371	0.214058	-8156.1
372	0.214058	-8150.52
373	0.214058	-8135.23
374	0.214058	-8151.89
375	0.214058	-8152.74
376	0.214058	-8147.5
377	0.214058	-8142.46
378	0.214058	-8138.81
379	0.214058	-8154.24
380	0.214058	-8149.37
381	0.214058	-8133
382	0.214058	-8162.64
383	0.214058	-8144.79
384	0.214058	-8147.05
385	0.214058	-8154.35
386	0.214058	-8157.12
387	0.214058	-8176.35
388	0.214058	-8152.53
389	0.214058	-8162.05
390	0.214058	-8153.29
391	0.214058	-8152.99
392	0.214058	-8146.71
393	0.214058	-8130.89
394	0.214058	-8154.1
395	0.214058	-8184.27
396	0.214058	-8177.8
397	0.214058	-8167.44
398	0.214058	-8128.67
399	0.214058	-8136.76
400	0.214058	-8155.37
401	0.214058	-8158.78
402	0.214058	-8151.67
403	0.214058	-8135.95
404	0.214058	-8151.27
405	0.214058	-8148.66
406	0.214058	-8141.62
407	0.214058	-8137.29
408	0.214058	-8125.08
409	0.214058	-8121.38
410	0.214058	-8129.36
411	0.214058	-8113.47
412	0.214058	-8152.3
413	0.214058	-8151.36
414	0.214058	-8168.01
415	0.214058	-8155.33
416	0.214058	-8170.15
417	0.214058	-8150.54
418	0.214058	-8165.56
419	0.214058	-8221.95
420	0.214058	-8166.98
421	0.214058	-8148.31
422	0.214058	-8173.34
423	0.214058	-8127.66
424	0.214058	-8118.67
425	0.214058	-8128.43
426	0.214058	-8115.51
427	0.214058	-8116.82
428	0.214058	-8140.77
429	0.214058	-8143.74
430	0.214058	-8127.44
431	0.214058	-8127.34
432	0.214058	-8160.57
433	0.214058	-8145.47
434	0.214058	-8194.79
435	0.214058	-8162.41
436	0.214058	-8160.42
437	0.214058	-8128.64
438	0.214058	-8187.12
439	0.214058	-8165.2
440	0.214058	-8129.98
441	0.214058	-8115.39
442	0.214058	-8116.21
443	0.214058	-8097.55
444	0.214058	-8095.77
445	0.214058	-8130.4
446	0.214058	-8132.24
447	0.214058	-8135.91
448	0.214058	-8140.35
449	0.214058	-8127.35
450	0.214058	-8122.11
451	0.214058	-8128.03
452	0.214058	-8120.73
453	0.214058	-8154.42
454	0.214058	-8152.75
455	0.214058	-8125.04
456	0.214058	-8148.14
457	0.214058	-8132.17
458	0.214058	-8124.93
459	0.214058	-8128.89
460	0.214058	-8133.85
461	0.214058	-8115.31
462	0.214058	-8112.31
463	0.214058	-8111.56
464	0.214058	-8134.9
465	0.214058	-8146.17
466	0.214058	-8168.16
467	0.214058	-8146.1
468	0.214058	-8161.52
469	0.214058	-8148.2
470	0.214058	-8165.54
471	0.214058	-8181.13
472	0.214058	-8148.83
473	0.214058	-8136.45
474	0.214058	-8188.66
475	0.214058	-8177.23
476	0.214058	-8169.01
477	0.214058	-8195.87
478	0.214058	-8166.35
479	0.214058	-8165.67
480	0.214058	-8121.31
481	0.214058	-8128.36
482	0.214058	-8136.19
483	0.214058	-8156.94
484	0.214058	-8168.54
485	0.214058	-8172.21
486	0.214058	-8165.41
487	0.214058	-8177.67
488	0.214058	-8146.66
489	0.214058	-8155.65
490	0.214058	-8118.09
491	0.214058	-8113.28
492	0.214058	-8144.97
493	0.214058	-8125.94
494	0.214058	-8153.08
495	0.214058	-8135.8
496	0.214058	-8114.02
497	0.214058	-8150.46
498	0.214058	-8138.22
499	0.214058	-8164.75
500	0.214058	-8173.08
501	0.214058	-8150.06
502	0.214058	-8165.14
503	0.214058	-8177.45
504	0.214058	-8149.8
505	0.214058	-8123.02
506	0.214058	-8139.4
507	0.214058	-8113.44
508	0.214058	-8110.2
509	0.214058	-8121.78
510	0.214058	-8124.26
511	0.214058	-8145.97
512	0.214058	-8151.72
513	0.214058	-8138.77
514	0.214058	-8140.85
515	0.214058	-8125.08
516	0.214058	-8158.27
517	0.214058	-8170.63
518	0.214058	-8135.3
519	0.214058	-8165.29
520	0.214058	-8125.66
521	0.214058	-8130.76
522	0.214058	-8117.61
523	0.214058	-8120.9
524	0.214058	-8130.03
525	0.214058	-8129.98
526	0.214058	-8149.51
527	0.214058	-8120.26
528	0.214058	-8144.81
529	0.214058	-8127.09
530	0.214058	-8147.66
531	0.214058	-8146.65
532	0.214058	-8133.12
533	0.214058	-8158.76
534	0.214058	-8148.31
535	0.214058	-8165.45
536	0.214058	-8145.5
537	0.214058	-8114.38
538	0.214058	-8151.41
539	0.214058	-8145.51
540	0.214058	-8128.91
541	0.214058	-8128.22
542	0.214058	-8134
543	0.214058	-8132.15
544	0.214058	-8156.68
545	0.214058	-8141.56
546	0.214058	-8145.94
547	0.214058	-8142.23
548	0.214058	-8127.07
549	0.214058	-8124.38
550	0.214058	-8146.81
551	0.214058	-8169.85
552	0.214058	-8147.09
553	0.214058	-8164.58
554	0.214058	-8167.93
555	0.214058	-8152.27
556	0.214058	-8136.67
557	0.214058	-8127.13
558	0.214058	-8134.25
559	0.214058	-8142.18
560	0.214058	-8148.46
561	0.214058	-8149.4
562	0.214058	-8143.25
563	0.214058	-8135.68
564	0.214058	-8149.63
565	0.214058	-8140.46
566	0.214058	-8135.06
567	0.214058	-8138.07
568	0.214058	-8101.66
569	0.214058	-8126.24
570	0.214058	-8149.33
571	0.214058	-8163.61
572	0.214058	-8179.06
573	0.214058	-8154.69
574	0.214058	-8161.41
575	0.214058	-8148.49
576	0.214058	-8168.13
577	0.214058	-8164.65
578	0.214058	-8152.94
579	0.214058	-8164.71
580	0.214058	-8179.86
581	0.214058	-8166.56
582	0.214058	-8159.95
583	0.214058	-8191.22
584	0.214058	-8145.17
585	0.214058	-8145.42
586	0.214058	-8152.91
587	0.214058	-8152.62
588	0.214058	-8148.21
589	0.214058	-8129.74
590	0.214058	-8132.27
591	0.214058	-8134.79
592	0.214058	-8136.85
593	0.214058	-8141.6
594	0.214058	-8149.32
595	0.214058	-8155.97
596	0.214058	-8137.77
597	0.214058	-8129.22
598	0.214058	-8109.39
599	0.214058	-8117.93
600	0.214058	-8146.14
601	0.214058	-8150.12
602	0.214058	-8148.28
603	0.214058	-8143.96
604	0.214058	-8137.58
605	0.214058	-8136.63
606	0.214058	-8131.01
607	0.214058	-8095.05
608	0.214058	-8110.55
609	0.214058	-8142.67
610	0.214058	-8138.55
611	0.214058	-8142.39
612	0.214058	-8156.91
613	0.214058	-8117.58
614	0.214058	-8128.2
615	0.214058	-8118.19
616	0.214058	-8124.41
617	0.214058	-8129.18
618	0.214058	-8113.96
619	0.214058	-8148.33
620	0.214058	-8149.53
621	0.214058	-8203.44
622	0.214058	-8230.11
623	0.214058	-8193.47
624	0.214058	-8156.79
625	0.214058	-8149.39
626	0.214058	-8141.38
627	0.214058	-8123.23
628	0.214058	-8158.77
629	0.214058	-8149.99
630	0.214058	-8145.9
631	0.214058	-8180.78
632	0.214058	-8168.08
633	0.214058	-8149.04
634	0.214058	-8189.55
635	0.214058	-8156.23
636	0.214058	-8165.47
637	0.214058	-8200.05
638	0.214058	-8149.66
639	0.214058	-8120.01
640	0.214058	-8132.41
641	0.214058	-8110.01
642	0.214058	-8123.98
643	0.214058	-8160.52
644	0.214058	-8162.55
645	0.214058	-8183.51
646	0.214058	-8148.72
647	0.214058	-8168.41
648	0.214058	-8170.53
649	0.214058	-8151.79
650	0.214058	-8166.14
651	0.214058	-8149.96
652	0.214058	-8165.58
653	0.214058	-8161.79
654	0.214058	-8175.05
655	0.214058	-8186.97
656	0.214058	-8200.79
657	0.214058	-8167.63
658	0.214058	-8165.26
659	0.214058	-8162.27
660	0.214058	-8149.45
661	0.214058	-8167.39
662	0.214058	-8153.17
663	0.214058	-8135.09
664	0.214058	-8133.81
665	0.214058	-8146.3
666	0.214058	-8150.83
667	0.214058	-8131.45
668	0.214058	-8146.59
669	0.214058	-8142.39
670	0.214058	-8136.21
671	0.214058	-8131.53
672	0.214058	-8125.06
673	0.214058	-8130.42
674	0.214058	-8116.02
675	0.214058	-8119.39
676	0.214058	-8139.8
677	0.214058	-8141.87
678	0.214058	-8144.31
679	0.214058	-8141.91
680	0.214058	-8137.15
681	0.214058	-8125.86
682	0.214058	-8141.31
683	0.214058	-8128.11
684	0.214058	-8137.36
685	0.214058	-8110.75
686	0.214058	-8142.41
687	0.214058	-8151.45
688	0.214058	-8152.9
689	0.214058	-8134.56
690	0.214058	-8152.59
691	0.214058	-8141.24
692	0.214058	-8152.62
693	0.214058	-8136.53
694	0.214058	-8127.53
695	0.214058	-8160.86
696	0.214058	-8153.84
697	0.214058	-8147.34
698	0.214058	-8150.34
699	0.214058	-8132.61
700	0.214058	-8115.11
701	0.214058	-8148.21
702	0.214058	-8161.41
703	0.214058	-8160.28
704	0.214058	-8124.73
705	0.214058	-8163.85
706	0.214058	-8169.02
707	0.214058	-8170.21
708	0.214058	-8179.18
709	0.214058	-8194.68
710	0.214058	-8181.95
711	0.214058	-8176.52
712	0.214058	-8175.96
713	0.214058	-8162.88
714	0.214058	-8162.38
715	0.214058	-8140.61
716	0.214058	-8174.23
717	0.214058	-8148.61
718	0.214058	-8131.82
719	0.214058	-8119.68
720	0.214058	-8117.57
721	0.214058	-8160.31
722	0.214058	-8127.55
723	0.214058	-8146.52
724	0.214058	-8125.31
725	0.214058	-8124.36
726	0.214058	-8133.04
727	0.214058	-8122.68
728	0.214058	-8137.66
729	0.214058	-8124.89
730	0.214058	-8142.74
731	0.214058	-8134.96
732	0.214058	-8135.38
733	0.214058	-8134.03
734	0.214058	-8161.53
735	0.214058	-8151.34
736	0.214058	-8166.43
737	0.214058	-8153.69
738	0.214058	-8159.29
739	0.214058	-8192.64
740	0.214058	-8176.86
741	0.214058	-8162.61
742	0.214058	-8135.9
743	0.214058	-8126.8
744	0.214058	-8122.66
745	0.214058	-8181.49
746	0.214058	-8123.94
747	0.214058	-8120.46
748	0.214058	-8106.47
749	0.214058	-8114.36
750	0.214058	-8122.84
751	0.214058	-8136.9
752	0.214058	-8118.04
753	0.214058	-8126.78
754	0.214058	-8157.13
755	0.214058	-8157.02
756	0.214058	-8162.15
757	0.214058	-8163.34
758	0.214058	-8145.91
759	0.214058	-8167.98
760	0.214058	-8184.17
761	0.214058	-8160.85
762	0.214058	-8177.24
763	0.214058	-8185.44
764	0.214058	-8147.33
765	0.214058	-8177.76
766	0.214058	-8146.18
767	0.214058	-8116.57
768	0.214058	-8164.48
769	0.214058	-8182.5
770	0.214058	-8188.85
771	0.214058	-8126.18
772	0.214058	-8121.53
773	0.214058	-8121.89
774	0.214058	-8125.82
775	0.214058	-8134.83
776	0.214058	-8106.22
777	0.214058	-8134.45
778	0.214058	-8111.2
779	0.214058	-8122.97
780	0.214058	-8121.11
781	0.214058	-8180.31
782	0.214058	-8220.37
783	0.214058	-8197.89
784	0.214058	-8151.58
785	0.214058	-8150.32
786	0.214058	-8138.89
787	0.214058	-8129.6
788	0.214058	-8103.09
789	0.214058	-8118.55
790	0.214058	-8139.52
791	0.214058	-8145.35
792	0.214058	-8116.78
793	0.214058	-8111.81
794	0.214058	-8119.54
795	0.214058	-8154.22
796	0.214058	-8120.7
797	0.214058	-8152.4
798	0.214058	-8143.22
799	0.214058	-8120.76
800	0.214058	-8141.81
801	0.214058	-8120.32
802	0.214058	-8126.97
803	0.214058	-8165.08
804	0.214058	-8128.52
805	0.214058	-8134.61
806	0.214058	-8131.41
807	0.214058	-8144.09
808	0.214058	-8158.65
809	0.214058	-8188.94
810	0.214058	-8196.49
811	0.214058	-8179.06
812	0.214058	-8198.84
813	0.214058	-8169.68
814	0.214058	-8157.52
815	0.214058	-8144.71
816	0.214058	-8127.95
817	0.214058	-8164.91
818	0.214058	-8139.02
819	0.214058	-8134.49
820	0.214058	-8129.13
821	0.214058	-8121.29
822	0.214058	-8118.91
823	0.214058	-8143.65
824	0.214058	-8131.15
825	0.214058	-8136.36
826	0.214058	-8125.64
827	0.214058	-8173.67
828	0.214058	-8169.5
829	0.214058	-8135.82
830	0.214058	-8148.21
831	0.214058	-8143.36
832	0.214058	-8099.68
833	0.214058	-8123.18
834	0.214058	-8108.92
835	0.214058	-8126.2
836	0.214058	-8110.38
837	0.214058	-8127.27
838	0.214058	-8124.47
839	0.214058	-8104.95
840	0.214058	-8130.75
841	0.214058	-8107.98
842	0.214058	-8130.91
843	0.214058	-8121.1
844	0.214058	-8138.35
845	0.214058	-8132.93
846	0.214058	-8139.03
847	0.214058	-8107.51
848	0.214058	-8112.84
849	0.214058	-8125.12
850	0.214058	-8129.87
851	0.214058	-8142.54
852	0.214058	-8141.73
853	0.214058	-8118.84
854	0.214058	-8139.93
855	0.214058	-8154.55
856	0.214058	-8151.14
857	0.214058	-8157.11
858	0.214058	-8139.55
859	0.214058	-8113.74
860	0.214058	-8149.86
861	0.214058	-8157.04
862	0.214058	-8129.37
863	0.214058	-8130.73
864	0.214058	-8125.1
865	0.214058	-8113.32
866	0.214058	-8105.52
867	0.214058	-8113.06
868	0.214058	-8140.15
869	0.214058	-8141.3
870	0.214058	-8147.06
871	0.214058	-8136.24
872	0.214058	-8119.29
873	0.214058	-8119.6
874	0.214058	-8162.73
875	0.214058	-8135.66
876	0.214058	-8141.13
877	0.214058	-8145.22
878	0.214058	-8155.74
879	0.214058	-8144.52
880	0.214058	-8154.34
881	0.214058	-8151.87
882	0.214058	-8151.35
883	0.214058	-8168.59
884	0.214058	-8144.63
885	0.214058	-8103.91
886	0.214058	-8106.02
887	0.214058	-8114
888	0.214058	-8136.14
889	0.214058	-8138.35
890	0.214058	-8127.98
891	0.214058	-8172.53
892	0.214058	-8145.33
893	0.214058	-8165.36
894	0.214058	-8164.11
895	0.214058	-8174.4
896	0.214058	-8156.43
897	0.214058	-8162.61
898	0.214058	-8182.08
899	0.214058	-8145.31
900	0.214058	-8120.95
901	0.214058	-8153.11
902	0.214058	-8134.92
903	0.214058	-8127.47
904	0.214058	-8144.18
905	0.214058	-8123.71
906	0.214058	-8123.66
907	0.214058	-8125.05
908	0.214058	-8148.47
909	0.214058	-8139.24
910	0.214058	-8126.41
911	0.214058	-8144.81
912	0.214058	-8143.68
913	0.214058	-8148.05
914	0.214058	-8149.6
915	0.214058	-8154.46
916	0.214058	-8135.62
917	0.214058	-8127.19
918	0.214058	-8163.12
919	0.214058	-8146.69
920	0.214058	-8177.33
921	0.214058	-8168.86
922	0.214058	-8153.17
923	0.214058	-8164.06
924	0.214058	-8175.15
925	0.214058	-8172.13
926	0.214058	-8141
927	0.214058	-8122.46
928	0.214058	-8129.59
929	0.214058	-8138.47
930	0.214058	-8155.03
931	0.214058	-8204.06
932	0.214058	-8200.61
933	0.214058	-8226.63
934	0.214058	-8180.49
935	0.214058	-8184
936	0.214058	-8203.21
937	0.214058	-8172.45
938	0.214058	-8164.29
939	0.214058	-8119.92
940	0.214058	-8127.05
941	0.214058	-8175.1
942	0.214058	-8170.04
943	0.214058	-8160.18
944	0.214058	-8158.26
945	0.214058	-8130.8
946	0.214058	-8126.07
947	0.214058	-8099.6
948	0.214058	-8118.22
949	0.214058	-8110.62
950	0.214058	-8126.76
951	0.214058	-8119.88
952	0.214058	-8135.76
953	0.214058	-8114.58
954	0.214058	-8148.1
955	0.214058	-8159.87
956	0.214058	-8157.86
957	0.214058	-8126.68
958	0.214058	-8146.58
959	0.214058	-8161.33
960	0.214058	-8139.3
961	0.214058	-8159.23
962	0.214058	-8143.12
963	0.214058	-8135.57
964	0.214058	-8148.25
965	0.214058	-8145.6
966	0.214058	-8155.25
967	0.214058	-8149.21
968	0.214058	-8145.34
969	0.214058	-8141.15
970	0.214058	-8142.38
971	0.214058	-8119.41
972	0.214058	-8189.4
973	0.214058	-8169.39
974	0.214058	-8150.35
975	0.214058	-8136.75
976	0.214058	-8141.07
977	0.214058	-8146.53
978	0.214058	-8135.9
979	0.214058	-8154.82
980	0.214058	-8158.53
981	0.214058	-8128.16
982	0.214058	-8155.98
983	0.214058	-8151.45
984	0.214058	-8146.06
985	0.214058	-8131.52
986	0.214058	-8151.2
987	0.214058	-8160.95
988	0.214058	-8145.63
989	0.214058	-8143.78
990	0.214058	-8164.32
991	0.214058	-8194
992	0.214058	-8223.97
993	0.214058	-8220.48
994	0.214058	-8191.52
995	0.214058	-8151.57
996	0.214058	-8139.1
997	0.214058	-8123.62
998	0.214058	-8126.27
999	0.214058	-8123.2
1000	0.214058	-8124.51
251	0.185935	-8162.16
252	0.185935	-8152.16
253	0.185935	-8165.81
254	0.185935	-8140.71
255	0.185935	-8181.5
256	0.185935	-8140.65
257	0.185935	-8151.34
258	0.185935	-8172.03
259	0.185935	-8164.85
260	0.185935	-8200.87
261	0.185935	-8169.86
262	0.185935	-8138.47
263	0.185935	-8156.02
264	0.185935	-8186.17
265	0.185935	-8201.14
266	0.185935	-8134.96
267	0.185935	-8161.17
268	0.185935	-8201.08
269	0.185935	-8172.2
270	0.185935	-8185.58
271	0.185935	-8183.17
272	0.185935	-8195.52
273	0.185935	-8210.21
274	0.185935	-8192.32
275	0.185935	-8181.45
276	0.185935	-8249.57
277	0.185935	-8207.04
278	0.185935	-8172.47
279	0.185935	-8164.79
280	0.185935	-8135.35
281	0.185935	-8129.38
282	0.185935	-8131.79
283	0.185935	-8164.91
284	0.185935	-8135.95
285	0.185935	-8153.5
286	0.185935	-8126.22
287	0.185935	-8153.45
288	0.185935	-8153.64
289	0.185935	-8149.49
290	0.185935	-8136.82
291	0.185935	-8146.54
292	0.185935	-8167.8
293	0.185935	-8173.95
294	0.185935	-8164.11
295	0.185935	-8134.22
296	0.185935	-8140.27
297	0.185935	-8136.82
298	0.185935	-8142.81
299	0.185935	-8126.92
300	0.185935	-8106.06
301	0.185935	-8115.09
302	0.185935	-8139.66
303	0.185935	-8121.28
304	0.185935	-8144.07
305	0.185935	-8124.52
306	0.185935	-8123.78
307	0.185935	-8125.36
308	0.185935	-8131.8
309	0.185935	-8121.03
310	0.185935	-8157.83
311	0.185935	-8160.22
312	0.185935	-8156.68
313	0.185935	-8183.96
314	0.185935	-8169.39
315	0.185935	-8185.07
316	0.185935	-8171.16
317	0.185935	-8195.83
318	0.185935	-8189.9
319	0.185935	-8156.05
320	0.185935	-8181.15
321	0.185935	-8190.12
322	0.185935	-8168.6
323	0.185935	-8172.83
324	0.185935	-8160.41
325	0.185935	-8177.63
326	0.185935	-8179.4
327	0.185935	-8181.68
328	0.185935	-8178.72
329	0.185935	-8176.43
330	0.185935	-8155.34
331	0.185935	-8136
332	0.185935	-8128
333	0.185935	-8135.69
334	0.185935	-8148.77
335	0.185935	-8134.1
336	0.185935	-8134
337	0.185935	-8143.57
338	0.185935	-8145.13
339	0.185935	-8140.49
340	0.185935	-8150.24
341	0.185935	-8173.17
342	0.185935	-8170.17
343	0.185935	-8146.47
344	0.185935	-8173.56
345	0.185935	-8180.68
346	0.185935	-8192.22
347	0.185935	-8230.63
348	0.185935	-8180.4
349	0.185935	-8165.67
350	0.185935	-8152.53
351	0.185935	-8147.83
352	0.185935	-8145.76
353	0.185935	-8153.35
354	0.185935	-8157.29
355	0.185935	-8188.11
356	0.185935	-8197.19
357	0.185935	-8161.5
358	0.185935	-8164.29
359	0.185935	-8168.97
360	0.185935	-8162.46
361	0.185935	-8189.92
362	0.185935	-8199.97
363	0.185935	-8214.69
364	0.185935	-8242.8
365	0.185935	-8199.43
366	0.185935	-8156.62
367	0.185935	-8189.64
368	0.185935	-8173.79
369	0.185935	-8149.9
370	0.185935	-8171.36
371	0.185935	-8172.94
372	0.185935	-8158.56
373	0.185935	-8170.75
374	0.185935	-8134.98
375	0.185935	-8158.43
376	0.185935	-8159.93
377	0.185935	-8159.04
378	0.185935	-8156.13
379	0.185935	-8160.86
380	0.185935	-8135.56
381	0.185935	-8122.34
382	0.185935	-8141.16
383	0.185935	-8130.39
384	0.185935	-8129.72
385	0.185935	-8116.41
386	0.185935	-8130.4
387	0.185935	-8112.94
388	0.185935	-8154.3
389	0.185935	-8168.96
390	0.185935	-8151.13
391	0.185935	-8180
392	0.185935	-8161.39
393	0.185935	-8173.48
394	0.185935	-8165.01
395	0.185935	-8186.93
396	0.185935	-8152.65
397	0.185935	-8121.6
398	0.185935	-8145.41
399	0.185935	-8161.02
400	0.185935	-8135.44
401	0.185935	-8132.63
402	0.185935	-8176.04
403	0.185935	-8157.96
404	0.185935	-8137.03
405	0.185935	-8158.05
406	0.185935	-8152.64
407	0.185935	-8157.15
408	0.185935	-8153.11
409	0.185935	-8142.21
410	0.185935	-8129.87
411	0.185935	-8146.67
412	0.185935	-8146.6
413	0.185935	-8175.42
414	0.185935	-8135.32
415	0.185935	-8142.6
416	0.185935	-8133.19
417	0.185935	-8149.91
418	0.185935	-8140.26
419	0.185935	-8139.01
420	0.185935	-8151.03
421	0.185935	-8144.45
422	0.185935	-8131.49
423	0.185935	-8138.88
424	0.185935	-8164.35
425	0.185935	-8207.41
426	0.185935	-8224.58
427	0.185935	-8230.02
428	0.185935	-8181.56
429	0.185935	-8178.49
430	0.185935	-8175.74
431	0.185935	-8142.22
432	0.185935	-8132.36
433	0.185935	-8136.84
434	0.185935	-8155.96
435	0.185935	-8192.3
436	0.185935	-8195.75
437	0.185935	-8181.83
438	0.185935	-8175.72
439	0.185935	-8196.13
440	0.185935	-8180.32
441	0.185935	-8171.93
442	0.185935	-8221.8
443	0.185935	-8202.64
444	0.185935	-8197.66
445	0.185935	-8182.86
446	0.185935	-8180.43
447	0.185935	-8178.93
448	0.185935	-8165.86
449	0.185935	-8160.51
450	0.185935	-8180.95
451	0.185935	-8170.41
452	0.185935	-8145.06
453	0.185935	-8173.15
454	0.185935	-8177.59
455	0.185935	-8158.79
456	0.185935	-8172.05
457	0.185935	-8168.19
458	0.185935	-8175.21
459	0.185935	-8177.6
460	0.185935	-8187.28
461	0.185935	-8218.34
462	0.185935	-8183.62
463	0.185935	-8168.98
464	0.185935	-8177.94
465	0.185935	-8176.37
466	0.185935	-8163.14
467	0.185935	-8149.66
468	0.185935	-8142.92
469	0.185935	-8163.16
470	0.185935	-8146.66
471	0.185935	-8144.85
472	0.185935	-8158.73
473	0.185935	-8157.69
474	0.185935	-8162.93
475	0.185935	-8157.57
476	0.185935	-8144.06
477	0.185935	-8142.64
478	0.185935	-8173.3
479	0.185935	-8171.69
480	0.185935	-8173.79
481	0.185935	-8158.62
482	0.185935	-8185.4
483	0.185935	-8165.33
484	0.185935	-8160.94
485	0.185935	-8149.55
486	0.185935	-8173.85
487	0.185935	-8166.05
488	0.185935	-8151.41
489	0.185935	-8164.93
490	0.185935	-8178.41
491	0.185935	-8152.89
492	0.185935	-8211.84
493	0.185935	-8139.47
494	0.185935	-8143.62
495	0.185935	-8144.82
496	0.185935	-8161.59
497	0.185935	-8180.5
498	0.185935	-8175.34
499	0.185935	-8153.96
500	0.185935	-8140.41
501	0.185935	-8169.93
502	0.185935	-8153.25
503	0.185935	-8173.58
504	0.185935	-8165.03
505	0.185935	-8168.68
506	0.185935	-8141.52
507	0.185935	-8161.78
508	0.185935	-8158.73
509	0.185935	-8168.21
510	0.185935	-8168.04
511	0.185935	-8163.6
512	0.185935	-8144.76
513	0.185935	-8149.64
514	0.185935	-8175.4
515	0.185935	-8165.68
516	0.185935	-8181.5
517	0.185935	-8153.99
518	0.185935	-8155.13
519	0.185935	-8146.55
520	0.185935	-8165.19
521	0.185935	-8148.13
522	0.185935	-8177.31
523	0.185935	-8183.91
524	0.185935	-8166.23
525	0.185935	-8167.11
526	0.185935	-8164.46
527	0.185935	-8173.75
528	0.185935	-8174.66
529	0.185935	-8136.55
530	0.185935	-8212.03
531	0.185935	-8195.34
532	0.185935	-8150.17
533	0.185935	-8138.68
534	0.185935	-8145.89
535	0.185935	-8154.71
536	0.185935	-8156.64
537	0.185935	-8151.33
538	0.185935	-8154.56
539	0.185935	-8153.91
540	0.185935	-8148.46
541	0.185935	-8126.47
542	0.185935	-8127.72
543	0.185935	-8165.2
544	0.185935	-8143.15
545	0.185935	-8141.04
546	0.185935	-8163.01
547	0.185935	-8183.86
548	0.185935	-8198.74
549	0.185935	-8160.28
550	0.185935	-8161.03
551	0.185935	-8133.59
552	0.185935	-8200.35
553	0.185935	-8169.51
554	0.185935	-8191.44
555	0.185935	-8247.85
556	0.185935	-8228.99
557	0.185935	-8190.86
558	0.185935	-8228.11
559	0.185935	-8204.72
560	0.185935	-8160.61
561	0.185935	-8153.69
562	0.185935	-8194.17
563	0.185935	-8158.78
564	0.185935	-8170.15
565	0.185935	-8187.84
566	0.185935	-8177.13
567	0.185935	-8155.97
568	0.185935	-8162.14
569	0.185935	-8184.08
570	0.185935	-8162.45
571	0.185935	-8142.03
572	0.185935	-8152.61
573	0.185935	-8158.72
574	0.185935	-8167.94
575	0.185935	-8178.54
576	0.185935	-8173.3
577	0.185935	-8181.69
578	0.185935	-8170.48
579	0.185935	-8148.15
580	0.185935	-8153.78
581	0.185935	-8164.1
582	0.185935	-8176.34
583	0.185935	-8151.63
584	0.185935	-8183.93
585	0.185935	-8163.12
586	0.185935	-8136.85
587	0.185935	-8134.46
588	0.185935	-8156.81
589	0.185935	-8183.18
590	0.185935	-8175.9
591	0.185935	-8185.45
592	0.185935	-8171.72
593	0.185935	-8155.52
594	0.185935	-8159.29
595	0.185935	-8160.71
596	0.185935	-8157.84
597	0.185935	-8126.79
598	0.185935	-8127.73
599	0.185935	-8107.83
600	0.185935	-8156.66
601	0.185935	-8163.36
602	0.185935	-8134.86
603	0.185935	-8130.33
604	0.185935	-8117.98
605	0.185935	-8113.05
606	0.185935	-8130.3
607	0.185935	-8130.31
608	0.185935	-8118.09
609	0.185935	-8157.89
610	0.185935	-8135.44
611	0.185935	-8170.19
612	0.185935	-8177.04
613	0.185935	-8142.38
614	0.185935	-8138.84
615	0.185935	-8135.5
616	0.185935	-8143.2
617	0.185935	-8130.16
618	0.185935	-8148.12
619	0.185935	-8148.02
620	0.185935	-8134.5
621	0.185935	-8148.68
622	0.185935	-8144.65
623	0.185935	-8125.01
624	0.185935	-8161.15
625	0.185935	-8167.1
626	0.185935	-8174.11
627	0.185935	-8147.2
628	0.185935	-8145.5
629	0.185935	-8158.22
630	0.185935	-8180.66
631	0.185935	-8189.56
632	0.185935	-8159.04
633	0.185935	-8170.4
634	0.185935	-8211.12
635	0.185935	-8194.3
636	0.185935	-8144.02
637	0.185935	-8130.57
638	0.185935	-8120.64
639	0.185935	-8132.74
640	0.185935	-8119.25
641	0.185935	-8157.26
642	0.185935	-8119
643	0.185935	-8145.15
644	0.185935	-8159.11
645	0.185935	-8150.17
646	0.185935	-8147.41
647	0.185935	-8127.68
648	0.185935	-8126.54
649	0.185935	-8137.22
650	0.185935	-8132.62
651	0.185935	-8123.14
652	0.185935	-8122.48
653	0.185935	-8159.18
654	0.185935	-8113.65
655	0.185935	-8126.25
656	0.185935	-8168.21
657	0.185935	-8157.35
658	0.185935	-8198.55
659	0.185935	-8193.44
660	0.185935	-8197.55
661	0.185935	-8203.78
662	0.185935	-8219.92
663	0.185935	-8199.86
664	0.185935	-8166.1
665	0.185935	-8184.54
666	0.185935	-8150.77
667	0.185935	-8182.62
668	0.185935	-8182.41
669	0.185935	-8195.69
670	0.185935	-8187.42
671	0.185935	-8179.45
672	0.185935	-8141.12
673	0.185935	-8138.27
674	0.185935	-8126.35
675	0.185935	-8155.36
676	0.185935	-8172.91
677	0.185935	-8152.39
678	0.185935	-8141.45
679	0.185935	-8147.94
680	0.185935	-8141.91
681	0.185935	-8154.19
682	0.185935	-8179.09
683	0.185935	-8160.5
684	0.185935	-8131.78
685	0.185935	-8133.02
686	0.185935	-8144.52
687	0.185935	-8165.99
688	0.185935	-8172.76
689	0.185935	-8197.18
690	0.185935	-8150.7
691	0.185935	-8144.91
692	0.185935	-8155.35
693	0.185935	-8189.11
694	0.185935	-8187.06
695	0.185935	-8144.03
696	0.185935	-8178.16
697	0.185935	-8129.94
698	0.185935	-8135.14
699	0.185935	-8130.41
700	0.185935	-8151.93
701	0.185935	-8145.12
702	0.185935	-8149.33
703	0.185935	-8146.21
704	0.185935	-8147.42
705	0.185935	-8132.15
706	0.185935	-8127.47
707	0.185935	-8150.75
708	0.185935	-8145.74
709	0.185935	-8165.64
710	0.185935	-8171.41
711	0.185935	-8160.35
712	0.185935	-8184.37
713	0.185935	-8177.96
714	0.185935	-8154.96
715	0.185935	-8122.03
716	0.185935	-8120.18
717	0.185935	-8160.16
718	0.185935	-8122.2
719	0.185935	-8118.8
720	0.185935	-8138.15
721	0.185935	-8145.74
722	0.185935	-8139.14
723	0.185935	-8168.37
724	0.185935	-8150.7
725	0.185935	-8179.59
726	0.185935	-8183.33
727	0.185935	-8188.29
728	0.185935	-8165.4
729	0.185935	-8143.37
730	0.185935	-8156.93
731	0.185935	-8152.86
732	0.185935	-8148.21
733	0.185935	-8160.82
734	0.185935	-8177.64
735	0.185935	-8193.09
736	0.185935	-8187.05
737	0.185935	-8190.07
738	0.185935	-8204.84
739	0.185935	-8194.76
740	0.185935	-8192.91
741	0.185935	-8182.6
742	0.185935	-8211.19
743	0.185935	-8216.77
744	0.185935	-8172.03
745	0.185935	-8207.21
746	0.185935	-8214.37
747	0.185935	-8204.19
748	0.185935	-8158.9
749	0.185935	-8189.13
750	0.185935	-8178.93
751	0.185935	-8165.7
752	0.185935	-8143.59
753	0.185935	-8136.24
754	0.185935	-8180.54
755	0.185935	-8176.15
756	0.185935	-8145.06
757	0.185935	-8155.5
758	0.185935	-8172.65
759	0.185935	-8164.65
760	0.185935	-8152.05
761	0.185935	-8193.57
762	0.185935	-8205.01
763	0.185935	-8187.58
764	0.185935	-8200.93
765	0.185935	-8162.92
766	0.185935	-8156.37
767	0.185935	-8145.14
768	0.185935	-8142.42
769	0.185935	-8164.9
770	0.185935	-8185.1
771	0.185935	-8180.47
772	0.185935	-8178.72
773	0.185935	-8193.73
774	0.185935	-8169.77
775	0.185935	-8149.23
776	0.185935	-8182.96
777	0.185935	-8183.94
778	0.185935	-8179.2
779	0.185935	-8195.4
780	0.185935	-8173.37
781	0.185935	-8155.32
782	0.185935	-8111
783	0.185935	-8140.15
784	0.185935	-8165.61
785	0.185935	-8119.41
786	0.185935	-8111.95
787	0.185935	-8148.91
788	0.185935	-8136.87
789	0.185935	-8141.61
790	0.185935	-8143.34
791	0.185935	-8144.58
792	0.185935	-8134.98
793	0.185935	-8157.53
794	0.185935	-8174.1
795	0.185935	-8186.51
796	0.185935	-8166.51
797	0.185935	-8193.27
798	0.185935	-8201.34
799	0.185935	-8194.43
800	0.185935	-8179.16
801	0.185935	-8166.56
802	0.185935	-8169.4
803	0.185935	-8196.89
804	0.185935	-8176.93
805	0.185935	-8189.95
806	0.185935	-8174.44
807	0.185935	-8183.73
808	0.185935	-8192.99
809	0.185935	-8169.83
810	0.185935	-8155.98
811	0.185935	-8154.96
812	0.185935	-8168.06
813	0.185935	-8210.87
814	0.185935	-8211.86
815	0.185935	-8210.37
816	0.185935	-8200.28
817	0.185935	-8160.67
818	0.185935	-8189.23
819	0.185935	-8159.2
820	0.185935	-8204.85
821	0.185935	-8120.99
822	0.185935	-8172.14
823	0.185935	-8145.55
824	0.185935	-8133.54
825	0.185935	-8192.69
826	0.185935	-8186.4
827	0.185935	-8171.33
828	0.185935	-8148.91
829	0.185935	-8167.94
830	0.185935	-8143.21
831	0.185935	-8108.93
832	0.185935	-8140.33
833	0.185935	-8144
834	0.185935	-8162.65
835	0.185935	-8188.35
836	0.185935	-8158.48
837	0.185935	-8157.13
838	0.185935	-8145.7
839	0.185935	-8129.09
840	0.185935	-8130.43
841	0.185935	-8139.9
842	0.185935	-8150.82
843	0.185935	-8154.73
844	0.185935	-8144.41
845	0.185935	-8174.19
846	0.185935	-8164.53
847	0.185935	-8155.84
848	0.185935	-8154.14
849	0.185935	-8150.69
850	0.185935	-8146.69
851	0.185935	-8149.27
852	0.185935	-8153.45
853	0.185935	-8138.66
854	0.185935	-8158.23
855	0.185935	-8182
856	0.185935	-8171.09
857	0.185935	-8174.87
858	0.185935	-8140.19
859	0.185935	-8152.66
860	0.185935	-8153.83
861	0.185935	-8115.89
862	0.185935	-8152.61
863	0.185935	-8151.92
864	0.185935	-8153.6
865	0.185935	-8169.54
866	0.185935	-8160.82
867	0.185935	-8175.3
868	0.185935	-8135.7
869	0.185935	-8128.13
870	0.185935	-8156.01
871	0.185935	-8140.09
872	0.185935	-8134.59
873	0.185935	-8152.87
874	0.185935	-8152.36
875	0.185935	-8121.97
876	0.185935	-8139.3
877	0.185935	-8196.77
878	0.185935	-8227.28
879	0.185935	-8166.89
880	0.185935	-8156.45
881	0.185935	-8156.31
882	0.185935	-8135.63
883	0.185935	-8149.16
884	0.185935	-8153.56
885	0.185935	-8169.21
886	0.185935	-8169.9
887	0.185935	-8147.31
888	0.185935	-8177.21
889	0.185935	-8171.72
890	0.185935	-8168.28
891	0.185935	-8173.87
892	0.185935	-8176.23
893	0.185935	-8141.6
894	0.185935	-8144.14
895	0.185935	-8142.91
896	0.185935	-8122.73
897	0.185935	-8146.08
898	0.185935	-8129.78
899	0.185935	-8123.04
900	0.185935	-8153.26
901	0.185935	-8143.84
902	0.185935	-8128.67
903	0.185935	-8123.12
904	0.185935	-8133.84
905	0.185935	-8128.54
906	0.185935	-8146.64
907	0.185935	-8162.46
908	0.185935	-8152.23
909	0.185935	-8150.82
910	0.185935	-8126.86
911	0.185935	-8142.81
912	0.185935	-8149.61
913	0.185935	-8185.92
914	0.185935	-8168.15
915	0.185935	-8152.85
916	0.185935	-8149.89
917	0.185935	-8170.92
918	0.185935	-8167.71
919	0.185935	-8165.88
920	0.185935	-8139.31
921	0.185935	-8175.62
922	0.185935	-8186.78
923	0.185935	-8213.54
924	0.185935	-8151.53
925	0.185935	-8166.75
926	0.185935	-8173.45
927	0.185935	-8161.83
928	0.185935	-8153.51
929	0.185935	-8169.43
930	0.185935	-8165.6
931	0.185935	-8134.32
932	0.185935	-8169.03
933	0.185935	-8158.95
934	0.185935	-8143.95
935	0.185935	-8142.25
936	0.185935	-8150.82
937	0.185935	-8144.23
938	0.185935	-8150.19
939	0.185935	-8138.79
940	0.185935	-8133.85
941	0.185935	-8161.56
942	0.185935	-8161.75
943	0.185935	-8166.33
944	0.185935	-8171.48
945	0.185935	-8167.54
946	0.185935	-8168.29
947	0.185935	-8176.66
948	0.185935	-8222.17
949	0.185935	-8138.27
950	0.185935	-8152.82
951	0.185935	-8151.42
952	0.185935	-8156.31
953	0.185935	-8159.26
954	0.185935	-8147.31
955	0.185935	-8143.43
956	0.185935	-8170.75
957	0.185935	-8158.78
958	0.185935	-8207.19
959	0.185935	-8212.35
960	0.185935	-8168.51
961	0.185935	-8215.92
962	0.185935	-8227.42
963	0.185935	-8193.12
964	0.185935	-8153.42
965	0.185935	-8120.3
966	0.185935	-8121.99
967	0.185935	-8159.08
968	0.185935	-8139.31
969	0.185935	-8173.11
970	0.185935	-8125.38
971	0.185935	-8153.9
972	0.185935	-8162.07
973	0.185935	-8180.12
974	0.185935	-8187.97
975	0.185935	-8195.04
976	0.185935	-8164.98
977	0.185935	-8201.94
978	0.185935	-8192.41
979	0.185935	-8142.24
980	0.185935	-8174.08
981	0.185935	-8140.85
982	0.185935	-8150.97
983	0.185935	-8163.54
984	0.185935	-8170.85
985	0.185935	-8158.03
986	0.185935	-8193.48
987	0.185935	-8148.58
988	0.185935	-8122.09
989	0.185935	-8165.42
990	0.185935	-8139.73
991	0.185935	-8149.53
992	0.185935	-8126.09
993	0.185935	-8158.79
994	0.185935	-8202.24
995	0.185935	-8197.16
996	0.185935	-8168.53
997	0.185935	-8181.61
998	0.185935	-8204.1
999	0.185935	-8168.8
1000	0.185935	-8219.26
251	0.160847	-8209.9
252	0.160847	-8226.9
253	0.160847	-8164.99
254	0.160847	-8184.05
255	0.160847	-8216.97
256	0.160847	-8185.66
257	0.160847	-8171.06
258	0.160847	-8197.43
259	0.160847	-8196.5
260	0.160847	-8203.75
261	0.160847	-8203.73
262	0.160847	-8142.51
263	0.160847	-8164.16
264	0.160847	-8163.27
265	0.160847	-8143.46
266	0.160847	-8134.66
267	0.160847	-8156.41
268	0.160847	-8144.62
269	0.160847	-8182.79
270	0.160847	-8187.28
271	0.160847	-8200.07
272	0.160847	-8147.85
273	0.160847	-8126.49
274	0.160847	-8146.85
275	0.160847	-8120.73
276	0.160847	-8136.24
277	0.160847	-8157
278	0.160847	-8156.32
279	0.160847	-8182.84
280	0.160847	-8167.24
281	0.160847	-8207.13
282	0.160847	-8214.11
283	0.160847	-8241.47
284	0.160847	-8245.73
285	0.160847	-8208.53
286	0.160847	-8178.65
287	0.160847	-8150.54
288	0.160847	-8179.38
289	0.160847	-8176.48
290	0.160847	-8145.89
291	0.160847	-8161.19
292	0.160847	-8160.46
293	0.160847	-8185.3
294	0.160847	-8145.58
295	0.160847	-8150.54
296	0.160847	-8119.66
297	0.160847	-8123.94
298	0.160847	-8145.44
299	0.160847	-8202.18
300	0.160847	-8156.15
301	0.160847	-8157.67
302	0.160847	-8157.3
303	0.160847	-8155.3
304	0.160847	-8184.73
305	0.160847	-8191.72
306	0.160847	-8185.35
307	0.160847	-8210.55
308	0.160847	-8219.85
309	0.160847	-8203.05
310	0.160847	-8201.56
311	0.160847	-8159.77
312	0.160847	-8162.87
313	0.160847	-8143.72
314	0.160847	-8148.15
315	0.160847	-8170.18
316	0.160847	-8183.15
317	0.160847	-8180.5
318	0.160847	-8180.91
319	0.160847	-8151.44
320	0.160847	-8191.82
321	0.160847	-8191.69
322	0.160847	-8197.24
323	0.160847	-8186.46
324	0.160847	-8194.99
325	0.160847	-8205.22
326	0.160847	-8198.99
327	0.160847	-8182
328	0.160847	-8180.93
329	0.160847	-8205.77
330	0.160847	-8198.38
331	0.160847	-8213.44
332	0.160847	-8272.65
333	0.160847	-8238.01
334	0.160847	-8220.98
335	0.160847	-8230.66
336	0.160847	-8214.94
337	0.160847	-8185
338	0.160847	-8199.05
339	0.160847	-8195.94
340	0.160847	-8152.51
341	0.160847	-8167.71
342	0.160847	-8178.6
343	0.160847	-8180.14
344	0.160847	-8187.1
345	0.160847	-8208.12
346	0.160847	-8182.17
347	0.160847	-8181.35
348	0.160847	-8155.37
349	0.160847	-8129.3
350	0.160847	-8118.99
351	0.160847	-8131.26
352	0.160847	-8125.05
353	0.160847	-8131.37
354	0.160847	-8161.44
355	0.160847	-8167.83
356	0.160847	-8160.81
357	0.160847	-8140.92
358	0.160847	-8127.81
359	0.160847	-8214.3
360	0.160847	-8176.86
361	0.160847	-8184.83
362	0.160847	-8190.52
363	0.160847	-8171.06
364	0.160847	-8199.96
365	0.160847	-8169.63
366	0.160847	-8147.88
367	0.160847	-8185.12
368	0.160847	-8215.22
369	0.160847	-8196.6
370	0.160847	-8174.68
371	0.160847	-8231.05
372	0.160847	-8266.59
373	0.160847	-8200.37
374	0.160847	-8192.61
375	0.160847	-8204.98
376	0.160847	-8168.73
377	0.160847	-8236.98
378	0.160847	-8213.39
379	0.160847	-8199.8
380	0.160847	-8197.83
381	0.160847	-8206.64
382	0.160847	-8163.89
383	0.160847	-8169.94
384	0.160847	-8174.41
385	0.160847	-8169.62
386	0.160847	-8165.28
387	0.160847	-8177.46
388	0.160847	-8173.24
389	0.160847	-8166.65
390	0.160847	-8158.41
391	0.160847	-8172.68
392	0.160847	-8169.16
393	0.160847	-8179.88
394	0.160847	-8199.48
395	0.160847	-8149.63
396	0.160847	-8145.3
397	0.160847	-8150.97
398	0.160847	-8145.73
399	0.160847	-8158.1
400	0.160847	-8170.22
401	0.160847	-8167.12
402	0.160847	-8201.97
403	0.160847	-8156.52
404	0.160847	-8185.59
405	0.160847	-8227.38
406	0.160847	-8209.14
407	0.160847	-8187.2
408	0.160847	-8162.08
409	0.160847	-8159.6
410	0.160847	-8175.37
411	0.160847	-8195.52
412	0.160847	-8193
413	0.160847	-8186.97
414	0.160847	-8178.34
415	0.160847	-8167.07
416	0.160847	-8152.64
417	0.160847	-8149.76
418	0.160847	-8130.63
419	0.160847	-8138.19
420	0.160847	-8167.15
421	0.160847	-8150.2
422	0.160847	-8127.3
423	0.160847	-8105.93
424	0.160847	-8125
425	0.160847	-8143.94
426	0.160847	-8149.65
427	0.160847	-8144.92
428	0.160847	-8149.87
429	0.160847	-8132.87
430	0.160847	-8145.74
431	0.160847	-8169.68
432	0.160847	-8149.1
433	0.160847	-8154.27
434	0.160847	-8171.49
435	0.160847	-8209.96
436	0.160847	-8168.92
437	0.160847	-8150.02
438	0.160847	-8107.66
439	0.160847	-8126.94
440	0.160847	-8120.76
441	0.160847	-8125.53
442	0.160847	-8128.97
443	0.160847	-8192.78
444	0.160847	-8176.47
445	0.160847	-8148
446	0.160847	-8147.75
447	0.160847	-8140.31
448	0.160847	-8136.6
449	0.160847	-8173.72
450	0.160847	-8159.71
451	0.160847	-8136.84
452	0.160847	-8117.32
453	0.160847	-8170.42
454	0.160847	-8144.16
455	0.160847	-8141.9
456	0.160847	-8132.75
457	0.160847	-8172.74
458	0.160847	-8175.02
459	0.160847	-8164.5
460	0.160847	-8172.65
461	0.160847	-8193.46
462	0.160847	-8171.54
463	0.160847	-8160.07
464	0.160847	-8219.81
465	0.160847	-8193.93
466	0.160847	-8179.95
467	0.160847	-8153.83
468	0.160847	-8205.77
469	0.160847	-8191.94
470	0.160847	-8188.06
471	0.160847	-8179.62
472	0.160847	-8167.51
473	0.160847	-8194.58
474	0.160847	-8178.35
475	0.160847	-8127.65
476	0.160847	-8181.04
477	0.160847	-8145.2
478	0.160847	-8179.23
479	0.160847	-8124.52
480	0.160847	-8140.48
481	0.160847	-8162.77
482	0.160847	-8173.98
483	0.160847	-8148.09
484	0.160847	-8178.06
485	0.160847	-8201.91
486	0.160847	-8208.75
487	0.160847	-8204.81
488	0.160847	-8224.2
489	0.160847	-8170.81
490	0.160847	-8175.62
491	0.160847	-8154.69
492	0.160847	-8170.59
493	0.160847	-8162.59
494	0.160847	-8156.16
495	0.160847	-8158.77
496	0.160847	-8157.15
497	0.160847	-8178.48
498	0.160847	-8164.4
499	0.160847	-8156.71
500	0.160847	-8233.79
501	0.160847	-8191.75
502	0.160847	-8190.74
503	0.160847	-8208.65
504	0.160847	-8214.27
505	0.160847	-8173.23
506	0.160847	-8194.75
507	0.160847	-8211.99
508	0.160847	-8179.72
509	0.160847	-8186.84
510	0.160847	-8193.76
511	0.160847	-8171.14
512	0.160847	-8174
513	0.160847	-8149.55
514	0.160847	-8179.57
515	0.160847	-8186.49
516	0.160847	-8187.36
517	0.160847	-8180.34
518	0.160847	-8188.17
519	0.160847	-8148.96
520	0.160847	-8191.1
521	0.160847	-8175.7
522	0.160847	-8207.69
523	0.160847	-8218.47
524	0.160847	-8175.74
525	0.160847	-8201.7
526	0.160847	-8186.83
527	0.160847	-8202.28
528	0.160847	-8167.11
529	0.160847	-8187.68
530	0.160847	-8214.83
531	0.160847	-8178.72
532	0.160847	-8192.87
533	0.160847	-8177.33
534	0.160847	-8193.91
535	0.160847	-8197.49
536	0.160847	-8219.35
537	0.160847	-8195.77
538	0.160847	-8183.68
539	0.160847	-8178.54
540	0.160847	-8187.86
541	0.160847	-8181.04
542	0.160847	-8191.34
543	0.160847	-8181.99
544	0.160847	-8155.03
545	0.160847	-8168.71
546	0.160847	-8149.49
547	0.160847	-8131.14
548	0.160847	-8141.83
549	0.160847	-8168.4
550	0.160847	-8183.11
551	0.160847	-8181.56
552	0.160847	-8170.39
553	0.160847	-8143.81
554	0.160847	-8123.87
555	0.160847	-8109.23
556	0.160847	-8160.57
557	0.160847	-8190.97
558	0.160847	-8148.38
559	0.160847	-8133.48
560	0.160847	-8154.04
561	0.160847	-8170.37
562	0.160847	-8164.16
563	0.160847	-8157.23
564	0.160847	-8157.88
565	0.160847	-8169.21
566	0.160847	-8190.18
567	0.160847	-8189.16
568	0.160847	-8209.6
569	0.160847	-8186.09
570	0.160847	-8201.25
571	0.160847	-8172.12
572	0.160847	-8167.96
573	0.160847	-8220.6
574	0.160847	-8211.67
575	0.160847	-8205.68
576	0.160847	-8226.52
577	0.160847	-8210.29
578	0.160847	-8180.5
579	0.160847	-8179.11
580	0.160847	-8198.92
581	0.160847	-8205.04
582	0.160847	-8189.2
583	0.160847	-8169.88
584	0.160847	-8168
585	0.160847	-8183.19
586	0.160847	-8159.86
587	0.160847	-8163.66
588	0.160847	-8168.62
589	0.160847	-8195.06
590	0.160847	-8218.33
591	0.160847	-8178.49
592	0.160847	-8200.17
593	0.160847	-8150.21
594	0.160847	-8190.88
595	0.160847	-8183.35
596	0.160847	-8155.27
597	0.160847	-8170.82
598	0.160847	-8145.23
599	0.160847	-8168.55
600	0.160847	-8166
601	0.160847	-8169.83
602	0.160847	-8163.3
603	0.160847	-8212.8
604	0.160847	-8213.66
605	0.160847	-8214.22
606	0.160847	-8206.68
607	0.160847	-8216.57
608	0.160847	-8205.53
609	0.160847	-8174.83
610	0.160847	-8194.54
611	0.160847	-8221.36
612	0.160847	-8227.32
613	0.160847	-8197.85
614	0.160847	-8213.76
615	0.160847	-8238.92
616	0.160847	-8265.75
617	0.160847	-8266.6
618	0.160847	-8240.77
619	0.160847	-8203.91
620	0.160847	-8205.28
621	0.160847	-8180.72
622	0.160847	-8191.98
623	0.160847	-8210.45
624	0.160847	-8181.92
625	0.160847	-8184.01
626	0.160847	-8193.66
627	0.160847	-8195.41
628	0.160847	-8218.82
629	0.160847	-8229.15
630	0.160847	-8191.05
631	0.160847	-8172.3
632	0.160847	-8212.74
633	0.160847	-8198.67
634	0.160847	-8183.45
635	0.160847	-8146.26
636	0.160847	-8181.75
637	0.160847	-8180.69
638	0.160847	-8183.87
639	0.160847	-8167.36
640	0.160847	-8171.81
641	0.160847	-8177.73
642	0.160847	-8199.77
643	0.160847	-8138.29
644	0.160847	-8179.95
645	0.160847	-8193.23
646	0.160847	-8200.18
647	0.160847	-8145.25
648	0.160847	-8164.5
649	0.160847	-8182.46
650	0.160847	-8187.81
651	0.160847	-8229.52
652	0.160847	-8218.27
653	0.160847	-8233.3
654	0.160847	-8220.11
655	0.160847	-8212.94
656	0.160847	-8173.89
657	0.160847	-8179.01
658	0.160847	-8167.57
659	0.160847	-8189.22
660	0.160847	-8200.21
661	0.160847	-8214.7
662	0.160847	-8165.88
663	0.160847	-8181.21
664	0.160847	-8159.09
665	0.160847	-8145.02
666	0.160847	-8152.77
667	0.160847	-8160.81
668	0.160847	-8189.24
669	0.160847	-8176.2
670	0.160847	-8187.84
671	0.160847	-8188.66
672	0.160847	-8194.63
673	0.160847	-8195.48
674	0.160847	-8212.33
675	0.160847	-8168.32
676	0.160847	-8213.31
677	0.160847	-8220.2
678	0.160847	-8234.92
679	0.160847	-8220.38
680	0.160847	-8197.55
681	0.160847	-8224.17
682	0.160847	-8193.86
683	0.160847	-8185.91
684	0.160847	-8174.19
685	0.160847	-8173.66
686	0.160847	-8163.87
687	0.160847	-8161.03
688	0.160847	-8172.02
689	0.160847	-8183.88
690	0.160847	-8153.85
691	0.160847	-8167.1
692	0.160847	-8150.69
693	0.160847	-8154.39
694	0.160847	-8150.27
695	0.160847	-8166.03
696	0.160847	-8164.57
697	0.160847	-8226.16
698	0.160847	-8160.83
699	0.160847	-8144.66
700	0.160847	-8176.91
701	0.160847	-8199.25
702	0.160847	-8173.71
703	0.160847	-8173.51
704	0.160847	-8155.7
705	0.160847	-8178.36
706	0.160847	-8166.09
707	0.160847	-8141.96
708	0.160847	-8178.45
709	0.160847	-8151.79
710	0.160847	-8150.23
711	0.160847	-8168.57
712	0.160847	-8146.57
713	0.160847	-8154.04
714	0.160847	-8143.59
715	0.160847	-8169.95
716	0.160847	-8186.42
717	0.160847	-8163.15
718	0.160847	-8182.13
719	0.160847	-8192.57
720	0.160847	-8192.71
721	0.160847	-8183.08
722	0.160847	-8188.42
723	0.160847	-8183.43
724	0.160847	-8143.96
725	0.160847	-8161.44
726	0.160847	-8159.25
727	0.160847	-8147.25
728	0.160847	-8150.54
729	0.160847	-8154.54
730	0.160847	-8207.98
731	0.160847	-8121.56
732	0.160847	-8142.36
733	0.160847	-8130.85
734	0.160847	-8168.66
735	0.160847	-8148.31
736	0.160847	-8171.62
737	0.160847	-8192.96
738	0.160847	-8192.17
739	0.160847	-8177.55
740	0.160847	-8138.49
741	0.160847	-8158.91
742	0.160847	-8178.89
743	0.160847	-8198.5
744	0.160847	-8215.46
745	0.160847	-8187.59
746	0.160847	-8140.87
747	0.160847	-8148.49
748	0.160847	-8168.39
749	0.160847	-8173.06
750	0.160847	-8178.7
751	0.160847	-8189.98
752	0.160847	-8218.06
753	0.160847	-8185.03
754	0.160847	-8204.85
755	0.160847	-8146.13
756	0.160847	-8170.61
757	0.160847	-8226.27
758	0.160847	-8198.3
759	0.160847	-8214.92
760	0.160847	-8225.52
761	0.160847	-8246.19
762	0.160847	-8237.22
763	0.160847	-8200.99
764	0.160847	-8199.23
765	0.160847	-8195.21
766	0.160847	-8164.35
767	0.160847	-8193.34
768	0.160847	-8269.78
769	0.160847	-8259.95
770	0.160847	-8245.22
771	0.160847	-8244.21
772	0.160847	-8201.1
773	0.160847	-8193.39
774	0.160847	-8155.33
775	0.160847	-8174.26
776	0.160847	-8198.61
777	0.160847	-8177.88
778	0.160847	-8237.08
779	0.160847	-8188.04
780	0.160847	-8172.02
781	0.160847	-8178.52
782	0.160847	-8192.6
783	0.160847	-8199.4
784	0.160847	-8197.88
785	0.160847	-8197.67
786	0.160847	-8196.93
787	0.160847	-8174.19
788	0.160847	-8162.13
789	0.160847	-8155.31
790	0.160847	-8188.18
791	0.160847	-8175.77
792	0.160847	-8149.96
793	0.160847	-8167.58
794	0.160847	-8203.82
795	0.160847	-8181.31
796	0.160847	-8158.22
797	0.160847	-8177.35
798	0.160847	-8205.89
799	0.160847	-8194.03
800	0.160847	-8199.99
801	0.160847	-8190.65
802	0.160847	-8183.65
803	0.160847	-8184.99
804	0.160847	-8156.7
805	0.160847	-8140.67
806	0.160847	-8137.15
807	0.160847	-8150.49
808	0.160847	-8159.3
809	0.160847	-8194.03
810	0.160847	-8167.56
811	0.160847	-8210.37
812	0.160847	-8184.87
813	0.160847	-8171.76
814	0.160847	-8191.75
815	0.160847	-8158.3
816	0.160847	-8120.43
817	0.160847	-8133.11
818	0.160847	-8158.6
819	0.160847	-8154.02
820	0.160847	-8174.3
821	0.160847	-8156.53
822	0.160847	-8202.32
823	0.160847	-8189.85
824	0.160847	-8151.67
825	0.160847	-8187.09
826	0.160847	-8163.29
827	0.160847	-8200.98
828	0.160847	-8150.47
829	0.160847	-8161.52
830	0.160847	-8113.03
831	0.160847	-8146.02
832	0.160847	-8130.87
833	0.160847	-8150.16
834	0.160847	-8147.44
835	0.160847	-8147.94
836	0.160847	-8159.2
837	0.160847	-8180.94
838	0.160847	-8205.71
839	0.160847	-8218.57
840	0.160847	-8178.67
841	0.160847	-8153.11
842	0.160847	-8150.84
843	0.160847	-8146.24
844	0.160847	-8138.14
845	0.160847	-8159.55
846	0.160847	-8192.13
847	0.160847	-8190.22
848	0.160847	-8160.71
849	0.160847	-8151.02
850	0.160847	-8156.71
851	0.160847	-8165.97
852	0.160847	-8148.97
853	0.160847	-8170.33
854	0.160847	-8157.7
855	0.160847	-8158.4
856	0.160847	-8162.01
857	0.160847	-8179.52
858	0.160847	-8182.15
859	0.160847	-8146.57
860	0.160847	-8122.02
861	0.160847	-8129.04
862	0.160847	-8139.39
863	0.160847	-8156.76
864	0.160847	-8195.21
865	0.160847	-8197.62
866	0.160847	-8183.56
867	0.160847	-8183.72
868	0.160847	-8202.85
869	0.160847	-8208
870	0.160847	-8226.06
871	0.160847	-8205.89
872	0.160847	-8267.43
873	0.160847	-8229.65
874	0.160847	-8211.9
875	0.160847	-8213.42
876	0.160847	-8171.65
877	0.160847	-8198.07
878	0.160847	-8170.85
879	0.160847	-8209.75
880	0.160847	-8182.67
881	0.160847	-8178.05
882	0.160847	-8168.72
883	0.160847	-8197.79
884	0.160847	-8147.51
885	0.160847	-8155.49
886	0.160847	-8178.18
887	0.160847	-8165.4
888	0.160847	-8227.4
889	0.160847	-8224.54
890	0.160847	-8224.42
891	0.160847	-8224.43
892	0.160847	-8225.15
893	0.160847	-8184.74
894	0.160847	-8217.4
895	0.160847	-8152.53
896	0.160847	-8177.18
897	0.160847	-8204.37
898	0.160847	-8188.69
899	0.160847	-8186
900	0.160847	-8194.9
901	0.160847	-8166.94
902	0.160847	-8189.61
903	0.160847	-8216.99
904	0.160847	-8188.73
905	0.160847	-8148.23
906	0.160847	-8147.58
907	0.160847	-8177.79
908	0.160847	-8162.39
909	0.160847	-8124.55
910	0.160847	-8120.75
911	0.160847	-8119.12
912	0.160847	-8202.36
913	0.160847	-8211.35
914	0.160847	-8219.21
915	0.160847	-8193.1
916	0.160847	-8205.79
917	0.160847	-8179.45
918	0.160847	-8182.71
919	0.160847	-8198.5
920	0.160847	-8166.49
921	0.160847	-8172.69
922	0.160847	-8196.29
923	0.160847	-8174.84
924	0.160847	-8181.59
925	0.160847	-8168.1
926	0.160847	-8202.58
927	0.160847	-8194.78
928	0.160847	-8255.52
929	0.160847	-8263.75
930	0.160847	-8203.03
931	0.160847	-8184.6
932	0.160847	-8172.59
933	0.160847	-8171.67
934	0.160847	-8180.06
935	0.160847	-8158.75
936	0.160847	-8146.75
937	0.160847	-8186.41
938	0.160847	-8187.42
939	0.160847	-8188.51
940	0.160847	-8159.4
941	0.160847	-8172.4
942	0.160847	-8167.44
943	0.160847	-8194.35
944	0.160847	-8208.66
945	0.160847	-8188.44
946	0.160847	-8143.04
947	0.160847	-8161.26
948	0.160847	-8152.06
949	0.160847	-8171.12
950	0.160847	-8137.93
951	0.160847	-8154.65
952	0.160847	-8142.17
953	0.160847	-8138.93
954	0.160847	-8151.96
955	0.160847	-8154.3
956	0.160847	-8133.55
957	0.160847	-8173.15
958	0.160847	-8183.98
959	0.160847	-8162.68
960	0.160847	-8158.67
961	0.160847	-8132.94
962	0.160847	-8129.39
963	0.160847	-8158.79
964	0.160847	-8156
965	0.160847	-8183.75
966	0.160847	-8164.14
967	0.160847	-8161.17
968	0.160847	-8204.97
969	0.160847	-8154.79
970	0.160847	-8166.83
971	0.160847	-8173.86
972	0.160847	-8175.9
973	0.160847	-8193.2
974	0.160847	-8191.41
975	0.160847	-8197.16
976	0.160847	-8183.7
977	0.160847	-8185.94
978	0.160847	-8197.93
979	0.160847	-8231.6
980	0.160847	-8201.22
981	0.160847	-8186.77
982	0.160847	-8210.32
983	0.160847	-8205.96
984	0.160847	-8221.16
985	0.160847	-8186.91
986	0.160847	-8205.51
987	0.160847	-8184.72
988	0.160847	-8154.72
989	0.160847	-8162.67
990	0.160847	-8150.92
991	0.160847	-8209.9
992	0.160847	-8213.76
993	0.160847	-8154.4
994	0.160847	-8173.75
995	0.160847	-8149.98
996	0.160847	-8144.09
997	0.160847	-8165.2
998	0.160847	-8177.49
999	0.160847	-8186.44
1000	0.160847	-8223.83
251	0.138544	-8208.09
252	0.138544	-8211.89
253	0.138544	-8220.26
254	0.138544	-8191.23
255	0.138544	-8224.03
256	0.138544	-8217.02
257	0.138544	-8241.48
258	0.138544	-8212.49
259	0.138544	-8196.09
260	0.138544	-8211.16
261	0.138544	-8209.05
262	0.138544	-8183.18
263	0.138544	-8204.43
264	0.138544	-8202.89
265	0.138544	-8177.91
266	0.138544	-8161.5
267	0.138544	-8189.94
268	0.138544	-8151.58
269	0.138544	-8175.07
270	0.138544	-8195.29
271	0.138544	-8216.4
272	0.138544	-8199.11
273	0.138544	-8186.72
274	0.138544	-8189.24
275	0.138544	-8197.15
276	0.138544	-8235.9
277	0.138544	-8206.39
278	0.138544	-8218.29
279	0.138544	-8226.44
280	0.138544	-8215.86
281	0.138544	-8204.2
282	0.138544	-8201.64
283	0.138544	-8184.79
284	0.138544	-8208.33
285	0.138544	-8243.74
286	0.138544	-8209.72
287	0.138544	-8190.69
288	0.138544	-8251.12
289	0.138544	-8188.6
290	0.138544	-8122.59
291	0.138544	-8143.82
292	0.138544	-8152.83
293	0.138544	-8176.07
294	0.138544	-8179.96
295	0.138544	-8239.73
296	0.138544	-8281.71
297	0.138544	-8258
298	0.138544	-8241.68
299	0.138544	-8220.63
300	0.138544	-8255.77
301	0.138544	-8282.38
302	0.138544	-8235.47
303	0.138544	-8191.05
304	0.138544	-8213.38
305	0.138544	-8224.63
306	0.138544	-8263.83
307	0.138544	-8280.45
308	0.138544	-8286.33
309	0.138544	-8314.85
310	0.138544	-8269.54
311	0.138544	-8177.4
312	0.138544	-8194.45
313	0.138544	-8207.57
314	0.138544	-8172.7
315	0.138544	-8171.17
316	0.138544	-8198.65
317	0.138544	-8247.17
318	0.138544	-8222.17
319	0.138544	-8211.66
320	0.138544	-8204.48
321	0.138544	-8195.01
322	0.138544	-8173.25
323	0.138544	-8179.15
324	0.138544	-8209.03
325	0.138544	-8220.16
326	0.138544	-8235.66
327	0.138544	-8211.28
328	0.138544	-8198.6
329	0.138544	-8254.63
330	0.138544	-8185.43
331	0.138544	-8223.08
332	0.138544	-8191.91
333	0.138544	-8186.79
334	0.138544	-8179.51
335	0.138544	-8200.33
336	0.138544	-8186.8
337	0.138544	-8194.51
338	0.138544	-8210.49
339	0.138544	-8226.1
340	0.138544	-8198.8
341	0.138544	-8227.51
342	0.138544	-8199.43
343	0.138544	-8241.65
344	0.138544	-8219.48
345	0.138544	-8240.61
346	0.138544	-8238.91
347	0.138544	-8219.35
348	0.138544	-8243.93
349	0.138544	-8249.42
350	0.138544	-8238.63
351	0.138544	-8278.86
352	0.138544	-8257.72
353	0.138544	-8231.68
354	0.138544	-8231.89
355	0.138544	-8185.52
356	0.138544	-8185.17
357	0.138544	-8223.8
358	0.138544	-8259.92
359	0.138544	-8256.39
360	0.138544	-8196.22
361	0.138544	-8212.53
362	0.138544	-8214.59
363	0.138544	-8163.11
364	0.138544	-8149.71
365	0.138544	-8202.55
366	0.138544	-8212.88
367	0.138544	-8187.82
368	0.138544	-8134.61
369	0.138544	-8135.08
370	0.138544	-8113.02
371	0.138544	-8170.39
372	0.138544	-8156.37
373	0.138544	-8161.15
374	0.138544	-8226.03
375	0.138544	-8182.43
376	0.138544	-8183.01
377	0.138544	-8221.33
378	0.138544	-8194.72
379	0.138544	-8176.51
380	0.138544	-8173.5
381	0.138544	-8151.64
382	0.138544	-8187.18
383	0.138544	-8213.38
384	0.138544	-8167.33
385	0.138544	-8203.95
386	0.138544	-8200.02
387	0.138544	-8180.44
388	0.138544	-8155.89
389	0.138544	-8179.37
390	0.138544	-8142.81
391	0.138544	-8159.95
392	0.138544	-8162.1
393	0.138544	-8156.98
394	0.138544	-8122.81
395	0.138544	-8135.94
396	0.138544	-8219.54
397	0.138544	-8164.17
398	0.138544	-8176.67
399	0.138544	-8152.84
400	0.138544	-8166.64
401	0.138544	-8163.79
402	0.138544	-8199.98
403	0.138544	-8179.08
404	0.138544	-8187.8
405	0.138544	-8226.24
406	0.138544	-8190.6
407	0.138544	-8159.08
408	0.138544	-8166.71
409	0.138544	-8220.49
410	0.138544	-8252.11
411	0.138544	-8280.55
412	0.138544	-8249.35
413	0.138544	-8268.77
414	0.138544	-8240.89
415	0.138544	-8215.77
416	0.138544	-8221.83
417	0.138544	-8195.86
418	0.138544	-8178.4
419	0.138544	-8179.59
420	0.138544	-8220.73
421	0.138544	-8242.14
422	0.138544	-8205.21
423	0.138544	-8191.68
424	0.138544	-8197.04
425	0.138544	-8193.65
426	0.138544	-8260.47
427	0.138544	-8250
428	0.138544	-8243.04
429	0.138544	-8238.45
430	0.138544	-8184.37
431	0.138544	-8228.87
432	0.138544	-8201.56
433	0.138544	-8197.82
434	0.138544	-8264.72
435	0.138544	-8209.61
436	0.138544	-8221.7
437	0.138544	-8144.53
438	0.138544	-8151.71
439	0.138544	-8181.7
440	0.138544	-8179.64
441	0.138544	-8242.82
442	0.138544	-8230.33
443	0.138544	-8196.35
444	0.138544	-8233.98
445	0.138544	-8254.85
446	0.138544	-8255.31
447	0.138544	-8205.35
448	0.138544	-8260.81
449	0.138544	-8215.46
450	0.138544	-8181.81
451	0.138544	-8183.27
452	0.138544	-8160.63
453	0.138544	-8195.97
454	0.138544	-8184.99
455	0.138544	-8181.15
456	0.138544	-8192.38
457	0.138544	-8210.22
458	0.138544	-8205.63
459	0.138544	-8172.73
460	0.138544	-8176.25
461	0.138544	-8242.81
462	0.138544	-8197.68
463	0.138544	-8203.72
464	0.138544	-8199.54
465	0.138544	-8214.45
466	0.138544	-8268.41
467	0.138544	-8197.26
468	0.138544	-8173.07
469	0.138544	-8190.4
470	0.138544	-8247.65
471	0.138544	-8257.11
472	0.138544	-8205.07
473	0.138544	-8211.25
474	0.138544	-8199.86
475	0.138544	-8170.4
476	0.138544	-8177.8
477	0.138544	-8169.49
478	0.138544	-8160.17
479	0.138544	-8164.89
480	0.138544	-8158.11
481	0.138544	-8173.75
482	0.138544	-8215.57
483	0.138544	-8177.99
484	0.138544	-8219.24
485	0.138544	-8241.2
486	0.138544	-8224.63
487	0.138544	-8212.83
488	0.138544	-8225.67
489	0.138544	-8256.88
490	0.138544	-8209.34
491	0.138544	-8216.58
492	0.138544	-8215.37
493	0.138544	-8208.14
494	0.138544	-8257.29
495	0.138544	-8282.14
496	0.138544	-8208.94
497	0.138544	-8190.59
498	0.138544	-8136.36
499	0.138544	-8181.29
500	0.138544	-8202.17
501	0.138544	-8145.78
502	0.138544	-8152.26
503	0.138544	-8204.13
504	0.138544	-8191.35
505	0.138544	-8166.62
506	0.138544	-8182.66
507	0.138544	-8208.18
508	0.138544	-8247.92
509	0.138544	-8162.8
510	0.138544	-8164.52
511	0.138544	-8177.38
512	0.138544	-8180.54
513	0.138544	-8241.3
514	0.138544	-8239.24
515	0.138544	-8250.97
516	0.138544	-8238.51
517	0.138544	-8281.47
518	0.138544	-8238.02
519	0.138544	-8196.74
520	0.138544	-8194.87
521	0.138544	-8194.89
522	0.138544	-8208.54
523	0.138544	-8239.06
524	0.138544	-8184.42
525	0.138544	-8248.89
526	0.138544	-8192.89
527	0.138544	-8223.83
528	0.138544	-8251.68
529	0.138544	-8237.73
530	0.138544	-8158.13
531	0.138544	-8150.42
532	0.138544	-8162
533	0.138544	-8188.84
534	0.138544	-8187.54
535	0.138544	-8180.89
536	0.138544	-8156.24
537	0.138544	-8206.48
538	0.138544	-8182.11
539	0.138544	-8229.72
540	0.138544	-8217.34
541	0.138544	-8210.06
542	0.138544	-8285.5
543	0.138544	-8260.14
544	0.138544	-8231.53
545	0.138544	-8277.3
546	0.138544	-8210.01
547	0.138544	-8191.22
548	0.138544	-8225.78
549	0.138544	-8220.01
550	0.138544	-8192.1
551	0.138544	-8255.91
552	0.138544	-8185.98
553	0.138544	-8200.17
554	0.138544	-8256.48
555	0.138544	-8246.86
556	0.138544	-8242.12
557	0.138544	-8194.11
558	0.138544	-8186.61
559	0.138544	-8144.64
560	0.138544	-8167.17
561	0.138544	-8137.66
562	0.138544	-8170.23
563	0.138544	-8189.46
564	0.138544	-8227.75
565	0.138544	-8183.24
566	0.138544	-8167.8
567	0.138544	-8158.44
568	0.138544	-8164.98
569	0.138544	-8172.38
570	0.138544	-8173.21
571	0.138544	-8197.07
572	0.138544	-8204.91
573	0.138544	-8205.15
574	0.138544	-8183.24
575	0.138544	-8195.49
576	0.138544	-8261.41
577	0.138544	-8272.42
578	0.138544	-8289.52
579	0.138544	-8276.95
580	0.138544	-8280.69
581	0.138544	-8227.62
582	0.138544	-8232.32
583	0.138544	-8204.87
584	0.138544	-8222.05
585	0.138544	-8199.57
586	0.138544	-8205.22
587	0.138544	-8209.41
588	0.138544	-8191.12
589	0.138544	-8195.44
590	0.138544	-8213.12
591	0.138544	-8240.25
592	0.138544	-8236.81
593	0.138544	-8211.45
594	0.138544	-8192.91
595	0.138544	-8225.4
596	0.138544	-8231.43
597	0.138544	-8237.31
598	0.138544	-8191.34
599	0.138544	-8185.83
600	0.138544	-8219.28
601	0.138544	-8183.79
602	0.138544	-8223.46
603	0.138544	-8213.51
604	0.138544	-8163.25
605	0.138544	-8184.69
606	0.138544	-8221.21
607	0.138544	-8248.19
608	0.138544	-8256.52
609	0.138544	-8209.61
610	0.138544	-8203.87
611	0.138544	-8164.56
612	0.138544	-8206.11
613	0.138544	-8195.89
614	0.138544	-8211.22
615	0.138544	-8214.32
616	0.138544	-8149.63
617	0.138544	-8157.49
618	0.138544	-8231.03
619	0.138544	-8216.05
620	0.138544	-8274.83
621	0.138544	-8198.25
622	0.138544	-8224.37
623	0.138544	-8205.24
624	0.138544	-8192.58
625	0.138544	-8166.12
626	0.138544	-8150.41
627	0.138544	-8195.09
628	0.138544	-8214.7
629	0.138544	-8191.71
630	0.138544	-8167.16
631	0.138544	-8196.7
632	0.138544	-8224.08
633	0.138544	-8255.89
634	0.138544	-8252.2
635	0.138544	-8228.2
636	0.138544	-8231.87
637	0.138544	-8237.88
638	0.138544	-8208.34
639	0.138544	-8217.07
640	0.138544	-8174.34
641	0.138544	-8214.12
642	0.138544	-8173.22
643	0.138544	-8196.89
644	0.138544	-8171.44
645	0.138544	-8202.53
646	0.138544	-8200.47
647	0.138544	-8228.05
648	0.138544	-8242.34
649	0.138544	-8235.04
650	0.138544	-8256.13
651	0.138544	-8215.47
652	0.138544	-8210.59
653	0.138544	-8184.19
654	0.138544	-8207.88
655	0.138544	-8183.92
656	0.138544	-8173.97
657	0.138544	-8133.4
658	0.138544	-8214.34
659	0.138544	-8196.6
660	0.138544	-8176.6
661	0.138544	-8217.07
662	0.138544	-8277.13
663	0.138544	-8233.71
664	0.138544	-8245.96
665	0.138544	-8259.06
666	0.138544	-8217.39
667	0.138544	-8218.75
668	0.138544	-8216.44
669	0.138544	-8193.74
670	0.138544	-8217.58
671	0.138544	-8177.41
672	0.138544	-8157.2
673	0.138544	-8168.45
674	0.138544	-8229.73
675	0.138544	-8198.72
676	0.138544	-8220.51
677	0.138544	-8212.62
678	0.138544	-8170.63
679	0.138544	-8193.54
680	0.138544	-8188.28
681	0.138544	-8181.2
682	0.138544	-8171.79
683	0.138544	-8174.25
684	0.138544	-8169.41
685	0.138544	-8168.62
686	0.138544	-8244.96
687	0.138544	-8223.42
688	0.138544	-8210.61
689	0.138544	-8149.11
690	0.138544	-8182.09
691	0.138544	-8273.72
692	0.138544	-8221.15
693	0.138544	-8228.91
694	0.138544	-8191.8
695	0.138544	-8253.16
696	0.138544	-8214.78
697	0.138544	-8241.88
698	0.138544	-8229.38
699	0.138544	-8192.19
700	0.138544	-8195.91
701	0.138544	-8179.54
702	0.138544	-8169.79
703	0.138544	-8185.58
704	0.138544	-8180.43
705	0.138544	-8163.29
706	0.138544	-8135.81
707	0.138544	-8118.95
708	0.138544	-8183.38
709	0.138544	-8175.83
710	0.138544	-8148.52
711	0.138544	-8139.4
712	0.138544	-8171.32
713	0.138544	-8160.66
714	0.138544	-8173.33
715	0.138544	-8191.54
716	0.138544	-8247.7
717	0.138544	-8296.71
718	0.138544	-8269.35
719	0.138544	-8255.76
720	0.138544	-8226.58
721	0.138544	-8208.1
722	0.138544	-8173.67
723	0.138544	-8216.65
724	0.138544	-8155.2
725	0.138544	-8185.17
726	0.138544	-8159.54
727	0.138544	-8198.45
728	0.138544	-8201.18
729	0.138544	-8182.58
730	0.138544	-8212.43
731	0.138544	-8186.69
732	0.138544	-8196.81
733	0.138544	-8189.99
734	0.138544	-8181.3
735	0.138544	-8222.34
736	0.138544	-8233.1
737	0.138544	-8175.05
738	0.138544	-8214.74
739	0.138544	-8204.72
740	0.138544	-8219.01
741	0.138544	-8196.77
742	0.138544	-8200.74
743	0.138544	-8221.55
744	0.138544	-8156.64
745	0.138544	-8174.18
746	0.138544	-8213.98
747	0.138544	-8192.38
748	0.138544	-8210.6
749	0.138544	-8200.94
750	0.138544	-8200.82
751	0.138544	-8258.26
752	0.138544	-8224.9
753	0.138544	-8262.34
754	0.138544	-8306.08
755	0.138544	-8248.97
756	0.138544	-8254.96
757	0.138544	-8212.05
758	0.138544	-8237.2
759	0.138544	-8205.61
760	0.138544	-8183.77
761	0.138544	-8186.8
762	0.138544	-8141.92
763	0.138544	-8181.07
764	0.138544	-8191.65
765	0.138544	-8177.31
766	0.138544	-8173.95
767	0.138544	-8189.85
768	0.138544	-8177.69
769	0.138544	-8185.15
770	0.138544	-8209.23
771	0.138544	-8235.52
772	0.138544	-8206.5
773	0.138544	-8200.05
774	0.138544	-8174.02
775	0.138544	-8172.8
776	0.138544	-8210.34
777	0.138544	-8192.37
778	0.138544	-8194.9
779	0.138544	-8167.52
780	0.138544	-8192.76
781	0.138544	-8205.96
782	0.138544	-8208.98
783	0.138544	-8188.17
784	0.138544	-8204.23
785	0.138544	-8238.62
786	0.138544	-8265
787	0.138544	-8273.57
788	0.138544	-8237.4
789	0.138544	-8252.78
790	0.138544	-8215.9
791	0.138544	-8196.46
792	0.138544	-8196.68
793	0.138544	-8150.19
794	0.138544	-8121.32
795	0.138544	-8158.6
796	0.138544	-8159.71
797	0.138544	-8208.06
798	0.138544	-8241.83
799	0.138544	-8251.54
800	0.138544	-8276.44
801	0.138544	-8287.61
802	0.138544	-8171.82
803	0.138544	-8184.54
804	0.138544	-8178.29
805	0.138544	-8151.65
806	0.138544	-8158.21
807	0.138544	-8190.97
808	0.138544	-8228.22
809	0.138544	-8207.09
810	0.138544	-8214.93
811	0.138544	-8144.13
812	0.138544	-8242.73
813	0.138544	-8204.3
814	0.138544	-8181.47
815	0.138544	-8177.76
816	0.138544	-8226.64
817	0.138544	-8242.69
818	0.138544	-8223.93
819	0.138544	-8227.86
820	0.138544	-8203.48
821	0.138544	-8213.05
822	0.138544	-8200.04
823	0.138544	-8203.52
824	0.138544	-8218.39
825	0.138544	-8179.95
826	0.138544	-8181.01
827	0.138544	-8152.25
828	0.138544	-8149.69
829	0.138544	-8200.31
830	0.138544	-8158.75
831	0.138544	-8173.01
832	0.138544	-8173.3
833	0.138544	-8162.91
834	0.138544	-8160.74
835	0.138544	-8155.07
836	0.138544	-8186.18
837	0.138544	-8163.78
838	0.138544	-8188.67
839	0.138544	-8180.65
840	0.138544	-8198.21
841	0.138544	-8188.97
842	0.138544	-8165.48
843	0.138544	-8220.91
844	0.138544	-8243.08
845	0.138544	-8227.22
846	0.138544	-8247.96
847	0.138544	-8249.49
848	0.138544	-8221.91
849	0.138544	-8232
850	0.138544	-8236.95
851	0.138544	-8194.9
852	0.138544	-8187.59
853	0.138544	-8189.58
854	0.138544	-8211.48
855	0.138544	-8203.59
856	0.138544	-8128.09
857	0.138544	-8130.53
858	0.138544	-8204.78
859	0.138544	-8237.53
860	0.138544	-8240.05
861	0.138544	-8240.23
862	0.138544	-8234.1
863	0.138544	-8216.15
864	0.138544	-8184.26
865	0.138544	-8168.51
866	0.138544	-8183.28
867	0.138544	-8182.16
868	0.138544	-8192.9
869	0.138544	-8218.96
870	0.138544	-8212.94
871	0.138544	-8225.55
872	0.138544	-8194.51
873	0.138544	-8177.66
874	0.138544	-8181.64
875	0.138544	-8181.34
876	0.138544	-8179.49
877	0.138544	-8216.62
878	0.138544	-8198.51
879	0.138544	-8140.88
880	0.138544	-8160.2
881	0.138544	-8133.78
882	0.138544	-8140.02
883	0.138544	-8131.37
884	0.138544	-8210.18
885	0.138544	-8218.34
886	0.138544	-8178.22
887	0.138544	-8241.25
888	0.138544	-8237.02
889	0.138544	-8236.87
890	0.138544	-8212.25
891	0.138544	-8208.36
892	0.138544	-8170.94
893	0.138544	-8164.56
894	0.138544	-8203.36
895	0.138544	-8151.68
896	0.138544	-8200.83
897	0.138544	-8201.86
898	0.138544	-8200.9
899	0.138544	-8178.17
900	0.138544	-8169.4
901	0.138544	-8199.2
902	0.138544	-8180.44
903	0.138544	-8142.64
904	0.138544	-8125.91
905	0.138544	-8158.85
906	0.138544	-8169.31
907	0.138544	-8221.64
908	0.138544	-8186.5
909	0.138544	-8159.13
910	0.138544	-8203.41
911	0.138544	-8206.93
912	0.138544	-8220.85
913	0.138544	-8209.21
914	0.138544	-8195.51
915	0.138544	-8231.6
916	0.138544	-8279.93
917	0.138544	-8224.26
918	0.138544	-8208.68
919	0.138544	-8163.41
920	0.138544	-8149.72
921	0.138544	-8150.99
922	0.138544	-8158.65
923	0.138544	-8200.29
924	0.138544	-8180.43
925	0.138544	-8190.69
926	0.138544	-8163.64
927	0.138544	-8186.68
928	0.138544	-8148.26
929	0.138544	-8175.8
930	0.138544	-8225.14
931	0.138544	-8211.51
932	0.138544	-8228.41
933	0.138544	-8235.24
934	0.138544	-8263.01
935	0.138544	-8228.59
936	0.138544	-8238.19
937	0.138544	-8212.4
938	0.138544	-8226.1
939	0.138544	-8202.46
940	0.138544	-8214.21
941	0.138544	-8175.16
942	0.138544	-8177.09
943	0.138544	-8206.84
944	0.138544	-8225.32
945	0.138544	-8227.03
946	0.138544	-8226.49
947	0.138544	-8185.6
948	0.138544	-8177.2
949	0.138544	-8157.19
950	0.138544	-8166.13
951	0.138544	-8204.56
952	0.138544	-8192.74
953	0.138544	-8181.86
954	0.138544	-8237.39
955	0.138544	-8289.22
956	0.138544	-8273.78
957	0.138544	-8222.75
958	0.138544	-8194.97
959	0.138544	-8176.58
960	0.138544	-8189.25
961	0.138544	-8226.46
962	0.138544	-8201.11
963	0.138544	-8234.34
964	0.138544	-8164.02
965	0.138544	-8174.22
966	0.138544	-8172.04
967	0.138544	-8209.76
968	0.138544	-8146.88
969	0.138544	-8144.64
970	0.138544	-8239.96
971	0.138544	-8196.93
972	0.138544	-8167.27
973	0.138544	-8156.09
974	0.138544	-8135.26
975	0.138544	-8150.8
976	0.138544	-8210.06
977	0.138544	-8164.09
978	0.138544	-8172.38
979	0.138544	-8189.23
980	0.138544	-8160.32
981	0.138544	-8175.75
982	0.138544	-8173.22
983	0.138544	-8250.9
984	0.138544	-8218.79
985	0.138544	-8153.5
986	0.138544	-8228.79
987	0.138544	-8190.3
988	0.138544	-8186.73
989	0.138544	-8164.3
990	0.138544	-8180.89
991	0.138544	-8222.07
992	0.138544	-8163.72
993	0.138544	-8213.91
994	0.138544	-8229.45
995	0.138544	-8251.63
996	0.138544	-8217.45
997	0.138544	-8215.15
998	0.138544	-8179.55
999	0.138544	-8198.74
1000	0.138544	-8208.99
251	0.118787	-8193.21
252	0.118787	-8225.74
253	0.118787	-8212.75
254	0.118787	-8190.75
255	0.118787	-8187.97
256	0.118787	-8208.92
257	0.118787	-8179.85
258	0.118787	-8214.03
259	0.118787	-8192.9
260	0.118787	-8199.42
261	0.118787	-8193.29
262	0.118787	-8199.46
263	0.118787	-8201.87
264	0.118787	-8238.44
265	0.118787	-8177.4
266	0.118787	-8181.39
267	0.118787	-8178.31
268	0.118787	-8180.45
269	0.118787	-8188.67
270	0.118787	-8188.2
271	0.118787	-8187.25
272	0.118787	-8187.44
273	0.118787	-8185.66
274	0.118787	-8225.16
275	0.118787	-8188.86
276	0.118787	-8183.98
277	0.118787	-8218.24
278	0.118787	-8199
279	0.118787	-8249.57
280	0.118787	-8239.62
281	0.118787	-8214.26
282	0.118787	-8167.36
283	0.118787	-8205.6
284	0.118787	-8199.65
285	0.118787	-8197.64
286	0.118787	-8163.77
287	0.118787	-8211.11
288	0.118787	-8198.79
289	0.118787	-8253.03
290	0.118787	-8229.91
291	0.118787	-8230.38
292	0.118787	-8228.66
293	0.118787	-8222.41
294	0.118787	-8243.45
295	0.118787	-8224.58
296	0.118787	-8187.02
297	0.118787	-8173.09
298	0.118787	-8175.42
299	0.118787	-8175.89
300	0.118787	-8155.68
301	0.118787	-8186.63
302	0.118787	-8200.22
303	0.118787	-8247.45
304	0.118787	-8247.74
305	0.118787	-8303.64
306	0.118787	-8345.92
307	0.118787	-8312.74
308	0.118787	-8283.45
309	0.118787	-8192.6
310	0.118787	-8214
311	0.118787	-8192.22
312	0.118787	-8212.21
313	0.118787	-8232.18
314	0.118787	-8202.97
315	0.118787	-8197.49
316	0.118787	-8210.33
317	0.118787	-8316.35
318	0.118787	-8273.68
319	0.118787	-8188.05
320	0.118787	-8157.55
321	0.118787	-8186.62
322	0.118787	-8222.26
323	0.118787	-8221.41
324	0.118787	-8194.36
325	0.118787	-8196.84
326	0.118787	-8153.32
327	0.118787	-8186.13
328	0.118787	-8194.01
329	0.118787	-8207.5
330	0.118787	-8213.1
331	0.118787	-8207.37
332	0.118787	-8224.35
333	0.118787	-8224.08
334	0.118787	-8203.15
335	0.118787	-8233.16
336	0.118787	-8164.44
337	0.118787	-8211.44
338	0.118787	-8181.31
339	0.118787	-8205.95
340	0.118787	-8172.98
341	0.118787	-8190.76
342	0.118787	-8193.68
343	0.118787	-8204.82
344	0.118787	-8161.67
345	0.118787	-8216.94
346	0.118787	-8154.41
347	0.118787	-8144.97
348	0.118787	-8162.2
349	0.118787	-8179.8
350	0.118787	-8162.57
351	0.118787	-8151.65
352	0.118787	-8175.46
353	0.118787	-8226.32
354	0.118787	-8231.95
355	0.118787	-8186.52
356	0.118787	-8245.15
357	0.118787	-8213.01
358	0.118787	-8220.34
359	0.118787	-8203.7
360	0.118787	-8224.83
361	0.118787	-8235.28
362	0.118787	-8184.65
363	0.118787	-8235.26
364	0.118787	-8153.35
365	0.118787	-8219.51
366	0.118787	-8199.89
367	0.118787	-8211.58
368	0.118787	-8223.11
369	0.118787	-8171.6
370	0.118787	-8233.12
371	0.118787	-8184.11
372	0.118787	-8212.45
373	0.118787	-8175.21
374	0.118787	-8199.81
375	0.118787	-8180.16
376	0.118787	-8204.8
377	0.118787	-8213.36
378	0.118787	-8216.28
379	0.118787	-8229.24
380	0.118787	-8190.6
381	0.118787	-8227.03
382	0.118787	-8189.79
383	0.118787	-8171.59
384	0.118787	-8237.3
385	0.118787	-8194.03
386	0.118787	-8230.59
387	0.118787	-8164.85
388	0.118787	-8165.18
389	0.118787	-8231.66
390	0.118787	-8176.11
391	0.118787	-8187.44
392	0.118787	-8194.75
393	0.118787	-8173.04
394	0.118787	-8225.49
395	0.118787	-8239.62
396	0.118787	-8232.78
397	0.118787	-8309.98
398	0.118787	-8244.05
399	0.118787	-8300.76
400	0.118787	-8271.65
401	0.118787	-8207.28
402	0.118787	-8226.49
403	0.118787	-8197.01
404	0.118787	-8198.94
405	0.118787	-8188.48
406	0.118787	-8225.03
407	0.118787	-8173.42
408	0.118787	-8225.95
409	0.118787	-8266.83
410	0.118787	-8240.7
411	0.118787	-8249.28
412	0.118787	-8213.36
413	0.118787	-8173.5
414	0.118787	-8203.48
415	0.118787	-8224.34
416	0.118787	-8218.99
417	0.118787	-8251.25
418	0.118787	-8248.34
419	0.118787	-8277.78
420	0.118787	-8244.6
421	0.118787	-8276.52
422	0.118787	-8211.9
423	0.118787	-8216.47
424	0.118787	-8258.46
425	0.118787	-8213.1
426	0.118787	-8181.22
427	0.118787	-8182.13
428	0.118787	-8198.97
429	0.118787	-8156.8
430	0.118787	-8246.21
431	0.118787	-8227.32
432	0.118787	-8234.92
433	0.118787	-8246.63
434	0.118787	-8224.68
435	0.118787	-8198
436	0.118787	-8245.5
437	0.118787	-8201.61
438	0.118787	-8241.49
439	0.118787	-8239.81
440	0.118787	-8244.51
441	0.118787	-8221.09
442	0.118787	-8204.75
443	0.118787	-8199.9
444	0.118787	-8224.29
445	0.118787	-8193.27
446	0.118787	-8206.39
447	0.118787	-8207.57
448	0.118787	-8224.45
449	0.118787	-8181.21
450	0.118787	-8221.69
451	0.118787	-8232.46
452	0.118787	-8169.95
453	0.118787	-8173.18
454	0.118787	-8207.09
455	0.118787	-8191.55
456	0.118787	-8238.55
457	0.118787	-8207.02
458	0.118787	-8195.31
459	0.118787	-8207.48
460	0.118787	-8223.45
461	0.118787	-8304.36
462	0.118787	-8231.76
463	0.118787	-8243.33
464	0.118787	-8271.34
465	0.118787	-8293.52
466	0.118787	-8198.51
467	0.118787	-8182.87
468	0.118787	-8172.32
469	0.118787	-8183.59
470	0.118787	-8173.05
471	0.118787	-8244.23
472	0.118787	-8214.86
473	0.118787	-8209.65
474	0.118787	-8221.05
475	0.118787	-8277.29
476	0.118787	-8363.3
477	0.118787	-8365.32
478	0.118787	-8267.64
479	0.118787	-8270.8
480	0.118787	-8283.88
481	0.118787	-8237.38
482	0.118787	-8198.1
483	0.118787	-8257.76
484	0.118787	-8313.39
485	0.118787	-8203.26
486	0.118787	-8205.92
487	0.118787	-8203.39
488	0.118787	-8160.72
489	0.118787	-8173.68
490	0.118787	-8192.81
491	0.118787	-8207.3
492	0.118787	-8196.6
493	0.118787	-8180.97
494	0.118787	-8228.07
495	0.118787	-8232.44
496	0.118787	-8211.44
497	0.118787	-8265.95
498	0.118787	-8177.06
499	0.118787	-8220.13
500	0.118787	-8202.24
501	0.118787	-8198.33
502	0.118787	-8173.91
503	0.118787	-8243.67
504	0.118787	-8257.81
505	0.118787	-8226.96
506	0.118787	-8199.43
507	0.118787	-8239.59
508	0.118787	-8216.25
509	0.118787	-8187.13
510	0.118787	-8217.32
511	0.118787	-8197.64
512	0.118787	-8195.31
513	0.118787	-8212.83
514	0.118787	-8184.53
515	0.118787	-8176.16
516	0.118787	-8261.05
517	0.118787	-8281.95
518	0.118787	-8239.08
519	0.118787	-8215.83
520	0.118787	-8211.02
521	0.118787	-8190.91
522	0.118787	-8260.97
523	0.118787	-8247.42
524	0.118787	-8204.9
525	0.118787	-8235.06
526	0.118787	-8257.99
527	0.118787	-8229.21
528	0.118787	-8218.48
529	0.118787	-8189.46
530	0.118787	-8180.88
531	0.118787	-8233.35
532	0.118787	-8228.17
533	0.118787	-8243.98
534	0.118787	-8251.45
535	0.118787	-8214.06
536	0.118787	-8236.12
537	0.118787	-8163.72
538	0.118787	-8212.01
539	0.118787	-8219.01
540	0.118787	-8196.29
541	0.118787	-8199.05
542	0.118787	-8165.5
543	0.118787	-8173.07
544	0.118787	-8232.84
545	0.118787	-8209.96
546	0.118787	-8223.68
547	0.118787	-8167.02
548	0.118787	-8163.78
549	0.118787	-8166.43
550	0.118787	-8156.12
551	0.118787	-8163.95
552	0.118787	-8186.1
553	0.118787	-8229.74
554	0.118787	-8202.59
555	0.118787	-8209.79
556	0.118787	-8226.26
557	0.118787	-8145.15
558	0.118787	-8205.35
559	0.118787	-8206.97
560	0.118787	-8239.18
561	0.118787	-8231.63
562	0.118787	-8247.64
563	0.118787	-8239.64
564	0.118787	-8237.63
565	0.118787	-8230.41
566	0.118787	-8216.16
567	0.118787	-8241.38
568	0.118787	-8222.69
569	0.118787	-8219.14
570	0.118787	-8258.74
571	0.118787	-8248.26
572	0.118787	-8241.99
573	0.118787	-8282.46
574	0.118787	-8270.56
575	0.118787	-8285.79
576	0.118787	-8299.61
577	0.118787	-8249.28
578	0.118787	-8257.77
579	0.118787	-8208.66
580	0.118787	-8278.8
581	0.118787	-8260.7
582	0.118787	-8254.7
583	0.118787	-8256.97
584	0.118787	-8180.16
585	0.118787	-8184.34
586	0.118787	-8238.36
587	0.118787	-8207.34
588	0.118787	-8242.97
589	0.118787	-8239.87
590	0.118787	-8204.09
591	0.118787	-8238.96
592	0.118787	-8181.6
593	0.118787	-8194.52
594	0.118787	-8232.58
595	0.118787	-8242.14
596	0.118787	-8214.51
597	0.118787	-8230.67
598	0.118787	-8256.37
599	0.118787	-8216.59
600	0.118787	-8204.63
601	0.118787	-8184.78
602	0.118787	-8196.66
603	0.118787	-8265.29
604	0.118787	-8239.76
605	0.118787	-8256.67
606	0.118787	-8245.15
607	0.118787	-8212.5
608	0.118787	-8225.47
609	0.118787	-8203.47
610	0.118787	-8257.91
611	0.118787	-8225.3
612	0.118787	-8242.46
613	0.118787	-8265.89
614	0.118787	-8258.53
615	0.118787	-8223.15
616	0.118787	-8212.92
617	0.118787	-8183.48
618	0.118787	-8192.82
619	0.118787	-8217.59
620	0.118787	-8210.05
621	0.118787	-8271.09
622	0.118787	-8246.73
623	0.118787	-8256.99
624	0.118787	-8214.79
625	0.118787	-8229.99
626	0.118787	-8196.11
627	0.118787	-8166.01
628	0.118787	-8188.15
629	0.118787	-8205.84
630	0.118787	-8214.51
631	0.118787	-8319.05
632	0.118787	-8286.93
633	0.118787	-8227.73
634	0.118787	-8246.81
635	0.118787	-8266.03
636	0.118787	-8302.7
637	0.118787	-8301.41
638	0.118787	-8207.31
639	0.118787	-8209.9
640	0.118787	-8235.54
641	0.118787	-8233.96
642	0.118787	-8197.75
643	0.118787	-8199.85
644	0.118787	-8196.83
645	0.118787	-8229.82
646	0.118787	-8199.1
647	0.118787	-8258.84
648	0.118787	-8252.75
649	0.118787	-8228.42
650	0.118787	-8264.41
651	0.118787	-8287.78
652	0.118787	-8274.67
653	0.118787	-8253.28
654	0.118787	-8205.02
655	0.118787	-8216.42
656	0.118787	-8221.97
657	0.118787	-8196.99
658	0.118787	-8186.88
659	0.118787	-8163.42
660	0.118787	-8185.01
661	0.118787	-8200.8
662	0.118787	-8236.26
663	0.118787	-8242.77
664	0.118787	-8250.84
665	0.118787	-8243.16
666	0.118787	-8192.58
667	0.118787	-8211.01
668	0.118787	-8277.77
669	0.118787	-8211.21
670	0.118787	-8238.32
671	0.118787	-8232.75
672	0.118787	-8213.13
673	0.118787	-8226.64
674	0.118787	-8231.11
675	0.118787	-8259.3
676	0.118787	-8238.18
677	0.118787	-8225.92
678	0.118787	-8217.39
679	0.118787	-8208.51
680	0.118787	-8192.13
681	0.118787	-8187.44
682	0.118787	-8257.2
683	0.118787	-8199.86
684	0.118787	-8230.65
685	0.118787	-8221.97
686	0.118787	-8285.24
687	0.118787	-8232.8
688	0.118787	-8197.4
689	0.118787	-8194.98
690	0.118787	-8180.17
691	0.118787	-8165.54
692	0.118787	-8216.93
693	0.118787	-8188.69
694	0.118787	-8189.47
695	0.118787	-8198.2
696	0.118787	-8203.85
697	0.118787	-8148.77
698	0.118787	-8208.06
699	0.118787	-8202.79
700	0.118787	-8234.74
701	0.118787	-8207.32
702	0.118787	-8195.85
703	0.118787	-8180.08
704	0.118787	-8172.96
705	0.118787	-8171.76
706	0.118787	-8172.32
707	0.118787	-8224.72
708	0.118787	-8222.37
709	0.118787	-8235.46
710	0.118787	-8223.96
711	0.118787	-8189.3
712	0.118787	-8210.04
713	0.118787	-8189.78
714	0.118787	-8209.63
715	0.118787	-8201.69
716	0.118787	-8201.9
717	0.118787	-8211.61
718	0.118787	-8186.53
719	0.118787	-8182.15
720	0.118787	-8189.14
721	0.118787	-8232.7
722	0.118787	-8223.33
723	0.118787	-8259.37
724	0.118787	-8277.81
725	0.118787	-8231.84
726	0.118787	-8199.09
727	0.118787	-8182.86
728	0.118787	-8149.74
729	0.118787	-8192.24
730	0.118787	-8253.15
731	0.118787	-8173.25
732	0.118787	-8236.33
733	0.118787	-8226.66
734	0.118787	-8199.15
735	0.118787	-8157.91
736	0.118787	-8177.69
737	0.118787	-8191.06
738	0.118787	-8204.58
739	0.118787	-8202.53
740	0.118787	-8170.58
741	0.118787	-8202.58
742	0.118787	-8165.19
743	0.118787	-8166.53
744	0.118787	-8158.23
745	0.118787	-8181.65
746	0.118787	-8167.88
747	0.118787	-8196.5
748	0.118787	-8180.96
749	0.118787	-8214.31
750	0.118787	-8195.36
751	0.118787	-8149.61
752	0.118787	-8183.83
753	0.118787	-8208.08
754	0.118787	-8260.34
755	0.118787	-8251.91
756	0.118787	-8222.6
757	0.118787	-8203.75
758	0.118787	-8213.68
759	0.118787	-8261.92
760	0.118787	-8242.05
761	0.118787	-8203
762	0.118787	-8185.42
763	0.118787	-8174.38
764	0.118787	-8153.92
765	0.118787	-8179.54
766	0.118787	-8229.39
767	0.118787	-8164.46
768	0.118787	-8227.3
769	0.118787	-8192.91
770	0.118787	-8173.43
771	0.118787	-8182.84
772	0.118787	-8212.39
773	0.118787	-8242.39
774	0.118787	-8242.49
775	0.118787	-8281.31
776	0.118787	-8241.46
777	0.118787	-8199.97
778	0.118787	-8233.48
779	0.118787	-8202.31
780	0.118787	-8203.64
781	0.118787	-8197.67
782	0.118787	-8223.48
783	0.118787	-8232.95
784	0.118787	-8212.16
785	0.118787	-8249.32
786	0.118787	-8299.83
787	0.118787	-8267.11
788	0.118787	-8260.32
789	0.118787	-8328.57
790	0.118787	-8269.05
791	0.118787	-8157.16
792	0.118787	-8161.82
793	0.118787	-8150.8
794	0.118787	-8179.79
795	0.118787	-8143.97
796	0.118787	-8140.54
797	0.118787	-8148.87
798	0.118787	-8194.06
799	0.118787	-8190.53
800	0.118787	-8230.94
801	0.118787	-8266.33
802	0.118787	-8242.27
803	0.118787	-8255.02
804	0.118787	-8247.59
805	0.118787	-8236.27
806	0.118787	-8270.86
807	0.118787	-8260.45
808	0.118787	-8254.36
809	0.118787	-8286.97
810	0.118787	-8215.27
811	0.118787	-8252.69
812	0.118787	-8200.3
813	0.118787	-8197.47
814	0.118787	-8229.85
815	0.118787	-8240.31
816	0.118787	-8217.97
817	0.118787	-8217.99
818	0.118787	-8218.93
819	0.118787	-8195.73
820	0.118787	-8251.88
821	0.118787	-8241.95
822	0.118787	-8199.44
823	0.118787	-8233.35
824	0.118787	-8225.85
825	0.118787	-8231.71
826	0.118787	-8255.11
827	0.118787	-8189.78
828	0.118787	-8234.14
829	0.118787	-8264.17
830	0.118787	-8162.5
831	0.118787	-8173.07
832	0.118787	-8256.37
833	0.118787	-8236.61
834	0.118787	-8217.47
835	0.118787	-8211.67
836	0.118787	-8213.52
837	0.118787	-8250.4
838	0.118787	-8285.89
839	0.118787	-8311.61
840	0.118787	-8259.17
841	0.118787	-8248.13
842	0.118787	-8211.71
843	0.118787	-8188.81
844	0.118787	-8208.02
845	0.118787	-8195.58
846	0.118787	-8208.61
847	0.118787	-8263.56
848	0.118787	-8259.34
849	0.118787	-8267.16
850	0.118787	-8254.24
851	0.118787	-8168.47
852	0.118787	-8174.2
853	0.118787	-8202.16
854	0.118787	-8196.27
855	0.118787	-8208.96
856	0.118787	-8220.14
857	0.118787	-8273.94
858	0.118787	-8214.72
859	0.118787	-8278.84
860	0.118787	-8253.24
861	0.118787	-8251.4
862	0.118787	-8272.34
863	0.118787	-8276.44
864	0.118787	-8227.4
865	0.118787	-8248.67
866	0.118787	-8246.19
867	0.118787	-8258.29
868	0.118787	-8157.01
869	0.118787	-8210.46
870	0.118787	-8190.34
871	0.118787	-8207.13
872	0.118787	-8187.49
873	0.118787	-8194.12
874	0.118787	-8206.59
875	0.118787	-8222.37
876	0.118787	-8151.92
877	0.118787	-8141.25
878	0.118787	-8153.64
879	0.118787	-8194.97
880	0.118787	-8207.54
881	0.118787	-8180.78
882	0.118787	-8187.77
883	0.118787	-8173.28
884	0.118787	-8196.34
885	0.118787	-8220.96
886	0.118787	-8247.56
887	0.118787	-8236.6
888	0.118787	-8229.08
889	0.118787	-8216.12
890	0.118787	-8204.66
891	0.118787	-8169.85
892	0.118787	-8164.24
893	0.118787	-8217.17
894	0.118787	-8205.22
895	0.118787	-8212
896	0.118787	-8252.62
897	0.118787	-8210.5
898	0.118787	-8191.34
899	0.118787	-8239.74
900	0.118787	-8265.32
901	0.118787	-8235.91
902	0.118787	-8176.86
903	0.118787	-8202.19
904	0.118787	-8199.46
905	0.118787	-8200.43
906	0.118787	-8185.14
907	0.118787	-8183.25
908	0.118787	-8191.59
909	0.118787	-8153.4
910	0.118787	-8193.3
911	0.118787	-8206.42
912	0.118787	-8191.29
913	0.118787	-8173.4
914	0.118787	-8183.51
915	0.118787	-8160.31
916	0.118787	-8177.53
917	0.118787	-8154.33
918	0.118787	-8160.95
919	0.118787	-8170.45
920	0.118787	-8160.61
921	0.118787	-8158.13
922	0.118787	-8187.5
923	0.118787	-8172.35
924	0.118787	-8234.22
925	0.118787	-8294.36
926	0.118787	-8291.63
927	0.118787	-8266.04
928	0.118787	-8237.21
929	0.118787	-8203.14
930	0.118787	-8177.87
931	0.118787	-8186.64
932	0.118787	-8213.87
933	0.118787	-8218.67
934	0.118787	-8195.7
935	0.118787	-8253.95
936	0.118787	-8163.74
937	0.118787	-8175.7
938	0.118787	-8176
939	0.118787	-8180.21
940	0.118787	-8208.11
941	0.118787	-8230.75
942	0.118787	-8218.28
943	0.118787	-8174.42
944	0.118787	-8203.01
945	0.118787	-8188.06
946	0.118787	-8157.94
947	0.118787	-8164.63
948	0.118787	-8148.49
949	0.118787	-8169.66
950	0.118787	-8237.45
951	0.118787	-8205.22
952	0.118787	-8272.85
953	0.118787	-8217.25
954	0.118787	-8246.73
955	0.118787	-8163.62
956	0.118787	-8150.62
957	0.118787	-8184.96
958	0.118787	-8182.69
959	0.118787	-8202.99
960	0.118787	-8184.97
961	0.118787	-8202.28
962	0.118787	-8214.01
963	0.118787	-8231.27
964	0.118787	-8264.6
965	0.118787	-8271.74
966	0.118787	-8289.28
967	0.118787	-8253.08
968	0.118787	-8169.36
969	0.118787	-8182.18
970	0.118787	-8193.74
971	0.118787	-8154.21
972	0.118787	-8176.1
973	0.118787	-8180.11
974	0.118787	-8190.65
975	0.118787	-8214.09
976	0.118787	-8195.08
977	0.118787	-8199.33
978	0.118787	-8228.02
979	0.118787	-8188.38
980	0.118787	-8217.78
981	0.118787	-8154.83
982	0.118787	-8162.87
983	0.118787	-8117.76
984	0.118787	-8133.02
985	0.118787	-8149.24
986	0.118787	-8190.49
987	0.118787	-8213.96
988	0.118787	-8204.31
989	0.118787	-8228.42
990	0.118787	-8242.81
991	0.118787	-8246.1
992	0.118787	-8225.4
993	0.118787	-8164.71
994	0.118787	-8185.54
995	0.118787	-8193.8
996	0.118787	-8198.47
997	0.118787	-8202.82
998	0.118787	-8241.68
999	0.118787	-8233.78
1000	0.118787	-8260.36
251	0.101351	-8249.5
252	0.101351	-8263.86
253	0.101351	-8231.19
254	0.101351	-8331.52
255	0.101351	-8217.03
256	0.101351	-8227.55
257	0.101351	-8239.61
258	0.101351	-8197.08
259	0.101351	-8257.81
260	0.101351	-8217.93
261	0.101351	-8210.89
262	0.101351	-8219.95
263	0.101351	-8264.26
264	0.101351	-8351.19
265	0.101351	-8256.24
266	0.101351	-8256.1
267	0.101351	-8252.59
268	0.101351	-8220.09
269	0.101351	-8223.47
270	0.101351	-8271.34
271	0.101351	-8239.75
272	0.101351	-8260
273	0.101351	-8272.05
274	0.101351	-8240.44
275	0.101351	-8250.4
276	0.101351	-8256.42
277	0.101351	-8300.01
278	0.101351	-8254.22
279	0.101351	-8246.02
280	0.101351	-8224.39
281	0.101351	-8240.05
282	0.101351	-8229.26
283	0.101351	-8226.94
284	0.101351	-8214.63
285	0.101351	-8193.47
286	0.101351	-8236.65
287	0.101351	-8253.83
288	0.101351	-8224.49
289	0.101351	-8274.71
290	0.101351	-8270.1
291	0.101351	-8241.73
292	0.101351	-8265.78
293	0.101351	-8267.48
294	0.101351	-8250.6
295	0.101351	-8328.32
296	0.101351	-8329.61
297	0.101351	-8209.42
298	0.101351	-8270.79
299	0.101351	-8182.75
300	0.101351	-8229.21
301	0.101351	-8310.5
302	0.101351	-8275.49
303	0.101351	-8290.06
304	0.101351	-8300.63
305	0.101351	-8218.49
306	0.101351	-8212.5
307	0.101351	-8199.06
308	0.101351	-8216.76
309	0.101351	-8233.05
310	0.101351	-8231.19
311	0.101351	-8270.29
312	0.101351	-8295.34
313	0.101351	-8297.18
314	0.101351	-8303.35
315	0.101351	-8244.52
316	0.101351	-8265.5
317	0.101351	-8268.85
318	0.101351	-8300.19
319	0.101351	-8218.67
320	0.101351	-8240.71
321	0.101351	-8182.35
322	0.101351	-8236.42
323	0.101351	-8220.95
324	0.101351	-8190.55
325	0.101351	-8209.53
326	0.101351	-8219.02
327	0.101351	-8214.07
328	0.101351	-8225.02
329	0.101351	-8236.34
330	0.101351	-8238.89
331	0.101351	-8242.2
332	0.101351	-8225.48
333	0.101351	-8160.87
334	0.101351	-8225.12
335	0.101351	-8285.32
336	0.101351	-8240.66
337	0.101351	-8200.59
338	0.101351	-8261.89
339	0.101351	-8252.62
340	0.101351	-8260.01
341	0.101351	-8237.72
342	0.101351	-8243.15
343	0.101351	-8233.61
344	0.101351	-8236.24
345	0.101351	-8210.14
346	0.101351	-8196.77
347	0.101351	-8153.97
348	0.101351	-8165.3
349	0.101351	-8204.6
350	0.101351	-8195.65
351	0.101351	-8202.94
352	0.101351	-8237.44
353	0.101351	-8214.23
354	0.101351	-8186.4
355	0.101351	-8210.68
356	0.101351	-8192.25
357	0.101351	-8225.47
358	0.101351	-8275.55
359	0.101351	-8277.4
360	0.101351	-8226.62
361	0.101351	-8250.41
362	0.101351	-8336.11
363	0.101351	-8313.25
364	0.101351	-8276.25
365	0.101351	-8275.35
366	0.101351	-8218.01
367	0.101351	-8193.74
368	0.101351	-8282.97
369	0.101351	-8231.72
370	0.101351	-8284.63
371	0.101351	-8337.07
372	0.101351	-8278.31
373	0.101351	-8268.75
374	0.101351	-8244.82
375	0.101351	-8264.38
376	0.101351	-8268.27
377	0.101351	-8254.5
378	0.101351	-8273.82
379	0.101351	-8257.62
380	0.101351	-8270.49
381	0.101351	-8277.71
382	0.101351	-8187.06
383	0.101351	-8220.14
384	0.101351	-8227.41
385	0.101351	-8232.01
386	0.101351	-8190.29
387	0.101351	-8225.32
388	0.101351	-8270.81
389	0.101351	-8280.24
390	0.101351	-8275.1
391	0.101351	-8192.69
392	0.101351	-8147.05
393	0.101351	-8176.45
394	0.101351	-8165.52
395	0.101351	-8251.85
396	0.101351	-8252.41
397	0.101351	-8205.48
398	0.101351	-8211.07
399	0.101351	-8225.31
400	0.101351	-8225.05
401	0.101351	-8276.12
402	0.101351	-8180.04
403	0.101351	-8210.72
404	0.101351	-8237.59
405	0.101351	-8241.07
406	0.101351	-8225.97
407	0.101351	-8257.34
408	0.101351	-8234.34
409	0.101351	-8224.67
410	0.101351	-8266.07
411	0.101351	-8241.36
412	0.101351	-8269.96
413	0.101351	-8167.25
414	0.101351	-8184.28
415	0.101351	-8203.97
416	0.101351	-8210.55
417	0.101351	-8231.77
418	0.101351	-8242.07
419	0.101351	-8306.43
420	0.101351	-8292.26
421	0.101351	-8361.66
422	0.101351	-8211.38
423	0.101351	-8191.16
424	0.101351	-8237
425	0.101351	-8200.52
426	0.101351	-8255.74
427	0.101351	-8254.85
428	0.101351	-8230.03
429	0.101351	-8204.49
430	0.101351	-8201.6
431	0.101351	-8278.96
432	0.101351	-8257.53
433	0.101351	-8251.22
434	0.101351	-8258.73
435	0.101351	-8301.39
436	0.101351	-8295
437	0.101351	-8217.67
438	0.101351	-8198.29
439	0.101351	-8206.72
440	0.101351	-8178.38
441	0.101351	-8238.06
442	0.101351	-8256.82
443	0.101351	-8343.42
444	0.101351	-8320.92
445	0.101351	-8276.51
446	0.101351	-8293.92
447	0.101351	-8341.07
448	0.101351	-8284.05
449	0.101351	-8239.29
450	0.101351	-8221.91
451	0.101351	-8221.52
452	0.101351	-8256.13
453	0.101351	-8281.25
454	0.101351	-8184.23
455	0.101351	-8291.21
456	0.101351	-8234.9
457	0.101351	-8207.81
458	0.101351	-8168.22
459	0.101351	-8203.14
460	0.101351	-8222.49
461	0.101351	-8226.64
462	0.101351	-8252.34
463	0.101351	-8279.08
464	0.101351	-8200.39
465	0.101351	-8198.55
466	0.101351	-8184.54
467	0.101351	-8217.68
468	0.101351	-8182.54
469	0.101351	-8238.85
470	0.101351	-8236.55
471	0.101351	-8257.58
472	0.101351	-8269.1
473	0.101351	-8256.07
474	0.101351	-8269.26
475	0.101351	-8302.71
476	0.101351	-8378.49
477	0.101351	-8304.2
478	0.101351	-8252.22
479	0.101351	-8239.93
480	0.101351	-8246.45
481	0.101351	-8261.32
482	0.101351	-8245.41
483	0.101351	-8247.74
484	0.101351	-8221.32
485	0.101351	-8263.73
486	0.101351	-8245.53
487	0.101351	-8195.91
488	0.101351	-8172.71
489	0.101351	-8252.54
490	0.101351	-8244.56
491	0.101351	-8290.92
492	0.101351	-8333.9
493	0.101351	-8295.34
494	0.101351	-8307.26
495	0.101351	-8270.33
496	0.101351	-8252.36
497	0.101351	-8268.55
498	0.101351	-8261.05
499	0.101351	-8239.73
500	0.101351	-8248.06
501	0.101351	-8305.16
502	0.101351	-8265.11
503	0.101351	-8258.22
504	0.101351	-8256.99
505	0.101351	-8273.14
506	0.101351	-8264.28
507	0.101351	-8236.2
508	0.101351	-8249.22
509	0.101351	-8177.21
510	0.101351	-8194.91
511	0.101351	-8254.28
512	0.101351	-8230.6
513	0.101351	-8252.5
514	0.101351	-8255.63
515	0.101351	-8239.36
516	0.101351	-8325.47
517	0.101351	-8306.91
518	0.101351	-8251.65
519	0.101351	-8245.81
520	0.101351	-8259.85
521	0.101351	-8286.89
522	0.101351	-8235.23
523	0.101351	-8219.46
524	0.101351	-8229.93
525	0.101351	-8193.29
526	0.101351	-8280.69
527	0.101351	-8214.41
528	0.101351	-8189.44
529	0.101351	-8147.82
530	0.101351	-8185.66
531	0.101351	-8140.63
532	0.101351	-8218.72
533	0.101351	-8186.78
534	0.101351	-8295.82
535	0.101351	-8250.4
536	0.101351	-8192.42
537	0.101351	-8228.59
538	0.101351	-8208.79
539	0.101351	-8197.33
540	0.101351	-8262.64
541	0.101351	-8205.22
542	0.101351	-8194.37
543	0.101351	-8167.87
544	0.101351	-8217.12
545	0.101351	-8227.26
546	0.101351	-8243.33
547	0.101351	-8245.14
548	0.101351	-8238.07
549	0.101351	-8234.74
550	0.101351	-8274.1
551	0.101351	-8306.31
552	0.101351	-8229.73
553	0.101351	-8213.29
554	0.101351	-8205.11
555	0.101351	-8235.66
556	0.101351	-8239.62
557	0.101351	-8198.07
558	0.101351	-8218.06
559	0.101351	-8260.59
560	0.101351	-8234.52
561	0.101351	-8209.85
562	0.101351	-8254.51
563	0.101351	-8300.12
564	0.101351	-8235.09
565	0.101351	-8227.69
566	0.101351	-8313.52
567	0.101351	-8298.37
568	0.101351	-8312.02
569	0.101351	-8298.24
570	0.101351	-8215.64
571	0.101351	-8241.97
572	0.101351	-8220.71
573	0.101351	-8191.51
574	0.101351	-8222.81
575	0.101351	-8257.43
576	0.101351	-8305.49
577	0.101351	-8254.99
578	0.101351	-8231.7
579	0.101351	-8226.83
580	0.101351	-8216.83
581	0.101351	-8195
582	0.101351	-8210.73
583	0.101351	-8226.89
584	0.101351	-8178.05
585	0.101351	-8175.01
586	0.101351	-8221.26
587	0.101351	-8204.62
588	0.101351	-8193.07
589	0.101351	-8259.38
590	0.101351	-8264.06
591	0.101351	-8307.09
592	0.101351	-8305.79
593	0.101351	-8308.42
594	0.101351	-8253.19
595	0.101351	-8211.68
596	0.101351	-8281.17
597	0.101351	-8193.95
598	0.101351	-8244.37
599	0.101351	-8236
600	0.101351	-8326.17
601	0.101351	-8247.64
602	0.101351	-8266.47
603	0.101351	-8222.8
604	0.101351	-8209.16
605	0.101351	-8245.63
606	0.101351	-8242.66
607	0.101351	-8204.22
608	0.101351	-8211.94
609	0.101351	-8223.47
610	0.101351	-8210.5
611	0.101351	-8218.36
612	0.101351	-8249.98
613	0.101351	-8261.5
614	0.101351	-8247.48
615	0.101351	-8283.5
616	0.101351	-8267.86
617	0.101351	-8284.29
618	0.101351	-8251.19
619	0.101351	-8265.81
620	0.101351	-8236.88
621	0.101351	-8230.34
622	0.101351	-8308.67
623	0.101351	-8271.85
624	0.101351	-8335.36
625	0.101351	-8339.86
626	0.101351	-8272.18
627	0.101351	-8249.26
628	0.101351	-8249.93
629	0.101351	-8272.26
630	0.101351	-8261.71
631	0.101351	-8245.61
632	0.101351	-8201.62
633	0.101351	-8194.3
634	0.101351	-8176.8
635	0.101351	-8177.93
636	0.101351	-8191.25
637	0.101351	-8264.64
638	0.101351	-8167.12
639	0.101351	-8151.56
640	0.101351	-8199.55
641	0.101351	-8198.93
642	0.101351	-8198.97
643	0.101351	-8169.53
644	0.101351	-8271.95
645	0.101351	-8218.58
646	0.101351	-8278.21
647	0.101351	-8269.86
648	0.101351	-8241.43
649	0.101351	-8200.68
650	0.101351	-8197.28
651	0.101351	-8212.5
652	0.101351	-8239.77
653	0.101351	-8221.92
654	0.101351	-8213.45
655	0.101351	-8259.29
656	0.101351	-8159.76
657	0.101351	-8164.72
658	0.101351	-8179.68
659	0.101351	-8179.15
660	0.101351	-8200.36
661	0.101351	-8207.91
662	0.101351	-8183.41
663	0.101351	-8150.49
664	0.101351	-8230.3
665	0.101351	-8191.32
666	0.101351	-8272.14
667	0.101351	-8264.73
668	0.101351	-8235.8
669	0.101351	-8226.86
670	0.101351	-8229.2
671	0.101351	-8238.78
672	0.101351	-8211.5
673	0.101351	-8239.73
674	0.101351	-8244.95
675	0.101351	-8278.25
676	0.101351	-8265.03
677	0.101351	-8294.29
678	0.101351	-8245.07
679	0.101351	-8230.79
680	0.101351	-8160.48
681	0.101351	-8167.81
682	0.101351	-8225.73
683	0.101351	-8267.93
684	0.101351	-8231.47
685	0.101351	-8253.57
686	0.101351	-8225.6
687	0.101351	-8254.96
688	0.101351	-8247.37
689	0.101351	-8254.74
690	0.101351	-8289.43
691	0.101351	-8285.68
692	0.101351	-8266.6
693	0.101351	-8228.01
694	0.101351	-8276.54
695	0.101351	-8238.66
696	0.101351	-8251.5
697	0.101351	-8274.83
698	0.101351	-8262.65
699	0.101351	-8290.44
700	0.101351	-8295.72
701	0.101351	-8300.86
702	0.101351	-8305.94
703	0.101351	-8303.78
704	0.101351	-8350.83
705	0.101351	-8331.32
706	0.101351	-8336.2
707	0.101351	-8299.81
708	0.101351	-8280.84
709	0.101351	-8195.56
710	0.101351	-8206.71
711	0.101351	-8182.17
712	0.101351	-8239.15
713	0.101351	-8273.09
714	0.101351	-8271.52
715	0.101351	-8214.57
716	0.101351	-8187.24
717	0.101351	-8151.06
718	0.101351	-8161.09
719	0.101351	-8173.88
720	0.101351	-8220.22
721	0.101351	-8218.73
722	0.101351	-8227.74
723	0.101351	-8238.07
724	0.101351	-8267.55
725	0.101351	-8218.88
726	0.101351	-8228.08
727	0.101351	-8238.64
728	0.101351	-8292.52
729	0.101351	-8281.59
730	0.101351	-8267.93
731	0.101351	-8362.54
732	0.101351	-8325.92
733	0.101351	-8296.58
734	0.101351	-8257.53
735	0.101351	-8229.42
736	0.101351	-8229.89
737	0.101351	-8278.99
738	0.101351	-8284.71
739	0.101351	-8182
740	0.101351	-8249.41
741	0.101351	-8240.02
742	0.101351	-8221.1
743	0.101351	-8274.31
744	0.101351	-8264.94
745	0.101351	-8288.11
746	0.101351	-8259.8
747	0.101351	-8235.97
748	0.101351	-8250.19
749	0.101351	-8250.86
750	0.101351	-8214.02
751	0.101351	-8187.15
752	0.101351	-8206.14
753	0.101351	-8230.91
754	0.101351	-8236.35
755	0.101351	-8255.12
756	0.101351	-8200.41
757	0.101351	-8197.36
758	0.101351	-8194.66
759	0.101351	-8232.29
760	0.101351	-8253.9
761	0.101351	-8241.01
762	0.101351	-8253.65
763	0.101351	-8222.39
764	0.101351	-8206.76
765	0.101351	-8257.73
766	0.101351	-8318.71
767	0.101351	-8267.32
768	0.101351	-8236.46
769	0.101351	-8265.98
770	0.101351	-8324.79
771	0.101351	-8270.12
772	0.101351	-8262.78
773	0.101351	-8231.99
774	0.101351	-8293.15
775	0.101351	-8354.17
776	0.101351	-8325.53
777	0.101351	-8391.33
778	0.101351	-8393.96
779	0.101351	-8315.12
780	0.101351	-8265.19
781	0.101351	-8294.66
782	0.101351	-8270.69
783	0.101351	-8227.15
784	0.101351	-8280.37
785	0.101351	-8237.02
786	0.101351	-8277.65
787	0.101351	-8262.83
788	0.101351	-8285.16
789	0.101351	-8264
790	0.101351	-8214.72
791	0.101351	-8222.01
792	0.101351	-8231.47
793	0.101351	-8289.63
794	0.101351	-8260.47
795	0.101351	-8201.92
796	0.101351	-8239.2
797	0.101351	-8212.66
798	0.101351	-8241.52
799	0.101351	-8202.4
800	0.101351	-8200
801	0.101351	-8215.51
802	0.101351	-8200.92
803	0.101351	-8188.33
804	0.101351	-8235.2
805	0.101351	-8213.07
806	0.101351	-8216.83
807	0.101351	-8169.28
808	0.101351	-8176.12
809	0.101351	-8195.82
810	0.101351	-8231.44
811	0.101351	-8270.93
812	0.101351	-8268.51
813	0.101351	-8278.71
814	0.101351	-8292.01
815	0.101351	-8286.19
816	0.101351	-8216.2
817	0.101351	-8283.25
818	0.101351	-8276.9
819	0.101351	-8235.65
820	0.101351	-8268.62
821	0.101351	-8239.59
822	0.101351	-8194.81
823	0.101351	-8193.23
824	0.101351	-8250.47
825	0.101351	-8227.31
826	0.101351	-8217.03
827	0.101351	-8261.09
828	0.101351	-8268.61
829	0.101351	-8248.16
830	0.101351	-8232.87
831	0.101351	-8194.5
832	0.101351	-8219.05
833	0.101351	-8197.39
834	0.101351	-8210.2
835	0.101351	-8224.59
836	0.101351	-8238.29
837	0.101351	-8263.71
838	0.101351	-8229.31
839	0.101351	-8168.45
840	0.101351	-8179.04
841	0.101351	-8213.81
842	0.101351	-8229.81
843	0.101351	-8216.74
844	0.101351	-8278.74
845	0.101351	-8282.83
846	0.101351	-8277.08
847	0.101351	-8300.53
848	0.101351	-8240.82
849	0.101351	-8282.33
850	0.101351	-8272.46
851	0.101351	-8218.37
852	0.101351	-8301.3
853	0.101351	-8229.96
854	0.101351	-8268.67
855	0.101351	-8338.21
856	0.101351	-8272
857	0.101351	-8140.74
858	0.101351	-8246.05
859	0.101351	-8250.37
860	0.101351	-8192.7
861	0.101351	-8230.26
862	0.101351	-8256.06
863	0.101351	-8258.86
864	0.101351	-8277.93
865	0.101351	-8263.75
866	0.101351	-8251.79
867	0.101351	-8243.69
868	0.101351	-8197.19
869	0.101351	-8187.91
870	0.101351	-8240.65
871	0.101351	-8267.86
872	0.101351	-8308.58
873	0.101351	-8302.36
874	0.101351	-8214.8
875	0.101351	-8189.01
876	0.101351	-8234.98
877	0.101351	-8263.01
878	0.101351	-8211.68
879	0.101351	-8190.04
880	0.101351	-8218.25
881	0.101351	-8225.47
882	0.101351	-8249.26
883	0.101351	-8238.33
884	0.101351	-8235.39
885	0.101351	-8286.37
886	0.101351	-8230.21
887	0.101351	-8227.61
888	0.101351	-8254.42
889	0.101351	-8247.4
890	0.101351	-8278.86
891	0.101351	-8381.25
892	0.101351	-8328.15
893	0.101351	-8338.38
894	0.101351	-8281.54
895	0.101351	-8286.54
896	0.101351	-8299.78
897	0.101351	-8265.11
898	0.101351	-8229.68
899	0.101351	-8209.17
900	0.101351	-8235.97
901	0.101351	-8202.25
902	0.101351	-8191.9
903	0.101351	-8222.22
904	0.101351	-8316.73
905	0.101351	-8271.79
906	0.101351	-8213.19
907	0.101351	-8217.51
908	0.101351	-8283.04
909	0.101351	-8319.61
910	0.101351	-8315.87
911	0.101351	-8249.9
912	0.101351	-8218.64
913	0.101351	-8288.05
914	0.101351	-8182.25
915	0.101351	-8199.19
916	0.101351	-8257.09
917	0.101351	-8317.89
918	0.101351	-8238.96
919	0.101351	-8239.49
920	0.101351	-8224.69
921	0.101351	-8281.51
922	0.101351	-8289.19
923	0.101351	-8233.16
924	0.101351	-8251.54
925	0.101351	-8286.34
926	0.101351	-8262.85
927	0.101351	-8248.21
928	0.101351	-8208.45
929	0.101351	-8200.66
930	0.101351	-8217.21
931	0.101351	-8246.59
932	0.101351	-8246.91
933	0.101351	-8217.74
934	0.101351	-8256.15
935	0.101351	-8210.9
936	0.101351	-8220.05
937	0.101351	-8207.06
938	0.101351	-8270.54
939	0.101351	-8253.37
940	0.101351	-8255.79
941	0.101351	-8261.5
942	0.101351	-8235.36
943	0.101351	-8290.13
944	0.101351	-8241.53
945	0.101351	-8235.51
946	0.101351	-8261.49
947	0.101351	-8268.62
948	0.101351	-8261.56
949	0.101351	-8190.31
950	0.101351	-8220.83
951	0.101351	-8234.32
952	0.101351	-8259.65
953	0.101351	-8304.71
954	0.101351	-8175.64
955	0.101351	-8231.81
956	0.101351	-8226.3
957	0.101351	-8220.44
958	0.101351	-8250.97
959	0.101351	-8211.11
960	0.101351	-8312.04
961	0.101351	-8226.99
962	0.101351	-8254.19
963	0.101351	-8236.71
964	0.101351	-8224.71
965	0.101351	-8238.77
966	0.101351	-8198.27
967	0.101351	-8251.61
968	0.101351	-8237.68
969	0.101351	-8274.43
970	0.101351	-8211.31
971	0.101351	-8270.81
972	0.101351	-8271.07
973	0.101351	-8216.3
974	0.101351	-8210.84
975	0.101351	-8200.69
976	0.101351	-8237.83
977	0.101351	-8180.48
978	0.101351	-8158.32
979	0.101351	-8179.66
980	0.101351	-8235.51
981	0.101351	-8287.56
982	0.101351	-8266.01
983	0.101351	-8231.31
984	0.101351	-8235.18
985	0.101351	-8320.36
986	0.101351	-8234.81
987	0.101351	-8262.1
988	0.101351	-8274.19
989	0.101351	-8301.91
990	0.101351	-8272.82
991	0.101351	-8271.44
992	0.101351	-8267.09
993	0.101351	-8217.76
994	0.101351	-8202.11
995	0.101351	-8270.21
996	0.101351	-8177.01
997	0.101351	-8227.67
998	0.101351	-8309.56
999	0.101351	-8263.75
1000	0.101351	-8247.96
251	0.0860252	-8283.17
252	0.0860252	-8285.8
253	0.0860252	-8303.81
254	0.0860252	-8286.17
255	0.0860252	-8302.61
256	0.0860252	-8318.5
257	0.0860252	-8309.85
258	0.0860252	-8323.72
259	0.0860252	-8302.77
260	0.0860252	-8303.59
261	0.0860252	-8283.67
262	0.0860252	-8390.3
263	0.0860252	-8316.96
264	0.0860252	-8329.79
265	0.0860252	-8208.39
266	0.0860252	-8209.74
267	0.0860252	-8289.08
268	0.0860252	-8234.46
269	0.0860252	-8308.24
270	0.0860252	-8281.58
271	0.0860252	-8259.18
272	0.0860252	-8307.05
273	0.0860252	-8326.04
274	0.0860252	-8367
275	0.0860252	-8309.73
276	0.0860252	-8212.05
277	0.0860252	-8212.97
278	0.0860252	-8305.71
279	0.0860252	-8345.82
280	0.0860252	-8269.81
281	0.0860252	-8307.42
282	0.0860252	-8224.5
283	0.0860252	-8338.71
284	0.0860252	-8324.69
285	0.0860252	-8287.32
286	0.0860252	-8323.35
287	0.0860252	-8320.21
288	0.0860252	-8305.21
289	0.0860252	-8189.89
290	0.0860252	-8221.78
291	0.0860252	-8272.79
292	0.0860252	-8230.27
293	0.0860252	-8222.81
294	0.0860252	-8251.52
295	0.0860252	-8288.68
296	0.0860252	-8272.21
297	0.0860252	-8240.27
298	0.0860252	-8248.17
299	0.0860252	-8268.13
300	0.0860252	-8287.87
301	0.0860252	-8307.15
302	0.0860252	-8379.2
303	0.0860252	-8281.32
304	0.0860252	-8235.6
305	0.0860252	-8192.26
306	0.0860252	-8221.61
307	0.0860252	-8193.88
308	0.0860252	-8264.23
309	0.0860252	-8267.64
310	0.0860252	-8227.04
311	0.0860252	-8242.01
312	0.0860252	-8256.33
313	0.0860252	-8302.63
314	0.0860252	-8314.59
315	0.0860252	-8333.64
316	0.0860252	-8291.73
317	0.0860252	-8245.08
318	0.0860252	-8273.24
319	0.0860252	-8293.17
320	0.0860252	-8286.43
321	0.0860252	-8293.85
322	0.0860252	-8234.08
323	0.0860252	-8190.7
324	0.0860252	-8208.88
325	0.0860252	-8274.68
326	0.0860252	-8322.1
327	0.0860252	-8273.22
328	0.0860252	-8273.61
329	0.0860252	-8380.34
330	0.0860252	-8270.67
331	0.0860252	-8219
332	0.0860252	-8214.78
333	0.0860252	-8273.51
334	0.0860252	-8302.15
335	0.0860252	-8288.23
336	0.0860252	-8362.53
337	0.0860252	-8393.07
338	0.0860252	-8388.57
339	0.0860252	-8415.47
340	0.0860252	-8331.67
341	0.0860252	-8330.78
342	0.0860252	-8297.13
343	0.0860252	-8224.31
344	0.0860252	-8267.84
345	0.0860252	-8276.34
346	0.0860252	-8246.24
347	0.0860252	-8212.59
348	0.0860252	-8267.38
349	0.0860252	-8332.63
350	0.0860252	-8302.83
351	0.0860252	-8307.84
352	0.0860252	-8296.22
353	0.0860252	-8268.88
354	0.0860252	-8280.15
355	0.0860252	-8281.59
356	0.0860252	-8296.29
357	0.0860252	-8287.7
358	0.0860252	-8273.66
359	0.0860252	-8362.76
360	0.0860252	-8335.72
361	0.0860252	-8286.91
362	0.0860252	-8279.83
363	0.0860252	-8313.27
364	0.0860252	-8368.78
365	0.0860252	-8283.37
366	0.0860252	-8289.03
367	0.0860252	-8303.54
368	0.0860252	-8297.41
369	0.0860252	-8321.69
370	0.0860252	-8241.38
371	0.0860252	-8274.74
372	0.0860252	-8286.91
373	0.0860252	-8271.33
374	0.0860252	-8287.28
375	0.0860252	-8270.33
376	0.0860252	-8261.06
377	0.0860252	-8190.01
378	0.0860252	-8199.37
379	0.0860252	-8233.11
380	0.0860252	-8244.28
381	0.0860252	-8309.8
382	0.0860252	-8237.89
383	0.0860252	-8277.68
384	0.0860252	-8393.85
385	0.0860252	-8387
386	0.0860252	-8256.96
387	0.0860252	-8284.05
388	0.0860252	-8285.51
389	0.0860252	-8329.23
390	0.0860252	-8355.38
391	0.0860252	-8236.05
392	0.0860252	-8327.96
393	0.0860252	-8290.24
394	0.0860252	-8216.5
395	0.0860252	-8217.32
396	0.0860252	-8262.06
397	0.0860252	-8268.2
398	0.0860252	-8228.62
399	0.0860252	-8253.18
400	0.0860252	-8203.62
401	0.0860252	-8229.74
402	0.0860252	-8362.66
403	0.0860252	-8270.52
404	0.0860252	-8202.4
405	0.0860252	-8215.17
406	0.0860252	-8223.32
407	0.0860252	-8238.71
408	0.0860252	-8250.27
409	0.0860252	-8258.55
410	0.0860252	-8339.92
411	0.0860252	-8315.78
412	0.0860252	-8286.09
413	0.0860252	-8272.3
414	0.0860252	-8304.31
415	0.0860252	-8259.06
416	0.0860252	-8235.03
417	0.0860252	-8300.62
418	0.0860252	-8284.35
419	0.0860252	-8347.33
420	0.0860252	-8367.16
421	0.0860252	-8327.52
422	0.0860252	-8322.92
423	0.0860252	-8313.2
424	0.0860252	-8333.87
425	0.0860252	-8277.85
426	0.0860252	-8254.48
427	0.0860252	-8330.22
428	0.0860252	-8305.67
429	0.0860252	-8323.94
430	0.0860252	-8327.22
431	0.0860252	-8206
432	0.0860252	-8186.09
433	0.0860252	-8199.65
434	0.0860252	-8296.35
435	0.0860252	-8312.24
436	0.0860252	-8267.39
437	0.0860252	-8255.3
438	0.0860252	-8284.91
439	0.0860252	-8284
440	0.0860252	-8294.81
441	0.0860252	-8261.99
442	0.0860252	-8220.39
443	0.0860252	-8258.18
444	0.0860252	-8247.22
445	0.0860252	-8177.93
446	0.0860252	-8282.17
447	0.0860252	-8261.3
448	0.0860252	-8257.97
449	0.0860252	-8274.38
450	0.0860252	-8349.07
451	0.0860252	-8319.49
452	0.0860252	-8263.6
453	0.0860252	-8321.45
454	0.0860252	-8259.86
455	0.0860252	-8252.01
456	0.0860252	-8217.28
457	0.0860252	-8219.09
458	0.0860252	-8248.58
459	0.0860252	-8268.94
460	0.0860252	-8340.82
461	0.0860252	-8273.05
462	0.0860252	-8341.53
463	0.0860252	-8255.85
464	0.0860252	-8316.72
465	0.0860252	-8267.66
466	0.0860252	-8308.75
467	0.0860252	-8293.18
468	0.0860252	-8318.48
469	0.0860252	-8309.42
470	0.0860252	-8333.3
471	0.0860252	-8233.39
472	0.0860252	-8296.59
473	0.0860252	-8257.37
474	0.0860252	-8269.39
475	0.0860252	-8302.44
476	0.0860252	-8321.59
477	0.0860252	-8335.2
478	0.0860252	-8353.62
479	0.0860252	-8402.55
480	0.0860252	-8367.65
481	0.0860252	-8359.2
482	0.0860252	-8386.01
483	0.0860252	-8250.72
484	0.0860252	-8238.13
485	0.0860252	-8320.9
486	0.0860252	-8323.13
487	0.0860252	-8272.5
488	0.0860252	-8354.95
489	0.0860252	-8301.89
490	0.0860252	-8263.71
491	0.0860252	-8256.52
492	0.0860252	-8199.67
493	0.0860252	-8232.84
494	0.0860252	-8241.95
495	0.0860252	-8203.71
496	0.0860252	-8180.06
497	0.0860252	-8342.21
498	0.0860252	-8251.55
499	0.0860252	-8257.18
500	0.0860252	-8283.35
501	0.0860252	-8245.43
502	0.0860252	-8172.28
503	0.0860252	-8161.52
504	0.0860252	-8196.83
505	0.0860252	-8230.49
506	0.0860252	-8223.13
507	0.0860252	-8220.45
508	0.0860252	-8217.09
509	0.0860252	-8211.16
510	0.0860252	-8269.22
511	0.0860252	-8300.69
512	0.0860252	-8350.98
513	0.0860252	-8357.52
514	0.0860252	-8338.79
515	0.0860252	-8272.34
516	0.0860252	-8247.19
517	0.0860252	-8248.49
518	0.0860252	-8291.02
519	0.0860252	-8311.91
520	0.0860252	-8319.89
521	0.0860252	-8323.54
522	0.0860252	-8274.43
523	0.0860252	-8255.35
524	0.0860252	-8266
525	0.0860252	-8274.39
526	0.0860252	-8262.89
527	0.0860252	-8300.91
528	0.0860252	-8321.15
529	0.0860252	-8261.2
530	0.0860252	-8304.62
531	0.0860252	-8277.3
532	0.0860252	-8252.69
533	0.0860252	-8272.9
534	0.0860252	-8311.03
535	0.0860252	-8276.65
536	0.0860252	-8283.85
537	0.0860252	-8260.23
538	0.0860252	-8278.39
539	0.0860252	-8325.42
540	0.0860252	-8385.59
541	0.0860252	-8319
542	0.0860252	-8317.91
543	0.0860252	-8310.96
544	0.0860252	-8293.57
545	0.0860252	-8393.11
546	0.0860252	-8324.93
547	0.0860252	-8307.83
548	0.0860252	-8230.8
549	0.0860252	-8254.89
550	0.0860252	-8214.77
551	0.0860252	-8233.2
552	0.0860252	-8243.72
553	0.0860252	-8234.77
554	0.0860252	-8200.34
555	0.0860252	-8251.22
556	0.0860252	-8238.99
557	0.0860252	-8222.27
558	0.0860252	-8290.28
559	0.0860252	-8284.52
560	0.0860252	-8345.16
561	0.0860252	-8321.03
562	0.0860252	-8391.23
563	0.0860252	-8353.79
564	0.0860252	-8301.24
565	0.0860252	-8292.99
566	0.0860252	-8315.39
567	0.0860252	-8304.77
568	0.0860252	-8283.86
569	0.0860252	-8305.01
570	0.0860252	-8262.82
571	0.0860252	-8257.12
572	0.0860252	-8262.26
573	0.0860252	-8211.21
574	0.0860252	-8300.87
575	0.0860252	-8262.52
576	0.0860252	-8311.77
577	0.0860252	-8400.39
578	0.0860252	-8316.98
579	0.0860252	-8303.92
580	0.0860252	-8340.64
581	0.0860252	-8280.14
582	0.0860252	-8269.76
583	0.0860252	-8287.2
584	0.0860252	-8251.95
585	0.0860252	-8299.82
586	0.0860252	-8324.93
587	0.0860252	-8259.8
588	0.0860252	-8309.37
589	0.0860252	-8315.14
590	0.0860252	-8237.08
591	0.0860252	-8286.81
592	0.0860252	-8291.17
593	0.0860252	-8282.33
594	0.0860252	-8304.47
595	0.0860252	-8229.26
596	0.0860252	-8218.58
597	0.0860252	-8269.31
598	0.0860252	-8350.44
599	0.0860252	-8251.74
600	0.0860252	-8251.01
601	0.0860252	-8262.23
602	0.0860252	-8283.49
603	0.0860252	-8264.1
604	0.0860252	-8223.21
605	0.0860252	-8213.24
606	0.0860252	-8237.19
607	0.0860252	-8221.14
608	0.0860252	-8212.36
609	0.0860252	-8275.94
610	0.0860252	-8209.89
611	0.0860252	-8232.77
612	0.0860252	-8287.25
613	0.0860252	-8237.09
614	0.0860252	-8208.5
615	0.0860252	-8230.68
616	0.0860252	-8226.8
617	0.0860252	-8176.66
618	0.0860252	-8186.79
619	0.0860252	-8259.83
620	0.0860252	-8269.18
621	0.0860252	-8358.52
622	0.0860252	-8298.96
623	0.0860252	-8262.04
624	0.0860252	-8237.01
625	0.0860252	-8315.78
626	0.0860252	-8283.07
627	0.0860252	-8267.38
628	0.0860252	-8270.7
629	0.0860252	-8310.05
630	0.0860252	-8295.5
631	0.0860252	-8342.18
632	0.0860252	-8303.34
633	0.0860252	-8282.35
634	0.0860252	-8302
635	0.0860252	-8258.34
636	0.0860252	-8193.95
637	0.0860252	-8236.98
638	0.0860252	-8273.89
639	0.0860252	-8300.25
640	0.0860252	-8277.03
641	0.0860252	-8280.89
642	0.0860252	-8342.61
643	0.0860252	-8312.76
644	0.0860252	-8258.67
645	0.0860252	-8244.22
646	0.0860252	-8261.02
647	0.0860252	-8253.47
648	0.0860252	-8253.03
649	0.0860252	-8317.42
650	0.0860252	-8269.78
651	0.0860252	-8272.86
652	0.0860252	-8286.16
653	0.0860252	-8311.25
654	0.0860252	-8270.11
655	0.0860252	-8323.88
656	0.0860252	-8389.67
657	0.0860252	-8292.93
658	0.0860252	-8276.97
659	0.0860252	-8228.72
660	0.0860252	-8192.7
661	0.0860252	-8259.99
662	0.0860252	-8243.13
663	0.0860252	-8244.55
664	0.0860252	-8267.5
665	0.0860252	-8304.48
666	0.0860252	-8183.13
667	0.0860252	-8218.08
668	0.0860252	-8227.24
669	0.0860252	-8238.51
670	0.0860252	-8227.46
671	0.0860252	-8289.98
672	0.0860252	-8291.41
673	0.0860252	-8238.08
674	0.0860252	-8244.22
675	0.0860252	-8272.12
676	0.0860252	-8323.91
677	0.0860252	-8338.51
678	0.0860252	-8310.32
679	0.0860252	-8286.62
680	0.0860252	-8329.37
681	0.0860252	-8223.88
682	0.0860252	-8262.8
683	0.0860252	-8294.66
684	0.0860252	-8214.28
685	0.0860252	-8187.7
686	0.0860252	-8198.71
687	0.0860252	-8239.6
688	0.0860252	-8234.75
689	0.0860252	-8199.65
690	0.0860252	-8193.1
691	0.0860252	-8307.16
692	0.0860252	-8322.06
693	0.0860252	-8279.96
694	0.0860252	-8292.47
695	0.0860252	-8219.96
696	0.0860252	-8323.44
697	0.0860252	-8406.7
698	0.0860252	-8366.38
699	0.0860252	-8297.46
700	0.0860252	-8279.91
701	0.0860252	-8216.92
702	0.0860252	-8352.43
703	0.0860252	-8245.94
704	0.0860252	-8269.26
705	0.0860252	-8319.29
706	0.0860252	-8315.98
707	0.0860252	-8276.28
708	0.0860252	-8353.2
709	0.0860252	-8268.54
710	0.0860252	-8317.59
711	0.0860252	-8297.54
712	0.0860252	-8331.79
713	0.0860252	-8257.38
714	0.0860252	-8272.65
715	0.0860252	-8289.52
716	0.0860252	-8299.71
717	0.0860252	-8225.02
718	0.0860252	-8227.75
719	0.0860252	-8261.74
720	0.0860252	-8373.11
721	0.0860252	-8311.84
722	0.0860252	-8330.26
723	0.0860252	-8367.11
724	0.0860252	-8327.54
725	0.0860252	-8266.4
726	0.0860252	-8232.78
727	0.0860252	-8181.08
728	0.0860252	-8202.47
729	0.0860252	-8215.18
730	0.0860252	-8200.08
731	0.0860252	-8237.45
732	0.0860252	-8351.43
733	0.0860252	-8281.44
734	0.0860252	-8343.77
735	0.0860252	-8400.27
736	0.0860252	-8365.49
737	0.0860252	-8344.47
738	0.0860252	-8277.3
739	0.0860252	-8263.13
740	0.0860252	-8337.28
741	0.0860252	-8282.06
742	0.0860252	-8294.89
743	0.0860252	-8284.46
744	0.0860252	-8335.5
745	0.0860252	-8219.1
746	0.0860252	-8199.33
747	0.0860252	-8202.82
748	0.0860252	-8255.73
749	0.0860252	-8231.07
750	0.0860252	-8282.68
751	0.0860252	-8246.28
752	0.0860252	-8282.13
753	0.0860252	-8282.2
754	0.0860252	-8312.47
755	0.0860252	-8269.17
756	0.0860252	-8286.51
757	0.0860252	-8352.29
758	0.0860252	-8232.17
759	0.0860252	-8253.26
760	0.0860252	-8286.69
761	0.0860252	-8345.51
762	0.0860252	-8354.69
763	0.0860252	-8337.24
764	0.0860252	-8319.12
765	0.0860252	-8224.51
766	0.0860252	-8194.67
767	0.0860252	-8274.55
768	0.0860252	-8273.54
769	0.0860252	-8194.89
770	0.0860252	-8232.33
771	0.0860252	-8313.51
772	0.0860252	-8219.52
773	0.0860252	-8247.06
774	0.0860252	-8266.5
775	0.0860252	-8289.41
776	0.0860252	-8287.82
777	0.0860252	-8395.51
778	0.0860252	-8381.15
779	0.0860252	-8388.59
780	0.0860252	-8297.12
781	0.0860252	-8259.06
782	0.0860252	-8252.58
783	0.0860252	-8280.1
784	0.0860252	-8286.89
785	0.0860252	-8295.38
786	0.0860252	-8307.51
787	0.0860252	-8272.11
788	0.0860252	-8309.76
789	0.0860252	-8288.55
790	0.0860252	-8259.58
791	0.0860252	-8302.28
792	0.0860252	-8285.63
793	0.0860252	-8242.31
794	0.0860252	-8293.06
795	0.0860252	-8287.52
796	0.0860252	-8251.57
797	0.0860252	-8252.47
798	0.0860252	-8275.92
799	0.0860252	-8275.59
800	0.0860252	-8224.57
801	0.0860252	-8308.43
802	0.0860252	-8270.5
803	0.0860252	-8316.05
804	0.0860252	-8301.93
805	0.0860252	-8264.1
806	0.0860252	-8262.74
807	0.0860252	-8222.92
808	0.0860252	-8200.11
809	0.0860252	-8176.29
810	0.0860252	-8188.52
811	0.0860252	-8178.75
812	0.0860252	-8289.26
813	0.0860252	-8242.53
814	0.0860252	-8240.88
815	0.0860252	-8224.24
816	0.0860252	-8288.71
817	0.0860252	-8282.51
818	0.0860252	-8212.3
819	0.0860252	-8322.13
820	0.0860252	-8264.79
821	0.0860252	-8333.08
822	0.0860252	-8284.91
823	0.0860252	-8237.39
824	0.0860252	-8220.31
825	0.0860252	-8193.3
826	0.0860252	-8265.15
827	0.0860252	-8347.4
828	0.0860252	-8268.86
829	0.0860252	-8190.12
830	0.0860252	-8228.2
831	0.0860252	-8359.24
832	0.0860252	-8272.84
833	0.0860252	-8291.19
834	0.0860252	-8262.81
835	0.0860252	-8188.07
836	0.0860252	-8221.37
837	0.0860252	-8279.57
838	0.0860252	-8226.23
839	0.0860252	-8239.58
840	0.0860252	-8267.78
841	0.0860252	-8328.53
842	0.0860252	-8322.56
843	0.0860252	-8241.28
844	0.0860252	-8267.58
845	0.0860252	-8287.15
846	0.0860252	-8261.18
847	0.0860252	-8188.59
848	0.0860252	-8242.71
849	0.0860252	-8315.22
850	0.0860252	-8289.12
851	0.0860252	-8212.33
852	0.0860252	-8220.29
853	0.0860252	-8265.25
854	0.0860252	-8285.89
855	0.0860252	-8234.63
856	0.0860252	-8320.31
857	0.0860252	-8322.66
858	0.0860252	-8300.72
859	0.0860252	-8395.65
860	0.0860252	-8348.49
861	0.0860252	-8228.23
862	0.0860252	-8290.62
863	0.0860252	-8271.12
864	0.0860252	-8302.56
865	0.0860252	-8329.22
866	0.0860252	-8325.22
867	0.0860252	-8286.33
868	0.0860252	-8235.56
869	0.0860252	-8201.35
870	0.0860252	-8280.9
871	0.0860252	-8380
872	0.0860252	-8247.25
873	0.0860252	-8295.18
874	0.0860252	-8295.02
875	0.0860252	-8289.4
876	0.0860252	-8350.68
877	0.0860252	-8312.53
878	0.0860252	-8343.83
879	0.0860252	-8293.13
880	0.0860252	-8311.71
881	0.0860252	-8274.99
882	0.0860252	-8286.36
883	0.0860252	-8260.52
884	0.0860252	-8273.02
885	0.0860252	-8269.75
886	0.0860252	-8291.24
887	0.0860252	-8311.17
888	0.0860252	-8272.06
889	0.0860252	-8220.71
890	0.0860252	-8206.28
891	0.0860252	-8210.18
892	0.0860252	-8199.1
893	0.0860252	-8291.05
894	0.0860252	-8235.07
895	0.0860252	-8244.29
896	0.0860252	-8240.99
897	0.0860252	-8235.31
898	0.0860252	-8249.53
899	0.0860252	-8246.8
900	0.0860252	-8246.06
901	0.0860252	-8281.17
902	0.0860252	-8262
903	0.0860252	-8226.47
904	0.0860252	-8264.9
905	0.0860252	-8292.17
906	0.0860252	-8272.78
907	0.0860252	-8331.06
908	0.0860252	-8329.07
909	0.0860252	-8329.87
910	0.0860252	-8342.6
911	0.0860252	-8295.52
912	0.0860252	-8222.8
913	0.0860252	-8265.72
914	0.0860252	-8190.7
915	0.0860252	-8222.1
916	0.0860252	-8273.01
917	0.0860252	-8267.87
918	0.0860252	-8230.03
919	0.0860252	-8279.06
920	0.0860252	-8312.54
921	0.0860252	-8258.93
922	0.0860252	-8268.38
923	0.0860252	-8285.18
924	0.0860252	-8247.27
925	0.0860252	-8223.22
926	0.0860252	-8234.95
927	0.0860252	-8271.2
928	0.0860252	-8319
929	0.0860252	-8290.92
930	0.0860252	-8249.98
931	0.0860252	-8277.82
932	0.0860252	-8236.13
933	0.0860252	-8276.66
934	0.0860252	-8270.24
935	0.0860252	-8236.15
936	0.0860252	-8194.3
937	0.0860252	-8278.47
938	0.0860252	-8286.12
939	0.0860252	-8178.89
940	0.0860252	-8236.18
941	0.0860252	-8276.06
942	0.0860252	-8273.34
943	0.0860252	-8245.06
944	0.0860252	-8234.47
945	0.0860252	-8200.62
946	0.0860252	-8311
947	0.0860252	-8245.14
948	0.0860252	-8228.88
949	0.0860252	-8251.03
950	0.0860252	-8238.86
951	0.0860252	-8264.52
952	0.0860252	-8244.2
953	0.0860252	-8245.58
954	0.0860252	-8274.08
955	0.0860252	-8224.75
956	0.0860252	-8309.19
957	0.0860252	-8208.71
958	0.0860252	-8274.39
959	0.0860252	-8320.66
960	0.0860252	-8179.11
961	0.0860252	-8198.78
962	0.0860252	-8253.26
963	0.0860252	-8343.94
964	0.0860252	-8304.21
965	0.0860252	-8287.57
966	0.0860252	-8310.71
967	0.0860252	-8334.84
968	0.0860252	-8311.52
969	0.0860252	-8279.93
970	0.0860252	-8241.26
971	0.0860252	-8367.5
972	0.0860252	-8336.99
973	0.0860252	-8257.39
974	0.0860252	-8348.15
975	0.0860252	-8371.81
976	0.0860252	-8299.92
977	0.0860252	-8279.14
978	0.0860252	-8289.2
979	0.0860252	-8251.43
980	0.0860252	-8321.61
981	0.0860252	-8258.93
982	0.0860252	-8248.43
983	0.0860252	-8255.56
984	0.0860252	-8305.04
985	0.0860252	-8297.45
986	0.0860252	-8331.09
987	0.0860252	-8304.69
988	0.0860252	-8228.37
989	0.0860252	-8267.11
990	0.0860252	-8259.96
991	0.0860252	-8304.11
992	0.0860252	-8291.16
993	0.0860252	-8286.37
994	0.0860252	-8281.36
995	0.0860252	-8289.72
996	0.0860252	-8174.97
997	0.0860252	-8205.6
998	0.0860252	-8241.99
999	0.0860252	-8219.57
1000	0.0860252	-8243.54
251	0.0726122	-8363.63
252	0.0726122	-8210.8
253	0.0726122	-8264.58
254	0.0726122	-8296.75
255	0.0726122	-8314.1
256	0.0726122	-8396.37
257	0.0726122	-8289.69
258	0.0726122	-8289.57
259	0.0726122	-8292.28
260	0.0726122	-8258.89
261	0.0726122	-8197.44
262	0.0726122	-8261.19
263	0.0726122	-8303.42
264	0.0726122	-8236.19
265	0.0726122	-8314.85
266	0.0726122	-8311.99
267	0.0726122	-8361.51
268	0.0726122	-8319.7
269	0.0726122	-8349.17
270	0.0726122	-8370.58
271	0.0726122	-8348.87
272	0.0726122	-8428.01
273	0.0726122	-8454.31
274	0.0726122	-8409.45
275	0.0726122	-8323.27
276	0.0726122	-8293.6
277	0.0726122	-8326.61
278	0.0726122	-8315.24
279	0.0726122	-8238.35
280	0.0726122	-8229.08
281	0.0726122	-8280.03
282	0.0726122	-8387.83
283	0.0726122	-8299.18
284	0.0726122	-8408.9
285	0.0726122	-8311.74
286	0.0726122	-8290.19
287	0.0726122	-8280.3
288	0.0726122	-8313.04
289	0.0726122	-8308.57
290	0.0726122	-8344.75
291	0.0726122	-8318.81
292	0.0726122	-8330.66
293	0.0726122	-8287.84
294	0.0726122	-8284.48
295	0.0726122	-8277.91
296	0.0726122	-8245.4
297	0.0726122	-8330.63
298	0.0726122	-8357.07
299	0.0726122	-8272.81
300	0.0726122	-8352.58
301	0.0726122	-8272.44
302	0.0726122	-8264.17
303	0.0726122	-8306.78
304	0.0726122	-8259.39
305	0.0726122	-8233.06
306	0.0726122	-8196.03
307	0.0726122	-8264.83
308	0.0726122	-8372.74
309	0.0726122	-8318.78
310	0.0726122	-8351.07
311	0.0726122	-8324.48
312	0.0726122	-8389.08
313	0.0726122	-8392.28
314	0.0726122	-8293.7
315	0.0726122	-8286.42
316	0.0726122	-8310.07
317	0.0726122	-8252.6
318	0.0726122	-8353.2
319	0.0726122	-8448.96
320	0.0726122	-8549.44
321	0.0726122	-8501.67
322	0.0726122	-8311.57
323	0.0726122	-8336.47
324	0.0726122	-8333.4
325	0.0726122	-8301.54
326	0.0726122	-8246.7
327	0.0726122	-8255.43
328	0.0726122	-8257.17
329	0.0726122	-8271.27
330	0.0726122	-8266.21
331	0.0726122	-8303.51
332	0.0726122	-8270.62
333	0.0726122	-8275.89
334	0.0726122	-8240.11
335	0.0726122	-8344.97
336	0.0726122	-8278.86
337	0.0726122	-8317.09
338	0.0726122	-8223.44
339	0.0726122	-8339.14
340	0.0726122	-8320.47
341	0.0726122	-8344.7
342	0.0726122	-8378.57
343	0.0726122	-8299.01
344	0.0726122	-8275.86
345	0.0726122	-8275.69
346	0.0726122	-8312.55
347	0.0726122	-8323.31
348	0.0726122	-8326.55
349	0.0726122	-8275.93
350	0.0726122	-8328.44
351	0.0726122	-8400.72
352	0.0726122	-8313.11
353	0.0726122	-8302.97
354	0.0726122	-8244.06
355	0.0726122	-8205.57
356	0.0726122	-8279.93
357	0.0726122	-8297.61
358	0.0726122	-8236.04
359	0.0726122	-8230.43
360	0.0726122	-8184.24
361	0.0726122	-8231.5
362	0.0726122	-8284.66
363	0.0726122	-8283.54
364	0.0726122	-8252.59
365	0.0726122	-8300.7
366	0.0726122	-8239.8
367	0.0726122	-8256.77
368	0.0726122	-8248.27
369	0.0726122	-8236.95
370	0.0726122	-8235.74
371	0.0726122	-8223.94
372	0.0726122	-8241.92
373	0.0726122	-8280.34
374	0.0726122	-8302.88
375	0.0726122	-8241.46
376	0.0726122	-8299.08
377	0.0726122	-8345.58
378	0.0726122	-8296.05
379	0.0726122	-8315.67
380	0.0726122	-8283.71
381	0.0726122	-8285.92
382	0.0726122	-8405.71
383	0.0726122	-8468.03
384	0.0726122	-8376.04
385	0.0726122	-8339.75
386	0.0726122	-8292.3
387	0.0726122	-8268.6
388	0.0726122	-8212.84
389	0.0726122	-8319.6
390	0.0726122	-8302.61
391	0.0726122	-8309.68
392	0.0726122	-8284.73
393	0.0726122	-8275.91
394	0.0726122	-8279.44
395	0.0726122	-8278.15
396	0.0726122	-8189.58
397	0.0726122	-8271.04
398	0.0726122	-8285.21
399	0.0726122	-8268.86
400	0.0726122	-8309.6
401	0.0726122	-8221.87
402	0.0726122	-8233.56
403	0.0726122	-8310.03
404	0.0726122	-8262.83
405	0.0726122	-8266.16
406	0.0726122	-8275.66
407	0.0726122	-8363.43
408	0.0726122	-8370.17
409	0.0726122	-8355.41
410	0.0726122	-8291.34
411	0.0726122	-8286.97
412	0.0726122	-8317.22
413	0.0726122	-8278.44
414	0.0726122	-8322.91
415	0.0726122	-8339.18
416	0.0726122	-8312.93
417	0.0726122	-8341.49
418	0.0726122	-8304.06
419	0.0726122	-8322.14
420	0.0726122	-8273.58
421	0.0726122	-8338.24
422	0.0726122	-8245.53
423	0.0726122	-8299.76
424	0.0726122	-8267.81
425	0.0726122	-8224.97
426	0.0726122	-8230.38
427	0.0726122	-8173.41
428	0.0726122	-8232.07
429	0.0726122	-8232
430	0.0726122	-8200.96
431	0.0726122	-8224.63
432	0.0726122	-8201.21
433	0.0726122	-8202.37
434	0.0726122	-8273.2
435	0.0726122	-8262.39
436	0.0726122	-8222.2
437	0.0726122	-8246.32
438	0.0726122	-8334.51
439	0.0726122	-8245.67
440	0.0726122	-8238.53
441	0.0726122	-8293.93
442	0.0726122	-8342.25
443	0.0726122	-8387.9
444	0.0726122	-8334.59
445	0.0726122	-8378.94
446	0.0726122	-8291.03
447	0.0726122	-8337.02
448	0.0726122	-8307.57
449	0.0726122	-8221.68
450	0.0726122	-8273.47
451	0.0726122	-8299.39
452	0.0726122	-8322.67
453	0.0726122	-8306.47
454	0.0726122	-8332.85
455	0.0726122	-8321.99
456	0.0726122	-8286.39
457	0.0726122	-8301.83
458	0.0726122	-8261
459	0.0726122	-8240.34
460	0.0726122	-8233.6
461	0.0726122	-8291.95
462	0.0726122	-8241.81
463	0.0726122	-8289.14
464	0.0726122	-8286.19
465	0.0726122	-8345.26
466	0.0726122	-8289.57
467	0.0726122	-8317.75
468	0.0726122	-8311.56
469	0.0726122	-8327.04
470	0.0726122	-8264.78
471	0.0726122	-8346.31
472	0.0726122	-8314.96
473	0.0726122	-8352.46
474	0.0726122	-8465.43
475	0.0726122	-8300.39
476	0.0726122	-8290.39
477	0.0726122	-8387.57
478	0.0726122	-8313.23
479	0.0726122	-8412.54
480	0.0726122	-8393.17
481	0.0726122	-8341.22
482	0.0726122	-8347.47
483	0.0726122	-8376.89
484	0.0726122	-8298.64
485	0.0726122	-8252.91
486	0.0726122	-8247.69
487	0.0726122	-8311.26
488	0.0726122	-8271.27
489	0.0726122	-8239.91
490	0.0726122	-8288.85
491	0.0726122	-8242.68
492	0.0726122	-8317.51
493	0.0726122	-8377.35
494	0.0726122	-8419.48
495	0.0726122	-8313.02
496	0.0726122	-8362.22
497	0.0726122	-8418.48
498	0.0726122	-8333.04
499	0.0726122	-8302.6
500	0.0726122	-8404.69
501	0.0726122	-8289.86
502	0.0726122	-8250.57
503	0.0726122	-8285.56
504	0.0726122	-8310.54
505	0.0726122	-8342.25
506	0.0726122	-8315.96
507	0.0726122	-8263.95
508	0.0726122	-8250.94
509	0.0726122	-8323.84
510	0.0726122	-8318.69
511	0.0726122	-8298.36
512	0.0726122	-8299.12
513	0.0726122	-8277.38
514	0.0726122	-8328.21
515	0.0726122	-8315.77
516	0.0726122	-8335.88
517	0.0726122	-8309.4
518	0.0726122	-8224.83
519	0.0726122	-8348.81
520	0.0726122	-8376.45
521	0.0726122	-8325.7
522	0.0726122	-8242.77
523	0.0726122	-8205.27
524	0.0726122	-8246.92
525	0.0726122	-8188.66
526	0.0726122	-8280.56
527	0.0726122	-8225.15
528	0.0726122	-8238.72
529	0.0726122	-8340.88
530	0.0726122	-8256.53
531	0.0726122	-8261.02
532	0.0726122	-8254.04
533	0.0726122	-8287.33
534	0.0726122	-8390.34
535	0.0726122	-8305.42
536	0.0726122	-8357.34
537	0.0726122	-8285.55
538	0.0726122	-8372.43
539	0.0726122	-8293.41
540	0.0726122	-8296.79
541	0.0726122	-8375.04
542	0.0726122	-8326.17
543	0.0726122	-8307.34
544	0.0726122	-8274.86
545	0.0726122	-8248.36
546	0.0726122	-8290.53
547	0.0726122	-8247.32
548	0.0726122	-8337.39
549	0.0726122	-8392.59
550	0.0726122	-8342.16
551	0.0726122	-8276.36
552	0.0726122	-8333.82
553	0.0726122	-8319
554	0.0726122	-8446.28
555	0.0726122	-8413.06
556	0.0726122	-8412.56
557	0.0726122	-8425.04
558	0.0726122	-8369.52
559	0.0726122	-8335.36
560	0.0726122	-8367.65
561	0.0726122	-8451.09
562	0.0726122	-8366.54
563	0.0726122	-8334.74
564	0.0726122	-8349.67
565	0.0726122	-8372.86
566	0.0726122	-8380.31
567	0.0726122	-8369.62
568	0.0726122	-8467.16
569	0.0726122	-8425.81
570	0.0726122	-8476.89
571	0.0726122	-8424.49
572	0.0726122	-8282.93
573	0.0726122	-8213.24
574	0.0726122	-8210.24
575	0.0726122	-8165.64
576	0.0726122	-8221.89
577	0.0726122	-8282.29
578	0.0726122	-8329.95
579	0.0726122	-8341.44
580	0.0726122	-8305.15
581	0.0726122	-8260.33
582	0.0726122	-8299.04
583	0.0726122	-8247.06
584	0.0726122	-8310.32
585	0.0726122	-8253.66
586	0.0726122	-8307.65
587	0.0726122	-8332.11
588	0.0726122	-8387.17
589	0.0726122	-8371.72
590	0.0726122	-8366.93
591	0.0726122	-8342.92
592	0.0726122	-8304.13
593	0.0726122	-8296.64
594	0.0726122	-8358.17
595	0.0726122	-8339.73
596	0.0726122	-8303.3
597	0.0726122	-8244.32
598	0.0726122	-8268.05
599	0.0726122	-8363.53
600	0.0726122	-8322.33
601	0.0726122	-8292.07
602	0.0726122	-8276.37
603	0.0726122	-8274.75
604	0.0726122	-8226.32
605	0.0726122	-8215.35
606	0.0726122	-8257.87
607	0.0726122	-8341.36
608	0.0726122	-8405.57
609	0.0726122	-8279.57
610	0.0726122	-8330.04
611	0.0726122	-8379.79
612	0.0726122	-8433.76
613	0.0726122	-8458.52
614	0.0726122	-8344.86
615	0.0726122	-8343.68
616	0.0726122	-8377
617	0.0726122	-8304.86
618	0.0726122	-8306.75
619	0.0726122	-8410.67
620	0.0726122	-8372.32
621	0.0726122	-8346.09
622	0.0726122	-8289.6
623	0.0726122	-8257.11
624	0.0726122	-8224.53
625	0.0726122	-8213.43
626	0.0726122	-8286.59
627	0.0726122	-8357.83
628	0.0726122	-8474.04
629	0.0726122	-8358.97
630	0.0726122	-8338.49
631	0.0726122	-8303.45
632	0.0726122	-8222.51
633	0.0726122	-8325.67
634	0.0726122	-8349.96
635	0.0726122	-8385.38
636	0.0726122	-8330.5
637	0.0726122	-8394.99
638	0.0726122	-8340.85
639	0.0726122	-8333.41
640	0.0726122	-8326.37
641	0.0726122	-8275.29
642	0.0726122	-8316.03
643	0.0726122	-8361.91
644	0.0726122	-8382.33
645	0.0726122	-8378.41
646	0.0726122	-8380.64
647	0.0726122	-8461.34
648	0.0726122	-8504.45
649	0.0726122	-8501.93
650	0.0726122	-8446.97
651	0.0726122	-8351.35
652	0.0726122	-8310.51
653	0.0726122	-8349.67
654	0.0726122	-8389.77
655	0.0726122	-8324.47
656	0.0726122	-8349.8
657	0.0726122	-8307.31
658	0.0726122	-8372.84
659	0.0726122	-8292.43
660	0.0726122	-8280.08
661	0.0726122	-8243.47
662	0.0726122	-8222.6
663	0.0726122	-8254.23
664	0.0726122	-8218.79
665	0.0726122	-8287.65
666	0.0726122	-8378.86
667	0.0726122	-8488.91
668	0.0726122	-8379.8
669	0.0726122	-8340.11
670	0.0726122	-8275.61
671	0.0726122	-8299.23
672	0.0726122	-8311.45
673	0.0726122	-8352.5
674	0.0726122	-8334.55
675	0.0726122	-8323.37
676	0.0726122	-8302.28
677	0.0726122	-8284.33
678	0.0726122	-8269.97
679	0.0726122	-8284.91
680	0.0726122	-8289.07
681	0.0726122	-8334.33
682	0.0726122	-8338.36
683	0.0726122	-8262.51
684	0.0726122	-8304.87
685	0.0726122	-8297.14
686	0.0726122	-8259.25
687	0.0726122	-8246.31
688	0.0726122	-8288.49
689	0.0726122	-8316.22
690	0.0726122	-8283.97
691	0.0726122	-8304.4
692	0.0726122	-8248.72
693	0.0726122	-8223.97
694	0.0726122	-8288.47
695	0.0726122	-8230.27
696	0.0726122	-8313.5
697	0.0726122	-8352.15
698	0.0726122	-8271.38
699	0.0726122	-8311.14
700	0.0726122	-8275.17
701	0.0726122	-8304.6
702	0.0726122	-8211.71
703	0.0726122	-8221.61
704	0.0726122	-8234.18
705	0.0726122	-8277.25
706	0.0726122	-8319.09
707	0.0726122	-8358.71
708	0.0726122	-8300.57
709	0.0726122	-8415.29
710	0.0726122	-8451.73
711	0.0726122	-8360.95
712	0.0726122	-8354.42
713	0.0726122	-8249.35
714	0.0726122	-8258.25
715	0.0726122	-8318.16
716	0.0726122	-8193.21
717	0.0726122	-8255.19
718	0.0726122	-8273.28
719	0.0726122	-8203.63
720	0.0726122	-8255.12
721	0.0726122	-8334.63
722	0.0726122	-8302.3
723	0.0726122	-8272.51
724	0.0726122	-8308.84
725	0.0726122	-8286.82
726	0.0726122	-8192.65
727	0.0726122	-8253.94
728	0.0726122	-8229.05
729	0.0726122	-8385.19
730	0.0726122	-8286.04
731	0.0726122	-8293.12
732	0.0726122	-8266.73
733	0.0726122	-8270.67
734	0.0726122	-8323.9
735	0.0726122	-8274.19
736	0.0726122	-8245.59
737	0.0726122	-8335.41
738	0.0726122	-8325.94
739	0.0726122	-8265.75
740	0.0726122	-8297.04
741	0.0726122	-8274.15
742	0.0726122	-8272.19
743	0.0726122	-8288.61
744	0.0726122	-8404.89
745	0.0726122	-8409.91
746	0.0726122	-8397.64
747	0.0726122	-8360.22
748	0.0726122	-8325.35
749	0.0726122	-8378.53
750	0.0726122	-8383.14
751	0.0726122	-8396.69
752	0.0726122	-8337.24
753	0.0726122	-8337.54
754	0.0726122	-8253.79
755	0.0726122	-8334.18
756	0.0726122	-8311.66
757	0.0726122	-8224.2
758	0.0726122	-8253.53
759	0.0726122	-8296.26
760	0.0726122	-8339.85
761	0.0726122	-8307.24
762	0.0726122	-8273.32
763	0.0726122	-8321.64
764	0.0726122	-8326.54
765	0.0726122	-8247.1
766	0.0726122	-8320.08
767	0.0726122	-8272.5
768	0.0726122	-8252.38
769	0.0726122	-8272.73
770	0.0726122	-8282.45
771	0.0726122	-8361.58
772	0.0726122	-8246.83
773	0.0726122	-8281.14
774	0.0726122	-8279.22
775	0.0726122	-8450.92
776	0.0726122	-8306.24
777	0.0726122	-8250.51
778	0.0726122	-8257.71
779	0.0726122	-8261.5
780	0.0726122	-8297.71
781	0.0726122	-8255.19
782	0.0726122	-8262.48
783	0.0726122	-8262.23
784	0.0726122	-8308.74
785	0.0726122	-8257.83
786	0.0726122	-8207.33
787	0.0726122	-8231.79
788	0.0726122	-8172.07
789	0.0726122	-8219.54
790	0.0726122	-8296.62
791	0.0726122	-8221.94
792	0.0726122	-8215.19
793	0.0726122	-8221.14
794	0.0726122	-8258.14
795	0.0726122	-8386.3
796	0.0726122	-8410.16
797	0.0726122	-8298.19
798	0.0726122	-8324.03
799	0.0726122	-8373.42
800	0.0726122	-8284.38
801	0.0726122	-8286.03
802	0.0726122	-8324.28
803	0.0726122	-8296.41
804	0.0726122	-8278.02
805	0.0726122	-8273.33
806	0.0726122	-8262.19
807	0.0726122	-8221.93
808	0.0726122	-8202.34
809	0.0726122	-8281.15
810	0.0726122	-8346.86
811	0.0726122	-8293.62
812	0.0726122	-8304.35
813	0.0726122	-8299.74
814	0.0726122	-8282.4
815	0.0726122	-8261.71
816	0.0726122	-8259.74
817	0.0726122	-8360.09
818	0.0726122	-8392.5
819	0.0726122	-8359.65
820	0.0726122	-8259.61
821	0.0726122	-8223.54
822	0.0726122	-8355.12
823	0.0726122	-8381.82
824	0.0726122	-8275.22
825	0.0726122	-8247.77
826	0.0726122	-8327.62
827	0.0726122	-8267.47
828	0.0726122	-8320.49
829	0.0726122	-8236.32
830	0.0726122	-8295.31
831	0.0726122	-8252.77
832	0.0726122	-8269.78
833	0.0726122	-8291.22
834	0.0726122	-8235.44
835	0.0726122	-8249.22
836	0.0726122	-8295.33
837	0.0726122	-8310.6
838	0.0726122	-8263.32
839	0.0726122	-8349.93
840	0.0726122	-8219.6
841	0.0726122	-8346.78
842	0.0726122	-8312.55
843	0.0726122	-8307.57
844	0.0726122	-8281.01
845	0.0726122	-8280.3
846	0.0726122	-8216.21
847	0.0726122	-8353.02
848	0.0726122	-8276.85
849	0.0726122	-8275.12
850	0.0726122	-8284.07
851	0.0726122	-8250.76
852	0.0726122	-8217.92
853	0.0726122	-8266.19
854	0.0726122	-8223.22
855	0.0726122	-8286.28
856	0.0726122	-8270.53
857	0.0726122	-8333.91
858	0.0726122	-8263.5
859	0.0726122	-8322.25
860	0.0726122	-8337.21
861	0.0726122	-8294.35
862	0.0726122	-8237.44
863	0.0726122	-8245.81
864	0.0726122	-8304.53
865	0.0726122	-8293.87
866	0.0726122	-8214.97
867	0.0726122	-8268.39
868	0.0726122	-8312.07
869	0.0726122	-8275.4
870	0.0726122	-8335.86
871	0.0726122	-8364.2
872	0.0726122	-8391.6
873	0.0726122	-8312.43
874	0.0726122	-8331.1
875	0.0726122	-8265.59
876	0.0726122	-8291.32
877	0.0726122	-8258.56
878	0.0726122	-8341.04
879	0.0726122	-8265.5
880	0.0726122	-8280.1
881	0.0726122	-8257.79
882	0.0726122	-8228.29
883	0.0726122	-8292.65
884	0.0726122	-8346
885	0.0726122	-8272.11
886	0.0726122	-8263.27
887	0.0726122	-8260.49
888	0.0726122	-8272.42
889	0.0726122	-8314.39
890	0.0726122	-8269.61
891	0.0726122	-8268.43
892	0.0726122	-8359.01
893	0.0726122	-8274.09
894	0.0726122	-8345.88
895	0.0726122	-8328.92
896	0.0726122	-8392.42
897	0.0726122	-8313.37
898	0.0726122	-8245.59
899	0.0726122	-8314.43
900	0.0726122	-8243.08
901	0.0726122	-8211.34
902	0.0726122	-8248.95
903	0.0726122	-8271.73
904	0.0726122	-8332.9
905	0.0726122	-8237.49
906	0.0726122	-8323.44
907	0.0726122	-8229.28
908	0.0726122	-8264.79
909	0.0726122	-8301.27
910	0.0726122	-8276.4
911	0.0726122	-8434.81
912	0.0726122	-8428.44
913	0.0726122	-8371.31
914	0.0726122	-8328.03
915	0.0726122	-8272.93
916	0.0726122	-8362.68
917	0.0726122	-8323.73
918	0.0726122	-8339.77
919	0.0726122	-8369.43
920	0.0726122	-8288.48
921	0.0726122	-8339.03
922	0.0726122	-8326.26
923	0.0726122	-8336.38
924	0.0726122	-8375.11
925	0.0726122	-8396.61
926	0.0726122	-8351.12
927	0.0726122	-8327.54
928	0.0726122	-8297.98
929	0.0726122	-8299.01
930	0.0726122	-8391.72
931	0.0726122	-8329.59
932	0.0726122	-8335.89
933	0.0726122	-8385.84
934	0.0726122	-8352.87
935	0.0726122	-8308.47
936	0.0726122	-8434.08
937	0.0726122	-8382.79
938	0.0726122	-8363.82
939	0.0726122	-8398.46
940	0.0726122	-8408.4
941	0.0726122	-8318.78
942	0.0726122	-8358.15
943	0.0726122	-8274.55
944	0.0726122	-8238.48
945	0.0726122	-8274.81
946	0.0726122	-8324.71
947	0.0726122	-8326.33
948	0.0726122	-8348.71
949	0.0726122	-8346.41
950	0.0726122	-8268.51
951	0.0726122	-8233.29
952	0.0726122	-8212.18
953	0.0726122	-8285.87
954	0.0726122	-8388.58
955	0.0726122	-8281.58
956	0.0726122	-8243.07
957	0.0726122	-8382.23
958	0.0726122	-8338.57
959	0.0726122	-8259.33
960	0.0726122	-8249.02
961	0.0726122	-8299.07
962	0.0726122	-8223.73
963	0.0726122	-8274.38
964	0.0726122	-8279.72
965	0.0726122	-8275.26
966	0.0726122	-8265.75
967	0.0726122	-8302.92
968	0.0726122	-8305.27
969	0.0726122	-8235.72
970	0.0726122	-8289.55
971	0.0726122	-8346.2
972	0.0726122	-8267
973	0.0726122	-8227.01
974	0.0726122	-8244.54
975	0.0726122	-8283.61
976	0.0726122	-8267.88
977	0.0726122	-8201.64
978	0.0726122	-8208.32
979	0.0726122	-8209.57
980	0.0726122	-8263.65
981	0.0726122	-8302.38
982	0.0726122	-8309.41
983	0.0726122	-8335.31
984	0.0726122	-8407.81
985	0.0726122	-8317.48
986	0.0726122	-8323.31
987	0.0726122	-8253.35
988	0.0726122	-8293.45
989	0.0726122	-8241.09
990	0.0726122	-8270.41
991	0.0726122	-8291.3
992	0.0726122	-8406.73
993	0.0726122	-8516.39
994	0.0726122	-8293.52
995	0.0726122	-8323.54
996	0.0726122	-8327.94
997	0.0726122	-8286.56
998	0.0726122	-8249.95
999	0.0726122	-8371.88
1000	0.0726122	-8305.26
251	0.060927	-8325.89
252	0.060927	-8398.14
253	0.060927	-8359.89
254	0.060927	-8301.72
255	0.060927	-8316.38
256	0.060927	-8362.9
257	0.060927	-8391.95
258	0.060927	-8395.22
259	0.060927	-8388.39
260	0.060927	-8323.34
261	0.060927	-8334.59
262	0.060927	-8318.8
263	0.060927	-8342.05
264	0.060927	-8439.64
265	0.060927	-8413.75
266	0.060927	-8447.35
267	0.060927	-8365.53
268	0.060927	-8312.85
269	0.060927	-8355.63
270	0.060927	-8341.29
271	0.060927	-8345.85
272	0.060927	-8270.75
273	0.060927	-8321
274	0.060927	-8326.52
275	0.060927	-8285.71
276	0.060927	-8361.22
277	0.060927	-8450.02
278	0.060927	-8375.1
279	0.060927	-8406.27
280	0.060927	-8319.23
281	0.060927	-8261.06
282	0.060927	-8351.5
283	0.060927	-8358.67
284	0.060927	-8327.82
285	0.060927	-8328.76
286	0.060927	-8372.42
287	0.060927	-8347.19
288	0.060927	-8271.69
289	0.060927	-8339.35
290	0.060927	-8363.56
291	0.060927	-8300.98
292	0.060927	-8429.33
293	0.060927	-8319.2
294	0.060927	-8334.92
295	0.060927	-8324.44
296	0.060927	-8325.09
297	0.060927	-8418.04
298	0.060927	-8365.34
299	0.060927	-8439.59
300	0.060927	-8399.74
301	0.060927	-8331.2
302	0.060927	-8311.74
303	0.060927	-8404.17
304	0.060927	-8303.96
305	0.060927	-8414.48
306	0.060927	-8341.56
307	0.060927	-8282.63
308	0.060927	-8289.73
309	0.060927	-8374.32
310	0.060927	-8262.9
311	0.060927	-8346.29
312	0.060927	-8316.66
313	0.060927	-8349.16
314	0.060927	-8399.92
315	0.060927	-8245.18
316	0.060927	-8326.09
317	0.060927	-8301.84
318	0.060927	-8288.94
319	0.060927	-8282.27
320	0.060927	-8276.83
321	0.060927	-8279.51
322	0.060927	-8309.32
323	0.060927	-8280.63
324	0.060927	-8313.65
325	0.060927	-8364.42
326	0.060927	-8371.91
327	0.060927	-8412.72
328	0.060927	-8397.84
329	0.060927	-8630.31
330	0.060927	-8444.61
331	0.060927	-8465.12
332	0.060927	-8410.5
333	0.060927	-8497.29
334	0.060927	-8474.92
335	0.060927	-8384.47
336	0.060927	-8391.09
337	0.060927	-8461.38
338	0.060927	-8520.29
339	0.060927	-8431.88
340	0.060927	-8488.68
341	0.060927	-8497.67
342	0.060927	-8423.86
343	0.060927	-8444.7
344	0.060927	-8427.03
345	0.060927	-8334.43
346	0.060927	-8357.18
347	0.060927	-8398.33
348	0.060927	-8336.8
349	0.060927	-8423.59
350	0.060927	-8429.57
351	0.060927	-8418.8
352	0.060927	-8465.68
353	0.060927	-8384.92
354	0.060927	-8353.47
355	0.060927	-8390.7
356	0.060927	-8333.97
357	0.060927	-8308.94
358	0.060927	-8268.23
359	0.060927	-8285.7
360	0.060927	-8323.7
361	0.060927	-8227.5
362	0.060927	-8268.52
363	0.060927	-8390.54
364	0.060927	-8451.6
365	0.060927	-8287.9
366	0.060927	-8399.22
367	0.060927	-8414.2
368	0.060927	-8376.52
369	0.060927	-8377.26
370	0.060927	-8391.09
371	0.060927	-8279.58
372	0.060927	-8240.64
373	0.060927	-8287.73
374	0.060927	-8302.32
375	0.060927	-8334.86
376	0.060927	-8402.75
377	0.060927	-8363.66
378	0.060927	-8428.62
379	0.060927	-8359.61
380	0.060927	-8393.03
381	0.060927	-8330.04
382	0.060927	-8285.77
383	0.060927	-8335.95
384	0.060927	-8321.82
385	0.060927	-8363.6
386	0.060927	-8367.7
387	0.060927	-8281.15
388	0.060927	-8379.29
389	0.060927	-8347.53
390	0.060927	-8316.84
391	0.060927	-8302.21
392	0.060927	-8313.24
393	0.060927	-8320.82
394	0.060927	-8328.16
395	0.060927	-8328.86
396	0.060927	-8354.23
397	0.060927	-8258.6
398	0.060927	-8223.79
399	0.060927	-8246.84
400	0.060927	-8298.44
401	0.060927	-8378.5
402	0.060927	-8282.53
403	0.060927	-8251.23
404	0.060927	-8265.27
405	0.060927	-8423.66
406	0.060927	-8381.32
407	0.060927	-8353.95
408	0.060927	-8302.92
409	0.060927	-8266.87
410	0.060927	-8236
411	0.060927	-8201.58
412	0.060927	-8241.85
413	0.060927	-8202.28
414	0.060927	-8308.68
415	0.060927	-8255.35
416	0.060927	-8289.36
417	0.060927	-8336.54
418	0.060927	-8292.86
419	0.060927	-8410.88
420	0.060927	-8340.86
421	0.060927	-8296.67
422	0.060927	-8321.17
423	0.060927	-8326.26
424	0.060927	-8396.95
425	0.060927	-8440.45
426	0.060927	-8388.42
427	0.060927	-8329.79
428	0.060927	-8281
429	0.060927	-8301.05
430	0.060927	-8347.29
431	0.060927	-8480.73
432	0.060927	-8387.92
433	0.060927	-8330.42
434	0.060927	-8249.72
435	0.060927	-8336.38
436	0.060927	-8338.95
437	0.060927	-8381.6
438	0.060927	-8373.86
439	0.060927	-8317.66
440	0.060927	-8325.74
441	0.060927	-8365.47
442	0.060927	-8437.84
443	0.060927	-8389.93
444	0.060927	-8394.18
445	0.060927	-8223.58
446	0.060927	-8220.32
447	0.060927	-8322.85
448	0.060927	-8354.9
449	0.060927	-8367.83
450	0.060927	-8400.7
451	0.060927	-8415.13
452	0.060927	-8443.66
453	0.060927	-8523.52
454	0.060927	-8357.76
455	0.060927	-8473.35
456	0.060927	-8386.4
457	0.060927	-8248.33
458	0.060927	-8280.18
459	0.060927	-8221.26
460	0.060927	-8256.02
461	0.060927	-8448
462	0.060927	-8383.29
463	0.060927	-8429.91
464	0.060927	-8372.68
465	0.060927	-8348.87
466	0.060927	-8281.84
467	0.060927	-8261.85
468	0.060927	-8256.67
469	0.060927	-8317.88
470	0.060927	-8232.83
471	0.060927	-8231.96
472	0.060927	-8280.39
473	0.060927	-8243.88
474	0.060927	-8239.85
475	0.060927	-8294.46
476	0.060927	-8260.01
477	0.060927	-8243.78
478	0.060927	-8262.54
479	0.060927	-8256.8
480	0.060927	-8372.44
481	0.060927	-8388.76
482	0.060927	-8387.47
483	0.060927	-8328.68
484	0.060927	-8436.21
485	0.060927	-8337.71
486	0.060927	-8266.19
487	0.060927	-8287.76
488	0.060927	-8249.3
489	0.060927	-8261.57
490	0.060927	-8262.76
491	0.060927	-8305.68
492	0.060927	-8224.18
493	0.060927	-8285.9
494	0.060927	-8241.76
495	0.060927	-8352.94
496	0.060927	-8354.11
497	0.060927	-8300.73
498	0.060927	-8289.62
499	0.060927	-8317.42
500	0.060927	-8325.28
501	0.060927	-8405.71
502	0.060927	-8383.88
503	0.060927	-8285.15
504	0.060927	-8410.97
505	0.060927	-8293.37
506	0.060927	-8499.91
507	0.060927	-8466
508	0.060927	-8409.47
509	0.060927	-8413.29
510	0.060927	-8410.93
511	0.060927	-8467.98
512	0.060927	-8370.35
513	0.060927	-8325.68
514	0.060927	-8364.94
515	0.060927	-8371.04
516	0.060927	-8338.78
517	0.060927	-8304.8
518	0.060927	-8420.61
519	0.060927	-8402.88
520	0.060927	-8315.69
521	0.060927	-8345.69
522	0.060927	-8324.01
523	0.060927	-8320.39
524	0.060927	-8329.82
525	0.060927	-8357.08
526	0.060927	-8373.99
527	0.060927	-8465.56
528	0.060927	-8373.6
529	0.060927	-8349.12
530	0.060927	-8331.17
531	0.060927	-8301.54
532	0.060927	-8390.97
533	0.060927	-8444.97
534	0.060927	-8412.93
535	0.060927	-8264.26
536	0.060927	-8360.68
537	0.060927	-8493.73
538	0.060927	-8341.5
539	0.060927	-8302.9
540	0.060927	-8298.3
541	0.060927	-8323.85
542	0.060927	-8376.51
543	0.060927	-8337.11
544	0.060927	-8369.43
545	0.060927	-8316.83
546	0.060927	-8321.65
547	0.060927	-8434.51
548	0.060927	-8316.51
549	0.060927	-8436.53
550	0.060927	-8426.54
551	0.060927	-8484.87
552	0.060927	-8358.24
553	0.060927	-8404.11
554	0.060927	-8450.94
555	0.060927	-8424.35
556	0.060927	-8404.06
557	0.060927	-8507.35
558	0.060927	-8345.68
559	0.060927	-8359.25
560	0.060927	-8372.48
561	0.060927	-8392.39
562	0.060927	-8413.68
563	0.060927	-8452.4
564	0.060927	-8264.05
565	0.060927	-8221.65
566	0.060927	-8373.95
567	0.060927	-8331.9
568	0.060927	-8300.31
569	0.060927	-8259.41
570	0.060927	-8328.5
571	0.060927	-8335.76
572	0.060927	-8472.07
573	0.060927	-8540.32
574	0.060927	-8503.13
575	0.060927	-8484.32
576	0.060927	-8394.82
577	0.060927	-8434.33
578	0.060927	-8327.99
579	0.060927	-8506.59
580	0.060927	-8473.09
581	0.060927	-8357.96
582	0.060927	-8275.28
583	0.060927	-8327.52
584	0.060927	-8411.69
585	0.060927	-8443.21
586	0.060927	-8354.2
587	0.060927	-8437.86
588	0.060927	-8321.42
589	0.060927	-8275.77
590	0.060927	-8249.73
591	0.060927	-8365.15
592	0.060927	-8326.77
593	0.060927	-8262.74
594	0.060927	-8337.14
595	0.060927	-8301.92
596	0.060927	-8375.31
597	0.060927	-8481.05
598	0.060927	-8426.41
599	0.060927	-8413
600	0.060927	-8373.12
601	0.060927	-8425.06
602	0.060927	-8357
603	0.060927	-8380.79
604	0.060927	-8447.33
605	0.060927	-8419.67
606	0.060927	-8486.8
607	0.060927	-8393.62
608	0.060927	-8376.57
609	0.060927	-8422.15
610	0.060927	-8368.86
611	0.060927	-8418.86
612	0.060927	-8377.27
613	0.060927	-8471.18
614	0.060927	-8320.63
615	0.060927	-8426.96
616	0.060927	-8339.41
617	0.060927	-8381.32
618	0.060927	-8335.84
619	0.060927	-8364.69
620	0.060927	-8299.9
621	0.060927	-8312.45
622	0.060927	-8286.05
623	0.060927	-8375.32
624	0.060927	-8408.96
625	0.060927	-8328.15
626	0.060927	-8341.7
627	0.060927	-8581.96
628	0.060927	-8468.17
629	0.060927	-8350.79
630	0.060927	-8293.22
631	0.060927	-8349.68
632	0.060927	-8357.55
633	0.060927	-8369.19
634	0.060927	-8291.03
635	0.060927	-8309.06
636	0.060927	-8310.18
637	0.060927	-8293.34
638	0.060927	-8357.11
639	0.060927	-8313.37
640	0.060927	-8274.54
641	0.060927	-8326.77
642	0.060927	-8366.89
643	0.060927	-8424.68
644	0.060927	-8476.53
645	0.060927	-8381.37
646	0.060927	-8338.07
647	0.060927	-8313.2
648	0.060927	-8432.26
649	0.060927	-8567.74
650	0.060927	-8404.65
651	0.060927	-8405.86
652	0.060927	-8329.13
653	0.060927	-8333.8
654	0.060927	-8335.76
655	0.060927	-8199.73
656	0.060927	-8329.37
657	0.060927	-8340.74
658	0.060927	-8349.52
659	0.060927	-8351.75
660	0.060927	-8266.39
661	0.060927	-8346.87
662	0.060927	-8450.02
663	0.060927	-8414.48
664	0.060927	-8332.26
665	0.060927	-8386.46
666	0.060927	-8389.97
667	0.060927	-8376.41
668	0.060927	-8289.92
669	0.060927	-8296.84
670	0.060927	-8326.38
671	0.060927	-8348.41
672	0.060927	-8371.48
673	0.060927	-8416.32
674	0.060927	-8294.67
675	0.060927	-8330.33
676	0.060927	-8344.95
677	0.060927	-8393.73
678	0.060927	-8344.59
679	0.060927	-8341.37
680	0.060927	-8282.49
681	0.060927	-8303.09
682	0.060927	-8382.76
683	0.060927	-8410.95
684	0.060927	-8341
685	0.060927	-8372
686	0.060927	-8335.24
687	0.060927	-8241.7
688	0.060927	-8320.07
689	0.060927	-8348.01
690	0.060927	-8354.89
691	0.060927	-8323.39
692	0.060927	-8347.36
693	0.060927	-8299.27
694	0.060927	-8277.1
695	0.060927	-8261.01
696	0.060927	-8296.1
697	0.060927	-8307.81
698	0.060927	-8256.08
699	0.060927	-8319.44
700	0.060927	-8330.64
701	0.060927	-8333.04
702	0.060927	-8318.45
703	0.060927	-8330.47
704	0.060927	-8270.59
705	0.060927	-8246.12
706	0.060927	-8369.05
707	0.060927	-8228.73
708	0.060927	-8271.6
709	0.060927	-8403.32
710	0.060927	-8260.26
711	0.060927	-8315.79
712	0.060927	-8388.3
713	0.060927	-8395.66
714	0.060927	-8359.71
715	0.060927	-8435.84
716	0.060927	-8446.48
717	0.060927	-8425.23
718	0.060927	-8375.9
719	0.060927	-8426.73
720	0.060927	-8340.76
721	0.060927	-8392.88
722	0.060927	-8319.04
723	0.060927	-8330.97
724	0.060927	-8382.27
725	0.060927	-8364.65
726	0.060927	-8318.66
727	0.060927	-8385.99
728	0.060927	-8327.55
729	0.060927	-8336.62
730	0.060927	-8280.21
731	0.060927	-8320.57
732	0.060927	-8326.95
733	0.060927	-8362.64
734	0.060927	-8287.07
735	0.060927	-8228.76
736	0.060927	-8314.24
737	0.060927	-8238.1
738	0.060927	-8252.52
739	0.060927	-8437.64
740	0.060927	-8369.27
741	0.060927	-8372.6
742	0.060927	-8324.35
743	0.060927	-8339.68
744	0.060927	-8377.86
745	0.060927	-8356.84
746	0.060927	-8380.24
747	0.060927	-8466.86
748	0.060927	-8400.08
749	0.060927	-8419.34
750	0.060927	-8270.59
751	0.060927	-8251.07
752	0.060927	-8276.63
753	0.060927	-8303.56
754	0.060927	-8241.87
755	0.060927	-8278.37
756	0.060927	-8357.83
757	0.060927	-8377.67
758	0.060927	-8393.22
759	0.060927	-8492.73
760	0.060927	-8463.89
761	0.060927	-8386.62
762	0.060927	-8301.07
763	0.060927	-8262.03
764	0.060927	-8360.57
765	0.060927	-8312.77
766	0.060927	-8363.34
767	0.060927	-8312.88
768	0.060927	-8258.15
769	0.060927	-8223.88
770	0.060927	-8334.45
771	0.060927	-8410.36
772	0.060927	-8322.64
773	0.060927	-8238.98
774	0.060927	-8268.47
775	0.060927	-8265.9
776	0.060927	-8375.66
777	0.060927	-8312.59
778	0.060927	-8337.86
779	0.060927	-8352.28
780	0.060927	-8350.82
781	0.060927	-8345.16
782	0.060927	-8361.33
783	0.060927	-8378.97
784	0.060927	-8373.69
785	0.060927	-8370.69
786	0.060927	-8438.74
787	0.060927	-8633.34
788	0.060927	-8454
789	0.060927	-8444.64
790	0.060927	-8383.97
791	0.060927	-8422.98
792	0.060927	-8344.47
793	0.060927	-8389.56
794	0.060927	-8308.21
795	0.060927	-8321.38
796	0.060927	-8309.86
797	0.060927	-8365.13
798	0.060927	-8375.52
799	0.060927	-8353.15
800	0.060927	-8313.55
801	0.060927	-8365.56
802	0.060927	-8313.37
803	0.060927	-8322.2
804	0.060927	-8247.06
805	0.060927	-8434.08
806	0.060927	-8272.7
807	0.060927	-8290.38
808	0.060927	-8316.93
809	0.060927	-8298.73
810	0.060927	-8376.13
811	0.060927	-8326.65
812	0.060927	-8322.15
813	0.060927	-8327.15
814	0.060927	-8308.86
815	0.060927	-8299.73
816	0.060927	-8317.54
817	0.060927	-8297.89
818	0.060927	-8287.87
819	0.060927	-8393.43
820	0.060927	-8373.05
821	0.060927	-8356.83
822	0.060927	-8407.76
823	0.060927	-8293.8
824	0.060927	-8322.09
825	0.060927	-8405.02
826	0.060927	-8348.95
827	0.060927	-8387.5
828	0.060927	-8423.62
829	0.060927	-8277.22
830	0.060927	-8296.83
831	0.060927	-8256.43
832	0.060927	-8236.34
833	0.060927	-8312.52
834	0.060927	-8244.27
835	0.060927	-8232.96
836	0.060927	-8285.34
837	0.060927	-8337.22
838	0.060927	-8406.5
839	0.060927	-8367.8
840	0.060927	-8422.06
841	0.060927	-8375.94
842	0.060927	-8432.81
843	0.060927	-8316.13
844	0.060927	-8321.72
845	0.060927	-8268.86
846	0.060927	-8331.43
847	0.060927	-8370.74
848	0.060927	-8418.83
849	0.060927	-8452.36
850	0.060927	-8356.2
851	0.060927	-8356.33
852	0.060927	-8326.53
853	0.060927	-8267.13
854	0.060927	-8327.14
855	0.060927	-8283.6
856	0.060927	-8267.26
857	0.060927	-8248.98
858	0.060927	-8276.52
859	0.060927	-8233.39
860	0.060927	-8242.08
861	0.060927	-8297.29
862	0.060927	-8296.91
863	0.060927	-8358.53
864	0.060927	-8272.31
865	0.060927	-8236.33
866	0.060927	-8262.06
867	0.060927	-8275.11
868	0.060927	-8299.5
869	0.060927	-8301.36
870	0.060927	-8374.24
871	0.060927	-8375.08
872	0.060927	-8346.12
873	0.060927	-8369.35
874	0.060927	-8383.44
875	0.060927	-8386.48
876	0.060927	-8432.98
877	0.060927	-8518.07
878	0.060927	-8353.97
879	0.060927	-8338.37
880	0.060927	-8367.33
881	0.060927	-8309.11
882	0.060927	-8351.93
883	0.060927	-8340.57
884	0.060927	-8238.36
885	0.060927	-8287.72
886	0.060927	-8362.67
887	0.060927	-8348.61
888	0.060927	-8341.4
889	0.060927	-8226.31
890	0.060927	-8352.41
891	0.060927	-8406.25
892	0.060927	-8480.92
893	0.060927	-8439.18
894	0.060927	-8333.45
895	0.060927	-8342.96
896	0.060927	-8358.55
897	0.060927	-8347.72
898	0.060927	-8374.21
899	0.060927	-8407.85
900	0.060927	-8428.87
901	0.060927	-8401.81
902	0.060927	-8515.71
903	0.060927	-8442.65
904	0.060927	-8489.02
905	0.060927	-8537.94
906	0.060927	-8569.8
907	0.060927	-8515.17
908	0.060927	-8530.3
909	0.060927	-8579.52
910	0.060927	-8494.45
911	0.060927	-8386.83
912	0.060927	-8402.29
913	0.060927	-8373.3
914	0.060927	-8311.24
915	0.060927	-8313.16
916	0.060927	-8322.4
917	0.060927	-8360.3
918	0.060927	-8297.28
919	0.060927	-8291.62
920	0.060927	-8314.91
921	0.060927	-8364.26
922	0.060927	-8266.65
923	0.060927	-8333.78
924	0.060927	-8255.41
925	0.060927	-8325.38
926	0.060927	-8310.13
927	0.060927	-8332.42
928	0.060927	-8406.17
929	0.060927	-8417.38
930	0.060927	-8378.42
931	0.060927	-8319.03
932	0.060927	-8331.86
933	0.060927	-8383.49
934	0.060927	-8304.02
935	0.060927	-8317.31
936	0.060927	-8413.91
937	0.060927	-8435.41
938	0.060927	-8350.67
939	0.060927	-8296.35
940	0.060927	-8315.59
941	0.060927	-8345.54
942	0.060927	-8302.73
943	0.060927	-8317.21
944	0.060927	-8227.29
945	0.060927	-8295.48
946	0.060927	-8325.59
947	0.060927	-8335.61
948	0.060927	-8299.44
949	0.060927	-8375.92
950	0.060927	-8341.74
951	0.060927	-8286.71
952	0.060927	-8353.19
953	0.060927	-8317.92
954	0.060927	-8285.64
955	0.060927	-8303.16
956	0.060927	-8292.96
957	0.060927	-8369.87
958	0.060927	-8301.26
959	0.060927	-8356.79
960	0.060927	-8353.98
961	0.060927	-8421.24
962	0.060927	-8437.85
963	0.060927	-8399.63
964	0.060927	-8396.37
965	0.060927	-8416.77
966	0.060927	-8480.78
967	0.060927	-8344.54
968	0.060927	-8320.09
969	0.060927	-8277.56
970	0.060927	-8332.62
971	0.060927	-8334.51
972	0.060927	-8316.44
973	0.060927	-8400.62
974	0.060927	-8341.19
975	0.060927	-8305.15
976	0.060927	-8346.72
977	0.060927	-8408.05
978	0.060927	-8475.23
979	0.060927	-8324.82
980	0.060927	-8376.55
981	0.060927	-8437.27
982	0.060927	-8372.12
983	0.060927	-8396.17
984	0.060927	-8381.35
985	0.060927	-8430.4
986	0.060927	-8271.09
987	0.060927	-8260.66
988	0.060927	-8332.55
989	0.060927	-8300.41
990	0.060927	-8370.28
991	0.060927	-8329.32
992	0.060927	-8286.46
993	0.060927	-8373.09
994	0.060927	-8310.57
995	0.060927	-8291.17
996	0.060927	-8375.07
997	0.060927	-8374.02
998	0.060927	-8339.43
999	0.060927	-8392.48
1000	0.060927	-8369.18
251	0.050797	-8336.18
252	0.050797	-8353.29
253	0.050797	-8279.26
254	0.050797	-8348.1
255	0.050797	-8325.53
256	0.050797	-8452.31
257	0.050797	-8343.82
258	0.050797	-8453.21
259	0.050797	-8396.85
260	0.050797	-8319.18
261	0.050797	-8264.98
262	0.050797	-8336.06
263	0.050797	-8360.37
264	0.050797	-8413.74
265	0.050797	-8409.16
266	0.050797	-8391.37
267	0.050797	-8586.55
268	0.050797	-8587.01
269	0.050797	-8402.58
270	0.050797	-8333.08
271	0.050797	-8349.68
272	0.050797	-8401.85
273	0.050797	-8415.53
274	0.050797	-8415.81
275	0.050797	-8346.85
276	0.050797	-8517.64
277	0.050797	-8387.32
278	0.050797	-8412.89
279	0.050797	-8517.66
280	0.050797	-8347.98
281	0.050797	-8390.92
282	0.050797	-8344.99
283	0.050797	-8376.73
284	0.050797	-8402.67
285	0.050797	-8508.64
286	0.050797	-8500.22
287	0.050797	-8422.52
288	0.050797	-8440.15
289	0.050797	-8335.32
290	0.050797	-8274.6
291	0.050797	-8277.8
292	0.050797	-8375.78
293	0.050797	-8417.49
294	0.050797	-8358.77
295	0.050797	-8334.23
296	0.050797	-8370.63
297	0.050797	-8292.17
298	0.050797	-8314.34
299	0.050797	-8287.53
300	0.050797	-8356.5
301	0.050797	-8294.84
302	0.050797	-8358.22
303	0.050797	-8480.87
304	0.050797	-8437.11
305	0.050797	-8328.26
306	0.050797	-8297.42
307	0.050797	-8248.75
308	0.050797	-8333.2
309	0.050797	-8375
310	0.050797	-8406.4
311	0.050797	-8382.67
312	0.050797	-8568.83
313	0.050797	-8422.4
314	0.050797	-8382.61
315	0.050797	-8335.74
316	0.050797	-8406.25
317	0.050797	-8392.8
318	0.050797	-8409.18
319	0.050797	-8462.12
320	0.050797	-8416.02
321	0.050797	-8399.16
322	0.050797	-8368.82
323	0.050797	-8343.05
324	0.050797	-8434.67
325	0.050797	-8353.59
326	0.050797	-8604.78
327	0.050797	-8541.4
328	0.050797	-8395.24
329	0.050797	-8360.75
330	0.050797	-8427.52
331	0.050797	-8411.46
332	0.050797	-8302.21
333	0.050797	-8299.7
334	0.050797	-8379.27
335	0.050797	-8401.94
336	0.050797	-8493.27
337	0.050797	-8388.49
338	0.050797	-8387.56
339	0.050797	-8306.59
340	0.050797	-8397.31
341	0.050797	-8285.91
342	0.050797	-8381.08
343	0.050797	-8361.62
344	0.050797	-8352.88
345	0.050797	-8402.5
346	0.050797	-8557.91
347	0.050797	-8444.34
348	0.050797	-8475.18
349	0.050797	-8503.8
350	0.050797	-8449.67
351	0.050797	-8555.16
352	0.050797	-8495.85
353	0.050797	-8510.06
354	0.050797	-8451.98
355	0.050797	-8464.76
356	0.050797	-8530.97
357	0.050797	-8371.2
358	0.050797	-8375.62
359	0.050797	-8321.06
360	0.050797	-8391.72
361	0.050797	-8293.62
362	0.050797	-8270
363	0.050797	-8329.47
364	0.050797	-8355.32
365	0.050797	-8432.1
366	0.050797	-8485.95
367	0.050797	-8377.85
368	0.050797	-8380.75
369	0.050797	-8308.1
370	0.050797	-8367.78
371	0.050797	-8370
372	0.050797	-8459.79
373	0.050797	-8366
374	0.050797	-8345.66
375	0.050797	-8387.08
376	0.050797	-8494.12
377	0.050797	-8456.69
378	0.050797	-8458.03
379	0.050797	-8452.91
380	0.050797	-8408.72
381	0.050797	-8298.71
382	0.050797	-8398.46
383	0.050797	-8351.48
384	0.050797	-8438.68
385	0.050797	-8445.06
386	0.050797	-8388.08
387	0.050797	-8433.67
388	0.050797	-8409.76
389	0.050797	-8386.76
390	0.050797	-8505.73
391	0.050797	-8491.17
392	0.050797	-8510.54
393	0.050797	-8410.64
394	0.050797	-8415.26
395	0.050797	-8352.89
396	0.050797	-8408.59
397	0.050797	-8409.1
398	0.050797	-8412.1
399	0.050797	-8448.04
400	0.050797	-8393.86
401	0.050797	-8334.51
402	0.050797	-8389.46
403	0.050797	-8332.34
404	0.050797	-8277.75
405	0.050797	-8266.71
406	0.050797	-8412.46
407	0.050797	-8439.51
408	0.050797	-8490.81
409	0.050797	-8339.76
410	0.050797	-8364.88
411	0.050797	-8446.08
412	0.050797	-8573.62
413	0.050797	-8539.72
414	0.050797	-8360.37
415	0.050797	-8429.36
416	0.050797	-8372.01
417	0.050797	-8279.5
418	0.050797	-8324.12
419	0.050797	-8313.71
420	0.050797	-8239.8
421	0.050797	-8219.11
422	0.050797	-8165.85
423	0.050797	-8296.17
424	0.050797	-8497.44
425	0.050797	-8352.59
426	0.050797	-8368.8
427	0.050797	-8465.97
428	0.050797	-8364.49
429	0.050797	-8350.76
430	0.050797	-8268.52
431	0.050797	-8324.88
432	0.050797	-8295.19
433	0.050797	-8275.89
434	0.050797	-8343.9
435	0.050797	-8329.74
436	0.050797	-8322.44
437	0.050797	-8391.66
438	0.050797	-8367.5
439	0.050797	-8333.25
440	0.050797	-8347.11
441	0.050797	-8396.81
442	0.050797	-8277.93
443	0.050797	-8377.26
444	0.050797	-8299.7
445	0.050797	-8373.09
446	0.050797	-8317.15
447	0.050797	-8367.89
448	0.050797	-8355.72
449	0.050797	-8430.33
450	0.050797	-8384.8
451	0.050797	-8429.76
452	0.050797	-8371.39
453	0.050797	-8421
454	0.050797	-8373.18
455	0.050797	-8251.85
456	0.050797	-8340.24
457	0.050797	-8366.84
458	0.050797	-8293.79
459	0.050797	-8445.16
460	0.050797	-8405.18
461	0.050797	-8301.97
462	0.050797	-8391.32
463	0.050797	-8439.19
464	0.050797	-8345.95
465	0.050797	-8449.2
466	0.050797	-8430.51
467	0.050797	-8448.12
468	0.050797	-8549.27
469	0.050797	-8352.96
470	0.050797	-8311.94
471	0.050797	-8314.47
472	0.050797	-8457.82
473	0.050797	-8466.76
474	0.050797	-8359.44
475	0.050797	-8316.46
476	0.050797	-8374.04
477	0.050797	-8461.4
478	0.050797	-8509.76
479	0.050797	-8494.11
480	0.050797	-8464.69
481	0.050797	-8583.43
482	0.050797	-8451.41
483	0.050797	-8495.88
484	0.050797	-8445.92
485	0.050797	-8380.63
486	0.050797	-8362.22
487	0.050797	-8434.86
488	0.050797	-8337.01
489	0.050797	-8338.91
490	0.050797	-8390.46
491	0.050797	-8474.64
492	0.050797	-8472.07
493	0.050797	-8450.26
494	0.050797	-8447.77
495	0.050797	-8478.26
496	0.050797	-8452.97
497	0.050797	-8448.51
498	0.050797	-8427.33
499	0.050797	-8391.84
500	0.050797	-8461.51
501	0.050797	-8425.27
502	0.050797	-8352.86
503	0.050797	-8340.77
504	0.050797	-8408.02
505	0.050797	-8364.67
506	0.050797	-8439.21
507	0.050797	-8369.7
508	0.050797	-8434.82
509	0.050797	-8268.2
510	0.050797	-8301.28
511	0.050797	-8330.58
512	0.050797	-8366.39
513	0.050797	-8271.63
514	0.050797	-8444.62
515	0.050797	-8432.7
516	0.050797	-8333.76
517	0.050797	-8385.06
518	0.050797	-8445.82
519	0.050797	-8423.45
520	0.050797	-8350.42
521	0.050797	-8318.2
522	0.050797	-8562.13
523	0.050797	-8413.92
524	0.050797	-8540.57
525	0.050797	-8413.97
526	0.050797	-8431.15
527	0.050797	-8526.26
528	0.050797	-8440.63
529	0.050797	-8454.3
530	0.050797	-8410.22
531	0.050797	-8448.45
532	0.050797	-8374.52
533	0.050797	-8354.85
534	0.050797	-8390.93
535	0.050797	-8479.48
536	0.050797	-8456.97
537	0.050797	-8593.43
538	0.050797	-8480.89
539	0.050797	-8385.35
540	0.050797	-8422.06
541	0.050797	-8366.07
542	0.050797	-8531.66
543	0.050797	-8447.92
544	0.050797	-8419.48
545	0.050797	-8385.47
546	0.050797	-8373.8
547	0.050797	-8435.71
548	0.050797	-8475.46
549	0.050797	-8469.47
550	0.050797	-8469.46
551	0.050797	-8395.66
552	0.050797	-8522.93
553	0.050797	-8409.96
554	0.050797	-8448.09
555	0.050797	-8246.39
556	0.050797	-8359.95
557	0.050797	-8432.14
558	0.050797	-8429.34
559	0.050797	-8427.98
560	0.050797	-8521.33
561	0.050797	-8467.39
562	0.050797	-8489.02
563	0.050797	-8486.55
564	0.050797	-8431.34
565	0.050797	-8427.29
566	0.050797	-8428.16
567	0.050797	-8476.39
568	0.050797	-8411.01
569	0.050797	-8429.38
570	0.050797	-8324.64
571	0.050797	-8381.94
572	0.050797	-8416.04
573	0.050797	-8457.86
574	0.050797	-8378.63
575	0.050797	-8453.68
576	0.050797	-8458.57
577	0.050797	-8418.54
578	0.050797	-8456.46
579	0.050797	-8387.45
580	0.050797	-8451.68
581	0.050797	-8460.88
582	0.050797	-8429.45
583	0.050797	-8381.63
584	0.050797	-8310.31
585	0.050797	-8314.77
586	0.050797	-8341.18
587	0.050797	-8386.48
588	0.050797	-8387.05
589	0.050797	-8432.95
590	0.050797	-8421.42
591	0.050797	-8379.29
592	0.050797	-8428.52
593	0.050797	-8388.61
594	0.050797	-8399.97
595	0.050797	-8394.46
596	0.050797	-8332.89
597	0.050797	-8467.5
598	0.050797	-8395.75
599	0.050797	-8387.9
600	0.050797	-8396.07
601	0.050797	-8371.3
602	0.050797	-8362.45
603	0.050797	-8339.41
604	0.050797	-8448.84
605	0.050797	-8395.9
606	0.050797	-8481.21
607	0.050797	-8423.14
608	0.050797	-8431.97
609	0.050797	-8355.31
610	0.050797	-8420.57
611	0.050797	-8439.9
612	0.050797	-8417.32
613	0.050797	-8359.44
614	0.050797	-8346.71
615	0.050797	-8399.29
616	0.050797	-8428.67
617	0.050797	-8329.92
618	0.050797	-8291.28
619	0.050797	-8356.68
620	0.050797	-8238.18
621	0.050797	-8302.71
622	0.050797	-8418.11
623	0.050797	-8331.22
624	0.050797	-8420.59
625	0.050797	-8283.97
626	0.050797	-8336.5
627	0.050797	-8488.22
628	0.050797	-8394.76
629	0.050797	-8290.11
630	0.050797	-8483.71
631	0.050797	-8412.66
632	0.050797	-8421.86
633	0.050797	-8438.78
634	0.050797	-8420.16
635	0.050797	-8354.56
636	0.050797	-8442.66
637	0.050797	-8310.9
638	0.050797	-8371.76
639	0.050797	-8452.1
640	0.050797	-8522.12
641	0.050797	-8466.49
642	0.050797	-8330.07
643	0.050797	-8372.7
644	0.050797	-8397.77
645	0.050797	-8584.83
646	0.050797	-8418.33
647	0.050797	-8487.33
648	0.050797	-8417.77
649	0.050797	-8467.94
650	0.050797	-8412.92
651	0.050797	-8448.05
652	0.050797	-8514.17
653	0.050797	-8468.75
654	0.050797	-8560.32
655	0.050797	-8480.12
656	0.050797	-8450.82
657	0.050797	-8323.3
658	0.050797	-8384.45
659	0.050797	-8399.14
660	0.050797	-8535.23
661	0.050797	-8250.27
662	0.050797	-8400.59
663	0.050797	-8365.65
664	0.050797	-8298.98
665	0.050797	-8274.76
666	0.050797	-8283.71
667	0.050797	-8311.64
668	0.050797	-8476.45
669	0.050797	-8450.09
670	0.050797	-8427.97
671	0.050797	-8308.6
672	0.050797	-8263.62
673	0.050797	-8464.87
674	0.050797	-8428.01
675	0.050797	-8377.48
676	0.050797	-8346.5
677	0.050797	-8334.7
678	0.050797	-8388.54
679	0.050797	-8328.88
680	0.050797	-8286.19
681	0.050797	-8307.64
682	0.050797	-8406.61
683	0.050797	-8532.41
684	0.050797	-8554.89
685	0.050797	-8475.76
686	0.050797	-8423.12
687	0.050797	-8443.82
688	0.050797	-8361.83
689	0.050797	-8469.26
690	0.050797	-8442.95
691	0.050797	-8402.64
692	0.050797	-8398
693	0.050797	-8431.7
694	0.050797	-8354
695	0.050797	-8431.8
696	0.050797	-8364.17
697	0.050797	-8430.67
698	0.050797	-8471.33
699	0.050797	-8397.17
700	0.050797	-8352.72
701	0.050797	-8438.75
702	0.050797	-8432.06
703	0.050797	-8439.24
704	0.050797	-8477.33
705	0.050797	-8403.26
706	0.050797	-8414.49
707	0.050797	-8441.16
708	0.050797	-8350.56
709	0.050797	-8382.38
710	0.050797	-8392.84
711	0.050797	-8405.57
712	0.050797	-8370.01
713	0.050797	-8398.95
714	0.050797	-8441.46
715	0.050797	-8357.03
716	0.050797	-8440.72
717	0.050797	-8357.63
718	0.050797	-8451.86
719	0.050797	-8511.49
720	0.050797	-8386.34
721	0.050797	-8476.38
722	0.050797	-8397.36
723	0.050797	-8371.99
724	0.050797	-8362.59
725	0.050797	-8488.88
726	0.050797	-8354.55
727	0.050797	-8381.63
728	0.050797	-8568.8
729	0.050797	-8430.85
730	0.050797	-8430.06
731	0.050797	-8378.17
732	0.050797	-8303.46
733	0.050797	-8392.98
734	0.050797	-8399.15
735	0.050797	-8341.4
736	0.050797	-8382.01
737	0.050797	-8290.07
738	0.050797	-8350.51
739	0.050797	-8448.07
740	0.050797	-8460.29
741	0.050797	-8538.46
742	0.050797	-8456.96
743	0.050797	-8377.42
744	0.050797	-8286.87
745	0.050797	-8257.12
746	0.050797	-8442.25
747	0.050797	-8413.83
748	0.050797	-8426.87
749	0.050797	-8485.87
750	0.050797	-8392.95
751	0.050797	-8453.55
752	0.050797	-8492.42
753	0.050797	-8409.4
754	0.050797	-8378.09
755	0.050797	-8356.77
756	0.050797	-8295.25
757	0.050797	-8382.35
758	0.050797	-8361.28
759	0.050797	-8332.12
760	0.050797	-8334.25
761	0.050797	-8516.32
762	0.050797	-8437.62
763	0.050797	-8428.92
764	0.050797	-8493.08
765	0.050797	-8477.93
766	0.050797	-8368.18
767	0.050797	-8411.51
768	0.050797	-8463.38
769	0.050797	-8600.33
770	0.050797	-8540.77
771	0.050797	-8591.61
772	0.050797	-8533.31
773	0.050797	-8402.7
774	0.050797	-8298.67
775	0.050797	-8266.43
776	0.050797	-8282.73
777	0.050797	-8352.21
778	0.050797	-8330.17
779	0.050797	-8375.17
780	0.050797	-8468.5
781	0.050797	-8387.37
782	0.050797	-8384.19
783	0.050797	-8497.87
784	0.050797	-8356.01
785	0.050797	-8362.32
786	0.050797	-8381.42
787	0.050797	-8317.69
788	0.050797	-8371.47
789	0.050797	-8326.49
790	0.050797	-8361.09
791	0.050797	-8381.81
792	0.050797	-8295.92
793	0.050797	-8285.29
794	0.050797	-8359.73
795	0.050797	-8268.36
796	0.050797	-8356.81
797	0.050797	-8341.6
798	0.050797	-8366.42
799	0.050797	-8428.25
800	0.050797	-8428.61
801	0.050797	-8365.74
802	0.050797	-8302.72
803	0.050797	-8312.48
804	0.050797	-8320.76
805	0.050797	-8315.96
806	0.050797	-8390.4
807	0.050797	-8415.25
808	0.050797	-8506.05
809	0.050797	-8471.43
810	0.050797	-8529.25
811	0.050797	-8511.73
812	0.050797	-8537.89
813	0.050797	-8496.26
814	0.050797	-8467.97
815	0.050797	-8451.89
816	0.050797	-8525.5
817	0.050797	-8434.68
818	0.050797	-8429.03
819	0.050797	-8335.16
820	0.050797	-8389.03
821	0.050797	-8331.33
822	0.050797	-8321.13
823	0.050797	-8328.56
824	0.050797	-8341.69
825	0.050797	-8335.83
826	0.050797	-8324.52
827	0.050797	-8298.68
828	0.050797	-8425.35
829	0.050797	-8433.82
830	0.050797	-8409.26
831	0.050797	-8435.53
832	0.050797	-8345.34
833	0.050797	-8356.76
834	0.050797	-8315.8
835	0.050797	-8243.59
836	0.050797	-8339.23
837	0.050797	-8275.25
838	0.050797	-8381.92
839	0.050797	-8339.88
840	0.050797	-8350.27
841	0.050797	-8442.24
842	0.050797	-8432.72
843	0.050797	-8479.12
844	0.050797	-8367.78
845	0.050797	-8454.75
846	0.050797	-8439.17
847	0.050797	-8425.74
848	0.050797	-8394.16
849	0.050797	-8274.79
850	0.050797	-8430.75
851	0.050797	-8376.16
852	0.050797	-8488.14
853	0.050797	-8515.72
854	0.050797	-8556.77
855	0.050797	-8467.53
856	0.050797	-8447.18
857	0.050797	-8373.13
858	0.050797	-8323.29
859	0.050797	-8437.03
860	0.050797	-8364.21
861	0.050797	-8314.81
862	0.050797	-8268.8
863	0.050797	-8283.19
864	0.050797	-8265.02
865	0.050797	-8325.97
866	0.050797	-8408.2
867	0.050797	-8364.98
868	0.050797	-8385.65
869	0.050797	-8331.28
870	0.050797	-8384.76
871	0.050797	-8430.4
872	0.050797	-8514.24
873	0.050797	-8419.81
874	0.050797	-8428.45
875	0.050797	-8338.56
876	0.050797	-8388.57
877	0.050797	-8343.33
878	0.050797	-8392.81
879	0.050797	-8333.13
880	0.050797	-8306.4
881	0.050797	-8423.37
882	0.050797	-8423.89
883	0.050797	-8499.48
884	0.050797	-8495.36
885	0.050797	-8457.75
886	0.050797	-8416.19
887	0.050797	-8476.11
888	0.050797	-8447.65
889	0.050797	-8469.51
890	0.050797	-8326.17
891	0.050797	-8335.11
892	0.050797	-8347.36
893	0.050797	-8376.8
894	0.050797	-8391.31
895	0.050797	-8394.18
896	0.050797	-8472.21
897	0.050797	-8428.4
898	0.050797	-8403.89
899	0.050797	-8457.87
900	0.050797	-8485.19
901	0.050797	-8651.52
902	0.050797	-8435.67
903	0.050797	-8434.94
904	0.050797	-8471.41
905	0.050797	-8528.02
906	0.050797	-8425.03
907	0.050797	-8319.12
908	0.050797	-8332.17
909	0.050797	-8284.31
910	0.050797	-8369.31
911	0.050797	-8450.95
912	0.050797	-8467.97
913	0.050797	-8510.08
914	0.050797	-8442.4
915	0.050797	-8457.36
916	0.050797	-8501.71
917	0.050797	-8497.34
918	0.050797	-8354.05
919	0.050797	-8339.27
920	0.050797	-8401.93
921	0.050797	-8309.72
922	0.050797	-8436.4
923	0.050797	-8456.85
924	0.050797	-8505.29
925	0.050797	-8444.47
926	0.050797	-8372
927	0.050797	-8342.05
928	0.050797	-8425.32
929	0.050797	-8393.57
930	0.050797	-8377.88
931	0.050797	-8324.94
932	0.050797	-8374.31
933	0.050797	-8449.95
934	0.050797	-8429.53
935	0.050797	-8521.84
936	0.050797	-8511.27
937	0.050797	-8397.89
938	0.050797	-8378.05
939	0.050797	-8318.23
940	0.050797	-8391.51
941	0.050797	-8301.49
942	0.050797	-8431.97
943	0.050797	-8319.08
944	0.050797	-8448.29
945	0.050797	-8426.16
946	0.050797	-8463.73
947	0.050797	-8475.03
948	0.050797	-8357.77
949	0.050797	-8333.04
950	0.050797	-8278.63
951	0.050797	-8322.85
952	0.050797	-8253.78
953	0.050797	-8297.8
954	0.050797	-8450.24
955	0.050797	-8553.23
956	0.050797	-8496.43
957	0.050797	-8568.82
958	0.050797	-8595.96
959	0.050797	-8532.98
960	0.050797	-8561.88
961	0.050797	-8550.42
962	0.050797	-8487.14
963	0.050797	-8458.23
964	0.050797	-8459.05
965	0.050797	-8413.54
966	0.050797	-8396.8
967	0.050797	-8402.15
968	0.050797	-8357.11
969	0.050797	-8338.74
970	0.050797	-8332.47
971	0.050797	-8487.86
972	0.050797	-8436.98
973	0.050797	-8382.49
974	0.050797	-8405.79
975	0.050797	-8370.42
976	0.050797	-8419.12
977	0.050797	-8461.28
978	0.050797	-8416.63
979	0.050797	-8337.72
980	0.050797	-8287.18
981	0.050797	-8392.95
982	0.050797	-8417.39
983	0.050797	-8449.98
984	0.050797	-8300.74
985	0.050797	-8412.75
986	0.050797	-8441.81
987	0.050797	-8364.48
988	0.050797	-8356.34
989	0.050797	-8407
990	0.050797	-8386.3
991	0.050797	-8466.24
992	0.050797	-8441.76
993	0.050797	-8424.54
994	0.050797	-8319.85
995	0.050797	-8378.94
996	0.050797	-8306.91
997	0.050797	-8378.3
998	0.050797	-8381.21
999	0.050797	-8529.92
1000	0.050797	-8340.81
251	0.0420616	-8620.29
252	0.0420616	-8659.18
253	0.0420616	-8624.57
254	0.0420616	-8529.65
255	0.0420616	-8517.59
256	0.0420616	-8532.81
257	0.0420616	-8472.69
258	0.0420616	-8458.78
259	0.0420616	-8428.39
260	0.0420616	-8333.42
261	0.0420616	-8318.36
262	0.0420616	-8336.23
263	0.0420616	-8336.64
264	0.0420616	-8450.89
265	0.0420616	-8553
266	0.0420616	-8443.77
267	0.0420616	-8511.94
268	0.0420616	-8535.33
269	0.0420616	-8532.49
270	0.0420616	-8458.97
271	0.0420616	-8466.23
272	0.0420616	-8377.14
273	0.0420616	-8444.82
274	0.0420616	-8337.65
275	0.0420616	-8373.63
276	0.0420616	-8360.8
277	0.0420616	-8503.79
278	0.0420616	-8416.19
279	0.0420616	-8349.93
280	0.0420616	-8521.27
281	0.0420616	-8492.24
282	0.0420616	-8514.68
283	0.0420616	-8368.69
284	0.0420616	-8256.77
285	0.0420616	-8259.34
286	0.0420616	-8297.87
287	0.0420616	-8400.88
288	0.0420616	-8443.45
289	0.0420616	-8380.5
290	0.0420616	-8294.82
291	0.0420616	-8494.47
292	0.0420616	-8347.65
293	0.0420616	-8457.11
294	0.0420616	-8437.44
295	0.0420616	-8419.22
296	0.0420616	-8460.16
297	0.0420616	-8398.92
298	0.0420616	-8314.15
299	0.0420616	-8405.97
300	0.0420616	-8378.11
301	0.0420616	-8374.99
302	0.0420616	-8351.78
303	0.0420616	-8286.18
304	0.0420616	-8333.88
305	0.0420616	-8541.68
306	0.0420616	-8522.8
307	0.0420616	-8500.43
308	0.0420616	-8381
309	0.0420616	-8550.59
310	0.0420616	-8481.29
311	0.0420616	-8490.34
312	0.0420616	-8528.44
313	0.0420616	-8349.06
314	0.0420616	-8374.5
315	0.0420616	-8417.51
316	0.0420616	-8404.92
317	0.0420616	-8455.71
318	0.0420616	-8361.35
319	0.0420616	-8493.77
320	0.0420616	-8475.83
321	0.0420616	-8559.76
322	0.0420616	-8503.7
323	0.0420616	-8574.76
324	0.0420616	-8444.98
325	0.0420616	-8469.41
326	0.0420616	-8562.75
327	0.0420616	-8593.46
328	0.0420616	-8523.82
329	0.0420616	-8529.56
330	0.0420616	-8439.56
331	0.0420616	-8428.26
332	0.0420616	-8417.68
333	0.0420616	-8511.58
334	0.0420616	-8458.69
335	0.0420616	-8395.74
336	0.0420616	-8466.78
337	0.0420616	-8378.19
338	0.0420616	-8386.16
339	0.0420616	-8382.05
340	0.0420616	-8413.3
341	0.0420616	-8258.26
342	0.0420616	-8326.88
343	0.0420616	-8306.81
344	0.0420616	-8369.3
345	0.0420616	-8294.22
346	0.0420616	-8471.48
347	0.0420616	-8470.07
348	0.0420616	-8574.18
349	0.0420616	-8511.46
350	0.0420616	-8550.51
351	0.0420616	-8578.28
352	0.0420616	-8521.76
353	0.0420616	-8368.9
354	0.0420616	-8353.2
355	0.0420616	-8461.54
356	0.0420616	-8471.44
357	0.0420616	-8490.52
358	0.0420616	-8575.41
359	0.0420616	-8472.93
360	0.0420616	-8519.34
361	0.0420616	-8497.27
362	0.0420616	-8446.3
363	0.0420616	-8394.42
364	0.0420616	-8633.08
365	0.0420616	-8747.55
366	0.0420616	-8554.74
367	0.0420616	-8571.07
368	0.0420616	-8481.6
369	0.0420616	-8499.79
370	0.0420616	-8496.35
371	0.0420616	-8508.89
372	0.0420616	-8500
373	0.0420616	-8414.25
374	0.0420616	-8465.94
375	0.0420616	-8456.09
376	0.0420616	-8639.9
377	0.0420616	-8626.44
378	0.0420616	-8399.19
379	0.0420616	-8487.08
380	0.0420616	-8537.3
381	0.0420616	-8541.46
382	0.0420616	-8653.75
383	0.0420616	-8626.54
384	0.0420616	-8670.06
385	0.0420616	-8740.13
386	0.0420616	-8725.11
387	0.0420616	-8621.34
388	0.0420616	-8581.52
389	0.0420616	-8591.81
390	0.0420616	-8479.21
391	0.0420616	-8455.29
392	0.0420616	-8519.43
393	0.0420616	-8439.12
394	0.0420616	-8398.24
395	0.0420616	-8395.22
396	0.0420616	-8469.95
397	0.0420616	-8540.86
398	0.0420616	-8529.72
399	0.0420616	-8602.9
400	0.0420616	-8501.86
401	0.0420616	-8551.9
402	0.0420616	-8470.09
403	0.0420616	-8401.71
404	0.0420616	-8374.17
405	0.0420616	-8409.29
406	0.0420616	-8338.12
407	0.0420616	-8362.45
408	0.0420616	-8576.7
409	0.0420616	-8487.15
410	0.0420616	-8490.88
411	0.0420616	-8382.1
412	0.0420616	-8342.12
413	0.0420616	-8371.64
414	0.0420616	-8376.55
415	0.0420616	-8408.48
416	0.0420616	-8393.09
417	0.0420616	-8386.01
418	0.0420616	-8406.04
419	0.0420616	-8420.53
420	0.0420616	-8478.48
421	0.0420616	-8309.8
422	0.0420616	-8430.1
423	0.0420616	-8389.2
424	0.0420616	-8446.97
425	0.0420616	-8406.47
426	0.0420616	-8517.15
427	0.0420616	-8497.75
428	0.0420616	-8581.81
429	0.0420616	-8610.41
430	0.0420616	-8448.9
431	0.0420616	-8482.5
432	0.0420616	-8495.6
433	0.0420616	-8500.23
434	0.0420616	-8599.58
435	0.0420616	-8536.35
436	0.0420616	-8374.06
437	0.0420616	-8399.66
438	0.0420616	-8417.06
439	0.0420616	-8336.9
440	0.0420616	-8553.41
441	0.0420616	-8508.2
442	0.0420616	-8354.87
443	0.0420616	-8488.79
444	0.0420616	-8442.79
445	0.0420616	-8421.65
446	0.0420616	-8311.4
447	0.0420616	-8317.62
448	0.0420616	-8281.83
449	0.0420616	-8393.71
450	0.0420616	-8527.72
451	0.0420616	-8471.46
452	0.0420616	-8527.87
453	0.0420616	-8407.79
454	0.0420616	-8450.07
455	0.0420616	-8542.85
456	0.0420616	-8565.92
457	0.0420616	-8587.22
458	0.0420616	-8489.78
459	0.0420616	-8307.67
460	0.0420616	-8299.07
461	0.0420616	-8360.86
462	0.0420616	-8292.34
463	0.0420616	-8342.85
464	0.0420616	-8382.7
465	0.0420616	-8406.41
466	0.0420616	-8302.93
467	0.0420616	-8395.73
468	0.0420616	-8308.14
469	0.0420616	-8297.4
470	0.0420616	-8291.23
471	0.0420616	-8218.88
472	0.0420616	-8447.48
473	0.0420616	-8361.38
474	0.0420616	-8453.59
475	0.0420616	-8515.99
476	0.0420616	-8366.75
477	0.0420616	-8330.71
478	0.0420616	-8502.2
479	0.0420616	-8431.45
480	0.0420616	-8349.7
481	0.0420616	-8435.76
482	0.0420616	-8354.1
483	0.0420616	-8439.23
484	0.0420616	-8355
485	0.0420616	-8348.71
486	0.0420616	-8350.45
487	0.0420616	-8486.6
488	0.0420616	-8358.04
489	0.0420616	-8451.24
490	0.0420616	-8332.74
491	0.0420616	-8336.28
492	0.0420616	-8451.93
493	0.0420616	-8430.6
494	0.0420616	-8461.99
495	0.0420616	-8526.05
496	0.0420616	-8533.07
497	0.0420616	-8535.75
498	0.0420616	-8455.1
499	0.0420616	-8603.57
500	0.0420616	-8444.77
501	0.0420616	-8452.26
502	0.0420616	-8369.89
503	0.0420616	-8423.23
504	0.0420616	-8405.01
505	0.0420616	-8318.34
506	0.0420616	-8357.46
507	0.0420616	-8491.56
508	0.0420616	-8576.81
509	0.0420616	-8391.98
510	0.0420616	-8478.45
511	0.0420616	-8389.95
512	0.0420616	-8374.11
513	0.0420616	-8654.83
514	0.0420616	-8769.36
515	0.0420616	-8651.45
516	0.0420616	-8494.14
517	0.0420616	-8340.97
518	0.0420616	-8469.03
519	0.0420616	-8397.2
520	0.0420616	-8447.53
521	0.0420616	-8438.27
522	0.0420616	-8451.63
523	0.0420616	-8538.43
524	0.0420616	-8488.92
525	0.0420616	-8349.09
526	0.0420616	-8653.37
527	0.0420616	-8580.45
528	0.0420616	-8484.18
529	0.0420616	-8634.34
530	0.0420616	-8468.42
531	0.0420616	-8437.71
532	0.0420616	-8508.54
533	0.0420616	-8434.54
534	0.0420616	-8516.59
535	0.0420616	-8462.39
536	0.0420616	-8466.59
537	0.0420616	-8423.91
538	0.0420616	-8488.27
539	0.0420616	-8482.02
540	0.0420616	-8427.62
541	0.0420616	-8495.21
542	0.0420616	-8454.17
543	0.0420616	-8413.65
544	0.0420616	-8374.8
545	0.0420616	-8427.6
546	0.0420616	-8501.23
547	0.0420616	-8621.82
548	0.0420616	-8532.45
549	0.0420616	-8556.86
550	0.0420616	-8573.48
551	0.0420616	-8563.57
552	0.0420616	-8667.35
553	0.0420616	-8636.81
554	0.0420616	-8326.31
555	0.0420616	-8437.93
556	0.0420616	-8318.61
557	0.0420616	-8336.62
558	0.0420616	-8303.93
559	0.0420616	-8401.48
560	0.0420616	-8455.34
561	0.0420616	-8466.93
562	0.0420616	-8505.51
563	0.0420616	-8512.88
564	0.0420616	-8350.05
565	0.0420616	-8370.94
566	0.0420616	-8546.43
567	0.0420616	-8406.54
568	0.0420616	-8460.76
569	0.0420616	-8482.84
570	0.0420616	-8553.45
571	0.0420616	-8471.8
572	0.0420616	-8466.95
573	0.0420616	-8416.44
574	0.0420616	-8526.93
575	0.0420616	-8506.94
576	0.0420616	-8489.03
577	0.0420616	-8492.73
578	0.0420616	-8529.62
579	0.0420616	-8526.04
580	0.0420616	-8446.7
581	0.0420616	-8479.9
582	0.0420616	-8379.65
583	0.0420616	-8440.26
584	0.0420616	-8500.04
585	0.0420616	-8338.72
586	0.0420616	-8338.57
587	0.0420616	-8461.61
588	0.0420616	-8384.1
589	0.0420616	-8394.29
590	0.0420616	-8430.58
591	0.0420616	-8335.02
592	0.0420616	-8384.9
593	0.0420616	-8318.71
594	0.0420616	-8492.69
595	0.0420616	-8619.55
596	0.0420616	-8476.5
597	0.0420616	-8469.11
598	0.0420616	-8405.85
599	0.0420616	-8440.32
600	0.0420616	-8401.71
601	0.0420616	-8507.28
602	0.0420616	-8418.18
603	0.0420616	-8433.33
604	0.0420616	-8462.18
605	0.0420616	-8510.85
606	0.0420616	-8693.76
607	0.0420616	-8677.02
608	0.0420616	-8350.97
609	0.0420616	-8280.05
610	0.0420616	-8384.5
611	0.0420616	-8534.74
612	0.0420616	-8483.87
613	0.0420616	-8496.61
614	0.0420616	-8398.25
615	0.0420616	-8463.09
616	0.0420616	-8469.51
617	0.0420616	-8407.63
618	0.0420616	-8463.07
619	0.0420616	-8462.55
620	0.0420616	-8429.94
621	0.0420616	-8427.67
622	0.0420616	-8328.91
623	0.0420616	-8567.75
624	0.0420616	-8611.74
625	0.0420616	-8507.4
626	0.0420616	-8443.86
627	0.0420616	-8588.42
628	0.0420616	-8670.24
629	0.0420616	-8514.87
630	0.0420616	-8450.95
631	0.0420616	-8456.64
632	0.0420616	-8434.78
633	0.0420616	-8466.86
634	0.0420616	-8448.67
635	0.0420616	-8473.5
636	0.0420616	-8487.52
637	0.0420616	-8507.2
638	0.0420616	-8451.44
639	0.0420616	-8512.08
640	0.0420616	-8441.05
641	0.0420616	-8408.49
642	0.0420616	-8375.61
643	0.0420616	-8348.48
644	0.0420616	-8512.44
645	0.0420616	-8528.94
646	0.0420616	-8536.71
647	0.0420616	-8483.55
648	0.0420616	-8526.72
649	0.0420616	-8482.26
650	0.0420616	-8502.21
651	0.0420616	-8482.99
652	0.0420616	-8534.23
653	0.0420616	-8580.1
654	0.0420616	-8549.42
655	0.0420616	-8591.28
656	0.0420616	-8460.07
657	0.0420616	-8310.15
658	0.0420616	-8524
659	0.0420616	-8503
660	0.0420616	-8528.7
661	0.0420616	-8384.57
662	0.0420616	-8397.57
663	0.0420616	-8495.78
664	0.0420616	-8562.1
665	0.0420616	-8461.06
666	0.0420616	-8450.72
667	0.0420616	-8447.1
668	0.0420616	-8489.52
669	0.0420616	-8468.33
670	0.0420616	-8505.76
671	0.0420616	-8484.92
672	0.0420616	-8460.69
673	0.0420616	-8535.74
674	0.0420616	-8536.07
675	0.0420616	-8449.52
676	0.0420616	-8479.14
677	0.0420616	-8516.27
678	0.0420616	-8409.48
679	0.0420616	-8384.11
680	0.0420616	-8357.95
681	0.0420616	-8297.25
682	0.0420616	-8346.93
683	0.0420616	-8356.02
684	0.0420616	-8433.21
685	0.0420616	-8356.09
686	0.0420616	-8419.27
687	0.0420616	-8415.88
688	0.0420616	-8371.12
689	0.0420616	-8388.97
690	0.0420616	-8599.67
691	0.0420616	-8569.34
692	0.0420616	-8455.49
693	0.0420616	-8369.17
694	0.0420616	-8386.2
695	0.0420616	-8406.88
696	0.0420616	-8358.4
697	0.0420616	-8432.22
698	0.0420616	-8495.43
699	0.0420616	-8359.79
700	0.0420616	-8416.67
701	0.0420616	-8447.98
702	0.0420616	-8423.03
703	0.0420616	-8501.65
704	0.0420616	-8360.19
705	0.0420616	-8446.28
706	0.0420616	-8398.88
707	0.0420616	-8685.05
708	0.0420616	-8563.48
709	0.0420616	-8563.25
710	0.0420616	-8487.71
711	0.0420616	-8463.57
712	0.0420616	-8351.44
713	0.0420616	-8419.22
714	0.0420616	-8406.02
715	0.0420616	-8515.24
716	0.0420616	-8517.47
717	0.0420616	-8523.39
718	0.0420616	-8460.98
719	0.0420616	-8508.06
720	0.0420616	-8492.22
721	0.0420616	-8450.45
722	0.0420616	-8423.7
723	0.0420616	-8468.89
724	0.0420616	-8409.63
725	0.0420616	-8325.49
726	0.0420616	-8383.79
727	0.0420616	-8303.9
728	0.0420616	-8381.91
729	0.0420616	-8333.2
730	0.0420616	-8391.11
731	0.0420616	-8391.65
732	0.0420616	-8238.74
733	0.0420616	-8334.53
734	0.0420616	-8470.85
735	0.0420616	-8474.19
736	0.0420616	-8390.7
737	0.0420616	-8459.96
738	0.0420616	-8362.1
739	0.0420616	-8416.37
740	0.0420616	-8431.19
741	0.0420616	-8401.22
742	0.0420616	-8406.39
743	0.0420616	-8422.7
744	0.0420616	-8318.24
745	0.0420616	-8350.6
746	0.0420616	-8393.98
747	0.0420616	-8471.65
748	0.0420616	-8338.91
749	0.0420616	-8305.41
750	0.0420616	-8478.32
751	0.0420616	-8498.29
752	0.0420616	-8482.06
753	0.0420616	-8371.55
754	0.0420616	-8399.68
755	0.0420616	-8457.55
756	0.0420616	-8494.76
757	0.0420616	-8596.75
758	0.0420616	-8554.51
759	0.0420616	-8512.06
760	0.0420616	-8465.54
761	0.0420616	-8534.31
762	0.0420616	-8502.62
763	0.0420616	-8585.88
764	0.0420616	-8495.17
765	0.0420616	-8450.33
766	0.0420616	-8417.03
767	0.0420616	-8555.42
768	0.0420616	-8387.24
769	0.0420616	-8386.87
770	0.0420616	-8287.6
771	0.0420616	-8381.5
772	0.0420616	-8407.95
773	0.0420616	-8458.5
774	0.0420616	-8532.44
775	0.0420616	-8379.67
776	0.0420616	-8458.77
777	0.0420616	-8372.1
778	0.0420616	-8431.12
779	0.0420616	-8343.07
780	0.0420616	-8371.11
781	0.0420616	-8344.96
782	0.0420616	-8398.03
783	0.0420616	-8516.26
784	0.0420616	-8509.57
785	0.0420616	-8441.85
786	0.0420616	-8392.34
787	0.0420616	-8464.64
788	0.0420616	-8464.22
789	0.0420616	-8361.91
790	0.0420616	-8442.23
791	0.0420616	-8424.92
792	0.0420616	-8486.3
793	0.0420616	-8440.82
794	0.0420616	-8464.66
795	0.0420616	-8510.98
796	0.0420616	-8374.03
797	0.0420616	-8515.77
798	0.0420616	-8404.06
799	0.0420616	-8396.34
800	0.0420616	-8439.76
801	0.0420616	-8471.63
802	0.0420616	-8384.13
803	0.0420616	-8423
804	0.0420616	-8471.63
805	0.0420616	-8404.78
806	0.0420616	-8411.21
807	0.0420616	-8440.17
808	0.0420616	-8463.29
809	0.0420616	-8535.77
810	0.0420616	-8278.4
811	0.0420616	-8306.98
812	0.0420616	-8408.39
813	0.0420616	-8471.54
814	0.0420616	-8431.17
815	0.0420616	-8419.4
816	0.0420616	-8333.53
817	0.0420616	-8441.17
818	0.0420616	-8514.93
819	0.0420616	-8450.54
820	0.0420616	-8477.14
821	0.0420616	-8486.55
822	0.0420616	-8445.41
823	0.0420616	-8506.83
824	0.0420616	-8581.1
825	0.0420616	-8395.76
826	0.0420616	-8447.56
827	0.0420616	-8481.71
828	0.0420616	-8353.31
829	0.0420616	-8387.38
830	0.0420616	-8375.11
831	0.0420616	-8409.65
832	0.0420616	-8282.78
833	0.0420616	-8333.09
834	0.0420616	-8404.1
835	0.0420616	-8308.1
836	0.0420616	-8343.56
837	0.0420616	-8383.7
838	0.0420616	-8473.75
839	0.0420616	-8428.43
840	0.0420616	-8437.79
841	0.0420616	-8479.29
842	0.0420616	-8537.8
843	0.0420616	-8440.93
844	0.0420616	-8640.52
845	0.0420616	-8594.49
846	0.0420616	-8359.51
847	0.0420616	-8366.12
848	0.0420616	-8390.95
849	0.0420616	-8414.99
850	0.0420616	-8446.22
851	0.0420616	-8465.05
852	0.0420616	-8524.52
853	0.0420616	-8499.8
854	0.0420616	-8409.92
855	0.0420616	-8401.56
856	0.0420616	-8347.38
857	0.0420616	-8302.76
858	0.0420616	-8474.76
859	0.0420616	-8335.38
860	0.0420616	-8320.81
861	0.0420616	-8344.43
862	0.0420616	-8395.27
863	0.0420616	-8547.83
864	0.0420616	-8466.58
865	0.0420616	-8398.63
866	0.0420616	-8408.84
867	0.0420616	-8448.89
868	0.0420616	-8426.17
869	0.0420616	-8439.42
870	0.0420616	-8365.75
871	0.0420616	-8391.6
872	0.0420616	-8532.42
873	0.0420616	-8531.03
874	0.0420616	-8458.52
875	0.0420616	-8330.63
876	0.0420616	-8316.48
877	0.0420616	-8436.93
878	0.0420616	-8460.34
879	0.0420616	-8502.51
880	0.0420616	-8379.62
881	0.0420616	-8458.58
882	0.0420616	-8345.99
883	0.0420616	-8336.42
884	0.0420616	-8356
885	0.0420616	-8462.9
886	0.0420616	-8575.65
887	0.0420616	-8466.06
888	0.0420616	-8487.66
889	0.0420616	-8397.31
890	0.0420616	-8427.97
891	0.0420616	-8446.71
892	0.0420616	-8573.31
893	0.0420616	-8483.9
894	0.0420616	-8599.82
895	0.0420616	-8576.18
896	0.0420616	-8520.3
897	0.0420616	-8410.14
898	0.0420616	-8435.57
899	0.0420616	-8454.49
900	0.0420616	-8429.41
901	0.0420616	-8349.43
902	0.0420616	-8419.94
903	0.0420616	-8482.83
904	0.0420616	-8487.66
905	0.0420616	-8662.31
906	0.0420616	-8460.18
907	0.0420616	-8416.45
908	0.0420616	-8421.92
909	0.0420616	-8450.64
910	0.0420616	-8520.12
911	0.0420616	-8529.96
912	0.0420616	-8511.65
913	0.0420616	-8601.88
914	0.0420616	-8608.3
915	0.0420616	-8530.48
916	0.0420616	-8530.87
917	0.0420616	-8570.3
918	0.0420616	-8475.46
919	0.0420616	-8371.37
920	0.0420616	-8391.97
921	0.0420616	-8404.03
922	0.0420616	-8478.59
923	0.0420616	-8457.97
924	0.0420616	-8440.61
925	0.0420616	-8597.48
926	0.0420616	-8600.64
927	0.0420616	-8590.19
928	0.0420616	-8403.26
929	0.0420616	-8477.4
930	0.0420616	-8402.34
931	0.0420616	-8496.22
932	0.0420616	-8492.91
933	0.0420616	-8636.55
934	0.0420616	-8545.06
935	0.0420616	-8582.41
936	0.0420616	-8626.41
937	0.0420616	-8417.77
938	0.0420616	-8526.6
939	0.0420616	-8484.16
940	0.0420616	-8390.92
941	0.0420616	-8466.91
942	0.0420616	-8576.46
943	0.0420616	-8431.17
944	0.0420616	-8501.67
945	0.0420616	-8575.83
946	0.0420616	-8472.43
947	0.0420616	-8598.98
948	0.0420616	-8712
949	0.0420616	-8380.1
950	0.0420616	-8526.94
951	0.0420616	-8417.84
952	0.0420616	-8477.54
953	0.0420616	-8359.38
954	0.0420616	-8451.57
955	0.0420616	-8553.98
956	0.0420616	-8421.27
957	0.0420616	-8437.51
958	0.0420616	-8332.5
959	0.0420616	-8542.26
960	0.0420616	-8423.71
961	0.0420616	-8584.72
962	0.0420616	-8507.94
963	0.0420616	-8468.24
964	0.0420616	-8441.02
965	0.0420616	-8467.38
966	0.0420616	-8675.92
967	0.0420616	-8557.65
968	0.0420616	-8548.5
969	0.0420616	-8501.31
970	0.0420616	-8429.25
971	0.0420616	-8394.63
972	0.0420616	-8266.45
973	0.0420616	-8411.26
974	0.0420616	-8433.96
975	0.0420616	-8454.72
976	0.0420616	-8617.59
977	0.0420616	-8509.42
978	0.0420616	-8516.39
979	0.0420616	-8546.2
980	0.0420616	-8585.61
981	0.0420616	-8560.97
982	0.0420616	-8560.53
983	0.0420616	-8459.92
984	0.0420616	-8514.36
985	0.0420616	-8439.01
986	0.0420616	-8448.4
987	0.0420616	-8506.63
988	0.0420616	-8401.7
989	0.0420616	-8474.6
990	0.0420616	-8432.79
991	0.0420616	-8526.9
992	0.0420616	-8463.36
993	0.0420616	-8565.39
994	0.0420616	-8531.67
995	0.0420616	-8462.27
996	0.0420616	-8387.79
997	0.0420616	-8424.42
998	0.0420616	-8507.6
999	0.0420616	-8582.39
1000	0.0420616	-8590.96
251	0.0345716	-8724.56
252	0.0345716	-8604.39
253	0.0345716	-8458.03
254	0.0345716	-8564.89
255	0.0345716	-8671.66
256	0.0345716	-8391.86
257	0.0345716	-8419.62
258	0.0345716	-8624.13
259	0.0345716	-8667.92
260	0.0345716	-8506.69
261	0.0345716	-8611.17
262	0.0345716	-8572.55
263	0.0345716	-8618.77
264	0.0345716	-8617.02
265	0.0345716	-8567.3
266	0.0345716	-8654.81
267	0.0345716	-8498.99
268	0.0345716	-8575.9
269	0.0345716	-8537.39
270	0.0345716	-8548.39
271	0.0345716	-8625.78
272	0.0345716	-8546.44
273	0.0345716	-8565.19
274	0.0345716	-8600.37
275	0.0345716	-8484.75
276	0.0345716	-8472.73
277	0.0345716	-8655.78
278	0.0345716	-8668.34
279	0.0345716	-8713.91
280	0.0345716	-8643.96
281	0.0345716	-8631.37
282	0.0345716	-8503.91
283	0.0345716	-8494.24
284	0.0345716	-8437.41
285	0.0345716	-8465.89
286	0.0345716	-8515.56
287	0.0345716	-8515.27
288	0.0345716	-8464.9
289	0.0345716	-8545.68
290	0.0345716	-8462.25
291	0.0345716	-8485.04
292	0.0345716	-8379.13
293	0.0345716	-8445.46
294	0.0345716	-8440.57
295	0.0345716	-8550.42
296	0.0345716	-8573.42
297	0.0345716	-8590.37
298	0.0345716	-8692.73
299	0.0345716	-8582.76
300	0.0345716	-8538.08
301	0.0345716	-8521.11
302	0.0345716	-8544.57
303	0.0345716	-8461.15
304	0.0345716	-8439.37
305	0.0345716	-8501.78
306	0.0345716	-8536.72
307	0.0345716	-8483.68
308	0.0345716	-8491.37
309	0.0345716	-8644.05
310	0.0345716	-8614.88
311	0.0345716	-8458.83
312	0.0345716	-8651.38
313	0.0345716	-8731.38
314	0.0345716	-8496.5
315	0.0345716	-8558.29
316	0.0345716	-8524.61
317	0.0345716	-8678.59
318	0.0345716	-8665.72
319	0.0345716	-8555.71
320	0.0345716	-8503.03
321	0.0345716	-8401.19
322	0.0345716	-8365.37
323	0.0345716	-8481.33
324	0.0345716	-8488.07
325	0.0345716	-8499.06
326	0.0345716	-8434.39
327	0.0345716	-8594.61
328	0.0345716	-8552.36
329	0.0345716	-8535.25
330	0.0345716	-8501.26
331	0.0345716	-8569.63
332	0.0345716	-8524.72
333	0.0345716	-8564.09
334	0.0345716	-8484.83
335	0.0345716	-8407.76
336	0.0345716	-8571.36
337	0.0345716	-8583.03
338	0.0345716	-8508.68
339	0.0345716	-8460.31
340	0.0345716	-8489.41
341	0.0345716	-8512.88
342	0.0345716	-8553.49
343	0.0345716	-8461.14
344	0.0345716	-8612.24
345	0.0345716	-8619.6
346	0.0345716	-8515.19
347	0.0345716	-8573.17
348	0.0345716	-8569.97
349	0.0345716	-8613.62
350	0.0345716	-8567.64
351	0.0345716	-8604.06
352	0.0345716	-8689.67
353	0.0345716	-8604.93
354	0.0345716	-8618.21
355	0.0345716	-8557.88
356	0.0345716	-8455.29
357	0.0345716	-8388.32
358	0.0345716	-8473.33
359	0.0345716	-8702.96
360	0.0345716	-8721.47
361	0.0345716	-8515.1
362	0.0345716	-8404.97
363	0.0345716	-8335.1
364	0.0345716	-8585.32
365	0.0345716	-8444.25
366	0.0345716	-8473.49
367	0.0345716	-8592.58
368	0.0345716	-8412.15
369	0.0345716	-8433.26
370	0.0345716	-8439.88
371	0.0345716	-8420.18
372	0.0345716	-8309.25
373	0.0345716	-8466.33
374	0.0345716	-8472.61
375	0.0345716	-8382.18
376	0.0345716	-8459.37
377	0.0345716	-8562.03
378	0.0345716	-8472.2
379	0.0345716	-8384.29
380	0.0345716	-8433.51
381	0.0345716	-8543.92
382	0.0345716	-8493.33
383	0.0345716	-8463.93
384	0.0345716	-8482.54
385	0.0345716	-8451.56
386	0.0345716	-8448.09
387	0.0345716	-8563.06
388	0.0345716	-8516.89
389	0.0345716	-8536.37
390	0.0345716	-8670.63
391	0.0345716	-8583.38
392	0.0345716	-8555.58
393	0.0345716	-8579.76
394	0.0345716	-8490.11
395	0.0345716	-8391.14
396	0.0345716	-8693.15
397	0.0345716	-8476.98
398	0.0345716	-8627.89
399	0.0345716	-8771.07
400	0.0345716	-8906.15
401	0.0345716	-8533.91
402	0.0345716	-8719.77
403	0.0345716	-8583.04
404	0.0345716	-8701.87
405	0.0345716	-8656.01
406	0.0345716	-8502.15
407	0.0345716	-8578.81
408	0.0345716	-8638.66
409	0.0345716	-8508.29
410	0.0345716	-8597.62
411	0.0345716	-8645.12
412	0.0345716	-8558.23
413	0.0345716	-8635.92
414	0.0345716	-8727.31
415	0.0345716	-8592.17
416	0.0345716	-8643.43
417	0.0345716	-8566.48
418	0.0345716	-8512.21
419	0.0345716	-8583.85
420	0.0345716	-8646.57
421	0.0345716	-8500.59
422	0.0345716	-8372.24
423	0.0345716	-8537.63
424	0.0345716	-8510.77
425	0.0345716	-8542.86
426	0.0345716	-8417.78
427	0.0345716	-8446.89
428	0.0345716	-8426.39
429	0.0345716	-8537.5
430	0.0345716	-8581.32
431	0.0345716	-8667.91
432	0.0345716	-8546.31
433	0.0345716	-8444.05
434	0.0345716	-8645.7
435	0.0345716	-8557.8
436	0.0345716	-8459.65
437	0.0345716	-8487.6
438	0.0345716	-8584.65
439	0.0345716	-8698.35
440	0.0345716	-8510.5
441	0.0345716	-8423.89
442	0.0345716	-8483.25
443	0.0345716	-8569.8
444	0.0345716	-8476.09
445	0.0345716	-8583.86
446	0.0345716	-8494.92
447	0.0345716	-8504.01
448	0.0345716	-8556.17
449	0.0345716	-8305.48
450	0.0345716	-8475.22
451	0.0345716	-8479.13
452	0.0345716	-8591.1
453	0.0345716	-8845.28
454	0.0345716	-8565.31
455	0.0345716	-8424.92
456	0.0345716	-8419.92
457	0.0345716	-8340.63
458	0.0345716	-8461.09
459	0.0345716	-8384.91
460	0.0345716	-8459.29
461	0.0345716	-8423.57
462	0.0345716	-8557.21
463	0.0345716	-8655.98
464	0.0345716	-8559.65
465	0.0345716	-8621.32
466	0.0345716	-8515.9
467	0.0345716	-8459.33
468	0.0345716	-8285.77
469	0.0345716	-8348.5
470	0.0345716	-8349.37
471	0.0345716	-8344.04
472	0.0345716	-8573.99
473	0.0345716	-8424.61
474	0.0345716	-8561.98
475	0.0345716	-8528.87
476	0.0345716	-8555.91
477	0.0345716	-8558.67
478	0.0345716	-8657.4
479	0.0345716	-8602.72
480	0.0345716	-8335.83
481	0.0345716	-8288.03
482	0.0345716	-8405.74
483	0.0345716	-8349.69
484	0.0345716	-8304.67
485	0.0345716	-8547.73
486	0.0345716	-8558.17
487	0.0345716	-8460.39
488	0.0345716	-8435.25
489	0.0345716	-8376.84
490	0.0345716	-8395.3
491	0.0345716	-8516.57
492	0.0345716	-8422.92
493	0.0345716	-8400.73
494	0.0345716	-8578.38
495	0.0345716	-8409.08
496	0.0345716	-8471.34
497	0.0345716	-8449.45
498	0.0345716	-8465.93
499	0.0345716	-8522.43
500	0.0345716	-8520.37
501	0.0345716	-8481.56
502	0.0345716	-8421.22
503	0.0345716	-8530.2
504	0.0345716	-8545.11
505	0.0345716	-8513.05
506	0.0345716	-8595.84
507	0.0345716	-8425.78
508	0.0345716	-8526.47
509	0.0345716	-8562.47
510	0.0345716	-8571.84
511	0.0345716	-8427.92
512	0.0345716	-8365.53
513	0.0345716	-8577.4
514	0.0345716	-8400.88
515	0.0345716	-8479.95
516	0.0345716	-8500.57
517	0.0345716	-8556.11
518	0.0345716	-8600.87
519	0.0345716	-8553.69
520	0.0345716	-8725.28
521	0.0345716	-8717.66
522	0.0345716	-8616.4
523	0.0345716	-8535.12
524	0.0345716	-8494.35
525	0.0345716	-8442.06
526	0.0345716	-8381.19
527	0.0345716	-8422.69
528	0.0345716	-8485.48
529	0.0345716	-8595.51
530	0.0345716	-8590.08
531	0.0345716	-8766.17
532	0.0345716	-8700.12
533	0.0345716	-8625.9
534	0.0345716	-8493.84
535	0.0345716	-8598.6
536	0.0345716	-8509.11
537	0.0345716	-8499.8
538	0.0345716	-8605.67
539	0.0345716	-8629.41
540	0.0345716	-8809.17
541	0.0345716	-8735.1
542	0.0345716	-8597.19
543	0.0345716	-8523.95
544	0.0345716	-8402.64
545	0.0345716	-8536.66
546	0.0345716	-8664.98
547	0.0345716	-8398.44
548	0.0345716	-8436.49
549	0.0345716	-8545.73
550	0.0345716	-8431.37
551	0.0345716	-8394.82
552	0.0345716	-8435.62
553	0.0345716	-8550.26
554	0.0345716	-8458.87
555	0.0345716	-8391.77
556	0.0345716	-8362.04
557	0.0345716	-8443.43
558	0.0345716	-8522.51
559	0.0345716	-8490.55
560	0.0345716	-8528.83
561	0.0345716	-8552.48
562	0.0345716	-8479.01
563	0.0345716	-8452.54
564	0.0345716	-8583.37
565	0.0345716	-8537.93
566	0.0345716	-8642.82
567	0.0345716	-8584.66
568	0.0345716	-8684.8
569	0.0345716	-8463.58
570	0.0345716	-8564.23
571	0.0345716	-8462.91
572	0.0345716	-8588.07
573	0.0345716	-8498.17
574	0.0345716	-8446.77
575	0.0345716	-8713.35
576	0.0345716	-8617.02
577	0.0345716	-8497.51
578	0.0345716	-8550.35
579	0.0345716	-8531.84
580	0.0345716	-8501.54
581	0.0345716	-8717.32
582	0.0345716	-8821.55
583	0.0345716	-8575.03
584	0.0345716	-8347.93
585	0.0345716	-8532.51
586	0.0345716	-8572.32
587	0.0345716	-8845.17
588	0.0345716	-8892.88
589	0.0345716	-8511.2
590	0.0345716	-8410.53
591	0.0345716	-8636.94
592	0.0345716	-8551.5
593	0.0345716	-8612.33
594	0.0345716	-8378.48
595	0.0345716	-8408.65
596	0.0345716	-8452.09
597	0.0345716	-8472.15
598	0.0345716	-8509.63
599	0.0345716	-8520.38
600	0.0345716	-8567.09
601	0.0345716	-8522.64
602	0.0345716	-8698.49
603	0.0345716	-8614.18
604	0.0345716	-8585.01
605	0.0345716	-8580.11
606	0.0345716	-8539.88
607	0.0345716	-8533.06
608	0.0345716	-8548.77
609	0.0345716	-8721.34
610	0.0345716	-8688.85
611	0.0345716	-8735.79
612	0.0345716	-8602.82
613	0.0345716	-8480.07
614	0.0345716	-8576.98
615	0.0345716	-8474.83
616	0.0345716	-8467.21
617	0.0345716	-8511.33
618	0.0345716	-8561.99
619	0.0345716	-8654.32
620	0.0345716	-8520.94
621	0.0345716	-8657.2
622	0.0345716	-8561.84
623	0.0345716	-8519.55
624	0.0345716	-8269.95
625	0.0345716	-8330.29
626	0.0345716	-8367.99
627	0.0345716	-8524.55
628	0.0345716	-8613.22
629	0.0345716	-8639.63
630	0.0345716	-8634.94
631	0.0345716	-8545.54
632	0.0345716	-8630.38
633	0.0345716	-8562.19
634	0.0345716	-8643.79
635	0.0345716	-8623.78
636	0.0345716	-8568.87
637	0.0345716	-8512.21
638	0.0345716	-8521.43
639	0.0345716	-8547.78
640	0.0345716	-8461.58
641	0.0345716	-8699.16
642	0.0345716	-8644.78
643	0.0345716	-8902.17
644	0.0345716	-8759.41
645	0.0345716	-8875.15
646	0.0345716	-8744.37
647	0.0345716	-8429.49
648	0.0345716	-8592.82
649	0.0345716	-8586.12
650	0.0345716	-8341.82
651	0.0345716	-8487.68
652	0.0345716	-8676.55
653	0.0345716	-8582.09
654	0.0345716	-8556.06
655	0.0345716	-8624.04
656	0.0345716	-8670.38
657	0.0345716	-8594.25
658	0.0345716	-8408.76
659	0.0345716	-8739.55
660	0.0345716	-8530.71
661	0.0345716	-8647.86
662	0.0345716	-8605.14
663	0.0345716	-8477.48
664	0.0345716	-8536.23
665	0.0345716	-8536.37
666	0.0345716	-8520.52
667	0.0345716	-8558.65
668	0.0345716	-8561.17
669	0.0345716	-8661.03
670	0.0345716	-8496.2
671	0.0345716	-8487.46
672	0.0345716	-8523.4
673	0.0345716	-8450.31
674	0.0345716	-8419.54
675	0.0345716	-8507.42
676	0.0345716	-8596.6
677	0.0345716	-8483.63
678	0.0345716	-8444.28
679	0.0345716	-8426.11
680	0.0345716	-8597.89
681	0.0345716	-8673.77
682	0.0345716	-8464.04
683	0.0345716	-8492.35
684	0.0345716	-8484.39
685	0.0345716	-8590.14
686	0.0345716	-8515.58
687	0.0345716	-8641.99
688	0.0345716	-8558.26
689	0.0345716	-8571.26
690	0.0345716	-8590.08
691	0.0345716	-8618.54
692	0.0345716	-8647.5
693	0.0345716	-8679.15
694	0.0345716	-8784.01
695	0.0345716	-8507.42
696	0.0345716	-8633.14
697	0.0345716	-8608.99
698	0.0345716	-8528.01
699	0.0345716	-8412.94
700	0.0345716	-8447.13
701	0.0345716	-8534.25
702	0.0345716	-8407.18
703	0.0345716	-8532.77
704	0.0345716	-8614.42
705	0.0345716	-8635.85
706	0.0345716	-8352
707	0.0345716	-8399.73
708	0.0345716	-8440.19
709	0.0345716	-8656.08
710	0.0345716	-8641.27
711	0.0345716	-8764.74
712	0.0345716	-8619.68
713	0.0345716	-8744.85
714	0.0345716	-8448.17
715	0.0345716	-8585.42
716	0.0345716	-8488.8
717	0.0345716	-8396.98
718	0.0345716	-8408.51
719	0.0345716	-8556.21
720	0.0345716	-8442.17
721	0.0345716	-8531.51
722	0.0345716	-8449.95
723	0.0345716	-8483.25
724	0.0345716	-8415.42
725	0.0345716	-8355.1
726	0.0345716	-8501.39
727	0.0345716	-8629.7
728	0.0345716	-8527.9
729	0.0345716	-8498.33
730	0.0345716	-8576.2
731	0.0345716	-8510.31
732	0.0345716	-8715.72
733	0.0345716	-8610.14
734	0.0345716	-8642.71
735	0.0345716	-8362.71
736	0.0345716	-8592.1
737	0.0345716	-8518.09
738	0.0345716	-8483.69
739	0.0345716	-8477.94
740	0.0345716	-8478.17
741	0.0345716	-8443.57
742	0.0345716	-8389.07
743	0.0345716	-8577.29
744	0.0345716	-8523.42
745	0.0345716	-8592.84
746	0.0345716	-8502.62
747	0.0345716	-8491.87
748	0.0345716	-8392.94
749	0.0345716	-8587.77
750	0.0345716	-8580.14
751	0.0345716	-8626.47
752	0.0345716	-8581.4
753	0.0345716	-8764.23
754	0.0345716	-8640.19
755	0.0345716	-8450.6
756	0.0345716	-8407.69
757	0.0345716	-8435.13
758	0.0345716	-8478.68
759	0.0345716	-8598.5
760	0.0345716	-8517.51
761	0.0345716	-8491.7
762	0.0345716	-8544.91
763	0.0345716	-8774.25
764	0.0345716	-8502.53
765	0.0345716	-8554.42
766	0.0345716	-8512.19
767	0.0345716	-8538.03
768	0.0345716	-8638.82
769	0.0345716	-8596.99
770	0.0345716	-8438.51
771	0.0345716	-8659.54
772	0.0345716	-8405.81
773	0.0345716	-8482.39
774	0.0345716	-8600.87
775	0.0345716	-8476.08
776	0.0345716	-8448.36
777	0.0345716	-8620.98
778	0.0345716	-8573.72
779	0.0345716	-8709.69
780	0.0345716	-8854.95
781	0.0345716	-8747.31
782	0.0345716	-8470.34
783	0.0345716	-8464.87
784	0.0345716	-8438.33
785	0.0345716	-8504.4
786	0.0345716	-8509.51
787	0.0345716	-8491.52
788	0.0345716	-8415.54
789	0.0345716	-8388.25
790	0.0345716	-8412.83
791	0.0345716	-8418.05
792	0.0345716	-8397.71
793	0.0345716	-8452.03
794	0.0345716	-8433.86
795	0.0345716	-8538.95
796	0.0345716	-8633.18
797	0.0345716	-8635.54
798	0.0345716	-8667.43
799	0.0345716	-8531.51
800	0.0345716	-8386.6
801	0.0345716	-8443.84
802	0.0345716	-8553.17
803	0.0345716	-8517.64
804	0.0345716	-8635.94
805	0.0345716	-8671.74
806	0.0345716	-8616.58
807	0.0345716	-8474.94
808	0.0345716	-8601.45
809	0.0345716	-8481.34
810	0.0345716	-8447.49
811	0.0345716	-8522.78
812	0.0345716	-8455.58
813	0.0345716	-8378.34
814	0.0345716	-8497.71
815	0.0345716	-8444.16
816	0.0345716	-8536.22
817	0.0345716	-8553.37
818	0.0345716	-8460.84
819	0.0345716	-8534.1
820	0.0345716	-8565.6
821	0.0345716	-8721.37
822	0.0345716	-8660.82
823	0.0345716	-8672.96
824	0.0345716	-8724.98
825	0.0345716	-8492.07
826	0.0345716	-8434.06
827	0.0345716	-8558.57
828	0.0345716	-8572.59
829	0.0345716	-8441.71
830	0.0345716	-8482.32
831	0.0345716	-8478.04
832	0.0345716	-8424.51
833	0.0345716	-8530.12
834	0.0345716	-8542.81
835	0.0345716	-8515.61
836	0.0345716	-8670.69
837	0.0345716	-8620.27
838	0.0345716	-8688.1
839	0.0345716	-8701.38
840	0.0345716	-8685.07
841	0.0345716	-8660.17
842	0.0345716	-8610.86
843	0.0345716	-8563.72
844	0.0345716	-8341.26
845	0.0345716	-8482.7
846	0.0345716	-8552.68
847	0.0345716	-8486.23
848	0.0345716	-8487.03
849	0.0345716	-8520.85
850	0.0345716	-8489.43
851	0.0345716	-8419.47
852	0.0345716	-8398.46
853	0.0345716	-8495.4
854	0.0345716	-8402.74
855	0.0345716	-8441.25
856	0.0345716	-8376.04
857	0.0345716	-8471.4
858	0.0345716	-8349.05
859	0.0345716	-8383.62
860	0.0345716	-8550.73
861	0.0345716	-8460.15
862	0.0345716	-8413.16
863	0.0345716	-8588.16
864	0.0345716	-8438.16
865	0.0345716	-8550.77
866	0.0345716	-8603.16
867	0.0345716	-8485.85
868	0.0345716	-8477.82
869	0.0345716	-8454.22
870	0.0345716	-8568.11
871	0.0345716	-8437.12
872	0.0345716	-8555.49
873	0.0345716	-8402.46
874	0.0345716	-8318.33
875	0.0345716	-8466.12
876	0.0345716	-8643.6
877	0.0345716	-8615.62
878	0.0345716	-8608.27
879	0.0345716	-8643.73
880	0.0345716	-8642.95
881	0.0345716	-8490.04
882	0.0345716	-8393.54
883	0.0345716	-8496.77
884	0.0345716	-8507.3
885	0.0345716	-8592.9
886	0.0345716	-8556.75
887	0.0345716	-8612.8
888	0.0345716	-8431.25
889	0.0345716	-8411.95
890	0.0345716	-8547.62
891	0.0345716	-8295.44
892	0.0345716	-8382.76
893	0.0345716	-8373.57
894	0.0345716	-8521.57
895	0.0345716	-8519.16
896	0.0345716	-8425.5
897	0.0345716	-8382.37
898	0.0345716	-8476.4
899	0.0345716	-8618.94
900	0.0345716	-8616.84
901	0.0345716	-8730.37
902	0.0345716	-8661.25
903	0.0345716	-8529.52
904	0.0345716	-8516.61
905	0.0345716	-8481.1
906	0.0345716	-8513.75
907	0.0345716	-8561.7
908	0.0345716	-8696.09
909	0.0345716	-8609.97
910	0.0345716	-8481.7
911	0.0345716	-8539.6
912	0.0345716	-8510.02
913	0.0345716	-8536.44
914	0.0345716	-8581.85
915	0.0345716	-8650.13
916	0.0345716	-8586.03
917	0.0345716	-8569.1
918	0.0345716	-8585.75
919	0.0345716	-8520.1
920	0.0345716	-8557.64
921	0.0345716	-8549.58
922	0.0345716	-8509.68
923	0.0345716	-8562.7
924	0.0345716	-8456.5
925	0.0345716	-8480.3
926	0.0345716	-8407.19
927	0.0345716	-8422.91
928	0.0345716	-8526.09
929	0.0345716	-8461.14
930	0.0345716	-8505.38
931	0.0345716	-8616.25
932	0.0345716	-8473.4
933	0.0345716	-8555.18
934	0.0345716	-8739.53
935	0.0345716	-8626.21
936	0.0345716	-8516.02
937	0.0345716	-8610.39
938	0.0345716	-8725.4
939	0.0345716	-8487.75
940	0.0345716	-8548.06
941	0.0345716	-8582.91
942	0.0345716	-8501.17
943	0.0345716	-8572.51
944	0.0345716	-8440.38
945	0.0345716	-8601.36
946	0.0345716	-8476.29
947	0.0345716	-8533.01
948	0.0345716	-8405.89
949	0.0345716	-8519.64
950	0.0345716	-8517.38
951	0.0345716	-8487.83
952	0.0345716	-8474.77
953	0.0345716	-8464.37
954	0.0345716	-8550.4
955	0.0345716	-8444.4
956	0.0345716	-8610.69
957	0.0345716	-8396.05
958	0.0345716	-8530.75
959	0.0345716	-8435.94
960	0.0345716	-8597.32
961	0.0345716	-8549.4
962	0.0345716	-8569.78
963	0.0345716	-8486.04
964	0.0345716	-8494.97
965	0.0345716	-8472.07
966	0.0345716	-8548.13
967	0.0345716	-8528.05
968	0.0345716	-8592.89
969	0.0345716	-8608.65
970	0.0345716	-8405.13
971	0.0345716	-8572.05
972	0.0345716	-8623.6
973	0.0345716	-8615.78
974	0.0345716	-8369.57
975	0.0345716	-8429.88
976	0.0345716	-8356.38
977	0.0345716	-8449.55
978	0.0345716	-8381.86
979	0.0345716	-8500.76
980	0.0345716	-8728.77
981	0.0345716	-8660.8
982	0.0345716	-8550.76
983	0.0345716	-8550.46
984	0.0345716	-8744.51
985	0.0345716	-8850.52
986	0.0345716	-8787.47
987	0.0345716	-8591.39
988	0.0345716	-8647.81
989	0.0345716	-8643.38
990	0.0345716	-8552.35
991	0.0345716	-8520.93
992	0.0345716	-8393.65
993	0.0345716	-8359.46
994	0.0345716	-8384.02
995	0.0345716	-8532.05
996	0.0345716	-8455.52
997	0.0345716	-8334.6
998	0.0345716	-8422.85
999	0.0345716	-8646.67
1000	0.0345716	-8471.02
251	0.0281887	-8702.88
252	0.0281887	-8697.89
253	0.0281887	-8630.19
254	0.0281887	-8491.76
255	0.0281887	-8490.09
256	0.0281887	-8567.98
257	0.0281887	-8659.75
258	0.0281887	-8379.94
259	0.0281887	-8601.45
260	0.0281887	-8507.09
261	0.0281887	-8442.65
262	0.0281887	-8703.13
263	0.0281887	-8872.45
264	0.0281887	-8569.67
265	0.0281887	-8619.84
266	0.0281887	-8703.32
267	0.0281887	-8755.2
268	0.0281887	-8716.58
269	0.0281887	-8636.48
270	0.0281887	-8624.17
271	0.0281887	-8596.95
272	0.0281887	-8617.84
273	0.0281887	-8353.31
274	0.0281887	-8456.33
275	0.0281887	-8519.76
276	0.0281887	-8523.39
277	0.0281887	-8647.94
278	0.0281887	-8489.24
279	0.0281887	-8666.2
280	0.0281887	-8465.62
281	0.0281887	-8607.99
282	0.0281887	-8620.81
283	0.0281887	-8575.55
284	0.0281887	-8530.14
285	0.0281887	-8629.67
286	0.0281887	-8558.91
287	0.0281887	-8655.22
288	0.0281887	-8705.62
289	0.0281887	-8624.57
290	0.0281887	-8646.94
291	0.0281887	-8486.8
292	0.0281887	-8509.99
293	0.0281887	-8495.05
294	0.0281887	-8498.4
295	0.0281887	-8621.2
296	0.0281887	-8449.43
297	0.0281887	-8596.35
298	0.0281887	-8742.68
299	0.0281887	-8676.78
300	0.0281887	-8811.72
301	0.0281887	-8672.19
302	0.0281887	-8527.57
303	0.0281887	-8636.27
304	0.0281887	-8473.27
305	0.0281887	-8511.56
306	0.0281887	-8477.81
307	0.0281887	-8449.44
308	0.0281887	-8469.02
309	0.0281887	-8506.94
310	0.0281887	-8533.97
311	0.0281887	-8638.58
312	0.0281887	-8629.36
313	0.0281887	-8733.84
314	0.0281887	-8760.91
315	0.0281887	-8570.77
316	0.0281887	-8633.38
317	0.0281887	-8423.22
318	0.0281887	-8436.59
319	0.0281887	-8509.87
320	0.0281887	-8763.84
321	0.0281887	-8605.08
322	0.0281887	-8596.62
323	0.0281887	-8659.9
324	0.0281887	-8604.91
325	0.0281887	-8460.42
326	0.0281887	-8637.65
327	0.0281887	-8650.57
328	0.0281887	-8554.84
329	0.0281887	-8503.19
330	0.0281887	-8670.85
331	0.0281887	-8591.12
332	0.0281887	-8486.16
333	0.0281887	-8578.91
334	0.0281887	-8592.59
335	0.0281887	-8572.91
336	0.0281887	-8510.71
337	0.0281887	-8503.32
338	0.0281887	-8547.41
339	0.0281887	-8698.39
340	0.0281887	-8697.91
341	0.0281887	-8746.44
342	0.0281887	-8718.37
343	0.0281887	-8634.8
344	0.0281887	-8681.29
345	0.0281887	-8486.43
346	0.0281887	-8486.72
347	0.0281887	-8552.71
348	0.0281887	-8686.9
349	0.0281887	-8719.27
350	0.0281887	-8785.06
351	0.0281887	-8584.61
352	0.0281887	-8541.52
353	0.0281887	-8617.32
354	0.0281887	-8623.52
355	0.0281887	-8564.89
356	0.0281887	-8767.2
357	0.0281887	-8765.62
358	0.0281887	-8582.25
359	0.0281887	-8543.41
360	0.0281887	-8626.71
361	0.0281887	-8557.9
362	0.0281887	-8471.69
363	0.0281887	-8777.08
364	0.0281887	-8741.02
365	0.0281887	-8644.11
366	0.0281887	-8625.26
367	0.0281887	-8736.41
368	0.0281887	-8562.2
369	0.0281887	-8612.81
370	0.0281887	-8560.21
371	0.0281887	-8587.25
372	0.0281887	-8503.49
373	0.0281887	-8491.42
374	0.0281887	-8574.4
375	0.0281887	-8539.28
376	0.0281887	-8624.42
377	0.0281887	-8552.92
378	0.0281887	-8546.73
379	0.0281887	-8537.24
380	0.0281887	-8522.07
381	0.0281887	-8481.77
382	0.0281887	-8369.56
383	0.0281887	-8408.69
384	0.0281887	-8663.34
385	0.0281887	-8767.56
386	0.0281887	-8739.19
387	0.0281887	-8904.93
388	0.0281887	-8727.43
389	0.0281887	-8716.37
390	0.0281887	-8577.96
391	0.0281887	-8682.23
392	0.0281887	-8699.78
393	0.0281887	-8661.42
394	0.0281887	-8646.1
395	0.0281887	-8632.33
396	0.0281887	-8616.06
397	0.0281887	-8581.37
398	0.0281887	-8618.19
399	0.0281887	-8642.44
400	0.0281887	-8940.81
401	0.0281887	-8788.51
402	0.0281887	-8559.46
403	0.0281887	-8687.77
404	0.0281887	-8506.57
405	0.0281887	-8565.45
406	0.0281887	-8598.55
407	0.0281887	-8591.51
408	0.0281887	-8489.74
409	0.0281887	-8595.56
410	0.0281887	-8609.15
411	0.0281887	-8572.64
412	0.0281887	-8574.6
413	0.0281887	-8519.23
414	0.0281887	-8453.8
415	0.0281887	-8426.95
416	0.0281887	-8427.56
417	0.0281887	-8383.43
418	0.0281887	-8535.93
419	0.0281887	-8539.77
420	0.0281887	-8709.24
421	0.0281887	-8589.4
422	0.0281887	-8581.5
423	0.0281887	-8708.64
424	0.0281887	-8722.8
425	0.0281887	-8746.83
426	0.0281887	-8654.06
427	0.0281887	-8704.17
428	0.0281887	-8719.66
429	0.0281887	-8456.17
430	0.0281887	-8551.48
431	0.0281887	-8561.05
432	0.0281887	-8501.37
433	0.0281887	-8494.3
434	0.0281887	-8396.78
435	0.0281887	-8509.46
436	0.0281887	-8692.45
437	0.0281887	-8756.43
438	0.0281887	-8640.04
439	0.0281887	-8633.52
440	0.0281887	-8519.93
441	0.0281887	-8411.01
442	0.0281887	-8623.34
443	0.0281887	-8519.33
444	0.0281887	-8543
445	0.0281887	-8724.23
446	0.0281887	-8598.23
447	0.0281887	-8484.05
448	0.0281887	-8516.74
449	0.0281887	-8522.56
450	0.0281887	-8425.23
451	0.0281887	-8588.38
452	0.0281887	-8893.99
453	0.0281887	-8657.88
454	0.0281887	-8719.18
455	0.0281887	-8473.79
456	0.0281887	-8465.54
457	0.0281887	-8558.72
458	0.0281887	-8621.97
459	0.0281887	-8661.09
460	0.0281887	-8617.11
461	0.0281887	-8770.76
462	0.0281887	-8586.69
463	0.0281887	-8681.91
464	0.0281887	-8463.17
465	0.0281887	-8529.02
466	0.0281887	-8588.15
467	0.0281887	-8634.29
468	0.0281887	-8854.52
469	0.0281887	-8709.59
470	0.0281887	-8835.14
471	0.0281887	-8646.17
472	0.0281887	-8541.2
473	0.0281887	-8784.25
474	0.0281887	-8773.8
475	0.0281887	-8537.27
476	0.0281887	-8471.43
477	0.0281887	-8551.94
478	0.0281887	-8929.98
479	0.0281887	-8743.27
480	0.0281887	-8604.3
481	0.0281887	-8732
482	0.0281887	-8679.16
483	0.0281887	-8687.93
484	0.0281887	-8716.53
485	0.0281887	-8660.87
486	0.0281887	-8591.32
487	0.0281887	-8432.82
488	0.0281887	-8538.74
489	0.0281887	-8550.4
490	0.0281887	-8359.28
491	0.0281887	-8530
492	0.0281887	-8620.22
493	0.0281887	-8493.19
494	0.0281887	-8580.57
495	0.0281887	-8744.45
496	0.0281887	-8894.2
497	0.0281887	-8761.2
498	0.0281887	-8801.8
499	0.0281887	-8870.58
500	0.0281887	-8772.21
501	0.0281887	-8780.3
502	0.0281887	-8706.5
503	0.0281887	-8598.18
504	0.0281887	-8378.86
505	0.0281887	-8617.79
506	0.0281887	-8842.87
507	0.0281887	-8643.71
508	0.0281887	-8638.34
509	0.0281887	-8704.65
510	0.0281887	-8675.58
511	0.0281887	-8708.6
512	0.0281887	-8607.5
513	0.0281887	-8579.71
514	0.0281887	-8480.27
515	0.0281887	-8533.86
516	0.0281887	-8530.85
517	0.0281887	-8350.56
518	0.0281887	-8486.11
519	0.0281887	-8574.01
520	0.0281887	-8732.76
521	0.0281887	-8599.46
522	0.0281887	-8530.58
523	0.0281887	-8585.63
524	0.0281887	-8667.44
525	0.0281887	-8721.84
526	0.0281887	-8569.68
527	0.0281887	-8596.11
528	0.0281887	-8548.36
529	0.0281887	-8740.96
530	0.0281887	-8489.47
531	0.0281887	-8372.94
532	0.0281887	-8361.89
533	0.0281887	-8448.64
534	0.0281887	-8591.55
535	0.0281887	-8515.49
536	0.0281887	-8469.2
537	0.0281887	-8532.68
538	0.0281887	-8506.61
539	0.0281887	-8541.29
540	0.0281887	-8491.25
541	0.0281887	-8425.4
542	0.0281887	-8637.57
543	0.0281887	-8540.34
544	0.0281887	-8600.84
545	0.0281887	-8604
546	0.0281887	-8533.07
547	0.0281887	-8642.22
548	0.0281887	-8464.62
549	0.0281887	-8505.89
550	0.0281887	-8601.54
551	0.0281887	-8633.6
552	0.0281887	-8460.52
553	0.0281887	-8511.33
554	0.0281887	-8552.94
555	0.0281887	-8557.74
556	0.0281887	-8575.18
557	0.0281887	-8521.27
558	0.0281887	-8608.47
559	0.0281887	-8719.95
560	0.0281887	-8651.27
561	0.0281887	-8504.66
562	0.0281887	-8432.89
563	0.0281887	-8502.49
564	0.0281887	-8601.5
565	0.0281887	-8596.73
566	0.0281887	-8474.85
567	0.0281887	-8572.93
568	0.0281887	-8593.26
569	0.0281887	-8741.01
570	0.0281887	-8640.15
571	0.0281887	-8769.4
572	0.0281887	-8707.46
573	0.0281887	-8681.54
574	0.0281887	-8549.88
575	0.0281887	-8594.97
576	0.0281887	-8570.56
577	0.0281887	-8737
578	0.0281887	-8598.74
579	0.0281887	-8757.44
580	0.0281887	-8469.57
581	0.0281887	-8508.09
582	0.0281887	-8513.56
583	0.0281887	-8735.81
584	0.0281887	-8741.98
585	0.0281887	-8799.7
586	0.0281887	-8675.8
587	0.0281887	-8836.69
588	0.0281887	-8536.05
589	0.0281887	-8533.01
590	0.0281887	-8690.36
591	0.0281887	-8650.97
592	0.0281887	-8731.49
593	0.0281887	-8757.3
594	0.0281887	-8606.11
595	0.0281887	-8526.84
596	0.0281887	-8589.55
597	0.0281887	-8606.46
598	0.0281887	-8523.55
599	0.0281887	-8574.02
600	0.0281887	-8608.55
601	0.0281887	-8518.61
602	0.0281887	-8533.49
603	0.0281887	-8629.49
604	0.0281887	-8587.08
605	0.0281887	-8670.83
606	0.0281887	-8783.76
607	0.0281887	-8526.06
608	0.0281887	-8650.66
609	0.0281887	-8581.89
610	0.0281887	-8689.21
611	0.0281887	-8668.64
612	0.0281887	-8851.55
613	0.0281887	-8705.03
614	0.0281887	-8495.63
615	0.0281887	-8624.23
616	0.0281887	-8513.37
617	0.0281887	-8565.85
618	0.0281887	-8556.33
619	0.0281887	-8595.97
620	0.0281887	-8541.43
621	0.0281887	-8493.41
622	0.0281887	-8558.05
623	0.0281887	-8674.68
624	0.0281887	-8717.79
625	0.0281887	-8613.99
626	0.0281887	-8484.88
627	0.0281887	-8660.81
628	0.0281887	-8634.92
629	0.0281887	-8673.34
630	0.0281887	-8644.11
631	0.0281887	-8547.25
632	0.0281887	-8654.56
633	0.0281887	-8488.43
634	0.0281887	-8467.34
635	0.0281887	-8355.52
636	0.0281887	-8370.09
637	0.0281887	-8600.97
638	0.0281887	-8748.19
639	0.0281887	-8661.44
640	0.0281887	-8645.01
641	0.0281887	-8719.83
642	0.0281887	-8741.76
643	0.0281887	-8602.39
644	0.0281887	-8530.58
645	0.0281887	-8610.19
646	0.0281887	-8681.82
647	0.0281887	-8617.3
648	0.0281887	-8675.81
649	0.0281887	-8652.27
650	0.0281887	-8610.7
651	0.0281887	-8789.73
652	0.0281887	-8618.79
653	0.0281887	-8467.06
654	0.0281887	-8446.13
655	0.0281887	-8548.42
656	0.0281887	-8566.9
657	0.0281887	-8625.13
658	0.0281887	-8615.15
659	0.0281887	-8715.31
660	0.0281887	-8910.21
661	0.0281887	-8617.05
662	0.0281887	-8522.55
663	0.0281887	-8691.72
664	0.0281887	-8605.15
665	0.0281887	-8729.7
666	0.0281887	-8775.28
667	0.0281887	-8693.79
668	0.0281887	-8740.42
669	0.0281887	-8680.47
670	0.0281887	-8730.81
671	0.0281887	-8849.18
672	0.0281887	-8649.01
673	0.0281887	-8596.81
674	0.0281887	-8876.2
675	0.0281887	-8832.89
676	0.0281887	-8758.09
677	0.0281887	-8539.28
678	0.0281887	-8521.33
679	0.0281887	-8674.63
680	0.0281887	-8851.28
681	0.0281887	-8672.49
682	0.0281887	-8677.11
683	0.0281887	-8691.44
684	0.0281887	-8651.8
685	0.0281887	-8563.6
686	0.0281887	-8497.9
687	0.0281887	-8549.65
688	0.0281887	-8964.06
689	0.0281887	-8728.55
690	0.0281887	-8880.42
691	0.0281887	-8671.97
692	0.0281887	-8730.25
693	0.0281887	-8611.16
694	0.0281887	-8702.1
695	0.0281887	-8822.86
696	0.0281887	-8526.95
697	0.0281887	-8671.87
698	0.0281887	-8484.43
699	0.0281887	-8300.47
700	0.0281887	-8523.61
701	0.0281887	-8439.92
702	0.0281887	-8550.4
703	0.0281887	-8484.22
704	0.0281887	-8623.18
705	0.0281887	-8560.65
706	0.0281887	-8349.47
707	0.0281887	-8522.34
708	0.0281887	-8589.49
709	0.0281887	-8569.77
710	0.0281887	-8580.78
711	0.0281887	-8798.82
712	0.0281887	-8619.55
713	0.0281887	-8536.9
714	0.0281887	-8672.71
715	0.0281887	-8590.3
716	0.0281887	-8596.63
717	0.0281887	-8588.08
718	0.0281887	-8493.31
719	0.0281887	-8477.18
720	0.0281887	-8282.67
721	0.0281887	-8400.34
722	0.0281887	-8574.64
723	0.0281887	-8475.53
724	0.0281887	-8507.89
725	0.0281887	-8518.54
726	0.0281887	-8525.66
727	0.0281887	-8661.72
728	0.0281887	-8511.98
729	0.0281887	-8669.82
730	0.0281887	-8876.8
731	0.0281887	-8757.02
732	0.0281887	-8528.13
733	0.0281887	-8567.93
734	0.0281887	-8466.46
735	0.0281887	-8443.81
736	0.0281887	-8533.91
737	0.0281887	-8760.8
738	0.0281887	-8769.28
739	0.0281887	-8674.51
740	0.0281887	-8752.34
741	0.0281887	-8811.49
742	0.0281887	-8718.52
743	0.0281887	-8971.85
744	0.0281887	-8880.48
745	0.0281887	-8908.43
746	0.0281887	-9022.94
747	0.0281887	-8602.59
748	0.0281887	-8820.14
749	0.0281887	-8598
750	0.0281887	-8683.92
751	0.0281887	-8592.37
752	0.0281887	-8503.64
753	0.0281887	-8524.21
754	0.0281887	-8597.87
755	0.0281887	-8609.06
756	0.0281887	-8610.74
757	0.0281887	-8712.47
758	0.0281887	-8634.46
759	0.0281887	-8595.59
760	0.0281887	-8501.85
761	0.0281887	-8588.26
762	0.0281887	-8596.64
763	0.0281887	-8679.7
764	0.0281887	-8637.83
765	0.0281887	-8641.65
766	0.0281887	-8533.83
767	0.0281887	-8655.48
768	0.0281887	-8602.94
769	0.0281887	-8599.26
770	0.0281887	-8492.95
771	0.0281887	-8483.51
772	0.0281887	-8572.75
773	0.0281887	-8625.14
774	0.0281887	-8536.35
775	0.0281887	-8769.11
776	0.0281887	-8911.33
777	0.0281887	-8682.95
778	0.0281887	-8642.56
779	0.0281887	-8605.07
780	0.0281887	-8778.36
781	0.0281887	-8854.75
782	0.0281887	-8709.57
783	0.0281887	-8644.06
784	0.0281887	-8617.86
785	0.0281887	-8881.61
786	0.0281887	-8656.75
787	0.0281887	-8812.78
788	0.0281887	-8936.82
789	0.0281887	-8777.62
790	0.0281887	-8707.44
791	0.0281887	-8685.4
792	0.0281887	-8603.85
793	0.0281887	-8480.59
794	0.0281887	-8449.64
795	0.0281887	-8587.21
796	0.0281887	-8575.49
797	0.0281887	-8635.66
798	0.0281887	-8505.97
799	0.0281887	-8561.76
800	0.0281887	-8474.03
801	0.0281887	-8439.84
802	0.0281887	-8537.05
803	0.0281887	-8597.89
804	0.0281887	-8818.84
805	0.0281887	-8425.57
806	0.0281887	-8517.29
807	0.0281887	-8456.8
808	0.0281887	-8543.95
809	0.0281887	-8600.4
810	0.0281887	-8543.06
811	0.0281887	-8343.22
812	0.0281887	-8431.82
813	0.0281887	-8484.34
814	0.0281887	-8600.38
815	0.0281887	-8747.01
816	0.0281887	-8792
817	0.0281887	-8616.64
818	0.0281887	-8776
819	0.0281887	-8728.02
820	0.0281887	-8731.28
821	0.0281887	-8603.05
822	0.0281887	-8756.97
823	0.0281887	-8716.29
824	0.0281887	-8642.19
825	0.0281887	-8718.54
826	0.0281887	-8461.03
827	0.0281887	-8510.38
828	0.0281887	-8522.85
829	0.0281887	-8494.81
830	0.0281887	-8484.01
831	0.0281887	-8632.23
832	0.0281887	-8611.12
833	0.0281887	-8490.79
834	0.0281887	-8691.81
835	0.0281887	-8571.21
836	0.0281887	-8647.89
837	0.0281887	-8622.79
838	0.0281887	-8660.51
839	0.0281887	-8769.01
840	0.0281887	-8712.77
841	0.0281887	-8659.98
842	0.0281887	-8651.2
843	0.0281887	-8711.23
844	0.0281887	-8721.61
845	0.0281887	-8638.53
846	0.0281887	-8748.53
847	0.0281887	-8806.97
848	0.0281887	-8791.86
849	0.0281887	-8703.06
850	0.0281887	-8593.4
851	0.0281887	-8532.56
852	0.0281887	-8695.67
853	0.0281887	-8635.36
854	0.0281887	-8608.64
855	0.0281887	-8657.94
856	0.0281887	-8796.82
857	0.0281887	-8697.58
858	0.0281887	-8761.64
859	0.0281887	-8676.3
860	0.0281887	-8615.22
861	0.0281887	-8681.68
862	0.0281887	-8751.44
863	0.0281887	-8647.37
864	0.0281887	-8588.28
865	0.0281887	-8404.01
866	0.0281887	-8564.19
867	0.0281887	-8550.55
868	0.0281887	-8893.56
869	0.0281887	-8908.68
870	0.0281887	-8679.79
871	0.0281887	-8590.47
872	0.0281887	-8387.84
873	0.0281887	-8560.24
874	0.0281887	-8701.21
875	0.0281887	-8689.76
876	0.0281887	-8561.07
877	0.0281887	-8523.02
878	0.0281887	-8596.66
879	0.0281887	-8589.29
880	0.0281887	-8683.34
881	0.0281887	-8641.53
882	0.0281887	-8605
883	0.0281887	-8423.55
884	0.0281887	-8430.66
885	0.0281887	-8621.97
886	0.0281887	-8706.61
887	0.0281887	-8635.98
888	0.0281887	-8768.11
889	0.0281887	-8999.26
890	0.0281887	-8617.89
891	0.0281887	-8623.09
892	0.0281887	-8700.5
893	0.0281887	-8809.37
894	0.0281887	-8674.71
895	0.0281887	-8565.22
896	0.0281887	-8570.07
897	0.0281887	-8665.83
898	0.0281887	-8608.66
899	0.0281887	-8558.17
900	0.0281887	-8502.57
901	0.0281887	-8387.84
902	0.0281887	-8460.37
903	0.0281887	-8571.38
904	0.0281887	-8616.64
905	0.0281887	-8644.97
906	0.0281887	-8551.14
907	0.0281887	-8646.91
908	0.0281887	-8644.39
909	0.0281887	-8659.42
910	0.0281887	-8583.71
911	0.0281887	-8534.05
912	0.0281887	-8808.51
913	0.0281887	-8596.01
914	0.0281887	-8591.38
915	0.0281887	-8594.84
916	0.0281887	-8447.16
917	0.0281887	-8464.6
918	0.0281887	-8470.23
919	0.0281887	-8595.94
920	0.0281887	-8795.82
921	0.0281887	-8527.64
922	0.0281887	-8653.34
923	0.0281887	-8676.51
924	0.0281887	-8482.31
925	0.0281887	-8619.9
926	0.0281887	-8706.91
927	0.0281887	-8733.24
928	0.0281887	-8576.45
929	0.0281887	-8739.98
930	0.0281887	-8572.78
931	0.0281887	-8700.71
932	0.0281887	-8730.77
933	0.0281887	-8580.8
934	0.0281887	-8567.39
935	0.0281887	-8629.03
936	0.0281887	-8657.38
937	0.0281887	-8627.17
938	0.0281887	-8546.91
939	0.0281887	-8626.49
940	0.0281887	-8553.91
941	0.0281887	-8608.02
942	0.0281887	-8526.94
943	0.0281887	-8706.15
944	0.0281887	-8459.62
945	0.0281887	-8494.1
946	0.0281887	-8495.28
947	0.0281887	-8536.64
948	0.0281887	-8530.08
949	0.0281887	-8515.96
950	0.0281887	-8569.46
951	0.0281887	-8874.15
952	0.0281887	-8565.13
953	0.0281887	-8631.77
954	0.0281887	-8704.11
955	0.0281887	-8760.37
956	0.0281887	-8616.68
957	0.0281887	-8766.74
958	0.0281887	-8569.99
959	0.0281887	-8761.89
960	0.0281887	-8592.44
961	0.0281887	-8666.54
962	0.0281887	-8670.21
963	0.0281887	-8499.68
964	0.0281887	-8613.46
965	0.0281887	-8607.04
966	0.0281887	-8658.33
967	0.0281887	-8503.89
968	0.0281887	-8556.91
969	0.0281887	-8602.92
970	0.0281887	-8585.89
971	0.0281887	-8455.05
972	0.0281887	-8452.32
973	0.0281887	-8518.98
974	0.0281887	-8623.72
975	0.0281887	-8669.34
976	0.0281887	-8525.5
977	0.0281887	-8647.44
978	0.0281887	-8602.29
979	0.0281887	-8534.47
980	0.0281887	-8582.23
981	0.0281887	-8682.96
982	0.0281887	-8732.33
983	0.0281887	-8608.58
984	0.0281887	-8587.29
985	0.0281887	-8525.68
986	0.0281887	-8414.69
987	0.0281887	-8459.5
988	0.0281887	-8529.37
989	0.0281887	-8675.49
990	0.0281887	-8645.01
991	0.0281887	-8672.18
992	0.0281887	-8742.33
993	0.0281887	-8782.62
994	0.0281887	-8727.41
995	0.0281887	-8567.85
996	0.0281887	-8832.86
997	0.0281887	-8899.11
998	0.0281887	-8644.5
999	0.0281887	-8614.33
1000	0.0281887	-8462.85
251	0.0227855	-8691.85
252	0.0227855	-8651.87
253	0.0227855	-8745.33
254	0.0227855	-8722.03
255	0.0227855	-8669.71
256	0.0227855	-8651.55
257	0.0227855	-8634.18
258	0.0227855	-8779.29
259	0.0227855	-8565.17
260	0.0227855	-8649.48
261	0.0227855	-8449.82
262	0.0227855	-8459.56
263	0.0227855	-8746.18
264	0.0227855	-8709.23
265	0.0227855	-8671.95
266	0.0227855	-8617.76
267	0.0227855	-8622.56
268	0.0227855	-8558.99
269	0.0227855	-8785.26
270	0.0227855	-8737.27
271	0.0227855	-8768.24
272	0.0227855	-8491.48
273	0.0227855	-8803.76
274	0.0227855	-8592.34
275	0.0227855	-8625.32
276	0.0227855	-8610.08
277	0.0227855	-8689.93
278	0.0227855	-8764.96
279	0.0227855	-8701.82
280	0.0227855	-8809.58
281	0.0227855	-8841.1
282	0.0227855	-8814.67
283	0.0227855	-8566.36
284	0.0227855	-9001.63
285	0.0227855	-8695.57
286	0.0227855	-8568.04
287	0.0227855	-8592.77
288	0.0227855	-8763.51
289	0.0227855	-8649.1
290	0.0227855	-8616.12
291	0.0227855	-8704.81
292	0.0227855	-8633.48
293	0.0227855	-8916.94
294	0.0227855	-8872.6
295	0.0227855	-8841.7
296	0.0227855	-8837.21
297	0.0227855	-8640.29
298	0.0227855	-8638.35
299	0.0227855	-8659.54
300	0.0227855	-8772.27
301	0.0227855	-8754.84
302	0.0227855	-8798.17
303	0.0227855	-8755.05
304	0.0227855	-8843.77
305	0.0227855	-8581.94
306	0.0227855	-8677.06
307	0.0227855	-9088.18
308	0.0227855	-8869.13
309	0.0227855	-8653.72
310	0.0227855	-8636.96
311	0.0227855	-8700.36
312	0.0227855	-8862.73
313	0.0227855	-8796.14
314	0.0227855	-8585.73
315	0.0227855	-8450.65
316	0.0227855	-8466.3
317	0.0227855	-8447.28
318	0.0227855	-8595.41
319	0.0227855	-8647.8
320	0.0227855	-8752.35
321	0.0227855	-8743.41
322	0.0227855	-8469.17
323	0.0227855	-8660.25
324	0.0227855	-8688.39
325	0.0227855	-8934.37
326	0.0227855	-8572.54
327	0.0227855	-8979.21
328	0.0227855	-8560.15
329	0.0227855	-8576.15
330	0.0227855	-8741.49
331	0.0227855	-8930.88
332	0.0227855	-8846.65
333	0.0227855	-8676.95
334	0.0227855	-8718.63
335	0.0227855	-9038.14
336	0.0227855	-8987.35
337	0.0227855	-8799.15
338	0.0227855	-8683.29
339	0.0227855	-8591.2
340	0.0227855	-8685.44
341	0.0227855	-8637.05
342	0.0227855	-8566.14
343	0.0227855	-8534.89
344	0.0227855	-8972.05
345	0.0227855	-8587.51
346	0.0227855	-8839.87
347	0.0227855	-8548.23
348	0.0227855	-8639.78
349	0.0227855	-8659.58
350	0.0227855	-8619.92
351	0.0227855	-8660.7
352	0.0227855	-8652.84
353	0.0227855	-8693.84
354	0.0227855	-8525.76
355	0.0227855	-8776.48
356	0.0227855	-8839.83
357	0.0227855	-8761.05
358	0.0227855	-8651.97
359	0.0227855	-8608.73
360	0.0227855	-8595.97
361	0.0227855	-8481.96
362	0.0227855	-8516.93
363	0.0227855	-8536.76
364	0.0227855	-8709.84
365	0.0227855	-8701.51
366	0.0227855	-8695.46
367	0.0227855	-8905.93
368	0.0227855	-8563.84
369	0.0227855	-8671.07
370	0.0227855	-8526.56
371	0.0227855	-8773.79
372	0.0227855	-8554.95
373	0.0227855	-8521.73
374	0.0227855	-8787.47
375	0.0227855	-8530.07
376	0.0227855	-8571.71
377	0.0227855	-8697.84
378	0.0227855	-8585.68
379	0.0227855	-8535.2
380	0.0227855	-8641.46
381	0.0227855	-8524.85
382	0.0227855	-8638.2
383	0.0227855	-8772.91
384	0.0227855	-8671.49
385	0.0227855	-8854.1
386	0.0227855	-8628.06
387	0.0227855	-8637.93
388	0.0227855	-8655.72
389	0.0227855	-8729.95
390	0.0227855	-8635.95
391	0.0227855	-8552.32
392	0.0227855	-8648.95
393	0.0227855	-8904.18
394	0.0227855	-8946.08
395	0.0227855	-9035.54
396	0.0227855	-8870.63
397	0.0227855	-8665.66
398	0.0227855	-8729.93
399	0.0227855	-8615.61
400	0.0227855	-8610.04
401	0.0227855	-8678.02
402	0.0227855	-8716.11
403	0.0227855	-8759.1
404	0.0227855	-8855.13
405	0.0227855	-8757.38
406	0.0227855	-8705.37
407	0.0227855	-8554.63
408	0.0227855	-8751.41
409	0.0227855	-8615.45
410	0.0227855	-8580.63
411	0.0227855	-9034.94
412	0.0227855	-8837.82
413	0.0227855	-8791.11
414	0.0227855	-9018.86
415	0.0227855	-9021.78
416	0.0227855	-8723.22
417	0.0227855	-8724.11
418	0.0227855	-8904.7
419	0.0227855	-8878.48
420	0.0227855	-8676.91
421	0.0227855	-8605.43
422	0.0227855	-8746.99
423	0.0227855	-8781.54
424	0.0227855	-8959.3
425	0.0227855	-8688.99
426	0.0227855	-8742.71
427	0.0227855	-8710.39
428	0.0227855	-8716.43
429	0.0227855	-8571.34
430	0.0227855	-8598.98
431	0.0227855	-8781.76
432	0.0227855	-8798.64
433	0.0227855	-8664.68
434	0.0227855	-8657.59
435	0.0227855	-8633.24
436	0.0227855	-8548.14
437	0.0227855	-8633.13
438	0.0227855	-8735.18
439	0.0227855	-8695.81
440	0.0227855	-8728.45
441	0.0227855	-8565
442	0.0227855	-8812.03
443	0.0227855	-8907
444	0.0227855	-9033.39
445	0.0227855	-8777.44
446	0.0227855	-8448.23
447	0.0227855	-8689.15
448	0.0227855	-8589.96
449	0.0227855	-8719.77
450	0.0227855	-8641.64
451	0.0227855	-8524.97
452	0.0227855	-8536.94
453	0.0227855	-8673.82
454	0.0227855	-8449.74
455	0.0227855	-8486.87
456	0.0227855	-8578.28
457	0.0227855	-8830.69
458	0.0227855	-8655.77
459	0.0227855	-8714.04
460	0.0227855	-8658.06
461	0.0227855	-8754.01
462	0.0227855	-8801.81
463	0.0227855	-8812.16
464	0.0227855	-8622.57
465	0.0227855	-8626.34
466	0.0227855	-8539.99
467	0.0227855	-8643.82
468	0.0227855	-8611.72
469	0.0227855	-8603.65
470	0.0227855	-8803.21
471	0.0227855	-8719.02
472	0.0227855	-8729.18
473	0.0227855	-8789.86
474	0.0227855	-8852.78
475	0.0227855	-8794.91
476	0.0227855	-8586.2
477	0.0227855	-8676.33
478	0.0227855	-8565.77
479	0.0227855	-8547.48
480	0.0227855	-8484.48
481	0.0227855	-8519.13
482	0.0227855	-8884.91
483	0.0227855	-8881.24
484	0.0227855	-8875.77
485	0.0227855	-8775.55
486	0.0227855	-8495.37
487	0.0227855	-8605.1
488	0.0227855	-8722.95
489	0.0227855	-8615.71
490	0.0227855	-8683.78
491	0.0227855	-8596.62
492	0.0227855	-8680.35
493	0.0227855	-8587.93
494	0.0227855	-8670.4
495	0.0227855	-8694.34
496	0.0227855	-8649.91
497	0.0227855	-8759.09
498	0.0227855	-8537.84
499	0.0227855	-8890.82
500	0.0227855	-8984.87
501	0.0227855	-8701.17
502	0.0227855	-8522.17
503	0.0227855	-8619.84
504	0.0227855	-8519.09
505	0.0227855	-8559.43
506	0.0227855	-8767.26
507	0.0227855	-8613.32
508	0.0227855	-8680.85
509	0.0227855	-8609.94
510	0.0227855	-8714.34
511	0.0227855	-8549.9
512	0.0227855	-8716.16
513	0.0227855	-8767.88
514	0.0227855	-8596.25
515	0.0227855	-8505.89
516	0.0227855	-8401.74
517	0.0227855	-8702.68
518	0.0227855	-8756.91
519	0.0227855	-8748.92
520	0.0227855	-8657.53
521	0.0227855	-8441.16
522	0.0227855	-8658.18
523	0.0227855	-8640.9
524	0.0227855	-8569.38
525	0.0227855	-8666.19
526	0.0227855	-8607.59
527	0.0227855	-8572.32
528	0.0227855	-8525.51
529	0.0227855	-8551.78
530	0.0227855	-8666.85
531	0.0227855	-8695.88
532	0.0227855	-8666.56
533	0.0227855	-8653.19
534	0.0227855	-8796.78
535	0.0227855	-8663.97
536	0.0227855	-8832.06
537	0.0227855	-8691.28
538	0.0227855	-8759.95
539	0.0227855	-8857.97
540	0.0227855	-8793.19
541	0.0227855	-8699.5
542	0.0227855	-8757.77
543	0.0227855	-8789.2
544	0.0227855	-8793.18
545	0.0227855	-8730.64
546	0.0227855	-8582.25
547	0.0227855	-8645.43
548	0.0227855	-8760.2
549	0.0227855	-8597.45
550	0.0227855	-8849.19
551	0.0227855	-8581.25
552	0.0227855	-8664.79
553	0.0227855	-8633.49
554	0.0227855	-8532.88
555	0.0227855	-8634.48
556	0.0227855	-8626.37
557	0.0227855	-8705.35
558	0.0227855	-8552.3
559	0.0227855	-8600.49
560	0.0227855	-8612.6
561	0.0227855	-8626.59
562	0.0227855	-8541.15
563	0.0227855	-8563.23
564	0.0227855	-8493.9
565	0.0227855	-8758.21
566	0.0227855	-8861.2
567	0.0227855	-9114.95
568	0.0227855	-8943.49
569	0.0227855	-8891.41
570	0.0227855	-8935.11
571	0.0227855	-9206.94
572	0.0227855	-8669.09
573	0.0227855	-8773.17
574	0.0227855	-8609.34
575	0.0227855	-8588.35
576	0.0227855	-8531.83
577	0.0227855	-8495.03
578	0.0227855	-8520.09
579	0.0227855	-8758.1
580	0.0227855	-8845.83
581	0.0227855	-8360.96
582	0.0227855	-8507.69
583	0.0227855	-8738.5
584	0.0227855	-8555.71
585	0.0227855	-8718.69
586	0.0227855	-8825.02
587	0.0227855	-8891.23
588	0.0227855	-9179.68
589	0.0227855	-9225.99
590	0.0227855	-9014.79
591	0.0227855	-8899.24
592	0.0227855	-8762.89
593	0.0227855	-8766.96
594	0.0227855	-8756.63
595	0.0227855	-8565.43
596	0.0227855	-8492.69
597	0.0227855	-8628.13
598	0.0227855	-8668.66
599	0.0227855	-8647.07
600	0.0227855	-8490.23
601	0.0227855	-8439.93
602	0.0227855	-8464.49
603	0.0227855	-8651.08
604	0.0227855	-8566.61
605	0.0227855	-8570.04
606	0.0227855	-8723.54
607	0.0227855	-8817.78
608	0.0227855	-8743.94
609	0.0227855	-8824.38
610	0.0227855	-8698.46
611	0.0227855	-8558.4
612	0.0227855	-8646.41
613	0.0227855	-8535.08
614	0.0227855	-8546.54
615	0.0227855	-8596.01
616	0.0227855	-8760.81
617	0.0227855	-8682.84
618	0.0227855	-8909.97
619	0.0227855	-8605.96
620	0.0227855	-8428.93
621	0.0227855	-8687.58
622	0.0227855	-8499.17
623	0.0227855	-8672.59
624	0.0227855	-8546.29
625	0.0227855	-8571.41
626	0.0227855	-8536.7
627	0.0227855	-8587.43
628	0.0227855	-8435.99
629	0.0227855	-8524.98
630	0.0227855	-8555.18
631	0.0227855	-8591.65
632	0.0227855	-8574.7
633	0.0227855	-8800.67
634	0.0227855	-8460.21
635	0.0227855	-8655.34
636	0.0227855	-8465.9
637	0.0227855	-8531.09
638	0.0227855	-8681.69
639	0.0227855	-8753.92
640	0.0227855	-8940.51
641	0.0227855	-8765.75
642	0.0227855	-8683.06
643	0.0227855	-8536.92
644	0.0227855	-8672.56
645	0.0227855	-8586.36
646	0.0227855	-8743.68
647	0.0227855	-8725.14
648	0.0227855	-8433.77
649	0.0227855	-8721.85
650	0.0227855	-8598.88
651	0.0227855	-8579.33
652	0.0227855	-8623.76
653	0.0227855	-8458.35
654	0.0227855	-8591.27
655	0.0227855	-8718.53
656	0.0227855	-8622.9
657	0.0227855	-8558.79
658	0.0227855	-8565.11
659	0.0227855	-8780.89
660	0.0227855	-8545.82
661	0.0227855	-8661.12
662	0.0227855	-8648.69
663	0.0227855	-8520.62
664	0.0227855	-8743.8
665	0.0227855	-8515.37
666	0.0227855	-8608.72
667	0.0227855	-8625.55
668	0.0227855	-8797.34
669	0.0227855	-8698.96
670	0.0227855	-8528.37
671	0.0227855	-8463.59
672	0.0227855	-8475.57
673	0.0227855	-8490.26
674	0.0227855	-8621.51
675	0.0227855	-8680.52
676	0.0227855	-8729.94
677	0.0227855	-8666.51
678	0.0227855	-8716.22
679	0.0227855	-8548.42
680	0.0227855	-8521.57
681	0.0227855	-8682.98
682	0.0227855	-8530.7
683	0.0227855	-8730.28
684	0.0227855	-8655.39
685	0.0227855	-8532.56
686	0.0227855	-8765.77
687	0.0227855	-8704.98
688	0.0227855	-8672.49
689	0.0227855	-8887.11
690	0.0227855	-8858.55
691	0.0227855	-8695.88
692	0.0227855	-8598.71
693	0.0227855	-8746.44
694	0.0227855	-8850.04
695	0.0227855	-8904.25
696	0.0227855	-8904.25
697	0.0227855	-8829.22
698	0.0227855	-8884.55
699	0.0227855	-8607.33
700	0.0227855	-8738.08
701	0.0227855	-8828.7
702	0.0227855	-8635.23
703	0.0227855	-8571.74
704	0.0227855	-8714.92
705	0.0227855	-8529.58
706	0.0227855	-8816.45
707	0.0227855	-9013.94
708	0.0227855	-8771.78
709	0.0227855	-8825.36
710	0.0227855	-8780.42
711	0.0227855	-8969.69
712	0.0227855	-8869.53
713	0.0227855	-8943.66
714	0.0227855	-8864.01
715	0.0227855	-8796.08
716	0.0227855	-9027.7
717	0.0227855	-8778.21
718	0.0227855	-8699.86
719	0.0227855	-8657.53
720	0.0227855	-8766.89
721	0.0227855	-8622.09
722	0.0227855	-8718.47
723	0.0227855	-8619.61
724	0.0227855	-8563
725	0.0227855	-8609.36
726	0.0227855	-8834.63
727	0.0227855	-8795.61
728	0.0227855	-8859.77
729	0.0227855	-8715.75
730	0.0227855	-8753.26
731	0.0227855	-8670.51
732	0.0227855	-8506.33
733	0.0227855	-8464.68
734	0.0227855	-8535.18
735	0.0227855	-8675.7
736	0.0227855	-8479
737	0.0227855	-8674.71
738	0.0227855	-8475.1
739	0.0227855	-8720.63
740	0.0227855	-8880.5
741	0.0227855	-8691.55
742	0.0227855	-8707.31
743	0.0227855	-8625.19
744	0.0227855	-8919.72
745	0.0227855	-8540.37
746	0.0227855	-8772.72
747	0.0227855	-8666.22
748	0.0227855	-8809.39
749	0.0227855	-8666
750	0.0227855	-8528.16
751	0.0227855	-8642.24
752	0.0227855	-8678.42
753	0.0227855	-8649.6
754	0.0227855	-8771.6
755	0.0227855	-8785.01
756	0.0227855	-8818.44
757	0.0227855	-8855.14
758	0.0227855	-8833.61
759	0.0227855	-8616.84
760	0.0227855	-8558.58
761	0.0227855	-8525.76
762	0.0227855	-8683.96
763	0.0227855	-9055.65
764	0.0227855	-8808.58
765	0.0227855	-8548.21
766	0.0227855	-8607.52
767	0.0227855	-8688.92
768	0.0227855	-8641.05
769	0.0227855	-8674.04
770	0.0227855	-8597.91
771	0.0227855	-8720.29
772	0.0227855	-8726.72
773	0.0227855	-8691.57
774	0.0227855	-8691.92
775	0.0227855	-8811.93
776	0.0227855	-8850.68
777	0.0227855	-8788.27
778	0.0227855	-9101.89
779	0.0227855	-8816.12
780	0.0227855	-8692.03
781	0.0227855	-8560.93
782	0.0227855	-8690.36
783	0.0227855	-8782.36
784	0.0227855	-8573.35
785	0.0227855	-8848.7
786	0.0227855	-8636.32
787	0.0227855	-8568.73
788	0.0227855	-8616.86
789	0.0227855	-8563.83
790	0.0227855	-8610.17
791	0.0227855	-8859.51
792	0.0227855	-9072.25
793	0.0227855	-8777.56
794	0.0227855	-8572.53
795	0.0227855	-8591.27
796	0.0227855	-8750.95
797	0.0227855	-8752.48
798	0.0227855	-8593.77
799	0.0227855	-8614.06
800	0.0227855	-8776.12
801	0.0227855	-8618.98
802	0.0227855	-8645.78
803	0.0227855	-8682.67
804	0.0227855	-8659.67
805	0.0227855	-8674.4
806	0.0227855	-8568.76
807	0.0227855	-8403.7
808	0.0227855	-8465.63
809	0.0227855	-8469.67
810	0.0227855	-8589.95
811	0.0227855	-8641.36
812	0.0227855	-8484.01
813	0.0227855	-8663.86
814	0.0227855	-8963.36
815	0.0227855	-8719.19
816	0.0227855	-8568.43
817	0.0227855	-8815.47
818	0.0227855	-8843.74
819	0.0227855	-8602.69
820	0.0227855	-8802.27
821	0.0227855	-8805.29
822	0.0227855	-8750.83
823	0.0227855	-8520.2
824	0.0227855	-8661.87
825	0.0227855	-8548.29
826	0.0227855	-8645.44
827	0.0227855	-8606.69
828	0.0227855	-9013.85
829	0.0227855	-8871.23
830	0.0227855	-8826.59
831	0.0227855	-8640.95
832	0.0227855	-8696.93
833	0.0227855	-8559.36
834	0.0227855	-8537.77
835	0.0227855	-8728.56
836	0.0227855	-8677.82
837	0.0227855	-8712.08
838	0.0227855	-8785.23
839	0.0227855	-8578.13
840	0.0227855	-8573.52
841	0.0227855	-8560.46
842	0.0227855	-8535.26
843	0.0227855	-8473.51
844	0.0227855	-8703.86
845	0.0227855	-8529.18
846	0.0227855	-8501.36
847	0.0227855	-8481.91
848	0.0227855	-8695.48
849	0.0227855	-8639.16
850	0.0227855	-8487.54
851	0.0227855	-8511.78
852	0.0227855	-8733.53
853	0.0227855	-8624.42
854	0.0227855	-8741.72
855	0.0227855	-8613.76
856	0.0227855	-8552.87
857	0.0227855	-8518.77
858	0.0227855	-8820.65
859	0.0227855	-8550.96
860	0.0227855	-8721.72
861	0.0227855	-8666.07
862	0.0227855	-8635.34
863	0.0227855	-8615.32
864	0.0227855	-8606.96
865	0.0227855	-8666.03
866	0.0227855	-8594.56
867	0.0227855	-9120.77
868	0.0227855	-8921.12
869	0.0227855	-8779.21
870	0.0227855	-8589.54
871	0.0227855	-8541.03
872	0.0227855	-8491.69
873	0.0227855	-8727.56
874	0.0227855	-8779.84
875	0.0227855	-8488.45
876	0.0227855	-8555.13
877	0.0227855	-8669.21
878	0.0227855	-8696.51
879	0.0227855	-8602.85
880	0.0227855	-8639.62
881	0.0227855	-8728.17
882	0.0227855	-8875.5
883	0.0227855	-8876.23
884	0.0227855	-8789.22
885	0.0227855	-8739.81
886	0.0227855	-8735.4
887	0.0227855	-8725.24
888	0.0227855	-8628.45
889	0.0227855	-8532.49
890	0.0227855	-8747.8
891	0.0227855	-8791.5
892	0.0227855	-8705.53
893	0.0227855	-8736.73
894	0.0227855	-8599.96
895	0.0227855	-8629.35
896	0.0227855	-8727.59
897	0.0227855	-8550.8
898	0.0227855	-8666.97
899	0.0227855	-8700.58
900	0.0227855	-9007.45
901	0.0227855	-8844.31
902	0.0227855	-8779.97
903	0.0227855	-8589.41
904	0.0227855	-8654.48
905	0.0227855	-8453.04
906	0.0227855	-8656.91
907	0.0227855	-8626.05
908	0.0227855	-8504.42
909	0.0227855	-8672.73
910	0.0227855	-8695.57
911	0.0227855	-8622.33
912	0.0227855	-8653.96
913	0.0227855	-8554.55
914	0.0227855	-8690.77
915	0.0227855	-8805.79
916	0.0227855	-8773.24
917	0.0227855	-8832.14
918	0.0227855	-9081.69
919	0.0227855	-8879.72
920	0.0227855	-8955.12
921	0.0227855	-8922.73
922	0.0227855	-8826.81
923	0.0227855	-8867.97
924	0.0227855	-8791.55
925	0.0227855	-8942.39
926	0.0227855	-8779.47
927	0.0227855	-8733.03
928	0.0227855	-8699.36
929	0.0227855	-8558.55
930	0.0227855	-8675.33
931	0.0227855	-8718.13
932	0.0227855	-8746.05
933	0.0227855	-8703.4
934	0.0227855	-8549.15
935	0.0227855	-8602.91
936	0.0227855	-8547.16
937	0.0227855	-8632.42
938	0.0227855	-8594.26
939	0.0227855	-8776.02
940	0.0227855	-8938.91
941	0.0227855	-8682.61
942	0.0227855	-8509.45
943	0.0227855	-8568.52
944	0.0227855	-8706.99
945	0.0227855	-8581.96
946	0.0227855	-8593.42
947	0.0227855	-8581.66
948	0.0227855	-8720.23
949	0.0227855	-8692.06
950	0.0227855	-8663.78
951	0.0227855	-8553.33
952	0.0227855	-8692.77
953	0.0227855	-8628.11
954	0.0227855	-8665.18
955	0.0227855	-8593.52
956	0.0227855	-8474.24
957	0.0227855	-8451.7
958	0.0227855	-8552.32
959	0.0227855	-8582.75
960	0.0227855	-8849.22
961	0.0227855	-8786.9
962	0.0227855	-8691.34
963	0.0227855	-8659.14
964	0.0227855	-8822.39
965	0.0227855	-8824.66
966	0.0227855	-8807.1
967	0.0227855	-8635.12
968	0.0227855	-8784.53
969	0.0227855	-8696.97
970	0.0227855	-8771.3
971	0.0227855	-8609.41
972	0.0227855	-8670.13
973	0.0227855	-8730.81
974	0.0227855	-8710.25
975	0.0227855	-8527.81
976	0.0227855	-8725.79
977	0.0227855	-8699.21
978	0.0227855	-8727.65
979	0.0227855	-8533.19
980	0.0227855	-8852.03
981	0.0227855	-8741.32
982	0.0227855	-8871.68
983	0.0227855	-8841.04
984	0.0227855	-8756.36
985	0.0227855	-8813.18
986	0.0227855	-8620.34
987	0.0227855	-8586.08
988	0.0227855	-8726.26
989	0.0227855	-8627.57
990	0.0227855	-8626.33
991	0.0227855	-8691.37
992	0.0227855	-8597.34
993	0.0227855	-8478.93
994	0.0227855	-8433.63
995	0.0227855	-8641.88
996	0.0227855	-8729.57
997	0.0227855	-8700.74
998	0.0227855	-8760.25
999	0.0227855	-8842.83
1000	0.0227855	-8818.5
251	0.0182445	-9105.24
252	0.0182445	-8980.38
253	0.0182445	-8658.98
254	0.0182445	-8578.41
255	0.0182445	-8581.17
256	0.0182445	-8467.06
257	0.0182445	-8643.12
258	0.0182445	-8988.77
259	0.0182445	-8672.19
260	0.0182445	-8793.85
261	0.0182445	-8574.36
262	0.0182445	-8540.39
263	0.0182445	-8655.01
264	0.0182445	-8758.29
265	0.0182445	-8833.91
266	0.0182445	-8616.75
267	0.0182445	-8601.7
268	0.0182445	-8711.33
269	0.0182445	-8958.35
270	0.0182445	-8857.28
271	0.0182445	-8755.78
272	0.0182445	-8879.41
273	0.0182445	-8670.19
274	0.0182445	-8708.9
275	0.0182445	-8770.49
276	0.0182445	-8924.17
277	0.0182445	-9153.05
278	0.0182445	-8955.21
279	0.0182445	-9253.97
280	0.0182445	-9040.91
281	0.0182445	-8544.43
282	0.0182445	-8617.14
283	0.0182445	-8595.27
284	0.0182445	-8540.05
285	0.0182445	-8696.21
286	0.0182445	-8549.86
287	0.0182445	-8655.19
288	0.0182445	-8644.89
289	0.0182445	-8698.2
290	0.0182445	-8864.74
291	0.0182445	-8740.32
292	0.0182445	-8831.83
293	0.0182445	-8911.57
294	0.0182445	-9024.16
295	0.0182445	-8869.19
296	0.0182445	-8929.34
297	0.0182445	-9080.82
298	0.0182445	-9086.08
299	0.0182445	-8966.62
300	0.0182445	-8982.54
301	0.0182445	-8777.83
302	0.0182445	-8906.26
303	0.0182445	-9105.44
304	0.0182445	-8923.5
305	0.0182445	-8711.64
306	0.0182445	-8715.87
307	0.0182445	-8923.9
308	0.0182445	-8693.58
309	0.0182445	-8678.1
310	0.0182445	-8666.72
311	0.0182445	-8779.92
312	0.0182445	-8703.69
313	0.0182445	-8688.53
314	0.0182445	-8661.69
315	0.0182445	-8647.05
316	0.0182445	-8888.4
317	0.0182445	-8900.41
318	0.0182445	-9037.71
319	0.0182445	-8851.81
320	0.0182445	-8755.24
321	0.0182445	-8791.96
322	0.0182445	-8746.75
323	0.0182445	-8833.09
324	0.0182445	-8833.11
325	0.0182445	-8504.63
326	0.0182445	-8840.59
327	0.0182445	-8871.4
328	0.0182445	-8676.08
329	0.0182445	-8781.42
330	0.0182445	-8550.27
331	0.0182445	-8648.71
332	0.0182445	-8839.09
333	0.0182445	-8723.67
334	0.0182445	-8837.88
335	0.0182445	-8941.8
336	0.0182445	-8684.01
337	0.0182445	-8738.33
338	0.0182445	-8708.41
339	0.0182445	-8917.02
340	0.0182445	-8547.92
341	0.0182445	-8778.75
342	0.0182445	-8733.91
343	0.0182445	-9062
344	0.0182445	-8843.9
345	0.0182445	-8678.78
346	0.0182445	-8840.4
347	0.0182445	-8796.54
348	0.0182445	-9116.58
349	0.0182445	-8962.46
350	0.0182445	-8661.23
351	0.0182445	-8573.81
352	0.0182445	-8490.93
353	0.0182445	-8632.76
354	0.0182445	-8754.95
355	0.0182445	-8659.74
356	0.0182445	-8764.06
357	0.0182445	-8929.72
358	0.0182445	-9081.88
359	0.0182445	-9000.74
360	0.0182445	-9194.21
361	0.0182445	-8849.43
362	0.0182445	-8940.07
363	0.0182445	-8910.87
364	0.0182445	-8992.84
365	0.0182445	-8866.79
366	0.0182445	-8873.99
367	0.0182445	-8945.48
368	0.0182445	-8755.22
369	0.0182445	-8772.33
370	0.0182445	-8825.58
371	0.0182445	-8694.72
372	0.0182445	-8780.17
373	0.0182445	-8757.18
374	0.0182445	-8879.55
375	0.0182445	-9004.72
376	0.0182445	-8822.02
377	0.0182445	-9024.27
378	0.0182445	-9013.96
379	0.0182445	-9099.36
380	0.0182445	-9065.23
381	0.0182445	-8885.06
382	0.0182445	-8894.4
383	0.0182445	-8713.04
384	0.0182445	-8769.17
385	0.0182445	-8721.47
386	0.0182445	-8909.73
387	0.0182445	-8561.09
388	0.0182445	-8595.86
389	0.0182445	-8655.08
390	0.0182445	-8490.54
391	0.0182445	-8934.16
392	0.0182445	-8952.23
393	0.0182445	-8605.8
394	0.0182445	-8670.27
395	0.0182445	-8849.09
396	0.0182445	-9001.14
397	0.0182445	-8581.89
398	0.0182445	-8737.99
399	0.0182445	-8639.3
400	0.0182445	-8791.22
401	0.0182445	-8906.81
402	0.0182445	-8831.69
403	0.0182445	-9067.82
404	0.0182445	-8827.34
405	0.0182445	-8966.19
406	0.0182445	-8914.93
407	0.0182445	-9042.23
408	0.0182445	-8671.47
409	0.0182445	-8825.13
410	0.0182445	-9113.65
411	0.0182445	-8825.83
412	0.0182445	-8899.78
413	0.0182445	-8819.75
414	0.0182445	-8802.65
415	0.0182445	-8586.31
416	0.0182445	-8608.13
417	0.0182445	-8702.75
418	0.0182445	-8743.64
419	0.0182445	-8802.7
420	0.0182445	-8730.03
421	0.0182445	-9214.6
422	0.0182445	-9048.8
423	0.0182445	-8906.52
424	0.0182445	-8733.98
425	0.0182445	-8781.7
426	0.0182445	-8867.5
427	0.0182445	-8845
428	0.0182445	-8616.13
429	0.0182445	-8696.54
430	0.0182445	-8723.05
431	0.0182445	-8992.43
432	0.0182445	-8827.39
433	0.0182445	-8998.49
434	0.0182445	-8860.81
435	0.0182445	-8925.28
436	0.0182445	-8830.58
437	0.0182445	-8684.6
438	0.0182445	-8776.47
439	0.0182445	-9023.98
440	0.0182445	-8986.59
441	0.0182445	-8765.5
442	0.0182445	-8746.51
443	0.0182445	-8778.58
444	0.0182445	-8852.29
445	0.0182445	-8849.19
446	0.0182445	-8497.88
447	0.0182445	-8486.43
448	0.0182445	-8867.06
449	0.0182445	-8777.22
450	0.0182445	-8530.92
451	0.0182445	-8537.11
452	0.0182445	-8436.81
453	0.0182445	-8810.8
454	0.0182445	-8628.42
455	0.0182445	-8874.09
456	0.0182445	-8855.69
457	0.0182445	-8915.56
458	0.0182445	-8783.73
459	0.0182445	-8793.31
460	0.0182445	-8955.31
461	0.0182445	-9114.28
462	0.0182445	-8745.74
463	0.0182445	-8923.69
464	0.0182445	-8754.36
465	0.0182445	-8583.43
466	0.0182445	-8575.24
467	0.0182445	-9122.68
468	0.0182445	-8799.25
469	0.0182445	-8907.33
470	0.0182445	-8957.92
471	0.0182445	-8952.07
472	0.0182445	-9217.3
473	0.0182445	-8760.64
474	0.0182445	-8718.33
475	0.0182445	-8537.36
476	0.0182445	-8461.7
477	0.0182445	-8624.79
478	0.0182445	-8540.74
479	0.0182445	-8609.63
480	0.0182445	-8512.33
481	0.0182445	-8595.27
482	0.0182445	-8987.72
483	0.0182445	-9037.02
484	0.0182445	-8810.78
485	0.0182445	-9068.89
486	0.0182445	-8818.24
487	0.0182445	-8669.73
488	0.0182445	-8535.06
489	0.0182445	-8844.1
490	0.0182445	-8908.42
491	0.0182445	-8948.32
492	0.0182445	-9155.29
493	0.0182445	-9054.45
494	0.0182445	-8949.74
495	0.0182445	-8825.67
496	0.0182445	-9057.4
497	0.0182445	-8914.82
498	0.0182445	-9108.84
499	0.0182445	-8819.54
500	0.0182445	-8878.75
501	0.0182445	-8817.77
502	0.0182445	-8665
503	0.0182445	-8801.39
504	0.0182445	-8822.26
505	0.0182445	-8860.67
506	0.0182445	-9260.1
507	0.0182445	-8866.54
508	0.0182445	-9070.58
509	0.0182445	-8926.39
510	0.0182445	-8969.97
511	0.0182445	-9002.46
512	0.0182445	-9049.57
513	0.0182445	-8837.6
514	0.0182445	-8890.64
515	0.0182445	-9167.54
516	0.0182445	-9327.25
517	0.0182445	-8945.08
518	0.0182445	-9056.11
519	0.0182445	-8746.68
520	0.0182445	-8938.39
521	0.0182445	-8793.29
522	0.0182445	-8774.9
523	0.0182445	-8977.72
524	0.0182445	-9167.35
525	0.0182445	-8791.36
526	0.0182445	-8899.5
527	0.0182445	-8848.89
528	0.0182445	-8723.44
529	0.0182445	-8848.99
530	0.0182445	-8781.19
531	0.0182445	-8748.74
532	0.0182445	-8673.04
533	0.0182445	-8671.68
534	0.0182445	-8929.03
535	0.0182445	-8741.49
536	0.0182445	-8575.46
537	0.0182445	-8673.29
538	0.0182445	-8401.56
539	0.0182445	-8615.54
540	0.0182445	-8611.81
541	0.0182445	-8735.53
542	0.0182445	-8862.33
543	0.0182445	-8828.42
544	0.0182445	-8480.75
545	0.0182445	-8800.86
546	0.0182445	-8698.52
547	0.0182445	-8737.58
548	0.0182445	-8921.11
549	0.0182445	-8740.95
550	0.0182445	-8777.47
551	0.0182445	-8861.79
552	0.0182445	-8821.22
553	0.0182445	-8875.56
554	0.0182445	-8832.05
555	0.0182445	-8660.89
556	0.0182445	-8728.56
557	0.0182445	-8793.24
558	0.0182445	-8775.07
559	0.0182445	-8963.53
560	0.0182445	-8926.19
561	0.0182445	-8825.89
562	0.0182445	-8956.51
563	0.0182445	-9034.5
564	0.0182445	-8977.03
565	0.0182445	-8676.71
566	0.0182445	-8787.78
567	0.0182445	-8810.4
568	0.0182445	-8727.25
569	0.0182445	-8569.72
570	0.0182445	-8927.42
571	0.0182445	-8733.08
572	0.0182445	-8668.74
573	0.0182445	-8891.05
574	0.0182445	-8770
575	0.0182445	-9148.04
576	0.0182445	-8936.58
577	0.0182445	-8687.85
578	0.0182445	-8685.23
579	0.0182445	-8755.3
580	0.0182445	-8804.68
581	0.0182445	-8869.07
582	0.0182445	-8964.66
583	0.0182445	-8926.69
584	0.0182445	-8965.16
585	0.0182445	-8937.84
586	0.0182445	-8931.69
587	0.0182445	-8981.3
588	0.0182445	-8929.12
589	0.0182445	-8771.47
590	0.0182445	-8571.46
591	0.0182445	-8742.8
592	0.0182445	-8781.67
593	0.0182445	-8953.99
594	0.0182445	-8923.2
595	0.0182445	-9092.45
596	0.0182445	-8799.82
597	0.0182445	-8759.54
598	0.0182445	-8599.7
599	0.0182445	-8674.51
600	0.0182445	-8769.36
601	0.0182445	-8803.3
602	0.0182445	-8631.98
603	0.0182445	-8580.98
604	0.0182445	-8619.67
605	0.0182445	-8570.57
606	0.0182445	-8610.12
607	0.0182445	-8757.85
608	0.0182445	-8663.38
609	0.0182445	-8855.01
610	0.0182445	-8823.23
611	0.0182445	-8637.37
612	0.0182445	-8764.65
613	0.0182445	-8755.21
614	0.0182445	-8806.78
615	0.0182445	-8830.79
616	0.0182445	-8961.78
617	0.0182445	-8855.05
618	0.0182445	-8762.53
619	0.0182445	-8477.3
620	0.0182445	-8642.62
621	0.0182445	-8620.91
622	0.0182445	-8879.15
623	0.0182445	-8692.68
624	0.0182445	-9085.29
625	0.0182445	-8984.97
626	0.0182445	-8845.47
627	0.0182445	-8576.47
628	0.0182445	-8691.35
629	0.0182445	-8875.1
630	0.0182445	-9008.69
631	0.0182445	-9005.07
632	0.0182445	-8710.09
633	0.0182445	-8807.51
634	0.0182445	-8841.35
635	0.0182445	-8652.24
636	0.0182445	-8533.19
637	0.0182445	-8570.27
638	0.0182445	-8610.23
639	0.0182445	-8610.94
640	0.0182445	-8565.59
641	0.0182445	-8737.63
642	0.0182445	-8795.34
643	0.0182445	-8831.36
644	0.0182445	-8870.56
645	0.0182445	-8683.72
646	0.0182445	-8647.67
647	0.0182445	-8848.18
648	0.0182445	-8617.83
649	0.0182445	-9251.35
650	0.0182445	-9060.1
651	0.0182445	-8829.97
652	0.0182445	-8839.75
653	0.0182445	-8842.02
654	0.0182445	-8637.6
655	0.0182445	-8718.03
656	0.0182445	-8787.57
657	0.0182445	-8785.08
658	0.0182445	-8625.61
659	0.0182445	-8809.88
660	0.0182445	-8552.06
661	0.0182445	-8640.58
662	0.0182445	-8528.32
663	0.0182445	-8607.72
664	0.0182445	-8577.09
665	0.0182445	-8796.91
666	0.0182445	-8620.04
667	0.0182445	-8684.22
668	0.0182445	-8945.02
669	0.0182445	-8935.89
670	0.0182445	-8605.26
671	0.0182445	-8790.59
672	0.0182445	-8831.49
673	0.0182445	-8793.16
674	0.0182445	-8646.84
675	0.0182445	-8580.16
676	0.0182445	-8697.06
677	0.0182445	-8767.02
678	0.0182445	-8630.66
679	0.0182445	-8582.58
680	0.0182445	-8516.83
681	0.0182445	-8516.88
682	0.0182445	-8689.96
683	0.0182445	-8790.38
684	0.0182445	-8753.01
685	0.0182445	-8805.96
686	0.0182445	-8880.05
687	0.0182445	-8750.61
688	0.0182445	-8655.91
689	0.0182445	-8595.66
690	0.0182445	-8574.95
691	0.0182445	-8605.65
692	0.0182445	-8920.33
693	0.0182445	-8796.35
694	0.0182445	-8869
695	0.0182445	-8889.67
696	0.0182445	-8782.16
697	0.0182445	-8740.74
698	0.0182445	-8965.29
699	0.0182445	-8718.54
700	0.0182445	-8537.53
701	0.0182445	-8865.74
702	0.0182445	-8792.8
703	0.0182445	-8823.27
704	0.0182445	-8769.3
705	0.0182445	-8745.3
706	0.0182445	-8731.75
707	0.0182445	-8614.24
708	0.0182445	-8584.46
709	0.0182445	-8980.1
710	0.0182445	-8945.23
711	0.0182445	-8905.84
712	0.0182445	-8709.69
713	0.0182445	-8730.65
714	0.0182445	-8779.58
715	0.0182445	-8749.25
716	0.0182445	-8864.41
717	0.0182445	-8741.44
718	0.0182445	-8805.04
719	0.0182445	-8870.65
720	0.0182445	-8729.96
721	0.0182445	-8683.31
722	0.0182445	-8767.1
723	0.0182445	-8846.51
724	0.0182445	-8690.35
725	0.0182445	-8982.27
726	0.0182445	-8828.81
727	0.0182445	-9020.89
728	0.0182445	-8966.98
729	0.0182445	-8902.68
730	0.0182445	-9004
731	0.0182445	-9170.25
732	0.0182445	-9085.8
733	0.0182445	-9001.49
734	0.0182445	-9017.12
735	0.0182445	-8872.95
736	0.0182445	-8894.5
737	0.0182445	-8810.64
738	0.0182445	-8850.61
739	0.0182445	-8780.58
740	0.0182445	-8803.77
741	0.0182445	-8888.68
742	0.0182445	-8857.38
743	0.0182445	-8797.29
744	0.0182445	-8861.26
745	0.0182445	-9166.69
746	0.0182445	-8956.27
747	0.0182445	-8547.39
748	0.0182445	-8734.78
749	0.0182445	-8575.76
750	0.0182445	-8746.27
751	0.0182445	-8877.12
752	0.0182445	-8740.48
753	0.0182445	-8693.21
754	0.0182445	-8815.77
755	0.0182445	-9070.27
756	0.0182445	-8736.72
757	0.0182445	-8685.71
758	0.0182445	-8713.9
759	0.0182445	-8846.33
760	0.0182445	-8557.4
761	0.0182445	-8820.47
762	0.0182445	-8484.13
763	0.0182445	-8668.61
764	0.0182445	-8829.73
765	0.0182445	-8634.98
766	0.0182445	-8646.95
767	0.0182445	-8703.46
768	0.0182445	-8844.86
769	0.0182445	-8984
770	0.0182445	-9207.11
771	0.0182445	-9021.1
772	0.0182445	-8823.22
773	0.0182445	-8659.53
774	0.0182445	-9158.32
775	0.0182445	-8885.74
776	0.0182445	-8883.61
777	0.0182445	-8815.64
778	0.0182445	-8586.31
779	0.0182445	-8807.53
780	0.0182445	-9028.12
781	0.0182445	-9038.88
782	0.0182445	-9122.2
783	0.0182445	-8777.49
784	0.0182445	-8614.54
785	0.0182445	-8877.3
786	0.0182445	-8700.72
787	0.0182445	-8613.67
788	0.0182445	-9004.66
789	0.0182445	-8735.25
790	0.0182445	-8722.45
791	0.0182445	-8619.21
792	0.0182445	-8655.3
793	0.0182445	-8715.77
794	0.0182445	-8991.67
795	0.0182445	-8851.67
796	0.0182445	-8848.97
797	0.0182445	-8987.98
798	0.0182445	-8905.46
799	0.0182445	-8947.6
800	0.0182445	-8658.26
801	0.0182445	-8708.88
802	0.0182445	-8861.85
803	0.0182445	-8755.7
804	0.0182445	-8785.25
805	0.0182445	-8871.47
806	0.0182445	-9085.74
807	0.0182445	-8878.36
808	0.0182445	-8927.24
809	0.0182445	-8847.77
810	0.0182445	-8890.46
811	0.0182445	-8745.55
812	0.0182445	-8567.04
813	0.0182445	-8555.81
814	0.0182445	-8895.42
815	0.0182445	-8762.26
816	0.0182445	-8917.24
817	0.0182445	-8942.1
818	0.0182445	-8845.89
819	0.0182445	-8592.54
820	0.0182445	-8788.39
821	0.0182445	-8755.97
822	0.0182445	-8737.7
823	0.0182445	-8598.65
824	0.0182445	-8708.64
825	0.0182445	-8474.24
826	0.0182445	-8586.15
827	0.0182445	-8774.69
828	0.0182445	-9108.71
829	0.0182445	-8892.91
830	0.0182445	-8664.71
831	0.0182445	-8563.2
832	0.0182445	-8485.44
833	0.0182445	-8784.64
834	0.0182445	-8809.77
835	0.0182445	-8711.02
836	0.0182445	-8639
837	0.0182445	-8516.64
838	0.0182445	-8754.55
839	0.0182445	-8954.57
840	0.0182445	-8836.38
841	0.0182445	-8983.71
842	0.0182445	-8970.34
843	0.0182445	-9107.21
844	0.0182445	-8998.7
845	0.0182445	-8884.58
846	0.0182445	-8773.47
847	0.0182445	-8975.73
848	0.0182445	-8875.89
849	0.0182445	-9049.98
850	0.0182445	-8666.04
851	0.0182445	-8650.9
852	0.0182445	-8812.5
853	0.0182445	-8697.58
854	0.0182445	-8788.73
855	0.0182445	-8759.14
856	0.0182445	-8628.5
857	0.0182445	-8612.8
858	0.0182445	-8740.37
859	0.0182445	-8815.96
860	0.0182445	-8650.59
861	0.0182445	-8729.48
862	0.0182445	-8558.19
863	0.0182445	-8819.26
864	0.0182445	-8843.34
865	0.0182445	-8959.1
866	0.0182445	-8723.18
867	0.0182445	-8812.88
868	0.0182445	-8800.92
869	0.0182445	-9047.57
870	0.0182445	-9071.02
871	0.0182445	-8851.19
872	0.0182445	-8610.86
873	0.0182445	-8630.64
874	0.0182445	-8778.49
875	0.0182445	-8599.64
876	0.0182445	-9272.8
877	0.0182445	-9155.24
878	0.0182445	-8668.78
879	0.0182445	-8750.74
880	0.0182445	-8704.42
881	0.0182445	-8821.65
882	0.0182445	-8599.72
883	0.0182445	-8773.45
884	0.0182445	-9014.36
885	0.0182445	-8867.72
886	0.0182445	-8621.2
887	0.0182445	-8718.1
888	0.0182445	-8871.52
889	0.0182445	-8877.16
890	0.0182445	-8562.73
891	0.0182445	-8496.23
892	0.0182445	-8744.54
893	0.0182445	-9089.07
894	0.0182445	-8747.96
895	0.0182445	-8885.39
896	0.0182445	-8810.92
897	0.0182445	-8947.09
898	0.0182445	-9054.35
899	0.0182445	-9158.07
900	0.0182445	-8998.92
901	0.0182445	-8846.54
902	0.0182445	-8974.29
903	0.0182445	-8899.76
904	0.0182445	-8771.17
905	0.0182445	-8802.71
906	0.0182445	-8880.79
907	0.0182445	-8795.14
908	0.0182445	-8562.52
909	0.0182445	-9165.95
910	0.0182445	-8585.19
911	0.0182445	-8878.71
912	0.0182445	-8729.91
913	0.0182445	-8618.46
914	0.0182445	-8845.9
915	0.0182445	-9029.97
916	0.0182445	-8698.44
917	0.0182445	-8765.65
918	0.0182445	-8721.45
919	0.0182445	-8933.87
920	0.0182445	-9399.83
921	0.0182445	-9246.35
922	0.0182445	-9182.46
923	0.0182445	-8857.26
924	0.0182445	-8694.93
925	0.0182445	-8658.33
926	0.0182445	-8974.71
927	0.0182445	-9242.2
928	0.0182445	-8813.64
929	0.0182445	-9000.6
930	0.0182445	-9044.47
931	0.0182445	-8674.48
932	0.0182445	-8726.3
933	0.0182445	-8811.4
934	0.0182445	-8975.55
935	0.0182445	-8906.13
936	0.0182445	-8662.62
937	0.0182445	-9128.6
938	0.0182445	-9075.92
939	0.0182445	-9193.07
940	0.0182445	-8894.09
941	0.0182445	-8751.39
942	0.0182445	-8748.53
943	0.0182445	-8533.12
944	0.0182445	-8975.07
945	0.0182445	-9001.41
946	0.0182445	-8856.78
947	0.0182445	-8826
948	0.0182445	-8541.86
949	0.0182445	-8533.16
950	0.0182445	-8789.04
951	0.0182445	-8610.85
952	0.0182445	-8578.03
953	0.0182445	-8587.68
954	0.0182445	-8676.45
955	0.0182445	-8670.95
956	0.0182445	-8759.35
957	0.0182445	-8900.41
958	0.0182445	-8690.85
959	0.0182445	-8384.87
960	0.0182445	-8730.48
961	0.0182445	-8676.02
962	0.0182445	-8572.66
963	0.0182445	-8784.49
964	0.0182445	-8642.21
965	0.0182445	-8942.27
966	0.0182445	-8786.93
967	0.0182445	-8635.71
968	0.0182445	-9077.64
969	0.0182445	-8673.31
970	0.0182445	-8682
971	0.0182445	-8919.69
972	0.0182445	-8848.28
973	0.0182445	-8914.48
974	0.0182445	-8843.18
975	0.0182445	-8673.49
976	0.0182445	-8853.56
977	0.0182445	-8778.1
978	0.0182445	-9142.85
979	0.0182445	-8690.47
980	0.0182445	-8937.25
981	0.0182445	-8821.64
982	0.0182445	-8720.82
983	0.0182445	-8699.52
984	0.0182445	-8705.17
985	0.0182445	-8600.05
986	0.0182445	-8701.93
987	0.0182445	-8783.69
988	0.0182445	-8669.54
989	0.0182445	-8640.03
990	0.0182445	-8690.83
991	0.0182445	-8777.47
992	0.0182445	-8540.77
993	0.0182445	-8944.7
994	0.0182445	-8806.66
995	0.0182445	-8647.6
996	0.0182445	-8662.57
997	0.0182445	-8892.71
998	0.0182445	-8864.06
999	0.0182445	-8814.27
1000	0.0182445	-8790.41
251	0.0144583	-9148.72
252	0.0144583	-8933.48
253	0.0144583	-8914.39
254	0.0144583	-9061.29
255	0.0144583	-8954.74
256	0.0144583	-8933.03
257	0.0144583	-8940.79
258	0.0144583	-8928.5
259	0.0144583	-8850.09
260	0.0144583	-8791.93
261	0.0144583	-8907.03
262	0.0144583	-9203.63
263	0.0144583	-9045.93
264	0.0144583	-8973.17
265	0.0144583	-8904.18
266	0.0144583	-8723.11
267	0.0144583	-8804.75
268	0.0144583	-9098.05
269	0.0144583	-8900.16
270	0.0144583	-9437.58
271	0.0144583	-8904.15
272	0.0144583	-9075.12
273	0.0144583	-8756.63
274	0.0144583	-8823.14
275	0.0144583	-9020.77
276	0.0144583	-8989.45
277	0.0144583	-8928.82
278	0.0144583	-9058.19
279	0.0144583	-9142.58
280	0.0144583	-8930.37
281	0.0144583	-8710.26
282	0.0144583	-8639.05
283	0.0144583	-8753.2
284	0.0144583	-8853.63
285	0.0144583	-9140.14
286	0.0144583	-8991.14
287	0.0144583	-8756.87
288	0.0144583	-9142.68
289	0.0144583	-8638.53
290	0.0144583	-8785.48
291	0.0144583	-8864.34
292	0.0144583	-8898.03
293	0.0144583	-9008.53
294	0.0144583	-9186.9
295	0.0144583	-9130.08
296	0.0144583	-8781.67
297	0.0144583	-9107.82
298	0.0144583	-8999.03
299	0.0144583	-8975.02
300	0.0144583	-8881.54
301	0.0144583	-8749.2
302	0.0144583	-8616.53
303	0.0144583	-8927.84
304	0.0144583	-8946.95
305	0.0144583	-8781.06
306	0.0144583	-8754.8
307	0.0144583	-8991.09
308	0.0144583	-9138.1
309	0.0144583	-8794.42
310	0.0144583	-8944.25
311	0.0144583	-8956.22
312	0.0144583	-8842.21
313	0.0144583	-8736.98
314	0.0144583	-8857.3
315	0.0144583	-8964.13
316	0.0144583	-8927.96
317	0.0144583	-8780.35
318	0.0144583	-9388.94
319	0.0144583	-9067.87
320	0.0144583	-9189.96
321	0.0144583	-8936.68
322	0.0144583	-8857.08
323	0.0144583	-8766.42
324	0.0144583	-8735.37
325	0.0144583	-8737.43
326	0.0144583	-8898.59
327	0.0144583	-8928.55
328	0.0144583	-8916.44
329	0.0144583	-8890.51
330	0.0144583	-9171.62
331	0.0144583	-9042.94
332	0.0144583	-8866
333	0.0144583	-9030.88
334	0.0144583	-9008.16
335	0.0144583	-9084.67
336	0.0144583	-8970.95
337	0.0144583	-8651.17
338	0.0144583	-8963.25
339	0.0144583	-8848.44
340	0.0144583	-8738.78
341	0.0144583	-8715.52
342	0.0144583	-8789.1
343	0.0144583	-8739.94
344	0.0144583	-9011.65
345	0.0144583	-8573.08
346	0.0144583	-8727.89
347	0.0144583	-8727.24
348	0.0144583	-9111.87
349	0.0144583	-8908.76
350	0.0144583	-8881.86
351	0.0144583	-8873.74
352	0.0144583	-9064.91
353	0.0144583	-9018.21
354	0.0144583	-8944.5
355	0.0144583	-8796.59
356	0.0144583	-8837.58
357	0.0144583	-8692.35
358	0.0144583	-8874.92
359	0.0144583	-9107.84
360	0.0144583	-9041.52
361	0.0144583	-9018.53
362	0.0144583	-9192.76
363	0.0144583	-8976.86
364	0.0144583	-8968.21
365	0.0144583	-8818.77
366	0.0144583	-8680.29
367	0.0144583	-8698.68
368	0.0144583	-8727.89
369	0.0144583	-8718.48
370	0.0144583	-9145.38
371	0.0144583	-9121.89
372	0.0144583	-8762.49
373	0.0144583	-8663.11
374	0.0144583	-8699.56
375	0.0144583	-8810.68
376	0.0144583	-8887.2
377	0.0144583	-8877.26
378	0.0144583	-8819.5
379	0.0144583	-8942.68
380	0.0144583	-9194.53
381	0.0144583	-9103.54
382	0.0144583	-8481.52
383	0.0144583	-8712.14
384	0.0144583	-9012.53
385	0.0144583	-9025.64
386	0.0144583	-9282.51
387	0.0144583	-9096.18
388	0.0144583	-8790.99
389	0.0144583	-8959.66
390	0.0144583	-9234.09
391	0.0144583	-9166.04
392	0.0144583	-9061.04
393	0.0144583	-9064.84
394	0.0144583	-8726.36
395	0.0144583	-8970.98
396	0.0144583	-9611.98
397	0.0144583	-9349.4
398	0.0144583	-9470.11
399	0.0144583	-8857.19
400	0.0144583	-8879.9
401	0.0144583	-8800.77
402	0.0144583	-8861.96
403	0.0144583	-8747.15
404	0.0144583	-9088.01
405	0.0144583	-9123.67
406	0.0144583	-9251.69
407	0.0144583	-9073.1
408	0.0144583	-8843.97
409	0.0144583	-9141.03
410	0.0144583	-8964.8
411	0.0144583	-8893.77
412	0.0144583	-8813.61
413	0.0144583	-8892.82
414	0.0144583	-9197.96
415	0.0144583	-8987.99
416	0.0144583	-8999.95
417	0.0144583	-8742.02
418	0.0144583	-8757.23
419	0.0144583	-8993.37
420	0.0144583	-8970.32
421	0.0144583	-9001.86
422	0.0144583	-8818.05
423	0.0144583	-8805.8
424	0.0144583	-8866.1
425	0.0144583	-9308.53
426	0.0144583	-9114.8
427	0.0144583	-8760.36
428	0.0144583	-8962.1
429	0.0144583	-8843.26
430	0.0144583	-9037.43
431	0.0144583	-9015.9
432	0.0144583	-8824.69
433	0.0144583	-8706.46
434	0.0144583	-8534.02
435	0.0144583	-9206.51
436	0.0144583	-8905.94
437	0.0144583	-9017.16
438	0.0144583	-8713.57
439	0.0144583	-8641.6
440	0.0144583	-9009.44
441	0.0144583	-8863.17
442	0.0144583	-8924.13
443	0.0144583	-8835.77
444	0.0144583	-8818.66
445	0.0144583	-8943.01
446	0.0144583	-9039.47
447	0.0144583	-9592.83
448	0.0144583	-9002.99
449	0.0144583	-8728.48
450	0.0144583	-9133.36
451	0.0144583	-9049.34
452	0.0144583	-8875.42
453	0.0144583	-8661.5
454	0.0144583	-8717.21
455	0.0144583	-9191.98
456	0.0144583	-9105.05
457	0.0144583	-8904.2
458	0.0144583	-9286.2
459	0.0144583	-8695.44
460	0.0144583	-8945.03
461	0.0144583	-9004.06
462	0.0144583	-8839.9
463	0.0144583	-9124.08
464	0.0144583	-8879.96
465	0.0144583	-8810.33
466	0.0144583	-8688.1
467	0.0144583	-8808.73
468	0.0144583	-9351.8
469	0.0144583	-9017.12
470	0.0144583	-9057.89
471	0.0144583	-8661.7
472	0.0144583	-8946.6
473	0.0144583	-8653.58
474	0.0144583	-8564.69
475	0.0144583	-8742.11
476	0.0144583	-8698.39
477	0.0144583	-8795.55
478	0.0144583	-8925.07
479	0.0144583	-8936.05
480	0.0144583	-8855.25
481	0.0144583	-8760.32
482	0.0144583	-8673.9
483	0.0144583	-8789.33
484	0.0144583	-8918.35
485	0.0144583	-8921.81
486	0.0144583	-9145.52
487	0.0144583	-9104.13
488	0.0144583	-8683.17
489	0.0144583	-8970.83
490	0.0144583	-9012.68
491	0.0144583	-8939.41
492	0.0144583	-8975.2
493	0.0144583	-8877.91
494	0.0144583	-8887.06
495	0.0144583	-8612.33
496	0.0144583	-8951.12
497	0.0144583	-8702.56
498	0.0144583	-8783.09
499	0.0144583	-8635.76
500	0.0144583	-8458.1
501	0.0144583	-8771.43
502	0.0144583	-8588.25
503	0.0144583	-8854.04
504	0.0144583	-8755.98
505	0.0144583	-8948.94
506	0.0144583	-8860.44
507	0.0144583	-9010.13
508	0.0144583	-9229.76
509	0.0144583	-8994.54
510	0.0144583	-8875.63
511	0.0144583	-8915.66
512	0.0144583	-9366.91
513	0.0144583	-8983.3
514	0.0144583	-9042.99
515	0.0144583	-9226.47
516	0.0144583	-8989.07
517	0.0144583	-9039.02
518	0.0144583	-8878.82
519	0.0144583	-9111.05
520	0.0144583	-9118.72
521	0.0144583	-9058.94
522	0.0144583	-9003.78
523	0.0144583	-8972.68
524	0.0144583	-8930.1
525	0.0144583	-8884.11
526	0.0144583	-9112.83
527	0.0144583	-8582.21
528	0.0144583	-8749.61
529	0.0144583	-8905.54
530	0.0144583	-9035.13
531	0.0144583	-9058.35
532	0.0144583	-9177.53
533	0.0144583	-9037.87
534	0.0144583	-8959.09
535	0.0144583	-8910.51
536	0.0144583	-9032.04
537	0.0144583	-8705.58
538	0.0144583	-9180.05
539	0.0144583	-9119.52
540	0.0144583	-8973.82
541	0.0144583	-9420.58
542	0.0144583	-9105.73
543	0.0144583	-8857.17
544	0.0144583	-8940.66
545	0.0144583	-8895.26
546	0.0144583	-9081.59
547	0.0144583	-8549.11
548	0.0144583	-8787.06
549	0.0144583	-9111.71
550	0.0144583	-8804.16
551	0.0144583	-9277.46
552	0.0144583	-8794.79
553	0.0144583	-9128.57
554	0.0144583	-9305.16
555	0.0144583	-8843.52
556	0.0144583	-8746.66
557	0.0144583	-8974.1
558	0.0144583	-9145.59
559	0.0144583	-9170.18
560	0.0144583	-8769.79
561	0.0144583	-8956.32
562	0.0144583	-9339.47
563	0.0144583	-9497.93
564	0.0144583	-8980.52
565	0.0144583	-8962.98
566	0.0144583	-8653.85
567	0.0144583	-8875.46
568	0.0144583	-8805.75
569	0.0144583	-8974.18
570	0.0144583	-8771.32
571	0.0144583	-8748.52
572	0.0144583	-8693.09
573	0.0144583	-8591.01
574	0.0144583	-8722.61
575	0.0144583	-9180.45
576	0.0144583	-9081.83
577	0.0144583	-8797.75
578	0.0144583	-8838.98
579	0.0144583	-8950.95
580	0.0144583	-8995
581	0.0144583	-9212.77
582	0.0144583	-8833.45
583	0.0144583	-8996.74
584	0.0144583	-9066.16
585	0.0144583	-9221.94
586	0.0144583	-8832.03
587	0.0144583	-8645.77
588	0.0144583	-8740.37
589	0.0144583	-9209.97
590	0.0144583	-9018.1
591	0.0144583	-9207.42
592	0.0144583	-9199.6
593	0.0144583	-8968.59
594	0.0144583	-8855.62
595	0.0144583	-8811.1
596	0.0144583	-8760.04
597	0.0144583	-8962.97
598	0.0144583	-8718.26
599	0.0144583	-8838.9
600	0.0144583	-9140.87
601	0.0144583	-9107.61
602	0.0144583	-9053.8
603	0.0144583	-8851.65
604	0.0144583	-8963.83
605	0.0144583	-8918.06
606	0.0144583	-8878.63
607	0.0144583	-8767.16
608	0.0144583	-8916.25
609	0.0144583	-9365.3
610	0.0144583	-9516.69
611	0.0144583	-9362.09
612	0.0144583	-9106.94
613	0.0144583	-8848.04
614	0.0144583	-8650.17
615	0.0144583	-9214.93
616	0.0144583	-9308.38
617	0.0144583	-8806.61
618	0.0144583	-9064.4
619	0.0144583	-9159
620	0.0144583	-9032.39
621	0.0144583	-8615.44
622	0.0144583	-8763.9
623	0.0144583	-8660.57
624	0.0144583	-8982.57
625	0.0144583	-8766.46
626	0.0144583	-8661.62
627	0.0144583	-8593.34
628	0.0144583	-9080.85
629	0.0144583	-8970.86
630	0.0144583	-8915.6
631	0.0144583	-8913.6
632	0.0144583	-8755.65
633	0.0144583	-8802.36
634	0.0144583	-9024.57
635	0.0144583	-8698.27
636	0.0144583	-8658.46
637	0.0144583	-8770.63
638	0.0144583	-8691.67
639	0.0144583	-8808.74
640	0.0144583	-8867.27
641	0.0144583	-8750.37
642	0.0144583	-9135.76
643	0.0144583	-9172.64
644	0.0144583	-9175.21
645	0.0144583	-8932.2
646	0.0144583	-8798.2
647	0.0144583	-8939.92
648	0.0144583	-8953.54
649	0.0144583	-8597.88
650	0.0144583	-9010.61
651	0.0144583	-8505.17
652	0.0144583	-8813.02
653	0.0144583	-8776.04
654	0.0144583	-8951.75
655	0.0144583	-8881.41
656	0.0144583	-9040.64
657	0.0144583	-8683.43
658	0.0144583	-8737.88
659	0.0144583	-9096.13
660	0.0144583	-9203.81
661	0.0144583	-9104.4
662	0.0144583	-8779.75
663	0.0144583	-8686.17
664	0.0144583	-8743.97
665	0.0144583	-8707.07
666	0.0144583	-8898.05
667	0.0144583	-9258.41
668	0.0144583	-9469.91
669	0.0144583	-9279.1
670	0.0144583	-9009.86
671	0.0144583	-8860.59
672	0.0144583	-9135.49
673	0.0144583	-9069.11
674	0.0144583	-9037.33
675	0.0144583	-9062.94
676	0.0144583	-8843.33
677	0.0144583	-9079.31
678	0.0144583	-8822.85
679	0.0144583	-8807.58
680	0.0144583	-9015.38
681	0.0144583	-9108.9
682	0.0144583	-8846.1
683	0.0144583	-8825.66
684	0.0144583	-8919.09
685	0.0144583	-8978.89
686	0.0144583	-8802.94
687	0.0144583	-8919.05
688	0.0144583	-8769.15
689	0.0144583	-8779.62
690	0.0144583	-8977.96
691	0.0144583	-8609.33
692	0.0144583	-8885.97
693	0.0144583	-8944.05
694	0.0144583	-8608.46
695	0.0144583	-8789.75
696	0.0144583	-8922.61
697	0.0144583	-8691.29
698	0.0144583	-8659.01
699	0.0144583	-8815.68
700	0.0144583	-8995.87
701	0.0144583	-8602.32
702	0.0144583	-9096.41
703	0.0144583	-9182.41
704	0.0144583	-9007.64
705	0.0144583	-8845.86
706	0.0144583	-8964.73
707	0.0144583	-8963.24
708	0.0144583	-8903.43
709	0.0144583	-8962.22
710	0.0144583	-8871.87
711	0.0144583	-8967.73
712	0.0144583	-8823.42
713	0.0144583	-8894.56
714	0.0144583	-9033.01
715	0.0144583	-8868.77
716	0.0144583	-8759.04
717	0.0144583	-8800.82
718	0.0144583	-8811.09
719	0.0144583	-9067.47
720	0.0144583	-9194.39
721	0.0144583	-8934.49
722	0.0144583	-9167.21
723	0.0144583	-9291.22
724	0.0144583	-9333.16
725	0.0144583	-8940.7
726	0.0144583	-9219.09
727	0.0144583	-9001.13
728	0.0144583	-8807.34
729	0.0144583	-8634.76
730	0.0144583	-8500.36
731	0.0144583	-9078.18
732	0.0144583	-9098.44
733	0.0144583	-8896.4
734	0.0144583	-9172.39
735	0.0144583	-8839.28
736	0.0144583	-9120.29
737	0.0144583	-8947.47
738	0.0144583	-8764.69
739	0.0144583	-8874.12
740	0.0144583	-8874.78
741	0.0144583	-8867.09
742	0.0144583	-8722.07
743	0.0144583	-8815.26
744	0.0144583	-8793.51
745	0.0144583	-8727.97
746	0.0144583	-8867.25
747	0.0144583	-9021.89
748	0.0144583	-8929.64
749	0.0144583	-8996.52
750	0.0144583	-8778.14
751	0.0144583	-8853.22
752	0.0144583	-8838.73
753	0.0144583	-9022.35
754	0.0144583	-8978.61
755	0.0144583	-8818.73
756	0.0144583	-8669.93
757	0.0144583	-9137.32
758	0.0144583	-9052.62
759	0.0144583	-9038.88
760	0.0144583	-9229.16
761	0.0144583	-9096.4
762	0.0144583	-8720.28
763	0.0144583	-9342.93
764	0.0144583	-8980.81
765	0.0144583	-8962.76
766	0.0144583	-8890.36
767	0.0144583	-9128.69
768	0.0144583	-9204.06
769	0.0144583	-8901.6
770	0.0144583	-9155.08
771	0.0144583	-9245.03
772	0.0144583	-8890.74
773	0.0144583	-8730.58
774	0.0144583	-8833.99
775	0.0144583	-9008.87
776	0.0144583	-8912.67
777	0.0144583	-8537.32
778	0.0144583	-9046.5
779	0.0144583	-9015.89
780	0.0144583	-9270.88
781	0.0144583	-8997.52
782	0.0144583	-9207.33
783	0.0144583	-8796.68
784	0.0144583	-8560.46
785	0.0144583	-9038.05
786	0.0144583	-8935.98
787	0.0144583	-8779.17
788	0.0144583	-8822.95
789	0.0144583	-8490.59
790	0.0144583	-8948.44
791	0.0144583	-9230.15
792	0.0144583	-9170.61
793	0.0144583	-8940.65
794	0.0144583	-9104.1
795	0.0144583	-8924.54
796	0.0144583	-8983.15
797	0.0144583	-9105.81
798	0.0144583	-9038.11
799	0.0144583	-8756.29
800	0.0144583	-8753.7
801	0.0144583	-8866.47
802	0.0144583	-8723.06
803	0.0144583	-8901.12
804	0.0144583	-8705.14
805	0.0144583	-9054.3
806	0.0144583	-8778.53
807	0.0144583	-8704.11
808	0.0144583	-8699.2
809	0.0144583	-8861.46
810	0.0144583	-8701.83
811	0.0144583	-8918.68
812	0.0144583	-8847.62
813	0.0144583	-8854.88
814	0.0144583	-8810.68
815	0.0144583	-8868.74
816	0.0144583	-8926.44
817	0.0144583	-9008.13
818	0.0144583	-8868.35
819	0.0144583	-8914.75
820	0.0144583	-9198.49
821	0.0144583	-8654.72
822	0.0144583	-8734.28
823	0.0144583	-9053.13
824	0.0144583	-8790.27
825	0.0144583	-8768.91
826	0.0144583	-9002.85
827	0.0144583	-8989.21
828	0.0144583	-9037.95
829	0.0144583	-9041.3
830	0.0144583	-8902.52
831	0.0144583	-8890.67
832	0.0144583	-9122.66
833	0.0144583	-9091.43
834	0.0144583	-8994.83
835	0.0144583	-9004.16
836	0.0144583	-8957.94
837	0.0144583	-8960.53
838	0.0144583	-9066.15
839	0.0144583	-8936.22
840	0.0144583	-9228.92
841	0.0144583	-9079.66
842	0.0144583	-8826.68
843	0.0144583	-9008.14
844	0.0144583	-8855.06
845	0.0144583	-9137.72
846	0.0144583	-8958.51
847	0.0144583	-9082.84
848	0.0144583	-9052.49
849	0.0144583	-8952.01
850	0.0144583	-9010.34
851	0.0144583	-8940.13
852	0.0144583	-8950.92
853	0.0144583	-8723.02
854	0.0144583	-8962.96
855	0.0144583	-9054.98
856	0.0144583	-8944.32
857	0.0144583	-8797.06
858	0.0144583	-9011.57
859	0.0144583	-9127.91
860	0.0144583	-8952.09
861	0.0144583	-8927.81
862	0.0144583	-9227.62
863	0.0144583	-9294.97
864	0.0144583	-9543.42
865	0.0144583	-9094.51
866	0.0144583	-8888.52
867	0.0144583	-8938.53
868	0.0144583	-8957.56
869	0.0144583	-8986.59
870	0.0144583	-9166.56
871	0.0144583	-8959.97
872	0.0144583	-8974.74
873	0.0144583	-9205.05
874	0.0144583	-9135.89
875	0.0144583	-9232.96
876	0.0144583	-8826.7
877	0.0144583	-8967.27
878	0.0144583	-9152.67
879	0.0144583	-8913.15
880	0.0144583	-8806.99
881	0.0144583	-8780.18
882	0.0144583	-8791.52
883	0.0144583	-8851.59
884	0.0144583	-8804.21
885	0.0144583	-8894.35
886	0.0144583	-8835.55
887	0.0144583	-8949.94
888	0.0144583	-8849.61
889	0.0144583	-8867.31
890	0.0144583	-8783.82
891	0.0144583	-8948.31
892	0.0144583	-8829
893	0.0144583	-8835.47
894	0.0144583	-8888.42
895	0.0144583	-9074.16
896	0.0144583	-8842.75
897	0.0144583	-9052.75
898	0.0144583	-9036.38
899	0.0144583	-9038.31
900	0.0144583	-9065.13
901	0.0144583	-9244.61
902	0.0144583	-8835.14
903	0.0144583	-9234.92
904	0.0144583	-9026.86
905	0.0144583	-8797.28
906	0.0144583	-8593.52
907	0.0144583	-8866.8
908	0.0144583	-8676.02
909	0.0144583	-8641.87
910	0.0144583	-8830.65
911	0.0144583	-8674.82
912	0.0144583	-8700.4
913	0.0144583	-8765.65
914	0.0144583	-8812.31
915	0.0144583	-8773.28
916	0.0144583	-8823.99
917	0.0144583	-9043.82
918	0.0144583	-9247.46
919	0.0144583	-9278.85
920	0.0144583	-8881.86
921	0.0144583	-8661.81
922	0.0144583	-8869.35
923	0.0144583	-8749.15
924	0.0144583	-9072.34
925	0.0144583	-9016.81
926	0.0144583	-8953.53
927	0.0144583	-8907.96
928	0.0144583	-9035.15
929	0.0144583	-9118.27
930	0.0144583	-8978.03
931	0.0144583	-8876.49
932	0.0144583	-8849.04
933	0.0144583	-8808.88
934	0.0144583	-8976.6
935	0.0144583	-9220.91
936	0.0144583	-9398.31
937	0.0144583	-9042.75
938	0.0144583	-8876.13
939	0.0144583	-9061.04
940	0.0144583	-8977.06
941	0.0144583	-8861.72
942	0.0144583	-9125.19
943	0.0144583	-9140.72
944	0.0144583	-8949.09
945	0.0144583	-8953.96
946	0.0144583	-8946.33
947	0.0144583	-9103.38
948	0.0144583	-8614.02
949	0.0144583	-8626.49
950	0.0144583	-8740.94
951	0.0144583	-8892.87
952	0.0144583	-8906.16
953	0.0144583	-9298.4
954	0.0144583	-8986.5
955	0.0144583	-8918.96
956	0.0144583	-8875.84
957	0.0144583	-8937.05
958	0.0144583	-8738.45
959	0.0144583	-8577.95
960	0.0144583	-8716.44
961	0.0144583	-8848.43
962	0.0144583	-8882.07
963	0.0144583	-8696.06
964	0.0144583	-8871.87
965	0.0144583	-8973.69
966	0.0144583	-8846.01
967	0.0144583	-8746.49
968	0.0144583	-9035.75
969	0.0144583	-8873.76
970	0.0144583	-8740.37
971	0.0144583	-8458.51
972	0.0144583	-8645.44
973	0.0144583	-8721.73
974	0.0144583	-8628.65
975	0.0144583	-8641.98
976	0.0144583	-8789.8
977	0.0144583	-8609.03
978	0.0144583	-8810.22
979	0.0144583	-8751.15
980	0.0144583	-8794.42
981	0.0144583	-8915.9
982	0.0144583	-8772.33
983	0.0144583	-8727
984	0.0144583	-8978.16
985	0.0144583	-8930.61
986	0.0144583	-8968
987	0.0144583	-8809.98
988	0.0144583	-8920.05
989	0.0144583	-8931.89
990	0.0144583	-8984.2
991	0.0144583	-8904.3
992	0.0144583	-8861.5
993	0.0144583	-8967.14
994	0.0144583	-9189.48
995	0.0144583	-9138.14
996	0.0144583	-8964.16
997	0.0144583	-9022.48
998	0.0144583	-9051.53
999	0.0144583	-8882.61
1000	0.0144583	-8680.77
251	0.0113284	-8488.22
252	0.0113284	-8785.39
253	0.0113284	-8815.68
254	0.0113284	-9046.43
255	0.0113284	-8769.88
256	0.0113284	-8670.73
257	0.0113284	-9098.76
258	0.0113284	-8935.64
259	0.0113284	-9036.64
260	0.0113284	-9251.14
261	0.0113284	-9238.86
262	0.0113284	-9767.63
263	0.0113284	-9137.14
264	0.0113284	-8947.55
265	0.0113284	-9185.13
266	0.0113284	-9171.04
267	0.0113284	-9468.65
268	0.0113284	-8994.69
269	0.0113284	-9341.39
270	0.0113284	-9178.09
271	0.0113284	-9279.16
272	0.0113284	-9357.19
273	0.0113284	-8881.92
274	0.0113284	-9685.95
275	0.0113284	-9060.54
276	0.0113284	-9170.07
277	0.0113284	-8886.25
278	0.0113284	-8837.09
279	0.0113284	-8915.19
280	0.0113284	-9757.85
281	0.0113284	-9081.75
282	0.0113284	-8743.32
283	0.0113284	-10016.5
284	0.0113284	-9394.9
285	0.0113284	-9072.39
286	0.0113284	-8711.04
287	0.0113284	-9217.17
288	0.0113284	-8913.21
289	0.0113284	-8611.21
290	0.0113284	-8550.19
291	0.0113284	-8804.25
292	0.0113284	-8759.65
293	0.0113284	-9427.4
294	0.0113284	-9314.18
295	0.0113284	-9092.37
296	0.0113284	-9405.43
297	0.0113284	-9064.21
298	0.0113284	-9250.75
299	0.0113284	-9008.79
300	0.0113284	-8679.83
301	0.0113284	-9369.58
302	0.0113284	-9356.38
303	0.0113284	-9266.24
304	0.0113284	-9251.12
305	0.0113284	-8929.41
306	0.0113284	-9179.26
307	0.0113284	-9148.78
308	0.0113284	-9800.25
309	0.0113284	-9275.36
310	0.0113284	-9027.46
311	0.0113284	-9256.99
312	0.0113284	-8998.27
313	0.0113284	-9116.77
314	0.0113284	-9505.18
315	0.0113284	-9320.16
316	0.0113284	-9160.45
317	0.0113284	-9187.94
318	0.0113284	-9396.88
319	0.0113284	-8687.05
320	0.0113284	-9140.16
321	0.0113284	-8879.27
322	0.0113284	-8911.03
323	0.0113284	-8946.89
324	0.0113284	-9083.63
325	0.0113284	-8885.53
326	0.0113284	-9019.97
327	0.0113284	-9603.1
328	0.0113284	-9603.89
329	0.0113284	-8722.79
330	0.0113284	-8707.58
331	0.0113284	-8934.32
332	0.0113284	-8891.46
333	0.0113284	-9315.88
334	0.0113284	-9173.71
335	0.0113284	-9071.85
336	0.0113284	-9433.64
337	0.0113284	-10082
338	0.0113284	-9188.7
339	0.0113284	-8996.53
340	0.0113284	-9099.35
341	0.0113284	-8839.28
342	0.0113284	-8721.94
343	0.0113284	-9140.44
344	0.0113284	-9239.19
345	0.0113284	-9223.66
346	0.0113284	-8838.36
347	0.0113284	-8910.45
348	0.0113284	-9001.02
349	0.0113284	-8920
350	0.0113284	-9432.98
351	0.0113284	-8840.36
352	0.0113284	-8995.73
353	0.0113284	-8678.81
354	0.0113284	-8740.92
355	0.0113284	-8944.01
356	0.0113284	-9023.09
357	0.0113284	-9281.32
358	0.0113284	-9211.07
359	0.0113284	-8852.96
360	0.0113284	-8867.7
361	0.0113284	-9234.24
362	0.0113284	-9078.7
363	0.0113284	-8665.77
364	0.0113284	-8678.16
365	0.0113284	-9463.84
366	0.0113284	-8809.24
367	0.0113284	-8956.46
368	0.0113284	-9091.89
369	0.0113284	-9713.99
370	0.0113284	-9600.5
371	0.0113284	-9181.5
372	0.0113284	-8759.9
373	0.0113284	-9186.09
374	0.0113284	-8895.8
375	0.0113284	-8991.32
376	0.0113284	-8876.16
377	0.0113284	-9298.78
378	0.0113284	-9158.92
379	0.0113284	-9315.56
380	0.0113284	-9577.6
381	0.0113284	-9744.1
382	0.0113284	-9426.81
383	0.0113284	-9287.48
384	0.0113284	-9395.87
385	0.0113284	-9593.81
386	0.0113284	-9041.61
387	0.0113284	-9044.16
388	0.0113284	-8920.51
389	0.0113284	-8892.97
390	0.0113284	-9028.83
391	0.0113284	-9325.56
392	0.0113284	-9126.72
393	0.0113284	-9085.93
394	0.0113284	-9497.53
395	0.0113284	-8976.15
396	0.0113284	-9145.32
397	0.0113284	-8803.22
398	0.0113284	-9010.66
399	0.0113284	-8601.2
400	0.0113284	-9271.06
401	0.0113284	-9186.61
402	0.0113284	-9066.37
403	0.0113284	-9152.75
404	0.0113284	-9235.58
405	0.0113284	-9364.68
406	0.0113284	-9323.27
407	0.0113284	-8868.74
408	0.0113284	-8926.2
409	0.0113284	-9730.14
410	0.0113284	-9124.11
411	0.0113284	-8878.81
412	0.0113284	-8913.53
413	0.0113284	-8692.87
414	0.0113284	-8951.79
415	0.0113284	-8956.06
416	0.0113284	-9266.22
417	0.0113284	-9010.42
418	0.0113284	-9207.97
419	0.0113284	-9201.48
420	0.0113284	-8851.64
421	0.0113284	-9277.48
422	0.0113284	-8955.61
423	0.0113284	-9240.96
424	0.0113284	-9051.59
425	0.0113284	-9011.05
426	0.0113284	-9620.14
427	0.0113284	-8947.92
428	0.0113284	-9440.59
429	0.0113284	-9458.15
430	0.0113284	-9809.54
431	0.0113284	-9844.63
432	0.0113284	-9357.06
433	0.0113284	-8902.42
434	0.0113284	-8904.66
435	0.0113284	-9374.49
436	0.0113284	-8999.99
437	0.0113284	-8944.25
438	0.0113284	-9078.19
439	0.0113284	-9042.25
440	0.0113284	-8955.14
441	0.0113284	-8714.86
442	0.0113284	-9220.6
443	0.0113284	-8988.31
444	0.0113284	-9191.28
445	0.0113284	-9091.86
446	0.0113284	-8999.72
447	0.0113284	-9241.93
448	0.0113284	-8964.81
449	0.0113284	-8824.8
450	0.0113284	-8989.76
451	0.0113284	-8937.62
452	0.0113284	-8843.8
453	0.0113284	-8980.15
454	0.0113284	-8828.87
455	0.0113284	-9080.23
456	0.0113284	-8831.18
457	0.0113284	-8835.38
458	0.0113284	-9051.49
459	0.0113284	-8603.33
460	0.0113284	-8680.9
461	0.0113284	-9238.17
462	0.0113284	-8984.93
463	0.0113284	-8893.73
464	0.0113284	-9223.46
465	0.0113284	-9132.92
466	0.0113284	-9438.21
467	0.0113284	-8935.03
468	0.0113284	-8740.11
469	0.0113284	-8645.11
470	0.0113284	-8688.77
471	0.0113284	-8606.56
472	0.0113284	-9149
473	0.0113284	-8587.19
474	0.0113284	-8676.81
475	0.0113284	-8926.59
476	0.0113284	-8932.08
477	0.0113284	-9221.55
478	0.0113284	-9191.11
479	0.0113284	-9478.15
480	0.0113284	-9022.92
481	0.0113284	-9308.68
482	0.0113284	-9063.7
483	0.0113284	-8933.12
484	0.0113284	-8907.68
485	0.0113284	-9098.2
486	0.0113284	-8913.47
487	0.0113284	-9206.12
488	0.0113284	-9216.64
489	0.0113284	-8871.73
490	0.0113284	-9045.11
491	0.0113284	-9348.3
492	0.0113284	-9359.93
493	0.0113284	-8970.13
494	0.0113284	-8756.5
495	0.0113284	-8682.47
496	0.0113284	-8787.31
497	0.0113284	-8980.6
498	0.0113284	-9028.75
499	0.0113284	-9054.03
500	0.0113284	-9267.03
501	0.0113284	-9194.97
502	0.0113284	-9112.4
503	0.0113284	-9159.59
504	0.0113284	-9072.67
505	0.0113284	-9101.25
506	0.0113284	-8958.95
507	0.0113284	-9086.3
508	0.0113284	-9378.23
509	0.0113284	-9593.18
510	0.0113284	-9246.15
511	0.0113284	-9219.19
512	0.0113284	-9048.91
513	0.0113284	-8994.15
514	0.0113284	-9017.81
515	0.0113284	-8934.91
516	0.0113284	-9142.55
517	0.0113284	-8845.51
518	0.0113284	-9014.27
519	0.0113284	-8895.21
520	0.0113284	-9232.7
521	0.0113284	-9177.93
522	0.0113284	-9208.12
523	0.0113284	-9051.05
524	0.0113284	-9190.98
525	0.0113284	-9282.32
526	0.0113284	-9324.07
527	0.0113284	-8680.16
528	0.0113284	-8952.02
529	0.0113284	-8591.35
530	0.0113284	-8875.81
531	0.0113284	-8778.64
532	0.0113284	-8936.26
533	0.0113284	-8784.3
534	0.0113284	-9013.65
535	0.0113284	-9013.07
536	0.0113284	-8932.41
537	0.0113284	-8568.68
538	0.0113284	-8608.7
539	0.0113284	-8769.95
540	0.0113284	-9201.77
541	0.0113284	-8943.51
542	0.0113284	-9093.75
543	0.0113284	-8855.6
544	0.0113284	-9002.11
545	0.0113284	-9013.45
546	0.0113284	-9300.17
547	0.0113284	-9064.85
548	0.0113284	-9371.63
549	0.0113284	-9054.37
550	0.0113284	-9102.13
551	0.0113284	-9839.54
552	0.0113284	-9548.05
553	0.0113284	-9089.6
554	0.0113284	-8721.43
555	0.0113284	-9254.35
556	0.0113284	-9004.01
557	0.0113284	-9235.81
558	0.0113284	-9466.57
559	0.0113284	-9451.13
560	0.0113284	-9599.41
561	0.0113284	-9023.85
562	0.0113284	-9408.39
563	0.0113284	-9108.92
564	0.0113284	-8996.25
565	0.0113284	-8977.32
566	0.0113284	-9133.73
567	0.0113284	-8900.86
568	0.0113284	-9362.48
569	0.0113284	-8953.1
570	0.0113284	-8818.21
571	0.0113284	-8942.72
572	0.0113284	-8765.74
573	0.0113284	-8719.51
574	0.0113284	-8814.93
575	0.0113284	-8732.88
576	0.0113284	-9721.2
577	0.0113284	-9597.02
578	0.0113284	-9602.16
579	0.0113284	-9344.77
580	0.0113284	-9020.84
581	0.0113284	-8795.11
582	0.0113284	-8936.98
583	0.0113284	-9117.58
584	0.0113284	-9624.05
585	0.0113284	-9139.59
586	0.0113284	-9676.31
587	0.0113284	-9191.36
588	0.0113284	-9026.67
589	0.0113284	-8926.46
590	0.0113284	-9121.72
591	0.0113284	-9484.86
592	0.0113284	-9203.06
593	0.0113284	-8922.17
594	0.0113284	-9034.71
595	0.0113284	-9139.95
596	0.0113284	-8747.4
597	0.0113284	-9076.68
598	0.0113284	-9249.11
599	0.0113284	-9442.12
600	0.0113284	-9100.35
601	0.0113284	-9285.74
602	0.0113284	-9093.19
603	0.0113284	-9408.2
604	0.0113284	-9473.43
605	0.0113284	-9076.04
606	0.0113284	-9033.32
607	0.0113284	-9152.21
608	0.0113284	-8797.93
609	0.0113284	-8709.25
610	0.0113284	-9068.94
611	0.0113284	-9044.92
612	0.0113284	-8857.16
613	0.0113284	-8877.46
614	0.0113284	-9423.04
615	0.0113284	-9006.81
616	0.0113284	-8922.22
617	0.0113284	-9044.13
618	0.0113284	-9258.23
619	0.0113284	-9202.18
620	0.0113284	-9045.17
621	0.0113284	-8981.11
622	0.0113284	-9168.66
623	0.0113284	-8998.45
624	0.0113284	-9180.02
625	0.0113284	-9240.71
626	0.0113284	-9080.65
627	0.0113284	-9161.17
628	0.0113284	-9272.79
629	0.0113284	-8839.75
630	0.0113284	-9004.25
631	0.0113284	-9278.93
632	0.0113284	-9190.46
633	0.0113284	-9148.81
634	0.0113284	-8825.52
635	0.0113284	-9270.41
636	0.0113284	-8882.4
637	0.0113284	-8841.22
638	0.0113284	-8873.67
639	0.0113284	-9382.97
640	0.0113284	-9033.23
641	0.0113284	-8828.05
642	0.0113284	-8964.86
643	0.0113284	-9050.38
644	0.0113284	-8888.96
645	0.0113284	-8908.63
646	0.0113284	-9129.77
647	0.0113284	-9106.7
648	0.0113284	-9098.1
649	0.0113284	-9103.82
650	0.0113284	-9368.09
651	0.0113284	-9282.96
652	0.0113284	-8837.32
653	0.0113284	-8970.68
654	0.0113284	-9065.23
655	0.0113284	-8959.36
656	0.0113284	-9098.53
657	0.0113284	-9192.93
658	0.0113284	-9259.32
659	0.0113284	-9146.28
660	0.0113284	-8858.85
661	0.0113284	-9314.91
662	0.0113284	-9121.58
663	0.0113284	-8880.05
664	0.0113284	-8914.39
665	0.0113284	-9059.86
666	0.0113284	-9179.58
667	0.0113284	-9323.91
668	0.0113284	-9531.36
669	0.0113284	-8888.01
670	0.0113284	-9035.49
671	0.0113284	-9027.42
672	0.0113284	-8861.58
673	0.0113284	-8788.98
674	0.0113284	-9220.32
675	0.0113284	-9415.85
676	0.0113284	-9135.5
677	0.0113284	-9008.73
678	0.0113284	-9381.65
679	0.0113284	-9857.93
680	0.0113284	-9317.94
681	0.0113284	-9020.56
682	0.0113284	-9001.16
683	0.0113284	-9231.26
684	0.0113284	-9133.67
685	0.0113284	-9069.18
686	0.0113284	-9631.83
687	0.0113284	-9485.05
688	0.0113284	-9113.39
689	0.0113284	-9460.55
690	0.0113284	-8962.22
691	0.0113284	-9670.33
692	0.0113284	-9257.77
693	0.0113284	-9598.33
694	0.0113284	-9124.21
695	0.0113284	-9133.97
696	0.0113284	-9270.15
697	0.0113284	-9045.4
698	0.0113284	-9014.05
699	0.0113284	-8934.95
700	0.0113284	-9059.02
701	0.0113284	-9245.97
702	0.0113284	-9319.76
703	0.0113284	-9003.83
704	0.0113284	-9410.73
705	0.0113284	-9069.83
706	0.0113284	-9106.38
707	0.0113284	-8963.36
708	0.0113284	-8924.29
709	0.0113284	-8765.76
710	0.0113284	-9243.94
711	0.0113284	-9084.94
712	0.0113284	-9058.93
713	0.0113284	-8930.17
714	0.0113284	-9532.47
715	0.0113284	-9415.05
716	0.0113284	-9247.64
717	0.0113284	-9405.76
718	0.0113284	-9271
719	0.0113284	-9154.22
720	0.0113284	-8910.9
721	0.0113284	-9096.52
722	0.0113284	-8879.16
723	0.0113284	-9108.88
724	0.0113284	-9200.93
725	0.0113284	-9694.22
726	0.0113284	-9044.54
727	0.0113284	-9104.92
728	0.0113284	-8658.32
729	0.0113284	-9012.22
730	0.0113284	-9571.62
731	0.0113284	-9332.51
732	0.0113284	-9188.48
733	0.0113284	-9938.98
734	0.0113284	-9164.13
735	0.0113284	-8849.83
736	0.0113284	-8716.56
737	0.0113284	-9555.86
738	0.0113284	-8991.41
739	0.0113284	-8593.8
740	0.0113284	-8671.44
741	0.0113284	-9414.84
742	0.0113284	-9453.01
743	0.0113284	-9451.46
744	0.0113284	-8931.4
745	0.0113284	-9168.05
746	0.0113284	-9102.31
747	0.0113284	-8992.96
748	0.0113284	-8937.11
749	0.0113284	-8802.16
750	0.0113284	-8877.16
751	0.0113284	-9074.97
752	0.0113284	-9282.21
753	0.0113284	-9140
754	0.0113284	-9027.28
755	0.0113284	-8871.07
756	0.0113284	-9036.98
757	0.0113284	-8784.96
758	0.0113284	-9045.43
759	0.0113284	-8882.26
760	0.0113284	-8668.57
761	0.0113284	-8885.72
762	0.0113284	-8820.86
763	0.0113284	-8767.08
764	0.0113284	-8530.55
765	0.0113284	-9220.99
766	0.0113284	-8789.9
767	0.0113284	-9294.85
768	0.0113284	-9319.4
769	0.0113284	-9131.91
770	0.0113284	-9028.29
771	0.0113284	-9236.26
772	0.0113284	-9259.06
773	0.0113284	-9203.19
774	0.0113284	-9180.87
775	0.0113284	-9016.06
776	0.0113284	-9048.96
777	0.0113284	-9241.51
778	0.0113284	-9273.63
779	0.0113284	-9352.62
780	0.0113284	-9481.58
781	0.0113284	-9389.73
782	0.0113284	-9039.94
783	0.0113284	-9354.43
784	0.0113284	-9410.78
785	0.0113284	-9304.92
786	0.0113284	-8813.36
787	0.0113284	-9166.95
788	0.0113284	-9066.96
789	0.0113284	-8950.77
790	0.0113284	-8750.79
791	0.0113284	-8988.85
792	0.0113284	-8924.37
793	0.0113284	-9030.39
794	0.0113284	-9095.19
795	0.0113284	-9072.66
796	0.0113284	-8986.83
797	0.0113284	-8969.26
798	0.0113284	-8737.05
799	0.0113284	-8521.95
800	0.0113284	-8919.78
801	0.0113284	-9034.54
802	0.0113284	-8844.45
803	0.0113284	-8968.41
804	0.0113284	-9239.9
805	0.0113284	-9043.73
806	0.0113284	-9113.96
807	0.0113284	-8893.68
808	0.0113284	-9680.52
809	0.0113284	-9308.65
810	0.0113284	-9230.86
811	0.0113284	-9030.25
812	0.0113284	-8955.29
813	0.0113284	-9279.74
814	0.0113284	-9064.57
815	0.0113284	-9032.06
816	0.0113284	-8930.73
817	0.0113284	-9062.63
818	0.0113284	-9077.9
819	0.0113284	-9249.76
820	0.0113284	-8998.28
821	0.0113284	-9062.02
822	0.0113284	-8854.39
823	0.0113284	-8986.97
824	0.0113284	-9001.65
825	0.0113284	-9253.07
826	0.0113284	-9588.55
827	0.0113284	-9638.12
828	0.0113284	-9132.31
829	0.0113284	-9168.74
830	0.0113284	-9345.95
831	0.0113284	-9147.19
832	0.0113284	-9459.65
833	0.0113284	-8943.23
834	0.0113284	-9093.53
835	0.0113284	-8796.8
836	0.0113284	-8996.05
837	0.0113284	-9142.25
838	0.0113284	-9056.08
839	0.0113284	-9256.7
840	0.0113284	-9056.29
841	0.0113284	-9158.02
842	0.0113284	-8824.53
843	0.0113284	-9549.08
844	0.0113284	-9193.23
845	0.0113284	-8837.52
846	0.0113284	-8872.64
847	0.0113284	-9083.02
848	0.0113284	-9444.66
849	0.0113284	-8734.42
850	0.0113284	-8863.96
851	0.0113284	-9035.44
852	0.0113284	-9381.4
853	0.0113284	-9082.63
854	0.0113284	-9070.92
855	0.0113284	-9829.02
856	0.0113284	-9535.3
857	0.0113284	-8983.23
858	0.0113284	-8923.81
859	0.0113284	-8668.43
860	0.0113284	-9087.09
861	0.0113284	-8786.33
862	0.0113284	-9382.77
863	0.0113284	-8902.92
864	0.0113284	-9088.83
865	0.0113284	-8860.45
866	0.0113284	-8900.52
867	0.0113284	-9138.62
868	0.0113284	-9455.8
869	0.0113284	-9477.79
870	0.0113284	-9434.6
871	0.0113284	-9593.64
872	0.0113284	-9237.5
873	0.0113284	-8950.57
874	0.0113284	-9035.35
875	0.0113284	-8881.99
876	0.0113284	-8994.09
877	0.0113284	-8809.69
878	0.0113284	-9090.42
879	0.0113284	-8660.21
880	0.0113284	-9203.55
881	0.0113284	-9293.57
882	0.0113284	-8901.78
883	0.0113284	-8862.1
884	0.0113284	-9056.57
885	0.0113284	-9014.35
886	0.0113284	-9042.94
887	0.0113284	-9086.27
888	0.0113284	-8742.31
889	0.0113284	-9063.75
890	0.0113284	-9398.28
891	0.0113284	-8866.92
892	0.0113284	-8794.35
893	0.0113284	-8914.79
894	0.0113284	-8945.31
895	0.0113284	-9481.85
896	0.0113284	-9415.97
897	0.0113284	-9020.32
898	0.0113284	-9632.16
899	0.0113284	-8973
900	0.0113284	-9395.23
901	0.0113284	-8818.02
902	0.0113284	-9271.03
903	0.0113284	-9087.23
904	0.0113284	-9768.61
905	0.0113284	-9730.39
906	0.0113284	-9509.78
907	0.0113284	-9228.82
908	0.0113284	-8821.77
909	0.0113284	-8949.38
910	0.0113284	-9300.75
911	0.0113284	-9123.1
912	0.0113284	-9874.45
913	0.0113284	-9215.07
914	0.0113284	-9080.32
915	0.0113284	-9263.71
916	0.0113284	-8906.65
917	0.0113284	-9496.43
918	0.0113284	-9291.14
919	0.0113284	-9189.46
920	0.0113284	-9574.95
921	0.0113284	-9624.32
922	0.0113284	-9524.29
923	0.0113284	-9964.88
924	0.0113284	-9206.42
925	0.0113284	-9458.13
926	0.0113284	-9063.72
927	0.0113284	-9302.94
928	0.0113284	-8979.74
929	0.0113284	-9012.36
930	0.0113284	-9056.78
931	0.0113284	-8957.64
932	0.0113284	-9347.86
933	0.0113284	-9097.79
934	0.0113284	-9352.6
935	0.0113284	-8767.17
936	0.0113284	-8908.29
937	0.0113284	-9319.13
938	0.0113284	-9566.96
939	0.0113284	-9599.06
940	0.0113284	-9437.74
941	0.0113284	-9438.87
942	0.0113284	-9122.69
943	0.0113284	-9144.02
944	0.0113284	-8936.15
945	0.0113284	-9124.36
946	0.0113284	-9307.99
947	0.0113284	-9386.62
948	0.0113284	-9402.3
949	0.0113284	-9172.84
950	0.0113284	-9065.49
951	0.0113284	-8977.56
952	0.0113284	-9624.13
953	0.0113284	-8938.45
954	0.0113284	-9046.66
955	0.0113284	-8995.71
956	0.0113284	-9017.02
957	0.0113284	-9173.85
958	0.0113284	-9564.82
959	0.0113284	-9277.07
960	0.0113284	-9396.85
961	0.0113284	-9159.75
962	0.0113284	-9384.82
963	0.0113284	-9537.79
964	0.0113284	-9344.47
965	0.0113284	-9203.53
966	0.0113284	-9161.81
967	0.0113284	-9615.16
968	0.0113284	-9480.17
969	0.0113284	-9125.52
970	0.0113284	-9147.45
971	0.0113284	-9216.96
972	0.0113284	-9017.54
973	0.0113284	-9254
974	0.0113284	-9028.98
975	0.0113284	-9522.91
976	0.0113284	-9063.17
977	0.0113284	-9086.35
978	0.0113284	-9006.08
979	0.0113284	-8846.14
980	0.0113284	-9207.7
981	0.0113284	-9014.74
982	0.0113284	-8917
983	0.0113284	-9105.84
984	0.0113284	-8978.47
985	0.0113284	-8792.19
986	0.0113284	-8936.23
987	0.0113284	-9006.66
988	0.0113284	-9055.74
989	0.0113284	-9385.78
990	0.0113284	-9147.13
991	0.0113284	-9147.66
992	0.0113284	-8975.09
993	0.0113284	-9660.51
994	0.0113284	-9061.59
995	0.0113284	-8670.61
996	0.0113284	-8696.97
997	0.0113284	-8833.92
998	0.0113284	-9030.2
999	0.0113284	-8858.53
1000	0.0113284	-8959.11
251	0.00876572	-9319.79
252	0.00876572	-9501.41
253	0.00876572	-9364.58
254	0.00876572	-10027.5
255	0.00876572	-10660.9
256	0.00876572	-8954.32
257	0.00876572	-9304.78
258	0.00876572	-9007.49
259	0.00876572	-9095.14
260	0.00876572	-9359.95
261	0.00876572	-9754.7
262	0.00876572	-9467.4
263	0.00876572	-9924.98
264	0.00876572	-9803.11
265	0.00876572	-9775.08
266	0.00876572	-8916.1
267	0.00876572	-9633.83
268	0.00876572	-9596.21
269	0.00876572	-9707.92
270	0.00876572	-9194.04
271	0.00876572	-9601.45
272	0.00876572	-9424.93
273	0.00876572	-8915.92
274	0.00876572	-9338.23
275	0.00876572	-9431.4
276	0.00876572	-9422.36
277	0.00876572	-9556.91
278	0.00876572	-9416.58
279	0.00876572	-8863.26
280	0.00876572	-9209.73
281	0.00876572	-9440.76
282	0.00876572	-9487.78
283	0.00876572	-9403.62
284	0.00876572	-9098.88
285	0.00876572	-9210.92
286	0.00876572	-10078.8
287	0.00876572	-10005
288	0.00876572	-9184.15
289	0.00876572	-9732.81
290	0.00876572	-9775.8
291	0.00876572	-9411.29
292	0.00876572	-9970.53
293	0.00876572	-9334.42
294	0.00876572	-9045.45
295	0.00876572	-9129.42
296	0.00876572	-9399.86
297	0.00876572	-8850.16
298	0.00876572	-8765.63
299	0.00876572	-8723.03
300	0.00876572	-8859.3
301	0.00876572	-9287.13
302	0.00876572	-9202.41
303	0.00876572	-9632
304	0.00876572	-9558.8
305	0.00876572	-9278.91
306	0.00876572	-9420.07
307	0.00876572	-9384.52
308	0.00876572	-10143.1
309	0.00876572	-9957.04
310	0.00876572	-9331.33
311	0.00876572	-9431.57
312	0.00876572	-9187.68
313	0.00876572	-9863.82
314	0.00876572	-9597.57
315	0.00876572	-9990.9
316	0.00876572	-10327
317	0.00876572	-10275.5
318	0.00876572	-9395.27
319	0.00876572	-9014.17
320	0.00876572	-9492.7
321	0.00876572	-9181
322	0.00876572	-9375.82
323	0.00876572	-9319.3
324	0.00876572	-9237.49
325	0.00876572	-9429.61
326	0.00876572	-9408.01
327	0.00876572	-10383.6
328	0.00876572	-9796.64
329	0.00876572	-9966.4
330	0.00876572	-9456.22
331	0.00876572	-9237.18
332	0.00876572	-9940.08
333	0.00876572	-9233.98
334	0.00876572	-9790.39
335	0.00876572	-10136.4
336	0.00876572	-9852.73
337	0.00876572	-9915.8
338	0.00876572	-9225.85
339	0.00876572	-9815.27
340	0.00876572	-9562.68
341	0.00876572	-9488.76
342	0.00876572	-9208.56
343	0.00876572	-9481.55
344	0.00876572	-9692.54
345	0.00876572	-9483.66
346	0.00876572	-9222.89
347	0.00876572	-8912.86
348	0.00876572	-9508.84
349	0.00876572	-8889.44
350	0.00876572	-9229.89
351	0.00876572	-8797.18
352	0.00876572	-9218.54
353	0.00876572	-9423.8
354	0.00876572	-9142.51
355	0.00876572	-9534.17
356	0.00876572	-9320.95
357	0.00876572	-9355.68
358	0.00876572	-9086.25
359	0.00876572	-9030.19
360	0.00876572	-9361.11
361	0.00876572	-8969.97
362	0.00876572	-9208.9
363	0.00876572	-9054.78
364	0.00876572	-9563.04
365	0.00876572	-9403.88
366	0.00876572	-8995.62
367	0.00876572	-9212.38
368	0.00876572	-8965.27
369	0.00876572	-9636.3
370	0.00876572	-9678.24
371	0.00876572	-9851.65
372	0.00876572	-9594.28
373	0.00876572	-9473.92
374	0.00876572	-8972.55
375	0.00876572	-9064.7
376	0.00876572	-8875.34
377	0.00876572	-9219.89
378	0.00876572	-8880.89
379	0.00876572	-9384.38
380	0.00876572	-9333.46
381	0.00876572	-9152.36
382	0.00876572	-8961.43
383	0.00876572	-9069.97
384	0.00876572	-9097.82
385	0.00876572	-9249.01
386	0.00876572	-9319.81
387	0.00876572	-9727.43
388	0.00876572	-9944.31
389	0.00876572	-9338.22
390	0.00876572	-9222.23
391	0.00876572	-9848.53
392	0.00876572	-9971.71
393	0.00876572	-9350.6
394	0.00876572	-9215.19
395	0.00876572	-8743.6
396	0.00876572	-8956.26
397	0.00876572	-8950.46
398	0.00876572	-8962.9
399	0.00876572	-8860.1
400	0.00876572	-9498.24
401	0.00876572	-9748.43
402	0.00876572	-9201.51
403	0.00876572	-9294.34
404	0.00876572	-9261.99
405	0.00876572	-9661.58
406	0.00876572	-9395.94
407	0.00876572	-9703.31
408	0.00876572	-9569.57
409	0.00876572	-9220.55
410	0.00876572	-9540.8
411	0.00876572	-8952.68
412	0.00876572	-9044.14
413	0.00876572	-9026.81
414	0.00876572	-9195.18
415	0.00876572	-8662.53
416	0.00876572	-9548.04
417	0.00876572	-9296.96
418	0.00876572	-9283.71
419	0.00876572	-9106.13
420	0.00876572	-9515.46
421	0.00876572	-9187.99
422	0.00876572	-9290.06
423	0.00876572	-9017.82
424	0.00876572	-9234.11
425	0.00876572	-9064.84
426	0.00876572	-8989.54
427	0.00876572	-9047.96
428	0.00876572	-9157.17
429	0.00876572	-9154.04
430	0.00876572	-8901.45
431	0.00876572	-9483.93
432	0.00876572	-9013.63
433	0.00876572	-8968.94
434	0.00876572	-8948.51
435	0.00876572	-9456.25
436	0.00876572	-8997.99
437	0.00876572	-9086.42
438	0.00876572	-9332.94
439	0.00876572	-9725.23
440	0.00876572	-10379.1
441	0.00876572	-9500.5
442	0.00876572	-9663.96
443	0.00876572	-9461.93
444	0.00876572	-9133.46
445	0.00876572	-9455.58
446	0.00876572	-9970.72
447	0.00876572	-9450.16
448	0.00876572	-9572.89
449	0.00876572	-9469.05
450	0.00876572	-9477.71
451	0.00876572	-9561.4
452	0.00876572	-9245.65
453	0.00876572	-9797.47
454	0.00876572	-10331.2
455	0.00876572	-10251.1
456	0.00876572	-9356.88
457	0.00876572	-9503.84
458	0.00876572	-9219.03
459	0.00876572	-9194.9
460	0.00876572	-9651.6
461	0.00876572	-9601.46
462	0.00876572	-10136.9
463	0.00876572	-9012.03
464	0.00876572	-9010.03
465	0.00876572	-9197.71
466	0.00876572	-9129.23
467	0.00876572	-9036.39
468	0.00876572	-9419.18
469	0.00876572	-9642.59
470	0.00876572	-9528.91
471	0.00876572	-9125.34
472	0.00876572	-8904.08
473	0.00876572	-9495.01
474	0.00876572	-9403.7
475	0.00876572	-9054.6
476	0.00876572	-8851.51
477	0.00876572	-9109.47
478	0.00876572	-9474.66
479	0.00876572	-8931.9
480	0.00876572	-8976.76
481	0.00876572	-9535.29
482	0.00876572	-9479.1
483	0.00876572	-9240.43
484	0.00876572	-9050.03
485	0.00876572	-9352.74
486	0.00876572	-9186.61
487	0.00876572	-9687.08
488	0.00876572	-8852.76
489	0.00876572	-9449.33
490	0.00876572	-9612.17
491	0.00876572	-9338.75
492	0.00876572	-9052.87
493	0.00876572	-9043.42
494	0.00876572	-9794.93
495	0.00876572	-9469.99
496	0.00876572	-9404.08
497	0.00876572	-9241.18
498	0.00876572	-9465.41
499	0.00876572	-9550.62
500	0.00876572	-9151.83
501	0.00876572	-9132.47
502	0.00876572	-9063.97
503	0.00876572	-9317.38
504	0.00876572	-9577.37
505	0.00876572	-9457.33
506	0.00876572	-8988.24
507	0.00876572	-9152.11
508	0.00876572	-8930.06
509	0.00876572	-9108.98
510	0.00876572	-9374.55
511	0.00876572	-9470.89
512	0.00876572	-9618.31
513	0.00876572	-9383.69
514	0.00876572	-9433.04
515	0.00876572	-9167.33
516	0.00876572	-9619.91
517	0.00876572	-9218.75
518	0.00876572	-8910.31
519	0.00876572	-9076.37
520	0.00876572	-9105.11
521	0.00876572	-8778.86
522	0.00876572	-8925.14
523	0.00876572	-9059.88
524	0.00876572	-9072.29
525	0.00876572	-9262.28
526	0.00876572	-9750.12
527	0.00876572	-9116.13
528	0.00876572	-8970.36
529	0.00876572	-8974.16
530	0.00876572	-8796.68
531	0.00876572	-10177
532	0.00876572	-9744.79
533	0.00876572	-10219.4
534	0.00876572	-9171.84
535	0.00876572	-9565.65
536	0.00876572	-10000.5
537	0.00876572	-9615.84
538	0.00876572	-9688.53
539	0.00876572	-9254.68
540	0.00876572	-9602.87
541	0.00876572	-9258.69
542	0.00876572	-9671.94
543	0.00876572	-8814.81
544	0.00876572	-9506.19
545	0.00876572	-9363.52
546	0.00876572	-9218.33
547	0.00876572	-9123.46
548	0.00876572	-9454.95
549	0.00876572	-9407.32
550	0.00876572	-9138.47
551	0.00876572	-9494.09
552	0.00876572	-9508.85
553	0.00876572	-9065.33
554	0.00876572	-9516.24
555	0.00876572	-9746.64
556	0.00876572	-9727.14
557	0.00876572	-9459.11
558	0.00876572	-9441.34
559	0.00876572	-9266.19
560	0.00876572	-9312.53
561	0.00876572	-9380.15
562	0.00876572	-8977.34
563	0.00876572	-8650.81
564	0.00876572	-9209.24
565	0.00876572	-9151.49
566	0.00876572	-8790.06
567	0.00876572	-8839.73
568	0.00876572	-8856.34
569	0.00876572	-9268.69
570	0.00876572	-9379.15
571	0.00876572	-9171.57
572	0.00876572	-9089.21
573	0.00876572	-9355.45
574	0.00876572	-9534.65
575	0.00876572	-10055
576	0.00876572	-9321.44
577	0.00876572	-9194.56
578	0.00876572	-9230.71
579	0.00876572	-10183.1
580	0.00876572	-9429.04
581	0.00876572	-9420.24
582	0.00876572	-9310.12
583	0.00876572	-9183.66
584	0.00876572	-9208.79
585	0.00876572	-8984
586	0.00876572	-9201.36
587	0.00876572	-9612.56
588	0.00876572	-8645.56
589	0.00876572	-9072.76
590	0.00876572	-9099.04
591	0.00876572	-9508.69
592	0.00876572	-9099.69
593	0.00876572	-9420.79
594	0.00876572	-9884.71
595	0.00876572	-9619.03
596	0.00876572	-9543.66
597	0.00876572	-9932.91
598	0.00876572	-9375.06
599	0.00876572	-9174.26
600	0.00876572	-9695.32
601	0.00876572	-9267.65
602	0.00876572	-8992.41
603	0.00876572	-9700.12
604	0.00876572	-9701
605	0.00876572	-9434.09
606	0.00876572	-9354.35
607	0.00876572	-8983.1
608	0.00876572	-9354.5
609	0.00876572	-9022.96
610	0.00876572	-8906.09
611	0.00876572	-9956.46
612	0.00876572	-9187.26
613	0.00876572	-9332.66
614	0.00876572	-9534.62
615	0.00876572	-8949.98
616	0.00876572	-9570.29
617	0.00876572	-9147.66
618	0.00876572	-9229.78
619	0.00876572	-9617.3
620	0.00876572	-9043.08
621	0.00876572	-8785.78
622	0.00876572	-9166.97
623	0.00876572	-9758.79
624	0.00876572	-10482.2
625	0.00876572	-10107.8
626	0.00876572	-9943.53
627	0.00876572	-10266.3
628	0.00876572	-9418.36
629	0.00876572	-9211.57
630	0.00876572	-9502.16
631	0.00876572	-9189.24
632	0.00876572	-9495.68
633	0.00876572	-9190.66
634	0.00876572	-8824.73
635	0.00876572	-9449.86
636	0.00876572	-9076.4
637	0.00876572	-8931.68
638	0.00876572	-8893.56
639	0.00876572	-8865.79
640	0.00876572	-9493.29
641	0.00876572	-9134.54
642	0.00876572	-9118.02
643	0.00876572	-9639.44
644	0.00876572	-8867.18
645	0.00876572	-9308.35
646	0.00876572	-9103.5
647	0.00876572	-9617.9
648	0.00876572	-10179
649	0.00876572	-9803.04
650	0.00876572	-9708.24
651	0.00876572	-9540.57
652	0.00876572	-9462.78
653	0.00876572	-9146.25
654	0.00876572	-9476.65
655	0.00876572	-9125.16
656	0.00876572	-9171.12
657	0.00876572	-8852.46
658	0.00876572	-9055.76
659	0.00876572	-9444.96
660	0.00876572	-9636.71
661	0.00876572	-9236.95
662	0.00876572	-8939.14
663	0.00876572	-9194.05
664	0.00876572	-9844.8
665	0.00876572	-9717.93
666	0.00876572	-9510.67
667	0.00876572	-9269.02
668	0.00876572	-9179.67
669	0.00876572	-9208.9
670	0.00876572	-9663.13
671	0.00876572	-9506.25
672	0.00876572	-10653.2
673	0.00876572	-9822.14
674	0.00876572	-10154.3
675	0.00876572	-10257.9
676	0.00876572	-9855.34
677	0.00876572	-9421.15
678	0.00876572	-9247.6
679	0.00876572	-10351.9
680	0.00876572	-9545.87
681	0.00876572	-9232.01
682	0.00876572	-9000.54
683	0.00876572	-9281.03
684	0.00876572	-9009.28
685	0.00876572	-9710.69
686	0.00876572	-9438.77
687	0.00876572	-9403.75
688	0.00876572	-9267.1
689	0.00876572	-9210.16
690	0.00876572	-9182.6
691	0.00876572	-8711.37
692	0.00876572	-9143.34
693	0.00876572	-8944.16
694	0.00876572	-9029.71
695	0.00876572	-9131.66
696	0.00876572	-9097.85
697	0.00876572	-9134.19
698	0.00876572	-9029.21
699	0.00876572	-8879.48
700	0.00876572	-9803.62
701	0.00876572	-9471.95
702	0.00876572	-9989.43
703	0.00876572	-9582.51
704	0.00876572	-9253.13
705	0.00876572	-9765.59
706	0.00876572	-9364.85
707	0.00876572	-9563.94
708	0.00876572	-9800.05
709	0.00876572	-9236.14
710	0.00876572	-9656.98
711	0.00876572	-9347.41
712	0.00876572	-9900.07
713	0.00876572	-9488.58
714	0.00876572	-9222.52
715	0.00876572	-9579.97
716	0.00876572	-9152.79
717	0.00876572	-9758.72
718	0.00876572	-9231.4
719	0.00876572	-9259.92
720	0.00876572	-9221.67
721	0.00876572	-9256.89
722	0.00876572	-9261.34
723	0.00876572	-9542.51
724	0.00876572	-9804.25
725	0.00876572	-9323.6
726	0.00876572	-9244.08
727	0.00876572	-8834.11
728	0.00876572	-9102.92
729	0.00876572	-9236.19
730	0.00876572	-9853.1
731	0.00876572	-9392.12
732	0.00876572	-9122.07
733	0.00876572	-9804.63
734	0.00876572	-9428.6
735	0.00876572	-9309.34
736	0.00876572	-9067.01
737	0.00876572	-9702.95
738	0.00876572	-9276.86
739	0.00876572	-9119.22
740	0.00876572	-9212.42
741	0.00876572	-9289.43
742	0.00876572	-9752.17
743	0.00876572	-10045.5
744	0.00876572	-9960.11
745	0.00876572	-9690.25
746	0.00876572	-9539.4
747	0.00876572	-9355.98
748	0.00876572	-9652.45
749	0.00876572	-9821.9
750	0.00876572	-9466.11
751	0.00876572	-9141.32
752	0.00876572	-9033.85
753	0.00876572	-9198.17
754	0.00876572	-9495.9
755	0.00876572	-9221.56
756	0.00876572	-9248.5
757	0.00876572	-10017.4
758	0.00876572	-8962.02
759	0.00876572	-9336.69
760	0.00876572	-9620.47
761	0.00876572	-9675.51
762	0.00876572	-9130.29
763	0.00876572	-9147.28
764	0.00876572	-9797.35
765	0.00876572	-9391.75
766	0.00876572	-8892.75
767	0.00876572	-8936.64
768	0.00876572	-9475.41
769	0.00876572	-8771.49
770	0.00876572	-9070.55
771	0.00876572	-9838.84
772	0.00876572	-9272.21
773	0.00876572	-9136.25
774	0.00876572	-9883.77
775	0.00876572	-9830.61
776	0.00876572	-9282.72
777	0.00876572	-9172.26
778	0.00876572	-9689.92
779	0.00876572	-9679.47
780	0.00876572	-9362.1
781	0.00876572	-8900.95
782	0.00876572	-9352.52
783	0.00876572	-8930.12
784	0.00876572	-9688.69
785	0.00876572	-9559.54
786	0.00876572	-9091.94
787	0.00876572	-9475.42
788	0.00876572	-10029.5
789	0.00876572	-8800.29
790	0.00876572	-9014.37
791	0.00876572	-8904.8
792	0.00876572	-9525.87
793	0.00876572	-9219.97
794	0.00876572	-9323.01
795	0.00876572	-9089.22
796	0.00876572	-9383.15
797	0.00876572	-9993.23
798	0.00876572	-9446.17
799	0.00876572	-9637.9
800	0.00876572	-9385.75
801	0.00876572	-9466.53
802	0.00876572	-9156.86
803	0.00876572	-9010.6
804	0.00876572	-8896.39
805	0.00876572	-9670.44
806	0.00876572	-8817.34
807	0.00876572	-9696.23
808	0.00876572	-9296.54
809	0.00876572	-9498.63
810	0.00876572	-9755
811	0.00876572	-9895.79
812	0.00876572	-9553.67
813	0.00876572	-9248.98
814	0.00876572	-9134.76
815	0.00876572	-9229.26
816	0.00876572	-9441.69
817	0.00876572	-9784.54
818	0.00876572	-9369.66
819	0.00876572	-9230.03
820	0.00876572	-9407.47
821	0.00876572	-9021.5
822	0.00876572	-9139.87
823	0.00876572	-8886.66
824	0.00876572	-9676.61
825	0.00876572	-9572.64
826	0.00876572	-9465.07
827	0.00876572	-8852.71
828	0.00876572	-8993.2
829	0.00876572	-9515.89
830	0.00876572	-8974.23
831	0.00876572	-9509.08
832	0.00876572	-10072
833	0.00876572	-9538.45
834	0.00876572	-9400.12
835	0.00876572	-10048.8
836	0.00876572	-9915.4
837	0.00876572	-9803
838	0.00876572	-9270.39
839	0.00876572	-9375.14
840	0.00876572	-9462.85
841	0.00876572	-9404.45
842	0.00876572	-9147.63
843	0.00876572	-8958.44
844	0.00876572	-9795.45
845	0.00876572	-9695.64
846	0.00876572	-8936.29
847	0.00876572	-9234.05
848	0.00876572	-9022.89
849	0.00876572	-10017.7
850	0.00876572	-9672.41
851	0.00876572	-8952.85
852	0.00876572	-9500.76
853	0.00876572	-9611.97
854	0.00876572	-9153.34
855	0.00876572	-9035.1
856	0.00876572	-9111.42
857	0.00876572	-9678.86
858	0.00876572	-9074.68
859	0.00876572	-8889.5
860	0.00876572	-9369.7
861	0.00876572	-10314.7
862	0.00876572	-10095.3
863	0.00876572	-9745.95
864	0.00876572	-9839.03
865	0.00876572	-10101.3
866	0.00876572	-9194.5
867	0.00876572	-8993.8
868	0.00876572	-9736.48
869	0.00876572	-9160.94
870	0.00876572	-9278.92
871	0.00876572	-9520.85
872	0.00876572	-9513.89
873	0.00876572	-9358.73
874	0.00876572	-9412.59
875	0.00876572	-9464.81
876	0.00876572	-9367.15
877	0.00876572	-9114.59
878	0.00876572	-9565.19
879	0.00876572	-9147.54
880	0.00876572	-9613.98
881	0.00876572	-9270.37
882	0.00876572	-9010.35
883	0.00876572	-9742.1
884	0.00876572	-9520.24
885	0.00876572	-8897.74
886	0.00876572	-9202.62
887	0.00876572	-8757.46
888	0.00876572	-8751.39
889	0.00876572	-9004.55
890	0.00876572	-8963.44
891	0.00876572	-9014.64
892	0.00876572	-9419.51
893	0.00876572	-9753.08
894	0.00876572	-9873.28
895	0.00876572	-9002.8
896	0.00876572	-9548.12
897	0.00876572	-9752.7
898	0.00876572	-9464.77
899	0.00876572	-9539.96
900	0.00876572	-9308.37
901	0.00876572	-8859.34
902	0.00876572	-9323.79
903	0.00876572	-9426.88
904	0.00876572	-9320.33
905	0.00876572	-9321
906	0.00876572	-9491.45
907	0.00876572	-9128.11
908	0.00876572	-9070.36
909	0.00876572	-9868.03
910	0.00876572	-9149.27
911	0.00876572	-8966.49
912	0.00876572	-8785.16
913	0.00876572	-9339.9
914	0.00876572	-9420.01
915	0.00876572	-9141.51
916	0.00876572	-9392.38
917	0.00876572	-9164.85
918	0.00876572	-8892.56
919	0.00876572	-8910.1
920	0.00876572	-9216.27
921	0.00876572	-10055.4
922	0.00876572	-9383.78
923	0.00876572	-9692.67
924	0.00876572	-9095.77
925	0.00876572	-9420.26
926	0.00876572	-8998.34
927	0.00876572	-8855.49
928	0.00876572	-9161.55
929	0.00876572	-8817.96
930	0.00876572	-9115.08
931	0.00876572	-9246.77
932	0.00876572	-9088.65
933	0.00876572	-9861.97
934	0.00876572	-9368.32
935	0.00876572	-9078.18
936	0.00876572	-9418.89
937	0.00876572	-10389.4
938	0.00876572	-9267.99
939	0.00876572	-9980.98
940	0.00876572	-9526.88
941	0.00876572	-9084.87
942	0.00876572	-8995.93
943	0.00876572	-9524.18
944	0.00876572	-9326.93
945	0.00876572	-9399.11
946	0.00876572	-9179.5
947	0.00876572	-8896.68
948	0.00876572	-9179.83
949	0.00876572	-9261.52
950	0.00876572	-9441.13
951	0.00876572	-8797.64
952	0.00876572	-8854.85
953	0.00876572	-8957.84
954	0.00876572	-8960.66
955	0.00876572	-8871.03
956	0.00876572	-8979.14
957	0.00876572	-8886.64
958	0.00876572	-8848.44
959	0.00876572	-9031.48
960	0.00876572	-8713.44
961	0.00876572	-9789.76
962	0.00876572	-9017.15
963	0.00876572	-9546.2
964	0.00876572	-8947.3
965	0.00876572	-9313.37
966	0.00876572	-9171.56
967	0.00876572	-9818.75
968	0.00876572	-9484.04
969	0.00876572	-9383.85
970	0.00876572	-9644.3
971	0.00876572	-9812.12
972	0.00876572	-9115.34
973	0.00876572	-9092.42
974	0.00876572	-9222.98
975	0.00876572	-9255.09
976	0.00876572	-9369.75
977	0.00876572	-9731.19
978	0.00876572	-9499.45
979	0.00876572	-9172.7
980	0.00876572	-9078.33
981	0.00876572	-8964.62
982	0.00876572	-9486.8
983	0.00876572	-9497.3
984	0.00876572	-8897.85
985	0.00876572	-8963.45
986	0.00876572	-9343.54
987	0.00876572	-9293.35
988	0.00876572	-9380.37
989	0.00876572	-8779.12
990	0.00876572	-9205.36
991	0.00876572	-9497.31
992	0.00876572	-10359.7
993	0.00876572	-9393.48
994	0.00876572	-9041.85
995	0.00876572	-9666.74
996	0.00876572	-9780.27
997	0.00876572	-9713.86
998	0.00876572	-9377.36
999	0.00876572	-9154.97
1000	0.00876572	-9270.5
251	0.00668932	-9499.2
252	0.00668932	-9306.42
253	0.00668932	-9689.43
254	0.00668932	-9627.32
255	0.00668932	-9262.05
256	0.00668932	-9137.86
257	0.00668932	-9463.41
258	0.00668932	-9025.05
259	0.00668932	-9735.25
260	0.00668932	-10126.8
261	0.00668932	-9712.9
262	0.00668932	-9861.22
263	0.00668932	-9458.36
264	0.00668932	-9244.04
265	0.00668932	-9394.43
266	0.00668932	-9318.93
267	0.00668932	-9897.28
268	0.00668932	-9261.49
269	0.00668932	-9021.36
270	0.00668932	-8897.97
271	0.00668932	-9325.64
272	0.00668932	-9908.54
273	0.00668932	-10083.7
274	0.00668932	-9583.58
275	0.00668932	-8939.83
276	0.00668932	-9591.1
277	0.00668932	-10257.8
278	0.00668932	-10309
279	0.00668932	-10744
280	0.00668932	-10924.2
281	0.00668932	-9462.36
282	0.00668932	-9976.01
283	0.00668932	-9306.28
284	0.00668932	-9790.31
285	0.00668932	-9890.4
286	0.00668932	-9904.8
287	0.00668932	-9901.72
288	0.00668932	-9844.13
289	0.00668932	-10021.1
290	0.00668932	-9988.38
291	0.00668932	-9970.46
292	0.00668932	-9951.7
293	0.00668932	-10344.9
294	0.00668932	-10001.1
295	0.00668932	-10063.2
296	0.00668932	-9689.59
297	0.00668932	-9357.67
298	0.00668932	-9753.42
299	0.00668932	-9416.75
300	0.00668932	-9550.77
301	0.00668932	-9540.84
302	0.00668932	-9998.67
303	0.00668932	-9688.11
304	0.00668932	-9782.92
305	0.00668932	-9867.81
306	0.00668932	-9014.16
307	0.00668932	-9216.41
308	0.00668932	-9635.06
309	0.00668932	-10128.3
310	0.00668932	-10453.3
311	0.00668932	-10647.6
312	0.00668932	-10133.1
313	0.00668932	-9451.33
314	0.00668932	-10233.7
315	0.00668932	-9585.92
316	0.00668932	-10592.4
317	0.00668932	-9429.16
318	0.00668932	-10183.6
319	0.00668932	-9115.18
320	0.00668932	-9457.38
321	0.00668932	-9574.13
322	0.00668932	-9699.94
323	0.00668932	-9462.32
324	0.00668932	-10295.3
325	0.00668932	-9026.65
326	0.00668932	-9623.21
327	0.00668932	-10051.5
328	0.00668932	-9781.75
329	0.00668932	-9749.61
330	0.00668932	-9826.21
331	0.00668932	-10446.1
332	0.00668932	-9789.36
333	0.00668932	-9871.87
334	0.00668932	-9979.22
335	0.00668932	-10636.2
336	0.00668932	-9856.86
337	0.00668932	-9713.36
338	0.00668932	-9522.5
339	0.00668932	-9854.8
340	0.00668932	-9302.89
341	0.00668932	-9343.4
342	0.00668932	-9224.05
343	0.00668932	-9324.2
344	0.00668932	-9531.34
345	0.00668932	-9400.37
346	0.00668932	-10502.8
347	0.00668932	-9650.65
348	0.00668932	-9564.08
349	0.00668932	-10129
350	0.00668932	-9697.69
351	0.00668932	-10278.5
352	0.00668932	-9888.37
353	0.00668932	-9272.96
354	0.00668932	-10033.2
355	0.00668932	-9684.18
356	0.00668932	-9367.28
357	0.00668932	-9643.29
358	0.00668932	-9584.3
359	0.00668932	-10213.8
360	0.00668932	-9971.99
361	0.00668932	-9136.76
362	0.00668932	-10039.1
363	0.00668932	-9509.26
364	0.00668932	-9714.08
365	0.00668932	-9802.62
366	0.00668932	-10203.6
367	0.00668932	-9814.79
368	0.00668932	-10016.2
369	0.00668932	-9763.29
370	0.00668932	-10243.1
371	0.00668932	-10128.8
372	0.00668932	-9965.5
373	0.00668932	-9290.58
374	0.00668932	-9201.38
375	0.00668932	-9560.97
376	0.00668932	-9358.21
377	0.00668932	-9812.62
378	0.00668932	-10197.5
379	0.00668932	-9629.12
380	0.00668932	-9573.32
381	0.00668932	-9628.33
382	0.00668932	-9257.33
383	0.00668932	-9258.11
384	0.00668932	-10211
385	0.00668932	-10437.9
386	0.00668932	-9280.78
387	0.00668932	-10348.9
388	0.00668932	-10612.9
389	0.00668932	-9716.07
390	0.00668932	-10824.9
391	0.00668932	-9954.38
392	0.00668932	-9617.14
393	0.00668932	-9976.35
394	0.00668932	-10240.3
395	0.00668932	-10353.4
396	0.00668932	-9387.65
397	0.00668932	-8867.94
398	0.00668932	-9328.16
399	0.00668932	-8962.91
400	0.00668932	-9109.25
401	0.00668932	-9580.22
402	0.00668932	-9732.1
403	0.00668932	-9492.08
404	0.00668932	-9116.36
405	0.00668932	-9450.25
406	0.00668932	-9806.62
407	0.00668932	-9267.72
408	0.00668932	-10043.4
409	0.00668932	-9965.73
410	0.00668932	-10202.2
411	0.00668932	-9057.66
412	0.00668932	-10168.4
413	0.00668932	-9720.07
414	0.00668932	-9836.97
415	0.00668932	-9507.98
416	0.00668932	-10031.2
417	0.00668932	-9718.99
418	0.00668932	-9660.18
419	0.00668932	-9382.37
420	0.00668932	-9376
421	0.00668932	-9921.36
422	0.00668932	-9791.71
423	0.00668932	-9509.23
424	0.00668932	-9253.81
425	0.00668932	-10064.8
426	0.00668932	-9688.42
427	0.00668932	-10265.5
428	0.00668932	-9775.19
429	0.00668932	-9636.66
430	0.00668932	-9869.17
431	0.00668932	-9606.02
432	0.00668932	-9570.09
433	0.00668932	-10093.8
434	0.00668932	-9794.58
435	0.00668932	-9403.71
436	0.00668932	-9399.91
437	0.00668932	-10456.2
438	0.00668932	-9600.48
439	0.00668932	-9120.89
440	0.00668932	-9257.88
441	0.00668932	-9613.14
442	0.00668932	-9292.94
443	0.00668932	-10169.6
444	0.00668932	-9338.9
445	0.00668932	-9471.08
446	0.00668932	-10120.4
447	0.00668932	-8909.3
448	0.00668932	-10487.7
449	0.00668932	-10162.1
450	0.00668932	-10259.9
451	0.00668932	-10278.3
452	0.00668932	-10477
453	0.00668932	-10026.6
454	0.00668932	-9478.04
455	0.00668932	-9966.44
456	0.00668932	-9222.57
457	0.00668932	-10062.2
458	0.00668932	-9123.01
459	0.00668932	-9363.48
460	0.00668932	-9744.54
461	0.00668932	-9782.59
462	0.00668932	-9732.06
463	0.00668932	-10591.1
464	0.00668932	-10511.2
465	0.00668932	-10349.6
466	0.00668932	-9971.6
467	0.00668932	-10695.9
468	0.00668932	-9892.56
469	0.00668932	-9882.68
470	0.00668932	-9216.57
471	0.00668932	-9831.36
472	0.00668932	-9125.95
473	0.00668932	-8767.9
474	0.00668932	-9306.46
475	0.00668932	-10282.6
476	0.00668932	-9628.93
477	0.00668932	-9485
478	0.00668932	-9379.99
479	0.00668932	-9147.61
480	0.00668932	-10326.8
481	0.00668932	-9746.2
482	0.00668932	-10087.3
483	0.00668932	-10150.4
484	0.00668932	-9404.02
485	0.00668932	-9917.29
486	0.00668932	-9439.28
487	0.00668932	-9358.67
488	0.00668932	-9414.72
489	0.00668932	-8755.47
490	0.00668932	-9995.59
491	0.00668932	-9871.85
492	0.00668932	-9957.77
493	0.00668932	-9990.91
494	0.00668932	-9716.24
495	0.00668932	-10083.9
496	0.00668932	-10179.5
497	0.00668932	-10083.8
498	0.00668932	-9658.28
499	0.00668932	-9552.2
500	0.00668932	-10137.9
501	0.00668932	-10064.3
502	0.00668932	-9603.86
503	0.00668932	-10497.1
504	0.00668932	-10830.5
505	0.00668932	-9804.64
506	0.00668932	-9256.71
507	0.00668932	-9664.49
508	0.00668932	-9929.08
509	0.00668932	-9284.63
510	0.00668932	-9546.18
511	0.00668932	-9753.47
512	0.00668932	-8995.82
513	0.00668932	-9773.73
514	0.00668932	-10748
515	0.00668932	-10282.1
516	0.00668932	-10327
517	0.00668932	-10071.9
518	0.00668932	-9812.88
519	0.00668932	-10219
520	0.00668932	-9534.33
521	0.00668932	-9167.77
522	0.00668932	-10371.6
523	0.00668932	-9503.5
524	0.00668932	-9180.09
525	0.00668932	-9526.62
526	0.00668932	-9561.27
527	0.00668932	-9756.55
528	0.00668932	-9421.46
529	0.00668932	-8993.02
530	0.00668932	-9520.72
531	0.00668932	-9117.02
532	0.00668932	-9223.17
533	0.00668932	-9628.18
534	0.00668932	-10477.9
535	0.00668932	-9718
536	0.00668932	-9488.31
537	0.00668932	-9429.85
538	0.00668932	-9666.87
539	0.00668932	-9696.43
540	0.00668932	-10424.5
541	0.00668932	-10227.4
542	0.00668932	-9777.72
543	0.00668932	-9731.92
544	0.00668932	-9735.74
545	0.00668932	-9727.99
546	0.00668932	-9890.7
547	0.00668932	-9161.56
548	0.00668932	-10165.4
549	0.00668932	-9594.81
550	0.00668932	-9843.1
551	0.00668932	-10392.2
552	0.00668932	-9988.06
553	0.00668932	-10289
554	0.00668932	-9825.76
555	0.00668932	-9421.49
556	0.00668932	-9572.27
557	0.00668932	-10297.9
558	0.00668932	-10292.4
559	0.00668932	-9789.48
560	0.00668932	-10695.8
561	0.00668932	-9502.13
562	0.00668932	-9791.15
563	0.00668932	-9403.59
564	0.00668932	-9454.99
565	0.00668932	-9353.11
566	0.00668932	-10535.3
567	0.00668932	-10427.8
568	0.00668932	-10589.7
569	0.00668932	-9717.35
570	0.00668932	-9568.3
571	0.00668932	-10645
572	0.00668932	-9356.65
573	0.00668932	-9577.63
574	0.00668932	-10055
575	0.00668932	-9407.57
576	0.00668932	-9444.85
577	0.00668932	-9487.32
578	0.00668932	-9762.22
579	0.00668932	-9683.67
580	0.00668932	-9715.79
581	0.00668932	-9546.01
582	0.00668932	-10139.5
583	0.00668932	-9592.16
584	0.00668932	-10505.6
585	0.00668932	-10536.9
586	0.00668932	-10236.6
587	0.00668932	-9486.5
588	0.00668932	-9564.07
589	0.00668932	-9694.34
590	0.00668932	-10084.3
591	0.00668932	-9453.87
592	0.00668932	-10023.7
593	0.00668932	-9699.12
594	0.00668932	-9712.66
595	0.00668932	-9648.27
596	0.00668932	-9779.1
597	0.00668932	-9393.86
598	0.00668932	-10527
599	0.00668932	-9797.31
600	0.00668932	-9672.48
601	0.00668932	-9776.94
602	0.00668932	-9856.45
603	0.00668932	-9761.13
604	0.00668932	-9179.43
605	0.00668932	-9486.74
606	0.00668932	-10677.1
607	0.00668932	-9090.02
608	0.00668932	-9284.29
609	0.00668932	-10281.6
610	0.00668932	-10086.1
611	0.00668932	-9834.77
612	0.00668932	-9626.62
613	0.00668932	-9914.66
614	0.00668932	-9832.04
615	0.00668932	-9501.11
616	0.00668932	-9544.42
617	0.00668932	-9986.19
618	0.00668932	-9774.84
619	0.00668932	-10536.7
620	0.00668932	-9955.65
621	0.00668932	-9797.84
622	0.00668932	-10123.7
623	0.00668932	-9343.05
624	0.00668932	-9238.51
625	0.00668932	-9401.02
626	0.00668932	-9751.6
627	0.00668932	-9725.69
628	0.00668932	-9659.23
629	0.00668932	-10058
630	0.00668932	-9736.46
631	0.00668932	-10144
632	0.00668932	-10256
633	0.00668932	-9256.83
634	0.00668932	-10252.8
635	0.00668932	-10494.1
636	0.00668932	-9314.77
637	0.00668932	-9951.88
638	0.00668932	-10440.9
639	0.00668932	-9339.72
640	0.00668932	-9575.26
641	0.00668932	-9057.11
642	0.00668932	-9174.81
643	0.00668932	-9282.73
644	0.00668932	-9732.3
645	0.00668932	-9677.36
646	0.00668932	-9251.01
647	0.00668932	-9061.12
648	0.00668932	-9124.86
649	0.00668932	-9994.95
650	0.00668932	-9372.08
651	0.00668932	-9450.18
652	0.00668932	-10385.1
653	0.00668932	-10407.2
654	0.00668932	-9558.48
655	0.00668932	-9571.86
656	0.00668932	-10032.9
657	0.00668932	-10060.7
658	0.00668932	-9623.16
659	0.00668932	-9806.96
660	0.00668932	-9794.96
661	0.00668932	-9108.14
662	0.00668932	-9370.31
663	0.00668932	-9246.2
664	0.00668932	-9484.95
665	0.00668932	-9509.52
666	0.00668932	-10086.4
667	0.00668932	-10190.3
668	0.00668932	-9641.91
669	0.00668932	-9085
670	0.00668932	-9680.24
671	0.00668932	-9099.52
672	0.00668932	-10055.5
673	0.00668932	-9139.45
674	0.00668932	-9461.57
675	0.00668932	-9589.17
676	0.00668932	-8900.25
677	0.00668932	-9485.25
678	0.00668932	-10108.9
679	0.00668932	-10264.4
680	0.00668932	-10949.4
681	0.00668932	-9343.21
682	0.00668932	-9575.06
683	0.00668932	-10427.1
684	0.00668932	-9202.67
685	0.00668932	-9419.24
686	0.00668932	-9802.23
687	0.00668932	-10628.3
688	0.00668932	-9352.32
689	0.00668932	-9659.54
690	0.00668932	-9442.33
691	0.00668932	-9126.42
692	0.00668932	-9831.36
693	0.00668932	-10632.2
694	0.00668932	-10213.7
695	0.00668932	-9703.65
696	0.00668932	-9870.39
697	0.00668932	-10159.6
698	0.00668932	-10149.7
699	0.00668932	-9911.15
700	0.00668932	-9717.67
701	0.00668932	-9652.73
702	0.00668932	-9388.51
703	0.00668932	-10074
704	0.00668932	-9495.68
705	0.00668932	-9299.98
706	0.00668932	-9158.54
707	0.00668932	-9607.2
708	0.00668932	-9334.53
709	0.00668932	-10301.1
710	0.00668932	-10148
711	0.00668932	-9902.99
712	0.00668932	-10118
713	0.00668932	-9833.85
714	0.00668932	-9253.21
715	0.00668932	-9870.77
716	0.00668932	-9347.14
717	0.00668932	-9902.12
718	0.00668932	-9627.1
719	0.00668932	-10009.5
720	0.00668932	-9616.74
721	0.00668932	-9744.41
722	0.00668932	-9293.04
723	0.00668932	-9214.55
724	0.00668932	-9160.87
725	0.00668932	-10233.4
726	0.00668932	-9783.91
727	0.00668932	-10002
728	0.00668932	-9662.05
729	0.00668932	-9090.38
730	0.00668932	-10081.7
731	0.00668932	-9144.34
732	0.00668932	-10351
733	0.00668932	-9966.98
734	0.00668932	-9761.22
735	0.00668932	-8959.27
736	0.00668932	-9546
737	0.00668932	-9790.04
738	0.00668932	-9430.25
739	0.00668932	-9196.36
740	0.00668932	-9176.05
741	0.00668932	-9643.71
742	0.00668932	-10156.7
743	0.00668932	-9993.19
744	0.00668932	-9616.87
745	0.00668932	-9602.5
746	0.00668932	-10294.7
747	0.00668932	-10069.3
748	0.00668932	-9347.48
749	0.00668932	-8803.76
750	0.00668932	-10107.7
751	0.00668932	-9741.66
752	0.00668932	-9833.62
753	0.00668932	-10339.9
754	0.00668932	-10031
755	0.00668932	-9715.95
756	0.00668932	-10405.4
757	0.00668932	-10157.1
758	0.00668932	-9235.8
759	0.00668932	-9887.39
760	0.00668932	-10048.3
761	0.00668932	-10407.6
762	0.00668932	-10006.5
763	0.00668932	-9875.89
764	0.00668932	-9613.4
765	0.00668932	-10316.8
766	0.00668932	-10538
767	0.00668932	-9966.83
768	0.00668932	-9525.51
769	0.00668932	-9781.34
770	0.00668932	-9543.55
771	0.00668932	-9343.72
772	0.00668932	-9443.55
773	0.00668932	-9851.83
774	0.00668932	-9772.78
775	0.00668932	-9813.14
776	0.00668932	-8823.37
777	0.00668932	-9422.35
778	0.00668932	-8991.6
779	0.00668932	-8825.97
780	0.00668932	-9873.99
781	0.00668932	-9463.75
782	0.00668932	-9149.72
783	0.00668932	-9683.27
784	0.00668932	-10723.9
785	0.00668932	-10027.8
786	0.00668932	-10079.4
787	0.00668932	-9284.95
788	0.00668932	-8860.67
789	0.00668932	-10030.4
790	0.00668932	-10354.6
791	0.00668932	-9778.33
792	0.00668932	-9223.16
793	0.00668932	-10290.9
794	0.00668932	-9211.04
795	0.00668932	-9023.05
796	0.00668932	-9771.46
797	0.00668932	-10417
798	0.00668932	-10499.9
799	0.00668932	-9900.14
800	0.00668932	-9522.04
801	0.00668932	-9629.42
802	0.00668932	-9318.58
803	0.00668932	-9097.5
804	0.00668932	-9150.91
805	0.00668932	-8923.05
806	0.00668932	-9046.01
807	0.00668932	-10238.2
808	0.00668932	-10215.9
809	0.00668932	-9668.64
810	0.00668932	-9464.36
811	0.00668932	-9468.06
812	0.00668932	-9329.83
813	0.00668932	-9310.36
814	0.00668932	-9553.47
815	0.00668932	-10358.3
816	0.00668932	-10824.3
817	0.00668932	-10124.4
818	0.00668932	-9866.8
819	0.00668932	-9860.15
820	0.00668932	-9547.31
821	0.00668932	-9566.57
822	0.00668932	-9074.5
823	0.00668932	-9291.91
824	0.00668932	-9081.51
825	0.00668932	-9780.4
826	0.00668932	-9642.16
827	0.00668932	-9210.62
828	0.00668932	-9885.85
829	0.00668932	-9161.22
830	0.00668932	-9505.34
831	0.00668932	-9002.12
832	0.00668932	-9165.88
833	0.00668932	-10428
834	0.00668932	-9277.24
835	0.00668932	-9717.4
836	0.00668932	-9561.68
837	0.00668932	-9703.85
838	0.00668932	-9489.51
839	0.00668932	-9243.67
840	0.00668932	-9727.39
841	0.00668932	-9556.97
842	0.00668932	-9552.58
843	0.00668932	-9482.62
844	0.00668932	-9234
845	0.00668932	-9681.1
846	0.00668932	-9195.8
847	0.00668932	-9720.26
848	0.00668932	-9228.82
849	0.00668932	-9272.03
850	0.00668932	-10438
851	0.00668932	-9372.07
852	0.00668932	-9598.51
853	0.00668932	-10695.9
854	0.00668932	-9777.68
855	0.00668932	-9616.1
856	0.00668932	-9677.19
857	0.00668932	-9575.12
858	0.00668932	-9979.4
859	0.00668932	-9717.21
860	0.00668932	-9267.55
861	0.00668932	-9405.86
862	0.00668932	-9544.26
863	0.00668932	-10102.4
864	0.00668932	-10282.6
865	0.00668932	-10158.2
866	0.00668932	-9310.01
867	0.00668932	-9570.88
868	0.00668932	-9673.28
869	0.00668932	-9222.31
870	0.00668932	-10598.9
871	0.00668932	-10707.4
872	0.00668932	-11042.7
873	0.00668932	-9755.77
874	0.00668932	-9549.52
875	0.00668932	-9321.16
876	0.00668932	-9620.22
877	0.00668932	-9336.4
878	0.00668932	-9230.46
879	0.00668932	-9321.45
880	0.00668932	-9178.7
881	0.00668932	-9305.52
882	0.00668932	-9597.38
883	0.00668932	-9657.55
884	0.00668932	-9710.81
885	0.00668932	-9343.47
886	0.00668932	-9491.47
887	0.00668932	-9583.65
888	0.00668932	-9490.85
889	0.00668932	-9041.56
890	0.00668932	-9331.97
891	0.00668932	-9534.13
892	0.00668932	-9383.61
893	0.00668932	-9214.44
894	0.00668932	-9863.2
895	0.00668932	-9154.79
896	0.00668932	-9850.26
897	0.00668932	-10136.2
898	0.00668932	-9696.93
899	0.00668932	-9574.78
900	0.00668932	-9867.54
901	0.00668932	-10743.7
902	0.00668932	-9448.04
903	0.00668932	-9336.2
904	0.00668932	-9940.2
905	0.00668932	-10393.3
906	0.00668932	-9221.83
907	0.00668932	-9372.19
908	0.00668932	-9896.32
909	0.00668932	-9233.45
910	0.00668932	-9412.74
911	0.00668932	-9387.35
912	0.00668932	-9859.25
913	0.00668932	-8933.99
914	0.00668932	-9687.41
915	0.00668932	-9994.39
916	0.00668932	-9587.3
917	0.00668932	-10035
918	0.00668932	-9814.34
919	0.00668932	-10096
920	0.00668932	-9437.3
921	0.00668932	-9884.35
922	0.00668932	-9695.2
923	0.00668932	-10127.4
924	0.00668932	-10337.4
925	0.00668932	-10087.7
926	0.00668932	-9880.36
927	0.00668932	-9912.4
928	0.00668932	-10089.8
929	0.00668932	-9877.6
930	0.00668932	-9218.46
931	0.00668932	-10081.8
932	0.00668932	-9286.97
933	0.00668932	-10101.9
934	0.00668932	-9629.66
935	0.00668932	-9536.76
936	0.00668932	-9134.52
937	0.00668932	-9462.73
938	0.00668932	-9910.84
939	0.00668932	-9382.52
940	0.00668932	-9746.91
941	0.00668932	-10234.8
942	0.00668932	-9594.49
943	0.00668932	-9423.99
944	0.00668932	-10341.5
945	0.00668932	-9934.01
946	0.00668932	-9517.39
947	0.00668932	-9768.72
948	0.00668932	-9491.04
949	0.00668932	-9022.65
950	0.00668932	-9394.7
951	0.00668932	-10459.5
952	0.00668932	-9741.92
953	0.00668932	-9374.32
954	0.00668932	-9404.53
955	0.00668932	-10151.9
956	0.00668932	-9886.82
957	0.00668932	-9454.82
958	0.00668932	-9165.41
959	0.00668932	-9468.72
960	0.00668932	-10083.8
961	0.00668932	-9071.83
962	0.00668932	-10078
963	0.00668932	-9262.33
964	0.00668932	-10299.3
965	0.00668932	-9869.31
966	0.00668932	-9474.23
967	0.00668932	-9278.89
968	0.00668932	-9152.55
969	0.00668932	-9845.08
970	0.00668932	-10136.3
971	0.00668932	-9667.8
972	0.00668932	-9374.87
973	0.00668932	-9473.94
974	0.00668932	-9627.77
975	0.00668932	-9645.28
976	0.00668932	-9192.96
977	0.00668932	-8970
978	0.00668932	-10030.7
979	0.00668932	-9464.43
980	0.00668932	-8897.25
981	0.00668932	-9410.74
982	0.00668932	-10144.4
983	0.00668932	-9720.33
984	0.00668932	-9962.52
985	0.00668932	-9505.08
986	0.00668932	-9684.86
987	0.00668932	-10551.4
988	0.00668932	-9537.66
989	0.00668932	-9234.25
990	0.00668932	-9508.85
991	0.00668932	-9229.76
992	0.00668932	-9710.59
993	0.00668932	-9844.08
994	0.00668932	-10240.6
995	0.00668932	-10039.7
996	0.00668932	-9800.09
997	0.00668932	-9875.88
998	0.00668932	-9731.1
999	0.00668932	-9940.91
1000	0.00668932	-9547.78
251	0.00502648	-9887.42
252	0.00502648	-10187.4
253	0.00502648	-9825.44
254	0.00502648	-9473.32
255	0.00502648	-9852.16
256	0.00502648	-9454.55
257	0.00502648	-10120.5
258	0.00502648	-10184.2
259	0.00502648	-10320.4
260	0.00502648	-9471.74
261	0.00502648	-10341.9
262	0.00502648	-9791.1
263	0.00502648	-10437.7
264	0.00502648	-9835.04
265	0.00502648	-9530.97
266	0.00502648	-10330.6
267	0.00502648	-9261.86
268	0.00502648	-9534.02
269	0.00502648	-10063.2
270	0.00502648	-10093.5
271	0.00502648	-9051.21
272	0.00502648	-10212.3
273	0.00502648	-10471.8
274	0.00502648	-11579.2
275	0.00502648	-10561.1
276	0.00502648	-10432.4
277	0.00502648	-9958.52
278	0.00502648	-9775.67
279	0.00502648	-9077.93
280	0.00502648	-9825.98
281	0.00502648	-9815.79
282	0.00502648	-9415.61
283	0.00502648	-9127.46
284	0.00502648	-9341.58
285	0.00502648	-9347.46
286	0.00502648	-10069.8
287	0.00502648	-9606.06
288	0.00502648	-9273.47
289	0.00502648	-9599.02
290	0.00502648	-9643.46
291	0.00502648	-10633.9
292	0.00502648	-9173.07
293	0.00502648	-9959.99
294	0.00502648	-9228.58
295	0.00502648	-10552.8
296	0.00502648	-10795.2
297	0.00502648	-9873.6
298	0.00502648	-10600.7
299	0.00502648	-10072.1
300	0.00502648	-10440.2
301	0.00502648	-9631.44
302	0.00502648	-10357.2
303	0.00502648	-10272.6
304	0.00502648	-10879.2
305	0.00502648	-11201.9
306	0.00502648	-10482.5
307	0.00502648	-11644.2
308	0.00502648	-11081.3
309	0.00502648	-10832.8
310	0.00502648	-10038.3
311	0.00502648	-9739.2
312	0.00502648	-10347.6
313	0.00502648	-9468.43
314	0.00502648	-9712.62
315	0.00502648	-9912.9
316	0.00502648	-10034.1
317	0.00502648	-10414.2
318	0.00502648	-9796.4
319	0.00502648	-10439.3
320	0.00502648	-10586.4
321	0.00502648	-10080.8
322	0.00502648	-9400.58
323	0.00502648	-9397.11
324	0.00502648	-9985.54
325	0.00502648	-10149.6
326	0.00502648	-10070.7
327	0.00502648	-9774.55
328	0.00502648	-9821.71
329	0.00502648	-9918.36
330	0.00502648	-9277.64
331	0.00502648	-9998.85
332	0.00502648	-10518.1
333	0.00502648	-9772.93
334	0.00502648	-10407.7
335	0.00502648	-10669.9
336	0.00502648	-9576.74
337	0.00502648	-9327.85
338	0.00502648	-9879.44
339	0.00502648	-10101.7
340	0.00502648	-9986.8
341	0.00502648	-10171.4
342	0.00502648	-10389.5
343	0.00502648	-10604.7
344	0.00502648	-10467.3
345	0.00502648	-10103.8
346	0.00502648	-9649.03
347	0.00502648	-10491.1
348	0.00502648	-9980.75
349	0.00502648	-10542.3
350	0.00502648	-10063.7
351	0.00502648	-10131.5
352	0.00502648	-10700.7
353	0.00502648	-10295.4
354	0.00502648	-10409
355	0.00502648	-9918.22
356	0.00502648	-9590.9
357	0.00502648	-9151.11
358	0.00502648	-10172.5
359	0.00502648	-10237.9
360	0.00502648	-10770.8
361	0.00502648	-10370.3
362	0.00502648	-9880.83
363	0.00502648	-9662.76
364	0.00502648	-9758.08
365	0.00502648	-9661.89
366	0.00502648	-9714.63
367	0.00502648	-9788.53
368	0.00502648	-10192.5
369	0.00502648	-10749.9
370	0.00502648	-10411.9
371	0.00502648	-10195
372	0.00502648	-10122.9
373	0.00502648	-9415.49
374	0.00502648	-9315.68
375	0.00502648	-10128.6
376	0.00502648	-9236.51
377	0.00502648	-9257.19
378	0.00502648	-9272.48
379	0.00502648	-9696.71
380	0.00502648	-10654.8
381	0.00502648	-9900.86
382	0.00502648	-9349.1
383	0.00502648	-9930.96
384	0.00502648	-9301.59
385	0.00502648	-9648.01
386	0.00502648	-9733.57
387	0.00502648	-9505.31
388	0.00502648	-9039.77
389	0.00502648	-9811.3
390	0.00502648	-9616.72
391	0.00502648	-9810.32
392	0.00502648	-10034.9
393	0.00502648	-9832.68
394	0.00502648	-10274.9
395	0.00502648	-9572.72
396	0.00502648	-9623.91
397	0.00502648	-10104.6
398	0.00502648	-9730.33
399	0.00502648	-9802.69
400	0.00502648	-10339.5
401	0.00502648	-10127.8
402	0.00502648	-10170
403	0.00502648	-9005.03
404	0.00502648	-10402.5
405	0.00502648	-10442.9
406	0.00502648	-9748.74
407	0.00502648	-9638.66
408	0.00502648	-10404.2
409	0.00502648	-10523.8
410	0.00502648	-10029.7
411	0.00502648	-10184.7
412	0.00502648	-10544.8
413	0.00502648	-9718.24
414	0.00502648	-9969.64
415	0.00502648	-9271.61
416	0.00502648	-9994.96
417	0.00502648	-9554.12
418	0.00502648	-9263.55
419	0.00502648	-10000.2
420	0.00502648	-9664.35
421	0.00502648	-9608.15
422	0.00502648	-9590.67
423	0.00502648	-9723.51
424	0.00502648	-10064.8
425	0.00502648	-9798.41
426	0.00502648	-10003
427	0.00502648	-9993.42
428	0.00502648	-9787.74
429	0.00502648	-10747.9
430	0.00502648	-10136.2
431	0.00502648	-9482.76
432	0.00502648	-9345.45
433	0.00502648	-9596.25
434	0.00502648	-10018.3
435	0.00502648	-10820.3
436	0.00502648	-9839.83
437	0.00502648	-9171.04
438	0.00502648	-10322.9
439	0.00502648	-9921.23
440	0.00502648	-10192.7
441	0.00502648	-10315.3
442	0.00502648	-10763.5
443	0.00502648	-9897.71
444	0.00502648	-10582.9
445	0.00502648	-10490.1
446	0.00502648	-10213.8
447	0.00502648	-10725.3
448	0.00502648	-9964.71
449	0.00502648	-8906.09
450	0.00502648	-9306.21
451	0.00502648	-10296.4
452	0.00502648	-10028.6
453	0.00502648	-10042.7
454	0.00502648	-10687.4
455	0.00502648	-10060.1
456	0.00502648	-10142.8
457	0.00502648	-10305.9
458	0.00502648	-10235.5
459	0.00502648	-10021.3
460	0.00502648	-10143.5
461	0.00502648	-10330
462	0.00502648	-10315.5
463	0.00502648	-9649.35
464	0.00502648	-9819.72
465	0.00502648	-10250.7
466	0.00502648	-10268.6
467	0.00502648	-10099.2
468	0.00502648	-10796.3
469	0.00502648	-10220.9
470	0.00502648	-10216.7
471	0.00502648	-9675.16
472	0.00502648	-10689.1
473	0.00502648	-11203
474	0.00502648	-11321.9
475	0.00502648	-11744
476	0.00502648	-10005.1
477	0.00502648	-10336.5
478	0.00502648	-10541.2
479	0.00502648	-10657.3
480	0.00502648	-10726.6
481	0.00502648	-11165.1
482	0.00502648	-11549.9
483	0.00502648	-10297.4
484	0.00502648	-10193.8
485	0.00502648	-10239.5
486	0.00502648	-10627.5
487	0.00502648	-11576.6
488	0.00502648	-11116.2
489	0.00502648	-10533
490	0.00502648	-10573.8
491	0.00502648	-10942.3
492	0.00502648	-10596.9
493	0.00502648	-9814.48
494	0.00502648	-10642.6
495	0.00502648	-11186.8
496	0.00502648	-11571.6
497	0.00502648	-10512.5
498	0.00502648	-11476.7
499	0.00502648	-10082.7
500	0.00502648	-9904.96
501	0.00502648	-9653.2
502	0.00502648	-9938.83
503	0.00502648	-9179.65
504	0.00502648	-9205.04
505	0.00502648	-9088.69
506	0.00502648	-9795.6
507	0.00502648	-9613.94
508	0.00502648	-10484.4
509	0.00502648	-10162.1
510	0.00502648	-10524.5
511	0.00502648	-10066.2
512	0.00502648	-10381.4
513	0.00502648	-9452.48
514	0.00502648	-10167.5
515	0.00502648	-9406.46
516	0.00502648	-9670.58
517	0.00502648	-9974.12
518	0.00502648	-10243.8
519	0.00502648	-10422.5
520	0.00502648	-10511
521	0.00502648	-10155.5
522	0.00502648	-10110.1
523	0.00502648	-10020
524	0.00502648	-10086.7
525	0.00502648	-10841.8
526	0.00502648	-9412.6
527	0.00502648	-9572.64
528	0.00502648	-9460.58
529	0.00502648	-9126.98
530	0.00502648	-9599.21
531	0.00502648	-9306.07
532	0.00502648	-10628.6
533	0.00502648	-10305.6
534	0.00502648	-10642
535	0.00502648	-11172.2
536	0.00502648	-10933.4
537	0.00502648	-10197.2
538	0.00502648	-10314.5
539	0.00502648	-9902.27
540	0.00502648	-10063.5
541	0.00502648	-9592.09
542	0.00502648	-9668.39
543	0.00502648	-9074.34
544	0.00502648	-9575.86
545	0.00502648	-10085.5
546	0.00502648	-9908.59
547	0.00502648	-10345.9
548	0.00502648	-10394.2
549	0.00502648	-9670.4
550	0.00502648	-10234.8
551	0.00502648	-10235.4
552	0.00502648	-10564.5
553	0.00502648	-10136
554	0.00502648	-10257
555	0.00502648	-9986.96
556	0.00502648	-9999.34
557	0.00502648	-9928.12
558	0.00502648	-9981.19
559	0.00502648	-11373.4
560	0.00502648	-10113.8
561	0.00502648	-9927.03
562	0.00502648	-9984.79
563	0.00502648	-9859.42
564	0.00502648	-11054.9
565	0.00502648	-9322.71
566	0.00502648	-10437.9
567	0.00502648	-9904.12
568	0.00502648	-10181.1
569	0.00502648	-10623.9
570	0.00502648	-10279.9
571	0.00502648	-10520.2
572	0.00502648	-10128.1
573	0.00502648	-10327.8
574	0.00502648	-9887.42
575	0.00502648	-9440.58
576	0.00502648	-10475
577	0.00502648	-10514.2
578	0.00502648	-9726.85
579	0.00502648	-10810.2
580	0.00502648	-10087.5
581	0.00502648	-9916.11
582	0.00502648	-10359.1
583	0.00502648	-10453.2
584	0.00502648	-9991.88
585	0.00502648	-9990.01
586	0.00502648	-9780.48
587	0.00502648	-9853.6
588	0.00502648	-9284.3
589	0.00502648	-9400.21
590	0.00502648	-9583.62
591	0.00502648	-9196.4
592	0.00502648	-9526.24
593	0.00502648	-9830.44
594	0.00502648	-9707.77
595	0.00502648	-9704.17
596	0.00502648	-10599.3
597	0.00502648	-9873.22
598	0.00502648	-10179.2
599	0.00502648	-9985.07
600	0.00502648	-10202.8
601	0.00502648	-9992.01
602	0.00502648	-10583.4
603	0.00502648	-9876.55
604	0.00502648	-10480.1
605	0.00502648	-10391.7
606	0.00502648	-9604.13
607	0.00502648	-10808.8
608	0.00502648	-9657.3
609	0.00502648	-9638.23
610	0.00502648	-10351.8
611	0.00502648	-10451.1
612	0.00502648	-9529.77
613	0.00502648	-9583.3
614	0.00502648	-10494
615	0.00502648	-9562.68
616	0.00502648	-10014.8
617	0.00502648	-10046.9
618	0.00502648	-10209.7
619	0.00502648	-9690.62
620	0.00502648	-10432.5
621	0.00502648	-10905.9
622	0.00502648	-9186.62
623	0.00502648	-9267.42
624	0.00502648	-10967.5
625	0.00502648	-10519
626	0.00502648	-9436.8
627	0.00502648	-9083.52
628	0.00502648	-9691.71
629	0.00502648	-9614.96
630	0.00502648	-9799.86
631	0.00502648	-10036.8
632	0.00502648	-9983.91
633	0.00502648	-10095
634	0.00502648	-9731.04
635	0.00502648	-10286.4
636	0.00502648	-9849.52
637	0.00502648	-10347.8
638	0.00502648	-9719.43
639	0.00502648	-9910.8
640	0.00502648	-10142.7
641	0.00502648	-9223.75
642	0.00502648	-9414.89
643	0.00502648	-9855.9
644	0.00502648	-10440.2
645	0.00502648	-9864.53
646	0.00502648	-10357.7
647	0.00502648	-10515.2
648	0.00502648	-9609.05
649	0.00502648	-10078.2
650	0.00502648	-10418.6
651	0.00502648	-10670.9
652	0.00502648	-9855.19
653	0.00502648	-10950.9
654	0.00502648	-9580.34
655	0.00502648	-9385.62
656	0.00502648	-9832.04
657	0.00502648	-10274.3
658	0.00502648	-9876.92
659	0.00502648	-10135
660	0.00502648	-9676.24
661	0.00502648	-10280.5
662	0.00502648	-10042.8
663	0.00502648	-9509.81
664	0.00502648	-9212.56
665	0.00502648	-10102.7
666	0.00502648	-10091.9
667	0.00502648	-10767.3
668	0.00502648	-8984.36
669	0.00502648	-9451.27
670	0.00502648	-9883.12
671	0.00502648	-9319.32
672	0.00502648	-9069.01
673	0.00502648	-9801.77
674	0.00502648	-9236.82
675	0.00502648	-9841.17
676	0.00502648	-10420.7
677	0.00502648	-9836.03
678	0.00502648	-10368.6
679	0.00502648	-10467.3
680	0.00502648	-9900.73
681	0.00502648	-9631.6
682	0.00502648	-9964.67
683	0.00502648	-10583.1
684	0.00502648	-10182.6
685	0.00502648	-9842.93
686	0.00502648	-10156.4
687	0.00502648	-10543.5
688	0.00502648	-10352.3
689	0.00502648	-10309.4
690	0.00502648	-10262.7
691	0.00502648	-10635.4
692	0.00502648	-10009.5
693	0.00502648	-9970.82
694	0.00502648	-9857.47
695	0.00502648	-10157.5
696	0.00502648	-9315.44
697	0.00502648	-9472.11
698	0.00502648	-9724.66
699	0.00502648	-10508.1
700	0.00502648	-10727.7
701	0.00502648	-9908.41
702	0.00502648	-10629.3
703	0.00502648	-10332.3
704	0.00502648	-9607.8
705	0.00502648	-11169.1
706	0.00502648	-11075.5
707	0.00502648	-10085.2
708	0.00502648	-10051.7
709	0.00502648	-10409.6
710	0.00502648	-10488.5
711	0.00502648	-9664.45
712	0.00502648	-11040.6
713	0.00502648	-10029.3
714	0.00502648	-10691.7
715	0.00502648	-9035.86
716	0.00502648	-9965.31
717	0.00502648	-11142.9
718	0.00502648	-9921.36
719	0.00502648	-9530.91
720	0.00502648	-9918.75
721	0.00502648	-9997.91
722	0.00502648	-10098.5
723	0.00502648	-9530.44
724	0.00502648	-10252.3
725	0.00502648	-10456.2
726	0.00502648	-9791.73
727	0.00502648	-9532.43
728	0.00502648	-9671.08
729	0.00502648	-10254
730	0.00502648	-9430.63
731	0.00502648	-9263.52
732	0.00502648	-9259.68
733	0.00502648	-10317.5
734	0.00502648	-10670.5
735	0.00502648	-9075.66
736	0.00502648	-9567.32
737	0.00502648	-9845.96
738	0.00502648	-9069.58
739	0.00502648	-9200.54
740	0.00502648	-9096.79
741	0.00502648	-10345
742	0.00502648	-9489.55
743	0.00502648	-10206
744	0.00502648	-9383.44
745	0.00502648	-9458.2
746	0.00502648	-9542.87
747	0.00502648	-10103.1
748	0.00502648	-9744.79
749	0.00502648	-10356.6
750	0.00502648	-9674.77
751	0.00502648	-9936.12
752	0.00502648	-10460.4
753	0.00502648	-9247.51
754	0.00502648	-10037.7
755	0.00502648	-9656.51
756	0.00502648	-9413.78
757	0.00502648	-9864.34
758	0.00502648	-10475.2
759	0.00502648	-10309.1
760	0.00502648	-9719.03
761	0.00502648	-9089.99
762	0.00502648	-8816.4
763	0.00502648	-9899.41
764	0.00502648	-9992.75
765	0.00502648	-9475.15
766	0.00502648	-10394.7
767	0.00502648	-10558.1
768	0.00502648	-11294.7
769	0.00502648	-10066.2
770	0.00502648	-11204.1
771	0.00502648	-10481
772	0.00502648	-10056.1
773	0.00502648	-10405.5
774	0.00502648	-9580.77
775	0.00502648	-9098.03
776	0.00502648	-9572.58
777	0.00502648	-9273.74
778	0.00502648	-10309.2
779	0.00502648	-11506.2
780	0.00502648	-10359.7
781	0.00502648	-10024.5
782	0.00502648	-10292.1
783	0.00502648	-10056.6
784	0.00502648	-9614.46
785	0.00502648	-10189.6
786	0.00502648	-9734.53
787	0.00502648	-9729.88
788	0.00502648	-9659.07
789	0.00502648	-10094.7
790	0.00502648	-9649.65
791	0.00502648	-9598.14
792	0.00502648	-10153.4
793	0.00502648	-10083.4
794	0.00502648	-9548.71
795	0.00502648	-10627.7
796	0.00502648	-9729.74
797	0.00502648	-10291.5
798	0.00502648	-9695.59
799	0.00502648	-9276.34
800	0.00502648	-10085
801	0.00502648	-9470.67
802	0.00502648	-9232.46
803	0.00502648	-9497.32
804	0.00502648	-10177.1
805	0.00502648	-9812.2
806	0.00502648	-9164.17
807	0.00502648	-9845.39
808	0.00502648	-10386.3
809	0.00502648	-10096.9
810	0.00502648	-9991.88
811	0.00502648	-10902.2
812	0.00502648	-10117.8
813	0.00502648	-10584.3
814	0.00502648	-10047.2
815	0.00502648	-10420.1
816	0.00502648	-10653.6
817	0.00502648	-9953.77
818	0.00502648	-10144.3
819	0.00502648	-9860.9
820	0.00502648	-10139.6
821	0.00502648	-9363.99
822	0.00502648	-9913.44
823	0.00502648	-10138.6
824	0.00502648	-10655.3
825	0.00502648	-9881.22
826	0.00502648	-10153
827	0.00502648	-9680.29
828	0.00502648	-9941.62
829	0.00502648	-10289.9
830	0.00502648	-11225
831	0.00502648	-10008
832	0.00502648	-10030.9
833	0.00502648	-10230.9
834	0.00502648	-10660.6
835	0.00502648	-11024.2
836	0.00502648	-10710.1
837	0.00502648	-10139.8
838	0.00502648	-10631.6
839	0.00502648	-10071.5
840	0.00502648	-9598.86
841	0.00502648	-10411.4
842	0.00502648	-9747.18
843	0.00502648	-9878.57
844	0.00502648	-10538.4
845	0.00502648	-9786.85
846	0.00502648	-9605.35
847	0.00502648	-9525.08
848	0.00502648	-10300.2
849	0.00502648	-10110.2
850	0.00502648	-11143.6
851	0.00502648	-10573.3
852	0.00502648	-10143.4
853	0.00502648	-10594.7
854	0.00502648	-10414.8
855	0.00502648	-9951.62
856	0.00502648	-10245
857	0.00502648	-10532.5
858	0.00502648	-10687.8
859	0.00502648	-10706.3
860	0.00502648	-10406.3
861	0.00502648	-9216.59
862	0.00502648	-9359.17
863	0.00502648	-9865.38
864	0.00502648	-9073.33
865	0.00502648	-9255.5
866	0.00502648	-9715.8
867	0.00502648	-9647.49
868	0.00502648	-9837.32
869	0.00502648	-10017.6
870	0.00502648	-9932.89
871	0.00502648	-10315.2
872	0.00502648	-9868.23
873	0.00502648	-9197.32
874	0.00502648	-10003.6
875	0.00502648	-10296.5
876	0.00502648	-9719.05
877	0.00502648	-9562.04
878	0.00502648	-10376.3
879	0.00502648	-10600.8
880	0.00502648	-10927.5
881	0.00502648	-9691.34
882	0.00502648	-9864.84
883	0.00502648	-9366.24
884	0.00502648	-9360.62
885	0.00502648	-9498.46
886	0.00502648	-10432.8
887	0.00502648	-10415.9
888	0.00502648	-11046.1
889	0.00502648	-10639.6
890	0.00502648	-10757.6
891	0.00502648	-9935.66
892	0.00502648	-10073.4
893	0.00502648	-9672.88
894	0.00502648	-10554.5
895	0.00502648	-9729.1
896	0.00502648	-10588.9
897	0.00502648	-10013.7
898	0.00502648	-10006.2
899	0.00502648	-10479.7
900	0.00502648	-9527.72
901	0.00502648	-9488.58
902	0.00502648	-9867.18
903	0.00502648	-10068.8
904	0.00502648	-10496.3
905	0.00502648	-9950.34
906	0.00502648	-9305.58
907	0.00502648	-10584.4
908	0.00502648	-9969.57
909	0.00502648	-10484.5
910	0.00502648	-10323.8
911	0.00502648	-9463.46
912	0.00502648	-9412.61
913	0.00502648	-9616.14
914	0.00502648	-10776.4
915	0.00502648	-10023.1
916	0.00502648	-10029
917	0.00502648	-10166.2
918	0.00502648	-10197.9
919	0.00502648	-10174.5
920	0.00502648	-9915.61
921	0.00502648	-9674.31
922	0.00502648	-11011.3
923	0.00502648	-10505.3
924	0.00502648	-11046
925	0.00502648	-10407.8
926	0.00502648	-10394.6
927	0.00502648	-10672
928	0.00502648	-11537.9
929	0.00502648	-11083.1
930	0.00502648	-10257.1
931	0.00502648	-9617.91
932	0.00502648	-10247.5
933	0.00502648	-10434.7
934	0.00502648	-9959.48
935	0.00502648	-10321
936	0.00502648	-10157.3
937	0.00502648	-10249.9
938	0.00502648	-11174.4
939	0.00502648	-10059.7
940	0.00502648	-9392.74
941	0.00502648	-9325.72
942	0.00502648	-9797.82
943	0.00502648	-9359.54
944	0.00502648	-9526.91
945	0.00502648	-9846.8
946	0.00502648	-10256.7
947	0.00502648	-10396.6
948	0.00502648	-9036.55
949	0.00502648	-9208.47
950	0.00502648	-9227.76
951	0.00502648	-10452.1
952	0.00502648	-10771.1
953	0.00502648	-10780.3
954	0.00502648	-10689.2
955	0.00502648	-9636.09
956	0.00502648	-10536.2
957	0.00502648	-10420.9
958	0.00502648	-9830.27
959	0.00502648	-9724.74
960	0.00502648	-10053.2
961	0.00502648	-10512.4
962	0.00502648	-10347.8
963	0.00502648	-9063.45
964	0.00502648	-9922.81
965	0.00502648	-10366.8
966	0.00502648	-10746.9
967	0.00502648	-10426.1
968	0.00502648	-10561.8
969	0.00502648	-10003.8
970	0.00502648	-10175.9
971	0.00502648	-9758.83
972	0.00502648	-8953.59
973	0.00502648	-9972.27
974	0.00502648	-9272.83
975	0.00502648	-9977.96
976	0.00502648	-10143.7
977	0.00502648	-10751.5
978	0.00502648	-9950.13
979	0.00502648	-10059.3
980	0.00502648	-10153.9
981	0.00502648	-9598.5
982	0.00502648	-10443.2
983	0.00502648	-9800.01
984	0.00502648	-9877.3
985	0.00502648	-9920.41
986	0.00502648	-10647.3
987	0.00502648	-10736
988	0.00502648	-10658.6
989	0.00502648	-9515.76
990	0.00502648	-9679.82
991	0.00502648	-10263.3
992	0.00502648	-10317.3
993	0.00502648	-10352.9
994	0.00502648	-10089.9
995	0.00502648	-10082.2
996	0.00502648	-10060.2
997	0.00502648	-9941.17
998	0.00502648	-10734.1
999	0.00502648	-10391.3
1000	0.00502648	-9807.44
251	0.0037121	-10139.8
252	0.0037121	-9702.04
253	0.0037121	-9332.79
254	0.0037121	-9978.56
255	0.0037121	-10572
256	0.0037121	-11297.3
257	0.0037121	-10751
258	0.0037121	-10315.3
259	0.0037121	-10132.6
260	0.0037121	-9382.79
261	0.0037121	-10070.1
262	0.0037121	-10158.4
263	0.0037121	-9200.78
264	0.0037121	-9858.69
265	0.0037121	-9723.03
266	0.0037121	-10436.5
267	0.0037121	-10660.9
268	0.0037121	-10994.7
269	0.0037121	-10552.5
270	0.0037121	-11112.7
271	0.0037121	-11150.4
272	0.0037121	-9930.97
273	0.0037121	-10400.7
274	0.0037121	-9255.72
275	0.0037121	-10881.2
276	0.0037121	-10905.2
277	0.0037121	-10111.4
278	0.0037121	-9963.29
279	0.0037121	-10444.2
280	0.0037121	-10919.9
281	0.0037121	-11804.9
282	0.0037121	-10734.8
283	0.0037121	-10302.1
284	0.0037121	-10356.8
285	0.0037121	-10421
286	0.0037121	-10082.1
287	0.0037121	-9750.24
288	0.0037121	-10188
289	0.0037121	-10069.4
290	0.0037121	-10107.6
291	0.0037121	-10388.6
292	0.0037121	-11009.2
293	0.0037121	-10207.1
294	0.0037121	-10287.9
295	0.0037121	-10527.8
296	0.0037121	-10486.1
297	0.0037121	-10447.2
298	0.0037121	-10457.4
299	0.0037121	-11098.3
300	0.0037121	-10877.6
301	0.0037121	-10364
302	0.0037121	-10034.1
303	0.0037121	-10777.6
304	0.0037121	-10820
305	0.0037121	-10282.3
306	0.0037121	-10385.2
307	0.0037121	-11125.3
308	0.0037121	-10641.7
309	0.0037121	-10314.4
310	0.0037121	-9913.04
311	0.0037121	-10074.4
312	0.0037121	-9329.61
313	0.0037121	-10443.1
314	0.0037121	-10334.6
315	0.0037121	-9652.79
316	0.0037121	-9779.21
317	0.0037121	-11277.9
318	0.0037121	-10783
319	0.0037121	-10420.1
320	0.0037121	-10775.4
321	0.0037121	-9293.91
322	0.0037121	-10454.5
323	0.0037121	-9612.42
324	0.0037121	-11180.8
325	0.0037121	-11156.8
326	0.0037121	-10557.8
327	0.0037121	-10359.4
328	0.0037121	-10327.3
329	0.0037121	-9474.84
330	0.0037121	-10071.5
331	0.0037121	-10409.2
332	0.0037121	-11237.8
333	0.0037121	-11580
334	0.0037121	-11065.2
335	0.0037121	-10254.1
336	0.0037121	-9437.48
337	0.0037121	-9792.76
338	0.0037121	-10347.8
339	0.0037121	-10739.2
340	0.0037121	-11463
341	0.0037121	-11423.6
342	0.0037121	-11185.8
343	0.0037121	-10252.4
344	0.0037121	-11215.2
345	0.0037121	-9999.91
346	0.0037121	-9885.74
347	0.0037121	-10311.9
348	0.0037121	-9353.82
349	0.0037121	-9615.68
350	0.0037121	-9474.36
351	0.0037121	-9778.82
352	0.0037121	-11112.4
353	0.0037121	-11098.6
354	0.0037121	-10575.2
355	0.0037121	-11067.5
356	0.0037121	-10703
357	0.0037121	-10463.7
358	0.0037121	-10590.6
359	0.0037121	-10449.3
360	0.0037121	-9810.12
361	0.0037121	-10386.5
362	0.0037121	-10329.1
363	0.0037121	-9777.05
364	0.0037121	-10868.9
365	0.0037121	-10917.6
366	0.0037121	-10408.2
367	0.0037121	-10320.3
368	0.0037121	-9492.79
369	0.0037121	-10441.1
370	0.0037121	-9869.85
371	0.0037121	-11257.4
372	0.0037121	-11570.1
373	0.0037121	-11292
374	0.0037121	-10745.3
375	0.0037121	-10287.7
376	0.0037121	-9925.69
377	0.0037121	-10315.2
378	0.0037121	-9610.02
379	0.0037121	-10540.6
380	0.0037121	-11016.4
381	0.0037121	-10121.3
382	0.0037121	-9912.46
383	0.0037121	-10561
384	0.0037121	-10791.4
385	0.0037121	-10594
386	0.0037121	-9838.21
387	0.0037121	-9233.08
388	0.0037121	-10116
389	0.0037121	-10483.7
390	0.0037121	-11083.3
391	0.0037121	-10503.6
392	0.0037121	-9811.21
393	0.0037121	-9971.84
394	0.0037121	-10725.8
395	0.0037121	-10575.2
396	0.0037121	-10487.4
397	0.0037121	-10886.9
398	0.0037121	-10751.4
399	0.0037121	-10962.6
400	0.0037121	-11522.9
401	0.0037121	-11420.9
402	0.0037121	-10882.3
403	0.0037121	-10572
404	0.0037121	-10592.2
405	0.0037121	-9950.96
406	0.0037121	-9699.29
407	0.0037121	-9991.61
408	0.0037121	-10247.6
409	0.0037121	-10159.1
410	0.0037121	-10535.6
411	0.0037121	-10354.1
412	0.0037121	-9998.82
413	0.0037121	-10100.6
414	0.0037121	-11823
415	0.0037121	-10770.5
416	0.0037121	-10601.2
417	0.0037121	-10880.2
418	0.0037121	-10986
419	0.0037121	-10365.5
420	0.0037121	-10120.2
421	0.0037121	-8978.34
422	0.0037121	-9786.51
423	0.0037121	-10042.1
424	0.0037121	-10428.9
425	0.0037121	-9838.74
426	0.0037121	-11852.3
427	0.0037121	-11964.6
428	0.0037121	-10278.3
429	0.0037121	-10760
430	0.0037121	-11157.7
431	0.0037121	-10891.5
432	0.0037121	-10751
433	0.0037121	-10556.8
434	0.0037121	-10905.1
435	0.0037121	-10157.4
436	0.0037121	-10258.2
437	0.0037121	-9960.49
438	0.0037121	-9855.55
439	0.0037121	-10280.1
440	0.0037121	-9980.92
441	0.0037121	-10541
442	0.0037121	-9691.96
443	0.0037121	-10669
444	0.0037121	-10328
445	0.0037121	-10833.2
446	0.0037121	-10912.7
447	0.0037121	-10342.7
448	0.0037121	-10521.4
449	0.0037121	-11235
450	0.0037121	-10028.5
451	0.0037121	-10082.7
452	0.0037121	-10404.2
453	0.0037121	-9885.52
454	0.0037121	-10222.4
455	0.0037121	-10253.3
456	0.0037121	-10396.8
457	0.0037121	-10144.4
458	0.0037121	-9318.7
459	0.0037121	-9516.89
460	0.0037121	-10418.4
461	0.0037121	-10962.4
462	0.0037121	-10893.1
463	0.0037121	-10448.5
464	0.0037121	-10092.6
465	0.0037121	-10785
466	0.0037121	-10970.1
467	0.0037121	-10627.7
468	0.0037121	-10483.8
469	0.0037121	-10681.1
470	0.0037121	-10892
471	0.0037121	-11324.4
472	0.0037121	-11312.4
473	0.0037121	-11189.4
474	0.0037121	-11113.5
475	0.0037121	-10682.4
476	0.0037121	-10577.1
477	0.0037121	-10204
478	0.0037121	-10453.7
479	0.0037121	-10191.5
480	0.0037121	-10592.6
481	0.0037121	-10889.1
482	0.0037121	-10183.3
483	0.0037121	-9969.72
484	0.0037121	-10447.7
485	0.0037121	-10982.1
486	0.0037121	-10177
487	0.0037121	-10187
488	0.0037121	-10624.5
489	0.0037121	-9963.28
490	0.0037121	-10544.2
491	0.0037121	-9878.59
492	0.0037121	-10808.5
493	0.0037121	-10869.2
494	0.0037121	-10534.1
495	0.0037121	-10556.2
496	0.0037121	-10565.6
497	0.0037121	-11264.6
498	0.0037121	-10458.4
499	0.0037121	-9569.21
500	0.0037121	-9626.19
501	0.0037121	-9746.8
502	0.0037121	-9515.52
503	0.0037121	-9589.8
504	0.0037121	-9929.66
505	0.0037121	-9987.37
506	0.0037121	-9805.88
507	0.0037121	-10226.3
508	0.0037121	-9302.69
509	0.0037121	-10691.6
510	0.0037121	-10814.7
511	0.0037121	-10709.5
512	0.0037121	-10275.8
513	0.0037121	-10661.9
514	0.0037121	-11312.6
515	0.0037121	-10703.7
516	0.0037121	-9864.73
517	0.0037121	-10589.5
518	0.0037121	-9372.72
519	0.0037121	-9767.02
520	0.0037121	-10467.4
521	0.0037121	-11515.2
522	0.0037121	-10536.4
523	0.0037121	-10841.6
524	0.0037121	-10019.2
525	0.0037121	-10762.9
526	0.0037121	-11857.4
527	0.0037121	-11203.7
528	0.0037121	-11167.6
529	0.0037121	-9964.59
530	0.0037121	-9895.48
531	0.0037121	-9644.53
532	0.0037121	-11282.9
533	0.0037121	-10590
534	0.0037121	-11205.6
535	0.0037121	-10795.2
536	0.0037121	-11189.8
537	0.0037121	-10588.7
538	0.0037121	-9960.53
539	0.0037121	-10031.9
540	0.0037121	-10975.2
541	0.0037121	-9757.22
542	0.0037121	-9753.66
543	0.0037121	-10308.5
544	0.0037121	-10708.1
545	0.0037121	-10725.8
546	0.0037121	-9468.35
547	0.0037121	-10167.4
548	0.0037121	-10471
549	0.0037121	-10530.7
550	0.0037121	-10900
551	0.0037121	-10140.5
552	0.0037121	-10493.8
553	0.0037121	-10366.6
554	0.0037121	-10889.6
555	0.0037121	-10741
556	0.0037121	-9961.41
557	0.0037121	-10301.3
558	0.0037121	-10069.6
559	0.0037121	-10570.2
560	0.0037121	-9857.75
561	0.0037121	-9695.75
562	0.0037121	-11308.6
563	0.0037121	-11193.6
564	0.0037121	-10666.7
565	0.0037121	-9737.83
566	0.0037121	-10165.7
567	0.0037121	-10095.8
568	0.0037121	-9808.93
569	0.0037121	-10164.4
570	0.0037121	-11126.3
571	0.0037121	-10416.7
572	0.0037121	-10092.6
573	0.0037121	-10479.4
574	0.0037121	-9991.36
575	0.0037121	-10143
576	0.0037121	-9936.7
577	0.0037121	-11056.1
578	0.0037121	-10796.2
579	0.0037121	-11394.3
580	0.0037121	-10792.7
581	0.0037121	-10802.5
582	0.0037121	-10752.3
583	0.0037121	-10325.9
584	0.0037121	-10111.4
585	0.0037121	-9371.52
586	0.0037121	-10537.1
587	0.0037121	-10759.8
588	0.0037121	-10930.2
589	0.0037121	-10715.4
590	0.0037121	-9944.37
591	0.0037121	-9867.19
592	0.0037121	-10589.3
593	0.0037121	-11045.5
594	0.0037121	-11283
595	0.0037121	-10761.5
596	0.0037121	-10321.7
597	0.0037121	-9908.59
598	0.0037121	-10884.3
599	0.0037121	-10582.8
600	0.0037121	-9960.93
601	0.0037121	-11045.1
602	0.0037121	-11009.5
603	0.0037121	-10801.5
604	0.0037121	-10671
605	0.0037121	-10886.5
606	0.0037121	-11321.9
607	0.0037121	-10606
608	0.0037121	-10364.3
609	0.0037121	-9695.97
610	0.0037121	-10158.9
611	0.0037121	-9909.42
612	0.0037121	-10462.1
613	0.0037121	-10195
614	0.0037121	-10267
615	0.0037121	-10753.5
616	0.0037121	-10006.4
617	0.0037121	-10710
618	0.0037121	-10208.7
619	0.0037121	-10710.4
620	0.0037121	-11350.4
621	0.0037121	-11290.1
622	0.0037121	-10326.5
623	0.0037121	-10478.5
624	0.0037121	-9928.64
625	0.0037121	-10298.6
626	0.0037121	-10807.8
627	0.0037121	-9689.44
628	0.0037121	-10418.6
629	0.0037121	-10534.2
630	0.0037121	-10047.6
631	0.0037121	-10465.4
632	0.0037121	-10255.2
633	0.0037121	-9712.83
634	0.0037121	-9995.2
635	0.0037121	-9865.65
636	0.0037121	-10930.6
637	0.0037121	-10162
638	0.0037121	-10488.7
639	0.0037121	-10033
640	0.0037121	-10024
641	0.0037121	-10139.2
642	0.0037121	-9512.39
643	0.0037121	-10226.3
644	0.0037121	-9841.11
645	0.0037121	-10000.5
646	0.0037121	-10410.6
647	0.0037121	-10701.2
648	0.0037121	-10512.7
649	0.0037121	-10267.5
650	0.0037121	-10843.9
651	0.0037121	-10877.2
652	0.0037121	-11132.7
653	0.0037121	-10605.5
654	0.0037121	-10220.6
655	0.0037121	-10511.2
656	0.0037121	-10429.4
657	0.0037121	-9812.87
658	0.0037121	-10677.9
659	0.0037121	-10438.4
660	0.0037121	-10267.4
661	0.0037121	-11404.7
662	0.0037121	-10075.1
663	0.0037121	-10904.8
664	0.0037121	-11451.9
665	0.0037121	-10908.4
666	0.0037121	-10583.1
667	0.0037121	-11024.1
668	0.0037121	-10955.2
669	0.0037121	-10383.4
670	0.0037121	-10606.7
671	0.0037121	-9696.93
672	0.0037121	-10506.5
673	0.0037121	-9779.66
674	0.0037121	-9990.09
675	0.0037121	-10267
676	0.0037121	-10034.7
677	0.0037121	-10580.3
678	0.0037121	-9483.1
679	0.0037121	-10296.4
680	0.0037121	-9879.37
681	0.0037121	-10242.9
682	0.0037121	-9854.37
683	0.0037121	-11170.7
684	0.0037121	-9552.35
685	0.0037121	-11210.1
686	0.0037121	-10268.9
687	0.0037121	-9954.28
688	0.0037121	-10163.6
689	0.0037121	-9846.21
690	0.0037121	-10163.7
691	0.0037121	-12106
692	0.0037121	-10228.9
693	0.0037121	-10809.4
694	0.0037121	-9886.78
695	0.0037121	-10238.7
696	0.0037121	-11453.7
697	0.0037121	-10755.5
698	0.0037121	-10157
699	0.0037121	-10321.2
700	0.0037121	-10080.9
701	0.0037121	-10037.9
702	0.0037121	-10311.8
703	0.0037121	-9920.91
704	0.0037121	-9827.63
705	0.0037121	-9995.59
706	0.0037121	-11724.8
707	0.0037121	-10266.1
708	0.0037121	-9850.76
709	0.0037121	-10462.5
710	0.0037121	-9952.5
711	0.0037121	-10104.6
712	0.0037121	-10476.4
713	0.0037121	-10464.2
714	0.0037121	-10617.2
715	0.0037121	-9713.67
716	0.0037121	-10373.1
717	0.0037121	-10455.5
718	0.0037121	-9302.69
719	0.0037121	-10023.8
720	0.0037121	-10225.2
721	0.0037121	-9820.45
722	0.0037121	-10149.6
723	0.0037121	-10302.3
724	0.0037121	-10766.7
725	0.0037121	-11697.9
726	0.0037121	-9719.88
727	0.0037121	-12110.7
728	0.0037121	-10984.5
729	0.0037121	-10459
730	0.0037121	-10724.7
731	0.0037121	-9571.53
732	0.0037121	-10464.3
733	0.0037121	-11667.8
734	0.0037121	-10268.8
735	0.0037121	-10158.4
736	0.0037121	-11009.4
737	0.0037121	-10507.9
738	0.0037121	-10156
739	0.0037121	-10172.8
740	0.0037121	-10318.5
741	0.0037121	-9487.99
742	0.0037121	-10099.8
743	0.0037121	-9594.42
744	0.0037121	-10000.3
745	0.0037121	-10196.7
746	0.0037121	-10937.8
747	0.0037121	-11077.4
748	0.0037121	-10003.1
749	0.0037121	-9357.54
750	0.0037121	-9792.41
751	0.0037121	-10297.3
752	0.0037121	-9971.02
753	0.0037121	-11781.9
754	0.0037121	-11053.8
755	0.0037121	-11297.7
756	0.0037121	-12113.1
757	0.0037121	-9544.16
758	0.0037121	-10559.2
759	0.0037121	-9903.56
760	0.0037121	-10770.7
761	0.0037121	-10044.8
762	0.0037121	-10562.9
763	0.0037121	-9583.2
764	0.0037121	-8992.67
765	0.0037121	-10073.7
766	0.0037121	-10231.4
767	0.0037121	-11062.2
768	0.0037121	-9846.8
769	0.0037121	-10080.7
770	0.0037121	-10170
771	0.0037121	-10377.9
772	0.0037121	-10585.4
773	0.0037121	-11016.4
774	0.0037121	-11266.2
775	0.0037121	-10301.3
776	0.0037121	-10666.8
777	0.0037121	-10372.4
778	0.0037121	-10445.7
779	0.0037121	-10833.5
780	0.0037121	-10321.1
781	0.0037121	-10257.6
782	0.0037121	-10081.7
783	0.0037121	-10474.7
784	0.0037121	-10599.7
785	0.0037121	-10419.9
786	0.0037121	-11530.7
787	0.0037121	-10018.5
788	0.0037121	-10411.5
789	0.0037121	-9521.18
790	0.0037121	-10707.3
791	0.0037121	-10636.8
792	0.0037121	-9566.69
793	0.0037121	-9217.48
794	0.0037121	-10426.4
795	0.0037121	-10127.7
796	0.0037121	-10581.3
797	0.0037121	-10923
798	0.0037121	-10351.3
799	0.0037121	-11774.5
800	0.0037121	-11525.4
801	0.0037121	-11205.3
802	0.0037121	-9975.51
803	0.0037121	-10777.4
804	0.0037121	-10176.1
805	0.0037121	-10843.3
806	0.0037121	-9438.25
807	0.0037121	-10103
808	0.0037121	-9962.12
809	0.0037121	-10164.8
810	0.0037121	-11017.3
811	0.0037121	-10266.2
812	0.0037121	-10635.8
813	0.0037121	-11299.8
814	0.0037121	-9787.47
815	0.0037121	-10261.4
816	0.0037121	-11057.1
817	0.0037121	-10178.7
818	0.0037121	-10668.1
819	0.0037121	-9079.91
820	0.0037121	-10290.2
821	0.0037121	-10611.9
822	0.0037121	-11097.1
823	0.0037121	-10845.8
824	0.0037121	-10134
825	0.0037121	-10461.1
826	0.0037121	-10186.2
827	0.0037121	-9866.79
828	0.0037121	-10252.3
829	0.0037121	-10793.4
830	0.0037121	-10830.8
831	0.0037121	-10471.8
832	0.0037121	-10532.1
833	0.0037121	-10834.6
834	0.0037121	-10402.6
835	0.0037121	-10867.5
836	0.0037121	-9995.56
837	0.0037121	-10179.5
838	0.0037121	-9288.35
839	0.0037121	-10590.4
840	0.0037121	-10164.1
841	0.0037121	-10703.5
842	0.0037121	-10438
843	0.0037121	-9860.07
844	0.0037121	-10529.8
845	0.0037121	-11163.3
846	0.0037121	-10834.5
847	0.0037121	-10824
848	0.0037121	-11473.7
849	0.0037121	-10407.1
850	0.0037121	-10743
851	0.0037121	-10028.7
852	0.0037121	-10238.8
853	0.0037121	-10444.1
854	0.0037121	-10211.4
855	0.0037121	-11332.8
856	0.0037121	-11619.4
857	0.0037121	-9645.48
858	0.0037121	-10604
859	0.0037121	-9763.37
860	0.0037121	-10661.6
861	0.0037121	-10751.7
862	0.0037121	-9654.31
863	0.0037121	-10328.3
864	0.0037121	-11061
865	0.0037121	-10445
866	0.0037121	-10193.4
867	0.0037121	-10829.5
868	0.0037121	-10587
869	0.0037121	-10548.6
870	0.0037121	-10793.6
871	0.0037121	-10390.8
872	0.0037121	-10290.5
873	0.0037121	-10244.4
874	0.0037121	-10391.5
875	0.0037121	-10515.3
876	0.0037121	-10775
877	0.0037121	-10403.6
878	0.0037121	-10476.9
879	0.0037121	-11600.2
880	0.0037121	-12028.3
881	0.0037121	-10658.6
882	0.0037121	-9768.66
883	0.0037121	-10207.2
884	0.0037121	-10696.4
885	0.0037121	-10671.1
886	0.0037121	-9930.23
887	0.0037121	-9731.94
888	0.0037121	-9605.47
889	0.0037121	-10173.5
890	0.0037121	-9958.22
891	0.0037121	-10010
892	0.0037121	-10109
893	0.0037121	-9995.26
894	0.0037121	-9637.51
895	0.0037121	-11102.6
896	0.0037121	-11445.4
897	0.0037121	-9574.4
898	0.0037121	-10410.8
899	0.0037121	-10050.2
900	0.0037121	-11237.7
901	0.0037121	-10661
902	0.0037121	-11186.8
903	0.0037121	-12530.1
904	0.0037121	-11861.7
905	0.0037121	-12174
906	0.0037121	-11543.7
907	0.0037121	-11309.4
908	0.0037121	-10727.1
909	0.0037121	-10426.6
910	0.0037121	-10544.7
911	0.0037121	-10863.3
912	0.0037121	-10387.1
913	0.0037121	-10268.5
914	0.0037121	-10327.4
915	0.0037121	-10124.6
916	0.0037121	-9752.78
917	0.0037121	-10250.1
918	0.0037121	-10557.5
919	0.0037121	-10257.2
920	0.0037121	-10509.8
921	0.0037121	-10501.2
922	0.0037121	-10196.4
923	0.0037121	-10220.2
924	0.0037121	-10500.1
925	0.0037121	-10922.6
926	0.0037121	-10763.9
927	0.0037121	-10408.4
928	0.0037121	-9313.89
929	0.0037121	-10646.4
930	0.0037121	-9713.95
931	0.0037121	-9680.66
932	0.0037121	-9629.55
933	0.0037121	-10056.6
934	0.0037121	-9835.57
935	0.0037121	-9417.75
936	0.0037121	-10459.3
937	0.0037121	-10532.9
938	0.0037121	-10143.5
939	0.0037121	-10950.1
940	0.0037121	-9458.47
941	0.0037121	-10172.7
942	0.0037121	-9963.7
943	0.0037121	-10934.4
944	0.0037121	-9792.41
945	0.0037121	-10211.9
946	0.0037121	-10271.7
947	0.0037121	-10578.3
948	0.0037121	-10347.7
949	0.0037121	-10737.4
950	0.0037121	-10450.8
951	0.0037121	-10695.2
952	0.0037121	-10551.9
953	0.0037121	-10434.2
954	0.0037121	-10101.4
955	0.0037121	-11057.5
956	0.0037121	-10384.7
957	0.0037121	-10032.4
958	0.0037121	-9117.65
959	0.0037121	-10082.4
960	0.0037121	-10270.1
961	0.0037121	-10291.8
962	0.0037121	-10695.4
963	0.0037121	-10606.6
964	0.0037121	-10219.6
965	0.0037121	-9655.45
966	0.0037121	-10272
967	0.0037121	-10547.7
968	0.0037121	-10358.3
969	0.0037121	-10735.4
970	0.0037121	-9813.55
971	0.0037121	-10197
972	0.0037121	-9827.99
973	0.0037121	-10213.3
974	0.0037121	-9973.2
975	0.0037121	-9713.93
976	0.0037121	-10763.6
977	0.0037121	-9798
978	0.0037121	-10393.8
979	0.0037121	-9852.8
980	0.0037121	-10281.5
981	0.0037121	-10366.6
982	0.0037121	-10176
983	0.0037121	-10673.9
984	0.0037121	-9564.59
985	0.0037121	-10304.5
986	0.0037121	-10703.3
987	0.0037121	-11228.8
988	0.0037121	-10897.7
989	0.0037121	-11467.4
990	0.0037121	-10972.2
991	0.0037121	-9513.82
992	0.0037121	-9774.13
993	0.0037121	-11056.8
994	0.0037121	-10148.7
995	0.0037121	-10232.2
996	0.0037121	-10103.6
997	0.0037121	-10364.7
998	0.0037121	-9967.47
999	0.0037121	-10196.8
1000	0.0037121	-11014.3
251	0.00268829	-11104.8
252	0.00268829	-10891.2
253	0.00268829	-11071.6
254	0.00268829	-11126.1
255	0.00268829	-10112.1
256	0.00268829	-11003.4
257	0.00268829	-11158.9
258	0.00268829	-11098.4
259	0.00268829	-10022.3
260	0.00268829	-10730.5
261	0.00268829	-11027.1
262	0.00268829	-10652.2
263	0.00268829	-10959
264	0.00268829	-11649.5
265	0.00268829	-12329.1
266	0.00268829	-11258.4
267	0.00268829	-11175.6
268	0.00268829	-11124.9
269	0.00268829	-10865.1
270	0.00268829	-10436.9
271	0.00268829	-9932.7
272	0.00268829	-10977.2
273	0.00268829	-11656.2
274	0.00268829	-11610.6
275	0.00268829	-10247.2
276	0.00268829	-9914.82
277	0.00268829	-10341.2
278	0.00268829	-10965.7
279	0.00268829	-10049
280	0.00268829	-10436.9
281	0.00268829	-11610
282	0.00268829	-10189.8
283	0.00268829	-10009.2
284	0.00268829	-10575.7
285	0.00268829	-9462.34
286	0.00268829	-10705.5
287	0.00268829	-10428.3
288	0.00268829	-12000.8
289	0.00268829	-12360.1
290	0.00268829	-11501.6
291	0.00268829	-11369.1
292	0.00268829	-10091.8
293	0.00268829	-9614.21
294	0.00268829	-11120.7
295	0.00268829	-10066.2
296	0.00268829	-9992
297	0.00268829	-11340.8
298	0.00268829	-10858.8
299	0.00268829	-10524.2
300	0.00268829	-9504.43
301	0.00268829	-11176.2
302	0.00268829	-11239.4
303	0.00268829	-11385.9
304	0.00268829	-10690.1
305	0.00268829	-11068.9
306	0.00268829	-10390.4
307	0.00268829	-10534.8
308	0.00268829	-11710.4
309	0.00268829	-11120
310	0.00268829	-10188.7
311	0.00268829	-10318.1
312	0.00268829	-10892.4
313	0.00268829	-10778.6
314	0.00268829	-10527.5
315	0.00268829	-10036.8
316	0.00268829	-10233.8
317	0.00268829	-10709.9
318	0.00268829	-10990.5
319	0.00268829	-10270
320	0.00268829	-9606.62
321	0.00268829	-10653
322	0.00268829	-10483.9
323	0.00268829	-10746.5
324	0.00268829	-10496.6
325	0.00268829	-10471.6
326	0.00268829	-11343.3
327	0.00268829	-10474.2
328	0.00268829	-11028.7
329	0.00268829	-11092.7
330	0.00268829	-10771.9
331	0.00268829	-10583.7
332	0.00268829	-10801.5
333	0.00268829	-10640.4
334	0.00268829	-10698.9
335	0.00268829	-10274.9
336	0.00268829	-10210.6
337	0.00268829	-11252.7
338	0.00268829	-9956.31
339	0.00268829	-10188.5
340	0.00268829	-10576.2
341	0.00268829	-11047.5
342	0.00268829	-11582.2
343	0.00268829	-10193.3
344	0.00268829	-11307.2
345	0.00268829	-11214.8
346	0.00268829	-11478
347	0.00268829	-10634.6
348	0.00268829	-12019.9
349	0.00268829	-11194.8
350	0.00268829	-11087.3
351	0.00268829	-11043.1
352	0.00268829	-10894.6
353	0.00268829	-11397.1
354	0.00268829	-10670.7
355	0.00268829	-11551.5
356	0.00268829	-11363.5
357	0.00268829	-10771.4
358	0.00268829	-10316.7
359	0.00268829	-11034.4
360	0.00268829	-11116.3
361	0.00268829	-10647.9
362	0.00268829	-11891.5
363	0.00268829	-10893.2
364	0.00268829	-11408
365	0.00268829	-10941.9
366	0.00268829	-10151.4
367	0.00268829	-10917.3
368	0.00268829	-11021.7
369	0.00268829	-10498.6
370	0.00268829	-10619.6
371	0.00268829	-10461.6
372	0.00268829	-10357.9
373	0.00268829	-10094.2
374	0.00268829	-10387.1
375	0.00268829	-10005.9
376	0.00268829	-10720.8
377	0.00268829	-10320.2
378	0.00268829	-10616.2
379	0.00268829	-10728
380	0.00268829	-11783.6
381	0.00268829	-10452
382	0.00268829	-10223.7
383	0.00268829	-10434.2
384	0.00268829	-9773.51
385	0.00268829	-9523.37
386	0.00268829	-9587.25
387	0.00268829	-10869.3
388	0.00268829	-9744.42
389	0.00268829	-10058.3
390	0.00268829	-10534.1
391	0.00268829	-10713.6
392	0.00268829	-10361.6
393	0.00268829	-10459.7
394	0.00268829	-10852.9
395	0.00268829	-10570.6
396	0.00268829	-10462.3
397	0.00268829	-9884.59
398	0.00268829	-9334.45
399	0.00268829	-9999.69
400	0.00268829	-10688.6
401	0.00268829	-10924.6
402	0.00268829	-10387.3
403	0.00268829	-11341.9
404	0.00268829	-11025.4
405	0.00268829	-11345.3
406	0.00268829	-11121.8
407	0.00268829	-11642.2
408	0.00268829	-10529.7
409	0.00268829	-10608.1
410	0.00268829	-10393.3
411	0.00268829	-10177.1
412	0.00268829	-9907.72
413	0.00268829	-10496.6
414	0.00268829	-10702.9
415	0.00268829	-10887.2
416	0.00268829	-11239.3
417	0.00268829	-11267.3
418	0.00268829	-10863.8
419	0.00268829	-11051.9
420	0.00268829	-9968.95
421	0.00268829	-10340.8
422	0.00268829	-10883.4
423	0.00268829	-11162
424	0.00268829	-10285.4
425	0.00268829	-10803.4
426	0.00268829	-10811
427	0.00268829	-11315
428	0.00268829	-10640.6
429	0.00268829	-11082.4
430	0.00268829	-11087.6
431	0.00268829	-11087.8
432	0.00268829	-11227.6
433	0.00268829	-10628.7
434	0.00268829	-10734
435	0.00268829	-10743.3
436	0.00268829	-11009.6
437	0.00268829	-10661.8
438	0.00268829	-11200.3
439	0.00268829	-10543.4
440	0.00268829	-11362.6
441	0.00268829	-11860.7
442	0.00268829	-11245.9
443	0.00268829	-11148.3
444	0.00268829	-10664.9
445	0.00268829	-10903.7
446	0.00268829	-9617.55
447	0.00268829	-10456.8
448	0.00268829	-9594.57
449	0.00268829	-11106.5
450	0.00268829	-11227.8
451	0.00268829	-10783.1
452	0.00268829	-10446
453	0.00268829	-11462.3
454	0.00268829	-11304.8
455	0.00268829	-11766.4
456	0.00268829	-12204.4
457	0.00268829	-10181.4
458	0.00268829	-10745.4
459	0.00268829	-10856.7
460	0.00268829	-11135.1
461	0.00268829	-10428.8
462	0.00268829	-11142
463	0.00268829	-10329.9
464	0.00268829	-11296.7
465	0.00268829	-10508.5
466	0.00268829	-10651.1
467	0.00268829	-10720.2
468	0.00268829	-11024.8
469	0.00268829	-10607.1
470	0.00268829	-10944.5
471	0.00268829	-11717.8
472	0.00268829	-10327.2
473	0.00268829	-10632.9
474	0.00268829	-11069
475	0.00268829	-10729.7
476	0.00268829	-11036.4
477	0.00268829	-11093.2
478	0.00268829	-10795.9
479	0.00268829	-10176.7
480	0.00268829	-11125.8
481	0.00268829	-11263
482	0.00268829	-11333.7
483	0.00268829	-10646.3
484	0.00268829	-10616.2
485	0.00268829	-10363.1
486	0.00268829	-10775.7
487	0.00268829	-11355.9
488	0.00268829	-10676.2
489	0.00268829	-10499.8
490	0.00268829	-9481.03
491	0.00268829	-10310.9
492	0.00268829	-11079.9
493	0.00268829	-11420.8
494	0.00268829	-11185.7
495	0.00268829	-10952.9
496	0.00268829	-11166.9
497	0.00268829	-11286.8
498	0.00268829	-9830.59
499	0.00268829	-11143
500	0.00268829	-11847.9
501	0.00268829	-11221.9
502	0.00268829	-11132
503	0.00268829	-11791.7
504	0.00268829	-12943.3
505	0.00268829	-10412.7
506	0.00268829	-10290.1
507	0.00268829	-11257.1
508	0.00268829	-10562.5
509	0.00268829	-10375.5
510	0.00268829	-11608.8
511	0.00268829	-10245.3
512	0.00268829	-10222.9
513	0.00268829	-11130.1
514	0.00268829	-10185.6
515	0.00268829	-10999.5
516	0.00268829	-11785.6
517	0.00268829	-12025.4
518	0.00268829	-11703.8
519	0.00268829	-10754.6
520	0.00268829	-10902.9
521	0.00268829	-10816.3
522	0.00268829	-11522.3
523	0.00268829	-10138.7
524	0.00268829	-11035.5
525	0.00268829	-11778.7
526	0.00268829	-11333.2
527	0.00268829	-11106.6
528	0.00268829	-10034.1
529	0.00268829	-10045.5
530	0.00268829	-9327.9
531	0.00268829	-10055.1
532	0.00268829	-11037
533	0.00268829	-11716.9
534	0.00268829	-9375.86
535	0.00268829	-10401.9
536	0.00268829	-11131.4
537	0.00268829	-11763
538	0.00268829	-11320.1
539	0.00268829	-11292.3
540	0.00268829	-11458.1
541	0.00268829	-10755.9
542	0.00268829	-11609.6
543	0.00268829	-10355
544	0.00268829	-10276.3
545	0.00268829	-10194.7
546	0.00268829	-10352.1
547	0.00268829	-10336.6
548	0.00268829	-9745.79
549	0.00268829	-9997.49
550	0.00268829	-10890.7
551	0.00268829	-10356.1
552	0.00268829	-10810.8
553	0.00268829	-9876.91
554	0.00268829	-11566.2
555	0.00268829	-9899.78
556	0.00268829	-9902.53
557	0.00268829	-10425.3
558	0.00268829	-10428.3
559	0.00268829	-11662.7
560	0.00268829	-10640.3
561	0.00268829	-11651.1
562	0.00268829	-11034.1
563	0.00268829	-10591
564	0.00268829	-11007.9
565	0.00268829	-10823.5
566	0.00268829	-9798.25
567	0.00268829	-10568.4
568	0.00268829	-10882.4
569	0.00268829	-11828.8
570	0.00268829	-11051.5
571	0.00268829	-11366.1
572	0.00268829	-11562
573	0.00268829	-12161.9
574	0.00268829	-11640
575	0.00268829	-10962.3
576	0.00268829	-10137.1
577	0.00268829	-11094.2
578	0.00268829	-10688.6
579	0.00268829	-10519.7
580	0.00268829	-9750
581	0.00268829	-10698.4
582	0.00268829	-10243
583	0.00268829	-10725.9
584	0.00268829	-10503.1
585	0.00268829	-10717.6
586	0.00268829	-10773
587	0.00268829	-11717.1
588	0.00268829	-10853.8
589	0.00268829	-10606.5
590	0.00268829	-10423
591	0.00268829	-11309.6
592	0.00268829	-10851.4
593	0.00268829	-11545
594	0.00268829	-10407.1
595	0.00268829	-10636.3
596	0.00268829	-10698.8
597	0.00268829	-10375.7
598	0.00268829	-10819.8
599	0.00268829	-10445
600	0.00268829	-10508.3
601	0.00268829	-10621.9
602	0.00268829	-10311
603	0.00268829	-10252
604	0.00268829	-10571.7
605	0.00268829	-9817.65
606	0.00268829	-11152.2
607	0.00268829	-10588.4
608	0.00268829	-10262.8
609	0.00268829	-11021.6
610	0.00268829	-10368.8
611	0.00268829	-10830.1
612	0.00268829	-11052.2
613	0.00268829	-10972.6
614	0.00268829	-10920.9
615	0.00268829	-10085.9
616	0.00268829	-10693.8
617	0.00268829	-10047.7
618	0.00268829	-11311.1
619	0.00268829	-10313.4
620	0.00268829	-10634
621	0.00268829	-10244
622	0.00268829	-10146.7
623	0.00268829	-10793.3
624	0.00268829	-10174.8
625	0.00268829	-12026.6
626	0.00268829	-10680.3
627	0.00268829	-10332.4
628	0.00268829	-11405.6
629	0.00268829	-12058.7
630	0.00268829	-10400.3
631	0.00268829	-9844.93
632	0.00268829	-10194.1
633	0.00268829	-10497.1
634	0.00268829	-9802.24
635	0.00268829	-10546.4
636	0.00268829	-9393.88
637	0.00268829	-10445.1
638	0.00268829	-10504.9
639	0.00268829	-10673
640	0.00268829	-10933.4
641	0.00268829	-11023.9
642	0.00268829	-10195
643	0.00268829	-10360.3
644	0.00268829	-10914.1
645	0.00268829	-12748.4
646	0.00268829	-11322.4
647	0.00268829	-11270.1
648	0.00268829	-12224.2
649	0.00268829	-11709.9
650	0.00268829	-10876.6
651	0.00268829	-10937.6
652	0.00268829	-10080.3
653	0.00268829	-11287.6
654	0.00268829	-11944.3
655	0.00268829	-11318.9
656	0.00268829	-11222.6
657	0.00268829	-11613.3
658	0.00268829	-11594.8
659	0.00268829	-11368.8
660	0.00268829	-10314.3
661	0.00268829	-10488.3
662	0.00268829	-11520
663	0.00268829	-11301.3
664	0.00268829	-12135.7
665	0.00268829	-11320.1
666	0.00268829	-11458.7
667	0.00268829	-11190.9
668	0.00268829	-11067
669	0.00268829	-12092.6
670	0.00268829	-11178.5
671	0.00268829	-10840.1
672	0.00268829	-11331.3
673	0.00268829	-11600.3
674	0.00268829	-9788.66
675	0.00268829	-11376.1
676	0.00268829	-10838.1
677	0.00268829	-10835.2
678	0.00268829	-10577.6
679	0.00268829	-11415.5
680	0.00268829	-10603.2
681	0.00268829	-10395.6
682	0.00268829	-10770.8
683	0.00268829	-10032.5
684	0.00268829	-12090.8
685	0.00268829	-11491.1
686	0.00268829	-10878.9
687	0.00268829	-10362.9
688	0.00268829	-11649.7
689	0.00268829	-11326.9
690	0.00268829	-11290.7
691	0.00268829	-11942.4
692	0.00268829	-11643.3
693	0.00268829	-12104.6
694	0.00268829	-11542
695	0.00268829	-12064.2
696	0.00268829	-12212.7
697	0.00268829	-11390.5
698	0.00268829	-11794.9
699	0.00268829	-10587.5
700	0.00268829	-10849.9
701	0.00268829	-11091.3
702	0.00268829	-11125.8
703	0.00268829	-10761.7
704	0.00268829	-10997.1
705	0.00268829	-11297
706	0.00268829	-10894.7
707	0.00268829	-10824.7
708	0.00268829	-9849.18
709	0.00268829	-9138.51
710	0.00268829	-10950.9
711	0.00268829	-9884.54
712	0.00268829	-12078.4
713	0.00268829	-10270.9
714	0.00268829	-9589.22
715	0.00268829	-10830.1
716	0.00268829	-9820.93
717	0.00268829	-11044.2
718	0.00268829	-10635.1
719	0.00268829	-10391.5
720	0.00268829	-10173.2
721	0.00268829	-10767
722	0.00268829	-12013.1
723	0.00268829	-11466.9
724	0.00268829	-11465.9
725	0.00268829	-11799.4
726	0.00268829	-10529.8
727	0.00268829	-10993.6
728	0.00268829	-10811.2
729	0.00268829	-11975.1
730	0.00268829	-11429.4
731	0.00268829	-10264.2
732	0.00268829	-10860.3
733	0.00268829	-11200.2
734	0.00268829	-11824.1
735	0.00268829	-11425.6
736	0.00268829	-10198.7
737	0.00268829	-10831.9
738	0.00268829	-10912.7
739	0.00268829	-9433.27
740	0.00268829	-9996.47
741	0.00268829	-11647.3
742	0.00268829	-10337.2
743	0.00268829	-10791.1
744	0.00268829	-10558.6
745	0.00268829	-10917.4
746	0.00268829	-10771
747	0.00268829	-11233.5
748	0.00268829	-11095
749	0.00268829	-11511.7
750	0.00268829	-10643.2
751	0.00268829	-10322.7
752	0.00268829	-11466.4
753	0.00268829	-10787.7
754	0.00268829	-11348.5
755	0.00268829	-9743.25
756	0.00268829	-10951.5
757	0.00268829	-11186.9
758	0.00268829	-11567.9
759	0.00268829	-11177.6
760	0.00268829	-10105.8
761	0.00268829	-10731.8
762	0.00268829	-9676.02
763	0.00268829	-11267.3
764	0.00268829	-10830.1
765	0.00268829	-11583.5
766	0.00268829	-11923.6
767	0.00268829	-11406.5
768	0.00268829	-10915.1
769	0.00268829	-10864
770	0.00268829	-11248
771	0.00268829	-9770.24
772	0.00268829	-10822.7
773	0.00268829	-11213
774	0.00268829	-10714.5
775	0.00268829	-11530.1
776	0.00268829	-10280.5
777	0.00268829	-10498.3
778	0.00268829	-10090.5
779	0.00268829	-10502.4
780	0.00268829	-10945.7
781	0.00268829	-9978.76
782	0.00268829	-10039.9
783	0.00268829	-9830.22
784	0.00268829	-11169.7
785	0.00268829	-10015.9
786	0.00268829	-10711.9
787	0.00268829	-11301.6
788	0.00268829	-12006.1
789	0.00268829	-10844.3
790	0.00268829	-10523.1
791	0.00268829	-10966.8
792	0.00268829	-10763.2
793	0.00268829	-11386.5
794	0.00268829	-11470.8
795	0.00268829	-11505.4
796	0.00268829	-10842
797	0.00268829	-9948.11
798	0.00268829	-9928.37
799	0.00268829	-9998.23
800	0.00268829	-10382.4
801	0.00268829	-10044.3
802	0.00268829	-10293.1
803	0.00268829	-10526.8
804	0.00268829	-11608.5
805	0.00268829	-11384.6
806	0.00268829	-10407.6
807	0.00268829	-11241.2
808	0.00268829	-10971.1
809	0.00268829	-10557.4
810	0.00268829	-11534.4
811	0.00268829	-10637.9
812	0.00268829	-10756.6
813	0.00268829	-10993.9
814	0.00268829	-10831.6
815	0.00268829	-10366.8
816	0.00268829	-10434.1
817	0.00268829	-11231.4
818	0.00268829	-9877.36
819	0.00268829	-9613.75
820	0.00268829	-9952.05
821	0.00268829	-11654.4
822	0.00268829	-10298
823	0.00268829	-10459.9
824	0.00268829	-9987.92
825	0.00268829	-10874.2
826	0.00268829	-10485.5
827	0.00268829	-11188.3
828	0.00268829	-10111.6
829	0.00268829	-11806.9
830	0.00268829	-11829
831	0.00268829	-10348.8
832	0.00268829	-11140.6
833	0.00268829	-10462.7
834	0.00268829	-10120.7
835	0.00268829	-9903.51
836	0.00268829	-10850.1
837	0.00268829	-11203
838	0.00268829	-12548.1
839	0.00268829	-10523.9
840	0.00268829	-9889.71
841	0.00268829	-9381.03
842	0.00268829	-10212.9
843	0.00268829	-10585.8
844	0.00268829	-9830.13
845	0.00268829	-10592
846	0.00268829	-10158.3
847	0.00268829	-11439.2
848	0.00268829	-10912
849	0.00268829	-11069
850	0.00268829	-11757.3
851	0.00268829	-10048.6
852	0.00268829	-10590
853	0.00268829	-10609
854	0.00268829	-11093.3
855	0.00268829	-11422.8
856	0.00268829	-10878.4
857	0.00268829	-10274.7
858	0.00268829	-11144.3
859	0.00268829	-10110.7
860	0.00268829	-10775.4
861	0.00268829	-10355.3
862	0.00268829	-9906.86
863	0.00268829	-10291.2
864	0.00268829	-10923.6
865	0.00268829	-11355.6
866	0.00268829	-10470
867	0.00268829	-10859.3
868	0.00268829	-10132.4
869	0.00268829	-10320.7
870	0.00268829	-9822.95
871	0.00268829	-11980.1
872	0.00268829	-11016.8
873	0.00268829	-10299.1
874	0.00268829	-10769.4
875	0.00268829	-10742.3
876	0.00268829	-10061.4
877	0.00268829	-11249
878	0.00268829	-10727.7
879	0.00268829	-10514.3
880	0.00268829	-10358.7
881	0.00268829	-10880.6
882	0.00268829	-10262.4
883	0.00268829	-10734.5
884	0.00268829	-10172.7
885	0.00268829	-9685.89
886	0.00268829	-10274.6
887	0.00268829	-11111.2
888	0.00268829	-10520
889	0.00268829	-10938.4
890	0.00268829	-9429.46
891	0.00268829	-10810.1
892	0.00268829	-9793.97
893	0.00268829	-10972.2
894	0.00268829	-11003.3
895	0.00268829	-10323.2
896	0.00268829	-9607.82
897	0.00268829	-11359.9
898	0.00268829	-10544.6
899	0.00268829	-10678.1
900	0.00268829	-10589
901	0.00268829	-9889.82
902	0.00268829	-10365.9
903	0.00268829	-10408.9
904	0.00268829	-10212.7
905	0.00268829	-10766.1
906	0.00268829	-9807.51
907	0.00268829	-11083
908	0.00268829	-11060.3
909	0.00268829	-11067.5
910	0.00268829	-11676.7
911	0.00268829	-11513.8
912	0.00268829	-11517.7
913	0.00268829	-10571.1
914	0.00268829	-11126
915	0.00268829	-11384.2
916	0.00268829	-10960.5
917	0.00268829	-10136.9
918	0.00268829	-10691.4
919	0.00268829	-10556.9
920	0.00268829	-10401
921	0.00268829	-10446.6
922	0.00268829	-10686.1
923	0.00268829	-11083.7
924	0.00268829	-10389.6
925	0.00268829	-10091.5
926	0.00268829	-9947.44
927	0.00268829	-9515.41
928	0.00268829	-10569.7
929	0.00268829	-10795.4
930	0.00268829	-10586.8
931	0.00268829	-12708.1
932	0.00268829	-10122.2
933	0.00268829	-10390.3
934	0.00268829	-10344
935	0.00268829	-10646.6
936	0.00268829	-10311.3
937	0.00268829	-10185.7
938	0.00268829	-10895.8
939	0.00268829	-11209.6
940	0.00268829	-10900.3
941	0.00268829	-11054.3
942	0.00268829	-10413
943	0.00268829	-11151.8
944	0.00268829	-10484.5
945	0.00268829	-10862.3
946	0.00268829	-10744.7
947	0.00268829	-10385.4
948	0.00268829	-10766.4
949	0.00268829	-10645.8
950	0.00268829	-10700.8
951	0.00268829	-11533
952	0.00268829	-11234
953	0.00268829	-10166.4
954	0.00268829	-11052.7
955	0.00268829	-11283.6
956	0.00268829	-11109
957	0.00268829	-9937.72
958	0.00268829	-10573.1
959	0.00268829	-10335
960	0.00268829	-12577.4
961	0.00268829	-11744
962	0.00268829	-11127.5
963	0.00268829	-10475.5
964	0.00268829	-10820.2
965	0.00268829	-10573.2
966	0.00268829	-10700.3
967	0.00268829	-10426.4
968	0.00268829	-10166.3
969	0.00268829	-11850.4
970	0.00268829	-11090.7
971	0.00268829	-10398.8
972	0.00268829	-12687.7
973	0.00268829	-11680.8
974	0.00268829	-11331.2
975	0.00268829	-11055.8
976	0.00268829	-10122.5
977	0.00268829	-10736.6
978	0.00268829	-10090.2
979	0.00268829	-10306.5
980	0.00268829	-10564.8
981	0.00268829	-11709.4
982	0.00268829	-11193.2
983	0.00268829	-11077.6
984	0.00268829	-10395.3
985	0.00268829	-10522.8
986	0.00268829	-10656.8
987	0.00268829	-10562.3
988	0.00268829	-11047
989	0.00268829	-10483.9
990	0.00268829	-10843.3
991	0.00268829	-11482
992	0.00268829	-11077.1
993	0.00268829	-10790.2
994	0.00268829	-10286.3
995	0.00268829	-10267.9
996	0.00268829	-11269.3
997	0.00268829	-11041.4
998	0.00268829	-10905.9
999	0.00268829	-11876.4
1000	0.00268829	-11248.8
251	0.00190397	-10406
252	0.00190397	-11164
253	0.00190397	-11195.5
254	0.00190397	-11168.1
255	0.00190397	-10351.4
256	0.00190397	-11541.5
257	0.00190397	-11505.4
258	0.00190397	-12581.3
259	0.00190397	-11810.5
260	0.00190397	-11549.9
261	0.00190397	-11579.1
262	0.00190397	-11090.1
263	0.00190397	-12273.4
264	0.00190397	-10779.4
265	0.00190397	-10465
266	0.00190397	-11139.6
267	0.00190397	-10503.2
268	0.00190397	-11118.2
269	0.00190397	-11492.7
270	0.00190397	-11904
271	0.00190397	-10683.9
272	0.00190397	-11090.5
273	0.00190397	-11051.1
274	0.00190397	-11838.2
275	0.00190397	-11092.3
276	0.00190397	-10882.1
277	0.00190397	-10670.7
278	0.00190397	-11920.3
279	0.00190397	-12318.1
280	0.00190397	-11367.7
281	0.00190397	-12179.9
282	0.00190397	-12530.6
283	0.00190397	-11371.2
284	0.00190397	-11933.8
285	0.00190397	-10209.7
286	0.00190397	-10331.1
287	0.00190397	-10975.9
288	0.00190397	-11533.3
289	0.00190397	-12032.1
290	0.00190397	-10430.6
291	0.00190397	-12671.4
292	0.00190397	-10591.4
293	0.00190397	-11057.4
294	0.00190397	-10245
295	0.00190397	-10200.3
296	0.00190397	-10082
297	0.00190397	-10214.8
298	0.00190397	-12409.9
299	0.00190397	-11291
300	0.00190397	-11208.1
301	0.00190397	-10872.2
302	0.00190397	-10235.5
303	0.00190397	-10752.7
304	0.00190397	-10100.4
305	0.00190397	-9965.77
306	0.00190397	-10336.1
307	0.00190397	-11477.6
308	0.00190397	-11202.1
309	0.00190397	-9868.25
310	0.00190397	-11309
311	0.00190397	-10371.4
312	0.00190397	-12560.2
313	0.00190397	-12826.2
314	0.00190397	-13116.9
315	0.00190397	-10557.2
316	0.00190397	-10778.5
317	0.00190397	-10091.6
318	0.00190397	-11061.1
319	0.00190397	-11534.3
320	0.00190397	-12769.4
321	0.00190397	-11411.7
322	0.00190397	-10513.1
323	0.00190397	-10816.5
324	0.00190397	-10856.9
325	0.00190397	-11534.8
326	0.00190397	-10190.5
327	0.00190397	-10114.2
328	0.00190397	-9973.12
329	0.00190397	-9944.57
330	0.00190397	-11008.1
331	0.00190397	-11416.5
332	0.00190397	-11064
333	0.00190397	-11445.3
334	0.00190397	-11141.5
335	0.00190397	-10464.2
336	0.00190397	-11244.8
337	0.00190397	-11751.3
338	0.00190397	-10972.1
339	0.00190397	-11061
340	0.00190397	-10843.8
341	0.00190397	-10281.2
342	0.00190397	-10215.1
343	0.00190397	-10729
344	0.00190397	-10036.5
345	0.00190397	-11349.8
346	0.00190397	-11226.8
347	0.00190397	-10467.6
348	0.00190397	-10223.4
349	0.00190397	-10737
350	0.00190397	-12089.3
351	0.00190397	-12350.8
352	0.00190397	-12149
353	0.00190397	-11705.5
354	0.00190397	-10143.5
355	0.00190397	-10789.8
356	0.00190397	-11212
357	0.00190397	-11012.7
358	0.00190397	-10720.2
359	0.00190397	-10089.1
360	0.00190397	-9758.91
361	0.00190397	-11297.5
362	0.00190397	-11444.6
363	0.00190397	-11054.8
364	0.00190397	-11747.8
365	0.00190397	-11364
366	0.00190397	-10569
367	0.00190397	-10712.1
368	0.00190397	-11341.3
369	0.00190397	-11926.3
370	0.00190397	-13187.8
371	0.00190397	-11224.4
372	0.00190397	-11244.7
373	0.00190397	-11844.7
374	0.00190397	-13425
375	0.00190397	-11092.2
376	0.00190397	-10601.4
377	0.00190397	-12163.4
378	0.00190397	-10175
379	0.00190397	-11873.2
380	0.00190397	-11520.7
381	0.00190397	-9959.48
382	0.00190397	-11227.7
383	0.00190397	-11765
384	0.00190397	-12416
385	0.00190397	-11691.7
386	0.00190397	-11675.9
387	0.00190397	-11288.6
388	0.00190397	-11095.4
389	0.00190397	-10251.4
390	0.00190397	-10728.7
391	0.00190397	-11081.8
392	0.00190397	-10665.6
393	0.00190397	-11083.2
394	0.00190397	-12591.3
395	0.00190397	-11378.7
396	0.00190397	-11030.3
397	0.00190397	-10328.8
398	0.00190397	-11225.3
399	0.00190397	-10506.4
400	0.00190397	-11549.4
401	0.00190397	-10462.9
402	0.00190397	-11563.2
403	0.00190397	-10225.8
404	0.00190397	-10496
405	0.00190397	-10782.6
406	0.00190397	-10594.7
407	0.00190397	-10156
408	0.00190397	-10443.2
409	0.00190397	-11082.1
410	0.00190397	-11023.5
411	0.00190397	-10982.3
412	0.00190397	-11804.6
413	0.00190397	-10983.5
414	0.00190397	-11198.5
415	0.00190397	-11077.6
416	0.00190397	-11403.2
417	0.00190397	-11413.6
418	0.00190397	-11488.2
419	0.00190397	-11324.3
420	0.00190397	-9688.04
421	0.00190397	-9930.72
422	0.00190397	-9730.42
423	0.00190397	-12319.8
424	0.00190397	-11455.7
425	0.00190397	-12083.8
426	0.00190397	-11254.2
427	0.00190397	-11759.7
428	0.00190397	-12126
429	0.00190397	-12268
430	0.00190397	-11610.6
431	0.00190397	-11361.4
432	0.00190397	-11676.4
433	0.00190397	-11001.6
434	0.00190397	-10215.1
435	0.00190397	-10599.8
436	0.00190397	-11044.1
437	0.00190397	-10223.8
438	0.00190397	-10552.1
439	0.00190397	-12240.8
440	0.00190397	-11472.2
441	0.00190397	-10430.3
442	0.00190397	-11075.5
443	0.00190397	-11243
444	0.00190397	-11931.5
445	0.00190397	-10612.3
446	0.00190397	-11920.3
447	0.00190397	-12065.9
448	0.00190397	-11950.5
449	0.00190397	-11425
450	0.00190397	-12261
451	0.00190397	-12163.1
452	0.00190397	-13259.6
453	0.00190397	-12167.4
454	0.00190397	-12728.4
455	0.00190397	-12912
456	0.00190397	-10905.3
457	0.00190397	-11888.7
458	0.00190397	-11231.8
459	0.00190397	-11330
460	0.00190397	-10790.1
461	0.00190397	-11972.9
462	0.00190397	-11279.1
463	0.00190397	-12333
464	0.00190397	-12746.6
465	0.00190397	-10770.3
466	0.00190397	-11364.4
467	0.00190397	-11529.7
468	0.00190397	-11378.6
469	0.00190397	-10763.7
470	0.00190397	-10814.1
471	0.00190397	-10357.5
472	0.00190397	-11155.7
473	0.00190397	-11920.1
474	0.00190397	-10346
475	0.00190397	-10410.2
476	0.00190397	-11777.5
477	0.00190397	-10284.7
478	0.00190397	-12263
479	0.00190397	-11620
480	0.00190397	-11887
481	0.00190397	-9863.1
482	0.00190397	-10892.7
483	0.00190397	-10575.9
484	0.00190397	-10934.8
485	0.00190397	-11256.8
486	0.00190397	-10628.2
487	0.00190397	-13169.8
488	0.00190397	-11460.2
489	0.00190397	-12603.5
490	0.00190397	-11276.9
491	0.00190397	-11789.6
492	0.00190397	-10132.5
493	0.00190397	-11964.6
494	0.00190397	-11199.9
495	0.00190397	-10427.1
496	0.00190397	-10585
497	0.00190397	-11065.8
498	0.00190397	-10594.5
499	0.00190397	-11412.8
500	0.00190397	-11242.4
501	0.00190397	-11383
502	0.00190397	-10250.4
503	0.00190397	-10973.2
504	0.00190397	-10407.8
505	0.00190397	-11177.5
506	0.00190397	-12287
507	0.00190397	-12630.3
508	0.00190397	-12637.9
509	0.00190397	-12764.1
510	0.00190397	-11948.3
511	0.00190397	-10795.4
512	0.00190397	-10923.5
513	0.00190397	-10706.1
514	0.00190397	-10356.5
515	0.00190397	-10595.9
516	0.00190397	-11709.1
517	0.00190397	-10859.9
518	0.00190397	-11550.3
519	0.00190397	-11108.1
520	0.00190397	-11660.5
521	0.00190397	-10652.4
522	0.00190397	-12764
523	0.00190397	-11751.9
524	0.00190397	-11562.2
525	0.00190397	-12809.6
526	0.00190397	-11912.8
527	0.00190397	-11827.7
528	0.00190397	-11503.5
529	0.00190397	-11338.8
530	0.00190397	-11262.5
531	0.00190397	-11601.1
532	0.00190397	-11035.9
533	0.00190397	-11508.2
534	0.00190397	-11577
535	0.00190397	-11659.6
536	0.00190397	-10941.6
537	0.00190397	-11257.9
538	0.00190397	-11040
539	0.00190397	-10883.7
540	0.00190397	-10897.6
541	0.00190397	-11941.9
542	0.00190397	-12088.8
543	0.00190397	-10722.9
544	0.00190397	-11095.4
545	0.00190397	-10400.5
546	0.00190397	-11049.9
547	0.00190397	-10868.2
548	0.00190397	-12299.4
549	0.00190397	-11516.4
550	0.00190397	-11394.4
551	0.00190397	-11804.4
552	0.00190397	-10763.7
553	0.00190397	-10550.1
554	0.00190397	-11841.4
555	0.00190397	-10079.1
556	0.00190397	-11382.3
557	0.00190397	-11744.2
558	0.00190397	-10638.1
559	0.00190397	-11407
560	0.00190397	-10497.6
561	0.00190397	-12049.9
562	0.00190397	-11453.1
563	0.00190397	-10832.8
564	0.00190397	-12513
565	0.00190397	-10777.8
566	0.00190397	-11501.3
567	0.00190397	-11630.8
568	0.00190397	-10799.3
569	0.00190397	-11819
570	0.00190397	-11309.8
571	0.00190397	-10857.8
572	0.00190397	-11622.8
573	0.00190397	-10330.8
574	0.00190397	-10769.7
575	0.00190397	-12826.9
576	0.00190397	-12141.9
577	0.00190397	-12310.4
578	0.00190397	-11542.2
579	0.00190397	-11649.6
580	0.00190397	-11001.4
581	0.00190397	-11806.9
582	0.00190397	-10752.7
583	0.00190397	-12472.4
584	0.00190397	-12318.9
585	0.00190397	-10653.3
586	0.00190397	-11782.6
587	0.00190397	-11700.6
588	0.00190397	-11448.1
589	0.00190397	-10832.9
590	0.00190397	-10194.6
591	0.00190397	-11358.1
592	0.00190397	-11290.6
593	0.00190397	-10326.7
594	0.00190397	-10849.5
595	0.00190397	-10895.2
596	0.00190397	-11297.2
597	0.00190397	-10480.6
598	0.00190397	-11184.3
599	0.00190397	-12230.3
600	0.00190397	-11234.9
601	0.00190397	-10842.4
602	0.00190397	-10405.7
603	0.00190397	-10541.2
604	0.00190397	-12123.3
605	0.00190397	-12366.8
606	0.00190397	-12509.1
607	0.00190397	-12778.2
608	0.00190397	-10777.1
609	0.00190397	-10209.7
610	0.00190397	-10178.6
611	0.00190397	-10314.2
612	0.00190397	-10888.6
613	0.00190397	-11250.4
614	0.00190397	-11655.6
615	0.00190397	-10604
616	0.00190397	-11421.3
617	0.00190397	-11701.7
618	0.00190397	-10345.7
619	0.00190397	-10748.7
620	0.00190397	-10264.6
621	0.00190397	-10552.8
622	0.00190397	-10877.3
623	0.00190397	-11407
624	0.00190397	-10778.6
625	0.00190397	-12008.9
626	0.00190397	-11651
627	0.00190397	-11070.7
628	0.00190397	-11765.5
629	0.00190397	-12626.1
630	0.00190397	-10571.8
631	0.00190397	-11572.8
632	0.00190397	-10661.4
633	0.00190397	-10953.6
634	0.00190397	-11050.6
635	0.00190397	-11017
636	0.00190397	-10509.1
637	0.00190397	-10348.4
638	0.00190397	-10974.6
639	0.00190397	-10564.5
640	0.00190397	-11766.5
641	0.00190397	-11001.5
642	0.00190397	-11720.4
643	0.00190397	-11596.2
644	0.00190397	-11512.1
645	0.00190397	-12892.3
646	0.00190397	-11059.7
647	0.00190397	-12532.3
648	0.00190397	-11753.9
649	0.00190397	-11982.7
650	0.00190397	-11726
651	0.00190397	-11016.7
652	0.00190397	-11322.9
653	0.00190397	-11894.9
654	0.00190397	-12702.6
655	0.00190397	-11630.6
656	0.00190397	-12082.5
657	0.00190397	-10757.6
658	0.00190397	-11964.4
659	0.00190397	-12251.2
660	0.00190397	-11824.4
661	0.00190397	-11988.7
662	0.00190397	-11257.7
663	0.00190397	-10964.3
664	0.00190397	-11593.1
665	0.00190397	-12076.5
666	0.00190397	-10664.3
667	0.00190397	-12021.4
668	0.00190397	-11475.7
669	0.00190397	-11370.5
670	0.00190397	-11395.2
671	0.00190397	-10316.3
672	0.00190397	-10103
673	0.00190397	-11860.9
674	0.00190397	-9575.14
675	0.00190397	-10671.4
676	0.00190397	-11181.2
677	0.00190397	-11454.4
678	0.00190397	-10874.3
679	0.00190397	-10481.8
680	0.00190397	-10506.6
681	0.00190397	-10461
682	0.00190397	-11210.8
683	0.00190397	-10402.3
684	0.00190397	-11296.8
685	0.00190397	-11198.2
686	0.00190397	-11098.8
687	0.00190397	-10223.4
688	0.00190397	-12980
689	0.00190397	-11417.4
690	0.00190397	-11172.8
691	0.00190397	-11860.8
692	0.00190397	-11208.7
693	0.00190397	-11059.3
694	0.00190397	-11669.7
695	0.00190397	-11157
696	0.00190397	-10829.4
697	0.00190397	-10794.9
698	0.00190397	-11115.3
699	0.00190397	-12206.8
700	0.00190397	-11805.4
701	0.00190397	-10626.7
702	0.00190397	-10063.3
703	0.00190397	-11230.2
704	0.00190397	-12007.3
705	0.00190397	-11825.6
706	0.00190397	-11072
707	0.00190397	-11848.7
708	0.00190397	-11186.9
709	0.00190397	-10445.2
710	0.00190397	-10149.7
711	0.00190397	-10292
712	0.00190397	-10301.2
713	0.00190397	-10700.8
714	0.00190397	-10025.2
715	0.00190397	-10392.6
716	0.00190397	-11025.6
717	0.00190397	-11021.1
718	0.00190397	-11509.3
719	0.00190397	-10494.7
720	0.00190397	-10852.9
721	0.00190397	-13638.5
722	0.00190397	-10824.2
723	0.00190397	-10126.8
724	0.00190397	-10667.8
725	0.00190397	-10502.8
726	0.00190397	-10660.9
727	0.00190397	-10227.9
728	0.00190397	-11536.1
729	0.00190397	-10376.4
730	0.00190397	-10334.3
731	0.00190397	-11634.3
732	0.00190397	-11738.2
733	0.00190397	-11359.7
734	0.00190397	-10189.9
735	0.00190397	-11541.8
736	0.00190397	-11269.9
737	0.00190397	-11472.3
738	0.00190397	-11684.7
739	0.00190397	-11190.5
740	0.00190397	-10499.7
741	0.00190397	-12072.9
742	0.00190397	-11008.9
743	0.00190397	-11253.4
744	0.00190397	-11410.9
745	0.00190397	-11818
746	0.00190397	-10002.9
747	0.00190397	-11515.6
748	0.00190397	-12174
749	0.00190397	-12931.1
750	0.00190397	-11739.8
751	0.00190397	-10443.2
752	0.00190397	-11850.7
753	0.00190397	-10802
754	0.00190397	-11147.8
755	0.00190397	-11012.6
756	0.00190397	-12055.7
757	0.00190397	-10697.1
758	0.00190397	-11796.2
759	0.00190397	-11654.9
760	0.00190397	-11741.9
761	0.00190397	-10415.6
762	0.00190397	-11112.2
763	0.00190397	-11741.3
764	0.00190397	-11887.7
765	0.00190397	-11935.7
766	0.00190397	-10304.9
767	0.00190397	-10469.7
768	0.00190397	-10737
769	0.00190397	-10541.9
770	0.00190397	-10998.6
771	0.00190397	-10754.5
772	0.00190397	-10250.8
773	0.00190397	-10855.9
774	0.00190397	-10904.9
775	0.00190397	-10764.2
776	0.00190397	-10456.7
777	0.00190397	-10509.5
778	0.00190397	-10793
779	0.00190397	-10043.3
780	0.00190397	-10844.9
781	0.00190397	-10413.9
782	0.00190397	-11253.8
783	0.00190397	-10977.5
784	0.00190397	-10582.8
785	0.00190397	-10991.9
786	0.00190397	-10766.3
787	0.00190397	-10736.1
788	0.00190397	-9760.82
789	0.00190397	-10650.5
790	0.00190397	-10844.6
791	0.00190397	-10271.6
792	0.00190397	-11521.1
793	0.00190397	-11148.9
794	0.00190397	-10738.7
795	0.00190397	-11173.3
796	0.00190397	-10367.9
797	0.00190397	-11260
798	0.00190397	-11299.9
799	0.00190397	-11094.1
800	0.00190397	-12130.4
801	0.00190397	-11216.2
802	0.00190397	-10741.3
803	0.00190397	-11278.1
804	0.00190397	-11021.2
805	0.00190397	-12271.3
806	0.00190397	-11404.9
807	0.00190397	-10745.1
808	0.00190397	-10801.8
809	0.00190397	-10808.1
810	0.00190397	-11313.2
811	0.00190397	-10402.9
812	0.00190397	-10359.5
813	0.00190397	-11108
814	0.00190397	-11488.5
815	0.00190397	-11838.6
816	0.00190397	-11056.6
817	0.00190397	-11361
818	0.00190397	-11654.6
819	0.00190397	-11522.4
820	0.00190397	-12258.2
821	0.00190397	-11591.1
822	0.00190397	-10570.5
823	0.00190397	-10748
824	0.00190397	-10996.8
825	0.00190397	-11789.3
826	0.00190397	-11763.8
827	0.00190397	-10627.3
828	0.00190397	-11197.4
829	0.00190397	-10534.2
830	0.00190397	-10389.5
831	0.00190397	-11134.9
832	0.00190397	-11798.4
833	0.00190397	-11322.7
834	0.00190397	-11144.6
835	0.00190397	-10750.2
836	0.00190397	-11281.9
837	0.00190397	-10424.9
838	0.00190397	-10580.2
839	0.00190397	-10267.7
840	0.00190397	-10597.5
841	0.00190397	-10317
842	0.00190397	-11471.2
843	0.00190397	-11805.6
844	0.00190397	-11392.8
845	0.00190397	-10424.2
846	0.00190397	-11543.6
847	0.00190397	-11301.3
848	0.00190397	-10365.6
849	0.00190397	-10644.4
850	0.00190397	-10910.9
851	0.00190397	-10237.1
852	0.00190397	-11325.3
853	0.00190397	-10616
854	0.00190397	-9951.71
855	0.00190397	-10718.9
856	0.00190397	-11345.7
857	0.00190397	-11382.7
858	0.00190397	-11141.7
859	0.00190397	-11316.7
860	0.00190397	-11563.2
861	0.00190397	-10527.2
862	0.00190397	-10363.1
863	0.00190397	-11795.5
864	0.00190397	-12317.7
865	0.00190397	-11662.8
866	0.00190397	-11192.1
867	0.00190397	-10571.3
868	0.00190397	-10949.5
869	0.00190397	-12213.7
870	0.00190397	-11936.8
871	0.00190397	-11044.6
872	0.00190397	-10650.3
873	0.00190397	-11491.8
874	0.00190397	-11880.4
875	0.00190397	-11852
876	0.00190397	-12029.3
877	0.00190397	-11714.1
878	0.00190397	-10525.3
879	0.00190397	-10816
880	0.00190397	-11514.9
881	0.00190397	-11290.8
882	0.00190397	-11426.1
883	0.00190397	-13266.9
884	0.00190397	-12025.1
885	0.00190397	-12008.5
886	0.00190397	-12386.2
887	0.00190397	-11127.4
888	0.00190397	-11478
889	0.00190397	-11226.6
890	0.00190397	-10009.8
891	0.00190397	-11378.8
892	0.00190397	-11470.2
893	0.00190397	-10219.1
894	0.00190397	-10827.5
895	0.00190397	-10934.3
896	0.00190397	-10763.1
897	0.00190397	-11450.8
898	0.00190397	-9395.97
899	0.00190397	-11589.4
900	0.00190397	-11828.3
901	0.00190397	-10920.5
902	0.00190397	-11784.3
903	0.00190397	-10848.3
904	0.00190397	-10258.5
905	0.00190397	-10265.5
906	0.00190397	-9915.68
907	0.00190397	-10894.1
908	0.00190397	-10434.8
909	0.00190397	-10869.6
910	0.00190397	-10526.3
911	0.00190397	-11229.3
912	0.00190397	-11060.3
913	0.00190397	-10115.2
914	0.00190397	-12211.7
915	0.00190397	-12727
916	0.00190397	-12103
917	0.00190397	-12728
918	0.00190397	-13167.4
919	0.00190397	-12380.8
920	0.00190397	-10609.8
921	0.00190397	-11252.4
922	0.00190397	-11592.2
923	0.00190397	-10510.8
924	0.00190397	-10376.4
925	0.00190397	-10594.8
926	0.00190397	-10887.9
927	0.00190397	-11835.6
928	0.00190397	-12735.7
929	0.00190397	-12492.5
930	0.00190397	-10752.3
931	0.00190397	-11809.9
932	0.00190397	-12099.3
933	0.00190397	-10812.4
934	0.00190397	-11979.7
935	0.00190397	-11146.5
936	0.00190397	-11016.7
937	0.00190397	-11196.9
938	0.00190397	-11022.5
939	0.00190397	-11666.3
940	0.00190397	-11739.9
941	0.00190397	-11062.4
942	0.00190397	-10955.1
943	0.00190397	-10243.8
944	0.00190397	-10510.2
945	0.00190397	-10876.1
946	0.00190397	-11051.9
947	0.00190397	-11635.9
948	0.00190397	-11198.1
949	0.00190397	-11087.3
950	0.00190397	-10838
951	0.00190397	-10281.7
952	0.00190397	-12500.3
953	0.00190397	-12945.2
954	0.00190397	-11364.4
955	0.00190397	-11275.8
956	0.00190397	-11247
957	0.00190397	-10508.1
958	0.00190397	-11823.6
959	0.00190397	-11988.8
960	0.00190397	-12659.5
961	0.00190397	-12282.5
962	0.00190397	-12664.3
963	0.00190397	-11809.4
964	0.00190397	-10665
965	0.00190397	-11126.4
966	0.00190397	-11165.5
967	0.00190397	-10429.8
968	0.00190397	-12520.8
969	0.00190397	-11048.4
970	0.00190397	-10749.3
971	0.00190397	-11310.7
972	0.00190397	-10852.8
973	0.00190397	-11747.7
974	0.00190397	-10707.8
975	0.00190397	-11528.2
976	0.00190397	-10618.3
977	0.00190397	-10773.4
978	0.00190397	-11134.1
979	0.00190397	-11525.8
980	0.00190397	-10654.8
981	0.00190397	-10850.6
982	0.00190397	-11403.6
983	0.00190397	-12208.3
984	0.00190397	-11474
985	0.00190397	-11043.8
986	0.00190397	-10918.8
987	0.00190397	-10409.8
988	0.00190397	-10071.8
989	0.00190397	-10398
990	0.00190397	-11487.4
991	0.00190397	-10514.9
992	0.00190397	-10363.1
993	0.00190397	-10169.8
994	0.00190397	-11451.6
995	0.00190397	-10369.5
996	0.00190397	-10542.6
997	0.00190397	-11690.6
998	0.00190397	-11251
999	0.00190397	-10896.5
1000	0.00190397	-10819.5
251	0.00131443	-12461.9
252	0.00131443	-14464.3
253	0.00131443	-12110.3
254	0.00131443	-13504.1
255	0.00131443	-10611.7
256	0.00131443	-13854.1
257	0.00131443	-12644.2
258	0.00131443	-10845.5
259	0.00131443	-11539.6
260	0.00131443	-11308.9
261	0.00131443	-12999.6
262	0.00131443	-11305.9
263	0.00131443	-11473.6
264	0.00131443	-11365.5
265	0.00131443	-12120.5
266	0.00131443	-11485
267	0.00131443	-12263.5
268	0.00131443	-11771.7
269	0.00131443	-10453.9
270	0.00131443	-11295.7
271	0.00131443	-11078.3
272	0.00131443	-11344
273	0.00131443	-11834.9
274	0.00131443	-11583
275	0.00131443	-11150
276	0.00131443	-10714.7
277	0.00131443	-10678.3
278	0.00131443	-10851.8
279	0.00131443	-11292.2
280	0.00131443	-11523.2
281	0.00131443	-10460.2
282	0.00131443	-11540.7
283	0.00131443	-11010.7
284	0.00131443	-12629
285	0.00131443	-12323.1
286	0.00131443	-11358.5
287	0.00131443	-11545.3
288	0.00131443	-10911
289	0.00131443	-12368.5
290	0.00131443	-11044.8
291	0.00131443	-11536.5
292	0.00131443	-12057.8
293	0.00131443	-13264.1
294	0.00131443	-14148.2
295	0.00131443	-11682.1
296	0.00131443	-11958.9
297	0.00131443	-10670.7
298	0.00131443	-12851.3
299	0.00131443	-12081.1
300	0.00131443	-10660.2
301	0.00131443	-10876.3
302	0.00131443	-11685.4
303	0.00131443	-11467.1
304	0.00131443	-11683.4
305	0.00131443	-10027.5
306	0.00131443	-10801
307	0.00131443	-11267.8
308	0.00131443	-10071.5
309	0.00131443	-10881.4
310	0.00131443	-10850.3
311	0.00131443	-10055
312	0.00131443	-10466.5
313	0.00131443	-10527.7
314	0.00131443	-10781.6
315	0.00131443	-11678.6
316	0.00131443	-11299.5
317	0.00131443	-10573.9
318	0.00131443	-10775.6
319	0.00131443	-12158.7
320	0.00131443	-12393.9
321	0.00131443	-13806.2
322	0.00131443	-12569.3
323	0.00131443	-11699.1
324	0.00131443	-12602.1
325	0.00131443	-11410.2
326	0.00131443	-10931.8
327	0.00131443	-12720.7
328	0.00131443	-11717.8
329	0.00131443	-12426
330	0.00131443	-14259.9
331	0.00131443	-10548.7
332	0.00131443	-11793.6
333	0.00131443	-11215
334	0.00131443	-11118.3
335	0.00131443	-11475.2
336	0.00131443	-13050.3
337	0.00131443	-12363.6
338	0.00131443	-11637.7
339	0.00131443	-11920.1
340	0.00131443	-10750.7
341	0.00131443	-10801.6
342	0.00131443	-13434.7
343	0.00131443	-12942.9
344	0.00131443	-12401
345	0.00131443	-11828
346	0.00131443	-10452.5
347	0.00131443	-11199.4
348	0.00131443	-11389.3
349	0.00131443	-11191.9
350	0.00131443	-11684.3
351	0.00131443	-13032.5
352	0.00131443	-12280.1
353	0.00131443	-11298
354	0.00131443	-11382
355	0.00131443	-12359.5
356	0.00131443	-11700.6
357	0.00131443	-11818.6
358	0.00131443	-11594.9
359	0.00131443	-10791.8
360	0.00131443	-11525.4
361	0.00131443	-12634.1
362	0.00131443	-11060
363	0.00131443	-11300
364	0.00131443	-11919
365	0.00131443	-10266.7
366	0.00131443	-11313.3
367	0.00131443	-11111
368	0.00131443	-11140.2
369	0.00131443	-11330.8
370	0.00131443	-12049.7
371	0.00131443	-11952.2
372	0.00131443	-10280.3
373	0.00131443	-10276
374	0.00131443	-11183.3
375	0.00131443	-11790.7
376	0.00131443	-11598.6
377	0.00131443	-10364.4
378	0.00131443	-12165.6
379	0.00131443	-10527.7
380	0.00131443	-11284.9
381	0.00131443	-12037.5
382	0.00131443	-11804.6
383	0.00131443	-11291.4
384	0.00131443	-12669.9
385	0.00131443	-13709.2
386	0.00131443	-11692.9
387	0.00131443	-11338.8
388	0.00131443	-12053.8
389	0.00131443	-11016.3
390	0.00131443	-10099.4
391	0.00131443	-10503
392	0.00131443	-11553.7
393	0.00131443	-13251.9
394	0.00131443	-11369.2
395	0.00131443	-13344.6
396	0.00131443	-12619.5
397	0.00131443	-12141.9
398	0.00131443	-11311.3
399	0.00131443	-12269.5
400	0.00131443	-12313.3
401	0.00131443	-12141.8
402	0.00131443	-12111.6
403	0.00131443	-12766.4
404	0.00131443	-12566.7
405	0.00131443	-10011.1
406	0.00131443	-11009.7
407	0.00131443	-10270.9
408	0.00131443	-11721.2
409	0.00131443	-10600.9
410	0.00131443	-11773.5
411	0.00131443	-10736.5
412	0.00131443	-10891.3
413	0.00131443	-10854.6
414	0.00131443	-10257.1
415	0.00131443	-10143.9
416	0.00131443	-11538.6
417	0.00131443	-11936.6
418	0.00131443	-11518.8
419	0.00131443	-10895.1
420	0.00131443	-10717
421	0.00131443	-11355.8
422	0.00131443	-11794.1
423	0.00131443	-10183.2
424	0.00131443	-10748.1
425	0.00131443	-10700.6
426	0.00131443	-11949.1
427	0.00131443	-13514
428	0.00131443	-11136.2
429	0.00131443	-11057.4
430	0.00131443	-11657.2
431	0.00131443	-12009.9
432	0.00131443	-11387.1
433	0.00131443	-11251.1
434	0.00131443	-10603.9
435	0.00131443	-12234.9
436	0.00131443	-12472
437	0.00131443	-10487.3
438	0.00131443	-11313
439	0.00131443	-11954.2
440	0.00131443	-11821.7
441	0.00131443	-10951.1
442	0.00131443	-12118.2
443	0.00131443	-11964.6
444	0.00131443	-11548.8
445	0.00131443	-13305.8
446	0.00131443	-11159.3
447	0.00131443	-11234.3
448	0.00131443	-10532.5
449	0.00131443	-12204.6
450	0.00131443	-12043.8
451	0.00131443	-11735.2
452	0.00131443	-11490.9
453	0.00131443	-12073.8
454	0.00131443	-11636.6
455	0.00131443	-11612.9
456	0.00131443	-11762.1
457	0.00131443	-12769.5
458	0.00131443	-11039.4
459	0.00131443	-11196.4
460	0.00131443	-12557.4
461	0.00131443	-11494.2
462	0.00131443	-11431.7
463	0.00131443	-12348
464	0.00131443	-12800.6
465	0.00131443	-11699.3
466	0.00131443	-10576.1
467	0.00131443	-11336.1
468	0.00131443	-11370.9
469	0.00131443	-14648.9
470	0.00131443	-11357.9
471	0.00131443	-10848.2
472	0.00131443	-12312.8
473	0.00131443	-11526.1
474	0.00131443	-10507.6
475	0.00131443	-10370
476	0.00131443	-11030.7
477	0.00131443	-11049.3
478	0.00131443	-11683.1
479	0.00131443	-11924.1
480	0.00131443	-11990.4
481	0.00131443	-10584.8
482	0.00131443	-11563
483	0.00131443	-11809.9
484	0.00131443	-11129.4
485	0.00131443	-12346.6
486	0.00131443	-12350.6
487	0.00131443	-11957.2
488	0.00131443	-11438.7
489	0.00131443	-11303.9
490	0.00131443	-10031.8
491	0.00131443	-11897.9
492	0.00131443	-11945.6
493	0.00131443	-11929.3
494	0.00131443	-12090.3
495	0.00131443	-13627.4
496	0.00131443	-10411.4
497	0.00131443	-10447.7
498	0.00131443	-13022.7
499	0.00131443	-11721.8
500	0.00131443	-11963
501	0.00131443	-11635.8
502	0.00131443	-13657.4
503	0.00131443	-11153.3
504	0.00131443	-11188.7
505	0.00131443	-11228
506	0.00131443	-12920.8
507	0.00131443	-12949.6
508	0.00131443	-11176.4
509	0.00131443	-12596.1
510	0.00131443	-13166
511	0.00131443	-12624.8
512	0.00131443	-13530.9
513	0.00131443	-12167.7
514	0.00131443	-10872.4
515	0.00131443	-9964.03
516	0.00131443	-10376.1
517	0.00131443	-10895.1
518	0.00131443	-10505.2
519	0.00131443	-10217.7
520	0.00131443	-10641.1
521	0.00131443	-10555.6
522	0.00131443	-11239.9
523	0.00131443	-10688.2
524	0.00131443	-12046.2
525	0.00131443	-11651.8
526	0.00131443	-10819.1
527	0.00131443	-12612.1
528	0.00131443	-12033.7
529	0.00131443	-12523.2
530	0.00131443	-12227.3
531	0.00131443	-12305
532	0.00131443	-12520.6
533	0.00131443	-11572.4
534	0.00131443	-12193.9
535	0.00131443	-10927.6
536	0.00131443	-9549.74
537	0.00131443	-11109.6
538	0.00131443	-10518.7
539	0.00131443	-10621.8
540	0.00131443	-10610.1
541	0.00131443	-10835.5
542	0.00131443	-10928
543	0.00131443	-12531
544	0.00131443	-13104.9
545	0.00131443	-11452.2
546	0.00131443	-11367.1
547	0.00131443	-10633.6
548	0.00131443	-12192.3
549	0.00131443	-12298.5
550	0.00131443	-11612.4
551	0.00131443	-11695.1
552	0.00131443	-10994.8
553	0.00131443	-10877.2
554	0.00131443	-12852.5
555	0.00131443	-12154.8
556	0.00131443	-13001.5
557	0.00131443	-11120.6
558	0.00131443	-11658
559	0.00131443	-11901.8
560	0.00131443	-10901.9
561	0.00131443	-10553
562	0.00131443	-10653.3
563	0.00131443	-10156.7
564	0.00131443	-11373
565	0.00131443	-11619.9
566	0.00131443	-11663.2
567	0.00131443	-11504.3
568	0.00131443	-11325.3
569	0.00131443	-11662.2
570	0.00131443	-12168.3
571	0.00131443	-11562.6
572	0.00131443	-11180.7
573	0.00131443	-10750.4
574	0.00131443	-11019.2
575	0.00131443	-11056.4
576	0.00131443	-11645.2
577	0.00131443	-11469.6
578	0.00131443	-11763.7
579	0.00131443	-11385.4
580	0.00131443	-10339
581	0.00131443	-10278.5
582	0.00131443	-12319.2
583	0.00131443	-10146.3
584	0.00131443	-10547.2
585	0.00131443	-10818.4
586	0.00131443	-11978.9
587	0.00131443	-12060.7
588	0.00131443	-12277.1
589	0.00131443	-11139.9
590	0.00131443	-10915.4
591	0.00131443	-11270.2
592	0.00131443	-10312.1
593	0.00131443	-11264.5
594	0.00131443	-11464.3
595	0.00131443	-10989.1
596	0.00131443	-11097.9
597	0.00131443	-10696.7
598	0.00131443	-10924.4
599	0.00131443	-10841.1
600	0.00131443	-10954
601	0.00131443	-11850
602	0.00131443	-13251.7
603	0.00131443	-12275.7
604	0.00131443	-11389.2
605	0.00131443	-10876.1
606	0.00131443	-11302.2
607	0.00131443	-10829
608	0.00131443	-12704.8
609	0.00131443	-12289.5
610	0.00131443	-11237.4
611	0.00131443	-10621.6
612	0.00131443	-10554.2
613	0.00131443	-10955
614	0.00131443	-10535.6
615	0.00131443	-11009.6
616	0.00131443	-10566.9
617	0.00131443	-11499.7
618	0.00131443	-11065.7
619	0.00131443	-10520.3
620	0.00131443	-10562.8
621	0.00131443	-11227
622	0.00131443	-10886.2
623	0.00131443	-11419.8
624	0.00131443	-11088.2
625	0.00131443	-10171
626	0.00131443	-9934
627	0.00131443	-11099.3
628	0.00131443	-10793
629	0.00131443	-11760.1
630	0.00131443	-11944.6
631	0.00131443	-11306.5
632	0.00131443	-10963.7
633	0.00131443	-11379
634	0.00131443	-11955.9
635	0.00131443	-12326.5
636	0.00131443	-11665
637	0.00131443	-11683.9
638	0.00131443	-11971.9
639	0.00131443	-13149.3
640	0.00131443	-11693.1
641	0.00131443	-11523.9
642	0.00131443	-11673.3
643	0.00131443	-13038.6
644	0.00131443	-12732.2
645	0.00131443	-11724.4
646	0.00131443	-11105
647	0.00131443	-11762
648	0.00131443	-12341.5
649	0.00131443	-10631.1
650	0.00131443	-11944.3
651	0.00131443	-11062.9
652	0.00131443	-10999.9
653	0.00131443	-12241.4
654	0.00131443	-12661.2
655	0.00131443	-12082.6
656	0.00131443	-11059.4
657	0.00131443	-11270.2
658	0.00131443	-10651.2
659	0.00131443	-13775.5
660	0.00131443	-11610
661	0.00131443	-11717.6
662	0.00131443	-11775.3
663	0.00131443	-11299
664	0.00131443	-11922.6
665	0.00131443	-11933.2
666	0.00131443	-13113.7
667	0.00131443	-11601.1
668	0.00131443	-11922.8
669	0.00131443	-12957
670	0.00131443	-12839.1
671	0.00131443	-12228.9
672	0.00131443	-11987.2
673	0.00131443	-10873.9
674	0.00131443	-12597.8
675	0.00131443	-11631.1
676	0.00131443	-12131.6
677	0.00131443	-13132.5
678	0.00131443	-12393.6
679	0.00131443	-11770.3
680	0.00131443	-11443.7
681	0.00131443	-10238
682	0.00131443	-10054.5
683	0.00131443	-11336.5
684	0.00131443	-10254.2
685	0.00131443	-10720.5
686	0.00131443	-10712.9
687	0.00131443	-10705.4
688	0.00131443	-11162.1
689	0.00131443	-9773.88
690	0.00131443	-10230.7
691	0.00131443	-11125
692	0.00131443	-11599.9
693	0.00131443	-11335.5
694	0.00131443	-11819.9
695	0.00131443	-13180.6
696	0.00131443	-12564.6
697	0.00131443	-12993.1
698	0.00131443	-12677.8
699	0.00131443	-13730.9
700	0.00131443	-12463.7
701	0.00131443	-11077.4
702	0.00131443	-10899.5
703	0.00131443	-11492.9
704	0.00131443	-12079.2
705	0.00131443	-9955.65
706	0.00131443	-12442.1
707	0.00131443	-13775
708	0.00131443	-11698.9
709	0.00131443	-12118.6
710	0.00131443	-11308.9
711	0.00131443	-10728.5
712	0.00131443	-11151.9
713	0.00131443	-11089.9
714	0.00131443	-10640.5
715	0.00131443	-11385.8
716	0.00131443	-11751.4
717	0.00131443	-10082.6
718	0.00131443	-10755.2
719	0.00131443	-10171.5
720	0.00131443	-9985.62
721	0.00131443	-11279.2
722	0.00131443	-12073.8
723	0.00131443	-11898.4
724	0.00131443	-12346.5
725	0.00131443	-10970.7
726	0.00131443	-12469.6
727	0.00131443	-11541.9
728	0.00131443	-11060.2
729	0.00131443	-10185.8
730	0.00131443	-10485.7
731	0.00131443	-9844.94
732	0.00131443	-12167.1
733	0.00131443	-10924.7
734	0.00131443	-11133.5
735	0.00131443	-9941.43
736	0.00131443	-11486.9
737	0.00131443	-11495.6
738	0.00131443	-12927
739	0.00131443	-12491
740	0.00131443	-10930
741	0.00131443	-11554.5
742	0.00131443	-10710.2
743	0.00131443	-10386.7
744	0.00131443	-11186.8
745	0.00131443	-11666.1
746	0.00131443	-11617.1
747	0.00131443	-10810.7
748	0.00131443	-10550.6
749	0.00131443	-11706.1
750	0.00131443	-10531.7
751	0.00131443	-11395.2
752	0.00131443	-10366.7
753	0.00131443	-10819.6
754	0.00131443	-10674.5
755	0.00131443	-10514
756	0.00131443	-10540.1
757	0.00131443	-10419.1
758	0.00131443	-11142.9
759	0.00131443	-10625.6
760	0.00131443	-10542.7
761	0.00131443	-10610.7
762	0.00131443	-12662.5
763	0.00131443	-10250.4
764	0.00131443	-10470.6
765	0.00131443	-9840.67
766	0.00131443	-10815.9
767	0.00131443	-10994.3
768	0.00131443	-12077.5
769	0.00131443	-11803.4
770	0.00131443	-11758.2
771	0.00131443	-10908.5
772	0.00131443	-11473.8
773	0.00131443	-10762.5
774	0.00131443	-11600.4
775	0.00131443	-11692
776	0.00131443	-11130.1
777	0.00131443	-13350.9
778	0.00131443	-11134.5
779	0.00131443	-12651.9
780	0.00131443	-13334.3
781	0.00131443	-11571.4
782	0.00131443	-10831.7
783	0.00131443	-10689.1
784	0.00131443	-11613.9
785	0.00131443	-10741.7
786	0.00131443	-11418.7
787	0.00131443	-11832.8
788	0.00131443	-11207.2
789	0.00131443	-10963.5
790	0.00131443	-10879
791	0.00131443	-11029.5
792	0.00131443	-13173.3
793	0.00131443	-12362.8
794	0.00131443	-10839.9
795	0.00131443	-9596.31
796	0.00131443	-11934.7
797	0.00131443	-10632.4
798	0.00131443	-11177.9
799	0.00131443	-10809.3
800	0.00131443	-11135.4
801	0.00131443	-11041.7
802	0.00131443	-10864.5
803	0.00131443	-11547.8
804	0.00131443	-12058.1
805	0.00131443	-11557.6
806	0.00131443	-11512
807	0.00131443	-12815.7
808	0.00131443	-11687.1
809	0.00131443	-11494.7
810	0.00131443	-11474.2
811	0.00131443	-11381.8
812	0.00131443	-12057.4
813	0.00131443	-10775.8
814	0.00131443	-11709.6
815	0.00131443	-10801.3
816	0.00131443	-11461.9
817	0.00131443	-11474
818	0.00131443	-10669.3
819	0.00131443	-10613.5
820	0.00131443	-12445.4
821	0.00131443	-13554.2
822	0.00131443	-13131.2
823	0.00131443	-10658.4
824	0.00131443	-10662.7
825	0.00131443	-11961.8
826	0.00131443	-12301.1
827	0.00131443	-11700.3
828	0.00131443	-13599.2
829	0.00131443	-12677.5
830	0.00131443	-11560.3
831	0.00131443	-11694
832	0.00131443	-11143.6
833	0.00131443	-11246.8
834	0.00131443	-11553
835	0.00131443	-10977.7
836	0.00131443	-9973.05
837	0.00131443	-10234.2
838	0.00131443	-12220
839	0.00131443	-11238.9
840	0.00131443	-11335
841	0.00131443	-12024.2
842	0.00131443	-11413.9
843	0.00131443	-12914.2
844	0.00131443	-13061.9
845	0.00131443	-11431
846	0.00131443	-11115.4
847	0.00131443	-10537.4
848	0.00131443	-10910.7
849	0.00131443	-11347.9
850	0.00131443	-11772.8
851	0.00131443	-11637
852	0.00131443	-11529.9
853	0.00131443	-10958.8
854	0.00131443	-11774.9
855	0.00131443	-11384.6
856	0.00131443	-11848.1
857	0.00131443	-11196.5
858	0.00131443	-11734.5
859	0.00131443	-11854
860	0.00131443	-11428.4
861	0.00131443	-12990.5
862	0.00131443	-12468.5
863	0.00131443	-10707.7
864	0.00131443	-12146
865	0.00131443	-12336.6
866	0.00131443	-11748.5
867	0.00131443	-10769.1
868	0.00131443	-10834.6
869	0.00131443	-10443
870	0.00131443	-10127.7
871	0.00131443	-10594.8
872	0.00131443	-10339.3
873	0.00131443	-10964.2
874	0.00131443	-10198.5
875	0.00131443	-12015.9
876	0.00131443	-12025.1
877	0.00131443	-11201.5
878	0.00131443	-11135.5
879	0.00131443	-12065
880	0.00131443	-11529.7
881	0.00131443	-11073
882	0.00131443	-11311.3
883	0.00131443	-11118.4
884	0.00131443	-10831.3
885	0.00131443	-11971.8
886	0.00131443	-11540.6
887	0.00131443	-10832.3
888	0.00131443	-11180.5
889	0.00131443	-10011.5
890	0.00131443	-10019.9
891	0.00131443	-11917.7
892	0.00131443	-11599.3
893	0.00131443	-11234.5
894	0.00131443	-11094.8
895	0.00131443	-11387.2
896	0.00131443	-11764.2
897	0.00131443	-10387.5
898	0.00131443	-10358.5
899	0.00131443	-11545.6
900	0.00131443	-11624.3
901	0.00131443	-9788.44
902	0.00131443	-9625.07
903	0.00131443	-10630.5
904	0.00131443	-11104.2
905	0.00131443	-10900.8
906	0.00131443	-10764.9
907	0.00131443	-10155.8
908	0.00131443	-11191.9
909	0.00131443	-11620.2
910	0.00131443	-11564.1
911	0.00131443	-12789.7
912	0.00131443	-10778.4
913	0.00131443	-10054.4
914	0.00131443	-11567.1
915	0.00131443	-12482.6
916	0.00131443	-12051.3
917	0.00131443	-10802
918	0.00131443	-11421.4
919	0.00131443	-10555.4
920	0.00131443	-11170.1
921	0.00131443	-10548.8
922	0.00131443	-10827.8
923	0.00131443	-11013.6
924	0.00131443	-14088.6
925	0.00131443	-15162.2
926	0.00131443	-11028.2
927	0.00131443	-10702.9
928	0.00131443	-12164.6
929	0.00131443	-10897.5
930	0.00131443	-10573.9
931	0.00131443	-10833.8
932	0.00131443	-10898.7
933	0.00131443	-10989.6
934	0.00131443	-10321.6
935	0.00131443	-11863.9
936	0.00131443	-11282
937	0.00131443	-11454.1
938	0.00131443	-11609.3
939	0.00131443	-13492
940	0.00131443	-12327.6
941	0.00131443	-12237.1
942	0.00131443	-11287.9
943	0.00131443	-11633.8
944	0.00131443	-10968
945	0.00131443	-10598.6
946	0.00131443	-11106.3
947	0.00131443	-11002.4
948	0.00131443	-11160.7
949	0.00131443	-10572.7
950	0.00131443	-10649.5
951	0.00131443	-11214.8
952	0.00131443	-11553.2
953	0.00131443	-11325.5
954	0.00131443	-12532.7
955	0.00131443	-12145.6
956	0.00131443	-11379.7
957	0.00131443	-13085.5
958	0.00131443	-13468.8
959	0.00131443	-13295.4
960	0.00131443	-12510.2
961	0.00131443	-11301.9
962	0.00131443	-10126.1
963	0.00131443	-10431.4
964	0.00131443	-13114.2
965	0.00131443	-11917.4
966	0.00131443	-12176.2
967	0.00131443	-12257
968	0.00131443	-10827.5
969	0.00131443	-11618.1
970	0.00131443	-11046.7
971	0.00131443	-10732.2
972	0.00131443	-12875.3
973	0.00131443	-13189.3
974	0.00131443	-12546.1
975	0.00131443	-12349.6
976	0.00131443	-13791
977	0.00131443	-13100.2
978	0.00131443	-12512.3
979	0.00131443	-13228.2
980	0.00131443	-11924.1
981	0.00131443	-10409.6
982	0.00131443	-10387.4
983	0.00131443	-10798.8
984	0.00131443	-11465.5
985	0.00131443	-10397.8
986	0.00131443	-10302.3
987	0.00131443	-10403.7
988	0.00131443	-10331
989	0.00131443	-11385.4
990	0.00131443	-10918.7
991	0.00131443	-12150.2
992	0.00131443	-11920.1
993	0.00131443	-11461.9
994	0.00131443	-13539
995	0.00131443	-11661.7
996	0.00131443	-10944.9
997	0.00131443	-11579.5
998	0.00131443	-11431.7
999	0.00131443	-11740
1000	0.00131443	-12099.6
251	0.000880898	-11239
252	0.000880898	-11613.6
253	0.000880898	-12101.7
254	0.000880898	-13756.2
255	0.000880898	-13490.7
256	0.000880898	-12562.4
257	0.000880898	-11227
258	0.000880898	-11628.3
259	0.000880898	-11797.8
260	0.000880898	-11112.8
261	0.000880898	-10836
262	0.000880898	-13232.4
263	0.000880898	-12077.3
264	0.000880898	-12036.1
265	0.000880898	-11192.2
266	0.000880898	-11392
267	0.000880898	-11360.5
268	0.000880898	-12224.2
269	0.000880898	-11871.1
270	0.000880898	-12399.1
271	0.000880898	-11121.8
272	0.000880898	-11482.7
273	0.000880898	-10515.6
274	0.000880898	-11368.7
275	0.000880898	-13634.8
276	0.000880898	-14222.6
277	0.000880898	-10974.9
278	0.000880898	-12344.5
279	0.000880898	-13101.5
280	0.000880898	-12419.7
281	0.000880898	-10810.9
282	0.000880898	-11671.6
283	0.000880898	-10451.4
284	0.000880898	-10683.2
285	0.000880898	-10508.2
286	0.000880898	-10087.6
287	0.000880898	-11537.7
288	0.000880898	-12191.6
289	0.000880898	-11773.8
290	0.000880898	-11695.9
291	0.000880898	-11304.3
292	0.000880898	-10951
293	0.000880898	-11428.9
294	0.000880898	-12240.7
295	0.000880898	-10940.2
296	0.000880898	-12204
297	0.000880898	-12402.3
298	0.000880898	-12316.3
299	0.000880898	-13238.8
300	0.000880898	-10709.3
301	0.000880898	-13017.7
302	0.000880898	-13034.3
303	0.000880898	-11562.3
304	0.000880898	-10875.1
305	0.000880898	-11304.2
306	0.000880898	-11606.3
307	0.000880898	-12074.7
308	0.000880898	-10945.1
309	0.000880898	-11563.1
310	0.000880898	-11277.3
311	0.000880898	-10413
312	0.000880898	-11561.4
313	0.000880898	-13451.7
314	0.000880898	-12693.9
315	0.000880898	-11169.8
316	0.000880898	-11265.4
317	0.000880898	-11390.3
318	0.000880898	-10933.3
319	0.000880898	-11095
320	0.000880898	-12718.4
321	0.000880898	-12335.8
322	0.000880898	-10372.8
323	0.000880898	-10550.6
324	0.000880898	-10586.3
325	0.000880898	-10719.2
326	0.000880898	-11716.9
327	0.000880898	-11049.7
328	0.000880898	-12321.7
329	0.000880898	-12918
330	0.000880898	-10909.4
331	0.000880898	-11799.9
332	0.000880898	-11268.8
333	0.000880898	-10911.4
334	0.000880898	-10651.1
335	0.000880898	-10078.5
336	0.000880898	-14159.3
337	0.000880898	-12853.6
338	0.000880898	-13125.3
339	0.000880898	-12695.9
340	0.000880898	-11349.3
341	0.000880898	-11727.2
342	0.000880898	-12754.1
343	0.000880898	-13065.5
344	0.000880898	-12078.1
345	0.000880898	-10398.3
346	0.000880898	-11205.5
347	0.000880898	-10819.1
348	0.000880898	-12463.6
349	0.000880898	-13670.1
350	0.000880898	-12942.7
351	0.000880898	-13121
352	0.000880898	-12379.7
353	0.000880898	-11255.7
354	0.000880898	-11199.9
355	0.000880898	-13128
356	0.000880898	-12704.9
357	0.000880898	-12967.3
358	0.000880898	-11011.4
359	0.000880898	-12093.6
360	0.000880898	-11725.6
361	0.000880898	-12136.5
362	0.000880898	-11578.3
363	0.000880898	-10947.3
364	0.000880898	-11614
365	0.000880898	-11066
366	0.000880898	-11933.7
367	0.000880898	-10063.6
368	0.000880898	-10554.2
369	0.000880898	-10857.3
370	0.000880898	-11575.7
371	0.000880898	-11169.4
372	0.000880898	-10834
373	0.000880898	-14256.5
374	0.000880898	-13528
375	0.000880898	-11966
376	0.000880898	-11216.3
377	0.000880898	-12150.9
378	0.000880898	-13558.6
379	0.000880898	-12579.8
380	0.000880898	-11792.5
381	0.000880898	-10619.8
382	0.000880898	-10531.9
383	0.000880898	-10378.1
384	0.000880898	-11132.8
385	0.000880898	-11490.1
386	0.000880898	-11555.4
387	0.000880898	-11802.1
388	0.000880898	-10880.6
389	0.000880898	-12031.3
390	0.000880898	-10997.8
391	0.000880898	-10998.8
392	0.000880898	-10384.7
393	0.000880898	-10853.7
394	0.000880898	-10866.1
395	0.000880898	-11520.5
396	0.000880898	-11286.6
397	0.000880898	-13538.8
398	0.000880898	-11539.6
399	0.000880898	-11875.3
400	0.000880898	-11441.2
401	0.000880898	-11131.9
402	0.000880898	-11567.1
403	0.000880898	-11431.1
404	0.000880898	-12386.7
405	0.000880898	-11796.5
406	0.000880898	-11621
407	0.000880898	-11765.8
408	0.000880898	-10671.9
409	0.000880898	-10728.8
410	0.000880898	-11691.4
411	0.000880898	-14061.2
412	0.000880898	-12822.3
413	0.000880898	-11811
414	0.000880898	-11473.7
415	0.000880898	-10423.3
416	0.000880898	-10427.5
417	0.000880898	-10993.7
418	0.000880898	-12272.2
419	0.000880898	-11704.4
420	0.000880898	-12552.5
421	0.000880898	-11644.3
422	0.000880898	-11683.9
423	0.000880898	-11198.1
424	0.000880898	-11638.4
425	0.000880898	-11391.8
426	0.000880898	-12050.6
427	0.000880898	-12199.7
428	0.000880898	-11816.4
429	0.000880898	-10940.5
430	0.000880898	-11127.4
431	0.000880898	-11765.7
432	0.000880898	-12555
433	0.000880898	-12057.8
434	0.000880898	-12141.3
435	0.000880898	-11246
436	0.000880898	-11243.4
437	0.000880898	-11555.6
438	0.000880898	-12669
439	0.000880898	-12000.3
440	0.000880898	-11796.7
441	0.000880898	-12497.8
442	0.000880898	-12131.3
443	0.000880898	-11238.7
444	0.000880898	-11169.3
445	0.000880898	-11886.4
446	0.000880898	-12803.1
447	0.000880898	-14921
448	0.000880898	-12660.8
449	0.000880898	-10376.4
450	0.000880898	-11518.8
451	0.000880898	-11412.9
452	0.000880898	-13881.1
453	0.000880898	-10540.3
454	0.000880898	-11215.5
455	0.000880898	-12578.3
456	0.000880898	-11549.6
457	0.000880898	-11142.3
458	0.000880898	-11167.9
459	0.000880898	-11785.1
460	0.000880898	-11342.4
461	0.000880898	-12330.3
462	0.000880898	-11498.8
463	0.000880898	-10924.4
464	0.000880898	-10841.9
465	0.000880898	-10647.8
466	0.000880898	-11358.6
467	0.000880898	-11615.5
468	0.000880898	-12113
469	0.000880898	-10356.5
470	0.000880898	-10763.7
471	0.000880898	-10977.9
472	0.000880898	-10747.3
473	0.000880898	-11778.2
474	0.000880898	-11812.3
475	0.000880898	-12186.2
476	0.000880898	-11507.4
477	0.000880898	-11936.8
478	0.000880898	-12624
479	0.000880898	-10709.9
480	0.000880898	-11340.9
481	0.000880898	-11397.9
482	0.000880898	-10778.4
483	0.000880898	-10497.7
484	0.000880898	-12191.6
485	0.000880898	-11435.1
486	0.000880898	-10934.9
487	0.000880898	-10524.2
488	0.000880898	-11284.8
489	0.000880898	-11912.2
490	0.000880898	-11873.2
491	0.000880898	-13299.6
492	0.000880898	-10859.1
493	0.000880898	-11363.9
494	0.000880898	-12623.6
495	0.000880898	-13201.4
496	0.000880898	-12657.5
497	0.000880898	-11466.3
498	0.000880898	-13031
499	0.000880898	-12386.5
500	0.000880898	-11118.6
501	0.000880898	-13311.8
502	0.000880898	-12266.1
503	0.000880898	-12434.7
504	0.000880898	-12094.3
505	0.000880898	-12241.7
506	0.000880898	-12129.7
507	0.000880898	-15172.1
508	0.000880898	-14617.8
509	0.000880898	-15174.7
510	0.000880898	-15743.6
511	0.000880898	-14156.9
512	0.000880898	-11096.5
513	0.000880898	-12065.2
514	0.000880898	-12357.4
515	0.000880898	-11651.2
516	0.000880898	-11413.2
517	0.000880898	-12294.6
518	0.000880898	-12229.1
519	0.000880898	-12571.7
520	0.000880898	-12440.4
521	0.000880898	-13503.3
522	0.000880898	-14324.9
523	0.000880898	-13056.8
524	0.000880898	-13213.2
525	0.000880898	-12196.8
526	0.000880898	-10776.7
527	0.000880898	-11620.5
528	0.000880898	-11321.8
529	0.000880898	-11375.8
530	0.000880898	-12654.9
531	0.000880898	-10847.5
532	0.000880898	-10681.4
533	0.000880898	-10225.1
534	0.000880898	-10951.2
535	0.000880898	-11666.4
536	0.000880898	-11160.9
537	0.000880898	-12172.8
538	0.000880898	-11933.3
539	0.000880898	-12988.9
540	0.000880898	-12455.3
541	0.000880898	-11609.7
542	0.000880898	-11453.3
543	0.000880898	-10811.7
544	0.000880898	-11521.1
545	0.000880898	-11322.7
546	0.000880898	-11340.5
547	0.000880898	-11273.9
548	0.000880898	-12830.1
549	0.000880898	-11668.1
550	0.000880898	-11834.3
551	0.000880898	-11484.2
552	0.000880898	-11864.1
553	0.000880898	-11317
554	0.000880898	-11723.8
555	0.000880898	-10785.7
556	0.000880898	-12567.1
557	0.000880898	-11777.7
558	0.000880898	-12183
559	0.000880898	-12037
560	0.000880898	-11169.7
561	0.000880898	-10718.8
562	0.000880898	-10557.8
563	0.000880898	-14429.4
564	0.000880898	-13089.8
565	0.000880898	-11770.5
566	0.000880898	-12714.9
567	0.000880898	-12394
568	0.000880898	-11717.2
569	0.000880898	-12148.4
570	0.000880898	-12269.5
571	0.000880898	-15315.8
572	0.000880898	-13613.3
573	0.000880898	-13074.5
574	0.000880898	-14097.1
575	0.000880898	-11604.7
576	0.000880898	-12444
577	0.000880898	-13391.4
578	0.000880898	-10908.7
579	0.000880898	-11839.1
580	0.000880898	-11461.5
581	0.000880898	-12698.1
582	0.000880898	-11772
583	0.000880898	-12359.3
584	0.000880898	-13103.9
585	0.000880898	-11954.4
586	0.000880898	-10354.6
587	0.000880898	-11744
588	0.000880898	-11413
589	0.000880898	-10802.2
590	0.000880898	-11010.5
591	0.000880898	-10216.9
592	0.000880898	-11317.2
593	0.000880898	-12494.5
594	0.000880898	-12118.6
595	0.000880898	-12072.2
596	0.000880898	-12591.1
597	0.000880898	-12597.7
598	0.000880898	-10996.2
599	0.000880898	-13991.8
600	0.000880898	-11704.6
601	0.000880898	-11565.7
602	0.000880898	-11964
603	0.000880898	-11369.1
604	0.000880898	-11966.8
605	0.000880898	-11914.8
606	0.000880898	-10915.5
607	0.000880898	-11329.4
608	0.000880898	-11342.6
609	0.000880898	-11829.3
610	0.000880898	-11239.1
611	0.000880898	-10832.6
612	0.000880898	-12728.6
613	0.000880898	-11514
614	0.000880898	-14567.9
615	0.000880898	-13739.7
616	0.000880898	-11953.8
617	0.000880898	-11049.9
618	0.000880898	-10959.2
619	0.000880898	-12057.8
620	0.000880898	-12806.6
621	0.000880898	-12516.7
622	0.000880898	-13589.8
623	0.000880898	-12719
624	0.000880898	-13286.8
625	0.000880898	-11444.8
626	0.000880898	-11853.1
627	0.000880898	-11645
628	0.000880898	-11880
629	0.000880898	-13881.9
630	0.000880898	-11653.2
631	0.000880898	-10589.7
632	0.000880898	-10917.9
633	0.000880898	-11712.9
634	0.000880898	-12404.7
635	0.000880898	-12579.6
636	0.000880898	-10683.1
637	0.000880898	-10944.6
638	0.000880898	-10737.1
639	0.000880898	-11620.7
640	0.000880898	-12159.3
641	0.000880898	-12965.8
642	0.000880898	-11068.9
643	0.000880898	-13120.2
644	0.000880898	-12470.3
645	0.000880898	-11415.3
646	0.000880898	-11727.3
647	0.000880898	-12037.6
648	0.000880898	-11444.9
649	0.000880898	-10923.7
650	0.000880898	-11285
651	0.000880898	-10797.7
652	0.000880898	-9936.62
653	0.000880898	-11042
654	0.000880898	-10739.6
655	0.000880898	-11952.9
656	0.000880898	-11591.3
657	0.000880898	-13340.3
658	0.000880898	-10805.9
659	0.000880898	-11091.6
660	0.000880898	-10944.8
661	0.000880898	-10647.5
662	0.000880898	-11248.2
663	0.000880898	-11309.4
664	0.000880898	-12032.7
665	0.000880898	-12047.2
666	0.000880898	-11528
667	0.000880898	-11817.5
668	0.000880898	-13484.8
669	0.000880898	-11948.6
670	0.000880898	-11489.1
671	0.000880898	-11800.9
672	0.000880898	-11099.5
673	0.000880898	-11174.9
674	0.000880898	-11614.8
675	0.000880898	-10706.1
676	0.000880898	-11370.1
677	0.000880898	-11271.4
678	0.000880898	-11570.7
679	0.000880898	-12110
680	0.000880898	-13215.5
681	0.000880898	-12354.2
682	0.000880898	-11651.4
683	0.000880898	-11367.6
684	0.000880898	-12217
685	0.000880898	-11151.6
686	0.000880898	-12215.9
687	0.000880898	-11434
688	0.000880898	-12771.3
689	0.000880898	-12386
690	0.000880898	-11690.7
691	0.000880898	-11701.9
692	0.000880898	-12291.3
693	0.000880898	-11939
694	0.000880898	-12117.5
695	0.000880898	-11444.6
696	0.000880898	-12717.9
697	0.000880898	-11846.6
698	0.000880898	-11717.3
699	0.000880898	-10468.8
700	0.000880898	-11908.5
701	0.000880898	-11104.1
702	0.000880898	-10913.8
703	0.000880898	-11375.3
704	0.000880898	-10729.5
705	0.000880898	-10814
706	0.000880898	-12199.9
707	0.000880898	-12035.5
708	0.000880898	-12828.1
709	0.000880898	-15004.6
710	0.000880898	-13311.9
711	0.000880898	-12993
712	0.000880898	-11257.6
713	0.000880898	-11831.4
714	0.000880898	-10148.5
715	0.000880898	-10846.6
716	0.000880898	-10900.3
717	0.000880898	-10397.3
718	0.000880898	-10429.5
719	0.000880898	-11737.3
720	0.000880898	-11443.7
721	0.000880898	-12514.6
722	0.000880898	-11342
723	0.000880898	-10807.8
724	0.000880898	-12107.8
725	0.000880898	-11683.9
726	0.000880898	-13487.1
727	0.000880898	-11806.7
728	0.000880898	-10631.9
729	0.000880898	-12795.9
730	0.000880898	-10428.1
731	0.000880898	-11017.7
732	0.000880898	-13013.4
733	0.000880898	-11935.4
734	0.000880898	-11967.3
735	0.000880898	-11396
736	0.000880898	-12361.3
737	0.000880898	-11914.2
738	0.000880898	-12103.6
739	0.000880898	-12665.6
740	0.000880898	-12767.5
741	0.000880898	-12886
742	0.000880898	-11891.9
743	0.000880898	-11598.6
744	0.000880898	-12183.8
745	0.000880898	-11557.4
746	0.000880898	-11294.2
747	0.000880898	-13416.4
748	0.000880898	-13673.9
749	0.000880898	-12494
750	0.000880898	-11652.9
751	0.000880898	-12112.6
752	0.000880898	-12593.2
753	0.000880898	-12410.2
754	0.000880898	-11409.3
755	0.000880898	-12842.3
756	0.000880898	-11340.5
757	0.000880898	-12338.9
758	0.000880898	-12181.7
759	0.000880898	-12183.5
760	0.000880898	-13008.6
761	0.000880898	-11878.2
762	0.000880898	-12955.2
763	0.000880898	-11640.9
764	0.000880898	-11236.2
765	0.000880898	-11140.4
766	0.000880898	-11490.1
767	0.000880898	-12258
768	0.000880898	-11647.7
769	0.000880898	-12432.7
770	0.000880898	-12154.4
771	0.000880898	-11437
772	0.000880898	-11421.3
773	0.000880898	-11430.6
774	0.000880898	-11474.1
775	0.000880898	-11003.8
776	0.000880898	-11753.7
777	0.000880898	-11959.8
778	0.000880898	-11770.9
779	0.000880898	-10620.2
780	0.000880898	-10886.3
781	0.000880898	-10559.3
782	0.000880898	-11800.4
783	0.000880898	-11292.4
784	0.000880898	-10803.6
785	0.000880898	-10662
786	0.000880898	-10691.2
787	0.000880898	-11559.9
788	0.000880898	-11860.4
789	0.000880898	-11926
790	0.000880898	-14896.3
791	0.000880898	-12927.3
792	0.000880898	-11960.4
793	0.000880898	-11539.2
794	0.000880898	-11114.9
795	0.000880898	-11797.7
796	0.000880898	-12038.5
797	0.000880898	-12123.5
798	0.000880898	-11509.5
799	0.000880898	-10924.9
800	0.000880898	-11764
801	0.000880898	-11709.4
802	0.000880898	-13268.1
803	0.000880898	-12392.5
804	0.000880898	-11332.2
805	0.000880898	-11759.8
806	0.000880898	-11914.8
807	0.000880898	-10657.5
808	0.000880898	-10180.6
809	0.000880898	-10945.7
810	0.000880898	-11368.5
811	0.000880898	-10141.3
812	0.000880898	-10794.8
813	0.000880898	-10751.1
814	0.000880898	-11277.6
815	0.000880898	-11528.5
816	0.000880898	-11221.9
817	0.000880898	-11929.8
818	0.000880898	-11154.5
819	0.000880898	-12273.9
820	0.000880898	-10622.5
821	0.000880898	-12510.1
822	0.000880898	-12542.6
823	0.000880898	-12934.9
824	0.000880898	-13845.3
825	0.000880898	-11041.1
826	0.000880898	-11209.7
827	0.000880898	-10727.3
828	0.000880898	-11688.7
829	0.000880898	-10777
830	0.000880898	-10838.3
831	0.000880898	-10573.7
832	0.000880898	-11934.2
833	0.000880898	-11283.8
834	0.000880898	-11783.6
835	0.000880898	-11933.7
836	0.000880898	-12116.7
837	0.000880898	-11925.5
838	0.000880898	-11373.7
839	0.000880898	-10321
840	0.000880898	-10921.2
841	0.000880898	-12133.3
842	0.000880898	-11304.1
843	0.000880898	-12358.9
844	0.000880898	-14452.4
845	0.000880898	-12415.5
846	0.000880898	-12929.5
847	0.000880898	-12464.7
848	0.000880898	-11224.6
849	0.000880898	-11641.1
850	0.000880898	-11494.3
851	0.000880898	-11866.6
852	0.000880898	-11986.9
853	0.000880898	-10637.3
854	0.000880898	-10985.3
855	0.000880898	-11355.9
856	0.000880898	-11156.2
857	0.000880898	-13025.1
858	0.000880898	-11335.3
859	0.000880898	-11087.9
860	0.000880898	-11284.3
861	0.000880898	-11531.3
862	0.000880898	-11939.4
863	0.000880898	-11052.5
864	0.000880898	-11653.4
865	0.000880898	-11676.1
866	0.000880898	-10978.5
867	0.000880898	-10865
868	0.000880898	-11161.3
869	0.000880898	-14310.1
870	0.000880898	-12885.6
871	0.000880898	-11826.2
872	0.000880898	-12327.4
873	0.000880898	-11040
874	0.000880898	-10971.1
875	0.000880898	-10973.4
876	0.000880898	-10941.2
877	0.000880898	-12448.6
878	0.000880898	-11649.6
879	0.000880898	-12076.1
880	0.000880898	-13120.5
881	0.000880898	-14313.3
882	0.000880898	-13542.7
883	0.000880898	-12709.5
884	0.000880898	-11740.7
885	0.000880898	-11757.1
886	0.000880898	-11842.2
887	0.000880898	-11601
888	0.000880898	-11458.6
889	0.000880898	-10662.2
890	0.000880898	-10665.2
891	0.000880898	-11769.1
892	0.000880898	-11298.5
893	0.000880898	-11696.2
894	0.000880898	-12255.7
895	0.000880898	-11090.3
896	0.000880898	-11693.9
897	0.000880898	-12180
898	0.000880898	-11702.6
899	0.000880898	-12371.2
900	0.000880898	-13011.9
901	0.000880898	-12076.1
902	0.000880898	-12185.5
903	0.000880898	-11253.1
904	0.000880898	-10829.6
905	0.000880898	-11032.4
906	0.000880898	-10219.5
907	0.000880898	-10657.9
908	0.000880898	-10023.2
909	0.000880898	-11262.6
910	0.000880898	-11720.6
911	0.000880898	-10003.3
912	0.000880898	-10714
913	0.000880898	-10536.1
914	0.000880898	-10288.2
915	0.000880898	-9828.24
916	0.000880898	-10423.1
917	0.000880898	-11975.3
918	0.000880898	-13352
919	0.000880898	-11424
920	0.000880898	-12166.8
921	0.000880898	-12019.6
922	0.000880898	-13404.4
923	0.000880898	-12681.7
924	0.000880898	-11291.4
925	0.000880898	-11606.4
926	0.000880898	-11640.3
927	0.000880898	-11751.1
928	0.000880898	-11226.1
929	0.000880898	-10669.6
930	0.000880898	-11027.8
931	0.000880898	-11339.9
932	0.000880898	-11941.9
933	0.000880898	-10713.5
934	0.000880898	-11116
935	0.000880898	-10097.1
936	0.000880898	-10427.3
937	0.000880898	-11912.8
938	0.000880898	-12123.5
939	0.000880898	-10624.2
940	0.000880898	-11589.7
941	0.000880898	-12486.4
942	0.000880898	-11401.9
943	0.000880898	-10721.7
944	0.000880898	-12051.9
945	0.000880898	-10842.9
946	0.000880898	-10579.7
947	0.000880898	-12307.1
948	0.000880898	-13766
949	0.000880898	-12112.4
950	0.000880898	-10580.7
951	0.000880898	-11388.7
952	0.000880898	-10753.5
953	0.000880898	-11379.2
954	0.000880898	-11394.9
955	0.000880898	-11878.9
956	0.000880898	-11718.7
957	0.000880898	-12320.5
958	0.000880898	-12586.8
959	0.000880898	-11538
960	0.000880898	-12107.2
961	0.000880898	-11747.1
962	0.000880898	-11027.9
963	0.000880898	-11548.7
964	0.000880898	-10603
965	0.000880898	-11573.2
966	0.000880898	-11360.1
967	0.000880898	-10183.6
968	0.000880898	-11284.3
969	0.000880898	-11133.5
970	0.000880898	-11349
971	0.000880898	-12400.9
972	0.000880898	-11710.2
973	0.000880898	-11288.1
974	0.000880898	-14659.5
975	0.000880898	-11581.9
976	0.000880898	-11671.1
977	0.000880898	-12599.6
978	0.000880898	-12114.6
979	0.000880898	-12548.4
980	0.000880898	-12608.8
981	0.000880898	-11669.8
982	0.000880898	-11655
983	0.000880898	-12202.4
984	0.000880898	-10946
985	0.000880898	-10661.3
986	0.000880898	-11268.1
987	0.000880898	-10915.3
988	0.000880898	-12562.6
989	0.000880898	-12448.1
990	0.000880898	-11436
991	0.000880898	-12299.1
992	0.000880898	-12207.3
993	0.000880898	-11384.3
994	0.000880898	-10730
995	0.000880898	-9617.15
996	0.000880898	-12517.2
997	0.000880898	-12654.4
998	0.000880898	-12203
999	0.000880898	-10846
1000	0.000880898	-11179.1
251	0.000570142	-12344.2
252	0.000570142	-12524.4
253	0.000570142	-11155.3
254	0.000570142	-11690.2
255	0.000570142	-12197.1
256	0.000570142	-13276.6
257	0.000570142	-12169
258	0.000570142	-12548.4
259	0.000570142	-12966.8
260	0.000570142	-12391.1
261	0.000570142	-11408.8
262	0.000570142	-11703.1
263	0.000570142	-12013.1
264	0.000570142	-11715.7
265	0.000570142	-12536
266	0.000570142	-11824.4
267	0.000570142	-11288.6
268	0.000570142	-14494.1
269	0.000570142	-12474.2
270	0.000570142	-11099.5
271	0.000570142	-10765.6
272	0.000570142	-11239.9
273	0.000570142	-13455.2
274	0.000570142	-12736.9
275	0.000570142	-13277.8
276	0.000570142	-12530.2
277	0.000570142	-12506.8
278	0.000570142	-14738.6
279	0.000570142	-12867.6
280	0.000570142	-11595.8
281	0.000570142	-11155.1
282	0.000570142	-11147.3
283	0.000570142	-11569.8
284	0.000570142	-13233.6
285	0.000570142	-11560.6
286	0.000570142	-11200.8
287	0.000570142	-11945.2
288	0.000570142	-11384.4
289	0.000570142	-12408.9
290	0.000570142	-14457.6
291	0.000570142	-12864
292	0.000570142	-11021.7
293	0.000570142	-11518.5
294	0.000570142	-10343.5
295	0.000570142	-12908
296	0.000570142	-11863.8
297	0.000570142	-10963.7
298	0.000570142	-11372.6
299	0.000570142	-11761.5
300	0.000570142	-12352.9
301	0.000570142	-11673.8
302	0.000570142	-11447.9
303	0.000570142	-12495.7
304	0.000570142	-10510.1
305	0.000570142	-11473.3
306	0.000570142	-11208.8
307	0.000570142	-11862.1
308	0.000570142	-11699.2
309	0.000570142	-10922.4
310	0.000570142	-11198.3
311	0.000570142	-10962.6
312	0.000570142	-10785
313	0.000570142	-11677.2
314	0.000570142	-11902.1
315	0.000570142	-11540.3
316	0.000570142	-10896.9
317	0.000570142	-12804.5
318	0.000570142	-11905.8
319	0.000570142	-13941.1
320	0.000570142	-12849.2
321	0.000570142	-12075.6
322	0.000570142	-12477.9
323	0.000570142	-15510.5
324	0.000570142	-13435.3
325	0.000570142	-12263.7
326	0.000570142	-12061
327	0.000570142	-12005
328	0.000570142	-11773.1
329	0.000570142	-12300.5
330	0.000570142	-12178.8
331	0.000570142	-12345.3
332	0.000570142	-10893.1
333	0.000570142	-12129.8
334	0.000570142	-10896.4
335	0.000570142	-12535.3
336	0.000570142	-11323.7
337	0.000570142	-10675.4
338	0.000570142	-12315.6
339	0.000570142	-16426.8
340	0.000570142	-14223
341	0.000570142	-11354.3
342	0.000570142	-11979.3
343	0.000570142	-11528.9
344	0.000570142	-12848.2
345	0.000570142	-13833.2
346	0.000570142	-10397.3
347	0.000570142	-10979.7
348	0.000570142	-10764.2
349	0.000570142	-10412.4
350	0.000570142	-10112
351	0.000570142	-11202.8
352	0.000570142	-11143
353	0.000570142	-10895.6
354	0.000570142	-11432.9
355	0.000570142	-11184.9
356	0.000570142	-10280.4
357	0.000570142	-11740.2
358	0.000570142	-14129.7
359	0.000570142	-12451.9
360	0.000570142	-12411.6
361	0.000570142	-11569.4
362	0.000570142	-15139.3
363	0.000570142	-13937
364	0.000570142	-13328.6
365	0.000570142	-11721.2
366	0.000570142	-10962.6
367	0.000570142	-12235.9
368	0.000570142	-11675.7
369	0.000570142	-10916.4
370	0.000570142	-11255.7
371	0.000570142	-10125.1
372	0.000570142	-10267
373	0.000570142	-10684.8
374	0.000570142	-11744.9
375	0.000570142	-11917.8
376	0.000570142	-11383.4
377	0.000570142	-11594.4
378	0.000570142	-13954.1
379	0.000570142	-13528.3
380	0.000570142	-13990
381	0.000570142	-12539.2
382	0.000570142	-12075.4
383	0.000570142	-13544.6
384	0.000570142	-12728.5
385	0.000570142	-13328.3
386	0.000570142	-13452.3
387	0.000570142	-12975.1
388	0.000570142	-12287.9
389	0.000570142	-10995.6
390	0.000570142	-12220.2
391	0.000570142	-11403.9
392	0.000570142	-11237.2
393	0.000570142	-11487.6
394	0.000570142	-14617.1
395	0.000570142	-12605.5
396	0.000570142	-11506.9
397	0.000570142	-10677.5
398	0.000570142	-9496.2
399	0.000570142	-11037.7
400	0.000570142	-12143.7
401	0.000570142	-13292.3
402	0.000570142	-11129.3
403	0.000570142	-11061.1
404	0.000570142	-11993.6
405	0.000570142	-11578
406	0.000570142	-11941.2
407	0.000570142	-11125.7
408	0.000570142	-12444.4
409	0.000570142	-10545.6
410	0.000570142	-11762.6
411	0.000570142	-10450.3
412	0.000570142	-11484.3
413	0.000570142	-10296.4
414	0.000570142	-11523.1
415	0.000570142	-11951.8
416	0.000570142	-12811.5
417	0.000570142	-11741
418	0.000570142	-12416.7
419	0.000570142	-12746.9
420	0.000570142	-12990.3
421	0.000570142	-12511.7
422	0.000570142	-12560.5
423	0.000570142	-12661.1
424	0.000570142	-11057.2
425	0.000570142	-12571.1
426	0.000570142	-11784.1
427	0.000570142	-12188.9
428	0.000570142	-12222.7
429	0.000570142	-10816.2
430	0.000570142	-12341.7
431	0.000570142	-11923.7
432	0.000570142	-13040
433	0.000570142	-12968.4
434	0.000570142	-12769.6
435	0.000570142	-11244.4
436	0.000570142	-11503.5
437	0.000570142	-11915.5
438	0.000570142	-10795.4
439	0.000570142	-10290.5
440	0.000570142	-11849.5
441	0.000570142	-11210.1
442	0.000570142	-13284.5
443	0.000570142	-11524.6
444	0.000570142	-12738.3
445	0.000570142	-14977.4
446	0.000570142	-13939.2
447	0.000570142	-13629.3
448	0.000570142	-13491.9
449	0.000570142	-12666.5
450	0.000570142	-12667.2
451	0.000570142	-14404.4
452	0.000570142	-12556.9
453	0.000570142	-13282.5
454	0.000570142	-13287.6
455	0.000570142	-13739.5
456	0.000570142	-12154.8
457	0.000570142	-11439.3
458	0.000570142	-11404.4
459	0.000570142	-11854.5
460	0.000570142	-11872.1
461	0.000570142	-11374.3
462	0.000570142	-13608.8
463	0.000570142	-10999.6
464	0.000570142	-12057.7
465	0.000570142	-11600.8
466	0.000570142	-12513
467	0.000570142	-12992.3
468	0.000570142	-11741.1
469	0.000570142	-11309.6
470	0.000570142	-12220
471	0.000570142	-12801.4
472	0.000570142	-12646.7
473	0.000570142	-11810.2
474	0.000570142	-12899.8
475	0.000570142	-13414.7
476	0.000570142	-12627.4
477	0.000570142	-12535.2
478	0.000570142	-13132.3
479	0.000570142	-12726.4
480	0.000570142	-11934.8
481	0.000570142	-12487.5
482	0.000570142	-13318.2
483	0.000570142	-11663
484	0.000570142	-10805.9
485	0.000570142	-12109
486	0.000570142	-11783.7
487	0.000570142	-12727.6
488	0.000570142	-11574.9
489	0.000570142	-11147.5
490	0.000570142	-12281.2
491	0.000570142	-11246
492	0.000570142	-13163.1
493	0.000570142	-11947.3
494	0.000570142	-11761.1
495	0.000570142	-12077
496	0.000570142	-13302.8
497	0.000570142	-12042.2
498	0.000570142	-11421.7
499	0.000570142	-9504.93
500	0.000570142	-10053.8
501	0.000570142	-12078.3
502	0.000570142	-11563.6
503	0.000570142	-12873.2
504	0.000570142	-12868.9
505	0.000570142	-10500.4
506	0.000570142	-12057.1
507	0.000570142	-12186.7
508	0.000570142	-13394.4
509	0.000570142	-11790.8
510	0.000570142	-12886.6
511	0.000570142	-11413.2
512	0.000570142	-11607.3
513	0.000570142	-11194.8
514	0.000570142	-11661.7
515	0.000570142	-12405.9
516	0.000570142	-10692.6
517	0.000570142	-11268.6
518	0.000570142	-11466.3
519	0.000570142	-11465
520	0.000570142	-12043.5
521	0.000570142	-13075.4
522	0.000570142	-11947.9
523	0.000570142	-12729.2
524	0.000570142	-12167.9
525	0.000570142	-12203.3
526	0.000570142	-13909
527	0.000570142	-12206.9
528	0.000570142	-12469.6
529	0.000570142	-11404.6
530	0.000570142	-10281
531	0.000570142	-10622.6
532	0.000570142	-12462
533	0.000570142	-13123.8
534	0.000570142	-12801.5
535	0.000570142	-14085.7
536	0.000570142	-11672.2
537	0.000570142	-13710.4
538	0.000570142	-15731
539	0.000570142	-13833.8
540	0.000570142	-11300
541	0.000570142	-11776.3
542	0.000570142	-11172.1
543	0.000570142	-15210.8
544	0.000570142	-13479.6
545	0.000570142	-11818.2
546	0.000570142	-11571.8
547	0.000570142	-10922.5
548	0.000570142	-12594.2
549	0.000570142	-14703.7
550	0.000570142	-14091.7
551	0.000570142	-13846.3
552	0.000570142	-13486.2
553	0.000570142	-12810.4
554	0.000570142	-13519.7
555	0.000570142	-11375.1
556	0.000570142	-11932.6
557	0.000570142	-11107.5
558	0.000570142	-11367.2
559	0.000570142	-11054.5
560	0.000570142	-11228
561	0.000570142	-13068.1
562	0.000570142	-10833
563	0.000570142	-11009.4
564	0.000570142	-11593.2
565	0.000570142	-11596.5
566	0.000570142	-11433.5
567	0.000570142	-10322.8
568	0.000570142	-10209.3
569	0.000570142	-11389.4
570	0.000570142	-10620.2
571	0.000570142	-12693.7
572	0.000570142	-10341.6
573	0.000570142	-10381.6
574	0.000570142	-12509.5
575	0.000570142	-11929.9
576	0.000570142	-11381.5
577	0.000570142	-13094
578	0.000570142	-12908.6
579	0.000570142	-12690.6
580	0.000570142	-11774.9
581	0.000570142	-12690.6
582	0.000570142	-10722.6
583	0.000570142	-11707.4
584	0.000570142	-12712.7
585	0.000570142	-12747.7
586	0.000570142	-12631.7
587	0.000570142	-11986.9
588	0.000570142	-13389.8
589	0.000570142	-12503.2
590	0.000570142	-12071.4
591	0.000570142	-11616.3
592	0.000570142	-10844.1
593	0.000570142	-10931.5
594	0.000570142	-14108.9
595	0.000570142	-11859.5
596	0.000570142	-13633.3
597	0.000570142	-11948.7
598	0.000570142	-13236.2
599	0.000570142	-11823.2
600	0.000570142	-14373.6
601	0.000570142	-12240.8
602	0.000570142	-11765.2
603	0.000570142	-11340.9
604	0.000570142	-10957.2
605	0.000570142	-11422.1
606	0.000570142	-13320.9
607	0.000570142	-13287.7
608	0.000570142	-12333.9
609	0.000570142	-11996.5
610	0.000570142	-11801.6
611	0.000570142	-11903.3
612	0.000570142	-13072.5
613	0.000570142	-12372.8
614	0.000570142	-13168.6
615	0.000570142	-13384.2
616	0.000570142	-11403.7
617	0.000570142	-14048.3
618	0.000570142	-16486
619	0.000570142	-14875.2
620	0.000570142	-14815.9
621	0.000570142	-13358
622	0.000570142	-12326.4
623	0.000570142	-12031.4
624	0.000570142	-12333.1
625	0.000570142	-14732
626	0.000570142	-14549.9
627	0.000570142	-15654.9
628	0.000570142	-12808.4
629	0.000570142	-12557.2
630	0.000570142	-12221.5
631	0.000570142	-13161.8
632	0.000570142	-11407.8
633	0.000570142	-12476
634	0.000570142	-12177.4
635	0.000570142	-12205.4
636	0.000570142	-13727
637	0.000570142	-13424
638	0.000570142	-15696.3
639	0.000570142	-14406.4
640	0.000570142	-14210.4
641	0.000570142	-11939.8
642	0.000570142	-11721.1
643	0.000570142	-11318.2
644	0.000570142	-11192.2
645	0.000570142	-12809.3
646	0.000570142	-12273.3
647	0.000570142	-11926.5
648	0.000570142	-12297.7
649	0.000570142	-10929.9
650	0.000570142	-10839.9
651	0.000570142	-11863.6
652	0.000570142	-10984.8
653	0.000570142	-11118.2
654	0.000570142	-11455.7
655	0.000570142	-11527.1
656	0.000570142	-10506.2
657	0.000570142	-10421
658	0.000570142	-11135.5
659	0.000570142	-11590.3
660	0.000570142	-13777.7
661	0.000570142	-13045.6
662	0.000570142	-12355.4
663	0.000570142	-13373.3
664	0.000570142	-11376.2
665	0.000570142	-12886.7
666	0.000570142	-12055.3
667	0.000570142	-10966.2
668	0.000570142	-10480.5
669	0.000570142	-11583.1
670	0.000570142	-12938.1
671	0.000570142	-12719.4
672	0.000570142	-13099
673	0.000570142	-10906.1
674	0.000570142	-11609.8
675	0.000570142	-12133.5
676	0.000570142	-13849.1
677	0.000570142	-13104.9
678	0.000570142	-13854.1
679	0.000570142	-11498.5
680	0.000570142	-13046
681	0.000570142	-13633.6
682	0.000570142	-11542.2
683	0.000570142	-12578.9
684	0.000570142	-12466.6
685	0.000570142	-13901.2
686	0.000570142	-14348.1
687	0.000570142	-14124.3
688	0.000570142	-13949.6
689	0.000570142	-16408.1
690	0.000570142	-13804.2
691	0.000570142	-11619.6
692	0.000570142	-10727.9
693	0.000570142	-10567.8
694	0.000570142	-11424
695	0.000570142	-12200.6
696	0.000570142	-11655.3
697	0.000570142	-13201.3
698	0.000570142	-11014.7
699	0.000570142	-10572.1
700	0.000570142	-12464.5
701	0.000570142	-12245.2
702	0.000570142	-13367.3
703	0.000570142	-10945.2
704	0.000570142	-13952.6
705	0.000570142	-11784.4
706	0.000570142	-12207.9
707	0.000570142	-12129.5
708	0.000570142	-11168.1
709	0.000570142	-11871.7
710	0.000570142	-11648.6
711	0.000570142	-13247.2
712	0.000570142	-11893.5
713	0.000570142	-13273.5
714	0.000570142	-11509.5
715	0.000570142	-12053.6
716	0.000570142	-12483.1
717	0.000570142	-11766.9
718	0.000570142	-12761.7
719	0.000570142	-12542.3
720	0.000570142	-12188.3
721	0.000570142	-13951
722	0.000570142	-14789.4
723	0.000570142	-12984.6
724	0.000570142	-13315.4
725	0.000570142	-11777.8
726	0.000570142	-11751.3
727	0.000570142	-12593.8
728	0.000570142	-12873.6
729	0.000570142	-11525.6
730	0.000570142	-13018.2
731	0.000570142	-13291.8
732	0.000570142	-13984.7
733	0.000570142	-13350.2
734	0.000570142	-12019.7
735	0.000570142	-10881.5
736	0.000570142	-11039.8
737	0.000570142	-11799.9
738	0.000570142	-12018.8
739	0.000570142	-12486.5
740	0.000570142	-11444.4
741	0.000570142	-10616.8
742	0.000570142	-10658.9
743	0.000570142	-11846.9
744	0.000570142	-12765.8
745	0.000570142	-14162.8
746	0.000570142	-13245.4
747	0.000570142	-11391.1
748	0.000570142	-13299.1
749	0.000570142	-12473.2
750	0.000570142	-12522.4
751	0.000570142	-13794.5
752	0.000570142	-12994.6
753	0.000570142	-14617.6
754	0.000570142	-12602.1
755	0.000570142	-12684.2
756	0.000570142	-11859.1
757	0.000570142	-15231.3
758	0.000570142	-12912.1
759	0.000570142	-10994.2
760	0.000570142	-11617.8
761	0.000570142	-10154.6
762	0.000570142	-11024.8
763	0.000570142	-11020.7
764	0.000570142	-11917.1
765	0.000570142	-12444
766	0.000570142	-12153.4
767	0.000570142	-11441.7
768	0.000570142	-12037.3
769	0.000570142	-11719
770	0.000570142	-12102.8
771	0.000570142	-12347.1
772	0.000570142	-13154.6
773	0.000570142	-12409.7
774	0.000570142	-11296.8
775	0.000570142	-12130.4
776	0.000570142	-10836.8
777	0.000570142	-9847.59
778	0.000570142	-9948.21
779	0.000570142	-10246.5
780	0.000570142	-10791.2
781	0.000570142	-11487.5
782	0.000570142	-11908
783	0.000570142	-12131.9
784	0.000570142	-10368.9
785	0.000570142	-11432.2
786	0.000570142	-11407
787	0.000570142	-13119.7
788	0.000570142	-12753.1
789	0.000570142	-12777.9
790	0.000570142	-11009.7
791	0.000570142	-10934.3
792	0.000570142	-10943.5
793	0.000570142	-12699.2
794	0.000570142	-12038
795	0.000570142	-12888.6
796	0.000570142	-12331
797	0.000570142	-12668.2
798	0.000570142	-12630.5
799	0.000570142	-10900.5
800	0.000570142	-10278.7
801	0.000570142	-10350.8
802	0.000570142	-13019
803	0.000570142	-10994.8
804	0.000570142	-11207.9
805	0.000570142	-11363
806	0.000570142	-15199.1
807	0.000570142	-10282.6
808	0.000570142	-13011.4
809	0.000570142	-10978.3
810	0.000570142	-14597.6
811	0.000570142	-14432.7
812	0.000570142	-12763.8
813	0.000570142	-11367.9
814	0.000570142	-14440
815	0.000570142	-12976.4
816	0.000570142	-13124.8
817	0.000570142	-11611.2
818	0.000570142	-10225.4
819	0.000570142	-12772.2
820	0.000570142	-13981.2
821	0.000570142	-12670.8
822	0.000570142	-12386.3
823	0.000570142	-12192.9
824	0.000570142	-13297.7
825	0.000570142	-11521.2
826	0.000570142	-11117.4
827	0.000570142	-12713
828	0.000570142	-12434.6
829	0.000570142	-13569.1
830	0.000570142	-12876.4
831	0.000570142	-11545.3
832	0.000570142	-12313
833	0.000570142	-10467.5
834	0.000570142	-11361
835	0.000570142	-13228.6
836	0.000570142	-11613.3
837	0.000570142	-11655.5
838	0.000570142	-10914.3
839	0.000570142	-11332.6
840	0.000570142	-11657.2
841	0.000570142	-12618.8
842	0.000570142	-11838.1
843	0.000570142	-11620.8
844	0.000570142	-12598.1
845	0.000570142	-12098.3
846	0.000570142	-12820.5
847	0.000570142	-13071.7
848	0.000570142	-12889.1
849	0.000570142	-12111.9
850	0.000570142	-12154.8
851	0.000570142	-12173.6
852	0.000570142	-13352.2
853	0.000570142	-11945.3
854	0.000570142	-11761
855	0.000570142	-11073.5
856	0.000570142	-11024
857	0.000570142	-11470.6
858	0.000570142	-11386.7
859	0.000570142	-11175
860	0.000570142	-12345.8
861	0.000570142	-12473.7
862	0.000570142	-12483.5
863	0.000570142	-11408.5
864	0.000570142	-12033.9
865	0.000570142	-11762.4
866	0.000570142	-12208.8
867	0.000570142	-10727.1
868	0.000570142	-11146.4
869	0.000570142	-11365.8
870	0.000570142	-11692.8
871	0.000570142	-12196.2
872	0.000570142	-11705.2
873	0.000570142	-10628.4
874	0.000570142	-11318.9
875	0.000570142	-11827.3
876	0.000570142	-11374.4
877	0.000570142	-11673.4
878	0.000570142	-11445.6
879	0.000570142	-11427.9
880	0.000570142	-10606.6
881	0.000570142	-11950.4
882	0.000570142	-13131.7
883	0.000570142	-12326.9
884	0.000570142	-11335.1
885	0.000570142	-11521.4
886	0.000570142	-12783.5
887	0.000570142	-12522
888	0.000570142	-12393.2
889	0.000570142	-10971.1
890	0.000570142	-10240.2
891	0.000570142	-12052.6
892	0.000570142	-12262.3
893	0.000570142	-11399.6
894	0.000570142	-10484.3
895	0.000570142	-11370.4
896	0.000570142	-11136.7
897	0.000570142	-11433.9
898	0.000570142	-11831.1
899	0.000570142	-11035
900	0.000570142	-11346.7
901	0.000570142	-11300.9
902	0.000570142	-11167
903	0.000570142	-13438.1
904	0.000570142	-11335.9
905	0.000570142	-12038.3
906	0.000570142	-11667
907	0.000570142	-11132
908	0.000570142	-13154.6
909	0.000570142	-13401
910	0.000570142	-12393.3
911	0.000570142	-12055.4
912	0.000570142	-14350.7
913	0.000570142	-13535.4
914	0.000570142	-11154.9
915	0.000570142	-10729.3
916	0.000570142	-10245.7
917	0.000570142	-10815.3
918	0.000570142	-10893.8
919	0.000570142	-13546.5
920	0.000570142	-12386
921	0.000570142	-12216.8
922	0.000570142	-10834.7
923	0.000570142	-11480.3
924	0.000570142	-12845.2
925	0.000570142	-12426.8
926	0.000570142	-11876.1
927	0.000570142	-11603.5
928	0.000570142	-12081.8
929	0.000570142	-11237.6
930	0.000570142	-11765.3
931	0.000570142	-12498.2
932	0.000570142	-13114
933	0.000570142	-12388
934	0.000570142	-12660.7
935	0.000570142	-12118.5
936	0.000570142	-12325.5
937	0.000570142	-11392.4
938	0.000570142	-10960.1
939	0.000570142	-11930.3
940	0.000570142	-12112.2
941	0.000570142	-11382.7
942	0.000570142	-11079.2
943	0.000570142	-12581.3
944	0.000570142	-11839.3
945	0.000570142	-13607.5
946	0.000570142	-12077.8
947	0.000570142	-11215.9
948	0.000570142	-10858.3
949	0.000570142	-11227.6
950	0.000570142	-11835.6
951	0.000570142	-12196.6
952	0.000570142	-11493.4
953	0.000570142	-11311.6
954	0.000570142	-10552.4
955	0.000570142	-10536.7
956	0.000570142	-10596.7
957	0.000570142	-10572.6
958	0.000570142	-11448.4
959	0.000570142	-12232.1
960	0.000570142	-13289.3
961	0.000570142	-12482.3
962	0.000570142	-12934.8
963	0.000570142	-11214.4
964	0.000570142	-10959.8
965	0.000570142	-11275
966	0.000570142	-10819.8
967	0.000570142	-12611.9
968	0.000570142	-12706.7
969	0.000570142	-10997.3
970	0.000570142	-10387.5
971	0.000570142	-13280.2
972	0.000570142	-12885.2
973	0.000570142	-12795.9
974	0.000570142	-12071.3
975	0.000570142	-12693.2
976	0.000570142	-11218.7
977	0.000570142	-11518
978	0.000570142	-11009.1
979	0.000570142	-12012.9
980	0.000570142	-12339.7
981	0.000570142	-12524.4
982	0.000570142	-11864.9
983	0.000570142	-13185.9
984	0.000570142	-11521.8
985	0.000570142	-11776.6
986	0.000570142	-14269.2
987	0.000570142	-11351
988	0.000570142	-11735.2
989	0.000570142	-11832.6
990	0.000570142	-11354.7
991	0.000570142	-12358.8
992	0.000570142	-12901.8
993	0.000570142	-9888.39
994	0.000570142	-12075.7
995	0.000570142	-13236.8
996	0.000570142	-13532.5
997	0.000570142	-12632.7
998	0.000570142	-11847.1
999	0.000570142	-11350.3
1000	0.000570142	-11600.1
251	0.000354013	-14410.6
252	0.000354013	-14555.3
253	0.000354013	-14906.6
254	0.000354013	-10790.3
255	0.000354013	-12529.5
256	0.000354013	-12161.8
257	0.000354013	-10793.4
258	0.000354013	-12181.4
259	0.000354013	-11233.5
260	0.000354013	-12970.8
261	0.000354013	-12379.5
262	0.000354013	-16214.1
263	0.000354013	-13724.1
264	0.000354013	-13366.6
265	0.000354013	-12545.8
266	0.000354013	-12939.4
267	0.000354013	-16114.1
268	0.000354013	-13157.9
269	0.000354013	-19044.4
270	0.000354013	-13576.5
271	0.000354013	-13145.2
272	0.000354013	-12288.2
273	0.000354013	-11013.7
274	0.000354013	-11559.4
275	0.000354013	-11978.5
276	0.000354013	-11598.1
277	0.000354013	-13066.3
278	0.000354013	-11596.1
279	0.000354013	-11833.2
280	0.000354013	-12523.9
281	0.000354013	-10911.7
282	0.000354013	-10934.9
283	0.000354013	-10569.3
284	0.000354013	-13998.7
285	0.000354013	-11587.8
286	0.000354013	-10961.5
287	0.000354013	-11893
288	0.000354013	-10096
289	0.000354013	-12454.2
290	0.000354013	-10791.1
291	0.000354013	-11953.8
292	0.000354013	-12305.2
293	0.000354013	-11211.2
294	0.000354013	-11531.7
295	0.000354013	-14931.1
296	0.000354013	-14131.7
297	0.000354013	-10957.7
298	0.000354013	-16175.1
299	0.000354013	-12504.7
300	0.000354013	-13170.8
301	0.000354013	-12903.6
302	0.000354013	-12210.1
303	0.000354013	-11952.6
304	0.000354013	-11231.4
305	0.000354013	-12857.1
306	0.000354013	-12543
307	0.000354013	-11643.4
308	0.000354013	-10442.9
309	0.000354013	-10352.2
310	0.000354013	-11570.9
311	0.000354013	-11756.7
312	0.000354013	-11279.9
313	0.000354013	-11956.1
314	0.000354013	-13823.2
315	0.000354013	-13554.3
316	0.000354013	-13315.8
317	0.000354013	-11608.7
318	0.000354013	-11579.3
319	0.000354013	-12100.1
320	0.000354013	-12183.2
321	0.000354013	-11632
322	0.000354013	-11596.3
323	0.000354013	-14134
324	0.000354013	-12497.4
325	0.000354013	-14117.9
326	0.000354013	-13929.6
327	0.000354013	-11612.8
328	0.000354013	-12544.2
329	0.000354013	-11327.3
330	0.000354013	-12315.5
331	0.000354013	-12509
332	0.000354013	-12540.2
333	0.000354013	-14220.8
334	0.000354013	-12826.9
335	0.000354013	-13729.3
336	0.000354013	-12780.5
337	0.000354013	-11785.9
338	0.000354013	-12251.1
339	0.000354013	-14196.5
340	0.000354013	-14387.7
341	0.000354013	-13614.1
342	0.000354013	-11986.5
343	0.000354013	-13152.8
344	0.000354013	-11866.9
345	0.000354013	-12283.7
346	0.000354013	-11167
347	0.000354013	-11885.8
348	0.000354013	-10996.2
349	0.000354013	-10890.9
350	0.000354013	-10989.3
351	0.000354013	-13489.8
352	0.000354013	-13165.3
353	0.000354013	-13271
354	0.000354013	-13777.3
355	0.000354013	-12247.4
356	0.000354013	-11924.6
357	0.000354013	-12167.4
358	0.000354013	-12673.5
359	0.000354013	-12371.2
360	0.000354013	-12542
361	0.000354013	-11056.8
362	0.000354013	-12038.8
363	0.000354013	-12360.1
364	0.000354013	-12839.2
365	0.000354013	-10186.1
366	0.000354013	-11705.8
367	0.000354013	-13156.7
368	0.000354013	-13481.8
369	0.000354013	-12236.1
370	0.000354013	-11622.5
371	0.000354013	-11196.2
372	0.000354013	-12052.8
373	0.000354013	-11894.9
374	0.000354013	-10990.9
375	0.000354013	-12481.6
376	0.000354013	-11402.9
377	0.000354013	-10802.4
378	0.000354013	-12781.1
379	0.000354013	-12934.1
380	0.000354013	-17133
381	0.000354013	-13844.9
382	0.000354013	-15432.2
383	0.000354013	-13501.4
384	0.000354013	-12706.2
385	0.000354013	-11606.2
386	0.000354013	-11969.8
387	0.000354013	-10960.3
388	0.000354013	-11237.8
389	0.000354013	-11740.5
390	0.000354013	-12682.6
391	0.000354013	-11672.5
392	0.000354013	-13078.3
393	0.000354013	-11943.3
394	0.000354013	-12888.5
395	0.000354013	-12331.9
396	0.000354013	-11099.7
397	0.000354013	-12267.5
398	0.000354013	-11752.8
399	0.000354013	-11619.5
400	0.000354013	-10769.3
401	0.000354013	-11765.1
402	0.000354013	-12773.3
403	0.000354013	-11801.9
404	0.000354013	-12209.1
405	0.000354013	-12901
406	0.000354013	-12003
407	0.000354013	-15268.6
408	0.000354013	-11406.8
409	0.000354013	-11440.2
410	0.000354013	-10914
411	0.000354013	-11661.8
412	0.000354013	-12984.7
413	0.000354013	-12963.6
414	0.000354013	-12309.2
415	0.000354013	-11776.8
416	0.000354013	-12577.2
417	0.000354013	-12073.9
418	0.000354013	-11426.3
419	0.000354013	-14091.1
420	0.000354013	-16210.1
421	0.000354013	-12730.1
422	0.000354013	-12755.1
423	0.000354013	-12388.1
424	0.000354013	-12003.7
425	0.000354013	-11385.7
426	0.000354013	-10362.4
427	0.000354013	-12059
428	0.000354013	-12799.3
429	0.000354013	-11766.4
430	0.000354013	-14365.4
431	0.000354013	-12437
432	0.000354013	-13391.2
433	0.000354013	-13387.8
434	0.000354013	-12896.9
435	0.000354013	-11424.8
436	0.000354013	-11570.2
437	0.000354013	-12053
438	0.000354013	-11972.3
439	0.000354013	-13349.9
440	0.000354013	-12060.2
441	0.000354013	-12445.4
442	0.000354013	-11884.1
443	0.000354013	-11843.3
444	0.000354013	-11033.9
445	0.000354013	-15134.5
446	0.000354013	-11674.1
447	0.000354013	-12076.4
448	0.000354013	-14590.3
449	0.000354013	-12714.8
450	0.000354013	-14634.9
451	0.000354013	-12567.7
452	0.000354013	-12503.3
453	0.000354013	-13441.1
454	0.000354013	-11834.4
455	0.000354013	-12313.4
456	0.000354013	-11527.1
457	0.000354013	-13053
458	0.000354013	-12199.6
459	0.000354013	-12083.7
460	0.000354013	-11319.3
461	0.000354013	-11718.4
462	0.000354013	-12297.5
463	0.000354013	-12714.6
464	0.000354013	-13588.2
465	0.000354013	-14529.2
466	0.000354013	-13809
467	0.000354013	-16613.4
468	0.000354013	-11151.8
469	0.000354013	-11207.1
470	0.000354013	-12780
471	0.000354013	-13478.7
472	0.000354013	-13510.5
473	0.000354013	-12140.9
474	0.000354013	-12590.6
475	0.000354013	-12511.1
476	0.000354013	-12306.3
477	0.000354013	-11827
478	0.000354013	-11162.2
479	0.000354013	-11037.5
480	0.000354013	-13757.7
481	0.000354013	-13256.6
482	0.000354013	-15944
483	0.000354013	-16288.8
484	0.000354013	-11788.7
485	0.000354013	-10733.4
486	0.000354013	-10680.5
487	0.000354013	-12310.8
488	0.000354013	-11201.2
489	0.000354013	-12427.7
490	0.000354013	-10768.7
491	0.000354013	-11651.6
492	0.000354013	-11584.5
493	0.000354013	-13102
494	0.000354013	-12204.1
495	0.000354013	-12013.6
496	0.000354013	-13320.3
497	0.000354013	-11318.2
498	0.000354013	-12903.6
499	0.000354013	-14125.8
500	0.000354013	-13306.2
501	0.000354013	-11600.4
502	0.000354013	-9727.59
503	0.000354013	-10890.5
504	0.000354013	-11635.8
505	0.000354013	-12213
506	0.000354013	-12250.1
507	0.000354013	-12160.8
508	0.000354013	-11011.3
509	0.000354013	-10975.6
510	0.000354013	-11854.1
511	0.000354013	-12098.5
512	0.000354013	-11598.1
513	0.000354013	-10804
514	0.000354013	-11311.1
515	0.000354013	-11214.5
516	0.000354013	-10583.4
517	0.000354013	-10913.4
518	0.000354013	-12659
519	0.000354013	-14044.7
520	0.000354013	-13556.5
521	0.000354013	-11076.1
522	0.000354013	-12935.5
523	0.000354013	-14511.4
524	0.000354013	-12291.5
525	0.000354013	-11977
526	0.000354013	-13636.5
527	0.000354013	-12535
528	0.000354013	-13663.2
529	0.000354013	-12059.2
530	0.000354013	-12063.2
531	0.000354013	-12309
532	0.000354013	-12722.3
533	0.000354013	-12127
534	0.000354013	-11217.8
535	0.000354013	-12230.4
536	0.000354013	-14084.6
537	0.000354013	-13498.6
538	0.000354013	-14176.5
539	0.000354013	-12965.8
540	0.000354013	-12110.8
541	0.000354013	-11198
542	0.000354013	-12525.1
543	0.000354013	-12502.9
544	0.000354013	-10748.7
545	0.000354013	-11083
546	0.000354013	-11421.2
547	0.000354013	-11115.4
548	0.000354013	-11870.4
549	0.000354013	-12012.6
550	0.000354013	-14374
551	0.000354013	-12909.4
552	0.000354013	-13497
553	0.000354013	-11567
554	0.000354013	-11413.1
555	0.000354013	-11836.1
556	0.000354013	-11540
557	0.000354013	-13987.7
558	0.000354013	-12933.2
559	0.000354013	-13273.7
560	0.000354013	-12607.9
561	0.000354013	-14638.5
562	0.000354013	-12439.4
563	0.000354013	-10526.3
564	0.000354013	-12414.2
565	0.000354013	-12161.1
566	0.000354013	-12974.7
567	0.000354013	-11710.7
568	0.000354013	-11893.5
569	0.000354013	-13018.3
570	0.000354013	-12776.6
571	0.000354013	-10861.7
572	0.000354013	-11679.7
573	0.000354013	-14203.2
574	0.000354013	-13984.5
575	0.000354013	-15361.1
576	0.000354013	-11348.5
577	0.000354013	-13710.4
578	0.000354013	-13688.3
579	0.000354013	-11193.8
580	0.000354013	-11869.7
581	0.000354013	-14463.6
582	0.000354013	-11902
583	0.000354013	-11522.6
584	0.000354013	-13008.3
585	0.000354013	-12982.2
586	0.000354013	-12393.3
587	0.000354013	-11075.9
588	0.000354013	-12057.1
589	0.000354013	-12254.5
590	0.000354013	-12848.7
591	0.000354013	-13032.6
592	0.000354013	-11725.4
593	0.000354013	-11552.9
594	0.000354013	-12725.5
595	0.000354013	-12924.4
596	0.000354013	-13412.7
597	0.000354013	-12103
598	0.000354013	-12567.7
599	0.000354013	-13755.8
600	0.000354013	-13518.2
601	0.000354013	-14700
602	0.000354013	-15659
603	0.000354013	-12529.5
604	0.000354013	-11784.4
605	0.000354013	-10959.4
606	0.000354013	-11394.9
607	0.000354013	-11331.6
608	0.000354013	-11469.7
609	0.000354013	-12134.1
610	0.000354013	-12442.5
611	0.000354013	-11327.7
612	0.000354013	-12532.8
613	0.000354013	-12063.3
614	0.000354013	-11998.7
615	0.000354013	-10943.9
616	0.000354013	-10898.5
617	0.000354013	-11225.6
618	0.000354013	-12207.8
619	0.000354013	-12318.8
620	0.000354013	-12875
621	0.000354013	-12810.4
622	0.000354013	-12227.8
623	0.000354013	-12602.8
624	0.000354013	-12405.6
625	0.000354013	-12540.9
626	0.000354013	-12098.1
627	0.000354013	-12086.1
628	0.000354013	-11024.1
629	0.000354013	-11760
630	0.000354013	-11451.8
631	0.000354013	-11302.3
632	0.000354013	-12911
633	0.000354013	-13444.1
634	0.000354013	-13118.2
635	0.000354013	-12333.9
636	0.000354013	-12719.6
637	0.000354013	-14395.5
638	0.000354013	-11262.6
639	0.000354013	-11542.1
640	0.000354013	-14011.9
641	0.000354013	-13030.4
642	0.000354013	-11304.2
643	0.000354013	-13087.3
644	0.000354013	-12745.5
645	0.000354013	-12395.6
646	0.000354013	-10720.7
647	0.000354013	-13273.4
648	0.000354013	-12211.9
649	0.000354013	-10788.5
650	0.000354013	-12671.8
651	0.000354013	-10443.5
652	0.000354013	-10982.8
653	0.000354013	-10665.6
654	0.000354013	-12150.9
655	0.000354013	-12242.6
656	0.000354013	-11861.4
657	0.000354013	-12254.2
658	0.000354013	-11548.7
659	0.000354013	-12539.9
660	0.000354013	-11871.5
661	0.000354013	-12066.9
662	0.000354013	-11670.8
663	0.000354013	-11730.7
664	0.000354013	-13508.6
665	0.000354013	-13370
666	0.000354013	-13124
667	0.000354013	-12102.3
668	0.000354013	-11969.9
669	0.000354013	-12274.7
670	0.000354013	-12250
671	0.000354013	-10872.1
672	0.000354013	-12857
673	0.000354013	-15963.4
674	0.000354013	-12955.3
675	0.000354013	-13611.6
676	0.000354013	-12267.8
677	0.000354013	-12780.6
678	0.000354013	-14330.4
679	0.000354013	-12653.9
680	0.000354013	-11552.6
681	0.000354013	-14024.4
682	0.000354013	-11306.4
683	0.000354013	-10513.9
684	0.000354013	-11153.3
685	0.000354013	-10443.3
686	0.000354013	-10684.1
687	0.000354013	-13029.6
688	0.000354013	-12020.1
689	0.000354013	-12405.1
690	0.000354013	-12521.7
691	0.000354013	-11606.9
692	0.000354013	-12444.7
693	0.000354013	-14113.8
694	0.000354013	-11569.2
695	0.000354013	-11185
696	0.000354013	-12419.3
697	0.000354013	-12208.7
698	0.000354013	-11955.6
699	0.000354013	-11880.2
700	0.000354013	-12525.1
701	0.000354013	-13232.5
702	0.000354013	-13611.2
703	0.000354013	-12603.4
704	0.000354013	-14199.8
705	0.000354013	-15178.5
706	0.000354013	-13287.9
707	0.000354013	-12181.3
708	0.000354013	-13666.3
709	0.000354013	-13075.4
710	0.000354013	-12132.3
711	0.000354013	-12276.3
712	0.000354013	-11724.1
713	0.000354013	-11097.1
714	0.000354013	-12828.5
715	0.000354013	-13680.4
716	0.000354013	-14164.7
717	0.000354013	-13314.5
718	0.000354013	-12600.2
719	0.000354013	-12086.5
720	0.000354013	-12721.2
721	0.000354013	-12416.8
722	0.000354013	-12240.6
723	0.000354013	-12710.3
724	0.000354013	-12186.1
725	0.000354013	-11150.2
726	0.000354013	-11343.1
727	0.000354013	-10452.4
728	0.000354013	-10862
729	0.000354013	-12343.9
730	0.000354013	-12642.8
731	0.000354013	-11674
732	0.000354013	-11412.1
733	0.000354013	-12927
734	0.000354013	-11473.3
735	0.000354013	-11362.3
736	0.000354013	-11217.9
737	0.000354013	-13149.5
738	0.000354013	-13002.7
739	0.000354013	-11079.8
740	0.000354013	-12940.4
741	0.000354013	-15333.7
742	0.000354013	-12993.3
743	0.000354013	-12640.7
744	0.000354013	-15011.8
745	0.000354013	-12593.1
746	0.000354013	-12109.4
747	0.000354013	-11351.7
748	0.000354013	-11012.8
749	0.000354013	-12974.1
750	0.000354013	-11660
751	0.000354013	-13423.8
752	0.000354013	-12945.1
753	0.000354013	-10449.7
754	0.000354013	-11868.7
755	0.000354013	-12001.6
756	0.000354013	-13051.4
757	0.000354013	-12140.2
758	0.000354013	-12558.1
759	0.000354013	-12174.5
760	0.000354013	-11740.4
761	0.000354013	-12287.8
762	0.000354013	-12381.8
763	0.000354013	-12437.2
764	0.000354013	-11483.8
765	0.000354013	-11887.9
766	0.000354013	-14542.4
767	0.000354013	-11600.5
768	0.000354013	-11830.7
769	0.000354013	-12782.8
770	0.000354013	-11789.6
771	0.000354013	-12521.6
772	0.000354013	-13204.8
773	0.000354013	-12906.6
774	0.000354013	-11530.6
775	0.000354013	-10861.6
776	0.000354013	-13531.7
777	0.000354013	-11071.1
778	0.000354013	-11380
779	0.000354013	-11146.5
780	0.000354013	-11759.4
781	0.000354013	-12511.5
782	0.000354013	-12956.5
783	0.000354013	-11880.3
784	0.000354013	-11258.1
785	0.000354013	-13346.2
786	0.000354013	-13501.5
787	0.000354013	-13369
788	0.000354013	-11348.8
789	0.000354013	-13785.5
790	0.000354013	-13612.9
791	0.000354013	-12627.1
792	0.000354013	-10978.6
793	0.000354013	-11513
794	0.000354013	-14238.3
795	0.000354013	-16760.5
796	0.000354013	-13583.1
797	0.000354013	-14055.1
798	0.000354013	-15098.8
799	0.000354013	-14615.6
800	0.000354013	-11462.9
801	0.000354013	-11873.1
802	0.000354013	-11337.7
803	0.000354013	-11780.8
804	0.000354013	-10331.2
805	0.000354013	-10317.3
806	0.000354013	-12670.5
807	0.000354013	-12790.3
808	0.000354013	-12944.4
809	0.000354013	-11991.7
810	0.000354013	-11399.5
811	0.000354013	-14840.1
812	0.000354013	-12649.8
813	0.000354013	-11735.5
814	0.000354013	-12057
815	0.000354013	-12145.7
816	0.000354013	-11504.9
817	0.000354013	-11245.1
818	0.000354013	-11670.2
819	0.000354013	-11807
820	0.000354013	-12240.2
821	0.000354013	-12773.6
822	0.000354013	-13937.3
823	0.000354013	-11682.6
824	0.000354013	-12394.6
825	0.000354013	-12556.9
826	0.000354013	-15092.3
827	0.000354013	-13028
828	0.000354013	-11918.6
829	0.000354013	-10864
830	0.000354013	-13936.4
831	0.000354013	-12730.4
832	0.000354013	-12662.4
833	0.000354013	-12493.1
834	0.000354013	-13456.3
835	0.000354013	-12590.4
836	0.000354013	-12622.2
837	0.000354013	-12520.6
838	0.000354013	-12620
839	0.000354013	-11019.5
840	0.000354013	-13709
841	0.000354013	-13827.4
842	0.000354013	-13803.3
843	0.000354013	-10933.3
844	0.000354013	-14658
845	0.000354013	-12831.9
846	0.000354013	-12949.1
847	0.000354013	-13158.3
848	0.000354013	-12174.1
849	0.000354013	-13209.2
850	0.000354013	-12682.4
851	0.000354013	-13586
852	0.000354013	-13754.2
853	0.000354013	-13731.6
854	0.000354013	-14929.1
855	0.000354013	-12881.1
856	0.000354013	-12761.9
857	0.000354013	-12258.8
858	0.000354013	-11556.4
859	0.000354013	-11982.8
860	0.000354013	-12574.2
861	0.000354013	-16123
862	0.000354013	-12456.4
863	0.000354013	-11865.2
864	0.000354013	-13506.5
865	0.000354013	-14032.9
866	0.000354013	-12641.8
867	0.000354013	-13407
868	0.000354013	-11550.6
869	0.000354013	-11845.7
870	0.000354013	-12542.4
871	0.000354013	-12896.5
872	0.000354013	-14647.9
873	0.000354013	-13658.1
874	0.000354013	-14296.7
875	0.000354013	-13761.4
876	0.000354013	-13406.9
877	0.000354013	-11261.6
878	0.000354013	-11349.4
879	0.000354013	-11663.8
880	0.000354013	-13276.3
881	0.000354013	-12459.2
882	0.000354013	-11441.9
883	0.000354013	-13447.4
884	0.000354013	-12641.8
885	0.000354013	-12365.7
886	0.000354013	-10852.5
887	0.000354013	-12708.7
888	0.000354013	-12802
889	0.000354013	-12027.7
890	0.000354013	-13220.1
891	0.000354013	-11943.7
892	0.000354013	-12508.2
893	0.000354013	-13189
894	0.000354013	-13237.1
895	0.000354013	-11485.7
896	0.000354013	-13486.9
897	0.000354013	-13299.8
898	0.000354013	-12662.7
899	0.000354013	-13359.8
900	0.000354013	-12652.4
901	0.000354013	-12508.4
902	0.000354013	-12665.5
903	0.000354013	-11762.9
904	0.000354013	-12344.6
905	0.000354013	-13618.3
906	0.000354013	-13508.5
907	0.000354013	-14675.5
908	0.000354013	-16396.9
909	0.000354013	-12806.6
910	0.000354013	-15446.4
911	0.000354013	-13456.7
912	0.000354013	-13124.5
913	0.000354013	-13271.7
914	0.000354013	-14421.6
915	0.000354013	-12873.7
916	0.000354013	-11824.7
917	0.000354013	-10607.3
918	0.000354013	-11269.3
919	0.000354013	-10727.2
920	0.000354013	-11162.2
921	0.000354013	-12142.9
922	0.000354013	-13142.7
923	0.000354013	-15442.2
924	0.000354013	-13289.1
925	0.000354013	-11800.4
926	0.000354013	-11708.6
927	0.000354013	-12868.4
928	0.000354013	-11520.8
929	0.000354013	-11751.6
930	0.000354013	-11847
931	0.000354013	-11013.4
932	0.000354013	-12382.6
933	0.000354013	-11872.4
934	0.000354013	-11917.5
935	0.000354013	-12885.7
936	0.000354013	-16539
937	0.000354013	-15517.4
938	0.000354013	-12478.8
939	0.000354013	-11473.2
940	0.000354013	-11433.5
941	0.000354013	-12769
942	0.000354013	-13393
943	0.000354013	-14472.9
944	0.000354013	-12553.6
945	0.000354013	-12905.8
946	0.000354013	-14143.7
947	0.000354013	-14768.1
948	0.000354013	-15152.9
949	0.000354013	-16473.6
950	0.000354013	-14745.6
951	0.000354013	-13784.1
952	0.000354013	-12922
953	0.000354013	-18207.3
954	0.000354013	-16897.4
955	0.000354013	-16310.9
956	0.000354013	-16568
957	0.000354013	-13644
958	0.000354013	-13767.6
959	0.000354013	-16232.3
960	0.000354013	-16089.2
961	0.000354013	-12331.4
962	0.000354013	-12841.3
963	0.000354013	-12938.2
964	0.000354013	-12567.5
965	0.000354013	-13351.7
966	0.000354013	-13745.2
967	0.000354013	-11223.6
968	0.000354013	-10849.4
969	0.000354013	-13171.6
970	0.000354013	-12421.8
971	0.000354013	-11653.7
972	0.000354013	-12181
973	0.000354013	-11757.6
974	0.000354013	-11625.1
975	0.000354013	-12844.3
976	0.000354013	-12399
977	0.000354013	-11855.2
978	0.000354013	-11753.8
979	0.000354013	-10898.5
980	0.000354013	-12544.8
981	0.000354013	-11162.2
982	0.000354013	-11702.5
983	0.000354013	-13471.6
984	0.000354013	-11122.7
985	0.000354013	-11154
986	0.000354013	-12684
987	0.000354013	-13344.7
988	0.000354013	-12144.3
989	0.000354013	-12121.2
990	0.000354013	-11247.1
991	0.000354013	-11955.7
992	0.000354013	-10485
993	0.000354013	-12402.2
994	0.000354013	-11521.9
995	0.000354013	-11473.2
996	0.000354013	-11441.5
997	0.000354013	-11163.9
998	0.000354013	-11594.9
999	0.000354013	-11144.2
1000	0.000354013	-12133.4
251	0.000209041	-15065.9
252	0.000209041	-12392.3
253	0.000209041	-12443.8
254	0.000209041	-11640.4
255	0.000209041	-11198.3
256	0.000209041	-13232.3
257	0.000209041	-13031.2
258	0.000209041	-12770.8
259	0.000209041	-12634.5
260	0.000209041	-15554.4
261	0.000209041	-13932.6
262	0.000209041	-13367.4
263	0.000209041	-12315.1
264	0.000209041	-14744.2
265	0.000209041	-15016.4
266	0.000209041	-16147.3
267	0.000209041	-14419.1
268	0.000209041	-12666
269	0.000209041	-13131.9
270	0.000209041	-12692.2
271	0.000209041	-12460
272	0.000209041	-13350.7
273	0.000209041	-13136.6
274	0.000209041	-11852.3
275	0.000209041	-12838.8
276	0.000209041	-16329.2
277	0.000209041	-15175.5
278	0.000209041	-12233.9
279	0.000209041	-12149.4
280	0.000209041	-12684.9
281	0.000209041	-11779.5
282	0.000209041	-12571.6
283	0.000209041	-12717.4
284	0.000209041	-14347.7
285	0.000209041	-12552.4
286	0.000209041	-13977
287	0.000209041	-13567
288	0.000209041	-10972.6
289	0.000209041	-11171.8
290	0.000209041	-11757
291	0.000209041	-12543.8
292	0.000209041	-10994.9
293	0.000209041	-12088.1
294	0.000209041	-12744
295	0.000209041	-11346.2
296	0.000209041	-11757.8
297	0.000209041	-11298.5
298	0.000209041	-13202
299	0.000209041	-12986.1
300	0.000209041	-11635.6
301	0.000209041	-12498.4
302	0.000209041	-11635.4
303	0.000209041	-11761
304	0.000209041	-11365
305	0.000209041	-10862.7
306	0.000209041	-12815.7
307	0.000209041	-12665.2
308	0.000209041	-11685.5
309	0.000209041	-11160.3
310	0.000209041	-11650.4
311	0.000209041	-12943.6
312	0.000209041	-12275.3
313	0.000209041	-12272.2
314	0.000209041	-12115.8
315	0.000209041	-11691.8
316	0.000209041	-11085.7
317	0.000209041	-14232.3
318	0.000209041	-11289.3
319	0.000209041	-10851.7
320	0.000209041	-11448
321	0.000209041	-11754.3
322	0.000209041	-12117.2
323	0.000209041	-10683.9
324	0.000209041	-11875.2
325	0.000209041	-15826.2
326	0.000209041	-16706.4
327	0.000209041	-15624.5
328	0.000209041	-12565.5
329	0.000209041	-12120.2
330	0.000209041	-13154.2
331	0.000209041	-11288.5
332	0.000209041	-12126.8
333	0.000209041	-12089.9
334	0.000209041	-13934.8
335	0.000209041	-13005.1
336	0.000209041	-12660.5
337	0.000209041	-13575.5
338	0.000209041	-13398.9
339	0.000209041	-15464.9
340	0.000209041	-17863.6
341	0.000209041	-12342
342	0.000209041	-14001
343	0.000209041	-15457.6
344	0.000209041	-15174
345	0.000209041	-12646.1
346	0.000209041	-11878
347	0.000209041	-12700.6
348	0.000209041	-10992.8
349	0.000209041	-12159.4
350	0.000209041	-11629.9
351	0.000209041	-11870.3
352	0.000209041	-11970.4
353	0.000209041	-11735.1
354	0.000209041	-11761.5
355	0.000209041	-12646.1
356	0.000209041	-12446.1
357	0.000209041	-11753.3
358	0.000209041	-11165.3
359	0.000209041	-10954
360	0.000209041	-11801
361	0.000209041	-14788.2
362	0.000209041	-20024.8
363	0.000209041	-19575
364	0.000209041	-12664.6
365	0.000209041	-11713.7
366	0.000209041	-12636.1
367	0.000209041	-11567.8
368	0.000209041	-10795.6
369	0.000209041	-14126.3
370	0.000209041	-18985.1
371	0.000209041	-12420.1
372	0.000209041	-12305.6
373	0.000209041	-14461.1
374	0.000209041	-12950.1
375	0.000209041	-13753.3
376	0.000209041	-12065.3
377	0.000209041	-13989.5
378	0.000209041	-12523.5
379	0.000209041	-11546.7
380	0.000209041	-12109.1
381	0.000209041	-10061.5
382	0.000209041	-11792.4
383	0.000209041	-11033.6
384	0.000209041	-14837.6
385	0.000209041	-11228.2
386	0.000209041	-11178.8
387	0.000209041	-11916.8
388	0.000209041	-10669.9
389	0.000209041	-10441.6
390	0.000209041	-12693.7
391	0.000209041	-11643.7
392	0.000209041	-11377.4
393	0.000209041	-11744.8
394	0.000209041	-12523
395	0.000209041	-12578.2
396	0.000209041	-13057.3
397	0.000209041	-14851.8
398	0.000209041	-14376.5
399	0.000209041	-13852.9
400	0.000209041	-13354.3
401	0.000209041	-12638.6
402	0.000209041	-13133.7
403	0.000209041	-13926.6
404	0.000209041	-13285.6
405	0.000209041	-11575.5
406	0.000209041	-10871.7
407	0.000209041	-11573.5
408	0.000209041	-11151.2
409	0.000209041	-11099
410	0.000209041	-10146.8
411	0.000209041	-13546.3
412	0.000209041	-13659.9
413	0.000209041	-13354.4
414	0.000209041	-16027.9
415	0.000209041	-11568.2
416	0.000209041	-11038.3
417	0.000209041	-11027.4
418	0.000209041	-12408
419	0.000209041	-12439.9
420	0.000209041	-12704.7
421	0.000209041	-11809.6
422	0.000209041	-11854.2
423	0.000209041	-13706.8
424	0.000209041	-13898.9
425	0.000209041	-12579.7
426	0.000209041	-15227.3
427	0.000209041	-13438.2
428	0.000209041	-13087.9
429	0.000209041	-11976.8
430	0.000209041	-11345.3
431	0.000209041	-12699.5
432	0.000209041	-12105.9
433	0.000209041	-11936.4
434	0.000209041	-11946.7
435	0.000209041	-11407.9
436	0.000209041	-11299.8
437	0.000209041	-11660.8
438	0.000209041	-13043.2
439	0.000209041	-15260.3
440	0.000209041	-15496.5
441	0.000209041	-14060.1
442	0.000209041	-10860
443	0.000209041	-12237.4
444	0.000209041	-11927.8
445	0.000209041	-12639.6
446	0.000209041	-14393.5
447	0.000209041	-15464.6
448	0.000209041	-11147.5
449	0.000209041	-11307.3
450	0.000209041	-11399.1
451	0.000209041	-10970.4
452	0.000209041	-11508.1
453	0.000209041	-13593.4
454	0.000209041	-12576.5
455	0.000209041	-11176.2
456	0.000209041	-13060.1
457	0.000209041	-14876.4
458	0.000209041	-14516.5
459	0.000209041	-12783.1
460	0.000209041	-11749.2
461	0.000209041	-11886.7
462	0.000209041	-12321.9
463	0.000209041	-13660.6
464	0.000209041	-11746.6
465	0.000209041	-12934.6
466	0.000209041	-13984.5
467	0.000209041	-10474
468	0.000209041	-12014
469	0.000209041	-11522.9
470	0.000209041	-12058.7
471	0.000209041	-14247.3
472	0.000209041	-14574.5
473	0.000209041	-15061.6
474	0.000209041	-13004.7
475	0.000209041	-11774.7
476	0.000209041	-12055.6
477	0.000209041	-10572.2
478	0.000209041	-11025
479	0.000209041	-12340
480	0.000209041	-10795.9
481	0.000209041	-12053.4
482	0.000209041	-11934.6
483	0.000209041	-13964.1
484	0.000209041	-12787.2
485	0.000209041	-11786.9
486	0.000209041	-13824.5
487	0.000209041	-12499.2
488	0.000209041	-12443.6
489	0.000209041	-13759.5
490	0.000209041	-15228
491	0.000209041	-13874
492	0.000209041	-11774.4
493	0.000209041	-15679
494	0.000209041	-12874.2
495	0.000209041	-16663.9
496	0.000209041	-13183.6
497	0.000209041	-12337.5
498	0.000209041	-12569.8
499	0.000209041	-13338.5
500	0.000209041	-12021.5
501	0.000209041	-13993.3
502	0.000209041	-13643
503	0.000209041	-11849.6
504	0.000209041	-13415.2
505	0.000209041	-11595.4
506	0.000209041	-11518.4
507	0.000209041	-12759.9
508	0.000209041	-12337.9
509	0.000209041	-11383.3
510	0.000209041	-13133.9
511	0.000209041	-14065.1
512	0.000209041	-14719.1
513	0.000209041	-12436.7
514	0.000209041	-12001.5
515	0.000209041	-10884.9
516	0.000209041	-12147.2
517	0.000209041	-13980.8
518	0.000209041	-13780.1
519	0.000209041	-13222.5
520	0.000209041	-11213.6
521	0.000209041	-12696.7
522	0.000209041	-13891.3
523	0.000209041	-12480.5
524	0.000209041	-16739.1
525	0.000209041	-12237.7
526	0.000209041	-12869
527	0.000209041	-11986.3
528	0.000209041	-12727.1
529	0.000209041	-13547.9
530	0.000209041	-12376.3
531	0.000209041	-13346.8
532	0.000209041	-11342.3
533	0.000209041	-12375.1
534	0.000209041	-12367
535	0.000209041	-13034.8
536	0.000209041	-10857.1
537	0.000209041	-11561.4
538	0.000209041	-13070.4
539	0.000209041	-13275.1
540	0.000209041	-13913.4
541	0.000209041	-12096
542	0.000209041	-11590.6
543	0.000209041	-12598.1
544	0.000209041	-11144.3
545	0.000209041	-10824.6
546	0.000209041	-11344.6
547	0.000209041	-11384.1
548	0.000209041	-13328.6
549	0.000209041	-11921
550	0.000209041	-12137.3
551	0.000209041	-12580.3
552	0.000209041	-12812.8
553	0.000209041	-12229.7
554	0.000209041	-12361.7
555	0.000209041	-12381.7
556	0.000209041	-11734.3
557	0.000209041	-12258.3
558	0.000209041	-13594.1
559	0.000209041	-13621.6
560	0.000209041	-13190.9
561	0.000209041	-10863.3
562	0.000209041	-11657
563	0.000209041	-13125.3
564	0.000209041	-10721.4
565	0.000209041	-15546.8
566	0.000209041	-13566.1
567	0.000209041	-12577.2
568	0.000209041	-13020.6
569	0.000209041	-13882.4
570	0.000209041	-12815.3
571	0.000209041	-12877.6
572	0.000209041	-11918.3
573	0.000209041	-11512.1
574	0.000209041	-13481.1
575	0.000209041	-12165.8
576	0.000209041	-13549
577	0.000209041	-12036.8
578	0.000209041	-13487.1
579	0.000209041	-13454.4
580	0.000209041	-12498.2
581	0.000209041	-11950.5
582	0.000209041	-11644.3
583	0.000209041	-12565.4
584	0.000209041	-15760.3
585	0.000209041	-11887
586	0.000209041	-14219
587	0.000209041	-13964.2
588	0.000209041	-14217.6
589	0.000209041	-13165.6
590	0.000209041	-14682.5
591	0.000209041	-12959.8
592	0.000209041	-12033.6
593	0.000209041	-11712.5
594	0.000209041	-11763.8
595	0.000209041	-13922.3
596	0.000209041	-13026.7
597	0.000209041	-13299.1
598	0.000209041	-12075.8
599	0.000209041	-12395.8
600	0.000209041	-12110.2
601	0.000209041	-17832.5
602	0.000209041	-12942.3
603	0.000209041	-12744.7
604	0.000209041	-13369.1
605	0.000209041	-12379.9
606	0.000209041	-11761.3
607	0.000209041	-13445.1
608	0.000209041	-16611.1
609	0.000209041	-18904.4
610	0.000209041	-15150.2
611	0.000209041	-14225.2
612	0.000209041	-13413.1
613	0.000209041	-12099.1
614	0.000209041	-11414.1
615	0.000209041	-12121.1
616	0.000209041	-11685.9
617	0.000209041	-11362.5
618	0.000209041	-12471.6
619	0.000209041	-11058.2
620	0.000209041	-12370.9
621	0.000209041	-12955
622	0.000209041	-12290.1
623	0.000209041	-12910.5
624	0.000209041	-10682.5
625	0.000209041	-11346.6
626	0.000209041	-11758.3
627	0.000209041	-12601.8
628	0.000209041	-12385
629	0.000209041	-14230.9
630	0.000209041	-16711
631	0.000209041	-14768.9
632	0.000209041	-11549
633	0.000209041	-15568.2
634	0.000209041	-15837.7
635	0.000209041	-15353.2
636	0.000209041	-12842.2
637	0.000209041	-12814.4
638	0.000209041	-12245.9
639	0.000209041	-11539.8
640	0.000209041	-11744.8
641	0.000209041	-11115.1
642	0.000209041	-12083
643	0.000209041	-12929.6
644	0.000209041	-13332.4
645	0.000209041	-12337.8
646	0.000209041	-12437.6
647	0.000209041	-12067.9
648	0.000209041	-13599
649	0.000209041	-12634
650	0.000209041	-13692.4
651	0.000209041	-15465.8
652	0.000209041	-11599.4
653	0.000209041	-11369.1
654	0.000209041	-11405.3
655	0.000209041	-11236.7
656	0.000209041	-13994.4
657	0.000209041	-13506.5
658	0.000209041	-12377.3
659	0.000209041	-11691.8
660	0.000209041	-11629.5
661	0.000209041	-13010.6
662	0.000209041	-13024.2
663	0.000209041	-15673.8
664	0.000209041	-13229.1
665	0.000209041	-10919.2
666	0.000209041	-11958.5
667	0.000209041	-12710.5
668	0.000209041	-16000.9
669	0.000209041	-16615.7
670	0.000209041	-15263.6
671	0.000209041	-11293.3
672	0.000209041	-11162.6
673	0.000209041	-11820.4
674	0.000209041	-13034
675	0.000209041	-14926.3
676	0.000209041	-13624
677	0.000209041	-11449.6
678	0.000209041	-12524.4
679	0.000209041	-13099.9
680	0.000209041	-11372.1
681	0.000209041	-10885.1
682	0.000209041	-13670.2
683	0.000209041	-13755.4
684	0.000209041	-11505.8
685	0.000209041	-12034.4
686	0.000209041	-13609.8
687	0.000209041	-12928.1
688	0.000209041	-11434.2
689	0.000209041	-12209.7
690	0.000209041	-11441.3
691	0.000209041	-11930.9
692	0.000209041	-11284.1
693	0.000209041	-11441.3
694	0.000209041	-11971.2
695	0.000209041	-13164
696	0.000209041	-11247.4
697	0.000209041	-12244.1
698	0.000209041	-15559.6
699	0.000209041	-14584.3
700	0.000209041	-12732
701	0.000209041	-12305.5
702	0.000209041	-12483.3
703	0.000209041	-12340.5
704	0.000209041	-12265.4
705	0.000209041	-13062
706	0.000209041	-12903
707	0.000209041	-13005.5
708	0.000209041	-11491.2
709	0.000209041	-11740.3
710	0.000209041	-11805.8
711	0.000209041	-10451.6
712	0.000209041	-12155.3
713	0.000209041	-14327
714	0.000209041	-13210.7
715	0.000209041	-12437.6
716	0.000209041	-11946.8
717	0.000209041	-11460.5
718	0.000209041	-11235
719	0.000209041	-14483.9
720	0.000209041	-12214.8
721	0.000209041	-12876.1
722	0.000209041	-13194.1
723	0.000209041	-12697.1
724	0.000209041	-10321.1
725	0.000209041	-12632.6
726	0.000209041	-13106.6
727	0.000209041	-12985.3
728	0.000209041	-11602.5
729	0.000209041	-11858.3
730	0.000209041	-11746.6
731	0.000209041	-12324
732	0.000209041	-14400
733	0.000209041	-13991.5
734	0.000209041	-13131.5
735	0.000209041	-13189.2
736	0.000209041	-12888.1
737	0.000209041	-12840.4
738	0.000209041	-12862.8
739	0.000209041	-11399.9
740	0.000209041	-11864.2
741	0.000209041	-12620.4
742	0.000209041	-11973.7
743	0.000209041	-11697.6
744	0.000209041	-12453
745	0.000209041	-13385.6
746	0.000209041	-14077.7
747	0.000209041	-12148.8
748	0.000209041	-12153.8
749	0.000209041	-11531.1
750	0.000209041	-11159.3
751	0.000209041	-12667.9
752	0.000209041	-12550.5
753	0.000209041	-12300.3
754	0.000209041	-16302.5
755	0.000209041	-13400.9
756	0.000209041	-11577.8
757	0.000209041	-13601.7
758	0.000209041	-11277
759	0.000209041	-11380.7
760	0.000209041	-12249.9
761	0.000209041	-12154.3
762	0.000209041	-13237.8
763	0.000209041	-11833.9
764	0.000209041	-13573.6
765	0.000209041	-14287.9
766	0.000209041	-12806.2
767	0.000209041	-13285
768	0.000209041	-11916
769	0.000209041	-13040.7
770	0.000209041	-15985.2
771	0.000209041	-15984.3
772	0.000209041	-14013.3
773	0.000209041	-16769
774	0.000209041	-12849.2
775	0.000209041	-14394
776	0.000209041	-13405.8
777	0.000209041	-12743.8
778	0.000209041	-13496.6
779	0.000209041	-12663.8
780	0.000209041	-13301.1
781	0.000209041	-12350.3
782	0.000209041	-13540.4
783	0.000209041	-12378.2
784	0.000209041	-12688.1
785	0.000209041	-10738.3
786	0.000209041	-10835.8
787	0.000209041	-10685.9
788	0.000209041	-11698.9
789	0.000209041	-12755.5
790	0.000209041	-12070.9
791	0.000209041	-10844
792	0.000209041	-11106
793	0.000209041	-11935.9
794	0.000209041	-12283.2
795	0.000209041	-12338.7
796	0.000209041	-12303.2
797	0.000209041	-11020.8
798	0.000209041	-12583.8
799	0.000209041	-12532.8
800	0.000209041	-11646.2
801	0.000209041	-12293.5
802	0.000209041	-12304.8
803	0.000209041	-12818
804	0.000209041	-12598.4
805	0.000209041	-11823.3
806	0.000209041	-11337.6
807	0.000209041	-12165.3
808	0.000209041	-12977.7
809	0.000209041	-11625.8
810	0.000209041	-12730.3
811	0.000209041	-13518.2
812	0.000209041	-12475.3
813	0.000209041	-12614.8
814	0.000209041	-16221.1
815	0.000209041	-13033.7
816	0.000209041	-12170.9
817	0.000209041	-12528.8
818	0.000209041	-14636.2
819	0.000209041	-13765.1
820	0.000209041	-11552.4
821	0.000209041	-13304.8
822	0.000209041	-11199.4
823	0.000209041	-11863.2
824	0.000209041	-13594.1
825	0.000209041	-14539.4
826	0.000209041	-12943.2
827	0.000209041	-11636
828	0.000209041	-11964.1
829	0.000209041	-11007.6
830	0.000209041	-11553.6
831	0.000209041	-11853
832	0.000209041	-12238.4
833	0.000209041	-11270.9
834	0.000209041	-11563.1
835	0.000209041	-13716.9
836	0.000209041	-12904.6
837	0.000209041	-12866.4
838	0.000209041	-11283.6
839	0.000209041	-11817.8
840	0.000209041	-11072.6
841	0.000209041	-11396.4
842	0.000209041	-11083.1
843	0.000209041	-12635.2
844	0.000209041	-11911.4
845	0.000209041	-13200.6
846	0.000209041	-10799
847	0.000209041	-11156.4
848	0.000209041	-12437.1
849	0.000209041	-14980.4
850	0.000209041	-13570.3
851	0.000209041	-11686.9
852	0.000209041	-12755.5
853	0.000209041	-11460.2
854	0.000209041	-15758.4
855	0.000209041	-15568.9
856	0.000209041	-11652.6
857	0.000209041	-13133
858	0.000209041	-16338.8
859	0.000209041	-15789
860	0.000209041	-15737.4
861	0.000209041	-15583.2
862	0.000209041	-13114.4
863	0.000209041	-11569.7
864	0.000209041	-11911.1
865	0.000209041	-12248.1
866	0.000209041	-13846.2
867	0.000209041	-14457.5
868	0.000209041	-13040.1
869	0.000209041	-13859
870	0.000209041	-11009.3
871	0.000209041	-12412.9
872	0.000209041	-10902.2
873	0.000209041	-12655
874	0.000209041	-13734.1
875	0.000209041	-10707
876	0.000209041	-12556.5
877	0.000209041	-13317.7
878	0.000209041	-13823.6
879	0.000209041	-12076.2
880	0.000209041	-10815.5
881	0.000209041	-11979.8
882	0.000209041	-12837.9
883	0.000209041	-12826.9
884	0.000209041	-12929.1
885	0.000209041	-13160.4
886	0.000209041	-12500
887	0.000209041	-13987.7
888	0.000209041	-13582.3
889	0.000209041	-12651.3
890	0.000209041	-13143
891	0.000209041	-12845
892	0.000209041	-11912.2
893	0.000209041	-11318.4
894	0.000209041	-11769.2
895	0.000209041	-10475.7
896	0.000209041	-11391.2
897	0.000209041	-11303
898	0.000209041	-11502.3
899	0.000209041	-11020
900	0.000209041	-11700.5
901	0.000209041	-11838.2
902	0.000209041	-12705.6
903	0.000209041	-13088.6
904	0.000209041	-15750.4
905	0.000209041	-13576.9
906	0.000209041	-11187.3
907	0.000209041	-14029.1
908	0.000209041	-11367.3
909	0.000209041	-13883.5
910	0.000209041	-14258.8
911	0.000209041	-11815.5
912	0.000209041	-11926.8
913	0.000209041	-11427.9
914	0.000209041	-12306.1
915	0.000209041	-13152.3
916	0.000209041	-12207.6
917	0.000209041	-14287.9
918	0.000209041	-12779.1
919	0.000209041	-11560.2
920	0.000209041	-11744.4
921	0.000209041	-11775
922	0.000209041	-12184.8
923	0.000209041	-11866
924	0.000209041	-13252.5
925	0.000209041	-13589.3
926	0.000209041	-12599.9
927	0.000209041	-12605.2
928	0.000209041	-13784.2
929	0.000209041	-14371.3
930	0.000209041	-12231.1
931	0.000209041	-12725
932	0.000209041	-11196.9
933	0.000209041	-12376
934	0.000209041	-12238.3
935	0.000209041	-13155.8
936	0.000209041	-11755.6
937	0.000209041	-13450.7
938	0.000209041	-13528.1
939	0.000209041	-13247.3
940	0.000209041	-13376.4
941	0.000209041	-13616.5
942	0.000209041	-11872.9
943	0.000209041	-10905.5
944	0.000209041	-15992.2
945	0.000209041	-13762.9
946	0.000209041	-12347.6
947	0.000209041	-11803.9
948	0.000209041	-13098.8
949	0.000209041	-12259.1
950	0.000209041	-13765.4
951	0.000209041	-14749.7
952	0.000209041	-10662
953	0.000209041	-11595.7
954	0.000209041	-12508
955	0.000209041	-14857.6
956	0.000209041	-13679.4
957	0.000209041	-12698.5
958	0.000209041	-15437.8
959	0.000209041	-16544.2
960	0.000209041	-15855.8
961	0.000209041	-16041.1
962	0.000209041	-14876.2
963	0.000209041	-14178.2
964	0.000209041	-16072.4
965	0.000209041	-15845.5
966	0.000209041	-13693.7
967	0.000209041	-13532.8
968	0.000209041	-15171.4
969	0.000209041	-14746.5
970	0.000209041	-11796.9
971	0.000209041	-11343.6
972	0.000209041	-10604.7
973	0.000209041	-11514.6
974	0.000209041	-11568.5
975	0.000209041	-11159.7
976	0.000209041	-12458.8
977	0.000209041	-14591.1
978	0.000209041	-13966.5
979	0.000209041	-14227.9
980	0.000209041	-19614.3
981	0.000209041	-12119.8
982	0.000209041	-12212.1
983	0.000209041	-12292.1
984	0.000209041	-14173
985	0.000209041	-12340.6
986	0.000209041	-11498.1
987	0.000209041	-12496.2
988	0.000209041	-13823.8
989	0.000209041	-12003.2
990	0.000209041	-11451.7
991	0.000209041	-11550.9
992	0.000209041	-12516.6
993	0.000209041	-11437.8
994	0.000209041	-10590.2
995	0.000209041	-11664.4
996	0.000209041	-11315.9
997	0.000209041	-12100.3
998	0.000209041	-11930.2
999	0.000209041	-14759.3
1000	0.000209041	-14349.7
251	0.000116003	-12664.4
252	0.000116003	-12633.9
253	0.000116003	-11249.2
254	0.000116003	-11174.6
255	0.000116003	-12612.4
256	0.000116003	-14820.9
257	0.000116003	-13340.7
258	0.000116003	-16172.3
259	0.000116003	-15810.1
260	0.000116003	-12777.7
261	0.000116003	-12879.9
262	0.000116003	-11607.1
263	0.000116003	-11978.7
264	0.000116003	-11299.7
265	0.000116003	-11196.6
266	0.000116003	-11820.7
267	0.000116003	-12566.8
268	0.000116003	-12314.8
269	0.000116003	-11885
270	0.000116003	-12158.2
271	0.000116003	-13612.7
272	0.000116003	-14228.8
273	0.000116003	-14133.5
274	0.000116003	-13842.9
275	0.000116003	-14956.3
276	0.000116003	-16975.3
277	0.000116003	-13651.5
278	0.000116003	-12506.1
279	0.000116003	-13650.7
280	0.000116003	-11721
281	0.000116003	-12054.6
282	0.000116003	-11906.9
283	0.000116003	-12357.7
284	0.000116003	-12547.3
285	0.000116003	-10745.7
286	0.000116003	-10676.6
287	0.000116003	-12771.6
288	0.000116003	-11030.2
289	0.000116003	-12890.6
290	0.000116003	-16270.7
291	0.000116003	-15113.1
292	0.000116003	-13371.1
293	0.000116003	-14057.5
294	0.000116003	-10537.6
295	0.000116003	-11476.3
296	0.000116003	-11520.7
297	0.000116003	-14161.1
298	0.000116003	-14333.6
299	0.000116003	-14269.6
300	0.000116003	-12761.3
301	0.000116003	-12133.5
302	0.000116003	-11241.5
303	0.000116003	-12041.3
304	0.000116003	-14998.8
305	0.000116003	-13664
306	0.000116003	-13772.8
307	0.000116003	-13910
308	0.000116003	-11567.5
309	0.000116003	-12167.9
310	0.000116003	-14420.6
311	0.000116003	-12871.8
312	0.000116003	-12631.3
313	0.000116003	-12377
314	0.000116003	-11588.7
315	0.000116003	-12446.5
316	0.000116003	-13257
317	0.000116003	-12973.2
318	0.000116003	-13263.8
319	0.000116003	-13550.5
320	0.000116003	-12783
321	0.000116003	-11527.5
322	0.000116003	-12414.6
323	0.000116003	-14076.8
324	0.000116003	-17222.5
325	0.000116003	-12833.8
326	0.000116003	-12252.7
327	0.000116003	-11209
328	0.000116003	-13379
329	0.000116003	-13931.4
330	0.000116003	-11615.5
331	0.000116003	-12129.6
332	0.000116003	-12169
333	0.000116003	-12439.6
334	0.000116003	-13160.3
335	0.000116003	-11562.7
336	0.000116003	-14034.8
337	0.000116003	-11600.2
338	0.000116003	-12396.1
339	0.000116003	-13104.3
340	0.000116003	-11319.8
341	0.000116003	-12171.3
342	0.000116003	-10770.3
343	0.000116003	-13926.9
344	0.000116003	-11354
345	0.000116003	-12679.9
346	0.000116003	-12275.6
347	0.000116003	-12323.7
348	0.000116003	-12178
349	0.000116003	-11942
350	0.000116003	-11807
351	0.000116003	-11342.7
352	0.000116003	-10945.3
353	0.000116003	-11148.4
354	0.000116003	-12553.6
355	0.000116003	-13478.3
356	0.000116003	-13147.3
357	0.000116003	-12242.9
358	0.000116003	-10624.7
359	0.000116003	-10839.7
360	0.000116003	-12829.5
361	0.000116003	-11575.3
362	0.000116003	-12122.4
363	0.000116003	-12440
364	0.000116003	-11918.9
365	0.000116003	-11778.9
366	0.000116003	-11898.5
367	0.000116003	-11391.9
368	0.000116003	-11508
369	0.000116003	-14378.2
370	0.000116003	-10863.9
371	0.000116003	-11484.8
372	0.000116003	-14850.8
373	0.000116003	-14601.4
374	0.000116003	-12896.1
375	0.000116003	-14540.4
376	0.000116003	-13460.7
377	0.000116003	-12732.2
378	0.000116003	-13134.1
379	0.000116003	-11805.4
380	0.000116003	-13143.4
381	0.000116003	-13991.5
382	0.000116003	-12843.3
383	0.000116003	-12460.1
384	0.000116003	-11927.5
385	0.000116003	-13196
386	0.000116003	-14160.4
387	0.000116003	-13835.8
388	0.000116003	-13419.6
389	0.000116003	-14907.2
390	0.000116003	-14105.4
391	0.000116003	-13860
392	0.000116003	-13739.3
393	0.000116003	-12832.6
394	0.000116003	-10984.4
395	0.000116003	-13837
396	0.000116003	-12213.1
397	0.000116003	-13003.6
398	0.000116003	-13941.1
399	0.000116003	-13097.7
400	0.000116003	-13616.6
401	0.000116003	-12784.2
402	0.000116003	-12216.6
403	0.000116003	-12926.6
404	0.000116003	-12723.1
405	0.000116003	-11911.4
406	0.000116003	-10969.3
407	0.000116003	-10975
408	0.000116003	-13180.5
409	0.000116003	-15285.9
410	0.000116003	-17844.2
411	0.000116003	-12896.8
412	0.000116003	-15553.1
413	0.000116003	-13753.2
414	0.000116003	-12284.2
415	0.000116003	-12537
416	0.000116003	-14473.9
417	0.000116003	-15518.4
418	0.000116003	-14546.6
419	0.000116003	-11724.9
420	0.000116003	-12231
421	0.000116003	-11892.8
422	0.000116003	-11476.1
423	0.000116003	-17287
424	0.000116003	-13609.1
425	0.000116003	-13958.5
426	0.000116003	-11542.9
427	0.000116003	-13406.8
428	0.000116003	-12769.3
429	0.000116003	-12237.2
430	0.000116003	-12863.2
431	0.000116003	-13101.6
432	0.000116003	-12241.5
433	0.000116003	-11723
434	0.000116003	-11547.3
435	0.000116003	-16647.8
436	0.000116003	-12501
437	0.000116003	-11920.3
438	0.000116003	-10856
439	0.000116003	-11670.2
440	0.000116003	-10774.5
441	0.000116003	-11500.6
442	0.000116003	-12342.5
443	0.000116003	-12443.9
444	0.000116003	-12174.3
445	0.000116003	-10732
446	0.000116003	-12022.1
447	0.000116003	-13561.1
448	0.000116003	-13068.6
449	0.000116003	-15285.9
450	0.000116003	-14556.4
451	0.000116003	-11101.8
452	0.000116003	-11434.8
453	0.000116003	-12741.8
454	0.000116003	-14676.6
455	0.000116003	-12657
456	0.000116003	-13316.7
457	0.000116003	-12453.3
458	0.000116003	-10841.9
459	0.000116003	-10345
460	0.000116003	-10964.7
461	0.000116003	-9912.06
462	0.000116003	-12009.5
463	0.000116003	-11070.1
464	0.000116003	-10755.5
465	0.000116003	-11295.3
466	0.000116003	-11384.1
467	0.000116003	-13157.5
468	0.000116003	-11912.8
469	0.000116003	-11330
470	0.000116003	-12715.8
471	0.000116003	-12459.3
472	0.000116003	-13521.6
473	0.000116003	-13098.6
474	0.000116003	-13037.6
475	0.000116003	-13776.1
476	0.000116003	-13348.8
477	0.000116003	-14377.3
478	0.000116003	-14523.2
479	0.000116003	-13520.3
480	0.000116003	-12434.6
481	0.000116003	-13221.1
482	0.000116003	-13087
483	0.000116003	-12421.4
484	0.000116003	-11310.4
485	0.000116003	-11121.3
486	0.000116003	-12796.9
487	0.000116003	-12857
488	0.000116003	-12507.6
489	0.000116003	-12893.1
490	0.000116003	-11838.3
491	0.000116003	-11362.7
492	0.000116003	-10932.5
493	0.000116003	-11222
494	0.000116003	-11621.2
495	0.000116003	-10504.3
496	0.000116003	-11928.4
497	0.000116003	-12579.3
498	0.000116003	-13546.9
499	0.000116003	-12093.8
500	0.000116003	-11418.7
501	0.000116003	-10683.4
502	0.000116003	-10454.1
503	0.000116003	-10710.9
504	0.000116003	-11428.3
505	0.000116003	-12573.6
506	0.000116003	-11939.3
507	0.000116003	-11276.8
508	0.000116003	-12790.9
509	0.000116003	-13586
510	0.000116003	-12748.3
511	0.000116003	-12150.6
512	0.000116003	-11742.7
513	0.000116003	-10968
514	0.000116003	-10945.5
515	0.000116003	-12117.8
516	0.000116003	-14010.7
517	0.000116003	-12137.6
518	0.000116003	-11948.8
519	0.000116003	-13900.3
520	0.000116003	-13168.3
521	0.000116003	-14068.2
522	0.000116003	-11737.2
523	0.000116003	-13978
524	0.000116003	-12237.6
525	0.000116003	-13380.7
526	0.000116003	-12686.2
527	0.000116003	-13040.2
528	0.000116003	-12317.8
529	0.000116003	-14371.4
530	0.000116003	-13430.4
531	0.000116003	-13061.3
532	0.000116003	-13909.3
533	0.000116003	-14163.3
534	0.000116003	-11840.7
535	0.000116003	-11714.5
536	0.000116003	-11313.8
537	0.000116003	-12513.8
538	0.000116003	-13281.2
539	0.000116003	-15519.3
540	0.000116003	-11891.2
541	0.000116003	-12475.8
542	0.000116003	-15766.1
543	0.000116003	-12081
544	0.000116003	-12897.9
545	0.000116003	-12592
546	0.000116003	-11881.3
547	0.000116003	-13651.7
548	0.000116003	-11518.2
549	0.000116003	-11705.7
550	0.000116003	-11291.6
551	0.000116003	-14306.6
552	0.000116003	-12909.5
553	0.000116003	-13893
554	0.000116003	-15622.1
555	0.000116003	-14790.8
556	0.000116003	-14808
557	0.000116003	-12690.3
558	0.000116003	-14507.6
559	0.000116003	-15595.4
560	0.000116003	-13026.7
561	0.000116003	-15322.4
562	0.000116003	-16168.6
563	0.000116003	-15137.7
564	0.000116003	-11338.7
565	0.000116003	-11699.6
566	0.000116003	-11905.1
567	0.000116003	-12288.8
568	0.000116003	-11476.5
569	0.000116003	-11712.8
570	0.000116003	-11657.8
571	0.000116003	-11730.9
572	0.000116003	-12680.9
573	0.000116003	-15206.1
574	0.000116003	-12129.6
575	0.000116003	-14595.5
576	0.000116003	-12707.7
577	0.000116003	-14230
578	0.000116003	-14618.3
579	0.000116003	-12960.7
580	0.000116003	-14998.2
581	0.000116003	-13444.4
582	0.000116003	-12006.4
583	0.000116003	-12414.8
584	0.000116003	-12142.1
585	0.000116003	-12691.3
586	0.000116003	-10909.9
587	0.000116003	-12764.5
588	0.000116003	-12761
589	0.000116003	-13771.8
590	0.000116003	-12868.5
591	0.000116003	-12418.5
592	0.000116003	-11885.4
593	0.000116003	-10054.9
594	0.000116003	-13415.9
595	0.000116003	-11410.7
596	0.000116003	-14187.1
597	0.000116003	-11602.4
598	0.000116003	-15231.6
599	0.000116003	-16354.9
600	0.000116003	-13009.8
601	0.000116003	-13533.2
602	0.000116003	-10363.1
603	0.000116003	-13682.9
604	0.000116003	-12689.4
605	0.000116003	-13934.9
606	0.000116003	-13540.5
607	0.000116003	-13972
608	0.000116003	-13431.6
609	0.000116003	-12573.5
610	0.000116003	-11803.4
611	0.000116003	-14218.1
612	0.000116003	-15151
613	0.000116003	-13839.4
614	0.000116003	-12875.4
615	0.000116003	-12907.7
616	0.000116003	-15259
617	0.000116003	-11875.8
618	0.000116003	-11451.3
619	0.000116003	-10469.8
620	0.000116003	-11814.5
621	0.000116003	-13654.9
622	0.000116003	-14289.6
623	0.000116003	-13276.1
624	0.000116003	-16023.7
625	0.000116003	-13664.1
626	0.000116003	-13158.9
627	0.000116003	-10490.9
628	0.000116003	-12714.2
629	0.000116003	-12657.4
630	0.000116003	-11390.4
631	0.000116003	-13382.5
632	0.000116003	-12791
633	0.000116003	-14715.4
634	0.000116003	-15093.2
635	0.000116003	-13693.3
636	0.000116003	-14612.9
637	0.000116003	-14028.4
638	0.000116003	-13544.4
639	0.000116003	-11377.1
640	0.000116003	-14098.7
641	0.000116003	-15889.2
642	0.000116003	-13135.8
643	0.000116003	-13049.7
644	0.000116003	-10787.1
645	0.000116003	-11930.2
646	0.000116003	-12477
647	0.000116003	-11852.1
648	0.000116003	-12879.2
649	0.000116003	-14782.3
650	0.000116003	-14519.9
651	0.000116003	-15342.2
652	0.000116003	-14638.6
653	0.000116003	-14851.8
654	0.000116003	-13409.3
655	0.000116003	-13017
656	0.000116003	-10870.5
657	0.000116003	-11648.3
658	0.000116003	-11494.4
659	0.000116003	-13852.8
660	0.000116003	-11976.5
661	0.000116003	-11537.8
662	0.000116003	-14327
663	0.000116003	-14027.8
664	0.000116003	-14731.3
665	0.000116003	-15656
666	0.000116003	-16137.9
667	0.000116003	-14426.6
668	0.000116003	-12548.9
669	0.000116003	-13958.1
670	0.000116003	-13744.7
671	0.000116003	-11653.5
672	0.000116003	-10620.2
673	0.000116003	-11208.5
674	0.000116003	-11537.1
675	0.000116003	-12854.7
676	0.000116003	-12842
677	0.000116003	-13664.9
678	0.000116003	-12909
679	0.000116003	-12873.4
680	0.000116003	-12341.7
681	0.000116003	-11153.8
682	0.000116003	-14100.7
683	0.000116003	-13256.2
684	0.000116003	-13488.1
685	0.000116003	-14189.4
686	0.000116003	-15226.5
687	0.000116003	-12973.1
688	0.000116003	-17745
689	0.000116003	-17804
690	0.000116003	-11335.2
691	0.000116003	-10805
692	0.000116003	-11169.3
693	0.000116003	-11224.3
694	0.000116003	-11517.6
695	0.000116003	-11040.2
696	0.000116003	-11531.8
697	0.000116003	-13853.4
698	0.000116003	-12681.9
699	0.000116003	-12510.7
700	0.000116003	-12266.9
701	0.000116003	-11342.7
702	0.000116003	-11148.3
703	0.000116003	-12207.3
704	0.000116003	-12968.7
705	0.000116003	-12074.5
706	0.000116003	-12021.1
707	0.000116003	-12948.3
708	0.000116003	-12598.8
709	0.000116003	-13010.5
710	0.000116003	-10909
711	0.000116003	-11357.4
712	0.000116003	-13352.1
713	0.000116003	-13128.8
714	0.000116003	-12418.4
715	0.000116003	-11488.7
716	0.000116003	-12038.9
717	0.000116003	-12457.6
718	0.000116003	-13067.3
719	0.000116003	-15251.1
720	0.000116003	-12093.6
721	0.000116003	-11045.3
722	0.000116003	-11866.7
723	0.000116003	-11797.1
724	0.000116003	-12984.8
725	0.000116003	-12515.7
726	0.000116003	-12837
727	0.000116003	-13292.1
728	0.000116003	-11652.1
729	0.000116003	-12035.5
730	0.000116003	-12288.9
731	0.000116003	-11896.6
732	0.000116003	-13900.5
733	0.000116003	-13708
734	0.000116003	-12532.1
735	0.000116003	-16497.4
736	0.000116003	-13148.8
737	0.000116003	-12597.4
738	0.000116003	-11492.2
739	0.000116003	-11999.8
740	0.000116003	-11655.4
741	0.000116003	-11538.9
742	0.000116003	-12557.2
743	0.000116003	-11679.4
744	0.000116003	-11404.3
745	0.000116003	-12121.9
746	0.000116003	-10957.5
747	0.000116003	-11853.2
748	0.000116003	-14403.5
749	0.000116003	-13052.5
750	0.000116003	-15516.1
751	0.000116003	-12333.1
752	0.000116003	-12638.7
753	0.000116003	-13887.7
754	0.000116003	-13852.5
755	0.000116003	-14303.9
756	0.000116003	-12168.7
757	0.000116003	-12289.4
758	0.000116003	-10328.7
759	0.000116003	-11295.6
760	0.000116003	-11255.2
761	0.000116003	-12156.5
762	0.000116003	-12805
763	0.000116003	-12695.7
764	0.000116003	-12519.1
765	0.000116003	-12931.2
766	0.000116003	-12546.4
767	0.000116003	-14640.6
768	0.000116003	-12044.3
769	0.000116003	-12577.4
770	0.000116003	-16684.7
771	0.000116003	-14720.2
772	0.000116003	-15766.8
773	0.000116003	-13458.7
774	0.000116003	-13694.6
775	0.000116003	-15128.2
776	0.000116003	-11475.6
777	0.000116003	-12823.2
778	0.000116003	-12404
779	0.000116003	-12453.8
780	0.000116003	-12822.6
781	0.000116003	-12692.9
782	0.000116003	-12416.7
783	0.000116003	-12063.1
784	0.000116003	-12739.2
785	0.000116003	-11568.3
786	0.000116003	-12210.1
787	0.000116003	-13800
788	0.000116003	-15521.3
789	0.000116003	-16575.1
790	0.000116003	-14047.1
791	0.000116003	-15678.9
792	0.000116003	-18411.5
793	0.000116003	-15902.3
794	0.000116003	-14025.3
795	0.000116003	-19827.1
796	0.000116003	-14599
797	0.000116003	-13288.3
798	0.000116003	-11201
799	0.000116003	-10510
800	0.000116003	-10660.5
801	0.000116003	-12286.4
802	0.000116003	-10874.6
803	0.000116003	-11235.5
804	0.000116003	-10883.7
805	0.000116003	-11789.7
806	0.000116003	-11369.2
807	0.000116003	-12564.9
808	0.000116003	-12551.1
809	0.000116003	-12647
810	0.000116003	-14452.4
811	0.000116003	-11170
812	0.000116003	-16794
813	0.000116003	-13435.1
814	0.000116003	-12155.5
815	0.000116003	-11239
816	0.000116003	-12281.7
817	0.000116003	-12060.5
818	0.000116003	-11213.6
819	0.000116003	-12202.5
820	0.000116003	-13607.3
821	0.000116003	-12880.4
822	0.000116003	-11748.7
823	0.000116003	-11989.9
824	0.000116003	-13129.4
825	0.000116003	-13183.3
826	0.000116003	-11172.5
827	0.000116003	-13106.3
828	0.000116003	-13820.5
829	0.000116003	-13511
830	0.000116003	-15199.6
831	0.000116003	-12946.6
832	0.000116003	-11878.9
833	0.000116003	-11769.2
834	0.000116003	-11897.4
835	0.000116003	-11715
836	0.000116003	-12730.3
837	0.000116003	-11853
838	0.000116003	-13291.4
839	0.000116003	-11414.9
840	0.000116003	-14563.3
841	0.000116003	-13860.6
842	0.000116003	-11932.8
843	0.000116003	-13227.8
844	0.000116003	-12507
845	0.000116003	-11471.1
846	0.000116003	-11776.1
847	0.000116003	-11450.3
848	0.000116003	-11243.5
849	0.000116003	-11162
850	0.000116003	-10515.9
851	0.000116003	-11348
852	0.000116003	-11890.1
853	0.000116003	-12350.1
854	0.000116003	-11892.8
855	0.000116003	-12841.8
856	0.000116003	-12548.6
857	0.000116003	-12334.7
858	0.000116003	-12198
859	0.000116003	-11891.3
860	0.000116003	-11611
861	0.000116003	-13089
862	0.000116003	-13685
863	0.000116003	-11030.1
864	0.000116003	-10845
865	0.000116003	-13429.3
866	0.000116003	-11590.3
867	0.000116003	-13240.3
868	0.000116003	-13537.8
869	0.000116003	-11852.7
870	0.000116003	-11932.3
871	0.000116003	-12086.2
872	0.000116003	-11355.6
873	0.000116003	-12979.8
874	0.000116003	-12710.6
875	0.000116003	-12178.2
876	0.000116003	-16441.5
877	0.000116003	-13981.5
878	0.000116003	-13724.4
879	0.000116003	-11801.6
880	0.000116003	-13477.3
881	0.000116003	-12270.3
882	0.000116003	-11919.5
883	0.000116003	-15631.3
884	0.000116003	-12254.3
885	0.000116003	-12333.7
886	0.000116003	-11479.1
887	0.000116003	-13376.5
888	0.000116003	-10512.3
889	0.000116003	-12979.1
890	0.000116003	-10656.9
891	0.000116003	-11420.6
892	0.000116003	-10382.6
893	0.000116003	-10785.1
894	0.000116003	-11488.5
895	0.000116003	-11305.1
896	0.000116003	-10910.3
897	0.000116003	-12981.2
898	0.000116003	-12753.3
899	0.000116003	-13318.6
900	0.000116003	-14121.9
901	0.000116003	-15108.2
902	0.000116003	-19743
903	0.000116003	-18928.4
904	0.000116003	-17744.1
905	0.000116003	-13105.5
906	0.000116003	-11275.8
907	0.000116003	-12047.2
908	0.000116003	-13752.4
909	0.000116003	-11079.3
910	0.000116003	-12313.6
911	0.000116003	-14540.3
912	0.000116003	-11540.8
913	0.000116003	-13002.2
914	0.000116003	-11761.8
915	0.000116003	-12570.7
916	0.000116003	-17169.3
917	0.000116003	-16788.9
918	0.000116003	-12503.2
919	0.000116003	-13265.9
920	0.000116003	-13613.4
921	0.000116003	-13462
922	0.000116003	-16976
923	0.000116003	-19604.3
924	0.000116003	-14634.8
925	0.000116003	-15089.4
926	0.000116003	-14160.8
927	0.000116003	-15595.3
928	0.000116003	-11925.1
929	0.000116003	-15196.2
930	0.000116003	-15418.1
931	0.000116003	-15907.3
932	0.000116003	-16016.6
933	0.000116003	-14037.3
934	0.000116003	-12222.9
935	0.000116003	-12588
936	0.000116003	-11747.4
937	0.000116003	-11300.4
938	0.000116003	-11838.2
939	0.000116003	-11021.9
940	0.000116003	-10537.6
941	0.000116003	-11245.5
942	0.000116003	-13004.8
943	0.000116003	-11949.8
944	0.000116003	-13019.3
945	0.000116003	-10759.1
946	0.000116003	-13729.2
947	0.000116003	-11433.2
948	0.000116003	-13012.9
949	0.000116003	-12664.7
950	0.000116003	-14567.7
951	0.000116003	-11981.9
952	0.000116003	-12604.4
953	0.000116003	-16852.3
954	0.000116003	-14847.4
955	0.000116003	-12715.5
956	0.000116003	-14327.7
957	0.000116003	-13165.9
958	0.000116003	-11917.6
959	0.000116003	-11448.5
960	0.000116003	-15347.8
961	0.000116003	-12763.6
962	0.000116003	-11992.4
963	0.000116003	-13648.3
964	0.000116003	-17114.7
965	0.000116003	-14009.9
966	0.000116003	-15794
967	0.000116003	-18361.5
968	0.000116003	-16072
969	0.000116003	-13787.8
970	0.000116003	-11088.6
971	0.000116003	-12583
972	0.000116003	-13423.2
973	0.000116003	-10264.7
974	0.000116003	-11139.9
975	0.000116003	-13738.3
976	0.000116003	-12095
977	0.000116003	-11411.8
978	0.000116003	-11408.3
979	0.000116003	-10276.9
980	0.000116003	-12953.1
981	0.000116003	-12501.2
982	0.000116003	-14375
983	0.000116003	-17116.5
984	0.000116003	-16143.9
985	0.000116003	-16997.3
986	0.000116003	-12779.9
987	0.000116003	-11274.3
988	0.000116003	-11142.7
989	0.000116003	-12875.7
990	0.000116003	-12327.5
991	0.000116003	-13687.5
992	0.000116003	-12350.3
993	0.000116003	-11676.3
994	0.000116003	-11424.1
995	0.000116003	-11945.1
996	0.000116003	-12812.2
997	0.000116003	-15297.2
998	0.000116003	-13449.6
999	0.000116003	-13167.7
1000	0.000116003	-11999.9
251	5.9499e-05	-12327.3
252	5.9499e-05	-11899.7
253	5.9499e-05	-13574.3
254	5.9499e-05	-13623.8
255	5.9499e-05	-14744.6
256	5.9499e-05	-13705.4
257	5.9499e-05	-11751.6
258	5.9499e-05	-13779.7
259	5.9499e-05	-14231.6
260	5.9499e-05	-13589.2
261	5.9499e-05	-11441.4
262	5.9499e-05	-11737.9
263	5.9499e-05	-12966.5
264	5.9499e-05	-13044.2
265	5.9499e-05	-12917.3
266	5.9499e-05	-12307.4
267	5.9499e-05	-11789.6
268	5.9499e-05	-11191.7
269	5.9499e-05	-12079.2
270	5.9499e-05	-12294.9
271	5.9499e-05	-11819
272	5.9499e-05	-13773.3
273	5.9499e-05	-12689.1
274	5.9499e-05	-17075.7
275	5.9499e-05	-11843.6
276	5.9499e-05	-13198.1
277	5.9499e-05	-10963.1
278	5.9499e-05	-11420.3
279	5.9499e-05	-10957.5
280	5.9499e-05	-11753.6
281	5.9499e-05	-13546.7
282	5.9499e-05	-11393.1
283	5.9499e-05	-11607.5
284	5.9499e-05	-12431.1
285	5.9499e-05	-13513.6
286	5.9499e-05	-13215.6
287	5.9499e-05	-12942.5
288	5.9499e-05	-12833.2
289	5.9499e-05	-14100.2
290	5.9499e-05	-13952.8
291	5.9499e-05	-12525.2
292	5.9499e-05	-11194.1
293	5.9499e-05	-11438.3
294	5.9499e-05	-11754
295	5.9499e-05	-13411.1
296	5.9499e-05	-13286.5
297	5.9499e-05	-11974.8
298	5.9499e-05	-14046.2
299	5.9499e-05	-13424.2
300	5.9499e-05	-12982.1
301	5.9499e-05	-14922.7
302	5.9499e-05	-12953.1
303	5.9499e-05	-17147.2
304	5.9499e-05	-12174
305	5.9499e-05	-11170.6
306	5.9499e-05	-10804.6
307	5.9499e-05	-15121.2
308	5.9499e-05	-12420.1
309	5.9499e-05	-11062.1
310	5.9499e-05	-11027.5
311	5.9499e-05	-11235.5
312	5.9499e-05	-12553.8
313	5.9499e-05	-12377.4
314	5.9499e-05	-12484.8
315	5.9499e-05	-11533.3
316	5.9499e-05	-13557.8
317	5.9499e-05	-11587
318	5.9499e-05	-10928.8
319	5.9499e-05	-11212
320	5.9499e-05	-10996.8
321	5.9499e-05	-13915.1
322	5.9499e-05	-14507.3
323	5.9499e-05	-12815.5
324	5.9499e-05	-12000.9
325	5.9499e-05	-12269.1
326	5.9499e-05	-12223.6
327	5.9499e-05	-11806.7
328	5.9499e-05	-12081.6
329	5.9499e-05	-12341.1
330	5.9499e-05	-12299.5
331	5.9499e-05	-12010.3
332	5.9499e-05	-12951.2
333	5.9499e-05	-11232.3
334	5.9499e-05	-10643.9
335	5.9499e-05	-13225.8
336	5.9499e-05	-11350.5
337	5.9499e-05	-12268.7
338	5.9499e-05	-15084
339	5.9499e-05	-15151.1
340	5.9499e-05	-12356.5
341	5.9499e-05	-11894.1
342	5.9499e-05	-10994.8
343	5.9499e-05	-12203
344	5.9499e-05	-11754.7
345	5.9499e-05	-13428.7
346	5.9499e-05	-14461.1
347	5.9499e-05	-13506.3
348	5.9499e-05	-12376.8
349	5.9499e-05	-11775
350	5.9499e-05	-12702.5
351	5.9499e-05	-12190
352	5.9499e-05	-12373.6
353	5.9499e-05	-11741.2
354	5.9499e-05	-10381.7
355	5.9499e-05	-12876.2
356	5.9499e-05	-12811.4
357	5.9499e-05	-10433.9
358	5.9499e-05	-11081.3
359	5.9499e-05	-13472.9
360	5.9499e-05	-12562.1
361	5.9499e-05	-12679.2
362	5.9499e-05	-11258.5
363	5.9499e-05	-10361.2
364	5.9499e-05	-11191.8
365	5.9499e-05	-15075.6
366	5.9499e-05	-12269.8
367	5.9499e-05	-13751.7
368	5.9499e-05	-15490.2
369	5.9499e-05	-14377.4
370	5.9499e-05	-12645.9
371	5.9499e-05	-14824.6
372	5.9499e-05	-12327
373	5.9499e-05	-12385.4
374	5.9499e-05	-12794.4
375	5.9499e-05	-14446.6
376	5.9499e-05	-14162.4
377	5.9499e-05	-13922
378	5.9499e-05	-12630.8
379	5.9499e-05	-12099.9
380	5.9499e-05	-11845.4
381	5.9499e-05	-12397.3
382	5.9499e-05	-12546.5
383	5.9499e-05	-15764.4
384	5.9499e-05	-14042.3
385	5.9499e-05	-15876.8
386	5.9499e-05	-13673.6
387	5.9499e-05	-13990
388	5.9499e-05	-11307.3
389	5.9499e-05	-11876.1
390	5.9499e-05	-10618
391	5.9499e-05	-10477
392	5.9499e-05	-11400
393	5.9499e-05	-11434.6
394	5.9499e-05	-12279.6
395	5.9499e-05	-14789.9
396	5.9499e-05	-15493.4
397	5.9499e-05	-12535.8
398	5.9499e-05	-11855.8
399	5.9499e-05	-11968.3
400	5.9499e-05	-11736.9
401	5.9499e-05	-13935.7
402	5.9499e-05	-11156.4
403	5.9499e-05	-12090.9
404	5.9499e-05	-13901.7
405	5.9499e-05	-13675.5
406	5.9499e-05	-11603.4
407	5.9499e-05	-12482.5
408	5.9499e-05	-14415.6
409	5.9499e-05	-15266.1
410	5.9499e-05	-12394
411	5.9499e-05	-12352.1
412	5.9499e-05	-14494.4
413	5.9499e-05	-13448.6
414	5.9499e-05	-13204.6
415	5.9499e-05	-12541.4
416	5.9499e-05	-14242.9
417	5.9499e-05	-13177.5
418	5.9499e-05	-14931.9
419	5.9499e-05	-15457.8
420	5.9499e-05	-12213.7
421	5.9499e-05	-11560.1
422	5.9499e-05	-12639.8
423	5.9499e-05	-13813.7
424	5.9499e-05	-15405.3
425	5.9499e-05	-13168.2
426	5.9499e-05	-13276.5
427	5.9499e-05	-12340.5
428	5.9499e-05	-11290.5
429	5.9499e-05	-11260.4
430	5.9499e-05	-12927.9
431	5.9499e-05	-11884.5
432	5.9499e-05	-14593.3
433	5.9499e-05	-12810.1
434	5.9499e-05	-11723.1
435	5.9499e-05	-12387.7
436	5.9499e-05	-13207.2
437	5.9499e-05	-15119.1
438	5.9499e-05	-15097.9
439	5.9499e-05	-13082.4
440	5.9499e-05	-11910.1
441	5.9499e-05	-13296.7
442	5.9499e-05	-11335.3
443	5.9499e-05	-14852.4
444	5.9499e-05	-14369.7
445	5.9499e-05	-15387
446	5.9499e-05	-13232.4
447	5.9499e-05	-13101.7
448	5.9499e-05	-13187.6
449	5.9499e-05	-14193.1
450	5.9499e-05	-14417.7
451	5.9499e-05	-13260.3
452	5.9499e-05	-11517.4
453	5.9499e-05	-10946
454	5.9499e-05	-11556.9
455	5.9499e-05	-11824
456	5.9499e-05	-12172.6
457	5.9499e-05	-11645.9
458	5.9499e-05	-11915.8
459	5.9499e-05	-12232.6
460	5.9499e-05	-14169.9
461	5.9499e-05	-11766.1
462	5.9499e-05	-11080.8
463	5.9499e-05	-13024.9
464	5.9499e-05	-12551.8
465	5.9499e-05	-14038.5
466	5.9499e-05	-12552.8
467	5.9499e-05	-14968.2
468	5.9499e-05	-13276.5
469	5.9499e-05	-14803.3
470	5.9499e-05	-15725.9
471	5.9499e-05	-12832.3
472	5.9499e-05	-11802.1
473	5.9499e-05	-11927.1
474	5.9499e-05	-11952.5
475	5.9499e-05	-17470.5
476	5.9499e-05	-14559.7
477	5.9499e-05	-11913
478	5.9499e-05	-12763.1
479	5.9499e-05	-11821.7
480	5.9499e-05	-11891.3
481	5.9499e-05	-11435.2
482	5.9499e-05	-11560.2
483	5.9499e-05	-12676.9
484	5.9499e-05	-13818.2
485	5.9499e-05	-11848.9
486	5.9499e-05	-11857.8
487	5.9499e-05	-12272.1
488	5.9499e-05	-13179
489	5.9499e-05	-13010.9
490	5.9499e-05	-12406.2
491	5.9499e-05	-11865.7
492	5.9499e-05	-12389.7
493	5.9499e-05	-12639.7
494	5.9499e-05	-11942.1
495	5.9499e-05	-13683.8
496	5.9499e-05	-14192.1
497	5.9499e-05	-14036.9
498	5.9499e-05	-14892.3
499	5.9499e-05	-15037.7
500	5.9499e-05	-15275.4
501	5.9499e-05	-12048.8
502	5.9499e-05	-16763.6
503	5.9499e-05	-14720.6
504	5.9499e-05	-13526
505	5.9499e-05	-12275.8
506	5.9499e-05	-13554.1
507	5.9499e-05	-11402.7
508	5.9499e-05	-11430.6
509	5.9499e-05	-12392.8
510	5.9499e-05	-11514.2
511	5.9499e-05	-10872
512	5.9499e-05	-13184.2
513	5.9499e-05	-13646.6
514	5.9499e-05	-13946.1
515	5.9499e-05	-17447.5
516	5.9499e-05	-14030.5
517	5.9499e-05	-14732.3
518	5.9499e-05	-14775.6
519	5.9499e-05	-14912.4
520	5.9499e-05	-12981
521	5.9499e-05	-12011.3
522	5.9499e-05	-12144.7
523	5.9499e-05	-11079.8
524	5.9499e-05	-17554.4
525	5.9499e-05	-16548.8
526	5.9499e-05	-11930.9
527	5.9499e-05	-12480.5
528	5.9499e-05	-12576.9
529	5.9499e-05	-15713.1
530	5.9499e-05	-15425.6
531	5.9499e-05	-12498.3
532	5.9499e-05	-14055.9
533	5.9499e-05	-15135.7
534	5.9499e-05	-11676.5
535	5.9499e-05	-15734.1
536	5.9499e-05	-12469
537	5.9499e-05	-16231.1
538	5.9499e-05	-18147.4
539	5.9499e-05	-18065.5
540	5.9499e-05	-15711.3
541	5.9499e-05	-13619.5
542	5.9499e-05	-13058.3
543	5.9499e-05	-16673.6
544	5.9499e-05	-12871
545	5.9499e-05	-13019.2
546	5.9499e-05	-14784.3
547	5.9499e-05	-12635.6
548	5.9499e-05	-14741.2
549	5.9499e-05	-15308
550	5.9499e-05	-13679.3
551	5.9499e-05	-12340.6
552	5.9499e-05	-15758.1
553	5.9499e-05	-15030.8
554	5.9499e-05	-13664.8
555	5.9499e-05	-13603.7
556	5.9499e-05	-13715.5
557	5.9499e-05	-12739.4
558	5.9499e-05	-17918.2
559	5.9499e-05	-15669.9
560	5.9499e-05	-12559.6
561	5.9499e-05	-11726.9
562	5.9499e-05	-10946.8
563	5.9499e-05	-11460.9
564	5.9499e-05	-10837.9
565	5.9499e-05	-11734.1
566	5.9499e-05	-11812.2
567	5.9499e-05	-12707.5
568	5.9499e-05	-13127.2
569	5.9499e-05	-13352.3
570	5.9499e-05	-12619.1
571	5.9499e-05	-13932.5
572	5.9499e-05	-15293.9
573	5.9499e-05	-13712
574	5.9499e-05	-13048.3
575	5.9499e-05	-12295.8
576	5.9499e-05	-12191.2
577	5.9499e-05	-11820.8
578	5.9499e-05	-11019
579	5.9499e-05	-10710
580	5.9499e-05	-14107.8
581	5.9499e-05	-11182.1
582	5.9499e-05	-13012.7
583	5.9499e-05	-13345
584	5.9499e-05	-13203.6
585	5.9499e-05	-14305.2
586	5.9499e-05	-14341.1
587	5.9499e-05	-13832.7
588	5.9499e-05	-13963
589	5.9499e-05	-12569.4
590	5.9499e-05	-11728.2
591	5.9499e-05	-11739
592	5.9499e-05	-11665.9
593	5.9499e-05	-13238.6
594	5.9499e-05	-13728.6
595	5.9499e-05	-12852.4
596	5.9499e-05	-13109.2
597	5.9499e-05	-12398.4
598	5.9499e-05	-12724.1
599	5.9499e-05	-11306.5
600	5.9499e-05	-11310.9
601	5.9499e-05	-13912.5
602	5.9499e-05	-14632.8
603	5.9499e-05	-14440.8
604	5.9499e-05	-14917.6
605	5.9499e-05	-15493.2
606	5.9499e-05	-13764.5
607	5.9499e-05	-14928.7
608	5.9499e-05	-13212.5
609	5.9499e-05	-13199.4
610	5.9499e-05	-13455.9
611	5.9499e-05	-12413.2
612	5.9499e-05	-12658.5
613	5.9499e-05	-11528.8
614	5.9499e-05	-11273
615	5.9499e-05	-12399
616	5.9499e-05	-13106.6
617	5.9499e-05	-12713.6
618	5.9499e-05	-11963.8
619	5.9499e-05	-11512.6
620	5.9499e-05	-12763.2
621	5.9499e-05	-12216.2
622	5.9499e-05	-12061.6
623	5.9499e-05	-13404.8
624	5.9499e-05	-12047.8
625	5.9499e-05	-12490.2
626	5.9499e-05	-11773.3
627	5.9499e-05	-12114
628	5.9499e-05	-11403.4
629	5.9499e-05	-13036.3
630	5.9499e-05	-11851
631	5.9499e-05	-14572.1
632	5.9499e-05	-11400.1
633	5.9499e-05	-11552.5
634	5.9499e-05	-13689.5
635	5.9499e-05	-12678.6
636	5.9499e-05	-11942.6
637	5.9499e-05	-12208.3
638	5.9499e-05	-11422.4
639	5.9499e-05	-11245.3
640	5.9499e-05	-12176.9
641	5.9499e-05	-11811.4
642	5.9499e-05	-15287.3
643	5.9499e-05	-14550.6
644	5.9499e-05	-11046.8
645	5.9499e-05	-10717.3
646	5.9499e-05	-11933.2
647	5.9499e-05	-11745.7
648	5.9499e-05	-10932.9
649	5.9499e-05	-14474.1
650	5.9499e-05	-15112
651	5.9499e-05	-13254
652	5.9499e-05	-12451.1
653	5.9499e-05	-13631.3
654	5.9499e-05	-13997.1
655	5.9499e-05	-11043.7
656	5.9499e-05	-11928.3
657	5.9499e-05	-12079.2
658	5.9499e-05	-12437.8
659	5.9499e-05	-13145.8
660	5.9499e-05	-14802.2
661	5.9499e-05	-15230.6
662	5.9499e-05	-14854.7
663	5.9499e-05	-11857.3
664	5.9499e-05	-11905.6
665	5.9499e-05	-12228.8
666	5.9499e-05	-12720.4
667	5.9499e-05	-13604.8
668	5.9499e-05	-13910.9
669	5.9499e-05	-13133
670	5.9499e-05	-17786.5
671	5.9499e-05	-12816.5
672	5.9499e-05	-11848.1
673	5.9499e-05	-11722.5
674	5.9499e-05	-12258.3
675	5.9499e-05	-13386.6
676	5.9499e-05	-15875
677	5.9499e-05	-15991.3
678	5.9499e-05	-15526.9
679	5.9499e-05	-15129.4
680	5.9499e-05	-14559.3
681	5.9499e-05	-14973.5
682	5.9499e-05	-14076
683	5.9499e-05	-12885.4
684	5.9499e-05	-12817.4
685	5.9499e-05	-12355.1
686	5.9499e-05	-11491.9
687	5.9499e-05	-12061.4
688	5.9499e-05	-12336.8
689	5.9499e-05	-14243.7
690	5.9499e-05	-12911.3
691	5.9499e-05	-14496.2
692	5.9499e-05	-13594.9
693	5.9499e-05	-13551.8
694	5.9499e-05	-12552.5
695	5.9499e-05	-12501.7
696	5.9499e-05	-12974.1
697	5.9499e-05	-14379.7
698	5.9499e-05	-14480.6
699	5.9499e-05	-16877.3
700	5.9499e-05	-12221.9
701	5.9499e-05	-12422.8
702	5.9499e-05	-12640.2
703	5.9499e-05	-13283.1
704	5.9499e-05	-12462
705	5.9499e-05	-12698.1
706	5.9499e-05	-11945.1
707	5.9499e-05	-11221.8
708	5.9499e-05	-11544
709	5.9499e-05	-10694.7
710	5.9499e-05	-11963.8
711	5.9499e-05	-11164.3
712	5.9499e-05	-13210.1
713	5.9499e-05	-11392.9
714	5.9499e-05	-12008.9
715	5.9499e-05	-11566.6
716	5.9499e-05	-11571.5
717	5.9499e-05	-11292.3
718	5.9499e-05	-11187
719	5.9499e-05	-11465
720	5.9499e-05	-11089.8
721	5.9499e-05	-13652.8
722	5.9499e-05	-13426.6
723	5.9499e-05	-13436.4
724	5.9499e-05	-14167.7
725	5.9499e-05	-14717.1
726	5.9499e-05	-13916.3
727	5.9499e-05	-16058.1
728	5.9499e-05	-12945.1
729	5.9499e-05	-13990.4
730	5.9499e-05	-15600.7
731	5.9499e-05	-13554.8
732	5.9499e-05	-11255.2
733	5.9499e-05	-10723.8
734	5.9499e-05	-13345
735	5.9499e-05	-13617.4
736	5.9499e-05	-10995.9
737	5.9499e-05	-11746.8
738	5.9499e-05	-12846
739	5.9499e-05	-11476.9
740	5.9499e-05	-11830.2
741	5.9499e-05	-10670.1
742	5.9499e-05	-10531.6
743	5.9499e-05	-12232.2
744	5.9499e-05	-11069.5
745	5.9499e-05	-16112.9
746	5.9499e-05	-17123.9
747	5.9499e-05	-14770.4
748	5.9499e-05	-14629.8
749	5.9499e-05	-14239.2
750	5.9499e-05	-15009.5
751	5.9499e-05	-14846.4
752	5.9499e-05	-14139.8
753	5.9499e-05	-11389.8
754	5.9499e-05	-10965.5
755	5.9499e-05	-13238.3
756	5.9499e-05	-13976.3
757	5.9499e-05	-16959.7
758	5.9499e-05	-14739.1
759	5.9499e-05	-15626.8
760	5.9499e-05	-12761.2
761	5.9499e-05	-12329
762	5.9499e-05	-11861
763	5.9499e-05	-11027.3
764	5.9499e-05	-12122
765	5.9499e-05	-11699.2
766	5.9499e-05	-14600.6
767	5.9499e-05	-15413.7
768	5.9499e-05	-15830.9
769	5.9499e-05	-14818.5
770	5.9499e-05	-13512.8
771	5.9499e-05	-14160.2
772	5.9499e-05	-11987.6
773	5.9499e-05	-11847.2
774	5.9499e-05	-12289.2
775	5.9499e-05	-11539.3
776	5.9499e-05	-17337.7
777	5.9499e-05	-14323.2
778	5.9499e-05	-12786.8
779	5.9499e-05	-15411.1
780	5.9499e-05	-14314.2
781	5.9499e-05	-13647.7
782	5.9499e-05	-13837.6
783	5.9499e-05	-13966.2
784	5.9499e-05	-11254.7
785	5.9499e-05	-12615.5
786	5.9499e-05	-13872.7
787	5.9499e-05	-11250.3
788	5.9499e-05	-13211.5
789	5.9499e-05	-12719.3
790	5.9499e-05	-13185.7
791	5.9499e-05	-13802.5
792	5.9499e-05	-13786.2
793	5.9499e-05	-15042.9
794	5.9499e-05	-13577.6
795	5.9499e-05	-13544.7
796	5.9499e-05	-11392.7
797	5.9499e-05	-12112.5
798	5.9499e-05	-13102.6
799	5.9499e-05	-13393.2
800	5.9499e-05	-11294.5
801	5.9499e-05	-10290.3
802	5.9499e-05	-11623.4
803	5.9499e-05	-11469.3
804	5.9499e-05	-13080.3
805	5.9499e-05	-13257.1
806	5.9499e-05	-14413.9
807	5.9499e-05	-11899.5
808	5.9499e-05	-12744
809	5.9499e-05	-11820.4
810	5.9499e-05	-12637
811	5.9499e-05	-13796.2
812	5.9499e-05	-13088.6
813	5.9499e-05	-12044.7
814	5.9499e-05	-11612.5
815	5.9499e-05	-11172.4
816	5.9499e-05	-11644.3
817	5.9499e-05	-13704.5
818	5.9499e-05	-11617.5
819	5.9499e-05	-11987.1
820	5.9499e-05	-12147.3
821	5.9499e-05	-11658.3
822	5.9499e-05	-12388.4
823	5.9499e-05	-11646.3
824	5.9499e-05	-11866.1
825	5.9499e-05	-11427.1
826	5.9499e-05	-10881
827	5.9499e-05	-10771.4
828	5.9499e-05	-12311.4
829	5.9499e-05	-10529.4
830	5.9499e-05	-13314
831	5.9499e-05	-13420.9
832	5.9499e-05	-11740.7
833	5.9499e-05	-13165.8
834	5.9499e-05	-13266.2
835	5.9499e-05	-13836.2
836	5.9499e-05	-14232.7
837	5.9499e-05	-14753.7
838	5.9499e-05	-13911.3
839	5.9499e-05	-12146.5
840	5.9499e-05	-15346.8
841	5.9499e-05	-12755.4
842	5.9499e-05	-15109.6
843	5.9499e-05	-12933.6
844	5.9499e-05	-12748.9
845	5.9499e-05	-12893.1
846	5.9499e-05	-11027.2
847	5.9499e-05	-10963
848	5.9499e-05	-12237.3
849	5.9499e-05	-13222.5
850	5.9499e-05	-12537.6
851	5.9499e-05	-13416.7
852	5.9499e-05	-12458.9
853	5.9499e-05	-12850.9
854	5.9499e-05	-10883.3
855	5.9499e-05	-11304.9
856	5.9499e-05	-11109.5
857	5.9499e-05	-17034.6
858	5.9499e-05	-12013.1
859	5.9499e-05	-12821.5
860	5.9499e-05	-12324
861	5.9499e-05	-13572.5
862	5.9499e-05	-12702.3
863	5.9499e-05	-12709
864	5.9499e-05	-13498.2
865	5.9499e-05	-14245.2
866	5.9499e-05	-13922.8
867	5.9499e-05	-10787.3
868	5.9499e-05	-12370.9
869	5.9499e-05	-12385.8
870	5.9499e-05	-14533
871	5.9499e-05	-17302.7
872	5.9499e-05	-15113.7
873	5.9499e-05	-15093
874	5.9499e-05	-13228.4
875	5.9499e-05	-13921.5
876	5.9499e-05	-13196.2
877	5.9499e-05	-13334.7
878	5.9499e-05	-17968.3
879	5.9499e-05	-14717.1
880	5.9499e-05	-13380.5
881	5.9499e-05	-15791.9
882	5.9499e-05	-14637
883	5.9499e-05	-16307.5
884	5.9499e-05	-16458.5
885	5.9499e-05	-17742
886	5.9499e-05	-15985.7
887	5.9499e-05	-14202.5
888	5.9499e-05	-14557.9
889	5.9499e-05	-11788.5
890	5.9499e-05	-11838.7
891	5.9499e-05	-11611.5
892	5.9499e-05	-13148
893	5.9499e-05	-12618.8
894	5.9499e-05	-13733.1
895	5.9499e-05	-12300.3
896	5.9499e-05	-13372.6
897	5.9499e-05	-13649.8
898	5.9499e-05	-14651.2
899	5.9499e-05	-14108.4
900	5.9499e-05	-16221
901	5.9499e-05	-17390.1
902	5.9499e-05	-13372.6
903	5.9499e-05	-12421.6
904	5.9499e-05	-13255.3
905	5.9499e-05	-12438.9
906	5.9499e-05	-13989.2
907	5.9499e-05	-11733
908	5.9499e-05	-12232.5
909	5.9499e-05	-13000.1
910	5.9499e-05	-11787.9
911	5.9499e-05	-10530.6
912	5.9499e-05	-13031.9
913	5.9499e-05	-11767.9
914	5.9499e-05	-12696.2
915	5.9499e-05	-12895.1
916	5.9499e-05	-11056.1
917	5.9499e-05	-11440.6
918	5.9499e-05	-13563.2
919	5.9499e-05	-16981.9
920	5.9499e-05	-13747.6
921	5.9499e-05	-10793.1
922	5.9499e-05	-12448.9
923	5.9499e-05	-11179
924	5.9499e-05	-10353.5
925	5.9499e-05	-10380.3
926	5.9499e-05	-11099.5
927	5.9499e-05	-11491
928	5.9499e-05	-12122.9
929	5.9499e-05	-11985.4
930	5.9499e-05	-11908.5
931	5.9499e-05	-11459.9
932	5.9499e-05	-10874.3
933	5.9499e-05	-11924.3
934	5.9499e-05	-12253.3
935	5.9499e-05	-13255.4
936	5.9499e-05	-10268.2
937	5.9499e-05	-14399.6
938	5.9499e-05	-13395.4
939	5.9499e-05	-13149.8
940	5.9499e-05	-13060.4
941	5.9499e-05	-12323.9
942	5.9499e-05	-12821.8
943	5.9499e-05	-11493.9
944	5.9499e-05	-14995.5
945	5.9499e-05	-21222.1
946	5.9499e-05	-17772.7
947	5.9499e-05	-15220.9
948	5.9499e-05	-11120
949	5.9499e-05	-12138.9
950	5.9499e-05	-12623.6
951	5.9499e-05	-12028.2
952	5.9499e-05	-11839.9
953	5.9499e-05	-11877.6
954	5.9499e-05	-11662.8
955	5.9499e-05	-12832.2
956	5.9499e-05	-12603.2
957	5.9499e-05	-14453.7
958	5.9499e-05	-12104.1
959	5.9499e-05	-13861.8
960	5.9499e-05	-16195.6
961	5.9499e-05	-17238.8
962	5.9499e-05	-14156.7
963	5.9499e-05	-10889.9
964	5.9499e-05	-12381
965	5.9499e-05	-11829.7
966	5.9499e-05	-11916.9
967	5.9499e-05	-13188.7
968	5.9499e-05	-13471.7
969	5.9499e-05	-13720.6
970	5.9499e-05	-12010.3
971	5.9499e-05	-12890.7
972	5.9499e-05	-14488.4
973	5.9499e-05	-14965.2
974	5.9499e-05	-12932.7
975	5.9499e-05	-13506.8
976	5.9499e-05	-12221.5
977	5.9499e-05	-11794.1
978	5.9499e-05	-11707.7
979	5.9499e-05	-11138.1
980	5.9499e-05	-13516.1
981	5.9499e-05	-11717.8
982	5.9499e-05	-11175.6
983	5.9499e-05	-12513.5
984	5.9499e-05	-12602
985	5.9499e-05	-12062.6
986	5.9499e-05	-14287.9
987	5.9499e-05	-12035.3
988	5.9499e-05	-15108.7
989	5.9499e-05	-11672.1
990	5.9499e-05	-13153.8
991	5.9499e-05	-11324.2
992	5.9499e-05	-11485.9
993	5.9499e-05	-11543.2
994	5.9499e-05	-11619.7
995	5.9499e-05	-13422.3
996	5.9499e-05	-12294.8
997	5.9499e-05	-12249.3
998	5.9499e-05	-12246.8
999	5.9499e-05	-11646.8
1000	5.9499e-05	-13023.6
251	2.75281e-05	-11696.8
252	2.75281e-05	-12141.2
253	2.75281e-05	-11873.1
254	2.75281e-05	-13246.4
255	2.75281e-05	-13376.1
256	2.75281e-05	-14322.3
257	2.75281e-05	-13309.6
258	2.75281e-05	-12797.3
259	2.75281e-05	-16470.1
260	2.75281e-05	-15486.6
261	2.75281e-05	-13443.6
262	2.75281e-05	-13992.7
263	2.75281e-05	-13700.3
264	2.75281e-05	-13434.2
265	2.75281e-05	-13053.6
266	2.75281e-05	-12330.9
267	2.75281e-05	-11097.1
268	2.75281e-05	-11637.6
269	2.75281e-05	-12697.5
270	2.75281e-05	-11070.4
271	2.75281e-05	-13758
272	2.75281e-05	-11285.4
273	2.75281e-05	-15267.2
274	2.75281e-05	-16100.8
275	2.75281e-05	-14857.4
276	2.75281e-05	-14785.3
277	2.75281e-05	-14562.2
278	2.75281e-05	-12743.4
279	2.75281e-05	-13823.2
280	2.75281e-05	-15591.9
281	2.75281e-05	-19979.4
282	2.75281e-05	-11700
283	2.75281e-05	-14070.7
284	2.75281e-05	-15165.5
285	2.75281e-05	-17834.7
286	2.75281e-05	-15733.6
287	2.75281e-05	-13754.7
288	2.75281e-05	-13089.6
289	2.75281e-05	-13438.4
290	2.75281e-05	-13838.8
291	2.75281e-05	-14770.1
292	2.75281e-05	-12784.2
293	2.75281e-05	-12284.7
294	2.75281e-05	-12901.1
295	2.75281e-05	-13067.4
296	2.75281e-05	-10949.4
297	2.75281e-05	-12432.2
298	2.75281e-05	-13829.3
299	2.75281e-05	-11641.6
300	2.75281e-05	-12336.4
301	2.75281e-05	-12396.4
302	2.75281e-05	-12602.1
303	2.75281e-05	-11231.1
304	2.75281e-05	-13972.5
305	2.75281e-05	-11566
306	2.75281e-05	-12893.9
307	2.75281e-05	-13948.5
308	2.75281e-05	-12368.9
309	2.75281e-05	-13388.2
310	2.75281e-05	-12751.4
311	2.75281e-05	-13894.1
312	2.75281e-05	-12355.1
313	2.75281e-05	-11367.2
314	2.75281e-05	-12063.4
315	2.75281e-05	-12257.7
316	2.75281e-05	-13113.2
317	2.75281e-05	-13569.1
318	2.75281e-05	-16194.9
319	2.75281e-05	-18005.6
320	2.75281e-05	-17713
321	2.75281e-05	-21247
322	2.75281e-05	-17220.8
323	2.75281e-05	-16357.9
324	2.75281e-05	-13694.3
325	2.75281e-05	-12568.5
326	2.75281e-05	-13241.3
327	2.75281e-05	-13853.2
328	2.75281e-05	-14900.3
329	2.75281e-05	-13800.7
330	2.75281e-05	-14003.4
331	2.75281e-05	-12932.6
332	2.75281e-05	-12792.9
333	2.75281e-05	-12605.8
334	2.75281e-05	-11801.9
335	2.75281e-05	-11578.4
336	2.75281e-05	-12816.1
337	2.75281e-05	-12003.8
338	2.75281e-05	-10385.9
339	2.75281e-05	-10815.6
340	2.75281e-05	-11381.2
341	2.75281e-05	-13844
342	2.75281e-05	-12918.3
343	2.75281e-05	-12813.9
344	2.75281e-05	-13998.6
345	2.75281e-05	-13311.6
346	2.75281e-05	-13093.7
347	2.75281e-05	-13467.7
348	2.75281e-05	-13267.4
349	2.75281e-05	-11817.5
350	2.75281e-05	-11839.9
351	2.75281e-05	-12381
352	2.75281e-05	-13152.2
353	2.75281e-05	-11552.5
354	2.75281e-05	-11182.4
355	2.75281e-05	-10691.4
356	2.75281e-05	-11740.2
357	2.75281e-05	-10712
358	2.75281e-05	-12267.5
359	2.75281e-05	-12108.4
360	2.75281e-05	-12515.3
361	2.75281e-05	-13387.7
362	2.75281e-05	-13303.3
363	2.75281e-05	-16289.5
364	2.75281e-05	-15343.5
365	2.75281e-05	-15613.6
366	2.75281e-05	-16705.7
367	2.75281e-05	-10923.3
368	2.75281e-05	-11429.2
369	2.75281e-05	-11456.5
370	2.75281e-05	-11047.5
371	2.75281e-05	-10406.3
372	2.75281e-05	-12180.7
373	2.75281e-05	-11122.5
374	2.75281e-05	-11205.1
375	2.75281e-05	-12294.1
376	2.75281e-05	-11994.3
377	2.75281e-05	-11937.5
378	2.75281e-05	-12061.5
379	2.75281e-05	-13800.2
380	2.75281e-05	-12529.4
381	2.75281e-05	-14878.2
382	2.75281e-05	-14559.3
383	2.75281e-05	-13493.4
384	2.75281e-05	-10580
385	2.75281e-05	-11810.1
386	2.75281e-05	-13111.6
387	2.75281e-05	-11022.5
388	2.75281e-05	-12197.5
389	2.75281e-05	-13406
390	2.75281e-05	-13216.7
391	2.75281e-05	-14396.6
392	2.75281e-05	-14727.2
393	2.75281e-05	-15973.4
394	2.75281e-05	-16343.5
395	2.75281e-05	-14974.7
396	2.75281e-05	-14429
397	2.75281e-05	-10850.4
398	2.75281e-05	-11893.9
399	2.75281e-05	-11811.5
400	2.75281e-05	-11507.4
401	2.75281e-05	-10832.2
402	2.75281e-05	-12027.9
403	2.75281e-05	-11282.3
404	2.75281e-05	-11033.9
405	2.75281e-05	-11953.7
406	2.75281e-05	-11924.5
407	2.75281e-05	-11804.7
408	2.75281e-05	-12120.6
409	2.75281e-05	-15099.6
410	2.75281e-05	-13567.1
411	2.75281e-05	-14652
412	2.75281e-05	-13225.2
413	2.75281e-05	-11883.6
414	2.75281e-05	-11424.3
415	2.75281e-05	-11329.2
416	2.75281e-05	-13112.7
417	2.75281e-05	-12026.9
418	2.75281e-05	-12365.6
419	2.75281e-05	-13465.3
420	2.75281e-05	-13536.9
421	2.75281e-05	-11875.3
422	2.75281e-05	-12149.6
423	2.75281e-05	-11957.9
424	2.75281e-05	-11990.1
425	2.75281e-05	-13663.3
426	2.75281e-05	-13220.5
427	2.75281e-05	-11543.6
428	2.75281e-05	-12483.6
429	2.75281e-05	-13782
430	2.75281e-05	-11338.6
431	2.75281e-05	-11047.5
432	2.75281e-05	-12773.5
433	2.75281e-05	-11971
434	2.75281e-05	-11967.2
435	2.75281e-05	-12442.7
436	2.75281e-05	-12362.1
437	2.75281e-05	-12037.6
438	2.75281e-05	-12319.5
439	2.75281e-05	-15571.7
440	2.75281e-05	-12095.8
441	2.75281e-05	-11695.8
442	2.75281e-05	-14922.2
443	2.75281e-05	-15088.6
444	2.75281e-05	-14627.4
445	2.75281e-05	-13367.8
446	2.75281e-05	-11570.6
447	2.75281e-05	-13061.4
448	2.75281e-05	-10572.9
449	2.75281e-05	-12335.7
450	2.75281e-05	-11994.3
451	2.75281e-05	-15463.2
452	2.75281e-05	-15270.9
453	2.75281e-05	-13773.1
454	2.75281e-05	-14937.4
455	2.75281e-05	-11503.8
456	2.75281e-05	-11898.5
457	2.75281e-05	-13550.8
458	2.75281e-05	-13439.6
459	2.75281e-05	-13078
460	2.75281e-05	-11155.8
461	2.75281e-05	-11274.1
462	2.75281e-05	-13664.5
463	2.75281e-05	-13451.9
464	2.75281e-05	-13315
465	2.75281e-05	-14846.6
466	2.75281e-05	-12367.9
467	2.75281e-05	-13991.4
468	2.75281e-05	-13566.5
469	2.75281e-05	-13921.9
470	2.75281e-05	-17635.2
471	2.75281e-05	-13826.3
472	2.75281e-05	-13509.8
473	2.75281e-05	-12932.6
474	2.75281e-05	-12349.2
475	2.75281e-05	-10851.2
476	2.75281e-05	-13707.3
477	2.75281e-05	-12228.1
478	2.75281e-05	-13471.2
479	2.75281e-05	-12200
480	2.75281e-05	-11405
481	2.75281e-05	-13019.8
482	2.75281e-05	-14001
483	2.75281e-05	-13061.3
484	2.75281e-05	-13274
485	2.75281e-05	-13010.2
486	2.75281e-05	-12972.1
487	2.75281e-05	-13625
488	2.75281e-05	-12558.1
489	2.75281e-05	-13862.1
490	2.75281e-05	-13107
491	2.75281e-05	-14991.3
492	2.75281e-05	-13964.6
493	2.75281e-05	-14690.7
494	2.75281e-05	-13505.7
495	2.75281e-05	-13076
496	2.75281e-05	-14027.6
497	2.75281e-05	-11848.3
498	2.75281e-05	-11393.2
499	2.75281e-05	-10906.9
500	2.75281e-05	-12757.2
501	2.75281e-05	-14255.5
502	2.75281e-05	-11879.8
503	2.75281e-05	-14310.1
504	2.75281e-05	-13352.9
505	2.75281e-05	-14936.5
506	2.75281e-05	-14927.6
507	2.75281e-05	-11649.5
508	2.75281e-05	-11201.6
509	2.75281e-05	-10702
510	2.75281e-05	-11687.7
511	2.75281e-05	-11360.9
512	2.75281e-05	-14788.4
513	2.75281e-05	-13995.5
514	2.75281e-05	-15106
515	2.75281e-05	-13907.7
516	2.75281e-05	-13292.3
517	2.75281e-05	-12464.4
518	2.75281e-05	-14216.4
519	2.75281e-05	-13015.5
520	2.75281e-05	-13518.1
521	2.75281e-05	-11094.7
522	2.75281e-05	-11114.4
523	2.75281e-05	-11328.4
524	2.75281e-05	-11605.4
525	2.75281e-05	-11378.6
526	2.75281e-05	-17746.7
527	2.75281e-05	-16985.9
528	2.75281e-05	-17680.4
529	2.75281e-05	-11627
530	2.75281e-05	-15093.6
531	2.75281e-05	-12501
532	2.75281e-05	-11303.8
533	2.75281e-05	-11115.9
534	2.75281e-05	-10727.1
535	2.75281e-05	-11151.8
536	2.75281e-05	-12232.5
537	2.75281e-05	-11455
538	2.75281e-05	-10174.3
539	2.75281e-05	-11548.3
540	2.75281e-05	-11865.4
541	2.75281e-05	-13297.1
542	2.75281e-05	-13165
543	2.75281e-05	-12188.8
544	2.75281e-05	-12474.3
545	2.75281e-05	-15695.5
546	2.75281e-05	-14805
547	2.75281e-05	-11506.2
548	2.75281e-05	-13464.9
549	2.75281e-05	-10951.5
550	2.75281e-05	-12470.6
551	2.75281e-05	-12440.9
552	2.75281e-05	-11620.9
553	2.75281e-05	-12096.9
554	2.75281e-05	-14179.4
555	2.75281e-05	-14228.7
556	2.75281e-05	-11936.9
557	2.75281e-05	-11222.3
558	2.75281e-05	-13690.5
559	2.75281e-05	-14075.4
560	2.75281e-05	-13811.9
561	2.75281e-05	-11787.1
562	2.75281e-05	-12594.3
563	2.75281e-05	-11197.9
564	2.75281e-05	-11546
565	2.75281e-05	-11955.4
566	2.75281e-05	-11731.2
567	2.75281e-05	-11222.4
568	2.75281e-05	-14333.5
569	2.75281e-05	-12777.4
570	2.75281e-05	-12254.2
571	2.75281e-05	-11840.2
572	2.75281e-05	-12467.8
573	2.75281e-05	-11834.9
574	2.75281e-05	-14060.5
575	2.75281e-05	-12824.3
576	2.75281e-05	-11612.5
577	2.75281e-05	-14377.4
578	2.75281e-05	-13779.4
579	2.75281e-05	-13342
580	2.75281e-05	-16703.7
581	2.75281e-05	-15930.6
582	2.75281e-05	-14708.2
583	2.75281e-05	-12019.5
584	2.75281e-05	-13471.6
585	2.75281e-05	-12471.7
586	2.75281e-05	-11040.9
587	2.75281e-05	-11581.6
588	2.75281e-05	-12072.3
589	2.75281e-05	-13297.4
590	2.75281e-05	-10466.5
591	2.75281e-05	-11183.1
592	2.75281e-05	-11994.9
593	2.75281e-05	-12448.6
594	2.75281e-05	-11739
595	2.75281e-05	-11982.1
596	2.75281e-05	-12238.3
597	2.75281e-05	-14181.3
598	2.75281e-05	-14535.7
599	2.75281e-05	-12908.9
600	2.75281e-05	-12425.9
601	2.75281e-05	-11846.8
602	2.75281e-05	-12851.8
603	2.75281e-05	-13070.9
604	2.75281e-05	-14353.3
605	2.75281e-05	-14224.6
606	2.75281e-05	-10394
607	2.75281e-05	-14855.6
608	2.75281e-05	-13763.4
609	2.75281e-05	-13429.1
610	2.75281e-05	-13754.3
611	2.75281e-05	-13653.7
612	2.75281e-05	-15978.2
613	2.75281e-05	-12432.9
614	2.75281e-05	-12293.3
615	2.75281e-05	-12797.2
616	2.75281e-05	-13105.3
617	2.75281e-05	-15844.6
618	2.75281e-05	-13757.3
619	2.75281e-05	-12460.2
620	2.75281e-05	-12400.3
621	2.75281e-05	-11750.3
622	2.75281e-05	-10745.2
623	2.75281e-05	-11050.2
624	2.75281e-05	-11035.4
625	2.75281e-05	-10959
626	2.75281e-05	-11128
627	2.75281e-05	-12147.8
628	2.75281e-05	-11708.3
629	2.75281e-05	-11579.5
630	2.75281e-05	-12891.1
631	2.75281e-05	-12265.1
632	2.75281e-05	-13085.4
633	2.75281e-05	-11775.2
634	2.75281e-05	-12309.7
635	2.75281e-05	-12210.9
636	2.75281e-05	-11419.8
637	2.75281e-05	-12309
638	2.75281e-05	-11515.8
639	2.75281e-05	-11755.9
640	2.75281e-05	-13292.9
641	2.75281e-05	-12511.2
642	2.75281e-05	-12237.4
643	2.75281e-05	-14136.1
644	2.75281e-05	-12849.4
645	2.75281e-05	-12576.5
646	2.75281e-05	-14151.1
647	2.75281e-05	-15562.4
648	2.75281e-05	-15673.5
649	2.75281e-05	-15122.1
650	2.75281e-05	-15212.5
651	2.75281e-05	-11472.5
652	2.75281e-05	-13057.9
653	2.75281e-05	-11482.2
654	2.75281e-05	-13672.4
655	2.75281e-05	-14733
656	2.75281e-05	-15616.8
657	2.75281e-05	-16017.6
658	2.75281e-05	-12377.2
659	2.75281e-05	-16027.9
660	2.75281e-05	-15365.8
661	2.75281e-05	-14228.3
662	2.75281e-05	-15006.5
663	2.75281e-05	-14574.3
664	2.75281e-05	-12904.1
665	2.75281e-05	-14423.4
666	2.75281e-05	-15403
667	2.75281e-05	-13555.1
668	2.75281e-05	-12349.4
669	2.75281e-05	-13434
670	2.75281e-05	-13247.3
671	2.75281e-05	-10957.1
672	2.75281e-05	-13179.9
673	2.75281e-05	-11984.8
674	2.75281e-05	-10997.1
675	2.75281e-05	-12603.7
676	2.75281e-05	-12038.1
677	2.75281e-05	-12844.1
678	2.75281e-05	-13786
679	2.75281e-05	-10775
680	2.75281e-05	-13859.7
681	2.75281e-05	-15656.6
682	2.75281e-05	-17319.4
683	2.75281e-05	-17086.4
684	2.75281e-05	-15765.4
685	2.75281e-05	-14533.4
686	2.75281e-05	-13963.4
687	2.75281e-05	-15470.4
688	2.75281e-05	-13055.9
689	2.75281e-05	-13158.7
690	2.75281e-05	-12692.9
691	2.75281e-05	-13503.1
692	2.75281e-05	-13258.2
693	2.75281e-05	-14429.7
694	2.75281e-05	-17811.2
695	2.75281e-05	-14097.4
696	2.75281e-05	-12075.2
697	2.75281e-05	-11472.7
698	2.75281e-05	-10987.2
699	2.75281e-05	-11945.8
700	2.75281e-05	-11999
701	2.75281e-05	-13512.1
702	2.75281e-05	-14423.6
703	2.75281e-05	-11993.6
704	2.75281e-05	-11208.8
705	2.75281e-05	-12724.5
706	2.75281e-05	-12401.9
707	2.75281e-05	-11979.2
708	2.75281e-05	-13961.9
709	2.75281e-05	-12824.9
710	2.75281e-05	-12295
711	2.75281e-05	-12662.9
712	2.75281e-05	-11390.4
713	2.75281e-05	-17885.1
714	2.75281e-05	-13275.8
715	2.75281e-05	-11385.1
716	2.75281e-05	-11400.8
717	2.75281e-05	-11342
718	2.75281e-05	-12305.2
719	2.75281e-05	-12697.5
720	2.75281e-05	-12099.2
721	2.75281e-05	-12311.5
722	2.75281e-05	-12090.1
723	2.75281e-05	-12098
724	2.75281e-05	-13336.5
725	2.75281e-05	-13106.8
726	2.75281e-05	-12383.3
727	2.75281e-05	-15639.7
728	2.75281e-05	-17286.4
729	2.75281e-05	-14594.4
730	2.75281e-05	-12948
731	2.75281e-05	-16891.6
732	2.75281e-05	-17485.6
733	2.75281e-05	-15814
734	2.75281e-05	-17505.8
735	2.75281e-05	-15639.1
736	2.75281e-05	-17528.2
737	2.75281e-05	-16147.9
738	2.75281e-05	-15773.6
739	2.75281e-05	-15339.3
740	2.75281e-05	-15314
741	2.75281e-05	-16910.2
742	2.75281e-05	-15904.4
743	2.75281e-05	-14638.1
744	2.75281e-05	-13934.4
745	2.75281e-05	-13167.8
746	2.75281e-05	-15755.6
747	2.75281e-05	-13911.7
748	2.75281e-05	-11511.9
749	2.75281e-05	-13907.8
750	2.75281e-05	-11612.6
751	2.75281e-05	-11559.1
752	2.75281e-05	-12139.2
753	2.75281e-05	-12581.1
754	2.75281e-05	-12410.7
755	2.75281e-05	-13599.5
756	2.75281e-05	-12015.5
757	2.75281e-05	-12293.2
758	2.75281e-05	-13147.8
759	2.75281e-05	-13888.6
760	2.75281e-05	-11826.2
761	2.75281e-05	-13473
762	2.75281e-05	-12728.4
763	2.75281e-05	-11555.6
764	2.75281e-05	-12627.3
765	2.75281e-05	-14689.6
766	2.75281e-05	-12933.9
767	2.75281e-05	-11840.6
768	2.75281e-05	-11401.3
769	2.75281e-05	-12753.3
770	2.75281e-05	-14108.2
771	2.75281e-05	-12726.9
772	2.75281e-05	-12933.2
773	2.75281e-05	-11810.9
774	2.75281e-05	-10937.4
775	2.75281e-05	-12641.7
776	2.75281e-05	-11642.2
777	2.75281e-05	-11207.3
778	2.75281e-05	-14469.8
779	2.75281e-05	-10131.7
780	2.75281e-05	-10431.7
781	2.75281e-05	-12617.2
782	2.75281e-05	-11969
783	2.75281e-05	-11984.7
784	2.75281e-05	-13246.7
785	2.75281e-05	-13328.9
786	2.75281e-05	-13231.1
787	2.75281e-05	-14255.1
788	2.75281e-05	-13053.5
789	2.75281e-05	-12942.2
790	2.75281e-05	-14308.4
791	2.75281e-05	-13473.1
792	2.75281e-05	-12589
793	2.75281e-05	-12074.2
794	2.75281e-05	-12654.2
795	2.75281e-05	-12201
796	2.75281e-05	-13068.2
797	2.75281e-05	-11935
798	2.75281e-05	-14636.7
799	2.75281e-05	-16417.5
800	2.75281e-05	-13675.8
801	2.75281e-05	-13669.9
802	2.75281e-05	-13307.5
803	2.75281e-05	-12148.8
804	2.75281e-05	-13141.6
805	2.75281e-05	-13912.7
806	2.75281e-05	-13233.5
807	2.75281e-05	-12940.4
808	2.75281e-05	-12669.5
809	2.75281e-05	-13263
810	2.75281e-05	-14349.6
811	2.75281e-05	-14279.5
812	2.75281e-05	-13325.6
813	2.75281e-05	-11534.2
814	2.75281e-05	-11601.6
815	2.75281e-05	-13763.7
816	2.75281e-05	-12478.3
817	2.75281e-05	-13242.4
818	2.75281e-05	-11626.3
819	2.75281e-05	-12631.6
820	2.75281e-05	-13786.2
821	2.75281e-05	-15351.6
822	2.75281e-05	-14387.7
823	2.75281e-05	-13739.5
824	2.75281e-05	-11757.9
825	2.75281e-05	-12042.5
826	2.75281e-05	-11678.9
827	2.75281e-05	-11639.3
828	2.75281e-05	-11537.7
829	2.75281e-05	-13322.3
830	2.75281e-05	-13380.2
831	2.75281e-05	-14828.1
832	2.75281e-05	-14486.1
833	2.75281e-05	-13702.8
834	2.75281e-05	-16762.1
835	2.75281e-05	-16034.5
836	2.75281e-05	-15867.4
837	2.75281e-05	-16904
838	2.75281e-05	-15863
839	2.75281e-05	-15567.2
840	2.75281e-05	-16091.4
841	2.75281e-05	-15344.5
842	2.75281e-05	-14447.8
843	2.75281e-05	-15261.3
844	2.75281e-05	-14936.7
845	2.75281e-05	-14624
846	2.75281e-05	-12829.8
847	2.75281e-05	-15320.6
848	2.75281e-05	-13433.1
849	2.75281e-05	-13411.5
850	2.75281e-05	-12820.3
851	2.75281e-05	-11176.1
852	2.75281e-05	-12582.8
853	2.75281e-05	-12984.6
854	2.75281e-05	-11511.7
855	2.75281e-05	-11843.8
856	2.75281e-05	-11978.1
857	2.75281e-05	-11245.1
858	2.75281e-05	-13710.2
859	2.75281e-05	-14958.3
860	2.75281e-05	-14317.5
861	2.75281e-05	-14144.6
862	2.75281e-05	-11329.5
863	2.75281e-05	-12345.3
864	2.75281e-05	-13127.6
865	2.75281e-05	-15902
866	2.75281e-05	-12660.5
867	2.75281e-05	-12906.6
868	2.75281e-05	-14827.6
869	2.75281e-05	-13808.8
870	2.75281e-05	-14021.5
871	2.75281e-05	-14041.2
872	2.75281e-05	-13633.7
873	2.75281e-05	-13865.1
874	2.75281e-05	-15498.2
875	2.75281e-05	-15197.3
876	2.75281e-05	-13315.2
877	2.75281e-05	-11689.6
878	2.75281e-05	-12453.4
879	2.75281e-05	-12263
880	2.75281e-05	-14467
881	2.75281e-05	-14523.4
882	2.75281e-05	-13873.2
883	2.75281e-05	-16006.9
884	2.75281e-05	-14121
885	2.75281e-05	-12363.1
886	2.75281e-05	-11554.7
887	2.75281e-05	-12910.1
888	2.75281e-05	-15138.1
889	2.75281e-05	-13406.5
890	2.75281e-05	-13083.7
891	2.75281e-05	-12069.6
892	2.75281e-05	-13205.8
893	2.75281e-05	-14806.3
894	2.75281e-05	-13518.9
895	2.75281e-05	-13305.1
896	2.75281e-05	-12662.5
897	2.75281e-05	-12456.9
898	2.75281e-05	-13214.2
899	2.75281e-05	-11973.5
900	2.75281e-05	-12229.2
901	2.75281e-05	-14373.4
902	2.75281e-05	-14457.4
903	2.75281e-05	-12548.6
904	2.75281e-05	-13636.7
905	2.75281e-05	-14883.6
906	2.75281e-05	-13975.9
907	2.75281e-05	-11546
908	2.75281e-05	-11897.3
909	2.75281e-05	-12276.6
910	2.75281e-05	-11796.5
911	2.75281e-05	-10207.4
912	2.75281e-05	-13420.8
913	2.75281e-05	-14045.1
914	2.75281e-05	-13505.3
915	2.75281e-05	-12664.5
916	2.75281e-05	-11431.1
917	2.75281e-05	-12185.8
918	2.75281e-05	-13324.7
919	2.75281e-05	-13166.5
920	2.75281e-05	-11231.7
921	2.75281e-05	-12661
922	2.75281e-05	-10516.5
923	2.75281e-05	-11363.3
924	2.75281e-05	-14810.7
925	2.75281e-05	-13900.6
926	2.75281e-05	-12161.6
927	2.75281e-05	-12203
928	2.75281e-05	-14156.6
929	2.75281e-05	-13926.6
930	2.75281e-05	-11837.3
931	2.75281e-05	-12517.2
932	2.75281e-05	-10745
933	2.75281e-05	-12688.4
934	2.75281e-05	-12577.5
935	2.75281e-05	-13748.5
936	2.75281e-05	-14870.2
937	2.75281e-05	-15011.4
938	2.75281e-05	-14548.6
939	2.75281e-05	-12750.1
940	2.75281e-05	-18741.5
941	2.75281e-05	-13736.3
942	2.75281e-05	-12737.6
943	2.75281e-05	-13345.2
944	2.75281e-05	-13028.4
945	2.75281e-05	-13161.1
946	2.75281e-05	-12362
947	2.75281e-05	-12003
948	2.75281e-05	-12472.1
949	2.75281e-05	-13627.7
950	2.75281e-05	-11880.1
951	2.75281e-05	-13131.6
952	2.75281e-05	-12229
953	2.75281e-05	-11598.2
954	2.75281e-05	-11800.3
955	2.75281e-05	-12390.4
956	2.75281e-05	-10739.9
957	2.75281e-05	-11068.9
958	2.75281e-05	-12509.4
959	2.75281e-05	-11749.4
960	2.75281e-05	-12230.2
961	2.75281e-05	-13040.2
962	2.75281e-05	-11093.5
963	2.75281e-05	-13599.1
964	2.75281e-05	-11900
965	2.75281e-05	-16323.1
966	2.75281e-05	-16246.2
967	2.75281e-05	-12186.8
968	2.75281e-05	-12626.3
969	2.75281e-05	-13798.6
970	2.75281e-05	-13351.1
971	2.75281e-05	-14381
972	2.75281e-05	-12147.5
973	2.75281e-05	-12101.3
974	2.75281e-05	-13374.6
975	2.75281e-05	-13758.9
976	2.75281e-05	-13599.3
977	2.75281e-05	-12452.5
978	2.75281e-05	-11334
979	2.75281e-05	-13038.8
980	2.75281e-05	-12154.5
981	2.75281e-05	-13382.4
982	2.75281e-05	-13154.1
983	2.75281e-05	-10974.7
984	2.75281e-05	-15951.6
985	2.75281e-05	-16116.3
986	2.75281e-05	-14198.7
987	2.75281e-05	-13876.1
988	2.75281e-05	-13206.2
989	2.75281e-05	-11967.6
990	2.75281e-05	-11546.2
991	2.75281e-05	-10918.6
992	2.75281e-05	-11397.1
993	2.75281e-05	-11493.4
994	2.75281e-05	-11078
995	2.75281e-05	-12348.1
996	2.75281e-05	-12194.5
997	2.75281e-05	-11467.6
998	2.75281e-05	-11652.4
999	2.75281e-05	-12463
1000	2.75281e-05	-13675.2
251	1.10629e-05	-15969.9
252	1.10629e-05	-15916.8
253	1.10629e-05	-16514.9
254	1.10629e-05	-12709.7
255	1.10629e-05	-13633.1
256	1.10629e-05	-13972.8
257	1.10629e-05	-14541.8
258	1.10629e-05	-13634.9
259	1.10629e-05	-12675.7
260	1.10629e-05	-12118.7
261	1.10629e-05	-11341.9
262	1.10629e-05	-11461.4
263	1.10629e-05	-12338.7
264	1.10629e-05	-12376.2
265	1.10629e-05	-11211.8
266	1.10629e-05	-11777.6
267	1.10629e-05	-11606.5
268	1.10629e-05	-14087.7
269	1.10629e-05	-13255.6
270	1.10629e-05	-15417.1
271	1.10629e-05	-12615.4
272	1.10629e-05	-12679.2
273	1.10629e-05	-12193.8
274	1.10629e-05	-11415.7
275	1.10629e-05	-14688.4
276	1.10629e-05	-12112.6
277	1.10629e-05	-12507
278	1.10629e-05	-16088.5
279	1.10629e-05	-14485.5
280	1.10629e-05	-14961.3
281	1.10629e-05	-12269.8
282	1.10629e-05	-11362.8
283	1.10629e-05	-13708.5
284	1.10629e-05	-12476.9
285	1.10629e-05	-10003.7
286	1.10629e-05	-12063.1
287	1.10629e-05	-11869
288	1.10629e-05	-13043
289	1.10629e-05	-12840.4
290	1.10629e-05	-14825.7
291	1.10629e-05	-10849.3
292	1.10629e-05	-12073
293	1.10629e-05	-11455.9
294	1.10629e-05	-13766
295	1.10629e-05	-14183.6
296	1.10629e-05	-11984.6
297	1.10629e-05	-11261.5
298	1.10629e-05	-12079.4
299	1.10629e-05	-15036.8
300	1.10629e-05	-12474.2
301	1.10629e-05	-12938.2
302	1.10629e-05	-14591.7
303	1.10629e-05	-13450.7
304	1.10629e-05	-13475.9
305	1.10629e-05	-12443.3
306	1.10629e-05	-14041.2
307	1.10629e-05	-13633.2
308	1.10629e-05	-11518
309	1.10629e-05	-13593.7
310	1.10629e-05	-15066.1
311	1.10629e-05	-12489.5
312	1.10629e-05	-11872.2
313	1.10629e-05	-11998.8
314	1.10629e-05	-13675.5
315	1.10629e-05	-12940.4
316	1.10629e-05	-12683.6
317	1.10629e-05	-13151.5
318	1.10629e-05	-12289.6
319	1.10629e-05	-13368.8
320	1.10629e-05	-13140.6
321	1.10629e-05	-11662.6
322	1.10629e-05	-11623.4
323	1.10629e-05	-11346.5
324	1.10629e-05	-12535.1
325	1.10629e-05	-13897.5
326	1.10629e-05	-14136.3
327	1.10629e-05	-17701.8
328	1.10629e-05	-15517.9
329	1.10629e-05	-11300.2
330	1.10629e-05	-10338.2
331	1.10629e-05	-11047.3
332	1.10629e-05	-13381.9
333	1.10629e-05	-20197.2
334	1.10629e-05	-18971.5
335	1.10629e-05	-13570.3
336	1.10629e-05	-13489.3
337	1.10629e-05	-15970.2
338	1.10629e-05	-11882.4
339	1.10629e-05	-11635.9
340	1.10629e-05	-13177.9
341	1.10629e-05	-10761.9
342	1.10629e-05	-11283.4
343	1.10629e-05	-11778.1
344	1.10629e-05	-13045.1
345	1.10629e-05	-12050.2
346	1.10629e-05	-12503.9
347	1.10629e-05	-12250.2
348	1.10629e-05	-11756.3
349	1.10629e-05	-12934.3
350	1.10629e-05	-13709.7
351	1.10629e-05	-13598.6
352	1.10629e-05	-13155.4
353	1.10629e-05	-11477.9
354	1.10629e-05	-14492.9
355	1.10629e-05	-14185.5
356	1.10629e-05	-13438.8
357	1.10629e-05	-13331.3
358	1.10629e-05	-13056
359	1.10629e-05	-13225.2
360	1.10629e-05	-12108.2
361	1.10629e-05	-13625
362	1.10629e-05	-13491.1
363	1.10629e-05	-14137.2
364	1.10629e-05	-14864.4
365	1.10629e-05	-13560.5
366	1.10629e-05	-12511
367	1.10629e-05	-12663.5
368	1.10629e-05	-13275.1
369	1.10629e-05	-12288.7
370	1.10629e-05	-11250.4
371	1.10629e-05	-10597.2
372	1.10629e-05	-14116.3
373	1.10629e-05	-12712
374	1.10629e-05	-13223.8
375	1.10629e-05	-13925.9
376	1.10629e-05	-10672.4
377	1.10629e-05	-11305.2
378	1.10629e-05	-12325.8
379	1.10629e-05	-12651
380	1.10629e-05	-13301.2
381	1.10629e-05	-13028.2
382	1.10629e-05	-11697.6
383	1.10629e-05	-11929.8
384	1.10629e-05	-11912.9
385	1.10629e-05	-12426.4
386	1.10629e-05	-11894.6
387	1.10629e-05	-15067.3
388	1.10629e-05	-14778.7
389	1.10629e-05	-15037.9
390	1.10629e-05	-12518.3
391	1.10629e-05	-11511.7
392	1.10629e-05	-13686
393	1.10629e-05	-13800.9
394	1.10629e-05	-12084.6
395	1.10629e-05	-12418.8
396	1.10629e-05	-13461.2
397	1.10629e-05	-13068.7
398	1.10629e-05	-13836.5
399	1.10629e-05	-14516.3
400	1.10629e-05	-11904.2
401	1.10629e-05	-13300.3
402	1.10629e-05	-14581.8
403	1.10629e-05	-13951.6
404	1.10629e-05	-15181.2
405	1.10629e-05	-14116.9
406	1.10629e-05	-15730.7
407	1.10629e-05	-13327.9
408	1.10629e-05	-13698
409	1.10629e-05	-11788.2
410	1.10629e-05	-12464.8
411	1.10629e-05	-11591.7
412	1.10629e-05	-11950.2
413	1.10629e-05	-15100.8
414	1.10629e-05	-15932.5
415	1.10629e-05	-14083.9
416	1.10629e-05	-12741.3
417	1.10629e-05	-13203.3
418	1.10629e-05	-11937.3
419	1.10629e-05	-13422.3
420	1.10629e-05	-11739.6
421	1.10629e-05	-10918.2
422	1.10629e-05	-11514.1
423	1.10629e-05	-12409.9
424	1.10629e-05	-16608.9
425	1.10629e-05	-16207.6
426	1.10629e-05	-18727.1
427	1.10629e-05	-18698.7
428	1.10629e-05	-19238.8
429	1.10629e-05	-12434.7
430	1.10629e-05	-13775.2
431	1.10629e-05	-14603.6
432	1.10629e-05	-13011.3
433	1.10629e-05	-11674.4
434	1.10629e-05	-12186
435	1.10629e-05	-13274.4
436	1.10629e-05	-11777.6
437	1.10629e-05	-12454.8
438	1.10629e-05	-13366.1
439	1.10629e-05	-15021.3
440	1.10629e-05	-15513.8
441	1.10629e-05	-11463.7
442	1.10629e-05	-12595
443	1.10629e-05	-11538.6
444	1.10629e-05	-12994.8
445	1.10629e-05	-12086.2
446	1.10629e-05	-13063.2
447	1.10629e-05	-14615.9
448	1.10629e-05	-12682.2
449	1.10629e-05	-14579
450	1.10629e-05	-14045
451	1.10629e-05	-14467.8
452	1.10629e-05	-13826.2
453	1.10629e-05	-14192.9
454	1.10629e-05	-14386.3
455	1.10629e-05	-15255.6
456	1.10629e-05	-13889.6
457	1.10629e-05	-12445.7
458	1.10629e-05	-12487.4
459	1.10629e-05	-12396.1
460	1.10629e-05	-13133.6
461	1.10629e-05	-12612.5
462	1.10629e-05	-13110.9
463	1.10629e-05	-13244.2
464	1.10629e-05	-12396
465	1.10629e-05	-13112.5
466	1.10629e-05	-13782.3
467	1.10629e-05	-12472.8
468	1.10629e-05	-13211.9
469	1.10629e-05	-16524.2
470	1.10629e-05	-14068.9
471	1.10629e-05	-13307.5
472	1.10629e-05	-12641.4
473	1.10629e-05	-14094.1
474	1.10629e-05	-11315.1
475	1.10629e-05	-12854.3
476	1.10629e-05	-12135.5
477	1.10629e-05	-11793.8
478	1.10629e-05	-12956.2
479	1.10629e-05	-13296.3
480	1.10629e-05	-12630.7
481	1.10629e-05	-12790.7
482	1.10629e-05	-15225.8
483	1.10629e-05	-14167
484	1.10629e-05	-13062.6
485	1.10629e-05	-14213.5
486	1.10629e-05	-13924
487	1.10629e-05	-14008.3
488	1.10629e-05	-12514.6
489	1.10629e-05	-11919.4
490	1.10629e-05	-11647.1
491	1.10629e-05	-11316.5
492	1.10629e-05	-11899
493	1.10629e-05	-13382.9
494	1.10629e-05	-10907.5
495	1.10629e-05	-12392.4
496	1.10629e-05	-15146.9
497	1.10629e-05	-12250.2
498	1.10629e-05	-10366.1
499	1.10629e-05	-11776.8
500	1.10629e-05	-11944.3
501	1.10629e-05	-12179.7
502	1.10629e-05	-14044.3
503	1.10629e-05	-15734.6
504	1.10629e-05	-11186.9
505	1.10629e-05	-11219.8
506	1.10629e-05	-14629.1
507	1.10629e-05	-13841.7
508	1.10629e-05	-15468.8
509	1.10629e-05	-15761.2
510	1.10629e-05	-14346.9
511	1.10629e-05	-14188.2
512	1.10629e-05	-15784.4
513	1.10629e-05	-14128.6
514	1.10629e-05	-14346.8
515	1.10629e-05	-14337.3
516	1.10629e-05	-12114.6
517	1.10629e-05	-14068.3
518	1.10629e-05	-13917.3
519	1.10629e-05	-14971.9
520	1.10629e-05	-13222.3
521	1.10629e-05	-12720.5
522	1.10629e-05	-14232.8
523	1.10629e-05	-15100.4
524	1.10629e-05	-12035.3
525	1.10629e-05	-12187.9
526	1.10629e-05	-11758.6
527	1.10629e-05	-11442.6
528	1.10629e-05	-11421.9
529	1.10629e-05	-12350.1
530	1.10629e-05	-14225.2
531	1.10629e-05	-13806.9
532	1.10629e-05	-14645.1
533	1.10629e-05	-12593.7
534	1.10629e-05	-15837.9
535	1.10629e-05	-14305.3
536	1.10629e-05	-14267.1
537	1.10629e-05	-11789
538	1.10629e-05	-12436.2
539	1.10629e-05	-12002.4
540	1.10629e-05	-11087.5
541	1.10629e-05	-11778
542	1.10629e-05	-14779.2
543	1.10629e-05	-15074.4
544	1.10629e-05	-13151.3
545	1.10629e-05	-12738.9
546	1.10629e-05	-12871.8
547	1.10629e-05	-10898.5
548	1.10629e-05	-11233.4
549	1.10629e-05	-11544.7
550	1.10629e-05	-11935.2
551	1.10629e-05	-13239.8
552	1.10629e-05	-12631.3
553	1.10629e-05	-13429.9
554	1.10629e-05	-13096.6
555	1.10629e-05	-13200.7
556	1.10629e-05	-14028.5
557	1.10629e-05	-12584.7
558	1.10629e-05	-11580.1
559	1.10629e-05	-12191.7
560	1.10629e-05	-13430.3
561	1.10629e-05	-12233.1
562	1.10629e-05	-13701.9
563	1.10629e-05	-11549.2
564	1.10629e-05	-12687.5
565	1.10629e-05	-12704.4
566	1.10629e-05	-13460
567	1.10629e-05	-13627.8
568	1.10629e-05	-12000.3
569	1.10629e-05	-13611.6
570	1.10629e-05	-12242.1
571	1.10629e-05	-12210.9
572	1.10629e-05	-13569.8
573	1.10629e-05	-16353.1
574	1.10629e-05	-18887.4
575	1.10629e-05	-14229.4
576	1.10629e-05	-13423.9
577	1.10629e-05	-12206
578	1.10629e-05	-12236.6
579	1.10629e-05	-14419.2
580	1.10629e-05	-12918.3
581	1.10629e-05	-12178.1
582	1.10629e-05	-12256.5
583	1.10629e-05	-11036.5
584	1.10629e-05	-13594.5
585	1.10629e-05	-12190.2
586	1.10629e-05	-13083.1
587	1.10629e-05	-13887.1
588	1.10629e-05	-13897.8
589	1.10629e-05	-14337.8
590	1.10629e-05	-12732.3
591	1.10629e-05	-12859.6
592	1.10629e-05	-12128.6
593	1.10629e-05	-14457.5
594	1.10629e-05	-14938.1
595	1.10629e-05	-14609.2
596	1.10629e-05	-13763.9
597	1.10629e-05	-13092.4
598	1.10629e-05	-11994.5
599	1.10629e-05	-12555.4
600	1.10629e-05	-12320.7
601	1.10629e-05	-12450.4
602	1.10629e-05	-11853.7
603	1.10629e-05	-12274.4
604	1.10629e-05	-12210.6
605	1.10629e-05	-10966.4
606	1.10629e-05	-13630.9
607	1.10629e-05	-15912
608	1.10629e-05	-13825.3
609	1.10629e-05	-14534.1
610	1.10629e-05	-16232.6
611	1.10629e-05	-18776.2
612	1.10629e-05	-16177.6
613	1.10629e-05	-16369.1
614	1.10629e-05	-17603.2
615	1.10629e-05	-15160
616	1.10629e-05	-12566.4
617	1.10629e-05	-12740.4
618	1.10629e-05	-15576.6
619	1.10629e-05	-15342.5
620	1.10629e-05	-13643.4
621	1.10629e-05	-15107.5
622	1.10629e-05	-14051.3
623	1.10629e-05	-14883.8
624	1.10629e-05	-13911.3
625	1.10629e-05	-13439.3
626	1.10629e-05	-14517.8
627	1.10629e-05	-14112.4
628	1.10629e-05	-11723.6
629	1.10629e-05	-11432.5
630	1.10629e-05	-12817.5
631	1.10629e-05	-12640
632	1.10629e-05	-12685.4
633	1.10629e-05	-14442.9
634	1.10629e-05	-12666.1
635	1.10629e-05	-14742.3
636	1.10629e-05	-13455.4
637	1.10629e-05	-12206.6
638	1.10629e-05	-13478.5
639	1.10629e-05	-13393.2
640	1.10629e-05	-16262.5
641	1.10629e-05	-13679.4
642	1.10629e-05	-15350.9
643	1.10629e-05	-14840.8
644	1.10629e-05	-14262.1
645	1.10629e-05	-12670.7
646	1.10629e-05	-12181.1
647	1.10629e-05	-12706.4
648	1.10629e-05	-18133.1
649	1.10629e-05	-13152.7
650	1.10629e-05	-12786.3
651	1.10629e-05	-13578.9
652	1.10629e-05	-10262.8
653	1.10629e-05	-14258.4
654	1.10629e-05	-14507.7
655	1.10629e-05	-14591
656	1.10629e-05	-14173.2
657	1.10629e-05	-12747.4
658	1.10629e-05	-13531.8
659	1.10629e-05	-12386.2
660	1.10629e-05	-11947.6
661	1.10629e-05	-11783.5
662	1.10629e-05	-13504.6
663	1.10629e-05	-12028.6
664	1.10629e-05	-12919.8
665	1.10629e-05	-12251.7
666	1.10629e-05	-11762.9
667	1.10629e-05	-11743.7
668	1.10629e-05	-13247.3
669	1.10629e-05	-11732.2
670	1.10629e-05	-11128.5
671	1.10629e-05	-10564.3
672	1.10629e-05	-10954.1
673	1.10629e-05	-10966.7
674	1.10629e-05	-15349.1
675	1.10629e-05	-12726.1
676	1.10629e-05	-12604.2
677	1.10629e-05	-10700
678	1.10629e-05	-11686.5
679	1.10629e-05	-11761.7
680	1.10629e-05	-12622.1
681	1.10629e-05	-14108
682	1.10629e-05	-12362.8
683	1.10629e-05	-12054.3
684	1.10629e-05	-12943.7
685	1.10629e-05	-12257.6
686	1.10629e-05	-12807.6
687	1.10629e-05	-12062.4
688	1.10629e-05	-14099.3
689	1.10629e-05	-10916.9
690	1.10629e-05	-11302.2
691	1.10629e-05	-11489.7
692	1.10629e-05	-10278.4
693	1.10629e-05	-10954.1
694	1.10629e-05	-10797.7
695	1.10629e-05	-10645.1
696	1.10629e-05	-18133.7
697	1.10629e-05	-13751.7
698	1.10629e-05	-12251.1
699	1.10629e-05	-12929.4
700	1.10629e-05	-12073.1
701	1.10629e-05	-12283.5
702	1.10629e-05	-13522.7
703	1.10629e-05	-12506.2
704	1.10629e-05	-11573
705	1.10629e-05	-13610.7
706	1.10629e-05	-12321.8
707	1.10629e-05	-11533.5
708	1.10629e-05	-10872.8
709	1.10629e-05	-11897.9
710	1.10629e-05	-11370.4
711	1.10629e-05	-11964.5
712	1.10629e-05	-12494.8
713	1.10629e-05	-11564
714	1.10629e-05	-10641.2
715	1.10629e-05	-10887.7
716	1.10629e-05	-11451.2
717	1.10629e-05	-12542.7
718	1.10629e-05	-11457.3
719	1.10629e-05	-12332.8
720	1.10629e-05	-16903.6
721	1.10629e-05	-15126.9
722	1.10629e-05	-10955.6
723	1.10629e-05	-10972.4
724	1.10629e-05	-13099.2
725	1.10629e-05	-13198.1
726	1.10629e-05	-12475.6
727	1.10629e-05	-13807.3
728	1.10629e-05	-13855
729	1.10629e-05	-14401.8
730	1.10629e-05	-11849.4
731	1.10629e-05	-11427.1
732	1.10629e-05	-12677.2
733	1.10629e-05	-11839.5
734	1.10629e-05	-11662.4
735	1.10629e-05	-12238.6
736	1.10629e-05	-12653
737	1.10629e-05	-11554.4
738	1.10629e-05	-12735.9
739	1.10629e-05	-16833.5
740	1.10629e-05	-17699.8
741	1.10629e-05	-19147.8
742	1.10629e-05	-18107.9
743	1.10629e-05	-15736.7
744	1.10629e-05	-12847
745	1.10629e-05	-15258.2
746	1.10629e-05	-13951.6
747	1.10629e-05	-12545.2
748	1.10629e-05	-11209.1
749	1.10629e-05	-13291
750	1.10629e-05	-13266.6
751	1.10629e-05	-11425.5
752	1.10629e-05	-11870.5
753	1.10629e-05	-12227.8
754	1.10629e-05	-12688
755	1.10629e-05	-13090.6
756	1.10629e-05	-13467.4
757	1.10629e-05	-13318.5
758	1.10629e-05	-15268.6
759	1.10629e-05	-12027.7
760	1.10629e-05	-15027
761	1.10629e-05	-13643.3
762	1.10629e-05	-11695.2
763	1.10629e-05	-14556.6
764	1.10629e-05	-13460.2
765	1.10629e-05	-14621.7
766	1.10629e-05	-11539.4
767	1.10629e-05	-18139.2
768	1.10629e-05	-14054.3
769	1.10629e-05	-13771.3
770	1.10629e-05	-10917
771	1.10629e-05	-12494.7
772	1.10629e-05	-16248
773	1.10629e-05	-16092.2
774	1.10629e-05	-11805.7
775	1.10629e-05	-13665.5
776	1.10629e-05	-12354.3
777	1.10629e-05	-12061.3
778	1.10629e-05	-11308.7
779	1.10629e-05	-11177.1
780	1.10629e-05	-13935.3
781	1.10629e-05	-11195.8
782	1.10629e-05	-13096.9
783	1.10629e-05	-12028.1
784	1.10629e-05	-12682.5
785	1.10629e-05	-14298.8
786	1.10629e-05	-15468.7
787	1.10629e-05	-15005.9
788	1.10629e-05	-12836.8
789	1.10629e-05	-12971.9
790	1.10629e-05	-12376.9
791	1.10629e-05	-13271.4
792	1.10629e-05	-12699.7
793	1.10629e-05	-14280.8
794	1.10629e-05	-13623.1
795	1.10629e-05	-14351.2
796	1.10629e-05	-16096.8
797	1.10629e-05	-12433.6
798	1.10629e-05	-10673.4
799	1.10629e-05	-11209.7
800	1.10629e-05	-13160.8
801	1.10629e-05	-13813
802	1.10629e-05	-12838.2
803	1.10629e-05	-13439
804	1.10629e-05	-13816.9
805	1.10629e-05	-11138.6
806	1.10629e-05	-17976
807	1.10629e-05	-12803.3
808	1.10629e-05	-14381.2
809	1.10629e-05	-12526.6
810	1.10629e-05	-11465.8
811	1.10629e-05	-12581.1
812	1.10629e-05	-11085.4
813	1.10629e-05	-11238.7
814	1.10629e-05	-12541.4
815	1.10629e-05	-12270.5
816	1.10629e-05	-13635.2
817	1.10629e-05	-12328.9
818	1.10629e-05	-13510.2
819	1.10629e-05	-14977.4
820	1.10629e-05	-11722.2
821	1.10629e-05	-15174.5
822	1.10629e-05	-12442.4
823	1.10629e-05	-13362.8
824	1.10629e-05	-13550.9
825	1.10629e-05	-15197.1
826	1.10629e-05	-13460.3
827	1.10629e-05	-11203.7
828	1.10629e-05	-12102.2
829	1.10629e-05	-12197.5
830	1.10629e-05	-11722
831	1.10629e-05	-12524
832	1.10629e-05	-12011
833	1.10629e-05	-12405.3
834	1.10629e-05	-11552.9
835	1.10629e-05	-13736.3
836	1.10629e-05	-12076.6
837	1.10629e-05	-11364.6
838	1.10629e-05	-11915.8
839	1.10629e-05	-14557.7
840	1.10629e-05	-15224
841	1.10629e-05	-14505.9
842	1.10629e-05	-13850.5
843	1.10629e-05	-14196.6
844	1.10629e-05	-14841.3
845	1.10629e-05	-14758.9
846	1.10629e-05	-13477.2
847	1.10629e-05	-11348.9
848	1.10629e-05	-12317.9
849	1.10629e-05	-12292.6
850	1.10629e-05	-11895.9
851	1.10629e-05	-12769.6
852	1.10629e-05	-12936.1
853	1.10629e-05	-15042.5
854	1.10629e-05	-14580.1
855	1.10629e-05	-14206.5
856	1.10629e-05	-12595.2
857	1.10629e-05	-11281.1
858	1.10629e-05	-12681.7
859	1.10629e-05	-11663.4
860	1.10629e-05	-12656.6
861	1.10629e-05	-12755.5
862	1.10629e-05	-12284.7
863	1.10629e-05	-13891.3
864	1.10629e-05	-12486.1
865	1.10629e-05	-12935.6
866	1.10629e-05	-11186.8
867	1.10629e-05	-12380.2
868	1.10629e-05	-12923.3
869	1.10629e-05	-14648.8
870	1.10629e-05	-13015.8
871	1.10629e-05	-15182.3
872	1.10629e-05	-15158.3
873	1.10629e-05	-13505.8
874	1.10629e-05	-12588.6
875	1.10629e-05	-12951
876	1.10629e-05	-12230.9
877	1.10629e-05	-11944.2
878	1.10629e-05	-10872.5
879	1.10629e-05	-11101.7
880	1.10629e-05	-11867.2
881	1.10629e-05	-11330.9
882	1.10629e-05	-12905.8
883	1.10629e-05	-10724.8
884	1.10629e-05	-11796.6
885	1.10629e-05	-13625.2
886	1.10629e-05	-13448.9
887	1.10629e-05	-14730.3
888	1.10629e-05	-13781.3
889	1.10629e-05	-12678.5
890	1.10629e-05	-18540.3
891	1.10629e-05	-18843.5
892	1.10629e-05	-21076.2
893	1.10629e-05	-18871.6
894	1.10629e-05	-16362.1
895	1.10629e-05	-15489.6
896	1.10629e-05	-12050.3
897	1.10629e-05	-16569.9
898	1.10629e-05	-10752.1
899	1.10629e-05	-13042.1
900	1.10629e-05	-13171.9
901	1.10629e-05	-12215.5
902	1.10629e-05	-13224.1
903	1.10629e-05	-11316.3
904	1.10629e-05	-12503.5
905	1.10629e-05	-15328.3
906	1.10629e-05	-14110.4
907	1.10629e-05	-15768.7
908	1.10629e-05	-15759
909	1.10629e-05	-11655.3
910	1.10629e-05	-11595.7
911	1.10629e-05	-14151.7
912	1.10629e-05	-14850.9
913	1.10629e-05	-15186.5
914	1.10629e-05	-12980.3
915	1.10629e-05	-11854.7
916	1.10629e-05	-13380.8
917	1.10629e-05	-13340.4
918	1.10629e-05	-11956.5
919	1.10629e-05	-12327.4
920	1.10629e-05	-10864.6
921	1.10629e-05	-10934.7
922	1.10629e-05	-11665.4
923	1.10629e-05	-11893.4
924	1.10629e-05	-13268.2
925	1.10629e-05	-16580
926	1.10629e-05	-13975.9
927	1.10629e-05	-14839.4
928	1.10629e-05	-12440.9
929	1.10629e-05	-13338.5
930	1.10629e-05	-11784.1
931	1.10629e-05	-14865.2
932	1.10629e-05	-15347.3
933	1.10629e-05	-15382
934	1.10629e-05	-14254.4
935	1.10629e-05	-13700.9
936	1.10629e-05	-15819.5
937	1.10629e-05	-15113.5
938	1.10629e-05	-14054.6
939	1.10629e-05	-10609.9
940	1.10629e-05	-14199.7
941	1.10629e-05	-14864.8
942	1.10629e-05	-14540.4
943	1.10629e-05	-11585.4
944	1.10629e-05	-12632.9
945	1.10629e-05	-13531.8
946	1.10629e-05	-12100.8
947	1.10629e-05	-12210.8
948	1.10629e-05	-11662
949	1.10629e-05	-10856.3
950	1.10629e-05	-12455.1
951	1.10629e-05	-13702.7
952	1.10629e-05	-13304.8
953	1.10629e-05	-13151.2
954	1.10629e-05	-11999.8
955	1.10629e-05	-14854.6
956	1.10629e-05	-13264.8
957	1.10629e-05	-13150.9
958	1.10629e-05	-13533.6
959	1.10629e-05	-14769.3
960	1.10629e-05	-13399.5
961	1.10629e-05	-11299.1
962	1.10629e-05	-12759.2
963	1.10629e-05	-11654.9
964	1.10629e-05	-10778.4
965	1.10629e-05	-11488.1
966	1.10629e-05	-10034.5
967	1.10629e-05	-10675.3
968	1.10629e-05	-10485.1
969	1.10629e-05	-11152.8
970	1.10629e-05	-11217.3
971	1.10629e-05	-10789.2
972	1.10629e-05	-12285
973	1.10629e-05	-10833.9
974	1.10629e-05	-13214.7
975	1.10629e-05	-14658.1
976	1.10629e-05	-13798.6
977	1.10629e-05	-13691.2
978	1.10629e-05	-14768.6
979	1.10629e-05	-15001.7
980	1.10629e-05	-17804.6
981	1.10629e-05	-15752.7
982	1.10629e-05	-11898
983	1.10629e-05	-11690.4
984	1.10629e-05	-11992.2
985	1.10629e-05	-10895.8
986	1.10629e-05	-10498
987	1.10629e-05	-14189
988	1.10629e-05	-15193.4
989	1.10629e-05	-14294.4
990	1.10629e-05	-14020.6
991	1.10629e-05	-14183.3
992	1.10629e-05	-13507
993	1.10629e-05	-11958.1
994	1.10629e-05	-11632.3
995	1.10629e-05	-12578.9
996	1.10629e-05	-11816
997	1.10629e-05	-12221.9
998	1.10629e-05	-12218.4
999	1.10629e-05	-12549.9
1000	1.10629e-05	-13262.1
251	3.6251e-06	-15783.6
252	3.6251e-06	-13479.8
253	3.6251e-06	-12085.1
254	3.6251e-06	-16343.3
255	3.6251e-06	-13172
256	3.6251e-06	-13437.4
257	3.6251e-06	-12663.7
258	3.6251e-06	-12340.2
259	3.6251e-06	-12294.3
260	3.6251e-06	-13494.6
261	3.6251e-06	-15803.2
262	3.6251e-06	-13267.5
263	3.6251e-06	-12090.2
264	3.6251e-06	-14057.3
265	3.6251e-06	-17701.7
266	3.6251e-06	-15172.2
267	3.6251e-06	-13745.6
268	3.6251e-06	-11296.8
269	3.6251e-06	-13177.6
270	3.6251e-06	-12577.9
271	3.6251e-06	-11663
272	3.6251e-06	-11422.4
273	3.6251e-06	-14903.9
274	3.6251e-06	-15018.9
275	3.6251e-06	-14794.2
276	3.6251e-06	-14882.7
277	3.6251e-06	-15155.6
278	3.6251e-06	-13601.2
279	3.6251e-06	-12269
280	3.6251e-06	-12922.1
281	3.6251e-06	-15423.8
282	3.6251e-06	-13261.8
283	3.6251e-06	-10162.6
284	3.6251e-06	-13137.1
285	3.6251e-06	-11926.8
286	3.6251e-06	-11216.6
287	3.6251e-06	-13584
288	3.6251e-06	-11498.7
289	3.6251e-06	-10757.3
290	3.6251e-06	-13442.4
291	3.6251e-06	-13511.4
292	3.6251e-06	-14756.5
293	3.6251e-06	-16346.5
294	3.6251e-06	-14837.8
295	3.6251e-06	-12049.5
296	3.6251e-06	-11462.3
297	3.6251e-06	-11471.6
298	3.6251e-06	-12908.7
299	3.6251e-06	-13042.6
300	3.6251e-06	-11244.3
301	3.6251e-06	-13942.7
302	3.6251e-06	-15499.2
303	3.6251e-06	-14813.4
304	3.6251e-06	-13402.9
305	3.6251e-06	-14684.3
306	3.6251e-06	-13344.3
307	3.6251e-06	-12995.6
308	3.6251e-06	-13672.4
309	3.6251e-06	-13464.3
310	3.6251e-06	-13547.4
311	3.6251e-06	-14374.3
312	3.6251e-06	-13863.2
313	3.6251e-06	-10179.5
314	3.6251e-06	-12828.9
315	3.6251e-06	-12350.1
316	3.6251e-06	-15116.9
317	3.6251e-06	-12002.1
318	3.6251e-06	-14852.2
319	3.6251e-06	-13519.4
320	3.6251e-06	-16685.8
321	3.6251e-06	-17897.5
322	3.6251e-06	-12600.1
323	3.6251e-06	-13575.9
324	3.6251e-06	-11533.9
325	3.6251e-06	-11425.8
326	3.6251e-06	-15058.6
327	3.6251e-06	-12066.7
328	3.6251e-06	-12732.1
329	3.6251e-06	-12850.9
330	3.6251e-06	-12713.7
331	3.6251e-06	-12949.5
332	3.6251e-06	-14571.1
333	3.6251e-06	-13857.2
334	3.6251e-06	-13924.5
335	3.6251e-06	-12557.8
336	3.6251e-06	-13303
337	3.6251e-06	-11672
338	3.6251e-06	-13218.9
339	3.6251e-06	-13157.2
340	3.6251e-06	-14777.4
341	3.6251e-06	-14509.8
342	3.6251e-06	-14870.8
343	3.6251e-06	-15171.2
344	3.6251e-06	-15716.9
345	3.6251e-06	-17602
346	3.6251e-06	-14003.1
347	3.6251e-06	-14486.9
348	3.6251e-06	-13563.4
349	3.6251e-06	-15230.2
350	3.6251e-06	-13991.4
351	3.6251e-06	-13266.9
352	3.6251e-06	-13524.6
353	3.6251e-06	-13416.3
354	3.6251e-06	-13921.8
355	3.6251e-06	-16009.8
356	3.6251e-06	-12290.8
357	3.6251e-06	-10738.7
358	3.6251e-06	-13062.4
359	3.6251e-06	-13275.6
360	3.6251e-06	-12568.4
361	3.6251e-06	-13176.9
362	3.6251e-06	-11549.7
363	3.6251e-06	-12645.2
364	3.6251e-06	-12172.4
365	3.6251e-06	-13796.1
366	3.6251e-06	-14128.7
367	3.6251e-06	-13434.1
368	3.6251e-06	-15108.4
369	3.6251e-06	-14036.1
370	3.6251e-06	-13301.4
371	3.6251e-06	-12078.4
372	3.6251e-06	-12548.6
373	3.6251e-06	-12290.1
374	3.6251e-06	-13750.2
375	3.6251e-06	-14532.1
376	3.6251e-06	-13599.6
377	3.6251e-06	-10583.8
378	3.6251e-06	-11696.7
379	3.6251e-06	-12380.6
380	3.6251e-06	-11827.7
381	3.6251e-06	-12681.4
382	3.6251e-06	-13883.2
383	3.6251e-06	-12837.4
384	3.6251e-06	-14237.3
385	3.6251e-06	-16597
386	3.6251e-06	-15249.9
387	3.6251e-06	-13730.8
388	3.6251e-06	-12698.4
389	3.6251e-06	-12371.5
390	3.6251e-06	-11660.9
391	3.6251e-06	-11805.7
392	3.6251e-06	-13226.5
393	3.6251e-06	-13081.5
394	3.6251e-06	-11608.2
395	3.6251e-06	-11572.7
396	3.6251e-06	-12308.9
397	3.6251e-06	-13806.9
398	3.6251e-06	-12362.9
399	3.6251e-06	-14080.4
400	3.6251e-06	-11588.1
401	3.6251e-06	-11784.3
402	3.6251e-06	-12846.4
403	3.6251e-06	-14677.6
404	3.6251e-06	-14243.7
405	3.6251e-06	-14487.1
406	3.6251e-06	-14358.3
407	3.6251e-06	-13490.4
408	3.6251e-06	-14872.3
409	3.6251e-06	-15579
410	3.6251e-06	-14167.8
411	3.6251e-06	-12151.3
412	3.6251e-06	-13056.3
413	3.6251e-06	-14324.9
414	3.6251e-06	-14475.3
415	3.6251e-06	-14487.6
416	3.6251e-06	-13823.9
417	3.6251e-06	-12392.5
418	3.6251e-06	-14050.9
419	3.6251e-06	-14702.5
420	3.6251e-06	-14572.8
421	3.6251e-06	-15421.4
422	3.6251e-06	-17686.6
423	3.6251e-06	-14378
424	3.6251e-06	-13607.6
425	3.6251e-06	-17697.1
426	3.6251e-06	-15409.3
427	3.6251e-06	-11451.6
428	3.6251e-06	-11867.8
429	3.6251e-06	-11679.6
430	3.6251e-06	-12076.1
431	3.6251e-06	-11660
432	3.6251e-06	-11512.7
433	3.6251e-06	-10578.8
434	3.6251e-06	-11652.1
435	3.6251e-06	-12153
436	3.6251e-06	-15856.9
437	3.6251e-06	-15411.8
438	3.6251e-06	-14635.8
439	3.6251e-06	-11046.2
440	3.6251e-06	-10112.6
441	3.6251e-06	-12709.6
442	3.6251e-06	-12380.7
443	3.6251e-06	-12645.5
444	3.6251e-06	-11310.7
445	3.6251e-06	-12183.3
446	3.6251e-06	-12304.3
447	3.6251e-06	-10852.3
448	3.6251e-06	-12930.7
449	3.6251e-06	-11271.3
450	3.6251e-06	-11134.8
451	3.6251e-06	-11411.5
452	3.6251e-06	-11725.9
453	3.6251e-06	-14647.8
454	3.6251e-06	-12600.2
455	3.6251e-06	-12393.9
456	3.6251e-06	-12396.4
457	3.6251e-06	-11752.8
458	3.6251e-06	-13435
459	3.6251e-06	-12710.6
460	3.6251e-06	-13297.6
461	3.6251e-06	-10510.5
462	3.6251e-06	-12601.9
463	3.6251e-06	-11133.5
464	3.6251e-06	-11434
465	3.6251e-06	-13861.7
466	3.6251e-06	-13110.8
467	3.6251e-06	-12768.6
468	3.6251e-06	-13736.4
469	3.6251e-06	-13443.4
470	3.6251e-06	-11746.7
471	3.6251e-06	-11714.9
472	3.6251e-06	-12202
473	3.6251e-06	-13002.3
474	3.6251e-06	-12662.4
475	3.6251e-06	-16536.9
476	3.6251e-06	-19355.1
477	3.6251e-06	-15204.2
478	3.6251e-06	-16997.2
479	3.6251e-06	-15115.8
480	3.6251e-06	-11533.3
481	3.6251e-06	-12322.1
482	3.6251e-06	-11195.3
483	3.6251e-06	-11426.6
484	3.6251e-06	-11515.2
485	3.6251e-06	-12636
486	3.6251e-06	-14120.2
487	3.6251e-06	-12676.3
488	3.6251e-06	-12820.1
489	3.6251e-06	-12867.7
490	3.6251e-06	-12131.1
491	3.6251e-06	-13064.7
492	3.6251e-06	-15895.2
493	3.6251e-06	-12581.7
494	3.6251e-06	-13229.2
495	3.6251e-06	-14950.4
496	3.6251e-06	-14141.4
497	3.6251e-06	-13982.7
498	3.6251e-06	-15250.3
499	3.6251e-06	-11914.1
500	3.6251e-06	-14017.6
501	3.6251e-06	-11476.3
502	3.6251e-06	-11090.8
503	3.6251e-06	-12093.1
504	3.6251e-06	-14305.1
505	3.6251e-06	-14393
506	3.6251e-06	-15795.9
507	3.6251e-06	-13876.6
508	3.6251e-06	-12927.8
509	3.6251e-06	-13907.9
510	3.6251e-06	-14953.2
511	3.6251e-06	-12762.7
512	3.6251e-06	-12428
513	3.6251e-06	-12740.1
514	3.6251e-06	-13443.9
515	3.6251e-06	-12428.7
516	3.6251e-06	-12462.1
517	3.6251e-06	-13251
518	3.6251e-06	-12134.6
519	3.6251e-06	-14526.6
520	3.6251e-06	-10995.4
521	3.6251e-06	-12715.8
522	3.6251e-06	-11740.3
523	3.6251e-06	-12405.1
524	3.6251e-06	-12041.5
525	3.6251e-06	-13607.6
526	3.6251e-06	-13496.5
527	3.6251e-06	-13052.9
528	3.6251e-06	-12428.2
529	3.6251e-06	-11319.6
530	3.6251e-06	-13515.2
531	3.6251e-06	-12764.3
532	3.6251e-06	-12515.1
533	3.6251e-06	-11483.9
534	3.6251e-06	-11051.5
535	3.6251e-06	-15816.1
536	3.6251e-06	-11519.9
537	3.6251e-06	-11869.7
538	3.6251e-06	-14597.7
539	3.6251e-06	-12361.7
540	3.6251e-06	-11860
541	3.6251e-06	-12111
542	3.6251e-06	-10980.8
543	3.6251e-06	-11311.4
544	3.6251e-06	-11594.3
545	3.6251e-06	-11936.9
546	3.6251e-06	-11584.1
547	3.6251e-06	-12846.6
548	3.6251e-06	-12810.9
549	3.6251e-06	-11841.8
550	3.6251e-06	-13559.8
551	3.6251e-06	-11127.4
552	3.6251e-06	-11982.2
553	3.6251e-06	-11469.2
554	3.6251e-06	-12531.9
555	3.6251e-06	-11723.6
556	3.6251e-06	-12024.2
557	3.6251e-06	-13575.4
558	3.6251e-06	-14439.9
559	3.6251e-06	-13890.9
560	3.6251e-06	-11757
561	3.6251e-06	-12387.3
562	3.6251e-06	-11618
563	3.6251e-06	-12119.3
564	3.6251e-06	-12708.8
565	3.6251e-06	-12030.1
566	3.6251e-06	-14071.7
567	3.6251e-06	-13369.1
568	3.6251e-06	-15253.9
569	3.6251e-06	-14187.2
570	3.6251e-06	-13627.1
571	3.6251e-06	-13049.4
572	3.6251e-06	-14134.8
573	3.6251e-06	-12290.7
574	3.6251e-06	-12820.1
575	3.6251e-06	-14283.4
576	3.6251e-06	-12961.5
577	3.6251e-06	-11252
578	3.6251e-06	-12182
579	3.6251e-06	-12712
580	3.6251e-06	-12935.8
581	3.6251e-06	-11477.6
582	3.6251e-06	-12750.7
583	3.6251e-06	-15218.4
584	3.6251e-06	-16426.7
585	3.6251e-06	-14239.7
586	3.6251e-06	-15680.1
587	3.6251e-06	-12780.9
588	3.6251e-06	-12262.2
589	3.6251e-06	-11390.7
590	3.6251e-06	-11511.4
591	3.6251e-06	-12232.8
592	3.6251e-06	-11266.8
593	3.6251e-06	-12164.2
594	3.6251e-06	-11594.7
595	3.6251e-06	-12401.4
596	3.6251e-06	-14436.6
597	3.6251e-06	-14848.9
598	3.6251e-06	-14764.9
599	3.6251e-06	-13062.7
600	3.6251e-06	-13048.2
601	3.6251e-06	-13141.5
602	3.6251e-06	-13823.5
603	3.6251e-06	-13707.2
604	3.6251e-06	-14427.3
605	3.6251e-06	-14545.8
606	3.6251e-06	-15474.7
607	3.6251e-06	-12408.5
608	3.6251e-06	-12546
609	3.6251e-06	-12269.3
610	3.6251e-06	-12137.3
611	3.6251e-06	-13533.3
612	3.6251e-06	-14736.6
613	3.6251e-06	-13034.3
614	3.6251e-06	-13337.9
615	3.6251e-06	-13168.7
616	3.6251e-06	-14494.6
617	3.6251e-06	-13556.5
618	3.6251e-06	-12191.2
619	3.6251e-06	-11430
620	3.6251e-06	-13878.7
621	3.6251e-06	-16437
622	3.6251e-06	-12415
623	3.6251e-06	-11405.1
624	3.6251e-06	-14675
625	3.6251e-06	-13549.7
626	3.6251e-06	-14110.6
627	3.6251e-06	-12994.4
628	3.6251e-06	-11094.8
629	3.6251e-06	-17808.2
630	3.6251e-06	-13563.7
631	3.6251e-06	-15892.4
632	3.6251e-06	-14456.9
633	3.6251e-06	-14296.9
634	3.6251e-06	-13288.5
635	3.6251e-06	-12732.5
636	3.6251e-06	-13339.5
637	3.6251e-06	-11838.8
638	3.6251e-06	-12136
639	3.6251e-06	-11558.2
640	3.6251e-06	-12782.8
641	3.6251e-06	-11808
642	3.6251e-06	-12295.2
643	3.6251e-06	-12898.8
644	3.6251e-06	-11309.5
645	3.6251e-06	-12783.7
646	3.6251e-06	-11981.3
647	3.6251e-06	-12473.2
648	3.6251e-06	-13944.7
649	3.6251e-06	-11481.5
650	3.6251e-06	-12571.8
651	3.6251e-06	-11515.1
652	3.6251e-06	-11993.8
653	3.6251e-06	-11801
654	3.6251e-06	-10950.9
655	3.6251e-06	-11474.2
656	3.6251e-06	-11472.8
657	3.6251e-06	-13630.4
658	3.6251e-06	-12788.2
659	3.6251e-06	-14764.8
660	3.6251e-06	-12743.8
661	3.6251e-06	-12993.1
662	3.6251e-06	-11923.3
663	3.6251e-06	-12168.1
664	3.6251e-06	-11047.3
665	3.6251e-06	-11993.1
666	3.6251e-06	-12100.8
667	3.6251e-06	-14610.5
668	3.6251e-06	-12720
669	3.6251e-06	-12550.5
670	3.6251e-06	-13422.7
671	3.6251e-06	-11709.9
672	3.6251e-06	-10728.8
673	3.6251e-06	-11855.7
674	3.6251e-06	-12745.6
675	3.6251e-06	-12792.1
676	3.6251e-06	-12634.7
677	3.6251e-06	-13612.2
678	3.6251e-06	-13415.4
679	3.6251e-06	-11214.5
680	3.6251e-06	-12525.9
681	3.6251e-06	-11890.5
682	3.6251e-06	-13447
683	3.6251e-06	-13157.8
684	3.6251e-06	-14016.1
685	3.6251e-06	-13920.5
686	3.6251e-06	-15194.8
687	3.6251e-06	-17685.3
688	3.6251e-06	-13925
689	3.6251e-06	-14206.2
690	3.6251e-06	-13201.8
691	3.6251e-06	-12768
692	3.6251e-06	-11791.2
693	3.6251e-06	-12122
694	3.6251e-06	-11882
695	3.6251e-06	-12902.8
696	3.6251e-06	-11054.9
697	3.6251e-06	-11785.5
698	3.6251e-06	-11933.6
699	3.6251e-06	-12112.1
700	3.6251e-06	-11718.2
701	3.6251e-06	-12325.3
702	3.6251e-06	-13325
703	3.6251e-06	-16374.2
704	3.6251e-06	-15053.6
705	3.6251e-06	-14540.5
706	3.6251e-06	-14742.6
707	3.6251e-06	-14167.7
708	3.6251e-06	-13110.1
709	3.6251e-06	-14855.1
710	3.6251e-06	-13648.3
711	3.6251e-06	-13039
712	3.6251e-06	-13235.3
713	3.6251e-06	-13181.9
714	3.6251e-06	-13191.6
715	3.6251e-06	-12663.4
716	3.6251e-06	-13972.8
717	3.6251e-06	-13412.4
718	3.6251e-06	-13371.3
719	3.6251e-06	-13372.3
720	3.6251e-06	-13024.5
721	3.6251e-06	-17581.6
722	3.6251e-06	-15530.4
723	3.6251e-06	-14782.4
724	3.6251e-06	-13232.7
725	3.6251e-06	-11756.5
726	3.6251e-06	-11196.7
727	3.6251e-06	-12774.9
728	3.6251e-06	-13409
729	3.6251e-06	-10903.3
730	3.6251e-06	-10282.2
731	3.6251e-06	-12155.6
732	3.6251e-06	-11329.5
733	3.6251e-06	-11361
734	3.6251e-06	-10569.8
735	3.6251e-06	-11030
736	3.6251e-06	-11094.1
737	3.6251e-06	-11435.8
738	3.6251e-06	-15559.2
739	3.6251e-06	-15545.1
740	3.6251e-06	-17720.5
741	3.6251e-06	-12636.1
742	3.6251e-06	-12154.4
743	3.6251e-06	-14226.2
744	3.6251e-06	-15161.1
745	3.6251e-06	-12653.4
746	3.6251e-06	-14004.8
747	3.6251e-06	-13820
748	3.6251e-06	-14139.7
749	3.6251e-06	-13678
750	3.6251e-06	-12441.2
751	3.6251e-06	-11749.6
752	3.6251e-06	-11240.1
753	3.6251e-06	-14075
754	3.6251e-06	-13835.8
755	3.6251e-06	-12032.7
756	3.6251e-06	-12785.3
757	3.6251e-06	-12809.1
758	3.6251e-06	-11953.4
759	3.6251e-06	-14121.5
760	3.6251e-06	-12765.7
761	3.6251e-06	-11554.4
762	3.6251e-06	-14463
763	3.6251e-06	-12721.4
764	3.6251e-06	-12062.6
765	3.6251e-06	-12042.9
766	3.6251e-06	-13728.3
767	3.6251e-06	-11625.9
768	3.6251e-06	-12064.5
769	3.6251e-06	-12677.3
770	3.6251e-06	-11211.5
771	3.6251e-06	-11461.1
772	3.6251e-06	-11596.1
773	3.6251e-06	-14021.9
774	3.6251e-06	-11742.5
775	3.6251e-06	-11788.6
776	3.6251e-06	-11860.9
777	3.6251e-06	-11476.8
778	3.6251e-06	-11881.9
779	3.6251e-06	-12048
780	3.6251e-06	-12373.2
781	3.6251e-06	-12689
782	3.6251e-06	-13798.3
783	3.6251e-06	-13066.7
784	3.6251e-06	-14636.4
785	3.6251e-06	-14699.6
786	3.6251e-06	-15246.2
787	3.6251e-06	-13723.9
788	3.6251e-06	-15851.3
789	3.6251e-06	-14270.2
790	3.6251e-06	-14225
791	3.6251e-06	-16642.9
792	3.6251e-06	-10730.4
793	3.6251e-06	-13220.4
794	3.6251e-06	-13905.9
795	3.6251e-06	-16518.5
796	3.6251e-06	-13542.5
797	3.6251e-06	-12212.2
798	3.6251e-06	-12703.1
799	3.6251e-06	-11669
800	3.6251e-06	-11290.7
801	3.6251e-06	-12210
802	3.6251e-06	-13180.6
803	3.6251e-06	-14073.9
804	3.6251e-06	-12741.1
805	3.6251e-06	-11341.6
806	3.6251e-06	-11362.3
807	3.6251e-06	-11531.5
808	3.6251e-06	-13765.5
809	3.6251e-06	-13891.7
810	3.6251e-06	-13150.1
811	3.6251e-06	-15048.8
812	3.6251e-06	-14305.9
813	3.6251e-06	-12796.1
814	3.6251e-06	-12723.1
815	3.6251e-06	-11402.7
816	3.6251e-06	-11149.6
817	3.6251e-06	-11106.9
818	3.6251e-06	-12510.1
819	3.6251e-06	-15990.1
820	3.6251e-06	-14325.8
821	3.6251e-06	-13282.5
822	3.6251e-06	-12518.6
823	3.6251e-06	-12232.6
824	3.6251e-06	-13073.8
825	3.6251e-06	-12396.1
826	3.6251e-06	-12507.4
827	3.6251e-06	-13328.9
828	3.6251e-06	-11667
829	3.6251e-06	-12772.9
830	3.6251e-06	-11462.6
831	3.6251e-06	-11603.5
832	3.6251e-06	-11609.7
833	3.6251e-06	-12462.8
834	3.6251e-06	-12560.2
835	3.6251e-06	-12747.8
836	3.6251e-06	-13576.1
837	3.6251e-06	-13824
838	3.6251e-06	-13000.2
839	3.6251e-06	-12371.3
840	3.6251e-06	-13681
841	3.6251e-06	-14518.6
842	3.6251e-06	-12716.4
843	3.6251e-06	-12722.9
844	3.6251e-06	-11761.6
845	3.6251e-06	-12920.9
846	3.6251e-06	-13810.5
847	3.6251e-06	-13683.6
848	3.6251e-06	-14166.9
849	3.6251e-06	-13463.4
850	3.6251e-06	-12643.2
851	3.6251e-06	-12647.1
852	3.6251e-06	-11074.9
853	3.6251e-06	-10841.3
854	3.6251e-06	-12607.2
855	3.6251e-06	-12049.9
856	3.6251e-06	-11508.6
857	3.6251e-06	-12761.3
858	3.6251e-06	-15365.7
859	3.6251e-06	-14874.7
860	3.6251e-06	-13475.9
861	3.6251e-06	-13461.9
862	3.6251e-06	-12575.5
863	3.6251e-06	-11239.2
864	3.6251e-06	-12158.2
865	3.6251e-06	-12112.7
866	3.6251e-06	-13067.7
867	3.6251e-06	-13744.1
868	3.6251e-06	-13622.1
869	3.6251e-06	-11570
870	3.6251e-06	-12033.6
871	3.6251e-06	-11103.8
872	3.6251e-06	-12110.8
873	3.6251e-06	-12301.4
874	3.6251e-06	-12126.6
875	3.6251e-06	-12318.9
876	3.6251e-06	-12950.7
877	3.6251e-06	-16108.5
878	3.6251e-06	-14757.8
879	3.6251e-06	-13704.9
880	3.6251e-06	-14340.8
881	3.6251e-06	-12492.5
882	3.6251e-06	-12229.8
883	3.6251e-06	-11677.4
884	3.6251e-06	-16416.2
885	3.6251e-06	-11407.8
886	3.6251e-06	-17347.2
887	3.6251e-06	-18420.1
888	3.6251e-06	-20390.8
889	3.6251e-06	-12437.7
890	3.6251e-06	-11881.1
891	3.6251e-06	-12243.6
892	3.6251e-06	-13667.1
893	3.6251e-06	-15369.4
894	3.6251e-06	-14166.8
895	3.6251e-06	-11028.5
896	3.6251e-06	-12435.9
897	3.6251e-06	-11828.1
898	3.6251e-06	-11165.9
899	3.6251e-06	-12618.1
900	3.6251e-06	-12131.6
901	3.6251e-06	-12257.2
902	3.6251e-06	-14563.3
903	3.6251e-06	-11442.7
904	3.6251e-06	-13818.1
905	3.6251e-06	-11538.6
906	3.6251e-06	-11896.7
907	3.6251e-06	-12189.7
908	3.6251e-06	-13449.8
909	3.6251e-06	-13734.9
910	3.6251e-06	-13140.6
911	3.6251e-06	-12447.6
912	3.6251e-06	-12137
913	3.6251e-06	-12892.3
914	3.6251e-06	-11391.3
915	3.6251e-06	-11043.9
916	3.6251e-06	-13054.2
917	3.6251e-06	-12502.4
918	3.6251e-06	-11717.5
919	3.6251e-06	-10870.1
920	3.6251e-06	-10466
921	3.6251e-06	-12429.2
922	3.6251e-06	-11609.9
923	3.6251e-06	-12802.9
924	3.6251e-06	-12408.6
925	3.6251e-06	-11445.1
926	3.6251e-06	-15417.7
927	3.6251e-06	-15737.8
928	3.6251e-06	-13672.6
929	3.6251e-06	-13913.5
930	3.6251e-06	-12477.1
931	3.6251e-06	-11953.5
932	3.6251e-06	-13314.7
933	3.6251e-06	-11102.2
934	3.6251e-06	-12025
935	3.6251e-06	-13040.5
936	3.6251e-06	-12938.7
937	3.6251e-06	-11948.7
938	3.6251e-06	-13056.1
939	3.6251e-06	-12703.3
940	3.6251e-06	-12570.1
941	3.6251e-06	-13161.8
942	3.6251e-06	-12558.2
943	3.6251e-06	-11447.4
944	3.6251e-06	-11751.6
945	3.6251e-06	-10964.5
946	3.6251e-06	-14993.8
947	3.6251e-06	-14390.9
948	3.6251e-06	-12428.1
949	3.6251e-06	-11808.1
950	3.6251e-06	-12002.9
951	3.6251e-06	-12030.7
952	3.6251e-06	-14711.3
953	3.6251e-06	-14123.4
954	3.6251e-06	-15385.1
955	3.6251e-06	-13293.7
956	3.6251e-06	-12719.7
957	3.6251e-06	-20606.8
958	3.6251e-06	-18981.3
959	3.6251e-06	-12354
960	3.6251e-06	-12177.1
961	3.6251e-06	-12725
962	3.6251e-06	-12114.3
963	3.6251e-06	-12699.2
964	3.6251e-06	-14674.6
965	3.6251e-06	-13685.4
966	3.6251e-06	-16064.1
967	3.6251e-06	-16715
968	3.6251e-06	-16984.6
969	3.6251e-06	-16358.4
970	3.6251e-06	-12675.5
971	3.6251e-06	-12284.9
972	3.6251e-06	-12778.8
973	3.6251e-06	-11642.5
974	3.6251e-06	-12298.8
975	3.6251e-06	-12874.9
976	3.6251e-06	-12345.9
977	3.6251e-06	-12551.1
978	3.6251e-06	-11631.1
979	3.6251e-06	-11913.8
980	3.6251e-06	-14100.6
981	3.6251e-06	-15069.5
982	3.6251e-06	-16657.3
983	3.6251e-06	-12341.8
984	3.6251e-06	-12106.6
985	3.6251e-06	-12760.5
986	3.6251e-06	-11960.8
987	3.6251e-06	-12410.7
988	3.6251e-06	-15647.9
989	3.6251e-06	-15233.7
990	3.6251e-06	-14729.6
991	3.6251e-06	-12637
992	3.6251e-06	-11985.5
993	3.6251e-06	-11786
994	3.6251e-06	-11176.6
995	3.6251e-06	-11585
996	3.6251e-06	-11548.5
997	3.6251e-06	-11713
998	3.6251e-06	-11506
999	3.6251e-06	-12038.6
1000	3.6251e-06	-13907.6
251	8.60252e-07	-13070.5
252	8.60252e-07	-16997.5
253	8.60252e-07	-14226.1
254	8.60252e-07	-12515.1
255	8.60252e-07	-10888.1
256	8.60252e-07	-11734.8
257	8.60252e-07	-12372.7
258	8.60252e-07	-12973.8
259	8.60252e-07	-10902.5
260	8.60252e-07	-12051.7
261	8.60252e-07	-12690.6
262	8.60252e-07	-15113.7
263	8.60252e-07	-10678
264	8.60252e-07	-10402.2
265	8.60252e-07	-12047.3
266	8.60252e-07	-9733.89
267	8.60252e-07	-12212.4
268	8.60252e-07	-12413.8
269	8.60252e-07	-9757.87
270	8.60252e-07	-12462.8
271	8.60252e-07	-13520.6
272	8.60252e-07	-12407
273	8.60252e-07	-16855.1
274	8.60252e-07	-11937.4
275	8.60252e-07	-13470.1
276	8.60252e-07	-12642.6
277	8.60252e-07	-13040.6
278	8.60252e-07	-13153.3
279	8.60252e-07	-17509
280	8.60252e-07	-16552.9
281	8.60252e-07	-14231.7
282	8.60252e-07	-14055.3
283	8.60252e-07	-13750.8
284	8.60252e-07	-11793.5
285	8.60252e-07	-11249.7
286	8.60252e-07	-10642.4
287	8.60252e-07	-11393.8
288	8.60252e-07	-11300
289	8.60252e-07	-12013.1
290	8.60252e-07	-11181.4
291	8.60252e-07	-11357.5
292	8.60252e-07	-12090.3
293	8.60252e-07	-11949.1
294	8.60252e-07	-12502.6
295	8.60252e-07	-11446.9
296	8.60252e-07	-12706.1
297	8.60252e-07	-12721.8
298	8.60252e-07	-12786.1
299	8.60252e-07	-10680.6
300	8.60252e-07	-11102
301	8.60252e-07	-11204.9
302	8.60252e-07	-12256
303	8.60252e-07	-11700.2
304	8.60252e-07	-12336.6
305	8.60252e-07	-13264.7
306	8.60252e-07	-14313.5
307	8.60252e-07	-16812.7
308	8.60252e-07	-16547.4
309	8.60252e-07	-13518.1
310	8.60252e-07	-15508.3
311	8.60252e-07	-14355.4
312	8.60252e-07	-14131
313	8.60252e-07	-16472.5
314	8.60252e-07	-13093.4
315	8.60252e-07	-12034.2
316	8.60252e-07	-12849.7
317	8.60252e-07	-12197
318	8.60252e-07	-11963.8
319	8.60252e-07	-13824.5
320	8.60252e-07	-11361.3
321	8.60252e-07	-12259.3
322	8.60252e-07	-14335
323	8.60252e-07	-12569.8
324	8.60252e-07	-13351.9
325	8.60252e-07	-16895.7
326	8.60252e-07	-14971.5
327	8.60252e-07	-12456.3
328	8.60252e-07	-14420.4
329	8.60252e-07	-12944.2
330	8.60252e-07	-13940.3
331	8.60252e-07	-17039.4
332	8.60252e-07	-14486.5
333	8.60252e-07	-15092.3
334	8.60252e-07	-14047.6
335	8.60252e-07	-12504.6
336	8.60252e-07	-14291.2
337	8.60252e-07	-10928.3
338	8.60252e-07	-11119.2
339	8.60252e-07	-10506.6
340	8.60252e-07	-12205.1
341	8.60252e-07	-13096.1
342	8.60252e-07	-13610.7
343	8.60252e-07	-13386.7
344	8.60252e-07	-13367.9
345	8.60252e-07	-13090.9
346	8.60252e-07	-13543.1
347	8.60252e-07	-13571.5
348	8.60252e-07	-13741.5
349	8.60252e-07	-13760.8
350	8.60252e-07	-13080.9
351	8.60252e-07	-13377.1
352	8.60252e-07	-12741.9
353	8.60252e-07	-13037.5
354	8.60252e-07	-10931.2
355	8.60252e-07	-14434.7
356	8.60252e-07	-17816.7
357	8.60252e-07	-13650.2
358	8.60252e-07	-11533.2
359	8.60252e-07	-14777.4
360	8.60252e-07	-15496.2
361	8.60252e-07	-13233.6
362	8.60252e-07	-11754.5
363	8.60252e-07	-12955.8
364	8.60252e-07	-11345.2
365	8.60252e-07	-11744.6
366	8.60252e-07	-12762.4
367	8.60252e-07	-11959.4
368	8.60252e-07	-12731.7
369	8.60252e-07	-11953.8
370	8.60252e-07	-14253.6
371	8.60252e-07	-13265.4
372	8.60252e-07	-10492
373	8.60252e-07	-10858.7
374	8.60252e-07	-11067.8
375	8.60252e-07	-11072.2
376	8.60252e-07	-13927.6
377	8.60252e-07	-12191.1
378	8.60252e-07	-13068.8
379	8.60252e-07	-13739.1
380	8.60252e-07	-13557
381	8.60252e-07	-12567.1
382	8.60252e-07	-15305.5
383	8.60252e-07	-12154.8
384	8.60252e-07	-12947.5
385	8.60252e-07	-11544
386	8.60252e-07	-11682.9
387	8.60252e-07	-13318.5
388	8.60252e-07	-11597.4
389	8.60252e-07	-12603.5
390	8.60252e-07	-13349.1
391	8.60252e-07	-12618.2
392	8.60252e-07	-11003.3
393	8.60252e-07	-10383
394	8.60252e-07	-12647.8
395	8.60252e-07	-11274.7
396	8.60252e-07	-11858.6
397	8.60252e-07	-11957.6
398	8.60252e-07	-12999.3
399	8.60252e-07	-13317.6
400	8.60252e-07	-13517.7
401	8.60252e-07	-14757.6
402	8.60252e-07	-13584.8
403	8.60252e-07	-12110.4
404	8.60252e-07	-13053.4
405	8.60252e-07	-11386.1
406	8.60252e-07	-11486.5
407	8.60252e-07	-10743.1
408	8.60252e-07	-12568.6
409	8.60252e-07	-15154.5
410	8.60252e-07	-13130.5
411	8.60252e-07	-11422.2
412	8.60252e-07	-11276.1
413	8.60252e-07	-14200.7
414	8.60252e-07	-15233.5
415	8.60252e-07	-15061.7
416	8.60252e-07	-12381.5
417	8.60252e-07	-12896.6
418	8.60252e-07	-10145.7
419	8.60252e-07	-11893.3
420	8.60252e-07	-12582.2
421	8.60252e-07	-10941.6
422	8.60252e-07	-11650.4
423	8.60252e-07	-11261
424	8.60252e-07	-11822.5
425	8.60252e-07	-14439.6
426	8.60252e-07	-15392.2
427	8.60252e-07	-16797.3
428	8.60252e-07	-15771.7
429	8.60252e-07	-12174.5
430	8.60252e-07	-14028.9
431	8.60252e-07	-11392.1
432	8.60252e-07	-15836.1
433	8.60252e-07	-16867.7
434	8.60252e-07	-12242.4
435	8.60252e-07	-13294.6
436	8.60252e-07	-12207.5
437	8.60252e-07	-13707.2
438	8.60252e-07	-11522.6
439	8.60252e-07	-14320.5
440	8.60252e-07	-15428.2
441	8.60252e-07	-15072.2
442	8.60252e-07	-12455.6
443	8.60252e-07	-14351.9
444	8.60252e-07	-13483.4
445	8.60252e-07	-11179.2
446	8.60252e-07	-12375.6
447	8.60252e-07	-11173.7
448	8.60252e-07	-12573.5
449	8.60252e-07	-13684.9
450	8.60252e-07	-14489.7
451	8.60252e-07	-14039.7
452	8.60252e-07	-13573.7
453	8.60252e-07	-13211.6
454	8.60252e-07	-12308.3
455	8.60252e-07	-12855.4
456	8.60252e-07	-11849.3
457	8.60252e-07	-12232.9
458	8.60252e-07	-11541.6
459	8.60252e-07	-12811.7
460	8.60252e-07	-12554.7
461	8.60252e-07	-12227.4
462	8.60252e-07	-12875.1
463	8.60252e-07	-12663.9
464	8.60252e-07	-12538.8
465	8.60252e-07	-12351
466	8.60252e-07	-12642.1
467	8.60252e-07	-12403.1
468	8.60252e-07	-13864.2
469	8.60252e-07	-10477.5
470	8.60252e-07	-10858.1
471	8.60252e-07	-12173.9
472	8.60252e-07	-11419
473	8.60252e-07	-11691.8
474	8.60252e-07	-10994.7
475	8.60252e-07	-13934.2
476	8.60252e-07	-12599
477	8.60252e-07	-11872.3
478	8.60252e-07	-11040.3
479	8.60252e-07	-11256
480	8.60252e-07	-11551
481	8.60252e-07	-12488.4
482	8.60252e-07	-13213.7
483	8.60252e-07	-13836.4
484	8.60252e-07	-13400.5
485	8.60252e-07	-13762.6
486	8.60252e-07	-15651.3
487	8.60252e-07	-13985.2
488	8.60252e-07	-12598
489	8.60252e-07	-11340.6
490	8.60252e-07	-13553.9
491	8.60252e-07	-14316.2
492	8.60252e-07	-14443.7
493	8.60252e-07	-13901.3
494	8.60252e-07	-12207.6
495	8.60252e-07	-14275.8
496	8.60252e-07	-12589.9
497	8.60252e-07	-12202.1
498	8.60252e-07	-11530.8
499	8.60252e-07	-11659.8
500	8.60252e-07	-14421.9
501	8.60252e-07	-12927.7
502	8.60252e-07	-13694.2
503	8.60252e-07	-12172.2
504	8.60252e-07	-13744.2
505	8.60252e-07	-12758.8
506	8.60252e-07	-11324.9
507	8.60252e-07	-11619.7
508	8.60252e-07	-10677.7
509	8.60252e-07	-12928.4
510	8.60252e-07	-12299.1
511	8.60252e-07	-12985.5
512	8.60252e-07	-11884.2
513	8.60252e-07	-13240.2
514	8.60252e-07	-13670.8
515	8.60252e-07	-14181.8
516	8.60252e-07	-13052.7
517	8.60252e-07	-13016.5
518	8.60252e-07	-12251.8
519	8.60252e-07	-11816.9
520	8.60252e-07	-13598
521	8.60252e-07	-12049.4
522	8.60252e-07	-12361.5
523	8.60252e-07	-12298.6
524	8.60252e-07	-12982.1
525	8.60252e-07	-13605.3
526	8.60252e-07	-12918
527	8.60252e-07	-11940.8
528	8.60252e-07	-13870.7
529	8.60252e-07	-14023.4
530	8.60252e-07	-13310.6
531	8.60252e-07	-12053.3
532	8.60252e-07	-12423.3
533	8.60252e-07	-13365.9
534	8.60252e-07	-13332.5
535	8.60252e-07	-14571.2
536	8.60252e-07	-13379.3
537	8.60252e-07	-12381.7
538	8.60252e-07	-13494.1
539	8.60252e-07	-14683.3
540	8.60252e-07	-14397.2
541	8.60252e-07	-15640.9
542	8.60252e-07	-15004.9
543	8.60252e-07	-13761.8
544	8.60252e-07	-12971.3
545	8.60252e-07	-13533.5
546	8.60252e-07	-11172.1
547	8.60252e-07	-11914.5
548	8.60252e-07	-11918
549	8.60252e-07	-10990.5
550	8.60252e-07	-13632.5
551	8.60252e-07	-12516.5
552	8.60252e-07	-13792.5
553	8.60252e-07	-10998.3
554	8.60252e-07	-11647.9
555	8.60252e-07	-10657.1
556	8.60252e-07	-11604.3
557	8.60252e-07	-11706.7
558	8.60252e-07	-14383
559	8.60252e-07	-13023
560	8.60252e-07	-11552.8
561	8.60252e-07	-13779.5
562	8.60252e-07	-12330.5
563	8.60252e-07	-11799.8
564	8.60252e-07	-11132.9
565	8.60252e-07	-13437.2
566	8.60252e-07	-13519.2
567	8.60252e-07	-11486.8
568	8.60252e-07	-11965
569	8.60252e-07	-12154.4
570	8.60252e-07	-14388.1
571	8.60252e-07	-14357.5
572	8.60252e-07	-13538.7
573	8.60252e-07	-13239.3
574	8.60252e-07	-12452.1
575	8.60252e-07	-15540.9
576	8.60252e-07	-11164.5
577	8.60252e-07	-12748.8
578	8.60252e-07	-12666.7
579	8.60252e-07	-15485.9
580	8.60252e-07	-12596.2
581	8.60252e-07	-12490.6
582	8.60252e-07	-13352.2
583	8.60252e-07	-13931.8
584	8.60252e-07	-14540.8
585	8.60252e-07	-15437.3
586	8.60252e-07	-13915
587	8.60252e-07	-11295.1
588	8.60252e-07	-11023.2
589	8.60252e-07	-11804.1
590	8.60252e-07	-12273.3
591	8.60252e-07	-15135.8
592	8.60252e-07	-15128.1
593	8.60252e-07	-15082.4
594	8.60252e-07	-14816.2
595	8.60252e-07	-14763
596	8.60252e-07	-14149
597	8.60252e-07	-12491.3
598	8.60252e-07	-16892
599	8.60252e-07	-18471.7
600	8.60252e-07	-14386.6
601	8.60252e-07	-13132.1
602	8.60252e-07	-13673.9
603	8.60252e-07	-13656.1
604	8.60252e-07	-15105.7
605	8.60252e-07	-15180
606	8.60252e-07	-15763.3
607	8.60252e-07	-11986.7
608	8.60252e-07	-12799.9
609	8.60252e-07	-11612.1
610	8.60252e-07	-13300.7
611	8.60252e-07	-16500.3
612	8.60252e-07	-11636.6
613	8.60252e-07	-11093.4
614	8.60252e-07	-12424.1
615	8.60252e-07	-11783.3
616	8.60252e-07	-11682.7
617	8.60252e-07	-11815.6
618	8.60252e-07	-12219.8
619	8.60252e-07	-12879.4
620	8.60252e-07	-11573.1
621	8.60252e-07	-14720.1
622	8.60252e-07	-13627.7
623	8.60252e-07	-13379
624	8.60252e-07	-13886.6
625	8.60252e-07	-14746.7
626	8.60252e-07	-13360.2
627	8.60252e-07	-11405.5
628	8.60252e-07	-11789.3
629	8.60252e-07	-11278.8
630	8.60252e-07	-13223.4
631	8.60252e-07	-13148.2
632	8.60252e-07	-12081.6
633	8.60252e-07	-12038.6
634	8.60252e-07	-12317.1
635	8.60252e-07	-10911.6
636	8.60252e-07	-11547
637	8.60252e-07	-13838.4
638	8.60252e-07	-14756.7
639	8.60252e-07	-14396.4
640	8.60252e-07	-11964.7
641	8.60252e-07	-12068.1
642	8.60252e-07	-11333.9
643	8.60252e-07	-13396.3
644	8.60252e-07	-11331.7
645	8.60252e-07	-10823.8
646	8.60252e-07	-12351.8
647	8.60252e-07	-11637.5
648	8.60252e-07	-14244.1
649	8.60252e-07	-13388.8
650	8.60252e-07	-12569.2
651	8.60252e-07	-12190.6
652	8.60252e-07	-11816
653	8.60252e-07	-11392.6
654	8.60252e-07	-12114.4
655	8.60252e-07	-12579.4
656	8.60252e-07	-12971.2
657	8.60252e-07	-12050.7
658	8.60252e-07	-11757.3
659	8.60252e-07	-13794.5
660	8.60252e-07	-11734.3
661	8.60252e-07	-10917.1
662	8.60252e-07	-10478.5
663	8.60252e-07	-16085.3
664	8.60252e-07	-12811.3
665	8.60252e-07	-10971.2
666	8.60252e-07	-10858
667	8.60252e-07	-15045.8
668	8.60252e-07	-12326.3
669	8.60252e-07	-14785.2
670	8.60252e-07	-14350.9
671	8.60252e-07	-13493
672	8.60252e-07	-18001.6
673	8.60252e-07	-16723.8
674	8.60252e-07	-14615
675	8.60252e-07	-12975.2
676	8.60252e-07	-12016.8
677	8.60252e-07	-12028.1
678	8.60252e-07	-10131.8
679	8.60252e-07	-10714.3
680	8.60252e-07	-12759.4
681	8.60252e-07	-12076.6
682	8.60252e-07	-12322.2
683	8.60252e-07	-12805.3
684	8.60252e-07	-12405.2
685	8.60252e-07	-12812.3
686	8.60252e-07	-12903.3
687	8.60252e-07	-12509
688	8.60252e-07	-12218.3
689	8.60252e-07	-12023.6
690	8.60252e-07	-15630.2
691	8.60252e-07	-14142.8
692	8.60252e-07	-13693.6
693	8.60252e-07	-13687.2
694	8.60252e-07	-11800.6
695	8.60252e-07	-11007.5
696	8.60252e-07	-12233.5
697	8.60252e-07	-12695.1
698	8.60252e-07	-12957.7
699	8.60252e-07	-13373.6
700	8.60252e-07	-11969
701	8.60252e-07	-13826.8
702	8.60252e-07	-13278.7
703	8.60252e-07	-15109.8
704	8.60252e-07	-14522.4
705	8.60252e-07	-16166.8
706	8.60252e-07	-16266.1
707	8.60252e-07	-14703.4
708	8.60252e-07	-17472.8
709	8.60252e-07	-19430.3
710	8.60252e-07	-16622.7
711	8.60252e-07	-17079.5
712	8.60252e-07	-18834.7
713	8.60252e-07	-18086.8
714	8.60252e-07	-16182.5
715	8.60252e-07	-13138.1
716	8.60252e-07	-11540
717	8.60252e-07	-10579.1
718	8.60252e-07	-10763.1
719	8.60252e-07	-12397.6
720	8.60252e-07	-11386.6
721	8.60252e-07	-11263.2
722	8.60252e-07	-12768.1
723	8.60252e-07	-12799.3
724	8.60252e-07	-12352.5
725	8.60252e-07	-12109.6
726	8.60252e-07	-12386.2
727	8.60252e-07	-14458.4
728	8.60252e-07	-15047
729	8.60252e-07	-11460.1
730	8.60252e-07	-15066.5
731	8.60252e-07	-11448.8
732	8.60252e-07	-11790.1
733	8.60252e-07	-12026.8
734	8.60252e-07	-12898.8
735	8.60252e-07	-14997.6
736	8.60252e-07	-12208.7
737	8.60252e-07	-11874
738	8.60252e-07	-11105.4
739	8.60252e-07	-11328.5
740	8.60252e-07	-11837.4
741	8.60252e-07	-14947.4
742	8.60252e-07	-13717.4
743	8.60252e-07	-15033.6
744	8.60252e-07	-15483.5
745	8.60252e-07	-15921.3
746	8.60252e-07	-17132.3
747	8.60252e-07	-13302.1
748	8.60252e-07	-13315.6
749	8.60252e-07	-14806.7
750	8.60252e-07	-12634.9
751	8.60252e-07	-13197.1
752	8.60252e-07	-13066.7
753	8.60252e-07	-13396
754	8.60252e-07	-13246.6
755	8.60252e-07	-12537.4
756	8.60252e-07	-11720.7
757	8.60252e-07	-11980.9
758	8.60252e-07	-12978.2
759	8.60252e-07	-13049.9
760	8.60252e-07	-12535
761	8.60252e-07	-12244.3
762	8.60252e-07	-12970.8
763	8.60252e-07	-11871
764	8.60252e-07	-12128.2
765	8.60252e-07	-13220.8
766	8.60252e-07	-14274.6
767	8.60252e-07	-12573.9
768	8.60252e-07	-11927.6
769	8.60252e-07	-12696.7
770	8.60252e-07	-11269.4
771	8.60252e-07	-11715.4
772	8.60252e-07	-10654
773	8.60252e-07	-11721
774	8.60252e-07	-12768.4
775	8.60252e-07	-15232.8
776	8.60252e-07	-14863.6
777	8.60252e-07	-12123.2
778	8.60252e-07	-11687
779	8.60252e-07	-13120
780	8.60252e-07	-12096
781	8.60252e-07	-11850.8
782	8.60252e-07	-14313.2
783	8.60252e-07	-15565.4
784	8.60252e-07	-14392.7
785	8.60252e-07	-14755.7
786	8.60252e-07	-13739.7
787	8.60252e-07	-12637.9
788	8.60252e-07	-12630
789	8.60252e-07	-12377.9
790	8.60252e-07	-11630.8
791	8.60252e-07	-12178.2
792	8.60252e-07	-10518.5
793	8.60252e-07	-11772.7
794	8.60252e-07	-10802.2
795	8.60252e-07	-11980.7
796	8.60252e-07	-12100.9
797	8.60252e-07	-11613.1
798	8.60252e-07	-12115
799	8.60252e-07	-12411.4
800	8.60252e-07	-12128.2
801	8.60252e-07	-11536.4
802	8.60252e-07	-14072.7
803	8.60252e-07	-12517.3
804	8.60252e-07	-12778.8
805	8.60252e-07	-13279.4
806	8.60252e-07	-12918
807	8.60252e-07	-11848.7
808	8.60252e-07	-15585.9
809	8.60252e-07	-14224.7
810	8.60252e-07	-14163.2
811	8.60252e-07	-11898.3
812	8.60252e-07	-11166
813	8.60252e-07	-11357.5
814	8.60252e-07	-11250.1
815	8.60252e-07	-11325.9
816	8.60252e-07	-13349.9
817	8.60252e-07	-11739
818	8.60252e-07	-12388.2
819	8.60252e-07	-12398.7
820	8.60252e-07	-13202.7
821	8.60252e-07	-12550.6
822	8.60252e-07	-13312.1
823	8.60252e-07	-13488.2
824	8.60252e-07	-12036.9
825	8.60252e-07	-13668.8
826	8.60252e-07	-11070.5
827	8.60252e-07	-13512.4
828	8.60252e-07	-10811.7
829	8.60252e-07	-12253.7
830	8.60252e-07	-13372.8
831	8.60252e-07	-14055.6
832	8.60252e-07	-16628.5
833	8.60252e-07	-15492.2
834	8.60252e-07	-14934.5
835	8.60252e-07	-10959.7
836	8.60252e-07	-11633.8
837	8.60252e-07	-13922.3
838	8.60252e-07	-14042.4
839	8.60252e-07	-14076.8
840	8.60252e-07	-16221.7
841	8.60252e-07	-17339.5
842	8.60252e-07	-16564.4
843	8.60252e-07	-14037.1
844	8.60252e-07	-13736.8
845	8.60252e-07	-14593.8
846	8.60252e-07	-12948.9
847	8.60252e-07	-13766
848	8.60252e-07	-14545.1
849	8.60252e-07	-16305
850	8.60252e-07	-13637.1
851	8.60252e-07	-14321.4
852	8.60252e-07	-16345.7
853	8.60252e-07	-14167.9
854	8.60252e-07	-13110.4
855	8.60252e-07	-13024.6
856	8.60252e-07	-14245.8
857	8.60252e-07	-18307.9
858	8.60252e-07	-11856.3
859	8.60252e-07	-12016.1
860	8.60252e-07	-13629.2
861	8.60252e-07	-12361.3
862	8.60252e-07	-10916
863	8.60252e-07	-12888.8
864	8.60252e-07	-15401.5
865	8.60252e-07	-13605.4
866	8.60252e-07	-12582.7
867	8.60252e-07	-11524
868	8.60252e-07	-12769.9
869	8.60252e-07	-13860.2
870	8.60252e-07	-13027.9
871	8.60252e-07	-15558.5
872	8.60252e-07	-13911.3
873	8.60252e-07	-12955.3
874	8.60252e-07	-11313.3
875	8.60252e-07	-14344.1
876	8.60252e-07	-12023.1
877	8.60252e-07	-12181.8
878	8.60252e-07	-11924
879	8.60252e-07	-11284.4
880	8.60252e-07	-11370
881	8.60252e-07	-12572.6
882	8.60252e-07	-13719
883	8.60252e-07	-14652.1
884	8.60252e-07	-13121.1
885	8.60252e-07	-12548
886	8.60252e-07	-10066.5
887	8.60252e-07	-11379.8
888	8.60252e-07	-11752.3
889	8.60252e-07	-12310.3
890	8.60252e-07	-13620.9
891	8.60252e-07	-15727.3
892	8.60252e-07	-13917.6
893	8.60252e-07	-13286.9
894	8.60252e-07	-10375.5
895	8.60252e-07	-13980
896	8.60252e-07	-13368.8
897	8.60252e-07	-12761.7
898	8.60252e-07	-13897.5
899	8.60252e-07	-16147.6
900	8.60252e-07	-13263.8
901	8.60252e-07	-13070.8
902	8.60252e-07	-12130.2
903	8.60252e-07	-12432
904	8.60252e-07	-12108
905	8.60252e-07	-11359.5
906	8.60252e-07	-11576.9
907	8.60252e-07	-12345.3
908	8.60252e-07	-13080.7
909	8.60252e-07	-14642.1
910	8.60252e-07	-14313.9
911	8.60252e-07	-15219.6
912	8.60252e-07	-11755
913	8.60252e-07	-14100.6
914	8.60252e-07	-15641.8
915	8.60252e-07	-15109.5
916	8.60252e-07	-14831.1
917	8.60252e-07	-13700.1
918	8.60252e-07	-15388
919	8.60252e-07	-16521.9
920	8.60252e-07	-12791
921	8.60252e-07	-15405.7
922	8.60252e-07	-15045.3
923	8.60252e-07	-12894.9
924	8.60252e-07	-13348.1
925	8.60252e-07	-14751.7
926	8.60252e-07	-16070.7
927	8.60252e-07	-18663
928	8.60252e-07	-21011.8
929	8.60252e-07	-19596.6
930	8.60252e-07	-15717.1
931	8.60252e-07	-18507.9
932	8.60252e-07	-12318.4
933	8.60252e-07	-10844
934	8.60252e-07	-13221.6
935	8.60252e-07	-13288.1
936	8.60252e-07	-13416.8
937	8.60252e-07	-11919.9
938	8.60252e-07	-12630
939	8.60252e-07	-12688.9
940	8.60252e-07	-12967.4
941	8.60252e-07	-14259.7
942	8.60252e-07	-15178.2
943	8.60252e-07	-14661.9
944	8.60252e-07	-13135.3
945	8.60252e-07	-12222.3
946	8.60252e-07	-10985.2
947	8.60252e-07	-12005.8
948	8.60252e-07	-13497.9
949	8.60252e-07	-13582.7
950	8.60252e-07	-12596.1
951	8.60252e-07	-12155.4
952	8.60252e-07	-12756.6
953	8.60252e-07	-11808.5
954	8.60252e-07	-12401.8
955	8.60252e-07	-11409.3
956	8.60252e-07	-11290.6
957	8.60252e-07	-11349
958	8.60252e-07	-12011.4
959	8.60252e-07	-11476.9
960	8.60252e-07	-11727.3
961	8.60252e-07	-12474.9
962	8.60252e-07	-12488.4
963	8.60252e-07	-14717.1
964	8.60252e-07	-13968.9
965	8.60252e-07	-13506.2
966	8.60252e-07	-11738.2
967	8.60252e-07	-13432.8
968	8.60252e-07	-14237.6
969	8.60252e-07	-14606.5
970	8.60252e-07	-14057.3
971	8.60252e-07	-11601.6
972	8.60252e-07	-10683.7
973	8.60252e-07	-11079.9
974	8.60252e-07	-11834.2
975	8.60252e-07	-12232.3
976	8.60252e-07	-11200.7
977	8.60252e-07	-14274.2
978	8.60252e-07	-13544.6
979	8.60252e-07	-11314
980	8.60252e-07	-11646.9
981	8.60252e-07	-14152.2
982	8.60252e-07	-16644.6
983	8.60252e-07	-14664.6
984	8.60252e-07	-11869.3
985	8.60252e-07	-12646.6
986	8.60252e-07	-10540.1
987	8.60252e-07	-11833.1
988	8.60252e-07	-12123.3
989	8.60252e-07	-12016.5
990	8.60252e-07	-13920.1
991	8.60252e-07	-12570.4
992	8.60252e-07	-12454.9
993	8.60252e-07	-13119.2
994	8.60252e-07	-13297.2
995	8.60252e-07	-12305.7
996	8.60252e-07	-12553.9
997	8.60252e-07	-13898.8
998	8.60252e-07	-12666.2
999	8.60252e-07	-13164.8
1000	8.60252e-07	-12400.7
251	1.13284e-07	-11495.5
252	1.13284e-07	-11931.2
253	1.13284e-07	-11466.6
254	1.13284e-07	-11350.2
255	1.13284e-07	-12287.4
256	1.13284e-07	-12323.2
257	1.13284e-07	-13142.8
258	1.13284e-07	-16054.3
259	1.13284e-07	-12813.8
260	1.13284e-07	-13670.7
261	1.13284e-07	-11659.1
262	1.13284e-07	-12405.5
263	1.13284e-07	-13265.5
264	1.13284e-07	-12448.3
265	1.13284e-07	-12638.3
266	1.13284e-07	-16339.7
267	1.13284e-07	-12257
268	1.13284e-07	-12396.8
269	1.13284e-07	-13120
270	1.13284e-07	-12854.5
271	1.13284e-07	-12050.8
272	1.13284e-07	-17673.8
273	1.13284e-07	-13731.3
274	1.13284e-07	-11882.5
275	1.13284e-07	-11877.8
276	1.13284e-07	-13204.8
277	1.13284e-07	-12245.6
278	1.13284e-07	-13663.4
279	1.13284e-07	-12683.5
280	1.13284e-07	-12368.8
281	1.13284e-07	-14363.3
282	1.13284e-07	-13736.6
283	1.13284e-07	-14667.5
284	1.13284e-07	-15946.3
285	1.13284e-07	-13860.2
286	1.13284e-07	-14564.5
287	1.13284e-07	-14648.8
288	1.13284e-07	-11972.6
289	1.13284e-07	-11499.7
290	1.13284e-07	-12887.8
291	1.13284e-07	-12022.5
292	1.13284e-07	-14808.4
293	1.13284e-07	-14556.4
294	1.13284e-07	-13361.1
295	1.13284e-07	-14924.4
296	1.13284e-07	-13279
297	1.13284e-07	-13040
298	1.13284e-07	-12685.3
299	1.13284e-07	-11464
300	1.13284e-07	-11886.1
301	1.13284e-07	-12735
302	1.13284e-07	-12100.4
303	1.13284e-07	-12137
304	1.13284e-07	-12325.3
305	1.13284e-07	-11669.1
306	1.13284e-07	-12295
307	1.13284e-07	-11587.7
308	1.13284e-07	-12383.7
309	1.13284e-07	-14762.8
310	1.13284e-07	-12326.3
311	1.13284e-07	-12383.2
312	1.13284e-07	-14515.9
313	1.13284e-07	-14502.5
314	1.13284e-07	-11988.7
315	1.13284e-07	-13397.5
316	1.13284e-07	-13484.3
317	1.13284e-07	-14472.5
318	1.13284e-07	-11688.9
319	1.13284e-07	-12780.6
320	1.13284e-07	-12071.9
321	1.13284e-07	-11249.8
322	1.13284e-07	-12549.8
323	1.13284e-07	-10712.6
324	1.13284e-07	-13399
325	1.13284e-07	-13326.2
326	1.13284e-07	-14475.3
327	1.13284e-07	-13131.1
328	1.13284e-07	-11962
329	1.13284e-07	-14937.9
330	1.13284e-07	-15570
331	1.13284e-07	-12484.9
332	1.13284e-07	-13038.1
333	1.13284e-07	-12348.4
334	1.13284e-07	-12790.5
335	1.13284e-07	-11494.6
336	1.13284e-07	-12310.9
337	1.13284e-07	-12541.8
338	1.13284e-07	-12850.9
339	1.13284e-07	-13686.7
340	1.13284e-07	-13778.3
341	1.13284e-07	-14788.1
342	1.13284e-07	-13076.6
343	1.13284e-07	-12578.6
344	1.13284e-07	-12730.4
345	1.13284e-07	-13553.2
346	1.13284e-07	-13214.6
347	1.13284e-07	-12482.5
348	1.13284e-07	-12274.9
349	1.13284e-07	-15678.9
350	1.13284e-07	-16573
351	1.13284e-07	-11062.5
352	1.13284e-07	-11244.5
353	1.13284e-07	-12154.5
354	1.13284e-07	-12927.3
355	1.13284e-07	-12155
356	1.13284e-07	-11385.5
357	1.13284e-07	-10835.4
358	1.13284e-07	-10991.3
359	1.13284e-07	-12136.4
360	1.13284e-07	-10896.6
361	1.13284e-07	-12972.7
362	1.13284e-07	-10723.1
363	1.13284e-07	-10251.5
364	1.13284e-07	-11271.5
365	1.13284e-07	-12533.6
366	1.13284e-07	-11983.4
367	1.13284e-07	-11548.2
368	1.13284e-07	-13069.9
369	1.13284e-07	-12431.6
370	1.13284e-07	-13446.6
371	1.13284e-07	-13255
372	1.13284e-07	-12464.1
373	1.13284e-07	-13794.9
374	1.13284e-07	-10930.8
375	1.13284e-07	-11944.2
376	1.13284e-07	-13378.4
377	1.13284e-07	-10980
378	1.13284e-07	-11931.8
379	1.13284e-07	-14819.8
380	1.13284e-07	-13294.8
381	1.13284e-07	-12556.4
382	1.13284e-07	-12242.2
383	1.13284e-07	-12642.4
384	1.13284e-07	-12526.7
385	1.13284e-07	-15124.3
386	1.13284e-07	-14555.6
387	1.13284e-07	-13729.4
388	1.13284e-07	-13293.6
389	1.13284e-07	-16537.1
390	1.13284e-07	-13992.6
391	1.13284e-07	-12468.9
392	1.13284e-07	-11371.7
393	1.13284e-07	-11455.9
394	1.13284e-07	-11255.2
395	1.13284e-07	-13687.5
396	1.13284e-07	-11928.8
397	1.13284e-07	-11323
398	1.13284e-07	-10131.8
399	1.13284e-07	-11112.1
400	1.13284e-07	-11516.1
401	1.13284e-07	-12254.4
402	1.13284e-07	-11962.4
403	1.13284e-07	-12892.5
404	1.13284e-07	-12783.6
405	1.13284e-07	-15559.8
406	1.13284e-07	-14657.5
407	1.13284e-07	-14898.2
408	1.13284e-07	-14643.2
409	1.13284e-07	-11585.9
410	1.13284e-07	-13729.7
411	1.13284e-07	-11911.4
412	1.13284e-07	-11297.2
413	1.13284e-07	-13527.5
414	1.13284e-07	-11178.4
415	1.13284e-07	-12086.5
416	1.13284e-07	-11579.3
417	1.13284e-07	-12803.1
418	1.13284e-07	-12004
419	1.13284e-07	-12148.4
420	1.13284e-07	-11867.3
421	1.13284e-07	-11202.2
422	1.13284e-07	-11750.3
423	1.13284e-07	-12872.4
424	1.13284e-07	-12568.3
425	1.13284e-07	-12342.5
426	1.13284e-07	-11920.8
427	1.13284e-07	-11706.3
428	1.13284e-07	-15714.7
429	1.13284e-07	-16119.1
430	1.13284e-07	-12037.6
431	1.13284e-07	-12220.5
432	1.13284e-07	-14050.7
433	1.13284e-07	-12924.3
434	1.13284e-07	-11868.6
435	1.13284e-07	-13337.5
436	1.13284e-07	-12444.5
437	1.13284e-07	-12136.8
438	1.13284e-07	-11412.7
439	1.13284e-07	-14626.5
440	1.13284e-07	-13902.3
441	1.13284e-07	-14708.7
442	1.13284e-07	-11974.4
443	1.13284e-07	-11212.8
444	1.13284e-07	-13590.6
445	1.13284e-07	-13133.2
446	1.13284e-07	-11430
447	1.13284e-07	-12366
448	1.13284e-07	-14684.7
449	1.13284e-07	-12413.2
450	1.13284e-07	-14964.1
451	1.13284e-07	-11958.7
452	1.13284e-07	-11563
453	1.13284e-07	-11867.3
454	1.13284e-07	-12253.1
455	1.13284e-07	-11763.5
456	1.13284e-07	-12907.2
457	1.13284e-07	-14538
458	1.13284e-07	-13725.8
459	1.13284e-07	-13927.2
460	1.13284e-07	-15553.3
461	1.13284e-07	-17799.1
462	1.13284e-07	-15917.4
463	1.13284e-07	-15409.4
464	1.13284e-07	-16458.2
465	1.13284e-07	-11793.5
466	1.13284e-07	-11649.8
467	1.13284e-07	-11468.8
468	1.13284e-07	-13072.8
469	1.13284e-07	-12643.8
470	1.13284e-07	-12960.2
471	1.13284e-07	-13685.2
472	1.13284e-07	-14811.4
473	1.13284e-07	-13655.7
474	1.13284e-07	-13070.7
475	1.13284e-07	-14841.6
476	1.13284e-07	-14865.3
477	1.13284e-07	-15350.2
478	1.13284e-07	-14802.1
479	1.13284e-07	-12194.9
480	1.13284e-07	-13879
481	1.13284e-07	-12373.2
482	1.13284e-07	-11278.9
483	1.13284e-07	-13121.7
484	1.13284e-07	-14329.3
485	1.13284e-07	-13504.1
486	1.13284e-07	-15212.3
487	1.13284e-07	-14472.8
488	1.13284e-07	-15970.5
489	1.13284e-07	-15707.4
490	1.13284e-07	-11353.1
491	1.13284e-07	-11106.7
492	1.13284e-07	-13485.8
493	1.13284e-07	-13792.5
494	1.13284e-07	-13085.1
495	1.13284e-07	-12661.3
496	1.13284e-07	-14066.9
497	1.13284e-07	-16085.2
498	1.13284e-07	-13765.9
499	1.13284e-07	-13846.1
500	1.13284e-07	-12899.2
501	1.13284e-07	-12650.1
502	1.13284e-07	-12581
503	1.13284e-07	-11828
504	1.13284e-07	-13945.4
505	1.13284e-07	-11908.6
506	1.13284e-07	-12684
507	1.13284e-07	-15781.3
508	1.13284e-07	-14145.5
509	1.13284e-07	-22022.5
510	1.13284e-07	-13995.6
511	1.13284e-07	-13458.5
512	1.13284e-07	-12413.5
513	1.13284e-07	-16001
514	1.13284e-07	-14007.3
515	1.13284e-07	-13552.1
516	1.13284e-07	-13925.9
517	1.13284e-07	-12575.4
518	1.13284e-07	-15085.6
519	1.13284e-07	-12916.4
520	1.13284e-07	-13016.9
521	1.13284e-07	-12269.4
522	1.13284e-07	-12407.4
523	1.13284e-07	-11971.7
524	1.13284e-07	-11957.1
525	1.13284e-07	-15591
526	1.13284e-07	-16396.2
527	1.13284e-07	-12385
528	1.13284e-07	-12243
529	1.13284e-07	-13958.3
530	1.13284e-07	-16488.4
531	1.13284e-07	-14021.6
532	1.13284e-07	-10327.5
533	1.13284e-07	-12008.7
534	1.13284e-07	-12302.4
535	1.13284e-07	-12554.2
536	1.13284e-07	-15162.7
537	1.13284e-07	-14555
538	1.13284e-07	-16749.4
539	1.13284e-07	-16768.3
540	1.13284e-07	-17533.4
541	1.13284e-07	-16837.4
542	1.13284e-07	-11919
543	1.13284e-07	-12952.8
544	1.13284e-07	-14444.8
545	1.13284e-07	-12808.2
546	1.13284e-07	-13433.5
547	1.13284e-07	-14715.7
548	1.13284e-07	-12677.7
549	1.13284e-07	-11911.3
550	1.13284e-07	-11477.4
551	1.13284e-07	-12545
552	1.13284e-07	-12301.9
553	1.13284e-07	-11298.4
554	1.13284e-07	-12527.2
555	1.13284e-07	-13721.6
556	1.13284e-07	-12163.4
557	1.13284e-07	-12818.9
558	1.13284e-07	-13001.3
559	1.13284e-07	-13186.6
560	1.13284e-07	-12630.2
561	1.13284e-07	-15430.3
562	1.13284e-07	-12583
563	1.13284e-07	-15475.3
564	1.13284e-07	-15209
565	1.13284e-07	-14579.5
566	1.13284e-07	-13034.2
567	1.13284e-07	-13967.1
568	1.13284e-07	-15225.8
569	1.13284e-07	-15857.2
570	1.13284e-07	-15172
571	1.13284e-07	-16691.9
572	1.13284e-07	-14517.4
573	1.13284e-07	-12217.3
574	1.13284e-07	-11648.1
575	1.13284e-07	-13008.4
576	1.13284e-07	-13977
577	1.13284e-07	-13350.1
578	1.13284e-07	-13238.6
579	1.13284e-07	-13625.1
580	1.13284e-07	-14511.5
581	1.13284e-07	-14886.1
582	1.13284e-07	-15426.8
583	1.13284e-07	-12067.8
584	1.13284e-07	-12680.6
585	1.13284e-07	-14394.1
586	1.13284e-07	-13251.3
587	1.13284e-07	-15161
588	1.13284e-07	-13724.2
589	1.13284e-07	-15135.7
590	1.13284e-07	-14710.7
591	1.13284e-07	-12970.6
592	1.13284e-07	-12872.5
593	1.13284e-07	-16277
594	1.13284e-07	-11835.3
595	1.13284e-07	-12070.8
596	1.13284e-07	-12355.9
597	1.13284e-07	-14422.9
598	1.13284e-07	-12919.4
599	1.13284e-07	-12643
600	1.13284e-07	-12717.6
601	1.13284e-07	-12266.8
602	1.13284e-07	-11451.5
603	1.13284e-07	-11549
604	1.13284e-07	-11972
605	1.13284e-07	-11164.3
606	1.13284e-07	-13163.3
607	1.13284e-07	-13408.9
608	1.13284e-07	-12958.5
609	1.13284e-07	-13023.9
610	1.13284e-07	-11584.8
611	1.13284e-07	-11129
612	1.13284e-07	-14410.5
613	1.13284e-07	-14946.9
614	1.13284e-07	-11634.5
615	1.13284e-07	-13462.8
616	1.13284e-07	-13826.9
617	1.13284e-07	-13230.5
618	1.13284e-07	-13877.8
619	1.13284e-07	-16272.2
620	1.13284e-07	-13165.6
621	1.13284e-07	-11609
622	1.13284e-07	-11448
623	1.13284e-07	-11348.6
624	1.13284e-07	-12476.1
625	1.13284e-07	-12553.2
626	1.13284e-07	-11054.5
627	1.13284e-07	-14704.4
628	1.13284e-07	-14746.1
629	1.13284e-07	-14819.8
630	1.13284e-07	-13506.9
631	1.13284e-07	-12394.4
632	1.13284e-07	-12696.2
633	1.13284e-07	-13339.3
634	1.13284e-07	-16158.1
635	1.13284e-07	-16804.2
636	1.13284e-07	-13718.6
637	1.13284e-07	-13072.7
638	1.13284e-07	-11873.9
639	1.13284e-07	-11048.8
640	1.13284e-07	-9996.69
641	1.13284e-07	-13038.8
642	1.13284e-07	-13743.4
643	1.13284e-07	-12397.5
644	1.13284e-07	-12978.1
645	1.13284e-07	-11383.5
646	1.13284e-07	-15864.4
647	1.13284e-07	-14144.5
648	1.13284e-07	-15174.4
649	1.13284e-07	-14786.6
650	1.13284e-07	-13245.1
651	1.13284e-07	-16530
652	1.13284e-07	-10913.6
653	1.13284e-07	-11409.6
654	1.13284e-07	-10999.3
655	1.13284e-07	-12185.4
656	1.13284e-07	-14863.8
657	1.13284e-07	-14033.2
658	1.13284e-07	-12510.4
659	1.13284e-07	-15544.7
660	1.13284e-07	-17395
661	1.13284e-07	-17216.2
662	1.13284e-07	-17072.2
663	1.13284e-07	-14698.7
664	1.13284e-07	-14907
665	1.13284e-07	-15844.8
666	1.13284e-07	-15050.5
667	1.13284e-07	-14166.4
668	1.13284e-07	-13372.1
669	1.13284e-07	-16266.5
670	1.13284e-07	-12290.9
671	1.13284e-07	-12536.5
672	1.13284e-07	-13745.3
673	1.13284e-07	-15434.6
674	1.13284e-07	-16658.4
675	1.13284e-07	-13729.6
676	1.13284e-07	-12012.4
677	1.13284e-07	-14687.5
678	1.13284e-07	-13633.5
679	1.13284e-07	-14460.3
680	1.13284e-07	-14967.4
681	1.13284e-07	-18084
682	1.13284e-07	-16904
683	1.13284e-07	-17079.9
684	1.13284e-07	-14250.3
685	1.13284e-07	-12589.3
686	1.13284e-07	-15313.1
687	1.13284e-07	-13776.7
688	1.13284e-07	-12586
689	1.13284e-07	-13786.8
690	1.13284e-07	-12665.9
691	1.13284e-07	-11489.5
692	1.13284e-07	-10988.4
693	1.13284e-07	-10621.1
694	1.13284e-07	-11560.3
695	1.13284e-07	-13122.8
696	1.13284e-07	-12456
697	1.13284e-07	-10774.8
698	1.13284e-07	-11961.6
699	1.13284e-07	-12881.4
700	1.13284e-07	-15816.1
701	1.13284e-07	-17331.6
702	1.13284e-07	-13732.3
703	1.13284e-07	-13667.9
704	1.13284e-07	-11879
705	1.13284e-07	-12946.8
706	1.13284e-07	-13892.6
707	1.13284e-07	-14190.8
708	1.13284e-07	-14112
709	1.13284e-07	-14173.7
710	1.13284e-07	-15277
711	1.13284e-07	-15541.9
712	1.13284e-07	-16530.6
713	1.13284e-07	-10743.4
714	1.13284e-07	-11858.4
715	1.13284e-07	-12819.9
716	1.13284e-07	-11623.9
717	1.13284e-07	-13474.9
718	1.13284e-07	-13789.8
719	1.13284e-07	-12519.1
720	1.13284e-07	-13064.9
721	1.13284e-07	-12205
722	1.13284e-07	-11257.8
723	1.13284e-07	-12464.5
724	1.13284e-07	-16196
725	1.13284e-07	-14414.1
726	1.13284e-07	-13062
727	1.13284e-07	-14227.7
728	1.13284e-07	-19634.5
729	1.13284e-07	-16168.9
730	1.13284e-07	-16145.2
731	1.13284e-07	-16758.4
732	1.13284e-07	-16931.5
733	1.13284e-07	-10854.4
734	1.13284e-07	-11033.2
735	1.13284e-07	-11777.8
736	1.13284e-07	-12735.2
737	1.13284e-07	-11843.2
738	1.13284e-07	-12523.9
739	1.13284e-07	-14460.6
740	1.13284e-07	-13135.8
741	1.13284e-07	-12553.3
742	1.13284e-07	-12610.3
743	1.13284e-07	-12948.7
744	1.13284e-07	-11586
745	1.13284e-07	-11724.4
746	1.13284e-07	-12062.7
747	1.13284e-07	-11638.3
748	1.13284e-07	-10880.6
749	1.13284e-07	-14391.1
750	1.13284e-07	-13798.8
751	1.13284e-07	-13042.2
752	1.13284e-07	-12876.1
753	1.13284e-07	-14652.1
754	1.13284e-07	-13546.2
755	1.13284e-07	-12926.5
756	1.13284e-07	-13046.9
757	1.13284e-07	-15177.7
758	1.13284e-07	-11906.7
759	1.13284e-07	-12929.2
760	1.13284e-07	-12570.7
761	1.13284e-07	-11262.2
762	1.13284e-07	-12386
763	1.13284e-07	-14808.7
764	1.13284e-07	-11882.2
765	1.13284e-07	-12767.7
766	1.13284e-07	-11099
767	1.13284e-07	-11848.1
768	1.13284e-07	-11618
769	1.13284e-07	-13363.6
770	1.13284e-07	-12179.5
771	1.13284e-07	-13122.2
772	1.13284e-07	-12511.3
773	1.13284e-07	-12277.6
774	1.13284e-07	-11566.9
775	1.13284e-07	-13599.3
776	1.13284e-07	-11910.8
777	1.13284e-07	-13117.5
778	1.13284e-07	-13384.6
779	1.13284e-07	-11808.7
780	1.13284e-07	-14500.3
781	1.13284e-07	-15475.4
782	1.13284e-07	-13971.5
783	1.13284e-07	-14137.7
784	1.13284e-07	-15472.8
785	1.13284e-07	-13572.3
786	1.13284e-07	-13692.6
787	1.13284e-07	-11752.2
788	1.13284e-07	-11524.2
789	1.13284e-07	-10033.6
790	1.13284e-07	-13548.8
791	1.13284e-07	-11886.5
792	1.13284e-07	-12048
793	1.13284e-07	-14674.8
794	1.13284e-07	-14015
795	1.13284e-07	-15853.7
796	1.13284e-07	-10075.7
797	1.13284e-07	-10409.5
798	1.13284e-07	-11509.7
799	1.13284e-07	-11821.6
800	1.13284e-07	-11849.8
801	1.13284e-07	-12188.4
802	1.13284e-07	-12468.6
803	1.13284e-07	-11263.6
804	1.13284e-07	-12055.3
805	1.13284e-07	-11834.9
806	1.13284e-07	-11596.8
807	1.13284e-07	-11641.9
808	1.13284e-07	-11755.3
809	1.13284e-07	-12628.6
810	1.13284e-07	-12816
811	1.13284e-07	-13090.6
812	1.13284e-07	-18348
813	1.13284e-07	-16643.1
814	1.13284e-07	-15732.4
815	1.13284e-07	-13733.9
816	1.13284e-07	-13918.8
817	1.13284e-07	-13377.5
818	1.13284e-07	-12976.4
819	1.13284e-07	-12375.6
820	1.13284e-07	-13255.1
821	1.13284e-07	-14564.9
822	1.13284e-07	-13705.9
823	1.13284e-07	-14220.2
824	1.13284e-07	-14367.1
825	1.13284e-07	-14166.1
826	1.13284e-07	-12954.8
827	1.13284e-07	-12196.6
828	1.13284e-07	-12443.8
829	1.13284e-07	-13766.4
830	1.13284e-07	-13993.1
831	1.13284e-07	-13758.2
832	1.13284e-07	-13217.9
833	1.13284e-07	-12152
834	1.13284e-07	-12160.6
835	1.13284e-07	-11934.9
836	1.13284e-07	-12852.1
837	1.13284e-07	-13168.7
838	1.13284e-07	-13432.7
839	1.13284e-07	-12838
840	1.13284e-07	-12797.8
841	1.13284e-07	-13058.5
842	1.13284e-07	-14083.2
843	1.13284e-07	-14299.5
844	1.13284e-07	-16182.3
845	1.13284e-07	-14692.1
846	1.13284e-07	-16009.5
847	1.13284e-07	-12608.4
848	1.13284e-07	-12272.8
849	1.13284e-07	-15230.6
850	1.13284e-07	-15206.4
851	1.13284e-07	-13841.4
852	1.13284e-07	-13947.4
853	1.13284e-07	-14057.9
854	1.13284e-07	-15169.3
855	1.13284e-07	-14823.4
856	1.13284e-07	-15466.3
857	1.13284e-07	-11377.2
858	1.13284e-07	-12315.1
859	1.13284e-07	-10642.3
860	1.13284e-07	-11150.9
861	1.13284e-07	-11764
862	1.13284e-07	-11356.9
863	1.13284e-07	-11929.1
864	1.13284e-07	-11654.1
865	1.13284e-07	-11754.2
866	1.13284e-07	-11511.7
867	1.13284e-07	-14326.1
868	1.13284e-07	-16125.9
869	1.13284e-07	-14454.4
870	1.13284e-07	-12964.6
871	1.13284e-07	-16914.5
872	1.13284e-07	-14400.5
873	1.13284e-07	-11445.5
874	1.13284e-07	-12622.8
875	1.13284e-07	-12319.2
876	1.13284e-07	-12007
877	1.13284e-07	-12274.1
878	1.13284e-07	-12129.4
879	1.13284e-07	-12100.2
880	1.13284e-07	-12566.1
881	1.13284e-07	-11705.8
882	1.13284e-07	-12533.5
883	1.13284e-07	-12134.7
884	1.13284e-07	-11703.7
885	1.13284e-07	-10628.9
886	1.13284e-07	-10983.3
887	1.13284e-07	-12252.6
888	1.13284e-07	-12209.3
889	1.13284e-07	-12005.5
890	1.13284e-07	-11030.9
891	1.13284e-07	-12249.3
892	1.13284e-07	-11201.7
893	1.13284e-07	-12433.4
894	1.13284e-07	-13792.7
895	1.13284e-07	-13090.9
896	1.13284e-07	-11757.7
897	1.13284e-07	-11890.5
898	1.13284e-07	-13035.9
899	1.13284e-07	-12763.4
900	1.13284e-07	-13383.7
901	1.13284e-07	-10899.6
902	1.13284e-07	-11601.5
903	1.13284e-07	-11376.8
904	1.13284e-07	-13591.6
905	1.13284e-07	-13407.2
906	1.13284e-07	-12676.6
907	1.13284e-07	-11965.7
908	1.13284e-07	-10991.8
909	1.13284e-07	-13767.5
910	1.13284e-07	-11691.8
911	1.13284e-07	-11492.9
912	1.13284e-07	-11810.1
913	1.13284e-07	-11755.7
914	1.13284e-07	-13712.3
915	1.13284e-07	-10988.4
916	1.13284e-07	-12667.9
917	1.13284e-07	-15067
918	1.13284e-07	-11569.8
919	1.13284e-07	-12625.1
920	1.13284e-07	-12544
921	1.13284e-07	-11836.2
922	1.13284e-07	-13691.5
923	1.13284e-07	-11620.9
924	1.13284e-07	-11961.7
925	1.13284e-07	-11657.7
926	1.13284e-07	-12132.6
927	1.13284e-07	-11179.3
928	1.13284e-07	-12859.3
929	1.13284e-07	-15403.9
930	1.13284e-07	-11644.3
931	1.13284e-07	-13056.5
932	1.13284e-07	-14628.9
933	1.13284e-07	-12502.2
934	1.13284e-07	-13593.3
935	1.13284e-07	-13881.6
936	1.13284e-07	-13829.1
937	1.13284e-07	-11061.7
938	1.13284e-07	-10611.7
939	1.13284e-07	-11181.6
940	1.13284e-07	-13005
941	1.13284e-07	-12933.7
942	1.13284e-07	-13801.6
943	1.13284e-07	-12637.4
944	1.13284e-07	-13730.7
945	1.13284e-07	-12404.1
946	1.13284e-07	-14338.5
947	1.13284e-07	-13559.9
948	1.13284e-07	-11619.5
949	1.13284e-07	-11064.4
950	1.13284e-07	-12298.2
951	1.13284e-07	-13682.3
952	1.13284e-07	-13967.5
953	1.13284e-07	-12681.4
954	1.13284e-07	-14494.2
955	1.13284e-07	-11673
956	1.13284e-07	-13335.9
957	1.13284e-07	-13220
958	1.13284e-07	-10887.8
959	1.13284e-07	-13790.2
960	1.13284e-07	-18000.5
961	1.13284e-07	-15425.3
962	1.13284e-07	-13709.5
963	1.13284e-07	-12535.5
964	1.13284e-07	-12764
965	1.13284e-07	-12536.2
966	1.13284e-07	-13383.1
967	1.13284e-07	-13733.8
968	1.13284e-07	-14187.9
969	1.13284e-07	-14900.2
970	1.13284e-07	-15484.8
971	1.13284e-07	-13975.6
972	1.13284e-07	-15721.8
973	1.13284e-07	-13371
974	1.13284e-07	-12801.9
975	1.13284e-07	-11981.3
976	1.13284e-07	-11318
977	1.13284e-07	-10946.6
978	1.13284e-07	-14971.9
979	1.13284e-07	-13243.2
980	1.13284e-07	-13201.9
981	1.13284e-07	-13068.2
982	1.13284e-07	-11942.2
983	1.13284e-07	-11748.5
984	1.13284e-07	-15573.8
985	1.13284e-07	-14748.6
986	1.13284e-07	-13605.9
987	1.13284e-07	-11636
988	1.13284e-07	-12112.9
989	1.13284e-07	-12259.1
990	1.13284e-07	-11847.4
991	1.13284e-07	-12258.3
992	1.13284e-07	-12211.5
993	1.13284e-07	-14367.4
994	1.13284e-07	-12882.5
995	1.13284e-07	-12686.9
996	1.13284e-07	-11692.9
997	1.13284e-07	-11610
998	1.13284e-07	-14745.1
999	1.13284e-07	-12926.2
1000	1.13284e-07	-13750.2
251	3.54013e-09	-13736.5
252	3.54013e-09	-13835.7
253	3.54013e-09	-12772.1
254	3.54013e-09	-15592.7
255	3.54013e-09	-16300.5
256	3.54013e-09	-14964.3
257	3.54013e-09	-12612.7
258	3.54013e-09	-12274.3
259	3.54013e-09	-14658.8
260	3.54013e-09	-15305.6
261	3.54013e-09	-12898.8
262	3.54013e-09	-12830.8
263	3.54013e-09	-13160.3
264	3.54013e-09	-15414.5
265	3.54013e-09	-15040.6
266	3.54013e-09	-14256.1
267	3.54013e-09	-13235.2
268	3.54013e-09	-12648.8
269	3.54013e-09	-11402.8
270	3.54013e-09	-11535.8
271	3.54013e-09	-14821.7
272	3.54013e-09	-14103.1
273	3.54013e-09	-12158.4
274	3.54013e-09	-10799.7
275	3.54013e-09	-11555.3
276	3.54013e-09	-14829.5
277	3.54013e-09	-14720.5
278	3.54013e-09	-16485.4
279	3.54013e-09	-16389.2
280	3.54013e-09	-16035.2
281	3.54013e-09	-12358.1
282	3.54013e-09	-13667.4
283	3.54013e-09	-14067.2
284	3.54013e-09	-13763.1
285	3.54013e-09	-13461.9
286	3.54013e-09	-12319.3
287	3.54013e-09	-11337.1
288	3.54013e-09	-12866.5
289	3.54013e-09	-11720.3
290	3.54013e-09	-11946.4
291	3.54013e-09	-13646.6
292	3.54013e-09	-12733.2
293	3.54013e-09	-11367.6
294	3.54013e-09	-12278.6
295	3.54013e-09	-12181.4
296	3.54013e-09	-13515.3
297	3.54013e-09	-12126.4
298	3.54013e-09	-11626.2
299	3.54013e-09	-13060.4
300	3.54013e-09	-12530.3
301	3.54013e-09	-14281.1
302	3.54013e-09	-14376.1
303	3.54013e-09	-14092.2
304	3.54013e-09	-14973.2
305	3.54013e-09	-15221.1
306	3.54013e-09	-13975.2
307	3.54013e-09	-12887.6
308	3.54013e-09	-12573.2
309	3.54013e-09	-11750.4
310	3.54013e-09	-12893.1
311	3.54013e-09	-11994.6
312	3.54013e-09	-12176.2
313	3.54013e-09	-13708.4
314	3.54013e-09	-14703.9
315	3.54013e-09	-14125.1
316	3.54013e-09	-13811.9
317	3.54013e-09	-16647.5
318	3.54013e-09	-17163.6
319	3.54013e-09	-15751.6
320	3.54013e-09	-16892.2
321	3.54013e-09	-16217
322	3.54013e-09	-17652.9
323	3.54013e-09	-16493.2
324	3.54013e-09	-16297.2
325	3.54013e-09	-15369.9
326	3.54013e-09	-16460.9
327	3.54013e-09	-14992.2
328	3.54013e-09	-13003
329	3.54013e-09	-12056.3
330	3.54013e-09	-13604
331	3.54013e-09	-12225.7
332	3.54013e-09	-11907.5
333	3.54013e-09	-12479.7
334	3.54013e-09	-11621.5
335	3.54013e-09	-12371.9
336	3.54013e-09	-13730.4
337	3.54013e-09	-12106.3
338	3.54013e-09	-16033
339	3.54013e-09	-15834.9
340	3.54013e-09	-16081.3
341	3.54013e-09	-12402.5
342	3.54013e-09	-12709.5
343	3.54013e-09	-13751.1
344	3.54013e-09	-13825.1
345	3.54013e-09	-12210.6
346	3.54013e-09	-11894.2
347	3.54013e-09	-10278.5
348	3.54013e-09	-12819.6
349	3.54013e-09	-12281.3
350	3.54013e-09	-13754.5
351	3.54013e-09	-12915.4
352	3.54013e-09	-12889.6
353	3.54013e-09	-11886.1
354	3.54013e-09	-11955.3
355	3.54013e-09	-12102.7
356	3.54013e-09	-12448.4
357	3.54013e-09	-11437.6
358	3.54013e-09	-12739
359	3.54013e-09	-15532.3
360	3.54013e-09	-12763.5
361	3.54013e-09	-13369.2
362	3.54013e-09	-12990
363	3.54013e-09	-13469.1
364	3.54013e-09	-13574.3
365	3.54013e-09	-13651.3
366	3.54013e-09	-13434.4
367	3.54013e-09	-15065.7
368	3.54013e-09	-15291.6
369	3.54013e-09	-15990.6
370	3.54013e-09	-14572.4
371	3.54013e-09	-11663.2
372	3.54013e-09	-12018.1
373	3.54013e-09	-13182.8
374	3.54013e-09	-11094.2
375	3.54013e-09	-11695.7
376	3.54013e-09	-11771.5
377	3.54013e-09	-17147.7
378	3.54013e-09	-15772.2
379	3.54013e-09	-10639.8
380	3.54013e-09	-10909.6
381	3.54013e-09	-10924.4
382	3.54013e-09	-11549.6
383	3.54013e-09	-12287.6
384	3.54013e-09	-14071.4
385	3.54013e-09	-12490.3
386	3.54013e-09	-11883.4
387	3.54013e-09	-10909.8
388	3.54013e-09	-10037.6
389	3.54013e-09	-13058.7
390	3.54013e-09	-12335.9
391	3.54013e-09	-13732.6
392	3.54013e-09	-14845.9
393	3.54013e-09	-13666.1
394	3.54013e-09	-11139.1
395	3.54013e-09	-11944.8
396	3.54013e-09	-12331.9
397	3.54013e-09	-13328.4
398	3.54013e-09	-11661.3
399	3.54013e-09	-11787.2
400	3.54013e-09	-12773.3
401	3.54013e-09	-12356.9
402	3.54013e-09	-11566.1
403	3.54013e-09	-13263.5
404	3.54013e-09	-12339.5
405	3.54013e-09	-12352.7
406	3.54013e-09	-13839.1
407	3.54013e-09	-11979.7
408	3.54013e-09	-13085.4
409	3.54013e-09	-12721.2
410	3.54013e-09	-14296
411	3.54013e-09	-11389.2
412	3.54013e-09	-12941.2
413	3.54013e-09	-13840.2
414	3.54013e-09	-13834.4
415	3.54013e-09	-13378
416	3.54013e-09	-13368.4
417	3.54013e-09	-16294.7
418	3.54013e-09	-15340.2
419	3.54013e-09	-14855.6
420	3.54013e-09	-13948.3
421	3.54013e-09	-14535.2
422	3.54013e-09	-16427.4
423	3.54013e-09	-11737.9
424	3.54013e-09	-12016.6
425	3.54013e-09	-12456.3
426	3.54013e-09	-11661.8
427	3.54013e-09	-12412.1
428	3.54013e-09	-12303.6
429	3.54013e-09	-12283.9
430	3.54013e-09	-13619.7
431	3.54013e-09	-13220.7
432	3.54013e-09	-13540.9
433	3.54013e-09	-11092.7
434	3.54013e-09	-12837.1
435	3.54013e-09	-12352.5
436	3.54013e-09	-11977.5
437	3.54013e-09	-12980.8
438	3.54013e-09	-12053.4
439	3.54013e-09	-13617.8
440	3.54013e-09	-15442
441	3.54013e-09	-13967.2
442	3.54013e-09	-11291.7
443	3.54013e-09	-11300
444	3.54013e-09	-11293.8
445	3.54013e-09	-10865.7
446	3.54013e-09	-12688.6
447	3.54013e-09	-13785.3
448	3.54013e-09	-13640.7
449	3.54013e-09	-17776.2
450	3.54013e-09	-11882.2
451	3.54013e-09	-11831.4
452	3.54013e-09	-12206.1
453	3.54013e-09	-11006.2
454	3.54013e-09	-11635.3
455	3.54013e-09	-11370.6
456	3.54013e-09	-12343.5
457	3.54013e-09	-12436.7
458	3.54013e-09	-11597.1
459	3.54013e-09	-14408.8
460	3.54013e-09	-14536.9
461	3.54013e-09	-16923.8
462	3.54013e-09	-12339.3
463	3.54013e-09	-12541.5
464	3.54013e-09	-12241.6
465	3.54013e-09	-12253.8
466	3.54013e-09	-11382.4
467	3.54013e-09	-11647.4
468	3.54013e-09	-13318.1
469	3.54013e-09	-15306.1
470	3.54013e-09	-15303.9
471	3.54013e-09	-13378.1
472	3.54013e-09	-13794.1
473	3.54013e-09	-13949.7
474	3.54013e-09	-12588.9
475	3.54013e-09	-13410
476	3.54013e-09	-11929.2
477	3.54013e-09	-15855.8
478	3.54013e-09	-15924
479	3.54013e-09	-15056.5
480	3.54013e-09	-12676.8
481	3.54013e-09	-14202.1
482	3.54013e-09	-14305.4
483	3.54013e-09	-14033.6
484	3.54013e-09	-13347.4
485	3.54013e-09	-13522.7
486	3.54013e-09	-13090.9
487	3.54013e-09	-14436.6
488	3.54013e-09	-13796.2
489	3.54013e-09	-12469.3
490	3.54013e-09	-12711.3
491	3.54013e-09	-12408.4
492	3.54013e-09	-14017
493	3.54013e-09	-14175.7
494	3.54013e-09	-14885.3
495	3.54013e-09	-13731.6
496	3.54013e-09	-13233.2
497	3.54013e-09	-14381.5
498	3.54013e-09	-13615.5
499	3.54013e-09	-15404.3
500	3.54013e-09	-11478.7
501	3.54013e-09	-11812.7
502	3.54013e-09	-12219.7
503	3.54013e-09	-14339.4
504	3.54013e-09	-11725
505	3.54013e-09	-13250.5
506	3.54013e-09	-14299.1
507	3.54013e-09	-14193.4
508	3.54013e-09	-13278.9
509	3.54013e-09	-13911.7
510	3.54013e-09	-14331.8
511	3.54013e-09	-13285.4
512	3.54013e-09	-13768
513	3.54013e-09	-11506
514	3.54013e-09	-14265.8
515	3.54013e-09	-14268.9
516	3.54013e-09	-12622.3
517	3.54013e-09	-14433.8
518	3.54013e-09	-14505.1
519	3.54013e-09	-12998.1
520	3.54013e-09	-12776.6
521	3.54013e-09	-13263.8
522	3.54013e-09	-16084.4
523	3.54013e-09	-14315.4
524	3.54013e-09	-12203.2
525	3.54013e-09	-12201.8
526	3.54013e-09	-13683.2
527	3.54013e-09	-13491.8
528	3.54013e-09	-12437.6
529	3.54013e-09	-13197
530	3.54013e-09	-12363.6
531	3.54013e-09	-15844.3
532	3.54013e-09	-17517.4
533	3.54013e-09	-16052.8
534	3.54013e-09	-15288.9
535	3.54013e-09	-18246.2
536	3.54013e-09	-14027
537	3.54013e-09	-12147.8
538	3.54013e-09	-13668.3
539	3.54013e-09	-11920.9
540	3.54013e-09	-12488.4
541	3.54013e-09	-12256.3
542	3.54013e-09	-12438
543	3.54013e-09	-12356.1
544	3.54013e-09	-11952.4
545	3.54013e-09	-14417.3
546	3.54013e-09	-10217.1
547	3.54013e-09	-12052.1
548	3.54013e-09	-13858.5
549	3.54013e-09	-15781
550	3.54013e-09	-16278.1
551	3.54013e-09	-13125.4
552	3.54013e-09	-16089
553	3.54013e-09	-15025.2
554	3.54013e-09	-15885.2
555	3.54013e-09	-13245.2
556	3.54013e-09	-11802.2
557	3.54013e-09	-14094.1
558	3.54013e-09	-13737.4
559	3.54013e-09	-14369.7
560	3.54013e-09	-14784.3
561	3.54013e-09	-13947.5
562	3.54013e-09	-14490.2
563	3.54013e-09	-13716.6
564	3.54013e-09	-14499.4
565	3.54013e-09	-14239.3
566	3.54013e-09	-13542.9
567	3.54013e-09	-15152.2
568	3.54013e-09	-12871.7
569	3.54013e-09	-13514.3
570	3.54013e-09	-14487.4
571	3.54013e-09	-12283.9
572	3.54013e-09	-12608.8
573	3.54013e-09	-12055
574	3.54013e-09	-11473.3
575	3.54013e-09	-11952.2
576	3.54013e-09	-11426
577	3.54013e-09	-11834.9
578	3.54013e-09	-12464.5
579	3.54013e-09	-12034.7
580	3.54013e-09	-12900.5
581	3.54013e-09	-15404.3
582	3.54013e-09	-12646.8
583	3.54013e-09	-12325.1
584	3.54013e-09	-12600.7
585	3.54013e-09	-11504
586	3.54013e-09	-12802.5
587	3.54013e-09	-11658.1
588	3.54013e-09	-14072.3
589	3.54013e-09	-12190.5
590	3.54013e-09	-13069.9
591	3.54013e-09	-12385.4
592	3.54013e-09	-11837.4
593	3.54013e-09	-12218.8
594	3.54013e-09	-14544.9
595	3.54013e-09	-13993
596	3.54013e-09	-12641.5
597	3.54013e-09	-10834.7
598	3.54013e-09	-13329.2
599	3.54013e-09	-11342.2
600	3.54013e-09	-12095.3
601	3.54013e-09	-13115.1
602	3.54013e-09	-14178.3
603	3.54013e-09	-11277.2
604	3.54013e-09	-10897.8
605	3.54013e-09	-11682.7
606	3.54013e-09	-11856.5
607	3.54013e-09	-12199.3
608	3.54013e-09	-11940.7
609	3.54013e-09	-11955
610	3.54013e-09	-11834.2
611	3.54013e-09	-10530.3
612	3.54013e-09	-11071.4
613	3.54013e-09	-14901.4
614	3.54013e-09	-13044.6
615	3.54013e-09	-11620.4
616	3.54013e-09	-11817.9
617	3.54013e-09	-13634.3
618	3.54013e-09	-13285.9
619	3.54013e-09	-12585.8
620	3.54013e-09	-13356.2
621	3.54013e-09	-10755.4
622	3.54013e-09	-11987.8
623	3.54013e-09	-12662.6
624	3.54013e-09	-11662.4
625	3.54013e-09	-11426.9
626	3.54013e-09	-11713.2
627	3.54013e-09	-13047.4
628	3.54013e-09	-12641.5
629	3.54013e-09	-13036.8
630	3.54013e-09	-11918
631	3.54013e-09	-11298.4
632	3.54013e-09	-11907
633	3.54013e-09	-13556.5
634	3.54013e-09	-15553.3
635	3.54013e-09	-13404.5
636	3.54013e-09	-12601.4
637	3.54013e-09	-11835.4
638	3.54013e-09	-11261.5
639	3.54013e-09	-14125.7
640	3.54013e-09	-15322.7
641	3.54013e-09	-12056.6
642	3.54013e-09	-12055.1
643	3.54013e-09	-15509.1
644	3.54013e-09	-15638.2
645	3.54013e-09	-16101.3
646	3.54013e-09	-15597.6
647	3.54013e-09	-14613.9
648	3.54013e-09	-13816.3
649	3.54013e-09	-13569.7
650	3.54013e-09	-13381.8
651	3.54013e-09	-14224.1
652	3.54013e-09	-13136.9
653	3.54013e-09	-13778.8
654	3.54013e-09	-13026.2
655	3.54013e-09	-11246.4
656	3.54013e-09	-12664.6
657	3.54013e-09	-11120.6
658	3.54013e-09	-13238.4
659	3.54013e-09	-16386.2
660	3.54013e-09	-16068.4
661	3.54013e-09	-13327.4
662	3.54013e-09	-12512.6
663	3.54013e-09	-11852.1
664	3.54013e-09	-10525
665	3.54013e-09	-11602.6
666	3.54013e-09	-12528.1
667	3.54013e-09	-10961.1
668	3.54013e-09	-11635.5
669	3.54013e-09	-13590.1
670	3.54013e-09	-15136.8
671	3.54013e-09	-15306.3
672	3.54013e-09	-10693.1
673	3.54013e-09	-12010.1
674	3.54013e-09	-13543.1
675	3.54013e-09	-11521.5
676	3.54013e-09	-11923.7
677	3.54013e-09	-11274.6
678	3.54013e-09	-14780.5
679	3.54013e-09	-15189
680	3.54013e-09	-15449.3
681	3.54013e-09	-14151
682	3.54013e-09	-16370.5
683	3.54013e-09	-13220.3
684	3.54013e-09	-13032.5
685	3.54013e-09	-11602.1
686	3.54013e-09	-14334.3
687	3.54013e-09	-13671.4
688	3.54013e-09	-11246.7
689	3.54013e-09	-11440.5
690	3.54013e-09	-10975.5
691	3.54013e-09	-15171.2
692	3.54013e-09	-11964.3
693	3.54013e-09	-13228
694	3.54013e-09	-12847.4
695	3.54013e-09	-12410.5
696	3.54013e-09	-13464.9
697	3.54013e-09	-14119.8
698	3.54013e-09	-14049.8
699	3.54013e-09	-13007.8
700	3.54013e-09	-13380.7
701	3.54013e-09	-14672.2
702	3.54013e-09	-13510.6
703	3.54013e-09	-13302.2
704	3.54013e-09	-12986.1
705	3.54013e-09	-12145.1
706	3.54013e-09	-11410.8
707	3.54013e-09	-15744.8
708	3.54013e-09	-13784.9
709	3.54013e-09	-13920.1
710	3.54013e-09	-12514.6
711	3.54013e-09	-13998
712	3.54013e-09	-13124.1
713	3.54013e-09	-12219.1
714	3.54013e-09	-11866.9
715	3.54013e-09	-11397.5
716	3.54013e-09	-11200.6
717	3.54013e-09	-11227.3
718	3.54013e-09	-12168.7
719	3.54013e-09	-13977.1
720	3.54013e-09	-12438.7
721	3.54013e-09	-14161.8
722	3.54013e-09	-14190.1
723	3.54013e-09	-14152.3
724	3.54013e-09	-13053.4
725	3.54013e-09	-10393.2
726	3.54013e-09	-10976.9
727	3.54013e-09	-14552.9
728	3.54013e-09	-11449.8
729	3.54013e-09	-11923.1
730	3.54013e-09	-13300.7
731	3.54013e-09	-14652.7
732	3.54013e-09	-13128.3
733	3.54013e-09	-11407.1
734	3.54013e-09	-12073.4
735	3.54013e-09	-11326.4
736	3.54013e-09	-11711.6
737	3.54013e-09	-12683.9
738	3.54013e-09	-12474.4
739	3.54013e-09	-14507.1
740	3.54013e-09	-12567.4
741	3.54013e-09	-12782.7
742	3.54013e-09	-12788
743	3.54013e-09	-10591.9
744	3.54013e-09	-12511.7
745	3.54013e-09	-14123.4
746	3.54013e-09	-13485.9
747	3.54013e-09	-11160.5
748	3.54013e-09	-11712.1
749	3.54013e-09	-11814.2
750	3.54013e-09	-12268
751	3.54013e-09	-12072.5
752	3.54013e-09	-11176.8
753	3.54013e-09	-11320
754	3.54013e-09	-12580.8
755	3.54013e-09	-11981
756	3.54013e-09	-14458.8
757	3.54013e-09	-12290.6
758	3.54013e-09	-11689.4
759	3.54013e-09	-12902.7
760	3.54013e-09	-12365.2
761	3.54013e-09	-14911.3
762	3.54013e-09	-14216.8
763	3.54013e-09	-13221
764	3.54013e-09	-12062.9
765	3.54013e-09	-13118.3
766	3.54013e-09	-13126
767	3.54013e-09	-13034.9
768	3.54013e-09	-12813
769	3.54013e-09	-13959.9
770	3.54013e-09	-13437.8
771	3.54013e-09	-12434.2
772	3.54013e-09	-12489.3
773	3.54013e-09	-13234.2
774	3.54013e-09	-14268.1
775	3.54013e-09	-16364.4
776	3.54013e-09	-11903.5
777	3.54013e-09	-11186.3
778	3.54013e-09	-12395.9
779	3.54013e-09	-14270.4
780	3.54013e-09	-12845.9
781	3.54013e-09	-11276.2
782	3.54013e-09	-12026.8
783	3.54013e-09	-11399.6
784	3.54013e-09	-12685.1
785	3.54013e-09	-12355
786	3.54013e-09	-13663.5
787	3.54013e-09	-12246.4
788	3.54013e-09	-12463.2
789	3.54013e-09	-11982.1
790	3.54013e-09	-13687.4
791	3.54013e-09	-11606.4
792	3.54013e-09	-12269.1
793	3.54013e-09	-10624.5
794	3.54013e-09	-14301.8
795	3.54013e-09	-14177.5
796	3.54013e-09	-12084.5
797	3.54013e-09	-12045.2
798	3.54013e-09	-13819.2
799	3.54013e-09	-14171.2
800	3.54013e-09	-13424.9
801	3.54013e-09	-13630.6
802	3.54013e-09	-11999.3
803	3.54013e-09	-12511.1
804	3.54013e-09	-11173
805	3.54013e-09	-12290.2
806	3.54013e-09	-11455.1
807	3.54013e-09	-11822.9
808	3.54013e-09	-12829.4
809	3.54013e-09	-12851.3
810	3.54013e-09	-13246.9
811	3.54013e-09	-14457.3
812	3.54013e-09	-13122.8
813	3.54013e-09	-12747.6
814	3.54013e-09	-12875.3
815	3.54013e-09	-15247.3
816	3.54013e-09	-14243.7
817	3.54013e-09	-11945.4
818	3.54013e-09	-12686
819	3.54013e-09	-11760.6
820	3.54013e-09	-11984.4
821	3.54013e-09	-12432.4
822	3.54013e-09	-16277.4
823	3.54013e-09	-16771
824	3.54013e-09	-12475.9
825	3.54013e-09	-12975.1
826	3.54013e-09	-13325.9
827	3.54013e-09	-12436.1
828	3.54013e-09	-13408.3
829	3.54013e-09	-14947.1
830	3.54013e-09	-13053.4
831	3.54013e-09	-14350.6
832	3.54013e-09	-13453.7
833	3.54013e-09	-12241.2
834	3.54013e-09	-12976.1
835	3.54013e-09	-14267.9
836	3.54013e-09	-16559.1
837	3.54013e-09	-15111.7
838	3.54013e-09	-15408.3
839	3.54013e-09	-13424.8
840	3.54013e-09	-14750.1
841	3.54013e-09	-11589.1
842	3.54013e-09	-11263.8
843	3.54013e-09	-11088.9
844	3.54013e-09	-10671.7
845	3.54013e-09	-11323.1
846	3.54013e-09	-14264.3
847	3.54013e-09	-14631.9
848	3.54013e-09	-14365.3
849	3.54013e-09	-12960.1
850	3.54013e-09	-12188.7
851	3.54013e-09	-13513.7
852	3.54013e-09	-13405.1
853	3.54013e-09	-11972.3
854	3.54013e-09	-14764.6
855	3.54013e-09	-12213.7
856	3.54013e-09	-12122.6
857	3.54013e-09	-11485.8
858	3.54013e-09	-14349.3
859	3.54013e-09	-14334.3
860	3.54013e-09	-12287.6
861	3.54013e-09	-11503
862	3.54013e-09	-11382.6
863	3.54013e-09	-11310.3
864	3.54013e-09	-12321.2
865	3.54013e-09	-12099.8
866	3.54013e-09	-13097
867	3.54013e-09	-11301.2
868	3.54013e-09	-11831.5
869	3.54013e-09	-12596.7
870	3.54013e-09	-14271.2
871	3.54013e-09	-13509.5
872	3.54013e-09	-15486.8
873	3.54013e-09	-11953
874	3.54013e-09	-12234.7
875	3.54013e-09	-11333.9
876	3.54013e-09	-11792.3
877	3.54013e-09	-13619.9
878	3.54013e-09	-14488.8
879	3.54013e-09	-13372.9
880	3.54013e-09	-14474.5
881	3.54013e-09	-11809
882	3.54013e-09	-11925.9
883	3.54013e-09	-13734.8
884	3.54013e-09	-14570.7
885	3.54013e-09	-12990
886	3.54013e-09	-13149
887	3.54013e-09	-13521.5
888	3.54013e-09	-12032.3
889	3.54013e-09	-13188.4
890	3.54013e-09	-11557
891	3.54013e-09	-11662.5
892	3.54013e-09	-13817.5
893	3.54013e-09	-14511.4
894	3.54013e-09	-12621.5
895	3.54013e-09	-14010.3
896	3.54013e-09	-13905.3
897	3.54013e-09	-13462.4
898	3.54013e-09	-10975.9
899	3.54013e-09	-12558.5
900	3.54013e-09	-12277
901	3.54013e-09	-12039.4
902	3.54013e-09	-11555.5
903	3.54013e-09	-11822.5
904	3.54013e-09	-10972.9
905	3.54013e-09	-11893.8
906	3.54013e-09	-10733.3
907	3.54013e-09	-11523.7
908	3.54013e-09	-12210.9
909	3.54013e-09	-12621
910	3.54013e-09	-12529.1
911	3.54013e-09	-14643
912	3.54013e-09	-13362.7
913	3.54013e-09	-13155
914	3.54013e-09	-12188.2
915	3.54013e-09	-13224.8
916	3.54013e-09	-12091
917	3.54013e-09	-11610.3
918	3.54013e-09	-11413.9
919	3.54013e-09	-11882.3
920	3.54013e-09	-11514.2
921	3.54013e-09	-11341.2
922	3.54013e-09	-11514.2
923	3.54013e-09	-12577
924	3.54013e-09	-16016.9
925	3.54013e-09	-14168
926	3.54013e-09	-13153
927	3.54013e-09	-13378.6
928	3.54013e-09	-13069.3
929	3.54013e-09	-16254.6
930	3.54013e-09	-14000.8
931	3.54013e-09	-15412.8
932	3.54013e-09	-11353.5
933	3.54013e-09	-12752
934	3.54013e-09	-17604.1
935	3.54013e-09	-15716
936	3.54013e-09	-14668.3
937	3.54013e-09	-11050.7
938	3.54013e-09	-10899.2
939	3.54013e-09	-13107.7
940	3.54013e-09	-13881.6
941	3.54013e-09	-14748.4
942	3.54013e-09	-13843.7
943	3.54013e-09	-13467.5
944	3.54013e-09	-12895
945	3.54013e-09	-11604.1
946	3.54013e-09	-11693.4
947	3.54013e-09	-13997.9
948	3.54013e-09	-12013.2
949	3.54013e-09	-11995
950	3.54013e-09	-11805.1
951	3.54013e-09	-13186.8
952	3.54013e-09	-11716.5
953	3.54013e-09	-11140.9
954	3.54013e-09	-10534.7
955	3.54013e-09	-11937.4
956	3.54013e-09	-11590.4
957	3.54013e-09	-15169
958	3.54013e-09	-15203
959	3.54013e-09	-14504.3
960	3.54013e-09	-14760.8
961	3.54013e-09	-14316.5
962	3.54013e-09	-15306.5
963	3.54013e-09	-12240.2
964	3.54013e-09	-13733.3
965	3.54013e-09	-12451
966	3.54013e-09	-13567.8
967	3.54013e-09	-11082.6
968	3.54013e-09	-11558.5
969	3.54013e-09	-12528.1
970	3.54013e-09	-11915.6
971	3.54013e-09	-11746.5
972	3.54013e-09	-12888.3
973	3.54013e-09	-11112.5
974	3.54013e-09	-12416.8
975	3.54013e-09	-11622
976	3.54013e-09	-11394
977	3.54013e-09	-12756.2
978	3.54013e-09	-11994.9
979	3.54013e-09	-12880.2
980	3.54013e-09	-12198.5
981	3.54013e-09	-12539.9
982	3.54013e-09	-11766.2
983	3.54013e-09	-13782.7
984	3.54013e-09	-13660.6
985	3.54013e-09	-12301.8
986	3.54013e-09	-12516.7
987	3.54013e-09	-11888.5
988	3.54013e-09	-13521.8
989	3.54013e-09	-13014.8
990	3.54013e-09	-14951.3
991	3.54013e-09	-13697.6
992	3.54013e-09	-13425.3
993	3.54013e-09	-13918.6
994	3.54013e-09	-13999.4
995	3.54013e-09	-12780.2
996	3.54013e-09	-14855.2
997	3.54013e-09	-16608.3
998	3.54013e-09	-13370.7
999	3.54013e-09	-10988.4
1000	3.54013e-09	-11428.3
251	1.16658e-302	-11405.5
252	1.16658e-302	-12241.7
253	1.16658e-302	-13884.7
254	1.16658e-302	-11730.8
255	1.16658e-302	-12271.3
256	1.16658e-302	-13081.5
257	1.16658e-302	-13466.7
258	1.16658e-302	-13957.3
259	1.16658e-302	-11805.4
260	1.16658e-302	-12903.4
261	1.16658e-302	-11281.4
262	1.16658e-302	-12428.3
263	1.16658e-302	-11161.1
264	1.16658e-302	-13766.1
265	1.16658e-302	-15920
266	1.16658e-302	-12365.6
267	1.16658e-302	-13722.5
268	1.16658e-302	-13272.6
269	1.16658e-302	-15535
270	1.16658e-302	-12653.8
271	1.16658e-302	-11632
272	1.16658e-302	-12762.7
273	1.16658e-302	-11888.2
274	1.16658e-302	-11560.9
275	1.16658e-302	-10059.1
276	1.16658e-302	-11268.9
277	1.16658e-302	-16974.2
278	1.16658e-302	-13280.5
279	1.16658e-302	-13250.9
280	1.16658e-302	-12779.2
281	1.16658e-302	-13873.1
282	1.16658e-302	-10743.9
283	1.16658e-302	-14120.7
284	1.16658e-302	-14868.6
285	1.16658e-302	-13172.8
286	1.16658e-302	-11085.5
287	1.16658e-302	-14079.5
288	1.16658e-302	-15663.6
289	1.16658e-302	-14168.6
290	1.16658e-302	-16188.6
291	1.16658e-302	-17409.3
292	1.16658e-302	-12877.5
293	1.16658e-302	-13932.3
294	1.16658e-302	-13843.9
295	1.16658e-302	-12601.7
296	1.16658e-302	-13476.4
297	1.16658e-302	-17130.4
298	1.16658e-302	-14885.9
299	1.16658e-302	-16390.4
300	1.16658e-302	-15712.8
301	1.16658e-302	-13486
302	1.16658e-302	-11487.7
303	1.16658e-302	-11505.7
304	1.16658e-302	-10684
305	1.16658e-302	-12036.2
306	1.16658e-302	-15079.9
307	1.16658e-302	-15242
308	1.16658e-302	-16390.2
309	1.16658e-302	-17051.3
310	1.16658e-302	-15757.1
311	1.16658e-302	-15515.7
312	1.16658e-302	-14091.6
313	1.16658e-302	-12268.4
314	1.16658e-302	-12682.9
315	1.16658e-302	-12306.8
316	1.16658e-302	-12590.8
317	1.16658e-302	-13552.3
318	1.16658e-302	-13462.1
319	1.16658e-302	-12219.3
320	1.16658e-302	-17169.6
321	1.16658e-302	-14673.8
322	1.16658e-302	-13377.7
323	1.16658e-302	-12118.3
324	1.16658e-302	-12230.7
325	1.16658e-302	-13149.8
326	1.16658e-302	-12225.9
327	1.16658e-302	-15236.8
328	1.16658e-302	-11018.9
329	1.16658e-302	-13717.4
330	1.16658e-302	-13051.8
331	1.16658e-302	-13446.6
332	1.16658e-302	-13484.7
333	1.16658e-302	-13490.7
334	1.16658e-302	-13548.9
335	1.16658e-302	-13500.5
336	1.16658e-302	-15238.2
337	1.16658e-302	-11764
338	1.16658e-302	-11902.2
339	1.16658e-302	-13082.7
340	1.16658e-302	-14384.2
341	1.16658e-302	-12023
342	1.16658e-302	-12725
343	1.16658e-302	-12450
344	1.16658e-302	-12473.8
345	1.16658e-302	-11206.2
346	1.16658e-302	-11839.6
347	1.16658e-302	-12587
348	1.16658e-302	-12036
349	1.16658e-302	-11931.4
350	1.16658e-302	-11734.5
351	1.16658e-302	-13729.5
352	1.16658e-302	-12180.2
353	1.16658e-302	-12314.9
354	1.16658e-302	-12292.9
355	1.16658e-302	-14699.3
356	1.16658e-302	-13720.8
357	1.16658e-302	-13490.8
358	1.16658e-302	-12012.2
359	1.16658e-302	-11877.9
360	1.16658e-302	-12291.1
361	1.16658e-302	-11295.1
362	1.16658e-302	-11559.1
363	1.16658e-302	-13226.6
364	1.16658e-302	-12666.8
365	1.16658e-302	-11775.7
366	1.16658e-302	-12687.9
367	1.16658e-302	-14649.5
368	1.16658e-302	-13197.3
369	1.16658e-302	-13682.7
370	1.16658e-302	-15313.5
371	1.16658e-302	-17298
372	1.16658e-302	-16175.5
373	1.16658e-302	-14067.9
374	1.16658e-302	-14364.4
375	1.16658e-302	-15812.1
376	1.16658e-302	-13564.2
377	1.16658e-302	-13794
378	1.16658e-302	-16402.2
379	1.16658e-302	-12894.6
380	1.16658e-302	-14149.5
381	1.16658e-302	-14576.8
382	1.16658e-302	-13401.3
383	1.16658e-302	-13219.7
384	1.16658e-302	-12765.3
385	1.16658e-302	-13704.5
386	1.16658e-302	-15791.2
387	1.16658e-302	-14715.3
388	1.16658e-302	-14158.8
389	1.16658e-302	-12840.8
390	1.16658e-302	-12940.3
391	1.16658e-302	-12800.8
392	1.16658e-302	-14608.6
393	1.16658e-302	-14149.3
394	1.16658e-302	-14082.9
395	1.16658e-302	-13344.2
396	1.16658e-302	-13539.8
397	1.16658e-302	-11874
398	1.16658e-302	-12994.7
399	1.16658e-302	-12190.8
400	1.16658e-302	-12312.5
401	1.16658e-302	-13736
402	1.16658e-302	-13373.8
403	1.16658e-302	-15865.4
404	1.16658e-302	-16533.7
405	1.16658e-302	-14533.6
406	1.16658e-302	-13342.9
407	1.16658e-302	-12876.1
408	1.16658e-302	-14556.7
409	1.16658e-302	-13651.7
410	1.16658e-302	-14357.3
411	1.16658e-302	-10564.2
412	1.16658e-302	-10533.5
413	1.16658e-302	-12524.5
414	1.16658e-302	-14047.5
415	1.16658e-302	-12660.8
416	1.16658e-302	-14096.8
417	1.16658e-302	-13539
418	1.16658e-302	-14613.8
419	1.16658e-302	-11708
420	1.16658e-302	-15812.4
421	1.16658e-302	-14258.4
422	1.16658e-302	-13737.9
423	1.16658e-302	-13690.7
424	1.16658e-302	-13659
425	1.16658e-302	-14672.7
426	1.16658e-302	-14151.4
427	1.16658e-302	-14418.7
428	1.16658e-302	-15502.1
429	1.16658e-302	-12777.7
430	1.16658e-302	-12074.6
431	1.16658e-302	-13105.3
432	1.16658e-302	-12434.6
433	1.16658e-302	-11699.4
434	1.16658e-302	-12589.1
435	1.16658e-302	-12218
436	1.16658e-302	-15342.4
437	1.16658e-302	-13303.9
438	1.16658e-302	-14133.6
439	1.16658e-302	-13691.9
440	1.16658e-302	-13326.3
441	1.16658e-302	-13817.9
442	1.16658e-302	-15443.6
443	1.16658e-302	-15621.7
444	1.16658e-302	-15482.8
445	1.16658e-302	-13728.4
446	1.16658e-302	-12701.8
447	1.16658e-302	-14971.1
448	1.16658e-302	-12360.7
449	1.16658e-302	-12054.9
450	1.16658e-302	-13730.8
451	1.16658e-302	-11519.6
452	1.16658e-302	-12602.6
453	1.16658e-302	-14235.1
454	1.16658e-302	-13502.4
455	1.16658e-302	-16010.2
456	1.16658e-302	-14556.4
457	1.16658e-302	-12532
458	1.16658e-302	-12506.1
459	1.16658e-302	-12207
460	1.16658e-302	-11675.3
461	1.16658e-302	-12914.9
462	1.16658e-302	-11243.3
463	1.16658e-302	-11345.7
464	1.16658e-302	-11107
465	1.16658e-302	-11543.1
466	1.16658e-302	-11261
467	1.16658e-302	-13745.3
468	1.16658e-302	-13569.3
469	1.16658e-302	-11830.3
470	1.16658e-302	-11334.3
471	1.16658e-302	-12648.9
472	1.16658e-302	-11153.1
473	1.16658e-302	-12363
474	1.16658e-302	-12783.9
475	1.16658e-302	-12512.7
476	1.16658e-302	-13139.7
477	1.16658e-302	-11733.9
478	1.16658e-302	-12485.7
479	1.16658e-302	-13315.8
480	1.16658e-302	-11571.3
481	1.16658e-302	-11009.7
482	1.16658e-302	-12632.7
483	1.16658e-302	-11793
484	1.16658e-302	-13984.3
485	1.16658e-302	-14439.5
486	1.16658e-302	-12020.2
487	1.16658e-302	-11288.9
488	1.16658e-302	-10586.2
489	1.16658e-302	-12123.2
490	1.16658e-302	-14421.9
491	1.16658e-302	-13069.7
492	1.16658e-302	-12437.7
493	1.16658e-302	-11930.8
494	1.16658e-302	-13755.7
495	1.16658e-302	-13262.9
496	1.16658e-302	-14661.5
497	1.16658e-302	-10766.7
498	1.16658e-302	-12163
499	1.16658e-302	-12504.1
500	1.16658e-302	-11324.9
501	1.16658e-302	-11975
502	1.16658e-302	-14184.6
503	1.16658e-302	-14414.8
504	1.16658e-302	-15895.6
505	1.16658e-302	-12663.7
506	1.16658e-302	-13035.1
507	1.16658e-302	-15188.3
508	1.16658e-302	-12716
509	1.16658e-302	-13044.1
510	1.16658e-302	-13835
511	1.16658e-302	-12355.8
512	1.16658e-302	-12024.8
513	1.16658e-302	-13569.4
514	1.16658e-302	-14558.9
515	1.16658e-302	-14351.4
516	1.16658e-302	-13728.5
517	1.16658e-302	-16153.2
518	1.16658e-302	-13948.7
519	1.16658e-302	-13117.4
520	1.16658e-302	-13968.9
521	1.16658e-302	-13854.3
522	1.16658e-302	-14856.1
523	1.16658e-302	-13584.1
524	1.16658e-302	-13288.2
525	1.16658e-302	-12866.4
526	1.16658e-302	-12316
527	1.16658e-302	-12115.1
528	1.16658e-302	-12454.9
529	1.16658e-302	-12952.8
530	1.16658e-302	-12416.5
531	1.16658e-302	-15051.9
532	1.16658e-302	-13686.8
533	1.16658e-302	-15237.4
534	1.16658e-302	-13630.8
535	1.16658e-302	-14179.3
536	1.16658e-302	-13813
537	1.16658e-302	-12897.3
538	1.16658e-302	-12278.9
539	1.16658e-302	-11979.5
540	1.16658e-302	-12135.6
541	1.16658e-302	-15101.7
542	1.16658e-302	-15472.2
543	1.16658e-302	-13308.8
544	1.16658e-302	-16256.8
545	1.16658e-302	-15053.8
546	1.16658e-302	-11797
547	1.16658e-302	-13992.6
548	1.16658e-302	-13411.1
549	1.16658e-302	-11628.6
550	1.16658e-302	-11831.4
551	1.16658e-302	-12134.4
552	1.16658e-302	-13058.6
553	1.16658e-302	-11830.6
554	1.16658e-302	-12012
555	1.16658e-302	-12185.8
556	1.16658e-302	-11745.5
557	1.16658e-302	-11207.7
558	1.16658e-302	-12689.3
559	1.16658e-302	-12533.5
560	1.16658e-302	-12124
561	1.16658e-302	-14834.2
562	1.16658e-302	-15323.9
563	1.16658e-302	-13664.4
564	1.16658e-302	-12142.9
565	1.16658e-302	-11477.3
566	1.16658e-302	-13376
567	1.16658e-302	-11131.2
568	1.16658e-302	-12963
569	1.16658e-302	-14413
570	1.16658e-302	-13836
571	1.16658e-302	-10945.5
572	1.16658e-302	-11298.1
573	1.16658e-302	-11909.4
574	1.16658e-302	-12768
575	1.16658e-302	-13580.9
576	1.16658e-302	-16244.3
577	1.16658e-302	-12603.2
578	1.16658e-302	-12671.4
579	1.16658e-302	-13212.5
580	1.16658e-302	-11668.4
581	1.16658e-302	-11974.6
582	1.16658e-302	-10764.4
583	1.16658e-302	-11517.7
584	1.16658e-302	-13640.7
585	1.16658e-302	-12794.8
586	1.16658e-302	-13273.2
587	1.16658e-302	-13892.2
588	1.16658e-302	-11547.8
589	1.16658e-302	-11905.1
590	1.16658e-302	-13008.4
591	1.16658e-302	-11317.8
592	1.16658e-302	-11403
593	1.16658e-302	-11842.4
594	1.16658e-302	-11466
595	1.16658e-302	-12643.9
596	1.16658e-302	-15248.4
597	1.16658e-302	-11525.3
598	1.16658e-302	-10800.6
599	1.16658e-302	-14439.2
600	1.16658e-302	-10511.3
601	1.16658e-302	-11720.2
602	1.16658e-302	-11067.1
603	1.16658e-302	-12857.9
604	1.16658e-302	-14252.5
605	1.16658e-302	-12645.6
606	1.16658e-302	-12717.4
607	1.16658e-302	-14514.3
608	1.16658e-302	-12658.5
609	1.16658e-302	-13432.5
610	1.16658e-302	-12527.1
611	1.16658e-302	-14466.5
612	1.16658e-302	-13434.4
613	1.16658e-302	-13566.8
614	1.16658e-302	-12237.6
615	1.16658e-302	-11653
616	1.16658e-302	-13034.6
617	1.16658e-302	-11076.1
618	1.16658e-302	-13478.6
619	1.16658e-302	-15761.2
620	1.16658e-302	-13280.7
621	1.16658e-302	-12464.4
622	1.16658e-302	-11376.4
623	1.16658e-302	-17098.1
624	1.16658e-302	-17883.7
625	1.16658e-302	-12047.9
626	1.16658e-302	-14368.9
627	1.16658e-302	-12854.5
628	1.16658e-302	-12782.2
629	1.16658e-302	-12763.1
630	1.16658e-302	-11006.3
631	1.16658e-302	-11721.1
632	1.16658e-302	-11527.6
633	1.16658e-302	-10551.2
634	1.16658e-302	-12112.3
635	1.16658e-302	-15712.9
636	1.16658e-302	-15537.9
637	1.16658e-302	-11926.4
638	1.16658e-302	-13771.4
639	1.16658e-302	-12172.6
640	1.16658e-302	-13470
641	1.16658e-302	-11265.6
642	1.16658e-302	-11633.8
643	1.16658e-302	-11011.3
644	1.16658e-302	-12241.1
645	1.16658e-302	-12180.2
646	1.16658e-302	-14712.9
647	1.16658e-302	-12447.5
648	1.16658e-302	-12822.2
649	1.16658e-302	-13766.6
650	1.16658e-302	-13899.5
651	1.16658e-302	-11883.1
652	1.16658e-302	-11585.1
653	1.16658e-302	-10871.8
654	1.16658e-302	-14925.4
655	1.16658e-302	-13598.1
656	1.16658e-302	-13743.3
657	1.16658e-302	-11360
658	1.16658e-302	-13706.6
659	1.16658e-302	-14900.8
660	1.16658e-302	-13459.9
661	1.16658e-302	-15444.2
662	1.16658e-302	-12734.8
663	1.16658e-302	-13532.5
664	1.16658e-302	-12944.3
665	1.16658e-302	-12222.3
666	1.16658e-302	-13841.9
667	1.16658e-302	-13840.3
668	1.16658e-302	-12195.2
669	1.16658e-302	-14068.3
670	1.16658e-302	-12785
671	1.16658e-302	-15371
672	1.16658e-302	-17929.9
673	1.16658e-302	-14150.7
674	1.16658e-302	-14527.6
675	1.16658e-302	-14314.8
676	1.16658e-302	-14390.6
677	1.16658e-302	-14310.6
678	1.16658e-302	-14985.8
679	1.16658e-302	-12904
680	1.16658e-302	-14567.3
681	1.16658e-302	-13010.3
682	1.16658e-302	-12022.2
683	1.16658e-302	-13784.4
684	1.16658e-302	-13481.4
685	1.16658e-302	-13016.5
686	1.16658e-302	-17207.4
687	1.16658e-302	-15354.2
688	1.16658e-302	-11468.9
689	1.16658e-302	-12189.7
690	1.16658e-302	-12149.6
691	1.16658e-302	-12118.2
692	1.16658e-302	-13615.5
693	1.16658e-302	-16971.7
694	1.16658e-302	-19691.5
695	1.16658e-302	-19532
696	1.16658e-302	-13817
697	1.16658e-302	-14740.9
698	1.16658e-302	-13193.3
699	1.16658e-302	-12254.2
700	1.16658e-302	-12054.9
701	1.16658e-302	-10945.1
702	1.16658e-302	-10809.4
703	1.16658e-302	-13305.8
704	1.16658e-302	-13070.4
705	1.16658e-302	-13653.4
706	1.16658e-302	-14668.4
707	1.16658e-302	-14467.2
708	1.16658e-302	-14250.4
709	1.16658e-302	-13710.7
710	1.16658e-302	-11954
711	1.16658e-302	-13847.5
712	1.16658e-302	-14718.6
713	1.16658e-302	-13833.9
714	1.16658e-302	-14336.1
715	1.16658e-302	-12314.8
716	1.16658e-302	-13130.7
717	1.16658e-302	-14139.6
718	1.16658e-302	-15730.4
719	1.16658e-302	-15587.1
720	1.16658e-302	-15684
721	1.16658e-302	-13043.2
722	1.16658e-302	-13317
723	1.16658e-302	-13146.9
724	1.16658e-302	-13337
725	1.16658e-302	-13935.8
726	1.16658e-302	-14167.1
727	1.16658e-302	-12444.7
728	1.16658e-302	-11062.6
729	1.16658e-302	-10691.3
730	1.16658e-302	-11085.4
731	1.16658e-302	-12449.4
732	1.16658e-302	-13045.1
733	1.16658e-302	-12103.7
734	1.16658e-302	-11315.3
735	1.16658e-302	-11544.6
736	1.16658e-302	-11142.5
737	1.16658e-302	-11149.5
738	1.16658e-302	-11167
739	1.16658e-302	-13156.8
740	1.16658e-302	-13907.9
741	1.16658e-302	-13331.1
742	1.16658e-302	-14921.1
743	1.16658e-302	-10728.4
744	1.16658e-302	-12176.7
745	1.16658e-302	-12690.6
746	1.16658e-302	-11072.2
747	1.16658e-302	-10846.2
748	1.16658e-302	-10919
749	1.16658e-302	-12522
750	1.16658e-302	-13332.6
751	1.16658e-302	-15835
752	1.16658e-302	-15630
753	1.16658e-302	-17720
754	1.16658e-302	-17931.3
755	1.16658e-302	-15154.9
756	1.16658e-302	-14279.3
757	1.16658e-302	-16603.2
758	1.16658e-302	-16096.4
759	1.16658e-302	-16600.3
760	1.16658e-302	-14870.4
761	1.16658e-302	-15687.7
762	1.16658e-302	-13902.4
763	1.16658e-302	-15084
764	1.16658e-302	-12710
765	1.16658e-302	-13073.1
766	1.16658e-302	-12391.9
767	1.16658e-302	-13892.7
768	1.16658e-302	-13865
769	1.16658e-302	-15619.5
770	1.16658e-302	-13929.3
771	1.16658e-302	-13619.8
772	1.16658e-302	-12757.8
773	1.16658e-302	-13846.2
774	1.16658e-302	-14280.9
775	1.16658e-302	-15306.5
776	1.16658e-302	-13854.6
777	1.16658e-302	-14015
778	1.16658e-302	-13475.3
779	1.16658e-302	-14221.6
780	1.16658e-302	-13171.5
781	1.16658e-302	-12191.9
782	1.16658e-302	-13210.6
783	1.16658e-302	-13015.4
784	1.16658e-302	-14169.4
785	1.16658e-302	-14125.7
786	1.16658e-302	-13083.2
787	1.16658e-302	-14396.8
788	1.16658e-302	-13521
789	1.16658e-302	-12350.8
790	1.16658e-302	-11855.4
791	1.16658e-302	-14061.3
792	1.16658e-302	-13371.7
793	1.16658e-302	-12532.9
794	1.16658e-302	-13092.9
795	1.16658e-302	-13645
796	1.16658e-302	-12997.4
797	1.16658e-302	-14048.4
798	1.16658e-302	-13825.7
799	1.16658e-302	-14408.8
800	1.16658e-302	-14812.9
801	1.16658e-302	-12890.3
802	1.16658e-302	-15168.4
803	1.16658e-302	-18824.8
804	1.16658e-302	-12220.8
805	1.16658e-302	-14664
806	1.16658e-302	-14403.8
807	1.16658e-302	-16371.1
808	1.16658e-302	-13779.7
809	1.16658e-302	-11308.6
810	1.16658e-302	-11516
811	1.16658e-302	-12190.8
812	1.16658e-302	-12048.4
813	1.16658e-302	-12399.6
814	1.16658e-302	-12170.4
815	1.16658e-302	-11952.2
816	1.16658e-302	-11795.4
817	1.16658e-302	-14583.8
818	1.16658e-302	-12357.8
819	1.16658e-302	-11987.2
820	1.16658e-302	-11892.7
821	1.16658e-302	-12662.5
822	1.16658e-302	-12463.2
823	1.16658e-302	-12478.3
824	1.16658e-302	-11273.6
825	1.16658e-302	-11816.1
826	1.16658e-302	-11080
827	1.16658e-302	-11621.3
828	1.16658e-302	-13808
829	1.16658e-302	-14267
830	1.16658e-302	-13933
831	1.16658e-302	-11439.1
832	1.16658e-302	-11406.3
833	1.16658e-302	-10647.1
834	1.16658e-302	-11340.2
835	1.16658e-302	-11613.3
836	1.16658e-302	-13825.3
837	1.16658e-302	-14722.1
838	1.16658e-302	-13376.5
839	1.16658e-302	-12398.5
840	1.16658e-302	-12666.7
841	1.16658e-302	-12309.7
842	1.16658e-302	-12199.8
843	1.16658e-302	-11921.2
844	1.16658e-302	-13499.2
845	1.16658e-302	-13698.9
846	1.16658e-302	-13977.7
847	1.16658e-302	-12182.8
848	1.16658e-302	-12849.7
849	1.16658e-302	-11662.3
850	1.16658e-302	-11714.6
851	1.16658e-302	-12060.7
852	1.16658e-302	-13373.6
853	1.16658e-302	-11958.2
854	1.16658e-302	-12757.8
855	1.16658e-302	-13415.1
856	1.16658e-302	-14345.5
857	1.16658e-302	-13397
858	1.16658e-302	-12650.5
859	1.16658e-302	-14664
860	1.16658e-302	-13986.6
861	1.16658e-302	-12734.6
862	1.16658e-302	-13517.4
863	1.16658e-302	-13572.2
864	1.16658e-302	-13369.4
865	1.16658e-302	-15854.1
866	1.16658e-302	-15686.6
867	1.16658e-302	-15838.6
868	1.16658e-302	-15634.3
869	1.16658e-302	-15977.9
870	1.16658e-302	-14799.2
871	1.16658e-302	-13710.3
872	1.16658e-302	-12044.9
873	1.16658e-302	-12868.9
874	1.16658e-302	-13177.1
875	1.16658e-302	-13709.2
876	1.16658e-302	-12480
877	1.16658e-302	-13051.7
878	1.16658e-302	-14306.9
879	1.16658e-302	-16870.6
880	1.16658e-302	-16384.5
881	1.16658e-302	-13182.9
882	1.16658e-302	-12723.5
883	1.16658e-302	-14530.6
884	1.16658e-302	-14056.6
885	1.16658e-302	-14740
886	1.16658e-302	-13424.9
887	1.16658e-302	-14458.9
888	1.16658e-302	-13175
889	1.16658e-302	-18115.1
890	1.16658e-302	-17977.3
891	1.16658e-302	-13892.9
892	1.16658e-302	-13611
893	1.16658e-302	-13115.2
894	1.16658e-302	-13180.6
895	1.16658e-302	-12070.5
896	1.16658e-302	-13259.7
897	1.16658e-302	-11376.3
898	1.16658e-302	-13407.5
899	1.16658e-302	-11954.1
900	1.16658e-302	-12067.7
901	1.16658e-302	-11655.4
902	1.16658e-302	-12695.5
903	1.16658e-302	-11665.2
904	1.16658e-302	-11538.7
905	1.16658e-302	-10787.6
906	1.16658e-302	-10304
907	1.16658e-302	-11237.1
908	1.16658e-302	-13243
909	1.16658e-302	-11871.4
910	1.16658e-302	-11783.4
911	1.16658e-302	-13248.1
912	1.16658e-302	-16432.9
913	1.16658e-302	-13186.4
914	1.16658e-302	-12162.1
915	1.16658e-302	-13945
916	1.16658e-302	-13718
917	1.16658e-302	-14209
918	1.16658e-302	-14062.4
919	1.16658e-302	-14369.7
920	1.16658e-302	-16649.9
921	1.16658e-302	-11171.3
922	1.16658e-302	-14007.7
923	1.16658e-302	-10840.7
924	1.16658e-302	-12275.9
925	1.16658e-302	-9703.07
926	1.16658e-302	-12162.4
927	1.16658e-302	-13828.4
928	1.16658e-302	-12254.9
929	1.16658e-302	-14644.4
930	1.16658e-302	-14970.2
931	1.16658e-302	-12816.7
932	1.16658e-302	-12456.2
933	1.16658e-302	-12175
934	1.16658e-302	-11949.4
935	1.16658e-302	-13336.5
936	1.16658e-302	-13898.5
937	1.16658e-302	-13316
938	1.16658e-302	-13385.9
939	1.16658e-302	-13489.7
940	1.16658e-302	-13721.6
941	1.16658e-302	-12215.7
942	1.16658e-302	-11829.8
943	1.16658e-302	-12866.7
944	1.16658e-302	-16268.9
945	1.16658e-302	-16791.2
946	1.16658e-302	-17679.6
947	1.16658e-302	-15468.4
948	1.16658e-302	-11458.9
949	1.16658e-302	-11615.7
950	1.16658e-302	-10807.1
951	1.16658e-302	-12349.8
952	1.16658e-302	-11312.8
953	1.16658e-302	-13255.6
954	1.16658e-302	-13730.6
955	1.16658e-302	-15765.9
956	1.16658e-302	-15994.1
957	1.16658e-302	-17841.6
958	1.16658e-302	-15639.3
959	1.16658e-302	-14204.9
960	1.16658e-302	-13387.1
961	1.16658e-302	-13932.8
962	1.16658e-302	-12910.3
963	1.16658e-302	-16204.7
964	1.16658e-302	-14687.5
965	1.16658e-302	-13099.9
966	1.16658e-302	-11391.5
967	1.16658e-302	-10880.8
968	1.16658e-302	-12933.5
969	1.16658e-302	-13324.7
970	1.16658e-302	-13293.1
971	1.16658e-302	-12848.7
972	1.16658e-302	-12766.8
973	1.16658e-302	-12687.2
974	1.16658e-302	-13183.6
975	1.16658e-302	-13794.4
976	1.16658e-302	-17241.5
977	1.16658e-302	-13176.8
978	1.16658e-302	-12111.7
979	1.16658e-302	-12407.2
980	1.16658e-302	-11144.5
981	1.16658e-302	-11554.2
982	1.16658e-302	-11718
983	1.16658e-302	-12301.2
984	1.16658e-302	-13451.1
985	1.16658e-302	-13543.5
986	1.16658e-302	-12146.4
987	1.16658e-302	-12053.7
988	1.16658e-302	-13639.3
989	1.16658e-302	-12372.4
990	1.16658e-302	-12245.5
991	1.16658e-302	-14399.1
992	1.16658e-302	-12778.7
993	1.16658e-302	-12253.1
994	1.16658e-302	-11997.4
995	1.16658e-302	-13089.3
996	1.16658e-302	-13017.3
997	1.16658e-302	-13372.6
998	1.16658e-302	-11449
999	1.16658e-302	-11660.8
1000	1.16658e-302	-12865.4
