state	power	likelihood
251	1	-8079.96
252	1	-8077.62
253	1	-8076.85
254	1	-8079.33
255	1	-8082.85
256	1	-8082.5
257	1	-8080.48
258	1	-8088.74
259	1	-8084.45
260	1	-8085.52
261	1	-8082.1
262	1	-8083.37
263	1	-8086.1
264	1	-8081.2
265	1	-8080.67
266	1	-8086.02
267	1	-8085.82
268	1	-8086.68
269	1	-8085.96
270	1	-8084.72
271	1	-8083.81
272	1	-8082.15
273	1	-8083.74
274	1	-8086.55
275	1	-8081.35
276	1	-8083.34
277	1	-8076.64
278	1	-8080.04
279	1	-8079.62
280	1	-8079.15
281	1	-8076.67
282	1	-8078.46
283	1	-8082.4
284	1	-8081.3
285	1	-8081.09
286	1	-8075.66
287	1	-8074.53
288	1	-8077.5
289	1	-8082.87
290	1	-8086.11
291	1	-8086.01
292	1	-8088.12
293	1	-8084.74
294	1	-8084.81
295	1	-8084.94
296	1	-8087.33
297	1	-8080.57
298	1	-8082.35
299	1	-8080.65
300	1	-8083.78
301	1	-8082.85
302	1	-8081.86
303	1	-8076.89
304	1	-8078.53
305	1	-8076.29
306	1	-8081.64
307	1	-8081.94
308	1	-8080.13
309	1	-8079.62
310	1	-8078.21
311	1	-8079.73
312	1	-8086.1
313	1	-8082.52
314	1	-8083.08
315	1	-8078.64
316	1	-8079.91
317	1	-8080.26
318	1	-8081.16
319	1	-8084.58
320	1	-8085.77
321	1	-8082.57
322	1	-8083.82
323	1	-8081.97
324	1	-8082.45
325	1	-8086.86
326	1	-8085.99
327	1	-8084.64
328	1	-8085.95
329	1	-8087.66
330	1	-8085.42
331	1	-8085.07
332	1	-8090.1
333	1	-8085.05
334	1	-8083.32
335	1	-8082.11
336	1	-8079.46
337	1	-8081.08
338	1	-8082.27
339	1	-8083.58
340	1	-8088.73
341	1	-8084.58
342	1	-8083.98
343	1	-8080.34
344	1	-8085.72
345	1	-8082.34
346	1	-8083.02
347	1	-8087.01
348	1	-8085.11
349	1	-8083.53
350	1	-8082.6
351	1	-8083.79
352	1	-8085.31
353	1	-8081.05
354	1	-8083.87
355	1	-8080.25
356	1	-8082.03
357	1	-8082.96
358	1	-8079.24
359	1	-8078.74
360	1	-8076.14
361	1	-8078.05
362	1	-8081.3
363	1	-8086.28
364	1	-8078.91
365	1	-8080.29
366	1	-8075.89
367	1	-8075.35
368	1	-8078.93
369	1	-8081.86
370	1	-8085.85
371	1	-8085.43
372	1	-8080.53
373	1	-8079.8
374	1	-8078.78
375	1	-8078.14
376	1	-8076.97
377	1	-8080
378	1	-8078.09
379	1	-8077.07
380	1	-8080.7
381	1	-8083
382	1	-8082.65
383	1	-8079.53
384	1	-8081.03
385	1	-8082.37
386	1	-8083.71
387	1	-8085.46
388	1	-8089.05
389	1	-8081.44
390	1	-8083.23
391	1	-8084.01
392	1	-8085.6
393	1	-8086.37
394	1	-8083.02
395	1	-8085.01
396	1	-8081.94
397	1	-8087.56
398	1	-8085.92
399	1	-8085.96
400	1	-8090.84
401	1	-8087.02
402	1	-8084.73
403	1	-8086.16
404	1	-8080.61
405	1	-8079.11
406	1	-8084.94
407	1	-8090.5
408	1	-8080.81
409	1	-8079.06
410	1	-8083.72
411	1	-8080.8
412	1	-8077.12
413	1	-8077.36
414	1	-8083.65
415	1	-8089.44
416	1	-8089.69
417	1	-8084.44
418	1	-8081.19
419	1	-8083.76
420	1	-8088.35
421	1	-8086.19
422	1	-8085.09
423	1	-8079.98
424	1	-8079.04
425	1	-8078.34
426	1	-8075.74
427	1	-8082.12
428	1	-8083.83
429	1	-8081.42
430	1	-8079.66
431	1	-8083.78
432	1	-8085.74
433	1	-8087.1
434	1	-8084.07
435	1	-8080.47
436	1	-8080.08
437	1	-8084.37
438	1	-8086.41
439	1	-8085.53
440	1	-8081.4
441	1	-8081.84
442	1	-8083.71
443	1	-8078.94
444	1	-8081.87
445	1	-8082.29
446	1	-8086.06
447	1	-8081.24
448	1	-8082.58
449	1	-8091.98
450	1	-8088.3
451	1	-8081.45
452	1	-8084.99
453	1	-8080.69
454	1	-8081.31
455	1	-8078.26
456	1	-8078.82
457	1	-8076.54
458	1	-8084.39
459	1	-8085.59
460	1	-8084.27
461	1	-8083.82
462	1	-8079.23
463	1	-8084.05
464	1	-8087.47
465	1	-8082.34
466	1	-8082.28
467	1	-8081.71
468	1	-8079.15
469	1	-8077.58
470	1	-8075.47
471	1	-8081.83
472	1	-8083.43
473	1	-8082.96
474	1	-8083.33
475	1	-8083.05
476	1	-8083.34
477	1	-8078.2
478	1	-8077.52
479	1	-8076.23
480	1	-8080.86
481	1	-8077.36
482	1	-8076.1
483	1	-8072.94
484	1	-8076.64
485	1	-8079.23
486	1	-8088.57
487	1	-8093.66
488	1	-8092.48
489	1	-8086.29
490	1	-8085.68
491	1	-8083.84
492	1	-8084.6
493	1	-8081.41
494	1	-8090.33
495	1	-8087.56
496	1	-8098.18
497	1	-8097.11
498	1	-8105
499	1	-8097.16
500	1	-8092.54
501	1	-8084.19
502	1	-8081.74
503	1	-8082.52
504	1	-8088.67
505	1	-8091.11
506	1	-8084.15
507	1	-8085.78
508	1	-8082.91
509	1	-8078.38
510	1	-8083.77
511	1	-8086.62
512	1	-8087.24
513	1	-8079.31
514	1	-8079.28
515	1	-8088.82
516	1	-8090.33
517	1	-8090.86
518	1	-8091.77
519	1	-8080.21
520	1	-8084.37
521	1	-8087.4
522	1	-8080.75
523	1	-8080.62
524	1	-8082.78
525	1	-8081.87
526	1	-8086.29
527	1	-8080.47
528	1	-8081.5
529	1	-8084.56
530	1	-8086.33
531	1	-8083.31
532	1	-8079.66
533	1	-8085.34
534	1	-8086.34
535	1	-8089.55
536	1	-8082.73
537	1	-8081.68
538	1	-8081.79
539	1	-8082.22
540	1	-8082.1
541	1	-8081.75
542	1	-8079.67
543	1	-8077.99
544	1	-8076.38
545	1	-8077.9
546	1	-8079.01
547	1	-8076.04
548	1	-8079.02
549	1	-8082.82
550	1	-8085.01
551	1	-8090.45
552	1	-8089.97
553	1	-8082.34
554	1	-8080.75
555	1	-8081.21
556	1	-8084.81
557	1	-8087.88
558	1	-8082.59
559	1	-8084.11
560	1	-8089.37
561	1	-8088.01
562	1	-8086.85
563	1	-8085.15
564	1	-8081.23
565	1	-8080.74
566	1	-8079.43
567	1	-8077.8
568	1	-8078.98
569	1	-8083.37
570	1	-8082.89
571	1	-8082.73
572	1	-8080.69
573	1	-8079.63
574	1	-8080.65
575	1	-8081.93
576	1	-8079.24
577	1	-8080.26
578	1	-8081.21
579	1	-8081.26
580	1	-8076.54
581	1	-8082.39
582	1	-8085.16
583	1	-8083.37
584	1	-8085.14
585	1	-8077.98
586	1	-8079.13
587	1	-8079.97
588	1	-8080.04
589	1	-8082.18
590	1	-8085.36
591	1	-8082.33
592	1	-8088.44
593	1	-8093.81
594	1	-8093.25
595	1	-8092.74
596	1	-8093.49
597	1	-8095.36
598	1	-8084.87
599	1	-8081.35
600	1	-8082.55
601	1	-8081.66
602	1	-8082.6
603	1	-8081.95
604	1	-8081.59
605	1	-8079.82
606	1	-8080.93
607	1	-8082.24
608	1	-8082.95
609	1	-8080.81
610	1	-8080.13
611	1	-8081.58
612	1	-8083.1
613	1	-8082.75
614	1	-8082.47
615	1	-8076.07
616	1	-8078.77
617	1	-8078.46
618	1	-8081.19
619	1	-8081.7
620	1	-8081.68
621	1	-8082.62
622	1	-8088.11
623	1	-8086.34
624	1	-8086.35
625	1	-8086.63
626	1	-8081.42
627	1	-8083.08
628	1	-8082.7
629	1	-8084.21
630	1	-8078.58
631	1	-8079.84
632	1	-8080.62
633	1	-8080.16
634	1	-8080.98
635	1	-8086.26
636	1	-8083.15
637	1	-8084.47
638	1	-8078.87
639	1	-8081.41
640	1	-8082.45
641	1	-8086.2
642	1	-8090.98
643	1	-8090.45
644	1	-8088.71
645	1	-8087.19
646	1	-8085.1
647	1	-8082.84
648	1	-8084.58
649	1	-8085.53
650	1	-8086.43
651	1	-8082.21
652	1	-8082.75
653	1	-8083.21
654	1	-8077.01
655	1	-8081.45
656	1	-8079.74
657	1	-8080.53
658	1	-8082.71
659	1	-8083.5
660	1	-8082.95
661	1	-8080.41
662	1	-8075.7
663	1	-8078.07
664	1	-8086.41
665	1	-8078.32
666	1	-8082.11
667	1	-8082.98
668	1	-8082.84
669	1	-8079.35
670	1	-8084.63
671	1	-8077.52
672	1	-8080.59
673	1	-8084.22
674	1	-8082.69
675	1	-8079.92
676	1	-8080.5
677	1	-8083.61
678	1	-8082.07
679	1	-8083.38
680	1	-8083.69
681	1	-8081.76
682	1	-8079.16
683	1	-8075.25
684	1	-8078.3
685	1	-8080.91
686	1	-8083.05
687	1	-8077.82
688	1	-8084.01
689	1	-8085.52
690	1	-8085.3
691	1	-8084.33
692	1	-8087.35
693	1	-8088.04
694	1	-8085.16
695	1	-8087.22
696	1	-8084.53
697	1	-8078.46
698	1	-8079.97
699	1	-8078.97
700	1	-8078.7
701	1	-8077.35
702	1	-8079.2
703	1	-8080.62
704	1	-8084.37
705	1	-8085.36
706	1	-8083.45
707	1	-8084.83
708	1	-8083.61
709	1	-8083.03
710	1	-8081.28
711	1	-8085.89
712	1	-8084.79
713	1	-8083.11
714	1	-8078.41
715	1	-8077.98
716	1	-8078.11
717	1	-8076.16
718	1	-8080.02
719	1	-8084.11
720	1	-8086.32
721	1	-8086.11
722	1	-8088.76
723	1	-8090.85
724	1	-8087.24
725	1	-8087.67
726	1	-8084.56
727	1	-8083.74
728	1	-8083.32
729	1	-8080.4
730	1	-8076.43
731	1	-8076.09
732	1	-8077.85
733	1	-8077.63
734	1	-8080.96
735	1	-8080.41
736	1	-8079.69
737	1	-8080.54
738	1	-8081.14
739	1	-8083.67
740	1	-8081.83
741	1	-8083.07
742	1	-8085.42
743	1	-8087.9
744	1	-8088.96
745	1	-8087.94
746	1	-8088.67
747	1	-8083.68
748	1	-8080.84
749	1	-8081.47
750	1	-8080.74
751	1	-8079.93
752	1	-8080.24
753	1	-8081.58
754	1	-8085.35
755	1	-8083.09
756	1	-8083.47
757	1	-8081.06
758	1	-8081.7
759	1	-8077.53
760	1	-8080.88
761	1	-8079.43
762	1	-8078.25
763	1	-8077.58
764	1	-8074.25
765	1	-8077.53
766	1	-8073.87
767	1	-8077.16
768	1	-8085.25
769	1	-8083.28
770	1	-8085.55
771	1	-8083.51
772	1	-8079.57
773	1	-8079.11
774	1	-8085.05
775	1	-8078.95
776	1	-8076.54
777	1	-8080.53
778	1	-8079.28
779	1	-8078.59
780	1	-8075.76
781	1	-8081.54
782	1	-8086.08
783	1	-8086.82
784	1	-8082.83
785	1	-8081.36
786	1	-8079.14
787	1	-8082.6
788	1	-8082.27
789	1	-8082.45
790	1	-8079.73
791	1	-8082.83
792	1	-8087.24
793	1	-8083.77
794	1	-8081.22
795	1	-8084.54
796	1	-8080.25
797	1	-8078.36
798	1	-8080.81
799	1	-8080.68
800	1	-8080.09
801	1	-8077.67
802	1	-8085.65
803	1	-8079.31
804	1	-8077.56
805	1	-8078.78
806	1	-8081.46
807	1	-8081.32
808	1	-8085.5
809	1	-8083.09
810	1	-8076.88
811	1	-8078.6
812	1	-8081.62
813	1	-8084.01
814	1	-8084.98
815	1	-8079.79
816	1	-8083.06
817	1	-8082.89
818	1	-8082.8
819	1	-8076.49
820	1	-8080.99
821	1	-8081.59
822	1	-8080.14
823	1	-8078.26
824	1	-8080.08
825	1	-8077.82
826	1	-8078.26
827	1	-8083.8
828	1	-8085.52
829	1	-8083.14
830	1	-8083.63
831	1	-8081.01
832	1	-8083.53
833	1	-8084.38
834	1	-8086.39
835	1	-8081.64
836	1	-8089.1
837	1	-8083.52
838	1	-8083.26
839	1	-8085.72
840	1	-8084.68
841	1	-8081.21
842	1	-8081.83
843	1	-8082.53
844	1	-8084.13
845	1	-8085.76
846	1	-8087.84
847	1	-8084.62
848	1	-8080.43
849	1	-8082.45
850	1	-8084.1
851	1	-8086.5
852	1	-8080.93
853	1	-8082.24
854	1	-8081.86
855	1	-8080.97
856	1	-8092.47
857	1	-8098.4
858	1	-8090.8
859	1	-8087.08
860	1	-8085.84
861	1	-8082.85
862	1	-8084.65
863	1	-8087.83
864	1	-8081.82
865	1	-8088.74
866	1	-8087.41
867	1	-8087.79
868	1	-8086.18
869	1	-8084.9
870	1	-8089.36
871	1	-8085.38
872	1	-8085.4
873	1	-8082.38
874	1	-8087.85
875	1	-8088.76
876	1	-8090.44
877	1	-8089.3
878	1	-8082.76
879	1	-8080.19
880	1	-8081.13
881	1	-8081.38
882	1	-8075.85
883	1	-8080.84
884	1	-8078.38
885	1	-8078.43
886	1	-8079.35
887	1	-8080.08
888	1	-8083.65
889	1	-8082.52
890	1	-8086.04
891	1	-8086.7
892	1	-8082.57
893	1	-8085.99
894	1	-8086.43
895	1	-8084.03
896	1	-8082.89
897	1	-8085.93
898	1	-8081.55
899	1	-8082.83
900	1	-8078.51
901	1	-8079.73
902	1	-8079.92
903	1	-8082.09
904	1	-8084.54
905	1	-8080.06
906	1	-8074.36
907	1	-8079.14
908	1	-8077.31
909	1	-8079.33
910	1	-8076.94
911	1	-8078.29
912	1	-8084.07
913	1	-8085.31
914	1	-8084.23
915	1	-8081.77
916	1	-8088.24
917	1	-8092.23
918	1	-8083.08
919	1	-8089.11
920	1	-8079.64
921	1	-8083.44
922	1	-8087.78
923	1	-8087.08
924	1	-8087.44
925	1	-8080.45
926	1	-8080.52
927	1	-8080.25
928	1	-8081.09
929	1	-8083.04
930	1	-8084.15
931	1	-8079.74
932	1	-8075.57
933	1	-8075.36
934	1	-8077.28
935	1	-8076.96
936	1	-8078.29
937	1	-8080.78
938	1	-8084.36
939	1	-8085.25
940	1	-8079.88
941	1	-8079.35
942	1	-8080.4
943	1	-8081.76
944	1	-8080.24
945	1	-8083.16
946	1	-8087.93
947	1	-8081.7
948	1	-8082.98
949	1	-8082.66
950	1	-8080.28
951	1	-8092.09
952	1	-8085.79
953	1	-8084.53
954	1	-8085.99
955	1	-8086.26
956	1	-8087.29
957	1	-8086.15
958	1	-8084.16
959	1	-8084.46
960	1	-8092.17
961	1	-8088.91
962	1	-8093.04
963	1	-8081.46
964	1	-8077.41
965	1	-8077.87
966	1	-8083.11
967	1	-8087.65
968	1	-8091.43
969	1	-8093.04
970	1	-8089.03
971	1	-8086.32
972	1	-8086.01
973	1	-8085.24
974	1	-8082.17
975	1	-8082.26
976	1	-8083.72
977	1	-8082.85
978	1	-8084.78
979	1	-8079.79
980	1	-8079.67
981	1	-8082.56
982	1	-8089.39
983	1	-8087.12
984	1	-8094.04
985	1	-8089.6
986	1	-8085.52
987	1	-8085.44
988	1	-8086.16
989	1	-8084.74
990	1	-8082.21
991	1	-8084.66
992	1	-8085.5
993	1	-8084.58
994	1	-8084.97
995	1	-8081.4
996	1	-8085.6
997	1	-8084.11
998	1	-8080.35
999	1	-8083.05
1000	1	-8084.49
251	0.90204	-8088.91
252	0.90204	-8085.23
253	0.90204	-8085.38
254	0.90204	-8087.78
255	0.90204	-8090.64
256	0.90204	-8091.77
257	0.90204	-8090.43
258	0.90204	-8088.14
259	0.90204	-8081.98
260	0.90204	-8082.33
261	0.90204	-8082.85
262	0.90204	-8081.85
263	0.90204	-8083.47
264	0.90204	-8079.77
265	0.90204	-8087.89
266	0.90204	-8084.19
267	0.90204	-8080.8
268	0.90204	-8082.66
269	0.90204	-8080.05
270	0.90204	-8078.33
271	0.90204	-8081.7
272	0.90204	-8082.56
273	0.90204	-8083.28
274	0.90204	-8079.43
275	0.90204	-8081.28
276	0.90204	-8084.49
277	0.90204	-8086.89
278	0.90204	-8085.96
279	0.90204	-8083.59
280	0.90204	-8082.12
281	0.90204	-8083.71
282	0.90204	-8085.17
283	0.90204	-8085.43
284	0.90204	-8085.29
285	0.90204	-8091.03
286	0.90204	-8091.69
287	0.90204	-8089.71
288	0.90204	-8086.39
289	0.90204	-8085
290	0.90204	-8087.35
291	0.90204	-8082.82
292	0.90204	-8081.18
293	0.90204	-8080.05
294	0.90204	-8077.96
295	0.90204	-8080.38
296	0.90204	-8090.55
297	0.90204	-8079.85
298	0.90204	-8084.4
299	0.90204	-8088.43
300	0.90204	-8094.54
301	0.90204	-8091.89
302	0.90204	-8087.51
303	0.90204	-8084.56
304	0.90204	-8084.32
305	0.90204	-8088.89
306	0.90204	-8087.15
307	0.90204	-8084.01
308	0.90204	-8084.28
309	0.90204	-8081.1
310	0.90204	-8079.95
311	0.90204	-8081.46
312	0.90204	-8085.91
313	0.90204	-8085.75
314	0.90204	-8088
315	0.90204	-8080.47
316	0.90204	-8079.08
317	0.90204	-8078.06
318	0.90204	-8078.06
319	0.90204	-8081.24
320	0.90204	-8080.52
321	0.90204	-8088.68
322	0.90204	-8082.76
323	0.90204	-8085.4
324	0.90204	-8077.46
325	0.90204	-8080.97
326	0.90204	-8085.25
327	0.90204	-8089.94
328	0.90204	-8083.95
329	0.90204	-8089.45
330	0.90204	-8083.77
331	0.90204	-8080.14
332	0.90204	-8088.05
333	0.90204	-8087.94
334	0.90204	-8089.26
335	0.90204	-8085.15
336	0.90204	-8082.48
337	0.90204	-8082.49
338	0.90204	-8088.29
339	0.90204	-8088.61
340	0.90204	-8087.66
341	0.90204	-8086.27
342	0.90204	-8083.34
343	0.90204	-8081.32
344	0.90204	-8083.43
345	0.90204	-8083.36
346	0.90204	-8086.59
347	0.90204	-8089.58
348	0.90204	-8087.26
349	0.90204	-8089.71
350	0.90204	-8096.88
351	0.90204	-8089
352	0.90204	-8086.88
353	0.90204	-8089.21
354	0.90204	-8092.32
355	0.90204	-8093.65
356	0.90204	-8088.28
357	0.90204	-8081.47
358	0.90204	-8080.68
359	0.90204	-8086.31
360	0.90204	-8086.95
361	0.90204	-8076
362	0.90204	-8074.61
363	0.90204	-8074.56
364	0.90204	-8076.36
365	0.90204	-8080.43
366	0.90204	-8078.02
367	0.90204	-8077.59
368	0.90204	-8079.7
369	0.90204	-8083.55
370	0.90204	-8081.01
371	0.90204	-8075.85
372	0.90204	-8078.13
373	0.90204	-8078.13
374	0.90204	-8083.09
375	0.90204	-8079.17
376	0.90204	-8081.27
377	0.90204	-8081.09
378	0.90204	-8081.12
379	0.90204	-8080.9
380	0.90204	-8080.83
381	0.90204	-8080.57
382	0.90204	-8083.61
383	0.90204	-8084.16
384	0.90204	-8093.02
385	0.90204	-8083.13
386	0.90204	-8081.26
387	0.90204	-8085.72
388	0.90204	-8083.14
389	0.90204	-8084.17
390	0.90204	-8079.3
391	0.90204	-8081.53
392	0.90204	-8085.75
393	0.90204	-8091.56
394	0.90204	-8092.19
395	0.90204	-8092.48
396	0.90204	-8089.3
397	0.90204	-8085.69
398	0.90204	-8088.04
399	0.90204	-8085.14
400	0.90204	-8083.62
401	0.90204	-8082.12
402	0.90204	-8088.22
403	0.90204	-8082.1
404	0.90204	-8079.42
405	0.90204	-8085.84
406	0.90204	-8081.16
407	0.90204	-8078.06
408	0.90204	-8085.09
409	0.90204	-8085.86
410	0.90204	-8094.18
411	0.90204	-8091.1
412	0.90204	-8087.41
413	0.90204	-8091.99
414	0.90204	-8098.17
415	0.90204	-8095.81
416	0.90204	-8091.84
417	0.90204	-8084.4
418	0.90204	-8082.25
419	0.90204	-8086.23
420	0.90204	-8087.58
421	0.90204	-8081.48
422	0.90204	-8085.42
423	0.90204	-8087.19
424	0.90204	-8083.26
425	0.90204	-8075.69
426	0.90204	-8081.6
427	0.90204	-8077.92
428	0.90204	-8080.33
429	0.90204	-8080.25
430	0.90204	-8082.07
431	0.90204	-8083.43
432	0.90204	-8078.89
433	0.90204	-8087.61
434	0.90204	-8089.72
435	0.90204	-8081.18
436	0.90204	-8084.31
437	0.90204	-8079.54
438	0.90204	-8080.59
439	0.90204	-8078.64
440	0.90204	-8080.49
441	0.90204	-8077.92
442	0.90204	-8080.24
443	0.90204	-8085.41
444	0.90204	-8082.85
445	0.90204	-8081.68
446	0.90204	-8081.93
447	0.90204	-8082.22
448	0.90204	-8088.3
449	0.90204	-8085.2
450	0.90204	-8081.68
451	0.90204	-8083.36
452	0.90204	-8082.6
453	0.90204	-8086.08
454	0.90204	-8087.77
455	0.90204	-8085.51
456	0.90204	-8083.26
457	0.90204	-8081.28
458	0.90204	-8081.11
459	0.90204	-8081.78
460	0.90204	-8089.22
461	0.90204	-8087.81
462	0.90204	-8088.21
463	0.90204	-8086.99
464	0.90204	-8083.82
465	0.90204	-8084.87
466	0.90204	-8080.62
467	0.90204	-8080.14
468	0.90204	-8083.92
469	0.90204	-8086.73
470	0.90204	-8091.04
471	0.90204	-8090.99
472	0.90204	-8083.16
473	0.90204	-8081.49
474	0.90204	-8082.2
475	0.90204	-8083.92
476	0.90204	-8086.83
477	0.90204	-8083.77
478	0.90204	-8086.97
479	0.90204	-8089.39
480	0.90204	-8090.5
481	0.90204	-8096.64
482	0.90204	-8093.1
483	0.90204	-8094.65
484	0.90204	-8094.79
485	0.90204	-8086.65
486	0.90204	-8085.65
487	0.90204	-8087.49
488	0.90204	-8091.12
489	0.90204	-8085.05
490	0.90204	-8084.87
491	0.90204	-8082.53
492	0.90204	-8081.21
493	0.90204	-8082.78
494	0.90204	-8079.72
495	0.90204	-8087.12
496	0.90204	-8079.92
497	0.90204	-8077.74
498	0.90204	-8082.71
499	0.90204	-8088.15
500	0.90204	-8084.48
501	0.90204	-8086.37
502	0.90204	-8086
503	0.90204	-8082.36
504	0.90204	-8077.29
505	0.90204	-8084.26
506	0.90204	-8083.64
507	0.90204	-8082.85
508	0.90204	-8079.48
509	0.90204	-8085.55
510	0.90204	-8085.06
511	0.90204	-8082.96
512	0.90204	-8086.06
513	0.90204	-8087.92
514	0.90204	-8089.62
515	0.90204	-8087.11
516	0.90204	-8087.5
517	0.90204	-8091.16
518	0.90204	-8087.89
519	0.90204	-8088.2
520	0.90204	-8096.57
521	0.90204	-8098.42
522	0.90204	-8089.47
523	0.90204	-8090.76
524	0.90204	-8082.43
525	0.90204	-8083.8
526	0.90204	-8084.6
527	0.90204	-8085.92
528	0.90204	-8083.48
529	0.90204	-8088.6
530	0.90204	-8090.25
531	0.90204	-8089.8
532	0.90204	-8085.61
533	0.90204	-8092.07
534	0.90204	-8089.04
535	0.90204	-8085.6
536	0.90204	-8088.26
537	0.90204	-8087.67
538	0.90204	-8082.51
539	0.90204	-8078.64
540	0.90204	-8083.72
541	0.90204	-8078.87
542	0.90204	-8084.45
543	0.90204	-8085.84
544	0.90204	-8080.74
545	0.90204	-8089.67
546	0.90204	-8087.02
547	0.90204	-8090.58
548	0.90204	-8082.07
549	0.90204	-8085.64
550	0.90204	-8082.18
551	0.90204	-8087.38
552	0.90204	-8090.85
553	0.90204	-8085.86
554	0.90204	-8084.05
555	0.90204	-8084.15
556	0.90204	-8081.97
557	0.90204	-8083.69
558	0.90204	-8087.05
559	0.90204	-8089.6
560	0.90204	-8093.41
561	0.90204	-8089.77
562	0.90204	-8091.21
563	0.90204	-8084.06
564	0.90204	-8093.27
565	0.90204	-8087.99
566	0.90204	-8085.84
567	0.90204	-8086.63
568	0.90204	-8087.67
569	0.90204	-8084.15
570	0.90204	-8074.68
571	0.90204	-8076.76
572	0.90204	-8081.21
573	0.90204	-8081.15
574	0.90204	-8080.69
575	0.90204	-8083.87
576	0.90204	-8083.03
577	0.90204	-8086.13
578	0.90204	-8087.06
579	0.90204	-8086.19
580	0.90204	-8084.33
581	0.90204	-8085.96
582	0.90204	-8083.27
583	0.90204	-8084.76
584	0.90204	-8080.28
585	0.90204	-8080.21
586	0.90204	-8079.42
587	0.90204	-8079.48
588	0.90204	-8080.83
589	0.90204	-8083.25
590	0.90204	-8082.7
591	0.90204	-8080.94
592	0.90204	-8083.05
593	0.90204	-8085.28
594	0.90204	-8083.64
595	0.90204	-8090.3
596	0.90204	-8092.23
597	0.90204	-8088.3
598	0.90204	-8085.06
599	0.90204	-8090.88
600	0.90204	-8083.71
601	0.90204	-8082.53
602	0.90204	-8079.2
603	0.90204	-8079.64
604	0.90204	-8084.25
605	0.90204	-8085.54
606	0.90204	-8093.21
607	0.90204	-8097.71
608	0.90204	-8092.21
609	0.90204	-8090.25
610	0.90204	-8090.36
611	0.90204	-8086.46
612	0.90204	-8088.27
613	0.90204	-8085.06
614	0.90204	-8093.8
615	0.90204	-8092.47
616	0.90204	-8093.88
617	0.90204	-8092.74
618	0.90204	-8089.05
619	0.90204	-8087.89
620	0.90204	-8086.24
621	0.90204	-8086.58
622	0.90204	-8083.53
623	0.90204	-8087.65
624	0.90204	-8082.63
625	0.90204	-8084.58
626	0.90204	-8077.34
627	0.90204	-8079.76
628	0.90204	-8088.02
629	0.90204	-8085.22
630	0.90204	-8079.27
631	0.90204	-8078.9
632	0.90204	-8083.88
633	0.90204	-8079.61
634	0.90204	-8080.64
635	0.90204	-8089.12
636	0.90204	-8084.47
637	0.90204	-8080.73
638	0.90204	-8080.11
639	0.90204	-8084.06
640	0.90204	-8078.46
641	0.90204	-8082.91
642	0.90204	-8081.54
643	0.90204	-8082.17
644	0.90204	-8080.95
645	0.90204	-8085.89
646	0.90204	-8080.41
647	0.90204	-8083.3
648	0.90204	-8080.87
649	0.90204	-8080.16
650	0.90204	-8082.92
651	0.90204	-8082.29
652	0.90204	-8082.17
653	0.90204	-8084.95
654	0.90204	-8082.55
655	0.90204	-8080.64
656	0.90204	-8084.31
657	0.90204	-8088.36
658	0.90204	-8081.03
659	0.90204	-8082.85
660	0.90204	-8087.99
661	0.90204	-8083.78
662	0.90204	-8080.38
663	0.90204	-8082.62
664	0.90204	-8082.51
665	0.90204	-8083.57
666	0.90204	-8083.81
667	0.90204	-8087.9
668	0.90204	-8086.37
669	0.90204	-8088.4
670	0.90204	-8093.76
671	0.90204	-8094.31
672	0.90204	-8096.18
673	0.90204	-8089.38
674	0.90204	-8091.45
675	0.90204	-8083.82
676	0.90204	-8092.56
677	0.90204	-8096.59
678	0.90204	-8090.55
679	0.90204	-8080.92
680	0.90204	-8083.68
681	0.90204	-8077.63
682	0.90204	-8084.06
683	0.90204	-8082.88
684	0.90204	-8081.51
685	0.90204	-8080.89
686	0.90204	-8087.92
687	0.90204	-8085.76
688	0.90204	-8088.32
689	0.90204	-8087.14
690	0.90204	-8085.92
691	0.90204	-8097.21
692	0.90204	-8094.62
693	0.90204	-8099.72
694	0.90204	-8101.12
695	0.90204	-8095.27
696	0.90204	-8090.76
697	0.90204	-8090.35
698	0.90204	-8088.94
699	0.90204	-8090.38
700	0.90204	-8089.71
701	0.90204	-8085.52
702	0.90204	-8083.81
703	0.90204	-8080.35
704	0.90204	-8080.43
705	0.90204	-8083.32
706	0.90204	-8087.28
707	0.90204	-8089.68
708	0.90204	-8086.29
709	0.90204	-8083.67
710	0.90204	-8083.31
711	0.90204	-8087.97
712	0.90204	-8083.51
713	0.90204	-8088.55
714	0.90204	-8086.25
715	0.90204	-8081.92
716	0.90204	-8081.55
717	0.90204	-8085.88
718	0.90204	-8082.84
719	0.90204	-8083.32
720	0.90204	-8085.38
721	0.90204	-8089.66
722	0.90204	-8087.37
723	0.90204	-8083.61
724	0.90204	-8085.34
725	0.90204	-8087.2
726	0.90204	-8080.09
727	0.90204	-8080.06
728	0.90204	-8079.15
729	0.90204	-8084.43
730	0.90204	-8083.47
731	0.90204	-8082.36
732	0.90204	-8084.89
733	0.90204	-8088.5
734	0.90204	-8080.2
735	0.90204	-8080.36
736	0.90204	-8081.44
737	0.90204	-8079.27
738	0.90204	-8080.44
739	0.90204	-8079.52
740	0.90204	-8076.82
741	0.90204	-8074.59
742	0.90204	-8079.62
743	0.90204	-8082.33
744	0.90204	-8083.08
745	0.90204	-8088.31
746	0.90204	-8085.36
747	0.90204	-8087.44
748	0.90204	-8096.93
749	0.90204	-8096.82
750	0.90204	-8096.98
751	0.90204	-8101.78
752	0.90204	-8090.58
753	0.90204	-8086.67
754	0.90204	-8084.4
755	0.90204	-8084.29
756	0.90204	-8082.08
757	0.90204	-8088.06
758	0.90204	-8081.36
759	0.90204	-8083.3
760	0.90204	-8076.57
761	0.90204	-8079.59
762	0.90204	-8082.98
763	0.90204	-8087.13
764	0.90204	-8084.85
765	0.90204	-8087.97
766	0.90204	-8085.94
767	0.90204	-8085.73
768	0.90204	-8087.36
769	0.90204	-8086.08
770	0.90204	-8089.31
771	0.90204	-8087.61
772	0.90204	-8084.62
773	0.90204	-8085.47
774	0.90204	-8089.64
775	0.90204	-8085.08
776	0.90204	-8082.06
777	0.90204	-8083.7
778	0.90204	-8086.65
779	0.90204	-8082.3
780	0.90204	-8085.06
781	0.90204	-8086.71
782	0.90204	-8085.66
783	0.90204	-8096.15
784	0.90204	-8093.89
785	0.90204	-8088.86
786	0.90204	-8086.71
787	0.90204	-8077.43
788	0.90204	-8076.93
789	0.90204	-8079.16
790	0.90204	-8080.07
791	0.90204	-8078.14
792	0.90204	-8075.72
793	0.90204	-8077.27
794	0.90204	-8083.33
795	0.90204	-8081.71
796	0.90204	-8085.6
797	0.90204	-8084.45
798	0.90204	-8078.17
799	0.90204	-8080.24
800	0.90204	-8081.89
801	0.90204	-8087.02
802	0.90204	-8089.5
803	0.90204	-8085.25
804	0.90204	-8078.32
805	0.90204	-8077.67
806	0.90204	-8080.68
807	0.90204	-8083.75
808	0.90204	-8083.13
809	0.90204	-8083.75
810	0.90204	-8081.14
811	0.90204	-8083.7
812	0.90204	-8086.66
813	0.90204	-8084.14
814	0.90204	-8078.54
815	0.90204	-8078.61
816	0.90204	-8079.58
817	0.90204	-8088.57
818	0.90204	-8088.47
819	0.90204	-8084.98
820	0.90204	-8090.78
821	0.90204	-8091.6
822	0.90204	-8094.06
823	0.90204	-8101.66
824	0.90204	-8096.14
825	0.90204	-8090.97
826	0.90204	-8086.46
827	0.90204	-8089.45
828	0.90204	-8089.51
829	0.90204	-8088.2
830	0.90204	-8090.38
831	0.90204	-8087.23
832	0.90204	-8085.23
833	0.90204	-8085.52
834	0.90204	-8086.96
835	0.90204	-8089.77
836	0.90204	-8086.29
837	0.90204	-8082.33
838	0.90204	-8079.09
839	0.90204	-8082.44
840	0.90204	-8082.21
841	0.90204	-8083.62
842	0.90204	-8082.52
843	0.90204	-8080.77
844	0.90204	-8083.65
845	0.90204	-8089.33
846	0.90204	-8084.85
847	0.90204	-8079.95
848	0.90204	-8083.96
849	0.90204	-8082
850	0.90204	-8080.88
851	0.90204	-8084.41
852	0.90204	-8086.01
853	0.90204	-8086.7
854	0.90204	-8086.21
855	0.90204	-8088.34
856	0.90204	-8082.17
857	0.90204	-8081.61
858	0.90204	-8082.45
859	0.90204	-8090.92
860	0.90204	-8085.82
861	0.90204	-8087.11
862	0.90204	-8085.56
863	0.90204	-8082.54
864	0.90204	-8086.3
865	0.90204	-8083.66
866	0.90204	-8083.8
867	0.90204	-8082.96
868	0.90204	-8082.66
869	0.90204	-8083.22
870	0.90204	-8090.45
871	0.90204	-8093.87
872	0.90204	-8090.53
873	0.90204	-8089.18
874	0.90204	-8082.86
875	0.90204	-8084.76
876	0.90204	-8084.16
877	0.90204	-8083.41
878	0.90204	-8082.75
879	0.90204	-8083.27
880	0.90204	-8086.13
881	0.90204	-8085.35
882	0.90204	-8085.37
883	0.90204	-8083.06
884	0.90204	-8083.05
885	0.90204	-8087.4
886	0.90204	-8086.01
887	0.90204	-8096.94
888	0.90204	-8088.65
889	0.90204	-8083.09
890	0.90204	-8085.09
891	0.90204	-8078.85
892	0.90204	-8084.39
893	0.90204	-8085.91
894	0.90204	-8083.49
895	0.90204	-8084.17
896	0.90204	-8081.52
897	0.90204	-8079.98
898	0.90204	-8085.65
899	0.90204	-8082.21
900	0.90204	-8082.16
901	0.90204	-8079.76
902	0.90204	-8078.23
903	0.90204	-8079.45
904	0.90204	-8083.4
905	0.90204	-8081.37
906	0.90204	-8080.16
907	0.90204	-8085.95
908	0.90204	-8081.94
909	0.90204	-8085.03
910	0.90204	-8091.19
911	0.90204	-8085.1
912	0.90204	-8091.91
913	0.90204	-8084.54
914	0.90204	-8076.45
915	0.90204	-8079.38
916	0.90204	-8082.07
917	0.90204	-8082.05
918	0.90204	-8081.33
919	0.90204	-8086.43
920	0.90204	-8086.12
921	0.90204	-8087.6
922	0.90204	-8085.35
923	0.90204	-8089.04
924	0.90204	-8086.76
925	0.90204	-8089.23
926	0.90204	-8088.46
927	0.90204	-8087.44
928	0.90204	-8086.44
929	0.90204	-8081.81
930	0.90204	-8080.14
931	0.90204	-8080.46
932	0.90204	-8080.04
933	0.90204	-8078.97
934	0.90204	-8079.41
935	0.90204	-8081.54
936	0.90204	-8080.78
937	0.90204	-8080.84
938	0.90204	-8087.88
939	0.90204	-8084.53
940	0.90204	-8083.39
941	0.90204	-8082.72
942	0.90204	-8081.79
943	0.90204	-8082.33
944	0.90204	-8088.65
945	0.90204	-8092.12
946	0.90204	-8086.24
947	0.90204	-8087.86
948	0.90204	-8087.27
949	0.90204	-8088.9
950	0.90204	-8089.93
951	0.90204	-8093.15
952	0.90204	-8091.53
953	0.90204	-8088.01
954	0.90204	-8081.72
955	0.90204	-8085.94
956	0.90204	-8090.47
957	0.90204	-8087.63
958	0.90204	-8087.1
959	0.90204	-8081.82
960	0.90204	-8082.55
961	0.90204	-8087.23
962	0.90204	-8085.54
963	0.90204	-8087.93
964	0.90204	-8089.18
965	0.90204	-8084.83
966	0.90204	-8083.77
967	0.90204	-8085.96
968	0.90204	-8090.25
969	0.90204	-8091.86
970	0.90204	-8093.27
971	0.90204	-8089.47
972	0.90204	-8088.55
973	0.90204	-8094.39
974	0.90204	-8096.77
975	0.90204	-8095.59
976	0.90204	-8087.56
977	0.90204	-8087.44
978	0.90204	-8082.09
979	0.90204	-8076.15
980	0.90204	-8078.1
981	0.90204	-8080.53
982	0.90204	-8082.54
983	0.90204	-8080.63
984	0.90204	-8079.85
985	0.90204	-8079.55
986	0.90204	-8082.37
987	0.90204	-8083.47
988	0.90204	-8080.27
989	0.90204	-8077.69
990	0.90204	-8078.69
991	0.90204	-8077.83
992	0.90204	-8079.19
993	0.90204	-8084.54
994	0.90204	-8087.64
995	0.90204	-8090.94
996	0.90204	-8085.81
997	0.90204	-8091.59
998	0.90204	-8088.46
999	0.90204	-8087.71
1000	0.90204	-8090.43
251	0.811912	-8084.58
252	0.811912	-8084.85
253	0.811912	-8088.92
254	0.811912	-8086.69
255	0.811912	-8092.25
256	0.811912	-8088.28
257	0.811912	-8095.67
258	0.811912	-8090.49
259	0.811912	-8097.92
260	0.811912	-8090.13
261	0.811912	-8088.52
262	0.811912	-8086.88
263	0.811912	-8087.05
264	0.811912	-8082.34
265	0.811912	-8081.32
266	0.811912	-8082.25
267	0.811912	-8082.93
268	0.811912	-8083.15
269	0.811912	-8084.66
270	0.811912	-8086.19
271	0.811912	-8085.68
272	0.811912	-8091.05
273	0.811912	-8086.63
274	0.811912	-8084.55
275	0.811912	-8082.08
276	0.811912	-8082.49
277	0.811912	-8081.24
278	0.811912	-8085.79
279	0.811912	-8087.17
280	0.811912	-8092.53
281	0.811912	-8088.9
282	0.811912	-8084.65
283	0.811912	-8086.62
284	0.811912	-8088.28
285	0.811912	-8088.97
286	0.811912	-8086.34
287	0.811912	-8084.69
288	0.811912	-8081.77
289	0.811912	-8083.96
290	0.811912	-8077.53
291	0.811912	-8081.07
292	0.811912	-8087.99
293	0.811912	-8087.12
294	0.811912	-8086.18
295	0.811912	-8087.19
296	0.811912	-8092.44
297	0.811912	-8084.56
298	0.811912	-8084.88
299	0.811912	-8084.95
300	0.811912	-8083.15
301	0.811912	-8081.76
302	0.811912	-8088.22
303	0.811912	-8091.63
304	0.811912	-8089.79
305	0.811912	-8095.34
306	0.811912	-8090.56
307	0.811912	-8093.78
308	0.811912	-8093.23
309	0.811912	-8089.71
310	0.811912	-8084.45
311	0.811912	-8089.81
312	0.811912	-8080.61
313	0.811912	-8081.09
314	0.811912	-8081.92
315	0.811912	-8081.15
316	0.811912	-8083.47
317	0.811912	-8086.12
318	0.811912	-8084.65
319	0.811912	-8080.01
320	0.811912	-8085.95
321	0.811912	-8082.17
322	0.811912	-8080.99
323	0.811912	-8077.23
324	0.811912	-8081.43
325	0.811912	-8089.25
326	0.811912	-8088.84
327	0.811912	-8083.62
328	0.811912	-8084.56
329	0.811912	-8084.63
330	0.811912	-8085.04
331	0.811912	-8079.07
332	0.811912	-8078.58
333	0.811912	-8084.55
334	0.811912	-8079.78
335	0.811912	-8080.92
336	0.811912	-8081.28
337	0.811912	-8087.79
338	0.811912	-8082.48
339	0.811912	-8081.7
340	0.811912	-8086.02
341	0.811912	-8091.38
342	0.811912	-8090.81
343	0.811912	-8089.71
344	0.811912	-8094.78
345	0.811912	-8092.43
346	0.811912	-8088.51
347	0.811912	-8094.96
348	0.811912	-8092.17
349	0.811912	-8094.59
350	0.811912	-8096.94
351	0.811912	-8092.45
352	0.811912	-8086.11
353	0.811912	-8085.39
354	0.811912	-8083.27
355	0.811912	-8084.59
356	0.811912	-8083.7
357	0.811912	-8086.66
358	0.811912	-8091.91
359	0.811912	-8087.98
360	0.811912	-8083.91
361	0.811912	-8083.35
362	0.811912	-8093.32
363	0.811912	-8088.5
364	0.811912	-8080.03
365	0.811912	-8082.41
366	0.811912	-8084.3
367	0.811912	-8081.41
368	0.811912	-8083.4
369	0.811912	-8091.07
370	0.811912	-8103.41
371	0.811912	-8104.07
372	0.811912	-8105.93
373	0.811912	-8098.19
374	0.811912	-8091.37
375	0.811912	-8090.87
376	0.811912	-8086.11
377	0.811912	-8082.05
378	0.811912	-8079.68
379	0.811912	-8082.56
380	0.811912	-8080.88
381	0.811912	-8081.74
382	0.811912	-8081.7
383	0.811912	-8082.05
384	0.811912	-8086.67
385	0.811912	-8082.63
386	0.811912	-8081.47
387	0.811912	-8081.15
388	0.811912	-8086.18
389	0.811912	-8085.76
390	0.811912	-8089.93
391	0.811912	-8090.65
392	0.811912	-8089.56
393	0.811912	-8087.69
394	0.811912	-8084.67
395	0.811912	-8090.28
396	0.811912	-8088.48
397	0.811912	-8088.67
398	0.811912	-8090.26
399	0.811912	-8088.66
400	0.811912	-8085.46
401	0.811912	-8088.94
402	0.811912	-8078.53
403	0.811912	-8081.36
404	0.811912	-8090.52
405	0.811912	-8088.85
406	0.811912	-8084.79
407	0.811912	-8088.26
408	0.811912	-8082.62
409	0.811912	-8083.69
410	0.811912	-8086.15
411	0.811912	-8092.97
412	0.811912	-8095.51
413	0.811912	-8097.21
414	0.811912	-8097.77
415	0.811912	-8086.45
416	0.811912	-8085.96
417	0.811912	-8086.33
418	0.811912	-8085.95
419	0.811912	-8088.75
420	0.811912	-8088.16
421	0.811912	-8093.59
422	0.811912	-8089.3
423	0.811912	-8083.26
424	0.811912	-8079.55
425	0.811912	-8080.65
426	0.811912	-8085.93
427	0.811912	-8084.04
428	0.811912	-8087.95
429	0.811912	-8086.48
430	0.811912	-8086.04
431	0.811912	-8083.69
432	0.811912	-8083.25
433	0.811912	-8078.74
434	0.811912	-8085.16
435	0.811912	-8082.91
436	0.811912	-8086.69
437	0.811912	-8091.49
438	0.811912	-8084.81
439	0.811912	-8084.22
440	0.811912	-8082.24
441	0.811912	-8096.13
442	0.811912	-8090.04
443	0.811912	-8091.55
444	0.811912	-8088.12
445	0.811912	-8087.07
446	0.811912	-8096.14
447	0.811912	-8091.53
448	0.811912	-8090.54
449	0.811912	-8090.84
450	0.811912	-8092.1
451	0.811912	-8078.67
452	0.811912	-8081.29
453	0.811912	-8081.37
454	0.811912	-8081.14
455	0.811912	-8089.25
456	0.811912	-8081.06
457	0.811912	-8080.02
458	0.811912	-8083.27
459	0.811912	-8081.79
460	0.811912	-8088.6
461	0.811912	-8088.55
462	0.811912	-8086.69
463	0.811912	-8086.62
464	0.811912	-8078.78
465	0.811912	-8078.09
466	0.811912	-8089.24
467	0.811912	-8088.49
468	0.811912	-8089.3
469	0.811912	-8089.12
470	0.811912	-8092.64
471	0.811912	-8094.54
472	0.811912	-8089.47
473	0.811912	-8090.09
474	0.811912	-8087.98
475	0.811912	-8086.68
476	0.811912	-8081.4
477	0.811912	-8084.45
478	0.811912	-8089.71
479	0.811912	-8090.86
480	0.811912	-8088.82
481	0.811912	-8089.23
482	0.811912	-8085.93
483	0.811912	-8086.31
484	0.811912	-8093.12
485	0.811912	-8097.56
486	0.811912	-8096.76
487	0.811912	-8092.74
488	0.811912	-8095.58
489	0.811912	-8095.81
490	0.811912	-8093.8
491	0.811912	-8095.92
492	0.811912	-8091.88
493	0.811912	-8102.31
494	0.811912	-8100.83
495	0.811912	-8094.47
496	0.811912	-8093.93
497	0.811912	-8095.21
498	0.811912	-8085.98
499	0.811912	-8081.15
500	0.811912	-8078.54
501	0.811912	-8083.8
502	0.811912	-8081.14
503	0.811912	-8079.33
504	0.811912	-8086.34
505	0.811912	-8082.89
506	0.811912	-8083.22
507	0.811912	-8085.78
508	0.811912	-8086.4
509	0.811912	-8084.51
510	0.811912	-8093.68
511	0.811912	-8087.57
512	0.811912	-8092.07
513	0.811912	-8089.9
514	0.811912	-8088.58
515	0.811912	-8092.62
516	0.811912	-8092.04
517	0.811912	-8088.86
518	0.811912	-8089.09
519	0.811912	-8093.56
520	0.811912	-8082.73
521	0.811912	-8081.7
522	0.811912	-8087.41
523	0.811912	-8084.55
524	0.811912	-8083.94
525	0.811912	-8082.41
526	0.811912	-8078.3
527	0.811912	-8079.37
528	0.811912	-8084.35
529	0.811912	-8082.18
530	0.811912	-8080.53
531	0.811912	-8077.78
532	0.811912	-8077.49
533	0.811912	-8084.94
534	0.811912	-8082.66
535	0.811912	-8085.03
536	0.811912	-8087.69
537	0.811912	-8089.82
538	0.811912	-8088.93
539	0.811912	-8089.36
540	0.811912	-8087.96
541	0.811912	-8081.37
542	0.811912	-8076.4
543	0.811912	-8075.12
544	0.811912	-8077.47
545	0.811912	-8091.64
546	0.811912	-8079.77
547	0.811912	-8080.64
548	0.811912	-8077.81
549	0.811912	-8083.94
550	0.811912	-8086.29
551	0.811912	-8081.86
552	0.811912	-8087.28
553	0.811912	-8089.55
554	0.811912	-8083.96
555	0.811912	-8086.7
556	0.811912	-8091
557	0.811912	-8083.83
558	0.811912	-8085.97
559	0.811912	-8086.02
560	0.811912	-8084.49
561	0.811912	-8089.32
562	0.811912	-8088.61
563	0.811912	-8088.01
564	0.811912	-8096.7
565	0.811912	-8090.79
566	0.811912	-8085.65
567	0.811912	-8081.68
568	0.811912	-8086.58
569	0.811912	-8087.13
570	0.811912	-8082.36
571	0.811912	-8082.77
572	0.811912	-8085.73
573	0.811912	-8086.75
574	0.811912	-8081.54
575	0.811912	-8084.89
576	0.811912	-8085.78
577	0.811912	-8083.34
578	0.811912	-8084.82
579	0.811912	-8084.66
580	0.811912	-8090.77
581	0.811912	-8085.13
582	0.811912	-8084.76
583	0.811912	-8079.48
584	0.811912	-8082.68
585	0.811912	-8085.6
586	0.811912	-8084.72
587	0.811912	-8086.11
588	0.811912	-8087.44
589	0.811912	-8083.9
590	0.811912	-8081.49
591	0.811912	-8090.06
592	0.811912	-8088.81
593	0.811912	-8092.97
594	0.811912	-8096.53
595	0.811912	-8090.25
596	0.811912	-8087.97
597	0.811912	-8087.68
598	0.811912	-8084.05
599	0.811912	-8080.15
600	0.811912	-8084.33
601	0.811912	-8085.05
602	0.811912	-8083.28
603	0.811912	-8081.73
604	0.811912	-8082.94
605	0.811912	-8080.82
606	0.811912	-8089.6
607	0.811912	-8086.61
608	0.811912	-8080.91
609	0.811912	-8076.86
610	0.811912	-8077.24
611	0.811912	-8082.1
612	0.811912	-8083.01
613	0.811912	-8083.6
614	0.811912	-8079.42
615	0.811912	-8081.46
616	0.811912	-8083.16
617	0.811912	-8089.58
618	0.811912	-8086.25
619	0.811912	-8087.76
620	0.811912	-8085.91
621	0.811912	-8086.34
622	0.811912	-8078.93
623	0.811912	-8083.36
624	0.811912	-8083.44
625	0.811912	-8085.07
626	0.811912	-8085.44
627	0.811912	-8086.23
628	0.811912	-8088.53
629	0.811912	-8084.46
630	0.811912	-8080.48
631	0.811912	-8087.32
632	0.811912	-8084.22
633	0.811912	-8084.45
634	0.811912	-8083.53
635	0.811912	-8083.83
636	0.811912	-8076.7
637	0.811912	-8077.58
638	0.811912	-8085.27
639	0.811912	-8085.05
640	0.811912	-8085.39
641	0.811912	-8085.94
642	0.811912	-8084.66
643	0.811912	-8078.84
644	0.811912	-8077.68
645	0.811912	-8086.38
646	0.811912	-8084.09
647	0.811912	-8083.48
648	0.811912	-8080.46
649	0.811912	-8085.5
650	0.811912	-8083.43
651	0.811912	-8084.56
652	0.811912	-8085.05
653	0.811912	-8089.06
654	0.811912	-8085.74
655	0.811912	-8088.41
656	0.811912	-8082.53
657	0.811912	-8082.14
658	0.811912	-8090.6
659	0.811912	-8085.02
660	0.811912	-8093.17
661	0.811912	-8086.34
662	0.811912	-8088.31
663	0.811912	-8084.58
664	0.811912	-8085.71
665	0.811912	-8079.29
666	0.811912	-8078.4
667	0.811912	-8085.59
668	0.811912	-8085.14
669	0.811912	-8086.71
670	0.811912	-8085.64
671	0.811912	-8084.47
672	0.811912	-8087.19
673	0.811912	-8087.23
674	0.811912	-8080.33
675	0.811912	-8078.89
676	0.811912	-8080.1
677	0.811912	-8081
678	0.811912	-8087.65
679	0.811912	-8088.52
680	0.811912	-8085.61
681	0.811912	-8085.45
682	0.811912	-8085.08
683	0.811912	-8086.07
684	0.811912	-8084.84
685	0.811912	-8085.14
686	0.811912	-8087.41
687	0.811912	-8084.63
688	0.811912	-8080.61
689	0.811912	-8077.83
690	0.811912	-8081.82
691	0.811912	-8087.12
692	0.811912	-8094.86
693	0.811912	-8091.5
694	0.811912	-8085.04
695	0.811912	-8096.94
696	0.811912	-8090.26
697	0.811912	-8084.57
698	0.811912	-8079.01
699	0.811912	-8080.45
700	0.811912	-8083.36
701	0.811912	-8082.56
702	0.811912	-8084.2
703	0.811912	-8078.68
704	0.811912	-8080.52
705	0.811912	-8078.35
706	0.811912	-8078.76
707	0.811912	-8088.3
708	0.811912	-8094.73
709	0.811912	-8093
710	0.811912	-8093.55
711	0.811912	-8095.67
712	0.811912	-8091.24
713	0.811912	-8086.04
714	0.811912	-8087.18
715	0.811912	-8085.3
716	0.811912	-8090.44
717	0.811912	-8091.17
718	0.811912	-8099.74
719	0.811912	-8101.73
720	0.811912	-8089.9
721	0.811912	-8096.44
722	0.811912	-8087.6
723	0.811912	-8089.62
724	0.811912	-8081.99
725	0.811912	-8083.31
726	0.811912	-8085.99
727	0.811912	-8083.02
728	0.811912	-8084.53
729	0.811912	-8084.25
730	0.811912	-8082.28
731	0.811912	-8083.19
732	0.811912	-8084.99
733	0.811912	-8087.84
734	0.811912	-8090.43
735	0.811912	-8093.58
736	0.811912	-8092.65
737	0.811912	-8086.71
738	0.811912	-8084.97
739	0.811912	-8083.83
740	0.811912	-8079.5
741	0.811912	-8079.51
742	0.811912	-8077.03
743	0.811912	-8079.68
744	0.811912	-8084.19
745	0.811912	-8084.33
746	0.811912	-8089.44
747	0.811912	-8088.35
748	0.811912	-8085.11
749	0.811912	-8084.34
750	0.811912	-8090.9
751	0.811912	-8093.78
752	0.811912	-8085.96
753	0.811912	-8090.85
754	0.811912	-8089.9
755	0.811912	-8094.86
756	0.811912	-8090.71
757	0.811912	-8090.3
758	0.811912	-8088.57
759	0.811912	-8079.72
760	0.811912	-8084.64
761	0.811912	-8079.3
762	0.811912	-8085.14
763	0.811912	-8085.76
764	0.811912	-8088.56
765	0.811912	-8087.38
766	0.811912	-8088.81
767	0.811912	-8091.64
768	0.811912	-8081.54
769	0.811912	-8087.32
770	0.811912	-8078.23
771	0.811912	-8082.98
772	0.811912	-8080.42
773	0.811912	-8079.78
774	0.811912	-8079.38
775	0.811912	-8078.45
776	0.811912	-8080.82
777	0.811912	-8078.46
778	0.811912	-8079.55
779	0.811912	-8082.39
780	0.811912	-8082.19
781	0.811912	-8091.37
782	0.811912	-8089.32
783	0.811912	-8086.86
784	0.811912	-8083.02
785	0.811912	-8082.24
786	0.811912	-8082.26
787	0.811912	-8081.98
788	0.811912	-8085.33
789	0.811912	-8087.77
790	0.811912	-8088.18
791	0.811912	-8092.28
792	0.811912	-8099.14
793	0.811912	-8099.91
794	0.811912	-8097.98
795	0.811912	-8092.41
796	0.811912	-8093.15
797	0.811912	-8094.67
798	0.811912	-8085.17
799	0.811912	-8084.33
800	0.811912	-8081.54
801	0.811912	-8079.29
802	0.811912	-8079.52
803	0.811912	-8078.78
804	0.811912	-8081.04
805	0.811912	-8083.89
806	0.811912	-8078.8
807	0.811912	-8079.87
808	0.811912	-8083.52
809	0.811912	-8086.99
810	0.811912	-8082.42
811	0.811912	-8088.93
812	0.811912	-8090.52
813	0.811912	-8088.89
814	0.811912	-8093.95
815	0.811912	-8085.68
816	0.811912	-8088.11
817	0.811912	-8083.05
818	0.811912	-8081.57
819	0.811912	-8076.89
820	0.811912	-8083.24
821	0.811912	-8087.59
822	0.811912	-8083.77
823	0.811912	-8085.32
824	0.811912	-8085.88
825	0.811912	-8090.04
826	0.811912	-8086.46
827	0.811912	-8091.26
828	0.811912	-8090.86
829	0.811912	-8088.25
830	0.811912	-8081.71
831	0.811912	-8086.26
832	0.811912	-8089.85
833	0.811912	-8081.09
834	0.811912	-8086.54
835	0.811912	-8082.58
836	0.811912	-8089.03
837	0.811912	-8090.71
838	0.811912	-8093.62
839	0.811912	-8096.68
840	0.811912	-8090.71
841	0.811912	-8090.47
842	0.811912	-8090.65
843	0.811912	-8083.25
844	0.811912	-8089.49
845	0.811912	-8081.07
846	0.811912	-8084.2
847	0.811912	-8095.95
848	0.811912	-8087.92
849	0.811912	-8085.25
850	0.811912	-8088.12
851	0.811912	-8088.17
852	0.811912	-8092.25
853	0.811912	-8085.49
854	0.811912	-8086.48
855	0.811912	-8090.15
856	0.811912	-8085.8
857	0.811912	-8081.69
858	0.811912	-8086.09
859	0.811912	-8084.59
860	0.811912	-8083.74
861	0.811912	-8082.25
862	0.811912	-8082.57
863	0.811912	-8075.64
864	0.811912	-8077.37
865	0.811912	-8082.78
866	0.811912	-8082.89
867	0.811912	-8085.32
868	0.811912	-8084.2
869	0.811912	-8082.09
870	0.811912	-8082.82
871	0.811912	-8083.41
872	0.811912	-8086.44
873	0.811912	-8087.62
874	0.811912	-8089.77
875	0.811912	-8086.94
876	0.811912	-8089.31
877	0.811912	-8084.27
878	0.811912	-8080.56
879	0.811912	-8083.07
880	0.811912	-8083.3
881	0.811912	-8082.34
882	0.811912	-8082.08
883	0.811912	-8082.5
884	0.811912	-8085.78
885	0.811912	-8080.03
886	0.811912	-8083.73
887	0.811912	-8088.74
888	0.811912	-8086.48
889	0.811912	-8079.24
890	0.811912	-8093.82
891	0.811912	-8084.12
892	0.811912	-8093.04
893	0.811912	-8096.18
894	0.811912	-8097.37
895	0.811912	-8102.92
896	0.811912	-8095.53
897	0.811912	-8090.26
898	0.811912	-8085.22
899	0.811912	-8094.63
900	0.811912	-8090.68
901	0.811912	-8090.5
902	0.811912	-8089.09
903	0.811912	-8082.4
904	0.811912	-8081.87
905	0.811912	-8085.32
906	0.811912	-8085.63
907	0.811912	-8083.99
908	0.811912	-8083.38
909	0.811912	-8087.9
910	0.811912	-8085.43
911	0.811912	-8094.58
912	0.811912	-8087.02
913	0.811912	-8080.23
914	0.811912	-8081.98
915	0.811912	-8082.54
916	0.811912	-8085.85
917	0.811912	-8086.64
918	0.811912	-8094.61
919	0.811912	-8082.56
920	0.811912	-8085.29
921	0.811912	-8083.35
922	0.811912	-8087.77
923	0.811912	-8096.61
924	0.811912	-8095.12
925	0.811912	-8092.55
926	0.811912	-8090.39
927	0.811912	-8088.03
928	0.811912	-8086.54
929	0.811912	-8079.36
930	0.811912	-8080.21
931	0.811912	-8086.55
932	0.811912	-8083.65
933	0.811912	-8086.24
934	0.811912	-8084.07
935	0.811912	-8085.13
936	0.811912	-8083.08
937	0.811912	-8082.85
938	0.811912	-8080.58
939	0.811912	-8085.9
940	0.811912	-8086.11
941	0.811912	-8084.31
942	0.811912	-8082.08
943	0.811912	-8081.33
944	0.811912	-8079.51
945	0.811912	-8081.08
946	0.811912	-8078.73
947	0.811912	-8076.82
948	0.811912	-8078.64
949	0.811912	-8080.89
950	0.811912	-8081.01
951	0.811912	-8081.99
952	0.811912	-8080.18
953	0.811912	-8085.13
954	0.811912	-8090.73
955	0.811912	-8094.6
956	0.811912	-8091.39
957	0.811912	-8090.9
958	0.811912	-8087.08
959	0.811912	-8085.47
960	0.811912	-8088.65
961	0.811912	-8093.59
962	0.811912	-8096.29
963	0.811912	-8090.11
964	0.811912	-8083.21
965	0.811912	-8084.83
966	0.811912	-8078.61
967	0.811912	-8083.08
968	0.811912	-8090.81
969	0.811912	-8090.61
970	0.811912	-8084.46
971	0.811912	-8080.86
972	0.811912	-8082.29
973	0.811912	-8086.59
974	0.811912	-8084.32
975	0.811912	-8084.45
976	0.811912	-8087.04
977	0.811912	-8089.01
978	0.811912	-8089.94
979	0.811912	-8088.46
980	0.811912	-8090.08
981	0.811912	-8089.93
982	0.811912	-8085.6
983	0.811912	-8087.6
984	0.811912	-8089.75
985	0.811912	-8095.28
986	0.811912	-8089.82
987	0.811912	-8087.35
988	0.811912	-8090.77
989	0.811912	-8095.39
990	0.811912	-8091.62
991	0.811912	-8085.91
992	0.811912	-8087
993	0.811912	-8089
994	0.811912	-8085.22
995	0.811912	-8086.47
996	0.811912	-8081.71
997	0.811912	-8088.79
998	0.811912	-8084.39
999	0.811912	-8089.98
1000	0.811912	-8085.36
251	0.729136	-8087.97
252	0.729136	-8086.2
253	0.729136	-8080.1
254	0.729136	-8086.73
255	0.729136	-8086.11
256	0.729136	-8097.26
257	0.729136	-8091.49
258	0.729136	-8088.11
259	0.729136	-8087.18
260	0.729136	-8087.03
261	0.729136	-8083.16
262	0.729136	-8084.92
263	0.729136	-8085.46
264	0.729136	-8091.12
265	0.729136	-8094.74
266	0.729136	-8085.93
267	0.729136	-8081.09
268	0.729136	-8083.65
269	0.729136	-8089.35
270	0.729136	-8088.58
271	0.729136	-8083.78
272	0.729136	-8089.32
273	0.729136	-8077.82
274	0.729136	-8078.63
275	0.729136	-8089.06
276	0.729136	-8087.68
277	0.729136	-8090.07
278	0.729136	-8094.52
279	0.729136	-8102.7
280	0.729136	-8103.98
281	0.729136	-8100.44
282	0.729136	-8106.08
283	0.729136	-8098.19
284	0.729136	-8099.77
285	0.729136	-8096.49
286	0.729136	-8094.08
287	0.729136	-8098.8
288	0.729136	-8095.71
289	0.729136	-8093.44
290	0.729136	-8102.52
291	0.729136	-8094.18
292	0.729136	-8092.12
293	0.729136	-8089.7
294	0.729136	-8089.27
295	0.729136	-8090.7
296	0.729136	-8089.09
297	0.729136	-8090.58
298	0.729136	-8088.58
299	0.729136	-8091.21
300	0.729136	-8095.91
301	0.729136	-8079.53
302	0.729136	-8084.51
303	0.729136	-8086.62
304	0.729136	-8084.58
305	0.729136	-8086.82
306	0.729136	-8083.8
307	0.729136	-8080.67
308	0.729136	-8082.23
309	0.729136	-8085.46
310	0.729136	-8086.93
311	0.729136	-8088.37
312	0.729136	-8086.93
313	0.729136	-8093.54
314	0.729136	-8092.79
315	0.729136	-8091.06
316	0.729136	-8091.28
317	0.729136	-8085.57
318	0.729136	-8087.58
319	0.729136	-8093.83
320	0.729136	-8090.79
321	0.729136	-8088.95
322	0.729136	-8093.72
323	0.729136	-8090.57
324	0.729136	-8094.21
325	0.729136	-8094.31
326	0.729136	-8092.18
327	0.729136	-8092.85
328	0.729136	-8093.9
329	0.729136	-8097.92
330	0.729136	-8086.54
331	0.729136	-8088.34
332	0.729136	-8083.84
333	0.729136	-8091.32
334	0.729136	-8090.25
335	0.729136	-8089.25
336	0.729136	-8084.66
337	0.729136	-8089.51
338	0.729136	-8090.35
339	0.729136	-8090.7
340	0.729136	-8084.57
341	0.729136	-8092.18
342	0.729136	-8089.46
343	0.729136	-8088.4
344	0.729136	-8092.5
345	0.729136	-8088.43
346	0.729136	-8085.71
347	0.729136	-8085.52
348	0.729136	-8090.07
349	0.729136	-8088.75
350	0.729136	-8093.72
351	0.729136	-8094.49
352	0.729136	-8088.81
353	0.729136	-8088.77
354	0.729136	-8088.32
355	0.729136	-8095.85
356	0.729136	-8093.22
357	0.729136	-8091.15
358	0.729136	-8088.11
359	0.729136	-8088.82
360	0.729136	-8093.41
361	0.729136	-8093.74
362	0.729136	-8096.45
363	0.729136	-8094.32
364	0.729136	-8088.54
365	0.729136	-8084.79
366	0.729136	-8093.13
367	0.729136	-8082.06
368	0.729136	-8083.79
369	0.729136	-8088.86
370	0.729136	-8089.15
371	0.729136	-8087.45
372	0.729136	-8096.36
373	0.729136	-8103.75
374	0.729136	-8098.47
375	0.729136	-8088.86
376	0.729136	-8092.6
377	0.729136	-8093.49
378	0.729136	-8083.9
379	0.729136	-8080.47
380	0.729136	-8084.73
381	0.729136	-8085.75
382	0.729136	-8083.81
383	0.729136	-8088
384	0.729136	-8081.83
385	0.729136	-8082.04
386	0.729136	-8082.15
387	0.729136	-8096.12
388	0.729136	-8099.43
389	0.729136	-8090.18
390	0.729136	-8097.11
391	0.729136	-8094.12
392	0.729136	-8094
393	0.729136	-8102.83
394	0.729136	-8087.74
395	0.729136	-8086.33
396	0.729136	-8091.66
397	0.729136	-8095.31
398	0.729136	-8092.57
399	0.729136	-8094.3
400	0.729136	-8094
401	0.729136	-8096.68
402	0.729136	-8088.86
403	0.729136	-8084.54
404	0.729136	-8086.27
405	0.729136	-8080.1
406	0.729136	-8081.9
407	0.729136	-8080.98
408	0.729136	-8089.57
409	0.729136	-8086.29
410	0.729136	-8083.2
411	0.729136	-8084.71
412	0.729136	-8079.84
413	0.729136	-8086.36
414	0.729136	-8088.06
415	0.729136	-8082.75
416	0.729136	-8088.24
417	0.729136	-8087.1
418	0.729136	-8087.36
419	0.729136	-8090.9
420	0.729136	-8086.02
421	0.729136	-8095.78
422	0.729136	-8093.85
423	0.729136	-8090.46
424	0.729136	-8085.49
425	0.729136	-8081.88
426	0.729136	-8083.97
427	0.729136	-8084.31
428	0.729136	-8095.2
429	0.729136	-8094
430	0.729136	-8091.7
431	0.729136	-8088.73
432	0.729136	-8090.37
433	0.729136	-8088.77
434	0.729136	-8079.05
435	0.729136	-8079.55
436	0.729136	-8077.4
437	0.729136	-8076.25
438	0.729136	-8078.4
439	0.729136	-8083.61
440	0.729136	-8078.28
441	0.729136	-8078.25
442	0.729136	-8078.94
443	0.729136	-8080.18
444	0.729136	-8081.51
445	0.729136	-8085.45
446	0.729136	-8088.14
447	0.729136	-8084.78
448	0.729136	-8089.27
449	0.729136	-8086.23
450	0.729136	-8093.9
451	0.729136	-8087.36
452	0.729136	-8082.45
453	0.729136	-8082.71
454	0.729136	-8085.48
455	0.729136	-8083.49
456	0.729136	-8083.82
457	0.729136	-8084.34
458	0.729136	-8087.74
459	0.729136	-8083.73
460	0.729136	-8091.29
461	0.729136	-8093.44
462	0.729136	-8092.56
463	0.729136	-8090.78
464	0.729136	-8091.82
465	0.729136	-8089.99
466	0.729136	-8089.34
467	0.729136	-8079.77
468	0.729136	-8076.63
469	0.729136	-8078.38
470	0.729136	-8085.83
471	0.729136	-8083.81
472	0.729136	-8085.22
473	0.729136	-8087.46
474	0.729136	-8093.79
475	0.729136	-8086.53
476	0.729136	-8086.95
477	0.729136	-8088.61
478	0.729136	-8092.7
479	0.729136	-8099.56
480	0.729136	-8092.42
481	0.729136	-8093.28
482	0.729136	-8094.56
483	0.729136	-8086.09
484	0.729136	-8093.6
485	0.729136	-8097.77
486	0.729136	-8097.54
487	0.729136	-8106.08
488	0.729136	-8093.01
489	0.729136	-8099.56
490	0.729136	-8098.77
491	0.729136	-8098.43
492	0.729136	-8099.63
493	0.729136	-8087.22
494	0.729136	-8087.68
495	0.729136	-8087.49
496	0.729136	-8084.63
497	0.729136	-8090.58
498	0.729136	-8088.43
499	0.729136	-8089.77
500	0.729136	-8088.06
501	0.729136	-8081.27
502	0.729136	-8081.38
503	0.729136	-8097.94
504	0.729136	-8101.2
505	0.729136	-8097.51
506	0.729136	-8097.4
507	0.729136	-8093.42
508	0.729136	-8095
509	0.729136	-8087.18
510	0.729136	-8090.06
511	0.729136	-8082.33
512	0.729136	-8087.85
513	0.729136	-8084.27
514	0.729136	-8085.45
515	0.729136	-8089.07
516	0.729136	-8085.16
517	0.729136	-8087.08
518	0.729136	-8093.3
519	0.729136	-8091.68
520	0.729136	-8091.62
521	0.729136	-8088.08
522	0.729136	-8083.44
523	0.729136	-8083.91
524	0.729136	-8082.98
525	0.729136	-8084.46
526	0.729136	-8087.51
527	0.729136	-8081.64
528	0.729136	-8085.63
529	0.729136	-8087.21
530	0.729136	-8089.19
531	0.729136	-8091.23
532	0.729136	-8094.23
533	0.729136	-8088.58
534	0.729136	-8088
535	0.729136	-8087.28
536	0.729136	-8089.97
537	0.729136	-8085.87
538	0.729136	-8086.38
539	0.729136	-8090.55
540	0.729136	-8086.51
541	0.729136	-8082.99
542	0.729136	-8086.69
543	0.729136	-8085.29
544	0.729136	-8089.32
545	0.729136	-8090
546	0.729136	-8086.91
547	0.729136	-8094.05
548	0.729136	-8089.32
549	0.729136	-8095.17
550	0.729136	-8096.53
551	0.729136	-8099.94
552	0.729136	-8095.43
553	0.729136	-8088.47
554	0.729136	-8092.44
555	0.729136	-8089.55
556	0.729136	-8086.17
557	0.729136	-8089.23
558	0.729136	-8093.15
559	0.729136	-8091.79
560	0.729136	-8095.9
561	0.729136	-8096.42
562	0.729136	-8096.1
563	0.729136	-8099.98
564	0.729136	-8097.43
565	0.729136	-8097.96
566	0.729136	-8101.48
567	0.729136	-8097.45
568	0.729136	-8097.03
569	0.729136	-8095.82
570	0.729136	-8093.59
571	0.729136	-8089.31
572	0.729136	-8094.23
573	0.729136	-8090.67
574	0.729136	-8091.79
575	0.729136	-8090.59
576	0.729136	-8092.54
577	0.729136	-8082.59
578	0.729136	-8080.39
579	0.729136	-8086.03
580	0.729136	-8090.66
581	0.729136	-8100.7
582	0.729136	-8090.1
583	0.729136	-8092.12
584	0.729136	-8093.78
585	0.729136	-8103.78
586	0.729136	-8096.01
587	0.729136	-8089.22
588	0.729136	-8088.95
589	0.729136	-8081.5
590	0.729136	-8080.26
591	0.729136	-8083.56
592	0.729136	-8084.82
593	0.729136	-8086.08
594	0.729136	-8088.84
595	0.729136	-8088.54
596	0.729136	-8090.37
597	0.729136	-8090.99
598	0.729136	-8088.44
599	0.729136	-8087.67
600	0.729136	-8086.27
601	0.729136	-8085.16
602	0.729136	-8094.4
603	0.729136	-8088.95
604	0.729136	-8095.53
605	0.729136	-8085.18
606	0.729136	-8083.63
607	0.729136	-8081.75
608	0.729136	-8079.37
609	0.729136	-8081.43
610	0.729136	-8082.76
611	0.729136	-8080.41
612	0.729136	-8082.59
613	0.729136	-8085.71
614	0.729136	-8093.29
615	0.729136	-8091.53
616	0.729136	-8086.61
617	0.729136	-8086.9
618	0.729136	-8084.38
619	0.729136	-8084.11
620	0.729136	-8081.55
621	0.729136	-8086.2
622	0.729136	-8088.19
623	0.729136	-8087.61
624	0.729136	-8086.9
625	0.729136	-8085.55
626	0.729136	-8088.72
627	0.729136	-8082.56
628	0.729136	-8087.06
629	0.729136	-8088.54
630	0.729136	-8104.94
631	0.729136	-8094.08
632	0.729136	-8092.57
633	0.729136	-8092.82
634	0.729136	-8092.39
635	0.729136	-8093.77
636	0.729136	-8088.58
637	0.729136	-8088.28
638	0.729136	-8081.57
639	0.729136	-8088.19
640	0.729136	-8091.53
641	0.729136	-8090.66
642	0.729136	-8085.14
643	0.729136	-8085.51
644	0.729136	-8082.42
645	0.729136	-8081.94
646	0.729136	-8083.65
647	0.729136	-8078.95
648	0.729136	-8075.68
649	0.729136	-8080.62
650	0.729136	-8082.61
651	0.729136	-8083.35
652	0.729136	-8087.16
653	0.729136	-8088.94
654	0.729136	-8102.04
655	0.729136	-8101.24
656	0.729136	-8101.9
657	0.729136	-8102.86
658	0.729136	-8092.06
659	0.729136	-8091.11
660	0.729136	-8091.42
661	0.729136	-8088.29
662	0.729136	-8096.91
663	0.729136	-8095.62
664	0.729136	-8085.9
665	0.729136	-8083.08
666	0.729136	-8083.42
667	0.729136	-8089.38
668	0.729136	-8092.03
669	0.729136	-8088.97
670	0.729136	-8089.01
671	0.729136	-8093
672	0.729136	-8084.85
673	0.729136	-8092.9
674	0.729136	-8094.39
675	0.729136	-8093.61
676	0.729136	-8089.28
677	0.729136	-8090.26
678	0.729136	-8095.37
679	0.729136	-8092.85
680	0.729136	-8102.05
681	0.729136	-8089.03
682	0.729136	-8087.4
683	0.729136	-8087.36
684	0.729136	-8095.59
685	0.729136	-8095.07
686	0.729136	-8094.24
687	0.729136	-8085.18
688	0.729136	-8086.05
689	0.729136	-8088.08
690	0.729136	-8089.59
691	0.729136	-8087.87
692	0.729136	-8086.67
693	0.729136	-8082.84
694	0.729136	-8085.32
695	0.729136	-8085.39
696	0.729136	-8091.11
697	0.729136	-8085.76
698	0.729136	-8087.25
699	0.729136	-8082.58
700	0.729136	-8084.53
701	0.729136	-8088.29
702	0.729136	-8085.23
703	0.729136	-8085.97
704	0.729136	-8083.94
705	0.729136	-8083.87
706	0.729136	-8087.48
707	0.729136	-8084.63
708	0.729136	-8085.86
709	0.729136	-8084.91
710	0.729136	-8090.17
711	0.729136	-8087.46
712	0.729136	-8088.06
713	0.729136	-8087.23
714	0.729136	-8088.63
715	0.729136	-8085.55
716	0.729136	-8096.78
717	0.729136	-8086.06
718	0.729136	-8084.68
719	0.729136	-8096.14
720	0.729136	-8088.19
721	0.729136	-8091.94
722	0.729136	-8092.54
723	0.729136	-8095.82
724	0.729136	-8091.67
725	0.729136	-8099.34
726	0.729136	-8094.29
727	0.729136	-8096.42
728	0.729136	-8084.25
729	0.729136	-8094.84
730	0.729136	-8090.45
731	0.729136	-8089.38
732	0.729136	-8091.3
733	0.729136	-8090.51
734	0.729136	-8094.12
735	0.729136	-8093.5
736	0.729136	-8084.95
737	0.729136	-8081.82
738	0.729136	-8083.46
739	0.729136	-8083.98
740	0.729136	-8088.32
741	0.729136	-8085.55
742	0.729136	-8087.54
743	0.729136	-8090.28
744	0.729136	-8092.61
745	0.729136	-8099.45
746	0.729136	-8101.04
747	0.729136	-8097.4
748	0.729136	-8097.25
749	0.729136	-8083.51
750	0.729136	-8080.67
751	0.729136	-8083.94
752	0.729136	-8083.03
753	0.729136	-8085.84
754	0.729136	-8088.86
755	0.729136	-8088.75
756	0.729136	-8088.85
757	0.729136	-8089.24
758	0.729136	-8092.99
759	0.729136	-8088.79
760	0.729136	-8096.17
761	0.729136	-8095.14
762	0.729136	-8091.95
763	0.729136	-8080.6
764	0.729136	-8081.31
765	0.729136	-8085.36
766	0.729136	-8079.26
767	0.729136	-8082.83
768	0.729136	-8083.4
769	0.729136	-8088.95
770	0.729136	-8091.3
771	0.729136	-8083.05
772	0.729136	-8080.83
773	0.729136	-8080.73
774	0.729136	-8088.03
775	0.729136	-8092.53
776	0.729136	-8081.14
777	0.729136	-8081.09
778	0.729136	-8078.54
779	0.729136	-8084.1
780	0.729136	-8095.77
781	0.729136	-8097.97
782	0.729136	-8089.44
783	0.729136	-8083.66
784	0.729136	-8083.22
785	0.729136	-8090.48
786	0.729136	-8088.69
787	0.729136	-8090.13
788	0.729136	-8089.09
789	0.729136	-8086.06
790	0.729136	-8090.66
791	0.729136	-8084.07
792	0.729136	-8091.14
793	0.729136	-8093.94
794	0.729136	-8093.84
795	0.729136	-8090.66
796	0.729136	-8085.87
797	0.729136	-8085.84
798	0.729136	-8085.18
799	0.729136	-8088.78
800	0.729136	-8091.8
801	0.729136	-8089.87
802	0.729136	-8094.64
803	0.729136	-8107.17
804	0.729136	-8105.44
805	0.729136	-8108.11
806	0.729136	-8105.16
807	0.729136	-8096.9
808	0.729136	-8094.27
809	0.729136	-8090.12
810	0.729136	-8084.48
811	0.729136	-8093.97
812	0.729136	-8092.24
813	0.729136	-8092.53
814	0.729136	-8087.61
815	0.729136	-8088.52
816	0.729136	-8089.36
817	0.729136	-8092.86
818	0.729136	-8093.01
819	0.729136	-8090.44
820	0.729136	-8093.98
821	0.729136	-8085.77
822	0.729136	-8081.54
823	0.729136	-8088.86
824	0.729136	-8082.27
825	0.729136	-8083.38
826	0.729136	-8080.97
827	0.729136	-8086
828	0.729136	-8088.64
829	0.729136	-8085.26
830	0.729136	-8097.5
831	0.729136	-8091.6
832	0.729136	-8091.66
833	0.729136	-8090.28
834	0.729136	-8085.86
835	0.729136	-8085.3
836	0.729136	-8085.28
837	0.729136	-8081.17
838	0.729136	-8082.29
839	0.729136	-8083.48
840	0.729136	-8091.06
841	0.729136	-8087.8
842	0.729136	-8087.23
843	0.729136	-8084.69
844	0.729136	-8087.3
845	0.729136	-8088.63
846	0.729136	-8092.38
847	0.729136	-8096.95
848	0.729136	-8097.48
849	0.729136	-8104.48
850	0.729136	-8099
851	0.729136	-8088.69
852	0.729136	-8095.26
853	0.729136	-8091.99
854	0.729136	-8091.75
855	0.729136	-8090.29
856	0.729136	-8082.72
857	0.729136	-8087.78
858	0.729136	-8093.26
859	0.729136	-8091.83
860	0.729136	-8086.9
861	0.729136	-8085.39
862	0.729136	-8090.18
863	0.729136	-8093.21
864	0.729136	-8091.66
865	0.729136	-8099.35
866	0.729136	-8097.92
867	0.729136	-8102.05
868	0.729136	-8094.75
869	0.729136	-8095.87
870	0.729136	-8092.93
871	0.729136	-8090.16
872	0.729136	-8088.31
873	0.729136	-8086.19
874	0.729136	-8093.99
875	0.729136	-8091.89
876	0.729136	-8089.85
877	0.729136	-8092.16
878	0.729136	-8088.77
879	0.729136	-8087.2
880	0.729136	-8083.93
881	0.729136	-8088.53
882	0.729136	-8087.4
883	0.729136	-8089.56
884	0.729136	-8095.18
885	0.729136	-8089.88
886	0.729136	-8099.45
887	0.729136	-8095.4
888	0.729136	-8098.93
889	0.729136	-8098.48
890	0.729136	-8096.67
891	0.729136	-8093.84
892	0.729136	-8093.1
893	0.729136	-8090.14
894	0.729136	-8088.26
895	0.729136	-8083.45
896	0.729136	-8089.95
897	0.729136	-8094.79
898	0.729136	-8092.79
899	0.729136	-8091.59
900	0.729136	-8102.92
901	0.729136	-8105.31
902	0.729136	-8107.03
903	0.729136	-8099.09
904	0.729136	-8095.89
905	0.729136	-8089.72
906	0.729136	-8095.23
907	0.729136	-8091.73
908	0.729136	-8099.61
909	0.729136	-8085.91
910	0.729136	-8090.11
911	0.729136	-8087.68
912	0.729136	-8083.87
913	0.729136	-8087.48
914	0.729136	-8084.93
915	0.729136	-8090.68
916	0.729136	-8099.89
917	0.729136	-8097.25
918	0.729136	-8096.2
919	0.729136	-8088.75
920	0.729136	-8084.22
921	0.729136	-8081.39
922	0.729136	-8082.28
923	0.729136	-8090.83
924	0.729136	-8092.8
925	0.729136	-8094.55
926	0.729136	-8091.55
927	0.729136	-8094.1
928	0.729136	-8088.31
929	0.729136	-8093.54
930	0.729136	-8092.92
931	0.729136	-8092.38
932	0.729136	-8088.64
933	0.729136	-8088.02
934	0.729136	-8083.78
935	0.729136	-8086.65
936	0.729136	-8089.2
937	0.729136	-8086.01
938	0.729136	-8092.27
939	0.729136	-8090.55
940	0.729136	-8091.82
941	0.729136	-8091.28
942	0.729136	-8091.67
943	0.729136	-8090.44
944	0.729136	-8088.81
945	0.729136	-8090.27
946	0.729136	-8091.14
947	0.729136	-8099.74
948	0.729136	-8094.84
949	0.729136	-8097.87
950	0.729136	-8092.93
951	0.729136	-8096.29
952	0.729136	-8089.67
953	0.729136	-8093.47
954	0.729136	-8083.18
955	0.729136	-8083.06
956	0.729136	-8090.68
957	0.729136	-8085.48
958	0.729136	-8083.84
959	0.729136	-8084.95
960	0.729136	-8085.28
961	0.729136	-8076.8
962	0.729136	-8076.76
963	0.729136	-8080.27
964	0.729136	-8086.02
965	0.729136	-8093.04
966	0.729136	-8097.69
967	0.729136	-8098.71
968	0.729136	-8094.13
969	0.729136	-8100.46
970	0.729136	-8092.66
971	0.729136	-8088.14
972	0.729136	-8086.22
973	0.729136	-8090.38
974	0.729136	-8090.34
975	0.729136	-8088.34
976	0.729136	-8081.78
977	0.729136	-8088.85
978	0.729136	-8083.26
979	0.729136	-8088.7
980	0.729136	-8091.01
981	0.729136	-8096.03
982	0.729136	-8090.15
983	0.729136	-8095.74
984	0.729136	-8086.85
985	0.729136	-8091.4
986	0.729136	-8091.78
987	0.729136	-8082.67
988	0.729136	-8083.56
989	0.729136	-8086.86
990	0.729136	-8084.48
991	0.729136	-8080.46
992	0.729136	-8084.77
993	0.729136	-8085.55
994	0.729136	-8095.12
995	0.729136	-8092.75
996	0.729136	-8098.35
997	0.729136	-8096.21
998	0.729136	-8102.86
999	0.729136	-8097.67
1000	0.729136	-8091.22
251	0.653254	-8091.8
252	0.653254	-8091.24
253	0.653254	-8092.25
254	0.653254	-8088.6
255	0.653254	-8090.82
256	0.653254	-8084.5
257	0.653254	-8089.97
258	0.653254	-8086.89
259	0.653254	-8084.13
260	0.653254	-8101.53
261	0.653254	-8088.52
262	0.653254	-8082.39
263	0.653254	-8085.27
264	0.653254	-8085.35
265	0.653254	-8089.7
266	0.653254	-8102.12
267	0.653254	-8101.9
268	0.653254	-8101.08
269	0.653254	-8093.53
270	0.653254	-8082.15
271	0.653254	-8083.08
272	0.653254	-8092.08
273	0.653254	-8093.33
274	0.653254	-8089.56
275	0.653254	-8094.82
276	0.653254	-8103.94
277	0.653254	-8095.59
278	0.653254	-8089.78
279	0.653254	-8093.84
280	0.653254	-8093.52
281	0.653254	-8089.6
282	0.653254	-8087.38
283	0.653254	-8084.52
284	0.653254	-8096.78
285	0.653254	-8095.62
286	0.653254	-8098.33
287	0.653254	-8095.13
288	0.653254	-8087.12
289	0.653254	-8093.5
290	0.653254	-8089.26
291	0.653254	-8088
292	0.653254	-8080.15
293	0.653254	-8086.08
294	0.653254	-8081.5
295	0.653254	-8094.48
296	0.653254	-8102.54
297	0.653254	-8099.65
298	0.653254	-8087.45
299	0.653254	-8091.68
300	0.653254	-8089.91
301	0.653254	-8090.01
302	0.653254	-8093.4
303	0.653254	-8096.38
304	0.653254	-8098.61
305	0.653254	-8098.83
306	0.653254	-8103.67
307	0.653254	-8096.14
308	0.653254	-8099.08
309	0.653254	-8102.71
310	0.653254	-8103.67
311	0.653254	-8108.04
312	0.653254	-8107.04
313	0.653254	-8106.09
314	0.653254	-8101.15
315	0.653254	-8094.05
316	0.653254	-8088.5
317	0.653254	-8098.06
318	0.653254	-8090.62
319	0.653254	-8086.51
320	0.653254	-8096.27
321	0.653254	-8092.18
322	0.653254	-8087.43
323	0.653254	-8086.12
324	0.653254	-8097.05
325	0.653254	-8090.51
326	0.653254	-8097.79
327	0.653254	-8098.27
328	0.653254	-8091.43
329	0.653254	-8090.01
330	0.653254	-8084.55
331	0.653254	-8094.25
332	0.653254	-8089.24
333	0.653254	-8095.03
334	0.653254	-8094.19
335	0.653254	-8090.64
336	0.653254	-8090.79
337	0.653254	-8088.95
338	0.653254	-8086.59
339	0.653254	-8086.82
340	0.653254	-8097.92
341	0.653254	-8098.61
342	0.653254	-8096.19
343	0.653254	-8096.21
344	0.653254	-8087.38
345	0.653254	-8091
346	0.653254	-8093.51
347	0.653254	-8090.03
348	0.653254	-8099.71
349	0.653254	-8097.35
350	0.653254	-8100.86
351	0.653254	-8107.44
352	0.653254	-8097.85
353	0.653254	-8092.42
354	0.653254	-8091.9
355	0.653254	-8092.48
356	0.653254	-8095.94
357	0.653254	-8098.2
358	0.653254	-8092.86
359	0.653254	-8095.51
360	0.653254	-8092.5
361	0.653254	-8087.1
362	0.653254	-8086.37
363	0.653254	-8090.29
364	0.653254	-8088.37
365	0.653254	-8091.32
366	0.653254	-8087.9
367	0.653254	-8087.75
368	0.653254	-8081.38
369	0.653254	-8080.4
370	0.653254	-8079.54
371	0.653254	-8089.75
372	0.653254	-8087.56
373	0.653254	-8087.43
374	0.653254	-8088.27
375	0.653254	-8083.92
376	0.653254	-8083.1
377	0.653254	-8088.22
378	0.653254	-8084.4
379	0.653254	-8086.27
380	0.653254	-8089.27
381	0.653254	-8086.29
382	0.653254	-8086.46
383	0.653254	-8088.48
384	0.653254	-8088.82
385	0.653254	-8092.13
386	0.653254	-8090.27
387	0.653254	-8090.24
388	0.653254	-8095.29
389	0.653254	-8095.87
390	0.653254	-8103.3
391	0.653254	-8097.62
392	0.653254	-8095.02
393	0.653254	-8089.6
394	0.653254	-8094.97
395	0.653254	-8097.26
396	0.653254	-8090.29
397	0.653254	-8113.37
398	0.653254	-8099.37
399	0.653254	-8093.09
400	0.653254	-8092.04
401	0.653254	-8095.55
402	0.653254	-8097.25
403	0.653254	-8094.17
404	0.653254	-8081.34
405	0.653254	-8085.59
406	0.653254	-8087.97
407	0.653254	-8093.37
408	0.653254	-8096.09
409	0.653254	-8100.07
410	0.653254	-8084.36
411	0.653254	-8090.75
412	0.653254	-8087.94
413	0.653254	-8083.73
414	0.653254	-8087.94
415	0.653254	-8092.82
416	0.653254	-8096.74
417	0.653254	-8100.24
418	0.653254	-8094.26
419	0.653254	-8101.12
420	0.653254	-8097.78
421	0.653254	-8099.39
422	0.653254	-8089.86
423	0.653254	-8087.93
424	0.653254	-8082.48
425	0.653254	-8086.71
426	0.653254	-8080.93
427	0.653254	-8085.53
428	0.653254	-8088.56
429	0.653254	-8090.8
430	0.653254	-8090.39
431	0.653254	-8100.59
432	0.653254	-8092.69
433	0.653254	-8091.32
434	0.653254	-8093.57
435	0.653254	-8091.97
436	0.653254	-8092.05
437	0.653254	-8088.57
438	0.653254	-8088.74
439	0.653254	-8090.27
440	0.653254	-8100.31
441	0.653254	-8093.47
442	0.653254	-8097.56
443	0.653254	-8086.67
444	0.653254	-8088.53
445	0.653254	-8093.17
446	0.653254	-8094.72
447	0.653254	-8087.17
448	0.653254	-8096.1
449	0.653254	-8087.31
450	0.653254	-8088.88
451	0.653254	-8087.03
452	0.653254	-8082.28
453	0.653254	-8085.73
454	0.653254	-8084.42
455	0.653254	-8088.24
456	0.653254	-8086.95
457	0.653254	-8088.72
458	0.653254	-8103.68
459	0.653254	-8100.83
460	0.653254	-8099.49
461	0.653254	-8087.9
462	0.653254	-8087.23
463	0.653254	-8082.09
464	0.653254	-8082.06
465	0.653254	-8085.06
466	0.653254	-8086.87
467	0.653254	-8087.79
468	0.653254	-8092.74
469	0.653254	-8092.83
470	0.653254	-8091.45
471	0.653254	-8082.53
472	0.653254	-8089.49
473	0.653254	-8089.46
474	0.653254	-8087.55
475	0.653254	-8084.72
476	0.653254	-8088.75
477	0.653254	-8095.08
478	0.653254	-8093.82
479	0.653254	-8093.5
480	0.653254	-8089.97
481	0.653254	-8087.21
482	0.653254	-8092.98
483	0.653254	-8096.37
484	0.653254	-8089.09
485	0.653254	-8086.64
486	0.653254	-8096.8
487	0.653254	-8093.1
488	0.653254	-8089.03
489	0.653254	-8085.95
490	0.653254	-8082.85
491	0.653254	-8086.31
492	0.653254	-8094.09
493	0.653254	-8092.22
494	0.653254	-8089.69
495	0.653254	-8089.37
496	0.653254	-8087.6
497	0.653254	-8084.93
498	0.653254	-8084.12
499	0.653254	-8081.32
500	0.653254	-8078.89
501	0.653254	-8086.19
502	0.653254	-8097.16
503	0.653254	-8098.65
504	0.653254	-8093.25
505	0.653254	-8089.7
506	0.653254	-8094.47
507	0.653254	-8093.91
508	0.653254	-8089.14
509	0.653254	-8083.15
510	0.653254	-8084.25
511	0.653254	-8082.48
512	0.653254	-8087.69
513	0.653254	-8085.79
514	0.653254	-8085.06
515	0.653254	-8083.25
516	0.653254	-8082.95
517	0.653254	-8084.87
518	0.653254	-8088.03
519	0.653254	-8086.33
520	0.653254	-8094.43
521	0.653254	-8091.88
522	0.653254	-8086.7
523	0.653254	-8084.68
524	0.653254	-8080.81
525	0.653254	-8082.25
526	0.653254	-8081.07
527	0.653254	-8085.7
528	0.653254	-8094.1
529	0.653254	-8101.27
530	0.653254	-8096.6
531	0.653254	-8092.89
532	0.653254	-8095.45
533	0.653254	-8095.67
534	0.653254	-8090.35
535	0.653254	-8088.88
536	0.653254	-8096.38
537	0.653254	-8105.18
538	0.653254	-8106.8
539	0.653254	-8094.21
540	0.653254	-8095.82
541	0.653254	-8091.7
542	0.653254	-8096.69
543	0.653254	-8089.07
544	0.653254	-8086.76
545	0.653254	-8101.25
546	0.653254	-8094.95
547	0.653254	-8096.45
548	0.653254	-8099.75
549	0.653254	-8098.09
550	0.653254	-8102.9
551	0.653254	-8095.06
552	0.653254	-8098.54
553	0.653254	-8093.88
554	0.653254	-8099.85
555	0.653254	-8105.12
556	0.653254	-8093.81
557	0.653254	-8085.55
558	0.653254	-8094.93
559	0.653254	-8103.78
560	0.653254	-8098.1
561	0.653254	-8092.64
562	0.653254	-8088.12
563	0.653254	-8094.97
564	0.653254	-8100.37
565	0.653254	-8089.19
566	0.653254	-8085.22
567	0.653254	-8090.02
568	0.653254	-8086.66
569	0.653254	-8090
570	0.653254	-8096.66
571	0.653254	-8094.51
572	0.653254	-8092.34
573	0.653254	-8086.22
574	0.653254	-8081.79
575	0.653254	-8081.16
576	0.653254	-8089.63
577	0.653254	-8090.24
578	0.653254	-8094.1
579	0.653254	-8092.64
580	0.653254	-8090.97
581	0.653254	-8091.26
582	0.653254	-8087.89
583	0.653254	-8090.17
584	0.653254	-8089.24
585	0.653254	-8096.37
586	0.653254	-8090.1
587	0.653254	-8095.68
588	0.653254	-8103
589	0.653254	-8098.11
590	0.653254	-8090.03
591	0.653254	-8093.49
592	0.653254	-8092.32
593	0.653254	-8089.44
594	0.653254	-8086.58
595	0.653254	-8085.17
596	0.653254	-8089.28
597	0.653254	-8087.58
598	0.653254	-8089.47
599	0.653254	-8091.47
600	0.653254	-8089.45
601	0.653254	-8083.66
602	0.653254	-8080.68
603	0.653254	-8090.72
604	0.653254	-8095.92
605	0.653254	-8090.74
606	0.653254	-8093.02
607	0.653254	-8087.68
608	0.653254	-8093.37
609	0.653254	-8086.15
610	0.653254	-8094.89
611	0.653254	-8097.71
612	0.653254	-8098
613	0.653254	-8091.85
614	0.653254	-8095.89
615	0.653254	-8094.12
616	0.653254	-8089.76
617	0.653254	-8091.47
618	0.653254	-8092.38
619	0.653254	-8094.45
620	0.653254	-8092.14
621	0.653254	-8100.91
622	0.653254	-8098.61
623	0.653254	-8089.52
624	0.653254	-8089.31
625	0.653254	-8085.75
626	0.653254	-8085.8
627	0.653254	-8083.09
628	0.653254	-8088.19
629	0.653254	-8086.6
630	0.653254	-8090.67
631	0.653254	-8095.66
632	0.653254	-8103.78
633	0.653254	-8107.15
634	0.653254	-8102.58
635	0.653254	-8104.35
636	0.653254	-8089.84
637	0.653254	-8100.99
638	0.653254	-8081.43
639	0.653254	-8084.21
640	0.653254	-8080.46
641	0.653254	-8077.84
642	0.653254	-8082.98
643	0.653254	-8087.25
644	0.653254	-8087.12
645	0.653254	-8086.45
646	0.653254	-8083.8
647	0.653254	-8085.45
648	0.653254	-8089.89
649	0.653254	-8089.09
650	0.653254	-8088.39
651	0.653254	-8086.84
652	0.653254	-8090.13
653	0.653254	-8079.94
654	0.653254	-8082.01
655	0.653254	-8086.03
656	0.653254	-8088.31
657	0.653254	-8089
658	0.653254	-8096.37
659	0.653254	-8084.54
660	0.653254	-8080.75
661	0.653254	-8096.92
662	0.653254	-8097
663	0.653254	-8093.19
664	0.653254	-8101.49
665	0.653254	-8099.25
666	0.653254	-8098.69
667	0.653254	-8092.51
668	0.653254	-8101.46
669	0.653254	-8091.07
670	0.653254	-8093.63
671	0.653254	-8087.85
672	0.653254	-8092.97
673	0.653254	-8093.82
674	0.653254	-8094.07
675	0.653254	-8097.43
676	0.653254	-8096.93
677	0.653254	-8095.38
678	0.653254	-8094.17
679	0.653254	-8090.86
680	0.653254	-8092.75
681	0.653254	-8089.82
682	0.653254	-8097.17
683	0.653254	-8084.88
684	0.653254	-8082.58
685	0.653254	-8086.84
686	0.653254	-8091.2
687	0.653254	-8090.44
688	0.653254	-8096.21
689	0.653254	-8075.21
690	0.653254	-8089.37
691	0.653254	-8080.39
692	0.653254	-8085.42
693	0.653254	-8089.38
694	0.653254	-8089.47
695	0.653254	-8088.42
696	0.653254	-8091.14
697	0.653254	-8090.04
698	0.653254	-8093.01
699	0.653254	-8090.05
700	0.653254	-8092.79
701	0.653254	-8091.32
702	0.653254	-8085.08
703	0.653254	-8090.42
704	0.653254	-8090.56
705	0.653254	-8088.71
706	0.653254	-8090.34
707	0.653254	-8090.09
708	0.653254	-8087.07
709	0.653254	-8089.79
710	0.653254	-8089.71
711	0.653254	-8088.17
712	0.653254	-8092.89
713	0.653254	-8093.51
714	0.653254	-8091.79
715	0.653254	-8091.31
716	0.653254	-8092.24
717	0.653254	-8094.24
718	0.653254	-8102.27
719	0.653254	-8105.9
720	0.653254	-8104.6
721	0.653254	-8103.53
722	0.653254	-8095.14
723	0.653254	-8085.86
724	0.653254	-8081.64
725	0.653254	-8086.46
726	0.653254	-8092.05
727	0.653254	-8091.93
728	0.653254	-8099.95
729	0.653254	-8091.82
730	0.653254	-8096.64
731	0.653254	-8106.71
732	0.653254	-8096.4
733	0.653254	-8094.38
734	0.653254	-8086.52
735	0.653254	-8092.14
736	0.653254	-8090.47
737	0.653254	-8085.13
738	0.653254	-8087.16
739	0.653254	-8090.03
740	0.653254	-8086.82
741	0.653254	-8089.59
742	0.653254	-8089.01
743	0.653254	-8088.03
744	0.653254	-8088.04
745	0.653254	-8087.63
746	0.653254	-8085.24
747	0.653254	-8094.66
748	0.653254	-8097.33
749	0.653254	-8092.22
750	0.653254	-8096.67
751	0.653254	-8088.56
752	0.653254	-8085.45
753	0.653254	-8082.87
754	0.653254	-8097.71
755	0.653254	-8097.35
756	0.653254	-8090.11
757	0.653254	-8097.73
758	0.653254	-8088.52
759	0.653254	-8088.59
760	0.653254	-8083.62
761	0.653254	-8090.64
762	0.653254	-8086.83
763	0.653254	-8091.04
764	0.653254	-8083.85
765	0.653254	-8083.12
766	0.653254	-8090.06
767	0.653254	-8087.74
768	0.653254	-8093.11
769	0.653254	-8087.98
770	0.653254	-8087.11
771	0.653254	-8082.94
772	0.653254	-8089.15
773	0.653254	-8087.19
774	0.653254	-8083.19
775	0.653254	-8086.15
776	0.653254	-8087.2
777	0.653254	-8088.91
778	0.653254	-8084.04
779	0.653254	-8086.97
780	0.653254	-8081.23
781	0.653254	-8085.04
782	0.653254	-8086.03
783	0.653254	-8087.44
784	0.653254	-8091.48
785	0.653254	-8090.42
786	0.653254	-8091.05
787	0.653254	-8093.48
788	0.653254	-8087.11
789	0.653254	-8090.15
790	0.653254	-8098.64
791	0.653254	-8091.74
792	0.653254	-8088.66
793	0.653254	-8096.09
794	0.653254	-8091.11
795	0.653254	-8091.53
796	0.653254	-8092.13
797	0.653254	-8090.43
798	0.653254	-8091.39
799	0.653254	-8089.22
800	0.653254	-8093.75
801	0.653254	-8090.39
802	0.653254	-8087.9
803	0.653254	-8090.1
804	0.653254	-8089.88
805	0.653254	-8097.49
806	0.653254	-8098.91
807	0.653254	-8100.65
808	0.653254	-8100.22
809	0.653254	-8097.31
810	0.653254	-8104.93
811	0.653254	-8117.33
812	0.653254	-8111.01
813	0.653254	-8115.14
814	0.653254	-8116.89
815	0.653254	-8095.62
816	0.653254	-8095.4
817	0.653254	-8105.29
818	0.653254	-8106.1
819	0.653254	-8102.03
820	0.653254	-8097.33
821	0.653254	-8101.92
822	0.653254	-8096.69
823	0.653254	-8095.66
824	0.653254	-8097.95
825	0.653254	-8093.69
826	0.653254	-8088.58
827	0.653254	-8102.61
828	0.653254	-8097.51
829	0.653254	-8098.21
830	0.653254	-8098.13
831	0.653254	-8101.05
832	0.653254	-8091
833	0.653254	-8094.54
834	0.653254	-8106.29
835	0.653254	-8102.78
836	0.653254	-8102.82
837	0.653254	-8097.67
838	0.653254	-8091.65
839	0.653254	-8095.98
840	0.653254	-8100.06
841	0.653254	-8095.67
842	0.653254	-8102.18
843	0.653254	-8108.6
844	0.653254	-8101.71
845	0.653254	-8092.44
846	0.653254	-8092.51
847	0.653254	-8097.45
848	0.653254	-8104.76
849	0.653254	-8098.61
850	0.653254	-8100.85
851	0.653254	-8107.85
852	0.653254	-8103.13
853	0.653254	-8099.15
854	0.653254	-8112.08
855	0.653254	-8100.41
856	0.653254	-8093.35
857	0.653254	-8091.49
858	0.653254	-8094.41
859	0.653254	-8085.72
860	0.653254	-8093.94
861	0.653254	-8096.23
862	0.653254	-8102.23
863	0.653254	-8100.8
864	0.653254	-8102.98
865	0.653254	-8107.73
866	0.653254	-8106.89
867	0.653254	-8096.48
868	0.653254	-8093.02
869	0.653254	-8090.79
870	0.653254	-8093.32
871	0.653254	-8089.1
872	0.653254	-8092.82
873	0.653254	-8088.81
874	0.653254	-8090.62
875	0.653254	-8092.08
876	0.653254	-8091.77
877	0.653254	-8089.93
878	0.653254	-8094.71
879	0.653254	-8087.26
880	0.653254	-8091.03
881	0.653254	-8097.61
882	0.653254	-8095.78
883	0.653254	-8093.08
884	0.653254	-8096.56
885	0.653254	-8093.39
886	0.653254	-8097.52
887	0.653254	-8091.15
888	0.653254	-8086.2
889	0.653254	-8089.51
890	0.653254	-8087.22
891	0.653254	-8090.25
892	0.653254	-8087.22
893	0.653254	-8085.25
894	0.653254	-8093.06
895	0.653254	-8090.16
896	0.653254	-8081.94
897	0.653254	-8084.94
898	0.653254	-8086.86
899	0.653254	-8091.74
900	0.653254	-8089.82
901	0.653254	-8088.09
902	0.653254	-8085.56
903	0.653254	-8081.93
904	0.653254	-8083.39
905	0.653254	-8094.45
906	0.653254	-8083.41
907	0.653254	-8086.79
908	0.653254	-8084.12
909	0.653254	-8084.52
910	0.653254	-8081.7
911	0.653254	-8079.59
912	0.653254	-8084.84
913	0.653254	-8090.14
914	0.653254	-8084.03
915	0.653254	-8082.06
916	0.653254	-8084.73
917	0.653254	-8091.72
918	0.653254	-8105.02
919	0.653254	-8101.69
920	0.653254	-8093.58
921	0.653254	-8101.02
922	0.653254	-8097.41
923	0.653254	-8101.67
924	0.653254	-8101.38
925	0.653254	-8087.83
926	0.653254	-8088.51
927	0.653254	-8088.24
928	0.653254	-8087.29
929	0.653254	-8095.19
930	0.653254	-8099.52
931	0.653254	-8107.85
932	0.653254	-8099.9
933	0.653254	-8095.98
934	0.653254	-8085.72
935	0.653254	-8081.47
936	0.653254	-8080.32
937	0.653254	-8080.38
938	0.653254	-8079.71
939	0.653254	-8081.86
940	0.653254	-8082.41
941	0.653254	-8084.45
942	0.653254	-8086.28
943	0.653254	-8088.82
944	0.653254	-8092.04
945	0.653254	-8091.37
946	0.653254	-8084.32
947	0.653254	-8098.74
948	0.653254	-8101.45
949	0.653254	-8099.28
950	0.653254	-8096.83
951	0.653254	-8096.01
952	0.653254	-8087.92
953	0.653254	-8089.07
954	0.653254	-8090.26
955	0.653254	-8092.75
956	0.653254	-8091.95
957	0.653254	-8092.33
958	0.653254	-8095.6
959	0.653254	-8091.59
960	0.653254	-8097.94
961	0.653254	-8096.39
962	0.653254	-8095.81
963	0.653254	-8087.89
964	0.653254	-8086.66
965	0.653254	-8090.66
966	0.653254	-8086.5
967	0.653254	-8086.66
968	0.653254	-8089.95
969	0.653254	-8095.75
970	0.653254	-8085.41
971	0.653254	-8095.63
972	0.653254	-8087.64
973	0.653254	-8089.06
974	0.653254	-8084.51
975	0.653254	-8092.16
976	0.653254	-8091.3
977	0.653254	-8087.34
978	0.653254	-8096.16
979	0.653254	-8086.79
980	0.653254	-8086.75
981	0.653254	-8089.62
982	0.653254	-8091.8
983	0.653254	-8089.16
984	0.653254	-8089.89
985	0.653254	-8095.95
986	0.653254	-8098.88
987	0.653254	-8094.04
988	0.653254	-8093.93
989	0.653254	-8090.61
990	0.653254	-8093.41
991	0.653254	-8092.18
992	0.653254	-8091.6
993	0.653254	-8091.6
994	0.653254	-8090.48
995	0.653254	-8094.63
996	0.653254	-8103.18
997	0.653254	-8089.4
998	0.653254	-8083.16
999	0.653254	-8088.22
1000	0.653254	-8087.36
251	0.583825	-8083.28
252	0.583825	-8085.57
253	0.583825	-8089.79
254	0.583825	-8092.33
255	0.583825	-8093.84
256	0.583825	-8099.51
257	0.583825	-8096.21
258	0.583825	-8096.24
259	0.583825	-8097.92
260	0.583825	-8097.6
261	0.583825	-8098.27
262	0.583825	-8090.19
263	0.583825	-8095.26
264	0.583825	-8090.88
265	0.583825	-8090.77
266	0.583825	-8096.37
267	0.583825	-8099.19
268	0.583825	-8094.73
269	0.583825	-8097.89
270	0.583825	-8102.61
271	0.583825	-8109.12
272	0.583825	-8112.62
273	0.583825	-8097.58
274	0.583825	-8102.08
275	0.583825	-8093.62
276	0.583825	-8098.09
277	0.583825	-8091.79
278	0.583825	-8091.54
279	0.583825	-8094.6
280	0.583825	-8087.49
281	0.583825	-8091.11
282	0.583825	-8096.52
283	0.583825	-8090.06
284	0.583825	-8095.73
285	0.583825	-8119.14
286	0.583825	-8094.72
287	0.583825	-8094.39
288	0.583825	-8091.44
289	0.583825	-8095.69
290	0.583825	-8098.8
291	0.583825	-8102
292	0.583825	-8095.8
293	0.583825	-8098
294	0.583825	-8094.39
295	0.583825	-8092.26
296	0.583825	-8098.1
297	0.583825	-8088.94
298	0.583825	-8094.51
299	0.583825	-8096.68
300	0.583825	-8103.09
301	0.583825	-8103.77
302	0.583825	-8094.16
303	0.583825	-8085.49
304	0.583825	-8089.2
305	0.583825	-8097.02
306	0.583825	-8103.52
307	0.583825	-8100.11
308	0.583825	-8096.11
309	0.583825	-8095.84
310	0.583825	-8096.94
311	0.583825	-8094.29
312	0.583825	-8089.09
313	0.583825	-8085.9
314	0.583825	-8097.82
315	0.583825	-8101.52
316	0.583825	-8102.21
317	0.583825	-8093.76
318	0.583825	-8092.98
319	0.583825	-8087.06
320	0.583825	-8092.55
321	0.583825	-8096.01
322	0.583825	-8093.69
323	0.583825	-8090.04
324	0.583825	-8086.78
325	0.583825	-8082.51
326	0.583825	-8081.28
327	0.583825	-8086.27
328	0.583825	-8090.09
329	0.583825	-8089.52
330	0.583825	-8095.27
331	0.583825	-8092.08
332	0.583825	-8090.7
333	0.583825	-8092.28
334	0.583825	-8087.74
335	0.583825	-8092.14
336	0.583825	-8097.06
337	0.583825	-8102.37
338	0.583825	-8097.93
339	0.583825	-8092.32
340	0.583825	-8088.58
341	0.583825	-8090.22
342	0.583825	-8092.98
343	0.583825	-8101.01
344	0.583825	-8095.31
345	0.583825	-8105.05
346	0.583825	-8106.8
347	0.583825	-8104.56
348	0.583825	-8101.63
349	0.583825	-8101.29
350	0.583825	-8088.55
351	0.583825	-8085.83
352	0.583825	-8079.15
353	0.583825	-8080.37
354	0.583825	-8078.49
355	0.583825	-8091
356	0.583825	-8087.55
357	0.583825	-8086.84
358	0.583825	-8086.35
359	0.583825	-8092.51
360	0.583825	-8094.24
361	0.583825	-8090.01
362	0.583825	-8087.72
363	0.583825	-8087.71
364	0.583825	-8096.03
365	0.583825	-8099.11
366	0.583825	-8102.95
367	0.583825	-8099.7
368	0.583825	-8094.17
369	0.583825	-8098.11
370	0.583825	-8096.65
371	0.583825	-8101.27
372	0.583825	-8090.56
373	0.583825	-8091.26
374	0.583825	-8097.65
375	0.583825	-8098.32
376	0.583825	-8092.72
377	0.583825	-8083.76
378	0.583825	-8090.79
379	0.583825	-8091.51
380	0.583825	-8096.65
381	0.583825	-8093.96
382	0.583825	-8094.05
383	0.583825	-8089.9
384	0.583825	-8097.33
385	0.583825	-8090.77
386	0.583825	-8088.19
387	0.583825	-8090.72
388	0.583825	-8096.26
389	0.583825	-8096.57
390	0.583825	-8092.6
391	0.583825	-8086.92
392	0.583825	-8086.03
393	0.583825	-8093.02
394	0.583825	-8087.81
395	0.583825	-8085.66
396	0.583825	-8080.08
397	0.583825	-8082.69
398	0.583825	-8084.45
399	0.583825	-8088.8
400	0.583825	-8088.96
401	0.583825	-8095.89
402	0.583825	-8095.23
403	0.583825	-8090.41
404	0.583825	-8091.16
405	0.583825	-8081.73
406	0.583825	-8085.64
407	0.583825	-8082.49
408	0.583825	-8082.54
409	0.583825	-8085.8
410	0.583825	-8091.12
411	0.583825	-8093.16
412	0.583825	-8086.95
413	0.583825	-8089.37
414	0.583825	-8091.73
415	0.583825	-8086.74
416	0.583825	-8091.95
417	0.583825	-8091.59
418	0.583825	-8103.86
419	0.583825	-8096.2
420	0.583825	-8097.69
421	0.583825	-8101.05
422	0.583825	-8095.73
423	0.583825	-8109.29
424	0.583825	-8093.33
425	0.583825	-8094.76
426	0.583825	-8094.63
427	0.583825	-8104.95
428	0.583825	-8097.62
429	0.583825	-8090.38
430	0.583825	-8081.51
431	0.583825	-8097.75
432	0.583825	-8086.01
433	0.583825	-8081.88
434	0.583825	-8087.63
435	0.583825	-8084.15
436	0.583825	-8089.78
437	0.583825	-8091.31
438	0.583825	-8089.44
439	0.583825	-8095.61
440	0.583825	-8098.18
441	0.583825	-8091.42
442	0.583825	-8095.99
443	0.583825	-8098.16
444	0.583825	-8100.31
445	0.583825	-8100.27
446	0.583825	-8097.82
447	0.583825	-8098.95
448	0.583825	-8090.8
449	0.583825	-8085.48
450	0.583825	-8089.59
451	0.583825	-8087.88
452	0.583825	-8093.59
453	0.583825	-8088.2
454	0.583825	-8085.68
455	0.583825	-8091
456	0.583825	-8087.94
457	0.583825	-8092.5
458	0.583825	-8095.79
459	0.583825	-8089.02
460	0.583825	-8090.83
461	0.583825	-8092.18
462	0.583825	-8082.28
463	0.583825	-8084.04
464	0.583825	-8084.73
465	0.583825	-8090.42
466	0.583825	-8089.77
467	0.583825	-8093.19
468	0.583825	-8094.18
469	0.583825	-8111.17
470	0.583825	-8101.05
471	0.583825	-8098
472	0.583825	-8097.41
473	0.583825	-8094.24
474	0.583825	-8094.89
475	0.583825	-8090.83
476	0.583825	-8086.5
477	0.583825	-8083.23
478	0.583825	-8086.93
479	0.583825	-8091.16
480	0.583825	-8095.17
481	0.583825	-8088.3
482	0.583825	-8094.78
483	0.583825	-8083.16
484	0.583825	-8084.82
485	0.583825	-8098.19
486	0.583825	-8097.39
487	0.583825	-8086.78
488	0.583825	-8084.87
489	0.583825	-8089.53
490	0.583825	-8098.97
491	0.583825	-8098.06
492	0.583825	-8090.21
493	0.583825	-8089.03
494	0.583825	-8088.84
495	0.583825	-8097.62
496	0.583825	-8094.46
497	0.583825	-8103.69
498	0.583825	-8100.08
499	0.583825	-8097.66
500	0.583825	-8103.64
501	0.583825	-8090.34
502	0.583825	-8098.71
503	0.583825	-8090.71
504	0.583825	-8097.47
505	0.583825	-8085.21
506	0.583825	-8090.36
507	0.583825	-8091.13
508	0.583825	-8095.41
509	0.583825	-8092.38
510	0.583825	-8090.31
511	0.583825	-8087.44
512	0.583825	-8099.98
513	0.583825	-8099.54
514	0.583825	-8098.1
515	0.583825	-8104.96
516	0.583825	-8107.49
517	0.583825	-8108.4
518	0.583825	-8097.64
519	0.583825	-8097.5
520	0.583825	-8088.72
521	0.583825	-8085.94
522	0.583825	-8084.18
523	0.583825	-8092.51
524	0.583825	-8093.19
525	0.583825	-8086.48
526	0.583825	-8092.12
527	0.583825	-8094.74
528	0.583825	-8099.71
529	0.583825	-8106.26
530	0.583825	-8101.75
531	0.583825	-8101.65
532	0.583825	-8099.77
533	0.583825	-8101.33
534	0.583825	-8098.3
535	0.583825	-8097.16
536	0.583825	-8099.38
537	0.583825	-8102.85
538	0.583825	-8091.19
539	0.583825	-8093.19
540	0.583825	-8090.72
541	0.583825	-8098.75
542	0.583825	-8091.47
543	0.583825	-8097.27
544	0.583825	-8099.82
545	0.583825	-8090.41
546	0.583825	-8086.81
547	0.583825	-8105.24
548	0.583825	-8101.98
549	0.583825	-8100.02
550	0.583825	-8090.37
551	0.583825	-8102.97
552	0.583825	-8106.97
553	0.583825	-8097.24
554	0.583825	-8091.2
555	0.583825	-8100.49
556	0.583825	-8103.89
557	0.583825	-8100.12
558	0.583825	-8102.75
559	0.583825	-8105.65
560	0.583825	-8098.13
561	0.583825	-8097.97
562	0.583825	-8092.89
563	0.583825	-8090.94
564	0.583825	-8088.3
565	0.583825	-8087.64
566	0.583825	-8089.18
567	0.583825	-8092.25
568	0.583825	-8090.87
569	0.583825	-8097.02
570	0.583825	-8092.73
571	0.583825	-8088.48
572	0.583825	-8088.52
573	0.583825	-8097.72
574	0.583825	-8096.86
575	0.583825	-8092.86
576	0.583825	-8093.53
577	0.583825	-8092.93
578	0.583825	-8093.17
579	0.583825	-8091.01
580	0.583825	-8089.38
581	0.583825	-8091.29
582	0.583825	-8092.99
583	0.583825	-8091.85
584	0.583825	-8088.88
585	0.583825	-8094.62
586	0.583825	-8093.95
587	0.583825	-8086.02
588	0.583825	-8088.75
589	0.583825	-8091.54
590	0.583825	-8093.71
591	0.583825	-8096.63
592	0.583825	-8098.34
593	0.583825	-8096.32
594	0.583825	-8095.97
595	0.583825	-8093.36
596	0.583825	-8091.47
597	0.583825	-8092.53
598	0.583825	-8093.17
599	0.583825	-8106.27
600	0.583825	-8095.16
601	0.583825	-8093.64
602	0.583825	-8086.05
603	0.583825	-8089.26
604	0.583825	-8090
605	0.583825	-8093.16
606	0.583825	-8095.59
607	0.583825	-8088.5
608	0.583825	-8084.84
609	0.583825	-8087.39
610	0.583825	-8096.81
611	0.583825	-8087.48
612	0.583825	-8087.14
613	0.583825	-8085.63
614	0.583825	-8102.07
615	0.583825	-8104.02
616	0.583825	-8103.47
617	0.583825	-8097.7
618	0.583825	-8093.77
619	0.583825	-8098.61
620	0.583825	-8098.99
621	0.583825	-8099.96
622	0.583825	-8100.4
623	0.583825	-8095.32
624	0.583825	-8099.64
625	0.583825	-8099.42
626	0.583825	-8090.84
627	0.583825	-8091.95
628	0.583825	-8094.38
629	0.583825	-8095.73
630	0.583825	-8091.03
631	0.583825	-8104.46
632	0.583825	-8091.55
633	0.583825	-8087.38
634	0.583825	-8088.96
635	0.583825	-8089.66
636	0.583825	-8088.3
637	0.583825	-8094.56
638	0.583825	-8085.48
639	0.583825	-8084.73
640	0.583825	-8085.07
641	0.583825	-8085.03
642	0.583825	-8084.19
643	0.583825	-8088.23
644	0.583825	-8093.05
645	0.583825	-8094.03
646	0.583825	-8097.84
647	0.583825	-8090.94
648	0.583825	-8101.76
649	0.583825	-8108.88
650	0.583825	-8109.93
651	0.583825	-8100.04
652	0.583825	-8103.59
653	0.583825	-8104.28
654	0.583825	-8113.75
655	0.583825	-8109.13
656	0.583825	-8114.68
657	0.583825	-8108.8
658	0.583825	-8108.22
659	0.583825	-8108.72
660	0.583825	-8107.2
661	0.583825	-8108.09
662	0.583825	-8100.17
663	0.583825	-8104.15
664	0.583825	-8104.81
665	0.583825	-8091.44
666	0.583825	-8087.83
667	0.583825	-8093.47
668	0.583825	-8089.92
669	0.583825	-8084.55
670	0.583825	-8089.13
671	0.583825	-8084.06
672	0.583825	-8089.26
673	0.583825	-8100.54
674	0.583825	-8084.12
675	0.583825	-8085.79
676	0.583825	-8087.14
677	0.583825	-8093.63
678	0.583825	-8086.12
679	0.583825	-8090.77
680	0.583825	-8091.45
681	0.583825	-8094.05
682	0.583825	-8087.99
683	0.583825	-8090.1
684	0.583825	-8085.72
685	0.583825	-8087.2
686	0.583825	-8081.23
687	0.583825	-8090.43
688	0.583825	-8085.18
689	0.583825	-8090.2
690	0.583825	-8094.59
691	0.583825	-8088.26
692	0.583825	-8088.07
693	0.583825	-8084.64
694	0.583825	-8087.94
695	0.583825	-8096.82
696	0.583825	-8090.1
697	0.583825	-8088.8
698	0.583825	-8090.98
699	0.583825	-8092.52
700	0.583825	-8095.76
701	0.583825	-8093.27
702	0.583825	-8101.43
703	0.583825	-8089.17
704	0.583825	-8088.52
705	0.583825	-8087.95
706	0.583825	-8092.35
707	0.583825	-8092.54
708	0.583825	-8091.64
709	0.583825	-8100.41
710	0.583825	-8095.96
711	0.583825	-8103.18
712	0.583825	-8100
713	0.583825	-8088.03
714	0.583825	-8099.13
715	0.583825	-8100.76
716	0.583825	-8101.19
717	0.583825	-8099.63
718	0.583825	-8099.87
719	0.583825	-8097.68
720	0.583825	-8093.42
721	0.583825	-8097.86
722	0.583825	-8093.09
723	0.583825	-8086.46
724	0.583825	-8084.59
725	0.583825	-8089.2
726	0.583825	-8092.05
727	0.583825	-8085.56
728	0.583825	-8080.64
729	0.583825	-8080.44
730	0.583825	-8082.52
731	0.583825	-8082.89
732	0.583825	-8089.43
733	0.583825	-8086.32
734	0.583825	-8095.04
735	0.583825	-8088.13
736	0.583825	-8091.22
737	0.583825	-8090.31
738	0.583825	-8087.29
739	0.583825	-8089.57
740	0.583825	-8101.82
741	0.583825	-8096.36
742	0.583825	-8090.83
743	0.583825	-8087.32
744	0.583825	-8084.76
745	0.583825	-8089.64
746	0.583825	-8091.65
747	0.583825	-8093.71
748	0.583825	-8095.86
749	0.583825	-8090.55
750	0.583825	-8087.41
751	0.583825	-8091.19
752	0.583825	-8091.18
753	0.583825	-8093.8
754	0.583825	-8107.11
755	0.583825	-8102.48
756	0.583825	-8100.45
757	0.583825	-8096.12
758	0.583825	-8108.52
759	0.583825	-8100.32
760	0.583825	-8092.02
761	0.583825	-8093.63
762	0.583825	-8099.49
763	0.583825	-8092.49
764	0.583825	-8095.34
765	0.583825	-8091.3
766	0.583825	-8098.94
767	0.583825	-8103.68
768	0.583825	-8105.84
769	0.583825	-8105.7
770	0.583825	-8098.07
771	0.583825	-8101.74
772	0.583825	-8101.99
773	0.583825	-8094.24
774	0.583825	-8093.61
775	0.583825	-8094.13
776	0.583825	-8096.79
777	0.583825	-8100.04
778	0.583825	-8100.94
779	0.583825	-8090.09
780	0.583825	-8083.27
781	0.583825	-8095.03
782	0.583825	-8092.3
783	0.583825	-8097.31
784	0.583825	-8099.9
785	0.583825	-8095.06
786	0.583825	-8092.04
787	0.583825	-8086.98
788	0.583825	-8090.2
789	0.583825	-8096.8
790	0.583825	-8096.61
791	0.583825	-8100.92
792	0.583825	-8089.53
793	0.583825	-8081.81
794	0.583825	-8084.8
795	0.583825	-8083.12
796	0.583825	-8084.81
797	0.583825	-8086.51
798	0.583825	-8081.73
799	0.583825	-8083.28
800	0.583825	-8083.88
801	0.583825	-8079.54
802	0.583825	-8085.85
803	0.583825	-8091.74
804	0.583825	-8087.73
805	0.583825	-8091.6
806	0.583825	-8095.85
807	0.583825	-8093.66
808	0.583825	-8091.72
809	0.583825	-8098.78
810	0.583825	-8103.12
811	0.583825	-8096.77
812	0.583825	-8096.94
813	0.583825	-8090.77
814	0.583825	-8096.51
815	0.583825	-8098.99
816	0.583825	-8107.62
817	0.583825	-8095.67
818	0.583825	-8103.49
819	0.583825	-8105.28
820	0.583825	-8105.22
821	0.583825	-8101.35
822	0.583825	-8107.8
823	0.583825	-8103.7
824	0.583825	-8096.4
825	0.583825	-8085.48
826	0.583825	-8091.87
827	0.583825	-8084.55
828	0.583825	-8085.4
829	0.583825	-8090.69
830	0.583825	-8094.44
831	0.583825	-8096.04
832	0.583825	-8101.26
833	0.583825	-8106.15
834	0.583825	-8094.61
835	0.583825	-8096.2
836	0.583825	-8099.5
837	0.583825	-8092.37
838	0.583825	-8105.48
839	0.583825	-8103.63
840	0.583825	-8110.18
841	0.583825	-8109.22
842	0.583825	-8100.66
843	0.583825	-8095.28
844	0.583825	-8094.72
845	0.583825	-8092.49
846	0.583825	-8092.29
847	0.583825	-8095.19
848	0.583825	-8089.32
849	0.583825	-8088.43
850	0.583825	-8090.75
851	0.583825	-8092.75
852	0.583825	-8088.38
853	0.583825	-8085.07
854	0.583825	-8082.7
855	0.583825	-8086.91
856	0.583825	-8094.31
857	0.583825	-8107.72
858	0.583825	-8109.58
859	0.583825	-8090.19
860	0.583825	-8101.42
861	0.583825	-8098
862	0.583825	-8099.83
863	0.583825	-8094.99
864	0.583825	-8096.82
865	0.583825	-8098.79
866	0.583825	-8102.53
867	0.583825	-8100.25
868	0.583825	-8089.96
869	0.583825	-8102.73
870	0.583825	-8105.49
871	0.583825	-8095.39
872	0.583825	-8094.52
873	0.583825	-8094.29
874	0.583825	-8090.8
875	0.583825	-8090.36
876	0.583825	-8091.43
877	0.583825	-8093.9
878	0.583825	-8103.22
879	0.583825	-8096.46
880	0.583825	-8092.03
881	0.583825	-8091.42
882	0.583825	-8093.85
883	0.583825	-8091.32
884	0.583825	-8094.44
885	0.583825	-8091.25
886	0.583825	-8095.55
887	0.583825	-8093.23
888	0.583825	-8091.38
889	0.583825	-8094.13
890	0.583825	-8095.89
891	0.583825	-8096.1
892	0.583825	-8097.26
893	0.583825	-8094.65
894	0.583825	-8096.76
895	0.583825	-8092.04
896	0.583825	-8086.73
897	0.583825	-8089.09
898	0.583825	-8095.88
899	0.583825	-8095.04
900	0.583825	-8088.35
901	0.583825	-8091.8
902	0.583825	-8088.52
903	0.583825	-8103.52
904	0.583825	-8111.26
905	0.583825	-8103.2
906	0.583825	-8088.38
907	0.583825	-8089.24
908	0.583825	-8088.33
909	0.583825	-8083.66
910	0.583825	-8086.45
911	0.583825	-8092.35
912	0.583825	-8091.92
913	0.583825	-8091.43
914	0.583825	-8094.34
915	0.583825	-8092.69
916	0.583825	-8088.55
917	0.583825	-8092.45
918	0.583825	-8094.24
919	0.583825	-8086.32
920	0.583825	-8090.03
921	0.583825	-8091.57
922	0.583825	-8087.11
923	0.583825	-8088.44
924	0.583825	-8084.31
925	0.583825	-8087.41
926	0.583825	-8091.11
927	0.583825	-8092.09
928	0.583825	-8096.08
929	0.583825	-8091.6
930	0.583825	-8086.32
931	0.583825	-8096.39
932	0.583825	-8094.67
933	0.583825	-8104.89
934	0.583825	-8101.48
935	0.583825	-8106.86
936	0.583825	-8099.33
937	0.583825	-8095.7
938	0.583825	-8089.5
939	0.583825	-8094.92
940	0.583825	-8088.89
941	0.583825	-8085.68
942	0.583825	-8100.11
943	0.583825	-8102.47
944	0.583825	-8110.79
945	0.583825	-8104.93
946	0.583825	-8099.66
947	0.583825	-8100.04
948	0.583825	-8100.71
949	0.583825	-8091.35
950	0.583825	-8093.29
951	0.583825	-8087.14
952	0.583825	-8089.51
953	0.583825	-8089.6
954	0.583825	-8091
955	0.583825	-8092.3
956	0.583825	-8084.47
957	0.583825	-8086.5
958	0.583825	-8081.84
959	0.583825	-8092.73
960	0.583825	-8100.07
961	0.583825	-8108.86
962	0.583825	-8103.6
963	0.583825	-8099.11
964	0.583825	-8102.93
965	0.583825	-8105.88
966	0.583825	-8101.44
967	0.583825	-8101.68
968	0.583825	-8099.01
969	0.583825	-8094.78
970	0.583825	-8098.32
971	0.583825	-8093.21
972	0.583825	-8095.16
973	0.583825	-8081.93
974	0.583825	-8087.73
975	0.583825	-8089.48
976	0.583825	-8087.66
977	0.583825	-8086.36
978	0.583825	-8084.08
979	0.583825	-8086.45
980	0.583825	-8091.77
981	0.583825	-8100.36
982	0.583825	-8100.6
983	0.583825	-8091.73
984	0.583825	-8092.56
985	0.583825	-8086.17
986	0.583825	-8085.03
987	0.583825	-8090.39
988	0.583825	-8089.56
989	0.583825	-8084.28
990	0.583825	-8089.17
991	0.583825	-8100.19
992	0.583825	-8095.7
993	0.583825	-8099.45
994	0.583825	-8094.24
995	0.583825	-8103.36
996	0.583825	-8097.68
997	0.583825	-8099.46
998	0.583825	-8105.69
999	0.583825	-8103.26
1000	0.583825	-8100.76
251	0.520429	-8087.02
252	0.520429	-8091.74
253	0.520429	-8085.82
254	0.520429	-8094.52
255	0.520429	-8097.11
256	0.520429	-8096.37
257	0.520429	-8097.45
258	0.520429	-8100.33
259	0.520429	-8107.29
260	0.520429	-8110.37
261	0.520429	-8095.12
262	0.520429	-8099.14
263	0.520429	-8092.5
264	0.520429	-8092.46
265	0.520429	-8088.01
266	0.520429	-8098.64
267	0.520429	-8095.51
268	0.520429	-8091.09
269	0.520429	-8097.16
270	0.520429	-8098.51
271	0.520429	-8102.93
272	0.520429	-8103.5
273	0.520429	-8106.04
274	0.520429	-8103.27
275	0.520429	-8088.86
276	0.520429	-8089.19
277	0.520429	-8097.62
278	0.520429	-8100.9
279	0.520429	-8109.62
280	0.520429	-8101.01
281	0.520429	-8096.58
282	0.520429	-8100.19
283	0.520429	-8094.9
284	0.520429	-8095.12
285	0.520429	-8090.3
286	0.520429	-8094.36
287	0.520429	-8095.81
288	0.520429	-8090.46
289	0.520429	-8094.67
290	0.520429	-8096.73
291	0.520429	-8092.35
292	0.520429	-8098.02
293	0.520429	-8116.88
294	0.520429	-8110.94
295	0.520429	-8094.02
296	0.520429	-8091.9
297	0.520429	-8101.88
298	0.520429	-8105.95
299	0.520429	-8104.72
300	0.520429	-8102.75
301	0.520429	-8100.5
302	0.520429	-8096.2
303	0.520429	-8107.46
304	0.520429	-8099.49
305	0.520429	-8089.75
306	0.520429	-8098.51
307	0.520429	-8103.87
308	0.520429	-8108.85
309	0.520429	-8119.02
310	0.520429	-8105.52
311	0.520429	-8109.47
312	0.520429	-8106.88
313	0.520429	-8095.58
314	0.520429	-8105.15
315	0.520429	-8102.31
316	0.520429	-8112.12
317	0.520429	-8102.13
318	0.520429	-8098.32
319	0.520429	-8110.99
320	0.520429	-8111.33
321	0.520429	-8115.32
322	0.520429	-8100.97
323	0.520429	-8095.81
324	0.520429	-8084.94
325	0.520429	-8095.7
326	0.520429	-8094.84
327	0.520429	-8092.6
328	0.520429	-8089.45
329	0.520429	-8094.95
330	0.520429	-8083.8
331	0.520429	-8084.04
332	0.520429	-8089.75
333	0.520429	-8099.45
334	0.520429	-8115.06
335	0.520429	-8107.08
336	0.520429	-8092.13
337	0.520429	-8093.25
338	0.520429	-8101.26
339	0.520429	-8099.56
340	0.520429	-8103.03
341	0.520429	-8107.92
342	0.520429	-8106.86
343	0.520429	-8103.35
344	0.520429	-8102.62
345	0.520429	-8096.71
346	0.520429	-8107.8
347	0.520429	-8102.99
348	0.520429	-8098.44
349	0.520429	-8100.77
350	0.520429	-8109.36
351	0.520429	-8112.58
352	0.520429	-8105.8
353	0.520429	-8106.41
354	0.520429	-8109.65
355	0.520429	-8112.27
356	0.520429	-8112.73
357	0.520429	-8112.89
358	0.520429	-8104.35
359	0.520429	-8104.7
360	0.520429	-8099.11
361	0.520429	-8099.11
362	0.520429	-8097.19
363	0.520429	-8102.49
364	0.520429	-8099.48
365	0.520429	-8098.64
366	0.520429	-8093.75
367	0.520429	-8097.61
368	0.520429	-8097.57
369	0.520429	-8097.17
370	0.520429	-8094.04
371	0.520429	-8098.37
372	0.520429	-8100.6
373	0.520429	-8095.04
374	0.520429	-8093.39
375	0.520429	-8093.26
376	0.520429	-8089.82
377	0.520429	-8090.08
378	0.520429	-8084.54
379	0.520429	-8085.39
380	0.520429	-8087.89
381	0.520429	-8095.5
382	0.520429	-8101.81
383	0.520429	-8097.28
384	0.520429	-8099.6
385	0.520429	-8094.66
386	0.520429	-8090.68
387	0.520429	-8092.89
388	0.520429	-8087
389	0.520429	-8087.55
390	0.520429	-8104.78
391	0.520429	-8101.15
392	0.520429	-8095.3
393	0.520429	-8094.2
394	0.520429	-8091.35
395	0.520429	-8096.4
396	0.520429	-8097.89
397	0.520429	-8101.47
398	0.520429	-8110.08
399	0.520429	-8108.72
400	0.520429	-8095.61
401	0.520429	-8103.28
402	0.520429	-8099.47
403	0.520429	-8095.79
404	0.520429	-8099.56
405	0.520429	-8088.27
406	0.520429	-8085.6
407	0.520429	-8085.36
408	0.520429	-8092.47
409	0.520429	-8092.34
410	0.520429	-8093.63
411	0.520429	-8091.42
412	0.520429	-8086.08
413	0.520429	-8089.06
414	0.520429	-8092.83
415	0.520429	-8098.39
416	0.520429	-8091.12
417	0.520429	-8091.15
418	0.520429	-8091.36
419	0.520429	-8103.26
420	0.520429	-8108.38
421	0.520429	-8105.73
422	0.520429	-8098.4
423	0.520429	-8101.64
424	0.520429	-8101.65
425	0.520429	-8099.19
426	0.520429	-8095.73
427	0.520429	-8096.4
428	0.520429	-8100.29
429	0.520429	-8098.32
430	0.520429	-8090.04
431	0.520429	-8090.15
432	0.520429	-8090.21
433	0.520429	-8087.31
434	0.520429	-8088.45
435	0.520429	-8090.34
436	0.520429	-8090.27
437	0.520429	-8095.38
438	0.520429	-8092.23
439	0.520429	-8090.72
440	0.520429	-8089.69
441	0.520429	-8096.46
442	0.520429	-8094.21
443	0.520429	-8090.47
444	0.520429	-8089.15
445	0.520429	-8100.33
446	0.520429	-8103.39
447	0.520429	-8113.27
448	0.520429	-8108.83
449	0.520429	-8103.1
450	0.520429	-8092.66
451	0.520429	-8092.3
452	0.520429	-8086.42
453	0.520429	-8090.18
454	0.520429	-8100.34
455	0.520429	-8095.59
456	0.520429	-8101.45
457	0.520429	-8091.15
458	0.520429	-8098.25
459	0.520429	-8102.51
460	0.520429	-8095.18
461	0.520429	-8094.1
462	0.520429	-8103.01
463	0.520429	-8105.46
464	0.520429	-8100.21
465	0.520429	-8105.28
466	0.520429	-8106.79
467	0.520429	-8106.92
468	0.520429	-8105.05
469	0.520429	-8109.3
470	0.520429	-8102.33
471	0.520429	-8095.87
472	0.520429	-8093.21
473	0.520429	-8095.43
474	0.520429	-8088.61
475	0.520429	-8094.63
476	0.520429	-8098.22
477	0.520429	-8096.7
478	0.520429	-8090.48
479	0.520429	-8097.35
480	0.520429	-8088.89
481	0.520429	-8098.19
482	0.520429	-8099.04
483	0.520429	-8089.44
484	0.520429	-8092.29
485	0.520429	-8093.03
486	0.520429	-8094.11
487	0.520429	-8108.59
488	0.520429	-8110.15
489	0.520429	-8115.44
490	0.520429	-8108.23
491	0.520429	-8095.31
492	0.520429	-8087.07
493	0.520429	-8091.41
494	0.520429	-8100.45
495	0.520429	-8100.21
496	0.520429	-8091.51
497	0.520429	-8094.73
498	0.520429	-8089.09
499	0.520429	-8082.99
500	0.520429	-8085.78
501	0.520429	-8094.11
502	0.520429	-8098.01
503	0.520429	-8100.72
504	0.520429	-8102.24
505	0.520429	-8091.59
506	0.520429	-8098.84
507	0.520429	-8115.82
508	0.520429	-8104.68
509	0.520429	-8087.48
510	0.520429	-8093.74
511	0.520429	-8086.46
512	0.520429	-8100.89
513	0.520429	-8092.94
514	0.520429	-8088.12
515	0.520429	-8095.2
516	0.520429	-8103.59
517	0.520429	-8088.84
518	0.520429	-8090.43
519	0.520429	-8098.97
520	0.520429	-8094.41
521	0.520429	-8103.33
522	0.520429	-8099.93
523	0.520429	-8115.32
524	0.520429	-8104.52
525	0.520429	-8098.19
526	0.520429	-8093.18
527	0.520429	-8096.49
528	0.520429	-8101.6
529	0.520429	-8092.61
530	0.520429	-8097.71
531	0.520429	-8091.58
532	0.520429	-8083.35
533	0.520429	-8090.02
534	0.520429	-8093.09
535	0.520429	-8102.07
536	0.520429	-8091.01
537	0.520429	-8096.67
538	0.520429	-8102.36
539	0.520429	-8100.59
540	0.520429	-8091.75
541	0.520429	-8100.31
542	0.520429	-8100.43
543	0.520429	-8093.01
544	0.520429	-8093.88
545	0.520429	-8093.57
546	0.520429	-8102.27
547	0.520429	-8096.8
548	0.520429	-8098.02
549	0.520429	-8103.49
550	0.520429	-8101.73
551	0.520429	-8092.82
552	0.520429	-8093.93
553	0.520429	-8089.93
554	0.520429	-8094.94
555	0.520429	-8100.86
556	0.520429	-8091.36
557	0.520429	-8097.06
558	0.520429	-8096.7
559	0.520429	-8092.17
560	0.520429	-8102.14
561	0.520429	-8092.49
562	0.520429	-8085.01
563	0.520429	-8084.62
564	0.520429	-8087.99
565	0.520429	-8099.89
566	0.520429	-8103.79
567	0.520429	-8092.08
568	0.520429	-8086.86
569	0.520429	-8090.07
570	0.520429	-8095.5
571	0.520429	-8092.08
572	0.520429	-8099.86
573	0.520429	-8101.41
574	0.520429	-8101.3
575	0.520429	-8100.12
576	0.520429	-8100.39
577	0.520429	-8100.66
578	0.520429	-8099.47
579	0.520429	-8088.61
580	0.520429	-8094.84
581	0.520429	-8089.18
582	0.520429	-8098.76
583	0.520429	-8088.4
584	0.520429	-8086.57
585	0.520429	-8088.29
586	0.520429	-8092.35
587	0.520429	-8090.88
588	0.520429	-8094.38
589	0.520429	-8101.05
590	0.520429	-8094.01
591	0.520429	-8105.98
592	0.520429	-8107.78
593	0.520429	-8115.08
594	0.520429	-8103.47
595	0.520429	-8094.05
596	0.520429	-8101.12
597	0.520429	-8100.54
598	0.520429	-8092.69
599	0.520429	-8091.32
600	0.520429	-8108.5
601	0.520429	-8101.64
602	0.520429	-8089.73
603	0.520429	-8092.54
604	0.520429	-8100.12
605	0.520429	-8094.73
606	0.520429	-8101.04
607	0.520429	-8101.38
608	0.520429	-8099.69
609	0.520429	-8097.95
610	0.520429	-8086.83
611	0.520429	-8092.17
612	0.520429	-8096.81
613	0.520429	-8100.09
614	0.520429	-8105.69
615	0.520429	-8095.25
616	0.520429	-8098.98
617	0.520429	-8102.99
618	0.520429	-8099.66
619	0.520429	-8101.61
620	0.520429	-8103.38
621	0.520429	-8097.67
622	0.520429	-8099.82
623	0.520429	-8116.31
624	0.520429	-8102.76
625	0.520429	-8108.4
626	0.520429	-8122.37
627	0.520429	-8123.6
628	0.520429	-8108.69
629	0.520429	-8099.58
630	0.520429	-8106.19
631	0.520429	-8110.89
632	0.520429	-8100.82
633	0.520429	-8099.16
634	0.520429	-8096.47
635	0.520429	-8089.34
636	0.520429	-8096.86
637	0.520429	-8093.63
638	0.520429	-8102.61
639	0.520429	-8105.63
640	0.520429	-8099.43
641	0.520429	-8101.01
642	0.520429	-8100.05
643	0.520429	-8101.24
644	0.520429	-8091.18
645	0.520429	-8093.22
646	0.520429	-8101.14
647	0.520429	-8098.1
648	0.520429	-8102.16
649	0.520429	-8112.1
650	0.520429	-8097.34
651	0.520429	-8099.42
652	0.520429	-8096.56
653	0.520429	-8104.96
654	0.520429	-8104.13
655	0.520429	-8095.82
656	0.520429	-8106.68
657	0.520429	-8115.02
658	0.520429	-8106.1
659	0.520429	-8113.05
660	0.520429	-8105.68
661	0.520429	-8094.77
662	0.520429	-8092.02
663	0.520429	-8089.03
664	0.520429	-8087.89
665	0.520429	-8088.21
666	0.520429	-8091.74
667	0.520429	-8088.6
668	0.520429	-8093.37
669	0.520429	-8091.04
670	0.520429	-8088.94
671	0.520429	-8086.87
672	0.520429	-8090.58
673	0.520429	-8101.65
674	0.520429	-8090.09
675	0.520429	-8090.99
676	0.520429	-8094.02
677	0.520429	-8085.22
678	0.520429	-8087.56
679	0.520429	-8094.56
680	0.520429	-8099.67
681	0.520429	-8088.04
682	0.520429	-8081.36
683	0.520429	-8090.27
684	0.520429	-8108.76
685	0.520429	-8121.15
686	0.520429	-8109.95
687	0.520429	-8101.13
688	0.520429	-8095.62
689	0.520429	-8093.03
690	0.520429	-8095.01
691	0.520429	-8087.13
692	0.520429	-8094.54
693	0.520429	-8084.31
694	0.520429	-8097.48
695	0.520429	-8099.63
696	0.520429	-8102.96
697	0.520429	-8095.46
698	0.520429	-8098.64
699	0.520429	-8090.76
700	0.520429	-8091.54
701	0.520429	-8095.96
702	0.520429	-8089.47
703	0.520429	-8093.32
704	0.520429	-8084.39
705	0.520429	-8086.16
706	0.520429	-8087.66
707	0.520429	-8092.63
708	0.520429	-8090.63
709	0.520429	-8101.82
710	0.520429	-8089.86
711	0.520429	-8091.63
712	0.520429	-8090.48
713	0.520429	-8095.18
714	0.520429	-8096.36
715	0.520429	-8087.41
716	0.520429	-8092.12
717	0.520429	-8098.24
718	0.520429	-8097.23
719	0.520429	-8111.3
720	0.520429	-8110.69
721	0.520429	-8086.78
722	0.520429	-8088.21
723	0.520429	-8095.48
724	0.520429	-8090.47
725	0.520429	-8099.85
726	0.520429	-8093.37
727	0.520429	-8095.65
728	0.520429	-8098.43
729	0.520429	-8100.09
730	0.520429	-8097.94
731	0.520429	-8097.63
732	0.520429	-8096.42
733	0.520429	-8104.85
734	0.520429	-8113.12
735	0.520429	-8106.84
736	0.520429	-8097.4
737	0.520429	-8102.28
738	0.520429	-8096.58
739	0.520429	-8100.75
740	0.520429	-8091.25
741	0.520429	-8098.1
742	0.520429	-8112.49
743	0.520429	-8107.65
744	0.520429	-8093.02
745	0.520429	-8098.16
746	0.520429	-8089.34
747	0.520429	-8096.09
748	0.520429	-8108.45
749	0.520429	-8106.42
750	0.520429	-8103.38
751	0.520429	-8094.52
752	0.520429	-8095.2
753	0.520429	-8092.24
754	0.520429	-8089.69
755	0.520429	-8100.45
756	0.520429	-8101.4
757	0.520429	-8105.91
758	0.520429	-8097.16
759	0.520429	-8101.31
760	0.520429	-8100.05
761	0.520429	-8092.03
762	0.520429	-8101.3
763	0.520429	-8091.56
764	0.520429	-8086.75
765	0.520429	-8088.99
766	0.520429	-8094.34
767	0.520429	-8096.01
768	0.520429	-8093.43
769	0.520429	-8098.85
770	0.520429	-8102.97
771	0.520429	-8101.95
772	0.520429	-8100.98
773	0.520429	-8088.36
774	0.520429	-8098.71
775	0.520429	-8095.66
776	0.520429	-8097.76
777	0.520429	-8094.44
778	0.520429	-8096.19
779	0.520429	-8095.46
780	0.520429	-8107.98
781	0.520429	-8095.04
782	0.520429	-8096.21
783	0.520429	-8085.1
784	0.520429	-8084.98
785	0.520429	-8080.81
786	0.520429	-8094.74
787	0.520429	-8096.68
788	0.520429	-8101.67
789	0.520429	-8103.99
790	0.520429	-8100.88
791	0.520429	-8104.92
792	0.520429	-8104.81
793	0.520429	-8107.46
794	0.520429	-8113.33
795	0.520429	-8103.32
796	0.520429	-8097.23
797	0.520429	-8097.53
798	0.520429	-8110.44
799	0.520429	-8111.58
800	0.520429	-8124.74
801	0.520429	-8105.91
802	0.520429	-8097.42
803	0.520429	-8098.43
804	0.520429	-8100.11
805	0.520429	-8100.63
806	0.520429	-8094.75
807	0.520429	-8088.91
808	0.520429	-8088.08
809	0.520429	-8087.26
810	0.520429	-8087.81
811	0.520429	-8093.95
812	0.520429	-8093.71
813	0.520429	-8096.29
814	0.520429	-8089.76
815	0.520429	-8096.03
816	0.520429	-8099.29
817	0.520429	-8099.09
818	0.520429	-8096.46
819	0.520429	-8087.94
820	0.520429	-8087.5
821	0.520429	-8101.09
822	0.520429	-8093.06
823	0.520429	-8099.65
824	0.520429	-8096.26
825	0.520429	-8102.57
826	0.520429	-8088.65
827	0.520429	-8095.49
828	0.520429	-8085.31
829	0.520429	-8085.35
830	0.520429	-8094.09
831	0.520429	-8094.37
832	0.520429	-8090.56
833	0.520429	-8085.36
834	0.520429	-8085.22
835	0.520429	-8093.95
836	0.520429	-8091.75
837	0.520429	-8110.61
838	0.520429	-8111.6
839	0.520429	-8091.22
840	0.520429	-8099.59
841	0.520429	-8098.65
842	0.520429	-8104.7
843	0.520429	-8086.93
844	0.520429	-8091.51
845	0.520429	-8104.12
846	0.520429	-8105.53
847	0.520429	-8096.48
848	0.520429	-8094.78
849	0.520429	-8093.97
850	0.520429	-8106.39
851	0.520429	-8088.82
852	0.520429	-8089.53
853	0.520429	-8098.54
854	0.520429	-8095.45
855	0.520429	-8101.74
856	0.520429	-8094.92
857	0.520429	-8101.77
858	0.520429	-8097.54
859	0.520429	-8098.36
860	0.520429	-8100.59
861	0.520429	-8097.5
862	0.520429	-8101.01
863	0.520429	-8100.86
864	0.520429	-8099.88
865	0.520429	-8099.94
866	0.520429	-8103.91
867	0.520429	-8114.09
868	0.520429	-8102.86
869	0.520429	-8110.82
870	0.520429	-8117.18
871	0.520429	-8107.99
872	0.520429	-8104.44
873	0.520429	-8104.22
874	0.520429	-8098.2
875	0.520429	-8093.24
876	0.520429	-8100.07
877	0.520429	-8099.66
878	0.520429	-8094.84
879	0.520429	-8092.94
880	0.520429	-8093.41
881	0.520429	-8090.05
882	0.520429	-8086.16
883	0.520429	-8086.98
884	0.520429	-8091.2
885	0.520429	-8091.65
886	0.520429	-8090.29
887	0.520429	-8097.08
888	0.520429	-8096.11
889	0.520429	-8097.11
890	0.520429	-8095.29
891	0.520429	-8098.65
892	0.520429	-8098.81
893	0.520429	-8097.96
894	0.520429	-8097.18
895	0.520429	-8109.85
896	0.520429	-8103.33
897	0.520429	-8103.97
898	0.520429	-8102.61
899	0.520429	-8116.51
900	0.520429	-8110.67
901	0.520429	-8099.55
902	0.520429	-8090.62
903	0.520429	-8095.22
904	0.520429	-8094.4
905	0.520429	-8091.91
906	0.520429	-8100.43
907	0.520429	-8109.52
908	0.520429	-8106.21
909	0.520429	-8107.57
910	0.520429	-8114.9
911	0.520429	-8112.4
912	0.520429	-8100.67
913	0.520429	-8093.16
914	0.520429	-8094.14
915	0.520429	-8106.61
916	0.520429	-8098.53
917	0.520429	-8100.6
918	0.520429	-8096.6
919	0.520429	-8091.15
920	0.520429	-8093.65
921	0.520429	-8098.51
922	0.520429	-8096.31
923	0.520429	-8097.92
924	0.520429	-8098.94
925	0.520429	-8090.99
926	0.520429	-8100.12
927	0.520429	-8100.68
928	0.520429	-8090.91
929	0.520429	-8097.32
930	0.520429	-8102.41
931	0.520429	-8102.97
932	0.520429	-8099.4
933	0.520429	-8097.51
934	0.520429	-8092.59
935	0.520429	-8095.81
936	0.520429	-8094.71
937	0.520429	-8082.36
938	0.520429	-8084.74
939	0.520429	-8084.73
940	0.520429	-8090.96
941	0.520429	-8093.86
942	0.520429	-8093.89
943	0.520429	-8095.12
944	0.520429	-8097.34
945	0.520429	-8101.36
946	0.520429	-8098.72
947	0.520429	-8104.11
948	0.520429	-8094.69
949	0.520429	-8088.8
950	0.520429	-8092.2
951	0.520429	-8096.4
952	0.520429	-8101.51
953	0.520429	-8099.73
954	0.520429	-8097.56
955	0.520429	-8100.83
956	0.520429	-8110.43
957	0.520429	-8112.39
958	0.520429	-8106.9
959	0.520429	-8109.03
960	0.520429	-8104.11
961	0.520429	-8093.59
962	0.520429	-8099.35
963	0.520429	-8098.95
964	0.520429	-8102.04
965	0.520429	-8102.45
966	0.520429	-8111.32
967	0.520429	-8106.17
968	0.520429	-8101.86
969	0.520429	-8103.85
970	0.520429	-8093.64
971	0.520429	-8101.43
972	0.520429	-8112.67
973	0.520429	-8127.43
974	0.520429	-8122.21
975	0.520429	-8113.57
976	0.520429	-8106.05
977	0.520429	-8093.41
978	0.520429	-8113.59
979	0.520429	-8097.3
980	0.520429	-8098.81
981	0.520429	-8098.38
982	0.520429	-8094.73
983	0.520429	-8099.66
984	0.520429	-8106.02
985	0.520429	-8099.25
986	0.520429	-8096.91
987	0.520429	-8090.14
988	0.520429	-8094.49
989	0.520429	-8099.29
990	0.520429	-8095.25
991	0.520429	-8098.22
992	0.520429	-8099.62
993	0.520429	-8098.79
994	0.520429	-8089.42
995	0.520429	-8087.87
996	0.520429	-8094.83
997	0.520429	-8092.26
998	0.520429	-8097.61
999	0.520429	-8101.6
1000	0.520429	-8102.03
251	0.462664	-8086.86
252	0.462664	-8104.3
253	0.462664	-8102.14
254	0.462664	-8106.39
255	0.462664	-8103.97
256	0.462664	-8101.5
257	0.462664	-8108.53
258	0.462664	-8102.04
259	0.462664	-8104.79
260	0.462664	-8102.42
261	0.462664	-8100.44
262	0.462664	-8099.63
263	0.462664	-8111.28
264	0.462664	-8111.53
265	0.462664	-8107.45
266	0.462664	-8098.06
267	0.462664	-8113.24
268	0.462664	-8105.06
269	0.462664	-8114.79
270	0.462664	-8112.67
271	0.462664	-8113.29
272	0.462664	-8105.02
273	0.462664	-8096.39
274	0.462664	-8082.34
275	0.462664	-8087.23
276	0.462664	-8087.72
277	0.462664	-8088.11
278	0.462664	-8093.52
279	0.462664	-8100.73
280	0.462664	-8096.14
281	0.462664	-8102.84
282	0.462664	-8088.46
283	0.462664	-8096.11
284	0.462664	-8093.25
285	0.462664	-8096.23
286	0.462664	-8092.34
287	0.462664	-8100.15
288	0.462664	-8098.41
289	0.462664	-8101.06
290	0.462664	-8103.78
291	0.462664	-8101.65
292	0.462664	-8103.74
293	0.462664	-8104.25
294	0.462664	-8104.65
295	0.462664	-8089.35
296	0.462664	-8090.68
297	0.462664	-8083.82
298	0.462664	-8115.35
299	0.462664	-8109.58
300	0.462664	-8109.95
301	0.462664	-8105.6
302	0.462664	-8098.85
303	0.462664	-8102.44
304	0.462664	-8095.83
305	0.462664	-8107.58
306	0.462664	-8129.14
307	0.462664	-8132.18
308	0.462664	-8117.46
309	0.462664	-8124.07
310	0.462664	-8124.57
311	0.462664	-8106.37
312	0.462664	-8106.6
313	0.462664	-8090.16
314	0.462664	-8099.07
315	0.462664	-8102.83
316	0.462664	-8101.82
317	0.462664	-8102.31
318	0.462664	-8100.86
319	0.462664	-8093.34
320	0.462664	-8087.06
321	0.462664	-8092.08
322	0.462664	-8105.55
323	0.462664	-8097.3
324	0.462664	-8085.44
325	0.462664	-8088.86
326	0.462664	-8097.16
327	0.462664	-8094.1
328	0.462664	-8092.76
329	0.462664	-8092.47
330	0.462664	-8094.84
331	0.462664	-8104.35
332	0.462664	-8100.2
333	0.462664	-8104.32
334	0.462664	-8100.78
335	0.462664	-8104.3
336	0.462664	-8095.46
337	0.462664	-8103.43
338	0.462664	-8106.24
339	0.462664	-8109.7
340	0.462664	-8101.9
341	0.462664	-8101.24
342	0.462664	-8098.27
343	0.462664	-8105.78
344	0.462664	-8108.45
345	0.462664	-8094.55
346	0.462664	-8095.36
347	0.462664	-8094.04
348	0.462664	-8094.61
349	0.462664	-8101.45
350	0.462664	-8122.36
351	0.462664	-8108.24
352	0.462664	-8095.25
353	0.462664	-8092.48
354	0.462664	-8088.52
355	0.462664	-8089.03
356	0.462664	-8094.92
357	0.462664	-8104.69
358	0.462664	-8096.03
359	0.462664	-8096.9
360	0.462664	-8097.27
361	0.462664	-8103.03
362	0.462664	-8105.75
363	0.462664	-8114.39
364	0.462664	-8105.12
365	0.462664	-8112.95
366	0.462664	-8116.64
367	0.462664	-8105.24
368	0.462664	-8102.9
369	0.462664	-8096.59
370	0.462664	-8094.67
371	0.462664	-8098.02
372	0.462664	-8097.14
373	0.462664	-8099.17
374	0.462664	-8102.7
375	0.462664	-8104.7
376	0.462664	-8096.28
377	0.462664	-8096.46
378	0.462664	-8090.2
379	0.462664	-8095.37
380	0.462664	-8094.52
381	0.462664	-8096.18
382	0.462664	-8095.89
383	0.462664	-8106.63
384	0.462664	-8093.57
385	0.462664	-8096.28
386	0.462664	-8098.88
387	0.462664	-8104.91
388	0.462664	-8109.36
389	0.462664	-8112.1
390	0.462664	-8113.31
391	0.462664	-8101.48
392	0.462664	-8113.05
393	0.462664	-8102.95
394	0.462664	-8096.09
395	0.462664	-8100.14
396	0.462664	-8100.22
397	0.462664	-8091.25
398	0.462664	-8103.29
399	0.462664	-8109.18
400	0.462664	-8105.05
401	0.462664	-8104.76
402	0.462664	-8100.23
403	0.462664	-8105.39
404	0.462664	-8108.37
405	0.462664	-8095.21
406	0.462664	-8104.45
407	0.462664	-8107.61
408	0.462664	-8104.86
409	0.462664	-8105.01
410	0.462664	-8104.7
411	0.462664	-8103.7
412	0.462664	-8094.41
413	0.462664	-8109.24
414	0.462664	-8105.06
415	0.462664	-8110.52
416	0.462664	-8099.33
417	0.462664	-8117.74
418	0.462664	-8113.07
419	0.462664	-8093.41
420	0.462664	-8094.51
421	0.462664	-8094.8
422	0.462664	-8092.98
423	0.462664	-8090.8
424	0.462664	-8104.24
425	0.462664	-8107.59
426	0.462664	-8112.04
427	0.462664	-8091.52
428	0.462664	-8088.71
429	0.462664	-8089.13
430	0.462664	-8098.43
431	0.462664	-8090.19
432	0.462664	-8100.75
433	0.462664	-8089.12
434	0.462664	-8096.66
435	0.462664	-8112.03
436	0.462664	-8111.95
437	0.462664	-8107.79
438	0.462664	-8106.35
439	0.462664	-8088.4
440	0.462664	-8088.42
441	0.462664	-8091.3
442	0.462664	-8097.62
443	0.462664	-8105.73
444	0.462664	-8105.22
445	0.462664	-8113.23
446	0.462664	-8110.57
447	0.462664	-8125
448	0.462664	-8114.12
449	0.462664	-8110.53
450	0.462664	-8095.97
451	0.462664	-8105.68
452	0.462664	-8101.33
453	0.462664	-8100.44
454	0.462664	-8103.96
455	0.462664	-8105.34
456	0.462664	-8104.75
457	0.462664	-8106.27
458	0.462664	-8109.04
459	0.462664	-8099.75
460	0.462664	-8100.47
461	0.462664	-8097.83
462	0.462664	-8100.34
463	0.462664	-8103.27
464	0.462664	-8108.77
465	0.462664	-8106.13
466	0.462664	-8099.18
467	0.462664	-8097.8
468	0.462664	-8111.07
469	0.462664	-8102.62
470	0.462664	-8106.36
471	0.462664	-8103.51
472	0.462664	-8093.4
473	0.462664	-8105.27
474	0.462664	-8123.73
475	0.462664	-8112.84
476	0.462664	-8116.25
477	0.462664	-8097.59
478	0.462664	-8095.38
479	0.462664	-8089.44
480	0.462664	-8095.51
481	0.462664	-8097.36
482	0.462664	-8096.09
483	0.462664	-8093.59
484	0.462664	-8091.64
485	0.462664	-8089.6
486	0.462664	-8088.85
487	0.462664	-8099.48
488	0.462664	-8100.41
489	0.462664	-8097.93
490	0.462664	-8101.69
491	0.462664	-8104.53
492	0.462664	-8094.12
493	0.462664	-8103.04
494	0.462664	-8099.92
495	0.462664	-8097.16
496	0.462664	-8095.67
497	0.462664	-8092.64
498	0.462664	-8100.82
499	0.462664	-8116.68
500	0.462664	-8111.09
501	0.462664	-8102.81
502	0.462664	-8103.22
503	0.462664	-8099.93
504	0.462664	-8092.35
505	0.462664	-8099.3
506	0.462664	-8096.3
507	0.462664	-8097.09
508	0.462664	-8103.27
509	0.462664	-8105.93
510	0.462664	-8098.04
511	0.462664	-8108.62
512	0.462664	-8094.24
513	0.462664	-8110.87
514	0.462664	-8102.27
515	0.462664	-8104.2
516	0.462664	-8100.6
517	0.462664	-8095.39
518	0.462664	-8092.2
519	0.462664	-8093.59
520	0.462664	-8096.45
521	0.462664	-8092.76
522	0.462664	-8101.43
523	0.462664	-8095.73
524	0.462664	-8095.63
525	0.462664	-8092.73
526	0.462664	-8119.13
527	0.462664	-8105.83
528	0.462664	-8099.25
529	0.462664	-8098.77
530	0.462664	-8092.8
531	0.462664	-8094.58
532	0.462664	-8096.66
533	0.462664	-8099.46
534	0.462664	-8100.82
535	0.462664	-8096
536	0.462664	-8091.95
537	0.462664	-8103.58
538	0.462664	-8098.18
539	0.462664	-8099.17
540	0.462664	-8110.14
541	0.462664	-8115.88
542	0.462664	-8090.54
543	0.462664	-8101.8
544	0.462664	-8118.45
545	0.462664	-8100.35
546	0.462664	-8096.69
547	0.462664	-8097.97
548	0.462664	-8103.13
549	0.462664	-8107.39
550	0.462664	-8106.89
551	0.462664	-8110.33
552	0.462664	-8099.53
553	0.462664	-8115.6
554	0.462664	-8106.24
555	0.462664	-8096.96
556	0.462664	-8093.88
557	0.462664	-8095.26
558	0.462664	-8099.87
559	0.462664	-8099.04
560	0.462664	-8094.78
561	0.462664	-8100.32
562	0.462664	-8087.52
563	0.462664	-8093.95
564	0.462664	-8091.38
565	0.462664	-8095.78
566	0.462664	-8103.05
567	0.462664	-8104.8
568	0.462664	-8115.49
569	0.462664	-8109.59
570	0.462664	-8110.74
571	0.462664	-8114.57
572	0.462664	-8110.3
573	0.462664	-8090.51
574	0.462664	-8096.32
575	0.462664	-8094.78
576	0.462664	-8099.21
577	0.462664	-8106.06
578	0.462664	-8100.54
579	0.462664	-8104.01
580	0.462664	-8108.01
581	0.462664	-8092.74
582	0.462664	-8092.98
583	0.462664	-8085.08
584	0.462664	-8105.86
585	0.462664	-8108.04
586	0.462664	-8097.71
587	0.462664	-8110.34
588	0.462664	-8110.69
589	0.462664	-8103.69
590	0.462664	-8089.25
591	0.462664	-8102.66
592	0.462664	-8095.76
593	0.462664	-8099.11
594	0.462664	-8099.68
595	0.462664	-8102.16
596	0.462664	-8093.61
597	0.462664	-8093.31
598	0.462664	-8096.31
599	0.462664	-8097.61
600	0.462664	-8102.63
601	0.462664	-8092.95
602	0.462664	-8087.64
603	0.462664	-8097.38
604	0.462664	-8102.91
605	0.462664	-8119.32
606	0.462664	-8097.13
607	0.462664	-8095.57
608	0.462664	-8098.91
609	0.462664	-8111.31
610	0.462664	-8097.83
611	0.462664	-8099.24
612	0.462664	-8097.62
613	0.462664	-8095.02
614	0.462664	-8098.21
615	0.462664	-8111.23
616	0.462664	-8102.05
617	0.462664	-8107.37
618	0.462664	-8104.39
619	0.462664	-8100.6
620	0.462664	-8107.2
621	0.462664	-8114.17
622	0.462664	-8093.7
623	0.462664	-8107.65
624	0.462664	-8103.86
625	0.462664	-8101.04
626	0.462664	-8092.6
627	0.462664	-8098.05
628	0.462664	-8099.8
629	0.462664	-8100.24
630	0.462664	-8114.64
631	0.462664	-8110.53
632	0.462664	-8114.53
633	0.462664	-8118.28
634	0.462664	-8115.82
635	0.462664	-8114.43
636	0.462664	-8110.47
637	0.462664	-8112.39
638	0.462664	-8114.31
639	0.462664	-8115.87
640	0.462664	-8113.66
641	0.462664	-8107.86
642	0.462664	-8108.73
643	0.462664	-8103.92
644	0.462664	-8112.58
645	0.462664	-8109.05
646	0.462664	-8112.76
647	0.462664	-8101.48
648	0.462664	-8109.76
649	0.462664	-8108.5
650	0.462664	-8121.15
651	0.462664	-8107.7
652	0.462664	-8108.35
653	0.462664	-8103.79
654	0.462664	-8111.12
655	0.462664	-8112.51
656	0.462664	-8117.14
657	0.462664	-8112.3
658	0.462664	-8117.9
659	0.462664	-8110.14
660	0.462664	-8106.58
661	0.462664	-8101.23
662	0.462664	-8109.33
663	0.462664	-8098.48
664	0.462664	-8094.54
665	0.462664	-8100.55
666	0.462664	-8107.7
667	0.462664	-8111.4
668	0.462664	-8104.84
669	0.462664	-8108.33
670	0.462664	-8106.59
671	0.462664	-8096.47
672	0.462664	-8100.87
673	0.462664	-8113.4
674	0.462664	-8099.28
675	0.462664	-8111.94
676	0.462664	-8141.64
677	0.462664	-8121.77
678	0.462664	-8114.48
679	0.462664	-8106.3
680	0.462664	-8101.52
681	0.462664	-8095.86
682	0.462664	-8102.83
683	0.462664	-8107.91
684	0.462664	-8105.74
685	0.462664	-8102.27
686	0.462664	-8099.59
687	0.462664	-8115.02
688	0.462664	-8103.19
689	0.462664	-8109.63
690	0.462664	-8106.25
691	0.462664	-8111.37
692	0.462664	-8101.13
693	0.462664	-8102.98
694	0.462664	-8099.82
695	0.462664	-8097.86
696	0.462664	-8104.22
697	0.462664	-8107.56
698	0.462664	-8111.75
699	0.462664	-8116.38
700	0.462664	-8118.17
701	0.462664	-8100.76
702	0.462664	-8084.08
703	0.462664	-8086.6
704	0.462664	-8095.85
705	0.462664	-8116.21
706	0.462664	-8094.96
707	0.462664	-8089.53
708	0.462664	-8090.96
709	0.462664	-8105.73
710	0.462664	-8097.56
711	0.462664	-8104.6
712	0.462664	-8101.3
713	0.462664	-8095.74
714	0.462664	-8089.14
715	0.462664	-8089.89
716	0.462664	-8108.8
717	0.462664	-8106.52
718	0.462664	-8097.66
719	0.462664	-8095.8
720	0.462664	-8096.63
721	0.462664	-8097.25
722	0.462664	-8098.57
723	0.462664	-8095.11
724	0.462664	-8093.78
725	0.462664	-8109.9
726	0.462664	-8111.63
727	0.462664	-8101.94
728	0.462664	-8095.38
729	0.462664	-8094.4
730	0.462664	-8094.91
731	0.462664	-8085.17
732	0.462664	-8087.36
733	0.462664	-8094.25
734	0.462664	-8107.63
735	0.462664	-8121.32
736	0.462664	-8100.99
737	0.462664	-8103.31
738	0.462664	-8107.06
739	0.462664	-8094.61
740	0.462664	-8090.33
741	0.462664	-8093.47
742	0.462664	-8100.58
743	0.462664	-8102.52
744	0.462664	-8104.16
745	0.462664	-8103.95
746	0.462664	-8099.22
747	0.462664	-8095.82
748	0.462664	-8103.19
749	0.462664	-8101.98
750	0.462664	-8104.74
751	0.462664	-8097.05
752	0.462664	-8097.46
753	0.462664	-8090.48
754	0.462664	-8097.79
755	0.462664	-8089
756	0.462664	-8090.81
757	0.462664	-8093.42
758	0.462664	-8094.67
759	0.462664	-8093.99
760	0.462664	-8095.64
761	0.462664	-8106.59
762	0.462664	-8112.21
763	0.462664	-8088.3
764	0.462664	-8101.02
765	0.462664	-8109.81
766	0.462664	-8106.47
767	0.462664	-8104.53
768	0.462664	-8101.86
769	0.462664	-8098.68
770	0.462664	-8119.54
771	0.462664	-8108.89
772	0.462664	-8113.06
773	0.462664	-8109.37
774	0.462664	-8111.83
775	0.462664	-8114.29
776	0.462664	-8097.61
777	0.462664	-8093.64
778	0.462664	-8090.96
779	0.462664	-8089.34
780	0.462664	-8093.89
781	0.462664	-8108.83
782	0.462664	-8104.82
783	0.462664	-8097.92
784	0.462664	-8100.72
785	0.462664	-8098.04
786	0.462664	-8099.35
787	0.462664	-8095.16
788	0.462664	-8099.17
789	0.462664	-8095.55
790	0.462664	-8091.77
791	0.462664	-8097.34
792	0.462664	-8096.02
793	0.462664	-8103.61
794	0.462664	-8113.67
795	0.462664	-8107.54
796	0.462664	-8107.72
797	0.462664	-8113.89
798	0.462664	-8106.04
799	0.462664	-8104.74
800	0.462664	-8095.04
801	0.462664	-8089.84
802	0.462664	-8092.05
803	0.462664	-8086.4
804	0.462664	-8093.54
805	0.462664	-8092.9
806	0.462664	-8087.22
807	0.462664	-8097.86
808	0.462664	-8094.16
809	0.462664	-8095.1
810	0.462664	-8095.55
811	0.462664	-8095.32
812	0.462664	-8097.34
813	0.462664	-8092.72
814	0.462664	-8091.39
815	0.462664	-8090.56
816	0.462664	-8089.91
817	0.462664	-8104.42
818	0.462664	-8093.21
819	0.462664	-8097.14
820	0.462664	-8094.17
821	0.462664	-8093.79
822	0.462664	-8096.63
823	0.462664	-8103.46
824	0.462664	-8107.57
825	0.462664	-8103.05
826	0.462664	-8099.01
827	0.462664	-8096.18
828	0.462664	-8096.07
829	0.462664	-8099.88
830	0.462664	-8104.64
831	0.462664	-8103.58
832	0.462664	-8103.5
833	0.462664	-8107.86
834	0.462664	-8118.18
835	0.462664	-8109.87
836	0.462664	-8105.88
837	0.462664	-8099.49
838	0.462664	-8099.4
839	0.462664	-8099.77
840	0.462664	-8095.5
841	0.462664	-8091.84
842	0.462664	-8100.75
843	0.462664	-8093.92
844	0.462664	-8096.5
845	0.462664	-8106.39
846	0.462664	-8103.92
847	0.462664	-8099.41
848	0.462664	-8099.31
849	0.462664	-8104.87
850	0.462664	-8103.78
851	0.462664	-8101.4
852	0.462664	-8115.35
853	0.462664	-8112.86
854	0.462664	-8110.46
855	0.462664	-8107.51
856	0.462664	-8097.91
857	0.462664	-8100
858	0.462664	-8102.2
859	0.462664	-8093.46
860	0.462664	-8090.44
861	0.462664	-8097.27
862	0.462664	-8103.51
863	0.462664	-8106.73
864	0.462664	-8109.42
865	0.462664	-8097.81
866	0.462664	-8090.89
867	0.462664	-8100.29
868	0.462664	-8090.69
869	0.462664	-8095.64
870	0.462664	-8098.91
871	0.462664	-8087.56
872	0.462664	-8097.71
873	0.462664	-8104.31
874	0.462664	-8094.85
875	0.462664	-8099.92
876	0.462664	-8100.37
877	0.462664	-8096.79
878	0.462664	-8106.98
879	0.462664	-8103.9
880	0.462664	-8095.67
881	0.462664	-8101.34
882	0.462664	-8105.12
883	0.462664	-8119.59
884	0.462664	-8113.08
885	0.462664	-8109.16
886	0.462664	-8109.81
887	0.462664	-8109.57
888	0.462664	-8115.37
889	0.462664	-8105.74
890	0.462664	-8115.74
891	0.462664	-8102.12
892	0.462664	-8086.57
893	0.462664	-8093.03
894	0.462664	-8089.19
895	0.462664	-8100.81
896	0.462664	-8103.8
897	0.462664	-8115.47
898	0.462664	-8117.47
899	0.462664	-8094.46
900	0.462664	-8089.82
901	0.462664	-8093.83
902	0.462664	-8099.2
903	0.462664	-8099.76
904	0.462664	-8108.48
905	0.462664	-8119.45
906	0.462664	-8105.92
907	0.462664	-8098.84
908	0.462664	-8098
909	0.462664	-8110.51
910	0.462664	-8112.52
911	0.462664	-8112.55
912	0.462664	-8104.4
913	0.462664	-8107.7
914	0.462664	-8105.07
915	0.462664	-8099.16
916	0.462664	-8096.49
917	0.462664	-8099.42
918	0.462664	-8105.03
919	0.462664	-8113.86
920	0.462664	-8106.53
921	0.462664	-8107.98
922	0.462664	-8101.48
923	0.462664	-8106.1
924	0.462664	-8109.82
925	0.462664	-8116.11
926	0.462664	-8105.8
927	0.462664	-8096.7
928	0.462664	-8100.39
929	0.462664	-8096.32
930	0.462664	-8096.58
931	0.462664	-8098.33
932	0.462664	-8098.55
933	0.462664	-8096.08
934	0.462664	-8098.84
935	0.462664	-8094.06
936	0.462664	-8100.61
937	0.462664	-8101.62
938	0.462664	-8100.4
939	0.462664	-8100.66
940	0.462664	-8092.61
941	0.462664	-8097.38
942	0.462664	-8097.24
943	0.462664	-8104.63
944	0.462664	-8101.65
945	0.462664	-8101.03
946	0.462664	-8093.08
947	0.462664	-8098.82
948	0.462664	-8089.05
949	0.462664	-8092.14
950	0.462664	-8100.18
951	0.462664	-8107.03
952	0.462664	-8095.7
953	0.462664	-8098.87
954	0.462664	-8103.18
955	0.462664	-8091.2
956	0.462664	-8098.04
957	0.462664	-8097.34
958	0.462664	-8093.63
959	0.462664	-8089.27
960	0.462664	-8101.26
961	0.462664	-8104.73
962	0.462664	-8107.22
963	0.462664	-8108.44
964	0.462664	-8105.62
965	0.462664	-8108.2
966	0.462664	-8099.4
967	0.462664	-8093.19
968	0.462664	-8103.81
969	0.462664	-8118.57
970	0.462664	-8119.33
971	0.462664	-8117.61
972	0.462664	-8114.5
973	0.462664	-8115.1
974	0.462664	-8106.02
975	0.462664	-8095.68
976	0.462664	-8099.87
977	0.462664	-8096.58
978	0.462664	-8090.56
979	0.462664	-8103.84
980	0.462664	-8099.77
981	0.462664	-8105.4
982	0.462664	-8096.54
983	0.462664	-8103.15
984	0.462664	-8102.5
985	0.462664	-8098.76
986	0.462664	-8102.84
987	0.462664	-8099.38
988	0.462664	-8095.65
989	0.462664	-8108.28
990	0.462664	-8103.52
991	0.462664	-8113.97
992	0.462664	-8111.44
993	0.462664	-8101.44
994	0.462664	-8097.78
995	0.462664	-8096.77
996	0.462664	-8109.71
997	0.462664	-8112.93
998	0.462664	-8098.25
999	0.462664	-8106.47
1000	0.462664	-8108.56
251	0.410146	-8103.12
252	0.410146	-8103.08
253	0.410146	-8112.24
254	0.410146	-8120.03
255	0.410146	-8123.38
256	0.410146	-8105.78
257	0.410146	-8122.96
258	0.410146	-8120.55
259	0.410146	-8123.84
260	0.410146	-8110.38
261	0.410146	-8109.48
262	0.410146	-8120.34
263	0.410146	-8108.39
264	0.410146	-8112.12
265	0.410146	-8104.95
266	0.410146	-8095.13
267	0.410146	-8102.34
268	0.410146	-8115.45
269	0.410146	-8110.37
270	0.410146	-8108.28
271	0.410146	-8098.57
272	0.410146	-8093.6
273	0.410146	-8094.4
274	0.410146	-8097.18
275	0.410146	-8093.62
276	0.410146	-8095.9
277	0.410146	-8105.44
278	0.410146	-8108.29
279	0.410146	-8097.35
280	0.410146	-8090.3
281	0.410146	-8093.07
282	0.410146	-8089.55
283	0.410146	-8107.5
284	0.410146	-8104.68
285	0.410146	-8116.05
286	0.410146	-8119.45
287	0.410146	-8109.36
288	0.410146	-8105.13
289	0.410146	-8104.86
290	0.410146	-8111.06
291	0.410146	-8101.64
292	0.410146	-8097.62
293	0.410146	-8096.4
294	0.410146	-8111.88
295	0.410146	-8108.95
296	0.410146	-8100.56
297	0.410146	-8104.28
298	0.410146	-8093.83
299	0.410146	-8101.01
300	0.410146	-8097.92
301	0.410146	-8101.53
302	0.410146	-8097.26
303	0.410146	-8099.65
304	0.410146	-8105.52
305	0.410146	-8101.82
306	0.410146	-8107.63
307	0.410146	-8101.74
308	0.410146	-8096.58
309	0.410146	-8094.13
310	0.410146	-8100.39
311	0.410146	-8102.09
312	0.410146	-8100.87
313	0.410146	-8108.09
314	0.410146	-8095.15
315	0.410146	-8105.88
316	0.410146	-8102.43
317	0.410146	-8094.1
318	0.410146	-8099.81
319	0.410146	-8098.04
320	0.410146	-8094.82
321	0.410146	-8096.27
322	0.410146	-8104.39
323	0.410146	-8101.4
324	0.410146	-8099.04
325	0.410146	-8098.82
326	0.410146	-8093.85
327	0.410146	-8094.8
328	0.410146	-8095.1
329	0.410146	-8104.73
330	0.410146	-8105.91
331	0.410146	-8110.36
332	0.410146	-8103.22
333	0.410146	-8107.53
334	0.410146	-8112.57
335	0.410146	-8108.96
336	0.410146	-8096.69
337	0.410146	-8107.88
338	0.410146	-8105.33
339	0.410146	-8106.2
340	0.410146	-8120.44
341	0.410146	-8113.31
342	0.410146	-8107.48
343	0.410146	-8109.87
344	0.410146	-8104.08
345	0.410146	-8107.45
346	0.410146	-8105.81
347	0.410146	-8106.41
348	0.410146	-8115.9
349	0.410146	-8113.27
350	0.410146	-8113.95
351	0.410146	-8119.96
352	0.410146	-8100.07
353	0.410146	-8093.77
354	0.410146	-8096.83
355	0.410146	-8100.08
356	0.410146	-8116.89
357	0.410146	-8113.92
358	0.410146	-8110.32
359	0.410146	-8113.4
360	0.410146	-8111.41
361	0.410146	-8117.71
362	0.410146	-8097.48
363	0.410146	-8106.54
364	0.410146	-8105.77
365	0.410146	-8094.51
366	0.410146	-8095.29
367	0.410146	-8087.19
368	0.410146	-8087.78
369	0.410146	-8090.59
370	0.410146	-8088.59
371	0.410146	-8091.85
372	0.410146	-8097.11
373	0.410146	-8102.56
374	0.410146	-8100.17
375	0.410146	-8092.15
376	0.410146	-8099.39
377	0.410146	-8092.58
378	0.410146	-8101.28
379	0.410146	-8097.98
380	0.410146	-8096.65
381	0.410146	-8100.43
382	0.410146	-8088.32
383	0.410146	-8089.55
384	0.410146	-8086
385	0.410146	-8090.61
386	0.410146	-8094.34
387	0.410146	-8104.04
388	0.410146	-8101.78
389	0.410146	-8109.53
390	0.410146	-8096.32
391	0.410146	-8106.64
392	0.410146	-8114.31
393	0.410146	-8108.25
394	0.410146	-8097.87
395	0.410146	-8117.02
396	0.410146	-8105.88
397	0.410146	-8102.6
398	0.410146	-8100.6
399	0.410146	-8108.54
400	0.410146	-8114.86
401	0.410146	-8106.3
402	0.410146	-8115.69
403	0.410146	-8099.62
404	0.410146	-8106.6
405	0.410146	-8112.26
406	0.410146	-8116.07
407	0.410146	-8111.35
408	0.410146	-8114.15
409	0.410146	-8115.09
410	0.410146	-8106.15
411	0.410146	-8119.43
412	0.410146	-8115.45
413	0.410146	-8103.6
414	0.410146	-8097.17
415	0.410146	-8107.98
416	0.410146	-8101.53
417	0.410146	-8094.48
418	0.410146	-8096.65
419	0.410146	-8093.8
420	0.410146	-8099.48
421	0.410146	-8103.26
422	0.410146	-8096.59
423	0.410146	-8103.53
424	0.410146	-8107.41
425	0.410146	-8100.7
426	0.410146	-8106.35
427	0.410146	-8102.38
428	0.410146	-8122.72
429	0.410146	-8107.48
430	0.410146	-8121.09
431	0.410146	-8117.8
432	0.410146	-8125.38
433	0.410146	-8121.81
434	0.410146	-8102.52
435	0.410146	-8108.05
436	0.410146	-8104.46
437	0.410146	-8113.81
438	0.410146	-8108.41
439	0.410146	-8102.1
440	0.410146	-8096.52
441	0.410146	-8104.6
442	0.410146	-8103.54
443	0.410146	-8096.2
444	0.410146	-8100.14
445	0.410146	-8095.2
446	0.410146	-8094.57
447	0.410146	-8093.81
448	0.410146	-8105.19
449	0.410146	-8100.63
450	0.410146	-8095.18
451	0.410146	-8098.8
452	0.410146	-8108.61
453	0.410146	-8102.26
454	0.410146	-8105.69
455	0.410146	-8121.96
456	0.410146	-8120.4
457	0.410146	-8096.56
458	0.410146	-8092.84
459	0.410146	-8092.93
460	0.410146	-8091.21
461	0.410146	-8094.55
462	0.410146	-8091.88
463	0.410146	-8106.24
464	0.410146	-8109.92
465	0.410146	-8116.54
466	0.410146	-8122.2
467	0.410146	-8106.48
468	0.410146	-8105.66
469	0.410146	-8101.64
470	0.410146	-8102.28
471	0.410146	-8100.26
472	0.410146	-8110.16
473	0.410146	-8124.41
474	0.410146	-8111.09
475	0.410146	-8106.64
476	0.410146	-8111.65
477	0.410146	-8100.34
478	0.410146	-8107.06
479	0.410146	-8113.18
480	0.410146	-8116.55
481	0.410146	-8100.38
482	0.410146	-8111.47
483	0.410146	-8112.8
484	0.410146	-8112.18
485	0.410146	-8096.51
486	0.410146	-8100.14
487	0.410146	-8100.72
488	0.410146	-8100.18
489	0.410146	-8111.5
490	0.410146	-8105.16
491	0.410146	-8095.24
492	0.410146	-8100.62
493	0.410146	-8092.88
494	0.410146	-8100.25
495	0.410146	-8089.48
496	0.410146	-8099.72
497	0.410146	-8083.79
498	0.410146	-8083.17
499	0.410146	-8097.64
500	0.410146	-8105.09
501	0.410146	-8105.38
502	0.410146	-8101.18
503	0.410146	-8100.45
504	0.410146	-8115.89
505	0.410146	-8108.72
506	0.410146	-8108.37
507	0.410146	-8103.46
508	0.410146	-8103.33
509	0.410146	-8093.77
510	0.410146	-8118.08
511	0.410146	-8105.87
512	0.410146	-8100.76
513	0.410146	-8107.84
514	0.410146	-8111.43
515	0.410146	-8104.55
516	0.410146	-8096.78
517	0.410146	-8096.62
518	0.410146	-8113.91
519	0.410146	-8096.64
520	0.410146	-8100.97
521	0.410146	-8106.65
522	0.410146	-8106.9
523	0.410146	-8098.71
524	0.410146	-8100.79
525	0.410146	-8102.89
526	0.410146	-8096.86
527	0.410146	-8100.23
528	0.410146	-8098.85
529	0.410146	-8106.56
530	0.410146	-8100.46
531	0.410146	-8106.12
532	0.410146	-8106.77
533	0.410146	-8116.02
534	0.410146	-8099.6
535	0.410146	-8110.28
536	0.410146	-8109.65
537	0.410146	-8100.76
538	0.410146	-8093.67
539	0.410146	-8099.06
540	0.410146	-8096.17
541	0.410146	-8101.57
542	0.410146	-8100.05
543	0.410146	-8093.31
544	0.410146	-8094.99
545	0.410146	-8093.97
546	0.410146	-8100.17
547	0.410146	-8099.62
548	0.410146	-8107.31
549	0.410146	-8121.15
550	0.410146	-8111.19
551	0.410146	-8115.31
552	0.410146	-8104.99
553	0.410146	-8117.82
554	0.410146	-8110.55
555	0.410146	-8112.2
556	0.410146	-8115.25
557	0.410146	-8119.47
558	0.410146	-8120.6
559	0.410146	-8094.68
560	0.410146	-8103.56
561	0.410146	-8123.72
562	0.410146	-8101.51
563	0.410146	-8090.37
564	0.410146	-8102.99
565	0.410146	-8108.57
566	0.410146	-8107.77
567	0.410146	-8101.95
568	0.410146	-8113.54
569	0.410146	-8126.49
570	0.410146	-8130.74
571	0.410146	-8132.79
572	0.410146	-8107.81
573	0.410146	-8107.55
574	0.410146	-8110.56
575	0.410146	-8123.7
576	0.410146	-8122.73
577	0.410146	-8115.78
578	0.410146	-8106.73
579	0.410146	-8106.91
580	0.410146	-8112.14
581	0.410146	-8108.66
582	0.410146	-8101.09
583	0.410146	-8106.91
584	0.410146	-8099.41
585	0.410146	-8100.78
586	0.410146	-8106.52
587	0.410146	-8096.75
588	0.410146	-8100.06
589	0.410146	-8109.01
590	0.410146	-8103.97
591	0.410146	-8097.52
592	0.410146	-8103.56
593	0.410146	-8099.47
594	0.410146	-8097.31
595	0.410146	-8110.33
596	0.410146	-8112.01
597	0.410146	-8120.59
598	0.410146	-8124.71
599	0.410146	-8117.73
600	0.410146	-8113.72
601	0.410146	-8111.12
602	0.410146	-8106.32
603	0.410146	-8108.98
604	0.410146	-8103.81
605	0.410146	-8105.37
606	0.410146	-8105.28
607	0.410146	-8103.72
608	0.410146	-8123.29
609	0.410146	-8127.82
610	0.410146	-8135.59
611	0.410146	-8124.62
612	0.410146	-8129.71
613	0.410146	-8110.95
614	0.410146	-8104.54
615	0.410146	-8102.5
616	0.410146	-8095.43
617	0.410146	-8095.91
618	0.410146	-8086.11
619	0.410146	-8084.36
620	0.410146	-8085.61
621	0.410146	-8092.76
622	0.410146	-8089.49
623	0.410146	-8092.38
624	0.410146	-8095.38
625	0.410146	-8087.67
626	0.410146	-8091.34
627	0.410146	-8097.46
628	0.410146	-8096.85
629	0.410146	-8090.75
630	0.410146	-8098.3
631	0.410146	-8106.81
632	0.410146	-8107.3
633	0.410146	-8113.82
634	0.410146	-8111.32
635	0.410146	-8099.53
636	0.410146	-8105.31
637	0.410146	-8105.12
638	0.410146	-8106.78
639	0.410146	-8103.35
640	0.410146	-8101.43
641	0.410146	-8097.08
642	0.410146	-8102.59
643	0.410146	-8110
644	0.410146	-8093.64
645	0.410146	-8096.46
646	0.410146	-8097.26
647	0.410146	-8098.87
648	0.410146	-8105.61
649	0.410146	-8111.83
650	0.410146	-8111.33
651	0.410146	-8120.28
652	0.410146	-8123.06
653	0.410146	-8121.16
654	0.410146	-8105.17
655	0.410146	-8098.57
656	0.410146	-8096.95
657	0.410146	-8092.59
658	0.410146	-8095.16
659	0.410146	-8114.97
660	0.410146	-8114.98
661	0.410146	-8107.66
662	0.410146	-8105.2
663	0.410146	-8114.33
664	0.410146	-8112.24
665	0.410146	-8111.61
666	0.410146	-8101.1
667	0.410146	-8096.33
668	0.410146	-8096.68
669	0.410146	-8093.83
670	0.410146	-8094.52
671	0.410146	-8098.64
672	0.410146	-8100
673	0.410146	-8109.66
674	0.410146	-8123.98
675	0.410146	-8110.96
676	0.410146	-8120.85
677	0.410146	-8118.44
678	0.410146	-8108.76
679	0.410146	-8119.25
680	0.410146	-8121.12
681	0.410146	-8103.98
682	0.410146	-8111.9
683	0.410146	-8097.38
684	0.410146	-8099.28
685	0.410146	-8121.3
686	0.410146	-8109.48
687	0.410146	-8104.63
688	0.410146	-8093.64
689	0.410146	-8094.78
690	0.410146	-8099.45
691	0.410146	-8091.97
692	0.410146	-8092.51
693	0.410146	-8090.9
694	0.410146	-8100.31
695	0.410146	-8090.93
696	0.410146	-8091.79
697	0.410146	-8103.79
698	0.410146	-8099.06
699	0.410146	-8106.53
700	0.410146	-8103.04
701	0.410146	-8103.56
702	0.410146	-8099.48
703	0.410146	-8088.86
704	0.410146	-8097.01
705	0.410146	-8094.16
706	0.410146	-8087.13
707	0.410146	-8100.2
708	0.410146	-8104.67
709	0.410146	-8103
710	0.410146	-8117.76
711	0.410146	-8117.74
712	0.410146	-8121.47
713	0.410146	-8106.36
714	0.410146	-8105.68
715	0.410146	-8111.03
716	0.410146	-8116.67
717	0.410146	-8105.91
718	0.410146	-8097.52
719	0.410146	-8091.25
720	0.410146	-8103.46
721	0.410146	-8106.18
722	0.410146	-8101.87
723	0.410146	-8101.44
724	0.410146	-8099.52
725	0.410146	-8097.4
726	0.410146	-8105.38
727	0.410146	-8112.74
728	0.410146	-8105.63
729	0.410146	-8114.24
730	0.410146	-8109.12
731	0.410146	-8110.69
732	0.410146	-8104.06
733	0.410146	-8099.03
734	0.410146	-8096.74
735	0.410146	-8098.2
736	0.410146	-8105.51
737	0.410146	-8111.58
738	0.410146	-8120.99
739	0.410146	-8116.34
740	0.410146	-8113.82
741	0.410146	-8101.97
742	0.410146	-8105.54
743	0.410146	-8117.87
744	0.410146	-8107.83
745	0.410146	-8116.24
746	0.410146	-8125.27
747	0.410146	-8121.94
748	0.410146	-8102.03
749	0.410146	-8104.47
750	0.410146	-8103.61
751	0.410146	-8106.12
752	0.410146	-8114
753	0.410146	-8107.47
754	0.410146	-8102.33
755	0.410146	-8119.46
756	0.410146	-8101.39
757	0.410146	-8107.01
758	0.410146	-8114.12
759	0.410146	-8132.36
760	0.410146	-8130.18
761	0.410146	-8112.58
762	0.410146	-8117.75
763	0.410146	-8119.32
764	0.410146	-8098.08
765	0.410146	-8093.23
766	0.410146	-8100.11
767	0.410146	-8100.85
768	0.410146	-8100.1
769	0.410146	-8101.3
770	0.410146	-8105.68
771	0.410146	-8090.56
772	0.410146	-8100.89
773	0.410146	-8099.15
774	0.410146	-8089.64
775	0.410146	-8100.25
776	0.410146	-8093.37
777	0.410146	-8097.09
778	0.410146	-8113.96
779	0.410146	-8117.62
780	0.410146	-8103.79
781	0.410146	-8109.7
782	0.410146	-8104
783	0.410146	-8112.82
784	0.410146	-8099.77
785	0.410146	-8095.57
786	0.410146	-8096
787	0.410146	-8104.41
788	0.410146	-8103.14
789	0.410146	-8110.48
790	0.410146	-8116.88
791	0.410146	-8106.5
792	0.410146	-8108.04
793	0.410146	-8110.78
794	0.410146	-8100.92
795	0.410146	-8099.95
796	0.410146	-8098.64
797	0.410146	-8106.04
798	0.410146	-8123.24
799	0.410146	-8110.72
800	0.410146	-8098.32
801	0.410146	-8113.84
802	0.410146	-8112.07
803	0.410146	-8118.47
804	0.410146	-8122.26
805	0.410146	-8121.39
806	0.410146	-8111.19
807	0.410146	-8111.38
808	0.410146	-8101.71
809	0.410146	-8110.16
810	0.410146	-8110.1
811	0.410146	-8114.11
812	0.410146	-8119.93
813	0.410146	-8098.8
814	0.410146	-8096.19
815	0.410146	-8091.31
816	0.410146	-8099.77
817	0.410146	-8102.68
818	0.410146	-8115.09
819	0.410146	-8107.21
820	0.410146	-8110.27
821	0.410146	-8120.34
822	0.410146	-8121.83
823	0.410146	-8104.38
824	0.410146	-8098.12
825	0.410146	-8100.19
826	0.410146	-8092.69
827	0.410146	-8098.19
828	0.410146	-8093.05
829	0.410146	-8099.92
830	0.410146	-8105.17
831	0.410146	-8105.55
832	0.410146	-8108.46
833	0.410146	-8118.68
834	0.410146	-8121.26
835	0.410146	-8109.89
836	0.410146	-8121.89
837	0.410146	-8118.57
838	0.410146	-8128.65
839	0.410146	-8127.28
840	0.410146	-8124.06
841	0.410146	-8131.08
842	0.410146	-8118.94
843	0.410146	-8127.12
844	0.410146	-8127.32
845	0.410146	-8117.45
846	0.410146	-8112.28
847	0.410146	-8100.05
848	0.410146	-8116.53
849	0.410146	-8124.38
850	0.410146	-8110.54
851	0.410146	-8111.76
852	0.410146	-8112.27
853	0.410146	-8110.23
854	0.410146	-8103.5
855	0.410146	-8102.6
856	0.410146	-8094.52
857	0.410146	-8089.86
858	0.410146	-8096.52
859	0.410146	-8092.45
860	0.410146	-8100.37
861	0.410146	-8104.91
862	0.410146	-8112.28
863	0.410146	-8092.45
864	0.410146	-8099.34
865	0.410146	-8104.56
866	0.410146	-8118.27
867	0.410146	-8115.64
868	0.410146	-8097.21
869	0.410146	-8092.52
870	0.410146	-8099.79
871	0.410146	-8096.25
872	0.410146	-8110.1
873	0.410146	-8110.36
874	0.410146	-8087.92
875	0.410146	-8104.93
876	0.410146	-8106.25
877	0.410146	-8103.34
878	0.410146	-8101
879	0.410146	-8095.3
880	0.410146	-8097
881	0.410146	-8109.24
882	0.410146	-8095.78
883	0.410146	-8098.46
884	0.410146	-8090.93
885	0.410146	-8092.39
886	0.410146	-8102.53
887	0.410146	-8093.11
888	0.410146	-8100.63
889	0.410146	-8101.37
890	0.410146	-8106.16
891	0.410146	-8103.34
892	0.410146	-8114.86
893	0.410146	-8102.3
894	0.410146	-8104.13
895	0.410146	-8096.08
896	0.410146	-8097.31
897	0.410146	-8112.36
898	0.410146	-8099.57
899	0.410146	-8111.43
900	0.410146	-8118.22
901	0.410146	-8110.48
902	0.410146	-8104.41
903	0.410146	-8110.73
904	0.410146	-8111.6
905	0.410146	-8115.43
906	0.410146	-8115.66
907	0.410146	-8113.78
908	0.410146	-8118.93
909	0.410146	-8115.46
910	0.410146	-8119.59
911	0.410146	-8107.82
912	0.410146	-8106.62
913	0.410146	-8103.46
914	0.410146	-8112.16
915	0.410146	-8112.73
916	0.410146	-8107.01
917	0.410146	-8093.09
918	0.410146	-8094.55
919	0.410146	-8099.05
920	0.410146	-8110.24
921	0.410146	-8109.04
922	0.410146	-8114.26
923	0.410146	-8116.65
924	0.410146	-8124.46
925	0.410146	-8111.86
926	0.410146	-8106.91
927	0.410146	-8109.46
928	0.410146	-8093.76
929	0.410146	-8092.33
930	0.410146	-8098.31
931	0.410146	-8105.32
932	0.410146	-8096.35
933	0.410146	-8101.44
934	0.410146	-8106.57
935	0.410146	-8106.23
936	0.410146	-8106.49
937	0.410146	-8104.25
938	0.410146	-8098.79
939	0.410146	-8098.02
940	0.410146	-8110.93
941	0.410146	-8115.01
942	0.410146	-8094.08
943	0.410146	-8086.42
944	0.410146	-8085.12
945	0.410146	-8108.09
946	0.410146	-8097.24
947	0.410146	-8095.38
948	0.410146	-8094.7
949	0.410146	-8107.24
950	0.410146	-8085.78
951	0.410146	-8094.42
952	0.410146	-8097.15
953	0.410146	-8109.6
954	0.410146	-8113.45
955	0.410146	-8103.4
956	0.410146	-8110.09
957	0.410146	-8094.01
958	0.410146	-8099.54
959	0.410146	-8114
960	0.410146	-8108.87
961	0.410146	-8118.63
962	0.410146	-8121.2
963	0.410146	-8112.99
964	0.410146	-8107.36
965	0.410146	-8110.39
966	0.410146	-8099.64
967	0.410146	-8087.09
968	0.410146	-8109.04
969	0.410146	-8100.99
970	0.410146	-8099.43
971	0.410146	-8105.97
972	0.410146	-8105.32
973	0.410146	-8103.74
974	0.410146	-8096.09
975	0.410146	-8118.34
976	0.410146	-8103.65
977	0.410146	-8102.9
978	0.410146	-8103
979	0.410146	-8099.38
980	0.410146	-8101.41
981	0.410146	-8108.79
982	0.410146	-8105.85
983	0.410146	-8110.4
984	0.410146	-8106.98
985	0.410146	-8100.28
986	0.410146	-8104.9
987	0.410146	-8111.27
988	0.410146	-8110.48
989	0.410146	-8101.6
990	0.410146	-8098.31
991	0.410146	-8097.79
992	0.410146	-8108.16
993	0.410146	-8102.06
994	0.410146	-8105.44
995	0.410146	-8111.56
996	0.410146	-8108.74
997	0.410146	-8106.41
998	0.410146	-8108.33
999	0.410146	-8104.87
1000	0.410146	-8106.05
251	0.36251	-8099.06
252	0.36251	-8112.32
253	0.36251	-8113.62
254	0.36251	-8094.5
255	0.36251	-8096.36
256	0.36251	-8111.78
257	0.36251	-8114.35
258	0.36251	-8098.49
259	0.36251	-8107.03
260	0.36251	-8109.43
261	0.36251	-8101.39
262	0.36251	-8107.2
263	0.36251	-8109.77
264	0.36251	-8103.21
265	0.36251	-8109.55
266	0.36251	-8102.47
267	0.36251	-8097.96
268	0.36251	-8104.03
269	0.36251	-8103.17
270	0.36251	-8100.25
271	0.36251	-8096.14
272	0.36251	-8090.84
273	0.36251	-8099.42
274	0.36251	-8098.3
275	0.36251	-8106.34
276	0.36251	-8108.32
277	0.36251	-8114.32
278	0.36251	-8101.18
279	0.36251	-8098.96
280	0.36251	-8104.2
281	0.36251	-8100.37
282	0.36251	-8096.36
283	0.36251	-8103.26
284	0.36251	-8110.21
285	0.36251	-8114.67
286	0.36251	-8102.3
287	0.36251	-8104.55
288	0.36251	-8102.35
289	0.36251	-8118.68
290	0.36251	-8114.09
291	0.36251	-8114.61
292	0.36251	-8117.61
293	0.36251	-8122.72
294	0.36251	-8125.51
295	0.36251	-8118.28
296	0.36251	-8110.09
297	0.36251	-8107.62
298	0.36251	-8107.98
299	0.36251	-8117.08
300	0.36251	-8106.32
301	0.36251	-8097.92
302	0.36251	-8106.7
303	0.36251	-8100.24
304	0.36251	-8104.02
305	0.36251	-8112.22
306	0.36251	-8112.38
307	0.36251	-8113.03
308	0.36251	-8115.05
309	0.36251	-8116.37
310	0.36251	-8119.18
311	0.36251	-8110.43
312	0.36251	-8101.19
313	0.36251	-8111.09
314	0.36251	-8104.31
315	0.36251	-8085.68
316	0.36251	-8096.49
317	0.36251	-8095.79
318	0.36251	-8100
319	0.36251	-8107.97
320	0.36251	-8110.51
321	0.36251	-8100.72
322	0.36251	-8097.83
323	0.36251	-8099.8
324	0.36251	-8107.14
325	0.36251	-8102.14
326	0.36251	-8102.43
327	0.36251	-8101.53
328	0.36251	-8108.75
329	0.36251	-8120.74
330	0.36251	-8124.73
331	0.36251	-8116.33
332	0.36251	-8113.03
333	0.36251	-8116.36
334	0.36251	-8105.41
335	0.36251	-8103.07
336	0.36251	-8113.92
337	0.36251	-8101.21
338	0.36251	-8093.72
339	0.36251	-8094.85
340	0.36251	-8092.78
341	0.36251	-8102.02
342	0.36251	-8112.41
343	0.36251	-8095.59
344	0.36251	-8099.48
345	0.36251	-8091.15
346	0.36251	-8116.71
347	0.36251	-8107.43
348	0.36251	-8100.02
349	0.36251	-8106.02
350	0.36251	-8112.32
351	0.36251	-8110.54
352	0.36251	-8118.53
353	0.36251	-8113.48
354	0.36251	-8127.15
355	0.36251	-8125.66
356	0.36251	-8117.46
357	0.36251	-8110.87
358	0.36251	-8096.92
359	0.36251	-8101.53
360	0.36251	-8107.79
361	0.36251	-8116.57
362	0.36251	-8120.66
363	0.36251	-8107.47
364	0.36251	-8116.94
365	0.36251	-8097.74
366	0.36251	-8106.23
367	0.36251	-8104.54
368	0.36251	-8104.6
369	0.36251	-8122.84
370	0.36251	-8141.26
371	0.36251	-8145.31
372	0.36251	-8091.79
373	0.36251	-8101.41
374	0.36251	-8093.02
375	0.36251	-8107
376	0.36251	-8108.66
377	0.36251	-8108.05
378	0.36251	-8118.54
379	0.36251	-8096.13
380	0.36251	-8107.99
381	0.36251	-8103.39
382	0.36251	-8101.02
383	0.36251	-8103.22
384	0.36251	-8101.91
385	0.36251	-8120.37
386	0.36251	-8109.56
387	0.36251	-8105.65
388	0.36251	-8100.01
389	0.36251	-8091.03
390	0.36251	-8111.47
391	0.36251	-8101.52
392	0.36251	-8100.34
393	0.36251	-8099.85
394	0.36251	-8101.51
395	0.36251	-8110.36
396	0.36251	-8119.38
397	0.36251	-8119.71
398	0.36251	-8112.34
399	0.36251	-8112.93
400	0.36251	-8104.04
401	0.36251	-8110.54
402	0.36251	-8109.34
403	0.36251	-8107.77
404	0.36251	-8103.07
405	0.36251	-8101.07
406	0.36251	-8106.67
407	0.36251	-8103.62
408	0.36251	-8108.4
409	0.36251	-8107.1
410	0.36251	-8094.76
411	0.36251	-8117.36
412	0.36251	-8101.6
413	0.36251	-8099.93
414	0.36251	-8103.54
415	0.36251	-8113.72
416	0.36251	-8110.82
417	0.36251	-8109.39
418	0.36251	-8118.18
419	0.36251	-8114.86
420	0.36251	-8103.63
421	0.36251	-8105.2
422	0.36251	-8100.65
423	0.36251	-8110.75
424	0.36251	-8100.55
425	0.36251	-8103.73
426	0.36251	-8112.26
427	0.36251	-8105.29
428	0.36251	-8105.58
429	0.36251	-8100.18
430	0.36251	-8104.01
431	0.36251	-8113.69
432	0.36251	-8108.54
433	0.36251	-8110.99
434	0.36251	-8121.27
435	0.36251	-8109.86
436	0.36251	-8118.88
437	0.36251	-8110.46
438	0.36251	-8106.35
439	0.36251	-8097
440	0.36251	-8108.77
441	0.36251	-8121.75
442	0.36251	-8118.2
443	0.36251	-8114.12
444	0.36251	-8110.95
445	0.36251	-8115.66
446	0.36251	-8114.11
447	0.36251	-8117.89
448	0.36251	-8119.22
449	0.36251	-8101.26
450	0.36251	-8101.36
451	0.36251	-8101.99
452	0.36251	-8114.12
453	0.36251	-8112.03
454	0.36251	-8102.55
455	0.36251	-8102.71
456	0.36251	-8098.7
457	0.36251	-8096.68
458	0.36251	-8108.28
459	0.36251	-8110.46
460	0.36251	-8111.8
461	0.36251	-8125.5
462	0.36251	-8117.32
463	0.36251	-8107.86
464	0.36251	-8133.63
465	0.36251	-8118.58
466	0.36251	-8116.7
467	0.36251	-8109.77
468	0.36251	-8113.5
469	0.36251	-8106.1
470	0.36251	-8115.33
471	0.36251	-8110.22
472	0.36251	-8112.95
473	0.36251	-8110.41
474	0.36251	-8114.5
475	0.36251	-8119.08
476	0.36251	-8117.62
477	0.36251	-8128.74
478	0.36251	-8120.87
479	0.36251	-8104.2
480	0.36251	-8103.11
481	0.36251	-8093.89
482	0.36251	-8098.56
483	0.36251	-8105.23
484	0.36251	-8103.69
485	0.36251	-8110.24
486	0.36251	-8117.25
487	0.36251	-8120.46
488	0.36251	-8105.96
489	0.36251	-8103.54
490	0.36251	-8113.27
491	0.36251	-8101
492	0.36251	-8098.72
493	0.36251	-8093.43
494	0.36251	-8095.78
495	0.36251	-8110.24
496	0.36251	-8103.9
497	0.36251	-8095.41
498	0.36251	-8103.01
499	0.36251	-8117.39
500	0.36251	-8118.16
501	0.36251	-8112.57
502	0.36251	-8106.78
503	0.36251	-8104.3
504	0.36251	-8103.36
505	0.36251	-8117.82
506	0.36251	-8121.27
507	0.36251	-8117.47
508	0.36251	-8123.92
509	0.36251	-8102.8
510	0.36251	-8126.13
511	0.36251	-8135.33
512	0.36251	-8132.94
513	0.36251	-8135.71
514	0.36251	-8120.09
515	0.36251	-8123.85
516	0.36251	-8120.83
517	0.36251	-8104
518	0.36251	-8111.83
519	0.36251	-8113.16
520	0.36251	-8099.64
521	0.36251	-8101.02
522	0.36251	-8116.55
523	0.36251	-8102.24
524	0.36251	-8101.15
525	0.36251	-8106.24
526	0.36251	-8102.17
527	0.36251	-8100.31
528	0.36251	-8097.6
529	0.36251	-8112.09
530	0.36251	-8110.36
531	0.36251	-8104.68
532	0.36251	-8110.13
533	0.36251	-8099.29
534	0.36251	-8096.11
535	0.36251	-8107.92
536	0.36251	-8100.5
537	0.36251	-8113.97
538	0.36251	-8105.71
539	0.36251	-8108.21
540	0.36251	-8109.42
541	0.36251	-8116.1
542	0.36251	-8129.16
543	0.36251	-8121.09
544	0.36251	-8125.65
545	0.36251	-8111.54
546	0.36251	-8108.39
547	0.36251	-8116.57
548	0.36251	-8111.88
549	0.36251	-8108.78
550	0.36251	-8109.97
551	0.36251	-8122.51
552	0.36251	-8113.69
553	0.36251	-8120.2
554	0.36251	-8109.84
555	0.36251	-8101.79
556	0.36251	-8104.25
557	0.36251	-8104.84
558	0.36251	-8106.3
559	0.36251	-8104.29
560	0.36251	-8119
561	0.36251	-8128.67
562	0.36251	-8108.11
563	0.36251	-8105.04
564	0.36251	-8104.34
565	0.36251	-8107.26
566	0.36251	-8108.99
567	0.36251	-8114.39
568	0.36251	-8109.58
569	0.36251	-8120.81
570	0.36251	-8119.49
571	0.36251	-8119.49
572	0.36251	-8109.79
573	0.36251	-8106.28
574	0.36251	-8108.21
575	0.36251	-8098.85
576	0.36251	-8093.08
577	0.36251	-8110.85
578	0.36251	-8109.05
579	0.36251	-8104.75
580	0.36251	-8110.14
581	0.36251	-8102.21
582	0.36251	-8103.93
583	0.36251	-8103.21
584	0.36251	-8101.39
585	0.36251	-8092.45
586	0.36251	-8101.35
587	0.36251	-8121.44
588	0.36251	-8115.99
589	0.36251	-8114.38
590	0.36251	-8107.89
591	0.36251	-8108.82
592	0.36251	-8110.85
593	0.36251	-8110.49
594	0.36251	-8115.43
595	0.36251	-8098.8
596	0.36251	-8091.26
597	0.36251	-8098.29
598	0.36251	-8096.86
599	0.36251	-8103.85
600	0.36251	-8103.97
601	0.36251	-8101.07
602	0.36251	-8091.92
603	0.36251	-8098.67
604	0.36251	-8100.38
605	0.36251	-8091.23
606	0.36251	-8103.61
607	0.36251	-8104.6
608	0.36251	-8107.68
609	0.36251	-8112.31
610	0.36251	-8113.16
611	0.36251	-8110.61
612	0.36251	-8109.7
613	0.36251	-8114.41
614	0.36251	-8108.87
615	0.36251	-8109.28
616	0.36251	-8117.91
617	0.36251	-8116.26
618	0.36251	-8110.33
619	0.36251	-8110.52
620	0.36251	-8113.8
621	0.36251	-8115.14
622	0.36251	-8117.26
623	0.36251	-8118.21
624	0.36251	-8105.69
625	0.36251	-8107.34
626	0.36251	-8104.67
627	0.36251	-8104.52
628	0.36251	-8103.2
629	0.36251	-8104.41
630	0.36251	-8091.3
631	0.36251	-8088.5
632	0.36251	-8091.98
633	0.36251	-8094.95
634	0.36251	-8090.79
635	0.36251	-8106.8
636	0.36251	-8092.71
637	0.36251	-8105.48
638	0.36251	-8109.7
639	0.36251	-8109.97
640	0.36251	-8117.12
641	0.36251	-8104.57
642	0.36251	-8108.08
643	0.36251	-8104.24
644	0.36251	-8108.61
645	0.36251	-8101.1
646	0.36251	-8106.57
647	0.36251	-8115.09
648	0.36251	-8107.69
649	0.36251	-8109.47
650	0.36251	-8103.87
651	0.36251	-8099.26
652	0.36251	-8113.4
653	0.36251	-8131.97
654	0.36251	-8121.69
655	0.36251	-8133.2
656	0.36251	-8121.93
657	0.36251	-8111.94
658	0.36251	-8114
659	0.36251	-8094.88
660	0.36251	-8093.7
661	0.36251	-8099.32
662	0.36251	-8101.22
663	0.36251	-8111.8
664	0.36251	-8110.75
665	0.36251	-8113.35
666	0.36251	-8114.16
667	0.36251	-8111.94
668	0.36251	-8106.09
669	0.36251	-8093.56
670	0.36251	-8105.88
671	0.36251	-8115.95
672	0.36251	-8105.99
673	0.36251	-8108.75
674	0.36251	-8114.42
675	0.36251	-8109.46
676	0.36251	-8105.37
677	0.36251	-8111.5
678	0.36251	-8114.86
679	0.36251	-8131.35
680	0.36251	-8100.04
681	0.36251	-8104.93
682	0.36251	-8111.84
683	0.36251	-8111.78
684	0.36251	-8124.91
685	0.36251	-8114.79
686	0.36251	-8115.69
687	0.36251	-8113.73
688	0.36251	-8119.76
689	0.36251	-8105.03
690	0.36251	-8101.54
691	0.36251	-8103.13
692	0.36251	-8114.88
693	0.36251	-8107.91
694	0.36251	-8099.76
695	0.36251	-8101.53
696	0.36251	-8102.01
697	0.36251	-8099.71
698	0.36251	-8105.95
699	0.36251	-8095.99
700	0.36251	-8105.46
701	0.36251	-8096.58
702	0.36251	-8092.34
703	0.36251	-8092.59
704	0.36251	-8107.99
705	0.36251	-8105.65
706	0.36251	-8098.73
707	0.36251	-8096.16
708	0.36251	-8097.79
709	0.36251	-8104.09
710	0.36251	-8100.62
711	0.36251	-8103.52
712	0.36251	-8099.3
713	0.36251	-8096.42
714	0.36251	-8100.03
715	0.36251	-8107.57
716	0.36251	-8109.76
717	0.36251	-8105.48
718	0.36251	-8096.17
719	0.36251	-8105.4
720	0.36251	-8105.87
721	0.36251	-8103.01
722	0.36251	-8095.53
723	0.36251	-8115.22
724	0.36251	-8103.83
725	0.36251	-8105.97
726	0.36251	-8096.66
727	0.36251	-8100.37
728	0.36251	-8103.82
729	0.36251	-8119.85
730	0.36251	-8122.45
731	0.36251	-8129.8
732	0.36251	-8112.57
733	0.36251	-8112.8
734	0.36251	-8132.23
735	0.36251	-8113.81
736	0.36251	-8147.28
737	0.36251	-8134.21
738	0.36251	-8129.68
739	0.36251	-8124.74
740	0.36251	-8115.1
741	0.36251	-8106.54
742	0.36251	-8114.51
743	0.36251	-8112.77
744	0.36251	-8102.1
745	0.36251	-8099.55
746	0.36251	-8109.81
747	0.36251	-8098.58
748	0.36251	-8109.38
749	0.36251	-8124.3
750	0.36251	-8121.69
751	0.36251	-8116.48
752	0.36251	-8111.91
753	0.36251	-8108.77
754	0.36251	-8116.52
755	0.36251	-8106.9
756	0.36251	-8106.59
757	0.36251	-8101.74
758	0.36251	-8106.72
759	0.36251	-8107.39
760	0.36251	-8120.06
761	0.36251	-8125.89
762	0.36251	-8117.16
763	0.36251	-8107.49
764	0.36251	-8115.96
765	0.36251	-8139.29
766	0.36251	-8120.94
767	0.36251	-8124.52
768	0.36251	-8120.19
769	0.36251	-8096.57
770	0.36251	-8100.8
771	0.36251	-8095.62
772	0.36251	-8102.99
773	0.36251	-8112.48
774	0.36251	-8116.51
775	0.36251	-8098.62
776	0.36251	-8107.34
777	0.36251	-8098.72
778	0.36251	-8108.65
779	0.36251	-8119.63
780	0.36251	-8130.17
781	0.36251	-8151.35
782	0.36251	-8143.93
783	0.36251	-8142.32
784	0.36251	-8133.68
785	0.36251	-8136.96
786	0.36251	-8132.15
787	0.36251	-8118.96
788	0.36251	-8106.15
789	0.36251	-8104.22
790	0.36251	-8111.52
791	0.36251	-8100.65
792	0.36251	-8106.41
793	0.36251	-8117.01
794	0.36251	-8104.14
795	0.36251	-8097.16
796	0.36251	-8101.8
797	0.36251	-8097.8
798	0.36251	-8111.21
799	0.36251	-8116
800	0.36251	-8117.59
801	0.36251	-8121.07
802	0.36251	-8118.93
803	0.36251	-8120.38
804	0.36251	-8118.19
805	0.36251	-8100.19
806	0.36251	-8118.58
807	0.36251	-8116.72
808	0.36251	-8116.74
809	0.36251	-8136.48
810	0.36251	-8105.51
811	0.36251	-8113.18
812	0.36251	-8100.2
813	0.36251	-8103.75
814	0.36251	-8107.12
815	0.36251	-8119.58
816	0.36251	-8104.58
817	0.36251	-8108.26
818	0.36251	-8113.46
819	0.36251	-8103.18
820	0.36251	-8106.03
821	0.36251	-8105.75
822	0.36251	-8108.17
823	0.36251	-8103.2
824	0.36251	-8109.06
825	0.36251	-8101.67
826	0.36251	-8117.99
827	0.36251	-8104.17
828	0.36251	-8097.9
829	0.36251	-8103.39
830	0.36251	-8100.3
831	0.36251	-8099.52
832	0.36251	-8102.99
833	0.36251	-8104.32
834	0.36251	-8103.05
835	0.36251	-8097.38
836	0.36251	-8095.38
837	0.36251	-8092.23
838	0.36251	-8099.66
839	0.36251	-8114.66
840	0.36251	-8106.45
841	0.36251	-8099.3
842	0.36251	-8114.1
843	0.36251	-8105.21
844	0.36251	-8108.16
845	0.36251	-8113.47
846	0.36251	-8116.06
847	0.36251	-8103.9
848	0.36251	-8099.62
849	0.36251	-8092.31
850	0.36251	-8091.38
851	0.36251	-8105.45
852	0.36251	-8091.04
853	0.36251	-8103.55
854	0.36251	-8105.62
855	0.36251	-8095.88
856	0.36251	-8100.39
857	0.36251	-8102.43
858	0.36251	-8098.35
859	0.36251	-8104.71
860	0.36251	-8093.25
861	0.36251	-8098.84
862	0.36251	-8111.94
863	0.36251	-8096.68
864	0.36251	-8103.96
865	0.36251	-8101.96
866	0.36251	-8105.14
867	0.36251	-8108.78
868	0.36251	-8103.21
869	0.36251	-8110.56
870	0.36251	-8105.41
871	0.36251	-8102.54
872	0.36251	-8108.67
873	0.36251	-8117.96
874	0.36251	-8117.17
875	0.36251	-8106.51
876	0.36251	-8099.86
877	0.36251	-8106.68
878	0.36251	-8119.87
879	0.36251	-8119.76
880	0.36251	-8111.14
881	0.36251	-8123
882	0.36251	-8118.61
883	0.36251	-8119.14
884	0.36251	-8121.98
885	0.36251	-8111.37
886	0.36251	-8118.67
887	0.36251	-8116.13
888	0.36251	-8102.92
889	0.36251	-8104.23
890	0.36251	-8099.2
891	0.36251	-8099.65
892	0.36251	-8099.45
893	0.36251	-8109.69
894	0.36251	-8115.66
895	0.36251	-8100.22
896	0.36251	-8100.2
897	0.36251	-8100.7
898	0.36251	-8104.46
899	0.36251	-8134.9
900	0.36251	-8134.58
901	0.36251	-8154.51
902	0.36251	-8116.69
903	0.36251	-8129.7
904	0.36251	-8118.75
905	0.36251	-8108.09
906	0.36251	-8107.36
907	0.36251	-8125.49
908	0.36251	-8113.65
909	0.36251	-8111.21
910	0.36251	-8111.35
911	0.36251	-8107.56
912	0.36251	-8101.03
913	0.36251	-8103.92
914	0.36251	-8119.85
915	0.36251	-8113.08
916	0.36251	-8120.92
917	0.36251	-8126.16
918	0.36251	-8115.41
919	0.36251	-8109.37
920	0.36251	-8110.08
921	0.36251	-8109.65
922	0.36251	-8108.32
923	0.36251	-8099.51
924	0.36251	-8110.45
925	0.36251	-8113.55
926	0.36251	-8109.5
927	0.36251	-8103.29
928	0.36251	-8094.6
929	0.36251	-8104.2
930	0.36251	-8113.92
931	0.36251	-8114.82
932	0.36251	-8120.98
933	0.36251	-8107.52
934	0.36251	-8117.02
935	0.36251	-8123.64
936	0.36251	-8127.78
937	0.36251	-8114.98
938	0.36251	-8124.39
939	0.36251	-8115.33
940	0.36251	-8115.4
941	0.36251	-8117.84
942	0.36251	-8106.14
943	0.36251	-8106.9
944	0.36251	-8118.78
945	0.36251	-8106.02
946	0.36251	-8103.73
947	0.36251	-8110.63
948	0.36251	-8140.8
949	0.36251	-8113.19
950	0.36251	-8107.94
951	0.36251	-8105.08
952	0.36251	-8095.87
953	0.36251	-8105.08
954	0.36251	-8106.63
955	0.36251	-8095.58
956	0.36251	-8091.79
957	0.36251	-8104.66
958	0.36251	-8110.83
959	0.36251	-8123.6
960	0.36251	-8105.57
961	0.36251	-8097.53
962	0.36251	-8102.12
963	0.36251	-8094.11
964	0.36251	-8096.3
965	0.36251	-8098.31
966	0.36251	-8102.48
967	0.36251	-8099.08
968	0.36251	-8104.58
969	0.36251	-8106
970	0.36251	-8106.97
971	0.36251	-8101.72
972	0.36251	-8106.7
973	0.36251	-8105.53
974	0.36251	-8102.43
975	0.36251	-8120.49
976	0.36251	-8099.92
977	0.36251	-8096
978	0.36251	-8113.17
979	0.36251	-8124.04
980	0.36251	-8101.95
981	0.36251	-8115.08
982	0.36251	-8113.17
983	0.36251	-8142.47
984	0.36251	-8127.54
985	0.36251	-8109.11
986	0.36251	-8108.44
987	0.36251	-8100.84
988	0.36251	-8094.37
989	0.36251	-8101.63
990	0.36251	-8098.28
991	0.36251	-8092.27
992	0.36251	-8095.1
993	0.36251	-8093.39
994	0.36251	-8097.67
995	0.36251	-8116.8
996	0.36251	-8108.71
997	0.36251	-8115.48
998	0.36251	-8113.76
999	0.36251	-8107.27
1000	0.36251	-8101.94
251	0.319406	-8123.96
252	0.319406	-8125.46
253	0.319406	-8121.15
254	0.319406	-8119.16
255	0.319406	-8111.77
256	0.319406	-8105.27
257	0.319406	-8104.45
258	0.319406	-8109.3
259	0.319406	-8125.63
260	0.319406	-8122.07
261	0.319406	-8106.41
262	0.319406	-8116.55
263	0.319406	-8120.8
264	0.319406	-8123.48
265	0.319406	-8138.69
266	0.319406	-8162.97
267	0.319406	-8149.27
268	0.319406	-8133.76
269	0.319406	-8134.33
270	0.319406	-8129.18
271	0.319406	-8115.76
272	0.319406	-8116.36
273	0.319406	-8120.16
274	0.319406	-8120.85
275	0.319406	-8110.76
276	0.319406	-8115.35
277	0.319406	-8114.11
278	0.319406	-8105.57
279	0.319406	-8105.09
280	0.319406	-8115.83
281	0.319406	-8105.82
282	0.319406	-8114.03
283	0.319406	-8115.25
284	0.319406	-8112.13
285	0.319406	-8108.86
286	0.319406	-8109.89
287	0.319406	-8101.07
288	0.319406	-8110.71
289	0.319406	-8112.16
290	0.319406	-8112.44
291	0.319406	-8108.52
292	0.319406	-8114.84
293	0.319406	-8103.7
294	0.319406	-8121.83
295	0.319406	-8129.9
296	0.319406	-8128.59
297	0.319406	-8135.5
298	0.319406	-8133.67
299	0.319406	-8129.04
300	0.319406	-8139.65
301	0.319406	-8146.44
302	0.319406	-8136.65
303	0.319406	-8133.18
304	0.319406	-8134.92
305	0.319406	-8127.69
306	0.319406	-8117.72
307	0.319406	-8132.84
308	0.319406	-8141.84
309	0.319406	-8135.37
310	0.319406	-8139.28
311	0.319406	-8103.16
312	0.319406	-8107.77
313	0.319406	-8110.53
314	0.319406	-8105.56
315	0.319406	-8113.8
316	0.319406	-8124.46
317	0.319406	-8129.28
318	0.319406	-8121.38
319	0.319406	-8111.83
320	0.319406	-8122.04
321	0.319406	-8116.2
322	0.319406	-8127.32
323	0.319406	-8119.44
324	0.319406	-8116.78
325	0.319406	-8125.68
326	0.319406	-8120.64
327	0.319406	-8127.25
328	0.319406	-8134.35
329	0.319406	-8136.37
330	0.319406	-8131.48
331	0.319406	-8139.52
332	0.319406	-8127.63
333	0.319406	-8112.82
334	0.319406	-8115.24
335	0.319406	-8112.52
336	0.319406	-8098.9
337	0.319406	-8091.65
338	0.319406	-8109.34
339	0.319406	-8114.69
340	0.319406	-8113.6
341	0.319406	-8118.89
342	0.319406	-8103.72
343	0.319406	-8111.39
344	0.319406	-8117.27
345	0.319406	-8113.28
346	0.319406	-8135.76
347	0.319406	-8122.15
348	0.319406	-8100.41
349	0.319406	-8111.18
350	0.319406	-8106.04
351	0.319406	-8123.17
352	0.319406	-8122.26
353	0.319406	-8115.14
354	0.319406	-8113.38
355	0.319406	-8110.18
356	0.319406	-8135.36
357	0.319406	-8122.1
358	0.319406	-8121.65
359	0.319406	-8112.77
360	0.319406	-8110.06
361	0.319406	-8125.41
362	0.319406	-8122.59
363	0.319406	-8111.28
364	0.319406	-8125.53
365	0.319406	-8108.74
366	0.319406	-8110.3
367	0.319406	-8125.54
368	0.319406	-8130.68
369	0.319406	-8125.88
370	0.319406	-8103.34
371	0.319406	-8107.63
372	0.319406	-8116.14
373	0.319406	-8107.66
374	0.319406	-8116.55
375	0.319406	-8115.41
376	0.319406	-8124.04
377	0.319406	-8114.26
378	0.319406	-8125.02
379	0.319406	-8116.74
380	0.319406	-8114.14
381	0.319406	-8118.06
382	0.319406	-8122.01
383	0.319406	-8128.63
384	0.319406	-8125.93
385	0.319406	-8128.23
386	0.319406	-8122.83
387	0.319406	-8105.82
388	0.319406	-8105.37
389	0.319406	-8103.6
390	0.319406	-8108.45
391	0.319406	-8104.64
392	0.319406	-8104.69
393	0.319406	-8120.22
394	0.319406	-8130.14
395	0.319406	-8120.84
396	0.319406	-8118.99
397	0.319406	-8123.17
398	0.319406	-8116.39
399	0.319406	-8100.18
400	0.319406	-8110.93
401	0.319406	-8106.96
402	0.319406	-8098.23
403	0.319406	-8113.13
404	0.319406	-8105.63
405	0.319406	-8121.33
406	0.319406	-8109.95
407	0.319406	-8123.12
408	0.319406	-8118.28
409	0.319406	-8136.26
410	0.319406	-8112.16
411	0.319406	-8114.54
412	0.319406	-8112.14
413	0.319406	-8125.62
414	0.319406	-8121.76
415	0.319406	-8109.9
416	0.319406	-8105.52
417	0.319406	-8109.48
418	0.319406	-8117.24
419	0.319406	-8134.34
420	0.319406	-8124.78
421	0.319406	-8129.98
422	0.319406	-8130.72
423	0.319406	-8138.97
424	0.319406	-8127.33
425	0.319406	-8115.12
426	0.319406	-8102.84
427	0.319406	-8109.88
428	0.319406	-8128.45
429	0.319406	-8126.54
430	0.319406	-8125.74
431	0.319406	-8124.32
432	0.319406	-8125.44
433	0.319406	-8128.13
434	0.319406	-8106.15
435	0.319406	-8109.44
436	0.319406	-8116.36
437	0.319406	-8120.47
438	0.319406	-8116.85
439	0.319406	-8112.06
440	0.319406	-8108.39
441	0.319406	-8116.58
442	0.319406	-8111.31
443	0.319406	-8104.81
444	0.319406	-8101.61
445	0.319406	-8126.82
446	0.319406	-8126.15
447	0.319406	-8122.94
448	0.319406	-8127.07
449	0.319406	-8132.21
450	0.319406	-8122.71
451	0.319406	-8105.76
452	0.319406	-8108.31
453	0.319406	-8105.03
454	0.319406	-8099.98
455	0.319406	-8111.51
456	0.319406	-8098.07
457	0.319406	-8104.08
458	0.319406	-8104.07
459	0.319406	-8118.49
460	0.319406	-8117.8
461	0.319406	-8116.38
462	0.319406	-8120.39
463	0.319406	-8105.04
464	0.319406	-8106.81
465	0.319406	-8103.64
466	0.319406	-8113.05
467	0.319406	-8114.75
468	0.319406	-8105.89
469	0.319406	-8103.19
470	0.319406	-8118.59
471	0.319406	-8097.66
472	0.319406	-8108.3
473	0.319406	-8118.2
474	0.319406	-8112.41
475	0.319406	-8123.62
476	0.319406	-8121.88
477	0.319406	-8128.76
478	0.319406	-8115.56
479	0.319406	-8106.14
480	0.319406	-8110.1
481	0.319406	-8136.98
482	0.319406	-8132.39
483	0.319406	-8153.46
484	0.319406	-8151.06
485	0.319406	-8121.32
486	0.319406	-8113.53
487	0.319406	-8125.74
488	0.319406	-8132.19
489	0.319406	-8107.68
490	0.319406	-8118.06
491	0.319406	-8107.25
492	0.319406	-8122.45
493	0.319406	-8098.51
494	0.319406	-8119.7
495	0.319406	-8129.45
496	0.319406	-8132.66
497	0.319406	-8114.85
498	0.319406	-8121.6
499	0.319406	-8118.78
500	0.319406	-8125.55
501	0.319406	-8131.42
502	0.319406	-8127.44
503	0.319406	-8121.04
504	0.319406	-8107.24
505	0.319406	-8107.96
506	0.319406	-8110.94
507	0.319406	-8110.69
508	0.319406	-8117.22
509	0.319406	-8124.86
510	0.319406	-8129.16
511	0.319406	-8140.38
512	0.319406	-8139.29
513	0.319406	-8137.18
514	0.319406	-8127.55
515	0.319406	-8128.85
516	0.319406	-8130.65
517	0.319406	-8119.27
518	0.319406	-8118.02
519	0.319406	-8135.37
520	0.319406	-8118.67
521	0.319406	-8114.99
522	0.319406	-8116.94
523	0.319406	-8112.66
524	0.319406	-8113.48
525	0.319406	-8110.19
526	0.319406	-8097.71
527	0.319406	-8124.05
528	0.319406	-8115.02
529	0.319406	-8121.95
530	0.319406	-8113.65
531	0.319406	-8122.38
532	0.319406	-8102.85
533	0.319406	-8111.03
534	0.319406	-8109.13
535	0.319406	-8101.27
536	0.319406	-8117.51
537	0.319406	-8129.21
538	0.319406	-8129.59
539	0.319406	-8115.61
540	0.319406	-8126.73
541	0.319406	-8113.47
542	0.319406	-8113.51
543	0.319406	-8108.7
544	0.319406	-8115.15
545	0.319406	-8125.17
546	0.319406	-8121.05
547	0.319406	-8119.9
548	0.319406	-8110.84
549	0.319406	-8106.8
550	0.319406	-8121.58
551	0.319406	-8110.94
552	0.319406	-8146.29
553	0.319406	-8120.29
554	0.319406	-8119.26
555	0.319406	-8114.68
556	0.319406	-8113.13
557	0.319406	-8111.42
558	0.319406	-8114.93
559	0.319406	-8117.29
560	0.319406	-8117.43
561	0.319406	-8112.15
562	0.319406	-8107.99
563	0.319406	-8102.56
564	0.319406	-8110.55
565	0.319406	-8106.72
566	0.319406	-8112.82
567	0.319406	-8121.4
568	0.319406	-8115.96
569	0.319406	-8113.73
570	0.319406	-8112.53
571	0.319406	-8116.22
572	0.319406	-8132.57
573	0.319406	-8131.66
574	0.319406	-8111.67
575	0.319406	-8111.8
576	0.319406	-8112.52
577	0.319406	-8104.11
578	0.319406	-8109.61
579	0.319406	-8110.87
580	0.319406	-8135.43
581	0.319406	-8124.34
582	0.319406	-8131.92
583	0.319406	-8117.99
584	0.319406	-8107.08
585	0.319406	-8104.45
586	0.319406	-8103.74
587	0.319406	-8098.85
588	0.319406	-8110.99
589	0.319406	-8106.27
590	0.319406	-8125.34
591	0.319406	-8128.78
592	0.319406	-8150.48
593	0.319406	-8143.1
594	0.319406	-8141.74
595	0.319406	-8133.35
596	0.319406	-8133.53
597	0.319406	-8135.32
598	0.319406	-8148.18
599	0.319406	-8121.55
600	0.319406	-8118.01
601	0.319406	-8129.29
602	0.319406	-8117.65
603	0.319406	-8117.59
604	0.319406	-8116.31
605	0.319406	-8112.02
606	0.319406	-8141.07
607	0.319406	-8137.23
608	0.319406	-8144.69
609	0.319406	-8149.55
610	0.319406	-8150.22
611	0.319406	-8140.46
612	0.319406	-8162.2
613	0.319406	-8131.91
614	0.319406	-8123
615	0.319406	-8106
616	0.319406	-8096.99
617	0.319406	-8094.63
618	0.319406	-8102.17
619	0.319406	-8106.43
620	0.319406	-8150.65
621	0.319406	-8144.03
622	0.319406	-8139.2
623	0.319406	-8143.66
624	0.319406	-8137.03
625	0.319406	-8135.1
626	0.319406	-8132.73
627	0.319406	-8148.76
628	0.319406	-8133.21
629	0.319406	-8109.55
630	0.319406	-8107.51
631	0.319406	-8109.7
632	0.319406	-8103.03
633	0.319406	-8094.54
634	0.319406	-8104.73
635	0.319406	-8090.24
636	0.319406	-8105.47
637	0.319406	-8103.99
638	0.319406	-8090.19
639	0.319406	-8091.68
640	0.319406	-8089.55
641	0.319406	-8092.93
642	0.319406	-8107.52
643	0.319406	-8106.34
644	0.319406	-8117.97
645	0.319406	-8112.36
646	0.319406	-8104
647	0.319406	-8103.81
648	0.319406	-8105
649	0.319406	-8101.32
650	0.319406	-8114.63
651	0.319406	-8113.15
652	0.319406	-8106.07
653	0.319406	-8113.89
654	0.319406	-8121.31
655	0.319406	-8116.1
656	0.319406	-8109.21
657	0.319406	-8100.58
658	0.319406	-8112.91
659	0.319406	-8107.95
660	0.319406	-8125.97
661	0.319406	-8133.1
662	0.319406	-8123.89
663	0.319406	-8119.32
664	0.319406	-8127.14
665	0.319406	-8124.48
666	0.319406	-8116.93
667	0.319406	-8114.2
668	0.319406	-8118.27
669	0.319406	-8114.15
670	0.319406	-8121.93
671	0.319406	-8112.21
672	0.319406	-8114.91
673	0.319406	-8111.54
674	0.319406	-8100.53
675	0.319406	-8107.9
676	0.319406	-8126.12
677	0.319406	-8113.2
678	0.319406	-8105.11
679	0.319406	-8110.87
680	0.319406	-8107.61
681	0.319406	-8101.72
682	0.319406	-8094.2
683	0.319406	-8099.74
684	0.319406	-8108.85
685	0.319406	-8124.03
686	0.319406	-8115.1
687	0.319406	-8120.85
688	0.319406	-8121.16
689	0.319406	-8124.1
690	0.319406	-8112.24
691	0.319406	-8116.69
692	0.319406	-8115.65
693	0.319406	-8109.89
694	0.319406	-8117.99
695	0.319406	-8133.07
696	0.319406	-8132.79
697	0.319406	-8116.54
698	0.319406	-8115.58
699	0.319406	-8134.19
700	0.319406	-8126.18
701	0.319406	-8137.58
702	0.319406	-8137.81
703	0.319406	-8135.91
704	0.319406	-8137.72
705	0.319406	-8118.61
706	0.319406	-8126.72
707	0.319406	-8143.09
708	0.319406	-8147.19
709	0.319406	-8147.82
710	0.319406	-8127.4
711	0.319406	-8119.57
712	0.319406	-8126.98
713	0.319406	-8110.12
714	0.319406	-8126.24
715	0.319406	-8115.02
716	0.319406	-8119.79
717	0.319406	-8113.4
718	0.319406	-8101.21
719	0.319406	-8087.16
720	0.319406	-8105.9
721	0.319406	-8101.37
722	0.319406	-8106.18
723	0.319406	-8124.86
724	0.319406	-8127.58
725	0.319406	-8108.75
726	0.319406	-8106.28
727	0.319406	-8104.31
728	0.319406	-8117.64
729	0.319406	-8130.75
730	0.319406	-8128.88
731	0.319406	-8113.36
732	0.319406	-8116.36
733	0.319406	-8117.94
734	0.319406	-8121.23
735	0.319406	-8128.97
736	0.319406	-8113.04
737	0.319406	-8124.71
738	0.319406	-8121.42
739	0.319406	-8126.48
740	0.319406	-8139.48
741	0.319406	-8144.45
742	0.319406	-8127.2
743	0.319406	-8113.12
744	0.319406	-8120.11
745	0.319406	-8121.73
746	0.319406	-8124.16
747	0.319406	-8119.98
748	0.319406	-8120.74
749	0.319406	-8123.8
750	0.319406	-8123.09
751	0.319406	-8116.93
752	0.319406	-8138.41
753	0.319406	-8134.4
754	0.319406	-8123.42
755	0.319406	-8124.97
756	0.319406	-8133.47
757	0.319406	-8109.36
758	0.319406	-8123.15
759	0.319406	-8116.65
760	0.319406	-8115.06
761	0.319406	-8122.94
762	0.319406	-8116.87
763	0.319406	-8107.78
764	0.319406	-8111.57
765	0.319406	-8110.59
766	0.319406	-8101.55
767	0.319406	-8106.72
768	0.319406	-8128.26
769	0.319406	-8152.97
770	0.319406	-8142.92
771	0.319406	-8137.31
772	0.319406	-8107.68
773	0.319406	-8102.91
774	0.319406	-8105.68
775	0.319406	-8137.83
776	0.319406	-8127.13
777	0.319406	-8103.83
778	0.319406	-8106.08
779	0.319406	-8113.9
780	0.319406	-8128.49
781	0.319406	-8114.67
782	0.319406	-8098.83
783	0.319406	-8100.51
784	0.319406	-8100.7
785	0.319406	-8106.99
786	0.319406	-8097.49
787	0.319406	-8111.88
788	0.319406	-8104.83
789	0.319406	-8112.36
790	0.319406	-8121.73
791	0.319406	-8119.5
792	0.319406	-8119.69
793	0.319406	-8094.29
794	0.319406	-8105.9
795	0.319406	-8108.42
796	0.319406	-8109.97
797	0.319406	-8118.56
798	0.319406	-8126.31
799	0.319406	-8124.58
800	0.319406	-8121.53
801	0.319406	-8110.25
802	0.319406	-8107.01
803	0.319406	-8129.7
804	0.319406	-8120.47
805	0.319406	-8117.95
806	0.319406	-8126.31
807	0.319406	-8105.45
808	0.319406	-8124.46
809	0.319406	-8115.65
810	0.319406	-8111.51
811	0.319406	-8110.72
812	0.319406	-8106.6
813	0.319406	-8102.22
814	0.319406	-8108.04
815	0.319406	-8110.64
816	0.319406	-8110.02
817	0.319406	-8101.36
818	0.319406	-8097
819	0.319406	-8127.12
820	0.319406	-8127.03
821	0.319406	-8114.07
822	0.319406	-8095.68
823	0.319406	-8100.07
824	0.319406	-8102.43
825	0.319406	-8113.11
826	0.319406	-8112.6
827	0.319406	-8103.02
828	0.319406	-8109.02
829	0.319406	-8122.06
830	0.319406	-8119.92
831	0.319406	-8132.77
832	0.319406	-8124.14
833	0.319406	-8135.58
834	0.319406	-8145.09
835	0.319406	-8106.76
836	0.319406	-8100.01
837	0.319406	-8112.63
838	0.319406	-8106.53
839	0.319406	-8105.16
840	0.319406	-8127.24
841	0.319406	-8126.86
842	0.319406	-8142.74
843	0.319406	-8149.58
844	0.319406	-8150.87
845	0.319406	-8154.21
846	0.319406	-8132.1
847	0.319406	-8129.5
848	0.319406	-8119.49
849	0.319406	-8112.43
850	0.319406	-8125.44
851	0.319406	-8109.52
852	0.319406	-8142.55
853	0.319406	-8140.77
854	0.319406	-8135.41
855	0.319406	-8132.3
856	0.319406	-8119.11
857	0.319406	-8134.72
858	0.319406	-8122.31
859	0.319406	-8112.19
860	0.319406	-8114.77
861	0.319406	-8105.3
862	0.319406	-8094.63
863	0.319406	-8099.42
864	0.319406	-8100.29
865	0.319406	-8090.54
866	0.319406	-8106.94
867	0.319406	-8111.07
868	0.319406	-8122.24
869	0.319406	-8103.09
870	0.319406	-8107.45
871	0.319406	-8115.1
872	0.319406	-8111.62
873	0.319406	-8119.71
874	0.319406	-8127.66
875	0.319406	-8113.83
876	0.319406	-8107.42
877	0.319406	-8105.02
878	0.319406	-8109.91
879	0.319406	-8100.93
880	0.319406	-8101.36
881	0.319406	-8096.76
882	0.319406	-8104.25
883	0.319406	-8097.71
884	0.319406	-8098.57
885	0.319406	-8101.22
886	0.319406	-8098.58
887	0.319406	-8097.05
888	0.319406	-8101.91
889	0.319406	-8100.17
890	0.319406	-8102.16
891	0.319406	-8112.43
892	0.319406	-8102.54
893	0.319406	-8102.39
894	0.319406	-8130.01
895	0.319406	-8105.83
896	0.319406	-8091.02
897	0.319406	-8093.77
898	0.319406	-8098.11
899	0.319406	-8110.7
900	0.319406	-8098.47
901	0.319406	-8115.18
902	0.319406	-8118.8
903	0.319406	-8122.62
904	0.319406	-8123.76
905	0.319406	-8118.46
906	0.319406	-8116.74
907	0.319406	-8113.08
908	0.319406	-8111.22
909	0.319406	-8108.56
910	0.319406	-8125.37
911	0.319406	-8107.01
912	0.319406	-8118.24
913	0.319406	-8126.41
914	0.319406	-8108.44
915	0.319406	-8121.64
916	0.319406	-8115.89
917	0.319406	-8116.85
918	0.319406	-8121.02
919	0.319406	-8121.62
920	0.319406	-8122.54
921	0.319406	-8112.5
922	0.319406	-8115.37
923	0.319406	-8113.85
924	0.319406	-8105.49
925	0.319406	-8106.31
926	0.319406	-8131.99
927	0.319406	-8129.05
928	0.319406	-8119.44
929	0.319406	-8111.03
930	0.319406	-8104.93
931	0.319406	-8106.42
932	0.319406	-8119.05
933	0.319406	-8107.57
934	0.319406	-8115.05
935	0.319406	-8117.42
936	0.319406	-8112.54
937	0.319406	-8098.21
938	0.319406	-8105.2
939	0.319406	-8111.18
940	0.319406	-8126.52
941	0.319406	-8123.38
942	0.319406	-8134.88
943	0.319406	-8119.28
944	0.319406	-8118.03
945	0.319406	-8119.91
946	0.319406	-8113.81
947	0.319406	-8114.06
948	0.319406	-8112.47
949	0.319406	-8110.64
950	0.319406	-8153.91
951	0.319406	-8145.48
952	0.319406	-8148.52
953	0.319406	-8144.08
954	0.319406	-8121.94
955	0.319406	-8118.04
956	0.319406	-8115.26
957	0.319406	-8111.85
958	0.319406	-8120.8
959	0.319406	-8126.37
960	0.319406	-8116.32
961	0.319406	-8108.44
962	0.319406	-8111.18
963	0.319406	-8108.62
964	0.319406	-8117.56
965	0.319406	-8135.4
966	0.319406	-8140.55
967	0.319406	-8135.36
968	0.319406	-8123.13
969	0.319406	-8114.23
970	0.319406	-8116.68
971	0.319406	-8113.85
972	0.319406	-8124.32
973	0.319406	-8133.76
974	0.319406	-8126.9
975	0.319406	-8129.55
976	0.319406	-8112.53
977	0.319406	-8130.85
978	0.319406	-8126.16
979	0.319406	-8126.89
980	0.319406	-8129.59
981	0.319406	-8138.83
982	0.319406	-8129.64
983	0.319406	-8128.57
984	0.319406	-8118.13
985	0.319406	-8117.03
986	0.319406	-8147.23
987	0.319406	-8129.52
988	0.319406	-8121.77
989	0.319406	-8101.44
990	0.319406	-8104.07
991	0.319406	-8103.01
992	0.319406	-8104.55
993	0.319406	-8107.6
994	0.319406	-8097.5
995	0.319406	-8108.41
996	0.319406	-8121
997	0.319406	-8105.46
998	0.319406	-8120.32
999	0.319406	-8118.56
1000	0.319406	-8120.7
251	0.280503	-8111.09
252	0.280503	-8140.13
253	0.280503	-8117.74
254	0.280503	-8130.44
255	0.280503	-8143.19
256	0.280503	-8139.5
257	0.280503	-8144.22
258	0.280503	-8137.34
259	0.280503	-8117.6
260	0.280503	-8125.25
261	0.280503	-8119.64
262	0.280503	-8103.34
263	0.280503	-8111.84
264	0.280503	-8097.25
265	0.280503	-8104.78
266	0.280503	-8098.65
267	0.280503	-8096.35
268	0.280503	-8119.78
269	0.280503	-8114.76
270	0.280503	-8104.78
271	0.280503	-8123.72
272	0.280503	-8122.58
273	0.280503	-8119.09
274	0.280503	-8111.46
275	0.280503	-8118.37
276	0.280503	-8111.18
277	0.280503	-8111.16
278	0.280503	-8116.8
279	0.280503	-8107.48
280	0.280503	-8109.48
281	0.280503	-8113.23
282	0.280503	-8128.03
283	0.280503	-8104.98
284	0.280503	-8116.36
285	0.280503	-8106.06
286	0.280503	-8110.32
287	0.280503	-8121.62
288	0.280503	-8129.3
289	0.280503	-8126.26
290	0.280503	-8104.34
291	0.280503	-8113.34
292	0.280503	-8100.67
293	0.280503	-8099.95
294	0.280503	-8114.51
295	0.280503	-8114.25
296	0.280503	-8115.29
297	0.280503	-8120.15
298	0.280503	-8108.33
299	0.280503	-8124.69
300	0.280503	-8127.63
301	0.280503	-8112.59
302	0.280503	-8098.95
303	0.280503	-8101.65
304	0.280503	-8093.87
305	0.280503	-8089.83
306	0.280503	-8101.05
307	0.280503	-8104.7
308	0.280503	-8094.46
309	0.280503	-8095.75
310	0.280503	-8110.86
311	0.280503	-8102.88
312	0.280503	-8111.34
313	0.280503	-8124.12
314	0.280503	-8126.25
315	0.280503	-8114.03
316	0.280503	-8129.24
317	0.280503	-8142.28
318	0.280503	-8143.51
319	0.280503	-8141.24
320	0.280503	-8119.38
321	0.280503	-8122.61
322	0.280503	-8116.27
323	0.280503	-8119.53
324	0.280503	-8139.1
325	0.280503	-8140.66
326	0.280503	-8136.06
327	0.280503	-8110.21
328	0.280503	-8110.93
329	0.280503	-8107.08
330	0.280503	-8117.98
331	0.280503	-8114.15
332	0.280503	-8110.09
333	0.280503	-8110.12
334	0.280503	-8122.84
335	0.280503	-8121.14
336	0.280503	-8113.47
337	0.280503	-8125.1
338	0.280503	-8133.9
339	0.280503	-8137.54
340	0.280503	-8128.27
341	0.280503	-8128.31
342	0.280503	-8114.58
343	0.280503	-8111.98
344	0.280503	-8107.55
345	0.280503	-8115.38
346	0.280503	-8106.54
347	0.280503	-8092.8
348	0.280503	-8100.72
349	0.280503	-8103.74
350	0.280503	-8134
351	0.280503	-8125.75
352	0.280503	-8120.68
353	0.280503	-8136.66
354	0.280503	-8124.58
355	0.280503	-8130.98
356	0.280503	-8134.28
357	0.280503	-8116.87
358	0.280503	-8119.54
359	0.280503	-8107.13
360	0.280503	-8109.05
361	0.280503	-8110.25
362	0.280503	-8113.69
363	0.280503	-8119.72
364	0.280503	-8123.93
365	0.280503	-8117.17
366	0.280503	-8125.41
367	0.280503	-8145.35
368	0.280503	-8154.1
369	0.280503	-8129.53
370	0.280503	-8128.04
371	0.280503	-8105.09
372	0.280503	-8110.32
373	0.280503	-8097.87
374	0.280503	-8111.29
375	0.280503	-8131.55
376	0.280503	-8114.01
377	0.280503	-8099.42
378	0.280503	-8109.1
379	0.280503	-8124.74
380	0.280503	-8125.08
381	0.280503	-8119.12
382	0.280503	-8126.27
383	0.280503	-8125.6
384	0.280503	-8116.43
385	0.280503	-8102.5
386	0.280503	-8098.92
387	0.280503	-8126.32
388	0.280503	-8136.32
389	0.280503	-8143.81
390	0.280503	-8123.91
391	0.280503	-8128.48
392	0.280503	-8097.68
393	0.280503	-8100.61
394	0.280503	-8112.46
395	0.280503	-8127.7
396	0.280503	-8142.04
397	0.280503	-8106.61
398	0.280503	-8113.22
399	0.280503	-8107.33
400	0.280503	-8124.93
401	0.280503	-8107.08
402	0.280503	-8111.5
403	0.280503	-8094.03
404	0.280503	-8101.63
405	0.280503	-8110.08
406	0.280503	-8109.89
407	0.280503	-8137.54
408	0.280503	-8120.18
409	0.280503	-8106.79
410	0.280503	-8101.56
411	0.280503	-8100.04
412	0.280503	-8106.02
413	0.280503	-8094.76
414	0.280503	-8104.18
415	0.280503	-8107.68
416	0.280503	-8093.08
417	0.280503	-8104.01
418	0.280503	-8106.85
419	0.280503	-8103.9
420	0.280503	-8119.01
421	0.280503	-8120.02
422	0.280503	-8137.84
423	0.280503	-8123.46
424	0.280503	-8130.69
425	0.280503	-8117.99
426	0.280503	-8115.81
427	0.280503	-8114.97
428	0.280503	-8129.96
429	0.280503	-8110.54
430	0.280503	-8096.81
431	0.280503	-8115.84
432	0.280503	-8119.63
433	0.280503	-8124.11
434	0.280503	-8117.47
435	0.280503	-8118.62
436	0.280503	-8127.36
437	0.280503	-8140.12
438	0.280503	-8142.23
439	0.280503	-8141.41
440	0.280503	-8119.75
441	0.280503	-8113.76
442	0.280503	-8115.9
443	0.280503	-8134.34
444	0.280503	-8129.77
445	0.280503	-8139.36
446	0.280503	-8126.18
447	0.280503	-8125.33
448	0.280503	-8117.5
449	0.280503	-8122.53
450	0.280503	-8119.68
451	0.280503	-8130.11
452	0.280503	-8150.97
453	0.280503	-8140.89
454	0.280503	-8113.75
455	0.280503	-8112.03
456	0.280503	-8115.28
457	0.280503	-8119.43
458	0.280503	-8101.44
459	0.280503	-8108.53
460	0.280503	-8106.14
461	0.280503	-8120.24
462	0.280503	-8123.08
463	0.280503	-8114.33
464	0.280503	-8109.92
465	0.280503	-8109.12
466	0.280503	-8093.98
467	0.280503	-8114.93
468	0.280503	-8101.17
469	0.280503	-8106.97
470	0.280503	-8098.41
471	0.280503	-8101.63
472	0.280503	-8105.58
473	0.280503	-8125.02
474	0.280503	-8105.77
475	0.280503	-8099.08
476	0.280503	-8110.96
477	0.280503	-8115.59
478	0.280503	-8118.22
479	0.280503	-8133.28
480	0.280503	-8122.49
481	0.280503	-8108.85
482	0.280503	-8108.91
483	0.280503	-8117.11
484	0.280503	-8117.99
485	0.280503	-8113.71
486	0.280503	-8119.85
487	0.280503	-8114.29
488	0.280503	-8111.82
489	0.280503	-8114.01
490	0.280503	-8108.82
491	0.280503	-8106.43
492	0.280503	-8125.52
493	0.280503	-8108.02
494	0.280503	-8108.26
495	0.280503	-8111.43
496	0.280503	-8125.25
497	0.280503	-8108.64
498	0.280503	-8144.65
499	0.280503	-8125.33
500	0.280503	-8124.53
501	0.280503	-8144.41
502	0.280503	-8121.1
503	0.280503	-8090.34
504	0.280503	-8102.49
505	0.280503	-8112.21
506	0.280503	-8126.87
507	0.280503	-8125.06
508	0.280503	-8113.57
509	0.280503	-8106.22
510	0.280503	-8099.33
511	0.280503	-8100.47
512	0.280503	-8109.99
513	0.280503	-8114.98
514	0.280503	-8126.49
515	0.280503	-8115.41
516	0.280503	-8111.27
517	0.280503	-8124.13
518	0.280503	-8131.21
519	0.280503	-8109.36
520	0.280503	-8122.18
521	0.280503	-8129.94
522	0.280503	-8128.44
523	0.280503	-8138.38
524	0.280503	-8130.6
525	0.280503	-8117.05
526	0.280503	-8114.27
527	0.280503	-8114.18
528	0.280503	-8120.46
529	0.280503	-8121.07
530	0.280503	-8121.28
531	0.280503	-8137.69
532	0.280503	-8106.55
533	0.280503	-8102.14
534	0.280503	-8104.64
535	0.280503	-8112.46
536	0.280503	-8108.6
537	0.280503	-8117.52
538	0.280503	-8126.66
539	0.280503	-8128.71
540	0.280503	-8136.23
541	0.280503	-8139.25
542	0.280503	-8127.25
543	0.280503	-8108.84
544	0.280503	-8121.4
545	0.280503	-8122.61
546	0.280503	-8104.72
547	0.280503	-8103.27
548	0.280503	-8112.54
549	0.280503	-8121.08
550	0.280503	-8140.59
551	0.280503	-8111.42
552	0.280503	-8115.12
553	0.280503	-8114.32
554	0.280503	-8122.87
555	0.280503	-8113.74
556	0.280503	-8109.99
557	0.280503	-8114.91
558	0.280503	-8114.71
559	0.280503	-8137.31
560	0.280503	-8130.04
561	0.280503	-8113.89
562	0.280503	-8115.46
563	0.280503	-8123.13
564	0.280503	-8140.03
565	0.280503	-8128.58
566	0.280503	-8129.01
567	0.280503	-8117.43
568	0.280503	-8139.43
569	0.280503	-8144.7
570	0.280503	-8129.18
571	0.280503	-8135.84
572	0.280503	-8116.37
573	0.280503	-8095.8
574	0.280503	-8108.78
575	0.280503	-8109.48
576	0.280503	-8104.19
577	0.280503	-8104.4
578	0.280503	-8136.62
579	0.280503	-8127.2
580	0.280503	-8137.28
581	0.280503	-8107.42
582	0.280503	-8118.49
583	0.280503	-8124.54
584	0.280503	-8130.05
585	0.280503	-8141.34
586	0.280503	-8136.55
587	0.280503	-8161.19
588	0.280503	-8146.48
589	0.280503	-8111.55
590	0.280503	-8122.45
591	0.280503	-8128.43
592	0.280503	-8130.47
593	0.280503	-8125.73
594	0.280503	-8120.69
595	0.280503	-8120.11
596	0.280503	-8115.45
597	0.280503	-8114.46
598	0.280503	-8110.66
599	0.280503	-8117.18
600	0.280503	-8136.93
601	0.280503	-8136.7
602	0.280503	-8132.64
603	0.280503	-8150.92
604	0.280503	-8134.08
605	0.280503	-8142.03
606	0.280503	-8135.89
607	0.280503	-8135.29
608	0.280503	-8146.44
609	0.280503	-8118.17
610	0.280503	-8098.39
611	0.280503	-8116.86
612	0.280503	-8114.09
613	0.280503	-8129.82
614	0.280503	-8146.18
615	0.280503	-8129.62
616	0.280503	-8136.98
617	0.280503	-8131.02
618	0.280503	-8113.2
619	0.280503	-8120.77
620	0.280503	-8115.93
621	0.280503	-8125.65
622	0.280503	-8120.72
623	0.280503	-8122.23
624	0.280503	-8127.23
625	0.280503	-8135.04
626	0.280503	-8118.27
627	0.280503	-8100.81
628	0.280503	-8128.15
629	0.280503	-8118.17
630	0.280503	-8118.36
631	0.280503	-8135.42
632	0.280503	-8117.72
633	0.280503	-8122.6
634	0.280503	-8111.94
635	0.280503	-8119.61
636	0.280503	-8119.78
637	0.280503	-8117.3
638	0.280503	-8130.7
639	0.280503	-8122.89
640	0.280503	-8113.82
641	0.280503	-8148.88
642	0.280503	-8146.91
643	0.280503	-8120.76
644	0.280503	-8125.95
645	0.280503	-8127.77
646	0.280503	-8119.27
647	0.280503	-8106.42
648	0.280503	-8098.62
649	0.280503	-8099.25
650	0.280503	-8113.88
651	0.280503	-8114.65
652	0.280503	-8112.51
653	0.280503	-8113.69
654	0.280503	-8114.24
655	0.280503	-8118.21
656	0.280503	-8120.15
657	0.280503	-8119.06
658	0.280503	-8159.21
659	0.280503	-8154.71
660	0.280503	-8127.47
661	0.280503	-8098.08
662	0.280503	-8103.74
663	0.280503	-8112.8
664	0.280503	-8109.79
665	0.280503	-8103.32
666	0.280503	-8105.87
667	0.280503	-8088.68
668	0.280503	-8098.84
669	0.280503	-8104.81
670	0.280503	-8122
671	0.280503	-8108.99
672	0.280503	-8116.25
673	0.280503	-8112.95
674	0.280503	-8118.41
675	0.280503	-8114.01
676	0.280503	-8112.54
677	0.280503	-8106.05
678	0.280503	-8111.56
679	0.280503	-8136.27
680	0.280503	-8130.94
681	0.280503	-8135.27
682	0.280503	-8129.35
683	0.280503	-8157.88
684	0.280503	-8160.72
685	0.280503	-8134.4
686	0.280503	-8144.74
687	0.280503	-8148.71
688	0.280503	-8140.95
689	0.280503	-8135.16
690	0.280503	-8143.6
691	0.280503	-8123.72
692	0.280503	-8117.6
693	0.280503	-8125.74
694	0.280503	-8110.67
695	0.280503	-8097
696	0.280503	-8100.8
697	0.280503	-8098.51
698	0.280503	-8125.39
699	0.280503	-8133.57
700	0.280503	-8116.85
701	0.280503	-8112.74
702	0.280503	-8115.48
703	0.280503	-8095.52
704	0.280503	-8121.08
705	0.280503	-8126.49
706	0.280503	-8118.67
707	0.280503	-8116.7
708	0.280503	-8101.76
709	0.280503	-8105.37
710	0.280503	-8101.47
711	0.280503	-8097.09
712	0.280503	-8124.37
713	0.280503	-8105.74
714	0.280503	-8106.38
715	0.280503	-8119.4
716	0.280503	-8130.25
717	0.280503	-8112.5
718	0.280503	-8105.63
719	0.280503	-8117.4
720	0.280503	-8105.58
721	0.280503	-8107.04
722	0.280503	-8114.23
723	0.280503	-8104.08
724	0.280503	-8106.59
725	0.280503	-8112.45
726	0.280503	-8108.58
727	0.280503	-8109.42
728	0.280503	-8126.46
729	0.280503	-8111.47
730	0.280503	-8131.16
731	0.280503	-8126.23
732	0.280503	-8122.27
733	0.280503	-8110.28
734	0.280503	-8110.34
735	0.280503	-8122.97
736	0.280503	-8120.95
737	0.280503	-8123.98
738	0.280503	-8117.59
739	0.280503	-8115.57
740	0.280503	-8117.63
741	0.280503	-8135.29
742	0.280503	-8127.72
743	0.280503	-8133.39
744	0.280503	-8111.23
745	0.280503	-8118.07
746	0.280503	-8115.79
747	0.280503	-8111.13
748	0.280503	-8118.52
749	0.280503	-8111.81
750	0.280503	-8129.29
751	0.280503	-8122.9
752	0.280503	-8119.79
753	0.280503	-8126.8
754	0.280503	-8120.12
755	0.280503	-8122.86
756	0.280503	-8130.68
757	0.280503	-8117.37
758	0.280503	-8125.15
759	0.280503	-8136.67
760	0.280503	-8120.64
761	0.280503	-8128.7
762	0.280503	-8128.63
763	0.280503	-8130.05
764	0.280503	-8148.11
765	0.280503	-8119.98
766	0.280503	-8119.93
767	0.280503	-8126.55
768	0.280503	-8119.71
769	0.280503	-8122.68
770	0.280503	-8116.29
771	0.280503	-8134.04
772	0.280503	-8113.02
773	0.280503	-8121.76
774	0.280503	-8116.8
775	0.280503	-8129.93
776	0.280503	-8136.15
777	0.280503	-8100.92
778	0.280503	-8127.11
779	0.280503	-8134.26
780	0.280503	-8135.67
781	0.280503	-8147.89
782	0.280503	-8140.42
783	0.280503	-8140.94
784	0.280503	-8115.56
785	0.280503	-8107.12
786	0.280503	-8115.54
787	0.280503	-8125.09
788	0.280503	-8135.43
789	0.280503	-8111.88
790	0.280503	-8109.62
791	0.280503	-8123.59
792	0.280503	-8131.2
793	0.280503	-8146.8
794	0.280503	-8139.66
795	0.280503	-8136.9
796	0.280503	-8150.42
797	0.280503	-8140.86
798	0.280503	-8140.48
799	0.280503	-8129.7
800	0.280503	-8138.12
801	0.280503	-8137.18
802	0.280503	-8144.25
803	0.280503	-8136.11
804	0.280503	-8126.7
805	0.280503	-8143.09
806	0.280503	-8145.9
807	0.280503	-8130.16
808	0.280503	-8145.32
809	0.280503	-8130.02
810	0.280503	-8136.51
811	0.280503	-8123.96
812	0.280503	-8105.51
813	0.280503	-8118.23
814	0.280503	-8121.73
815	0.280503	-8131.5
816	0.280503	-8136.12
817	0.280503	-8136.72
818	0.280503	-8127.29
819	0.280503	-8105.91
820	0.280503	-8113.21
821	0.280503	-8095.93
822	0.280503	-8093.66
823	0.280503	-8114.2
824	0.280503	-8111.45
825	0.280503	-8138.6
826	0.280503	-8117.4
827	0.280503	-8119.69
828	0.280503	-8120.77
829	0.280503	-8141.73
830	0.280503	-8113.81
831	0.280503	-8111.38
832	0.280503	-8123.89
833	0.280503	-8131.93
834	0.280503	-8128.63
835	0.280503	-8133.89
836	0.280503	-8130.69
837	0.280503	-8109.51
838	0.280503	-8116.69
839	0.280503	-8126.14
840	0.280503	-8135.46
841	0.280503	-8129.1
842	0.280503	-8138.93
843	0.280503	-8139.81
844	0.280503	-8137.27
845	0.280503	-8131.35
846	0.280503	-8144.8
847	0.280503	-8122.78
848	0.280503	-8113.01
849	0.280503	-8105.95
850	0.280503	-8132.03
851	0.280503	-8138.88
852	0.280503	-8116.42
853	0.280503	-8129.87
854	0.280503	-8118.14
855	0.280503	-8118.25
856	0.280503	-8112.95
857	0.280503	-8122.64
858	0.280503	-8111.5
859	0.280503	-8119.62
860	0.280503	-8133.9
861	0.280503	-8127.32
862	0.280503	-8124.06
863	0.280503	-8122.45
864	0.280503	-8113.91
865	0.280503	-8113.32
866	0.280503	-8113.18
867	0.280503	-8116.2
868	0.280503	-8121.96
869	0.280503	-8121.86
870	0.280503	-8115.2
871	0.280503	-8105.94
872	0.280503	-8112.55
873	0.280503	-8123.83
874	0.280503	-8121.46
875	0.280503	-8123.29
876	0.280503	-8104.75
877	0.280503	-8095.56
878	0.280503	-8105.41
879	0.280503	-8113.98
880	0.280503	-8145.26
881	0.280503	-8135.52
882	0.280503	-8136.32
883	0.280503	-8132.88
884	0.280503	-8146.5
885	0.280503	-8164.63
886	0.280503	-8138.35
887	0.280503	-8142.01
888	0.280503	-8158.51
889	0.280503	-8146.22
890	0.280503	-8143.88
891	0.280503	-8146.2
892	0.280503	-8132.08
893	0.280503	-8141.72
894	0.280503	-8116.99
895	0.280503	-8102.25
896	0.280503	-8110.92
897	0.280503	-8129.34
898	0.280503	-8127.38
899	0.280503	-8126.45
900	0.280503	-8104.99
901	0.280503	-8115.81
902	0.280503	-8117.34
903	0.280503	-8124.72
904	0.280503	-8125.53
905	0.280503	-8121.88
906	0.280503	-8136.24
907	0.280503	-8121.49
908	0.280503	-8112.29
909	0.280503	-8117.82
910	0.280503	-8113.11
911	0.280503	-8102.86
912	0.280503	-8112.6
913	0.280503	-8105.85
914	0.280503	-8103.06
915	0.280503	-8108.82
916	0.280503	-8136.67
917	0.280503	-8139.42
918	0.280503	-8149.55
919	0.280503	-8141.56
920	0.280503	-8150.69
921	0.280503	-8134.64
922	0.280503	-8124.13
923	0.280503	-8122.88
924	0.280503	-8112.85
925	0.280503	-8105.45
926	0.280503	-8106.36
927	0.280503	-8117.45
928	0.280503	-8112.57
929	0.280503	-8105.52
930	0.280503	-8110.53
931	0.280503	-8110.67
932	0.280503	-8113.51
933	0.280503	-8124.33
934	0.280503	-8130.42
935	0.280503	-8135.9
936	0.280503	-8140.45
937	0.280503	-8129.62
938	0.280503	-8141.47
939	0.280503	-8118.41
940	0.280503	-8098.9
941	0.280503	-8120.73
942	0.280503	-8117.59
943	0.280503	-8131.63
944	0.280503	-8133.23
945	0.280503	-8122.48
946	0.280503	-8126.12
947	0.280503	-8141.58
948	0.280503	-8128.22
949	0.280503	-8120.63
950	0.280503	-8098.19
951	0.280503	-8122.17
952	0.280503	-8141.39
953	0.280503	-8144.24
954	0.280503	-8124.63
955	0.280503	-8128.59
956	0.280503	-8117.33
957	0.280503	-8119.63
958	0.280503	-8120.24
959	0.280503	-8137.07
960	0.280503	-8151.53
961	0.280503	-8146.17
962	0.280503	-8138.54
963	0.280503	-8160.56
964	0.280503	-8132.64
965	0.280503	-8148.34
966	0.280503	-8141.73
967	0.280503	-8153.73
968	0.280503	-8152.22
969	0.280503	-8139.87
970	0.280503	-8127.76
971	0.280503	-8137.15
972	0.280503	-8158.88
973	0.280503	-8133.93
974	0.280503	-8119.15
975	0.280503	-8127.48
976	0.280503	-8111.25
977	0.280503	-8096.8
978	0.280503	-8116.99
979	0.280503	-8105.61
980	0.280503	-8110.57
981	0.280503	-8101.88
982	0.280503	-8095.75
983	0.280503	-8126.88
984	0.280503	-8123.21
985	0.280503	-8133.91
986	0.280503	-8133.9
987	0.280503	-8122.19
988	0.280503	-8127.3
989	0.280503	-8120.69
990	0.280503	-8112.71
991	0.280503	-8105.78
992	0.280503	-8116.04
993	0.280503	-8117.23
994	0.280503	-8108.62
995	0.280503	-8108.12
996	0.280503	-8103.56
997	0.280503	-8121.38
998	0.280503	-8107.84
999	0.280503	-8110.81
1000	0.280503	-8107.86
251	0.245487	-8148.28
252	0.245487	-8162.15
253	0.245487	-8149.94
254	0.245487	-8167.7
255	0.245487	-8145.4
256	0.245487	-8128.04
257	0.245487	-8150.39
258	0.245487	-8143.71
259	0.245487	-8147.44
260	0.245487	-8110.55
261	0.245487	-8132.68
262	0.245487	-8112.58
263	0.245487	-8112.5
264	0.245487	-8109.23
265	0.245487	-8133.74
266	0.245487	-8117.23
267	0.245487	-8153.09
268	0.245487	-8143.21
269	0.245487	-8137.94
270	0.245487	-8111.82
271	0.245487	-8143.1
272	0.245487	-8130.72
273	0.245487	-8123.94
274	0.245487	-8120.09
275	0.245487	-8142.33
276	0.245487	-8140.16
277	0.245487	-8140.27
278	0.245487	-8126.3
279	0.245487	-8127.96
280	0.245487	-8142.18
281	0.245487	-8135.75
282	0.245487	-8132.25
283	0.245487	-8111.28
284	0.245487	-8117.17
285	0.245487	-8126.97
286	0.245487	-8139.11
287	0.245487	-8128.59
288	0.245487	-8141.07
289	0.245487	-8134.22
290	0.245487	-8160.04
291	0.245487	-8160.33
292	0.245487	-8147.89
293	0.245487	-8139.94
294	0.245487	-8131.02
295	0.245487	-8130.12
296	0.245487	-8138.5
297	0.245487	-8152.88
298	0.245487	-8150.72
299	0.245487	-8168.82
300	0.245487	-8160.95
301	0.245487	-8147.13
302	0.245487	-8172.89
303	0.245487	-8162.53
304	0.245487	-8130.16
305	0.245487	-8135.58
306	0.245487	-8123.39
307	0.245487	-8127.96
308	0.245487	-8117.39
309	0.245487	-8114.5
310	0.245487	-8109.12
311	0.245487	-8095.03
312	0.245487	-8099.65
313	0.245487	-8108.95
314	0.245487	-8089.79
315	0.245487	-8127.74
316	0.245487	-8115.61
317	0.245487	-8121.57
318	0.245487	-8102.78
319	0.245487	-8113.97
320	0.245487	-8123.12
321	0.245487	-8121.1
322	0.245487	-8112.92
323	0.245487	-8112.17
324	0.245487	-8106.35
325	0.245487	-8137.98
326	0.245487	-8129.37
327	0.245487	-8116.16
328	0.245487	-8127.72
329	0.245487	-8119.4
330	0.245487	-8123.45
331	0.245487	-8103.17
332	0.245487	-8126.03
333	0.245487	-8161.57
334	0.245487	-8141.53
335	0.245487	-8138.61
336	0.245487	-8118.68
337	0.245487	-8121.43
338	0.245487	-8108.55
339	0.245487	-8127.04
340	0.245487	-8124.94
341	0.245487	-8150.66
342	0.245487	-8132.76
343	0.245487	-8134.87
344	0.245487	-8133.11
345	0.245487	-8144.56
346	0.245487	-8129.76
347	0.245487	-8125.12
348	0.245487	-8119.68
349	0.245487	-8111.76
350	0.245487	-8117.29
351	0.245487	-8127.07
352	0.245487	-8137.78
353	0.245487	-8132.16
354	0.245487	-8139.83
355	0.245487	-8152.44
356	0.245487	-8148.76
357	0.245487	-8140.67
358	0.245487	-8154.69
359	0.245487	-8140.28
360	0.245487	-8152.22
361	0.245487	-8123.97
362	0.245487	-8129.09
363	0.245487	-8151.09
364	0.245487	-8139.56
365	0.245487	-8132.57
366	0.245487	-8124.82
367	0.245487	-8126.12
368	0.245487	-8117.98
369	0.245487	-8134.82
370	0.245487	-8130.99
371	0.245487	-8132.36
372	0.245487	-8130.59
373	0.245487	-8147.24
374	0.245487	-8130.51
375	0.245487	-8141.86
376	0.245487	-8141.19
377	0.245487	-8127.71
378	0.245487	-8144.43
379	0.245487	-8143.99
380	0.245487	-8119.65
381	0.245487	-8126.43
382	0.245487	-8106.61
383	0.245487	-8118.72
384	0.245487	-8105.75
385	0.245487	-8122.76
386	0.245487	-8117.66
387	0.245487	-8105.88
388	0.245487	-8112.98
389	0.245487	-8110.56
390	0.245487	-8103.91
391	0.245487	-8124.49
392	0.245487	-8126.9
393	0.245487	-8147.85
394	0.245487	-8133.77
395	0.245487	-8135.21
396	0.245487	-8128.53
397	0.245487	-8143.9
398	0.245487	-8163.38
399	0.245487	-8114.5
400	0.245487	-8121.78
401	0.245487	-8133.24
402	0.245487	-8143.59
403	0.245487	-8155.96
404	0.245487	-8148.67
405	0.245487	-8141.16
406	0.245487	-8126.91
407	0.245487	-8127.35
408	0.245487	-8128.61
409	0.245487	-8119.41
410	0.245487	-8115.55
411	0.245487	-8117.08
412	0.245487	-8130.47
413	0.245487	-8130.12
414	0.245487	-8139.08
415	0.245487	-8120.91
416	0.245487	-8118.43
417	0.245487	-8118.2
418	0.245487	-8111.08
419	0.245487	-8134.41
420	0.245487	-8152.09
421	0.245487	-8162.43
422	0.245487	-8152.22
423	0.245487	-8136.68
424	0.245487	-8147.49
425	0.245487	-8156.15
426	0.245487	-8153.66
427	0.245487	-8136.65
428	0.245487	-8138.32
429	0.245487	-8147.59
430	0.245487	-8128.07
431	0.245487	-8135.19
432	0.245487	-8137.34
433	0.245487	-8148.74
434	0.245487	-8126.87
435	0.245487	-8132.19
436	0.245487	-8140.18
437	0.245487	-8135.65
438	0.245487	-8110.51
439	0.245487	-8146.17
440	0.245487	-8148.71
441	0.245487	-8144.93
442	0.245487	-8124.43
443	0.245487	-8140.17
444	0.245487	-8123.71
445	0.245487	-8113.91
446	0.245487	-8117.4
447	0.245487	-8120.77
448	0.245487	-8126.35
449	0.245487	-8125.96
450	0.245487	-8142.18
451	0.245487	-8153.05
452	0.245487	-8155.23
453	0.245487	-8149.9
454	0.245487	-8138.65
455	0.245487	-8147.08
456	0.245487	-8128.16
457	0.245487	-8125.28
458	0.245487	-8127.91
459	0.245487	-8128.05
460	0.245487	-8123.82
461	0.245487	-8123.97
462	0.245487	-8148.71
463	0.245487	-8140.03
464	0.245487	-8136.93
465	0.245487	-8143.62
466	0.245487	-8146.79
467	0.245487	-8145.07
468	0.245487	-8157.02
469	0.245487	-8152.86
470	0.245487	-8138.78
471	0.245487	-8169.67
472	0.245487	-8154.52
473	0.245487	-8169.56
474	0.245487	-8130.27
475	0.245487	-8125.88
476	0.245487	-8131.7
477	0.245487	-8121.33
478	0.245487	-8116.84
479	0.245487	-8102.84
480	0.245487	-8100.51
481	0.245487	-8119.77
482	0.245487	-8124.46
483	0.245487	-8152.24
484	0.245487	-8161.72
485	0.245487	-8126.98
486	0.245487	-8124.85
487	0.245487	-8144.87
488	0.245487	-8147.91
489	0.245487	-8130.75
490	0.245487	-8137.4
491	0.245487	-8139.77
492	0.245487	-8137.91
493	0.245487	-8143.46
494	0.245487	-8140.57
495	0.245487	-8139.2
496	0.245487	-8176.51
497	0.245487	-8165.99
498	0.245487	-8145.77
499	0.245487	-8117.5
500	0.245487	-8116.88
501	0.245487	-8120.48
502	0.245487	-8119.74
503	0.245487	-8116.97
504	0.245487	-8136.85
505	0.245487	-8128.46
506	0.245487	-8147.2
507	0.245487	-8136.25
508	0.245487	-8125.06
509	0.245487	-8126.1
510	0.245487	-8130.85
511	0.245487	-8126.44
512	0.245487	-8136.8
513	0.245487	-8145.79
514	0.245487	-8120.89
515	0.245487	-8159.32
516	0.245487	-8177.78
517	0.245487	-8153.93
518	0.245487	-8143.16
519	0.245487	-8120.97
520	0.245487	-8120.39
521	0.245487	-8130.6
522	0.245487	-8143.33
523	0.245487	-8155.59
524	0.245487	-8147.67
525	0.245487	-8128.76
526	0.245487	-8139.44
527	0.245487	-8139.55
528	0.245487	-8141.04
529	0.245487	-8141.01
530	0.245487	-8135.93
531	0.245487	-8139.1
532	0.245487	-8119.65
533	0.245487	-8132.2
534	0.245487	-8112.31
535	0.245487	-8109.46
536	0.245487	-8100.84
537	0.245487	-8114.09
538	0.245487	-8165.54
539	0.245487	-8108.26
540	0.245487	-8126.11
541	0.245487	-8128.7
542	0.245487	-8140.94
543	0.245487	-8137.92
544	0.245487	-8131.4
545	0.245487	-8158.4
546	0.245487	-8147.33
547	0.245487	-8138.8
548	0.245487	-8149.48
549	0.245487	-8138.91
550	0.245487	-8137.53
551	0.245487	-8139.01
552	0.245487	-8145.02
553	0.245487	-8135.44
554	0.245487	-8125.21
555	0.245487	-8128.72
556	0.245487	-8146.39
557	0.245487	-8144.1
558	0.245487	-8133.35
559	0.245487	-8130.62
560	0.245487	-8116.85
561	0.245487	-8111.14
562	0.245487	-8110.03
563	0.245487	-8124.51
564	0.245487	-8127.17
565	0.245487	-8137.94
566	0.245487	-8098.1
567	0.245487	-8110.27
568	0.245487	-8137.46
569	0.245487	-8135.48
570	0.245487	-8120.7
571	0.245487	-8146.01
572	0.245487	-8145.81
573	0.245487	-8131.04
574	0.245487	-8148.47
575	0.245487	-8150.73
576	0.245487	-8167.01
577	0.245487	-8153.94
578	0.245487	-8131.61
579	0.245487	-8158.06
580	0.245487	-8119.11
581	0.245487	-8122.7
582	0.245487	-8145.41
583	0.245487	-8150.73
584	0.245487	-8132
585	0.245487	-8140.14
586	0.245487	-8142.27
587	0.245487	-8142.54
588	0.245487	-8129.85
589	0.245487	-8131.35
590	0.245487	-8132
591	0.245487	-8121.95
592	0.245487	-8128.37
593	0.245487	-8138.84
594	0.245487	-8159.51
595	0.245487	-8128.42
596	0.245487	-8108.88
597	0.245487	-8116.37
598	0.245487	-8121.24
599	0.245487	-8147.14
600	0.245487	-8136.01
601	0.245487	-8141.89
602	0.245487	-8134.85
603	0.245487	-8124.77
604	0.245487	-8103.37
605	0.245487	-8120.1
606	0.245487	-8163.12
607	0.245487	-8140.57
608	0.245487	-8149.26
609	0.245487	-8143.83
610	0.245487	-8133.15
611	0.245487	-8116.83
612	0.245487	-8133.22
613	0.245487	-8146.21
614	0.245487	-8168.44
615	0.245487	-8151.4
616	0.245487	-8154.07
617	0.245487	-8129.49
618	0.245487	-8148.65
619	0.245487	-8131.87
620	0.245487	-8147.16
621	0.245487	-8139.35
622	0.245487	-8134.19
623	0.245487	-8126.23
624	0.245487	-8126.08
625	0.245487	-8152.57
626	0.245487	-8135.73
627	0.245487	-8129.71
628	0.245487	-8125.77
629	0.245487	-8132.26
630	0.245487	-8140.51
631	0.245487	-8145.02
632	0.245487	-8139.4
633	0.245487	-8114.99
634	0.245487	-8145.26
635	0.245487	-8135.55
636	0.245487	-8133.37
637	0.245487	-8128.23
638	0.245487	-8102.01
639	0.245487	-8097.75
640	0.245487	-8097.25
641	0.245487	-8099.13
642	0.245487	-8121.83
643	0.245487	-8118.79
644	0.245487	-8115.41
645	0.245487	-8105.24
646	0.245487	-8148.19
647	0.245487	-8135.72
648	0.245487	-8136.3
649	0.245487	-8128.04
650	0.245487	-8139.19
651	0.245487	-8130.5
652	0.245487	-8122.95
653	0.245487	-8134.4
654	0.245487	-8142.56
655	0.245487	-8144.65
656	0.245487	-8130.02
657	0.245487	-8136.74
658	0.245487	-8159.17
659	0.245487	-8162.3
660	0.245487	-8142.81
661	0.245487	-8126.24
662	0.245487	-8142.51
663	0.245487	-8115.5
664	0.245487	-8109.57
665	0.245487	-8117.13
666	0.245487	-8134.57
667	0.245487	-8127.87
668	0.245487	-8109.7
669	0.245487	-8132.75
670	0.245487	-8129.55
671	0.245487	-8131.64
672	0.245487	-8136.02
673	0.245487	-8135.75
674	0.245487	-8140.2
675	0.245487	-8141.82
676	0.245487	-8133.14
677	0.245487	-8152.58
678	0.245487	-8152.62
679	0.245487	-8147.73
680	0.245487	-8137.72
681	0.245487	-8124.2
682	0.245487	-8127.69
683	0.245487	-8134.08
684	0.245487	-8129.01
685	0.245487	-8117.09
686	0.245487	-8106.08
687	0.245487	-8096.11
688	0.245487	-8126.91
689	0.245487	-8114.17
690	0.245487	-8111.12
691	0.245487	-8133.37
692	0.245487	-8140.71
693	0.245487	-8126.72
694	0.245487	-8118.29
695	0.245487	-8115.42
696	0.245487	-8121.24
697	0.245487	-8147.09
698	0.245487	-8167.29
699	0.245487	-8142.5
700	0.245487	-8137.97
701	0.245487	-8126.92
702	0.245487	-8139.17
703	0.245487	-8107.94
704	0.245487	-8137.73
705	0.245487	-8125.45
706	0.245487	-8140.41
707	0.245487	-8139.97
708	0.245487	-8137.19
709	0.245487	-8132.65
710	0.245487	-8120.46
711	0.245487	-8160.7
712	0.245487	-8145.89
713	0.245487	-8141.11
714	0.245487	-8126.38
715	0.245487	-8121.71
716	0.245487	-8128.01
717	0.245487	-8150.96
718	0.245487	-8162.81
719	0.245487	-8167.52
720	0.245487	-8144.27
721	0.245487	-8129.26
722	0.245487	-8152.25
723	0.245487	-8138.1
724	0.245487	-8138.34
725	0.245487	-8124.65
726	0.245487	-8107.54
727	0.245487	-8113.49
728	0.245487	-8108.79
729	0.245487	-8115.27
730	0.245487	-8122.59
731	0.245487	-8116.66
732	0.245487	-8123.45
733	0.245487	-8125.24
734	0.245487	-8118.1
735	0.245487	-8119
736	0.245487	-8134.6
737	0.245487	-8147.5
738	0.245487	-8134.52
739	0.245487	-8167.71
740	0.245487	-8164.61
741	0.245487	-8122.49
742	0.245487	-8154.24
743	0.245487	-8144.79
744	0.245487	-8123.45
745	0.245487	-8111.25
746	0.245487	-8105.78
747	0.245487	-8111.12
748	0.245487	-8111.61
749	0.245487	-8105.8
750	0.245487	-8140.55
751	0.245487	-8136.07
752	0.245487	-8115.55
753	0.245487	-8107.64
754	0.245487	-8116.67
755	0.245487	-8102.1
756	0.245487	-8114.71
757	0.245487	-8118.78
758	0.245487	-8124.07
759	0.245487	-8119.31
760	0.245487	-8129.47
761	0.245487	-8121.76
762	0.245487	-8133.82
763	0.245487	-8112.53
764	0.245487	-8125.66
765	0.245487	-8108.09
766	0.245487	-8122.09
767	0.245487	-8124.43
768	0.245487	-8117.95
769	0.245487	-8108.42
770	0.245487	-8131.63
771	0.245487	-8132.77
772	0.245487	-8147.91
773	0.245487	-8131.25
774	0.245487	-8130.35
775	0.245487	-8116.56
776	0.245487	-8134.79
777	0.245487	-8110.26
778	0.245487	-8108.73
779	0.245487	-8126.87
780	0.245487	-8127.92
781	0.245487	-8116.15
782	0.245487	-8119.64
783	0.245487	-8135.55
784	0.245487	-8138.23
785	0.245487	-8145.48
786	0.245487	-8129.04
787	0.245487	-8140.95
788	0.245487	-8117.26
789	0.245487	-8115.67
790	0.245487	-8124.38
791	0.245487	-8116.8
792	0.245487	-8110.22
793	0.245487	-8154.15
794	0.245487	-8158.59
795	0.245487	-8137.07
796	0.245487	-8144.01
797	0.245487	-8151.16
798	0.245487	-8133.51
799	0.245487	-8188.62
800	0.245487	-8184.41
801	0.245487	-8145.09
802	0.245487	-8122.69
803	0.245487	-8121.6
804	0.245487	-8122.54
805	0.245487	-8127.2
806	0.245487	-8124.7
807	0.245487	-8120.56
808	0.245487	-8119.39
809	0.245487	-8118.75
810	0.245487	-8116.34
811	0.245487	-8104.6
812	0.245487	-8115.4
813	0.245487	-8125.03
814	0.245487	-8110.19
815	0.245487	-8109.89
816	0.245487	-8138.7
817	0.245487	-8109.24
818	0.245487	-8108.77
819	0.245487	-8118.22
820	0.245487	-8116.49
821	0.245487	-8112.07
822	0.245487	-8108.47
823	0.245487	-8128.44
824	0.245487	-8119.69
825	0.245487	-8118.86
826	0.245487	-8144.66
827	0.245487	-8130.05
828	0.245487	-8144.41
829	0.245487	-8123.6
830	0.245487	-8132.38
831	0.245487	-8141.92
832	0.245487	-8143.79
833	0.245487	-8144.14
834	0.245487	-8129.54
835	0.245487	-8114.73
836	0.245487	-8107.97
837	0.245487	-8118.5
838	0.245487	-8112.3
839	0.245487	-8123.67
840	0.245487	-8127.58
841	0.245487	-8132.94
842	0.245487	-8122.12
843	0.245487	-8126.61
844	0.245487	-8148.11
845	0.245487	-8163.09
846	0.245487	-8133.33
847	0.245487	-8148.37
848	0.245487	-8153.54
849	0.245487	-8123.93
850	0.245487	-8115.35
851	0.245487	-8166.14
852	0.245487	-8163.67
853	0.245487	-8147.17
854	0.245487	-8139.32
855	0.245487	-8142.54
856	0.245487	-8126.99
857	0.245487	-8126.83
858	0.245487	-8147.92
859	0.245487	-8135.97
860	0.245487	-8124.72
861	0.245487	-8123.11
862	0.245487	-8122.75
863	0.245487	-8124.32
864	0.245487	-8117.61
865	0.245487	-8130.71
866	0.245487	-8140.46
867	0.245487	-8108.33
868	0.245487	-8124.97
869	0.245487	-8116.85
870	0.245487	-8138.19
871	0.245487	-8144.29
872	0.245487	-8142.05
873	0.245487	-8137.69
874	0.245487	-8121.28
875	0.245487	-8134.29
876	0.245487	-8142.34
877	0.245487	-8139.24
878	0.245487	-8134.2
879	0.245487	-8149.01
880	0.245487	-8131.38
881	0.245487	-8143.48
882	0.245487	-8146.73
883	0.245487	-8135
884	0.245487	-8141.23
885	0.245487	-8135.76
886	0.245487	-8135.57
887	0.245487	-8126.3
888	0.245487	-8117.64
889	0.245487	-8131.07
890	0.245487	-8137.47
891	0.245487	-8128.24
892	0.245487	-8127.2
893	0.245487	-8139.73
894	0.245487	-8104.87
895	0.245487	-8112.65
896	0.245487	-8129.17
897	0.245487	-8102.14
898	0.245487	-8110.7
899	0.245487	-8132.03
900	0.245487	-8155.01
901	0.245487	-8130.96
902	0.245487	-8130.32
903	0.245487	-8139.28
904	0.245487	-8142.03
905	0.245487	-8157.72
906	0.245487	-8154.62
907	0.245487	-8132.04
908	0.245487	-8135.86
909	0.245487	-8128.66
910	0.245487	-8102.36
911	0.245487	-8114.56
912	0.245487	-8116.53
913	0.245487	-8112.1
914	0.245487	-8108.08
915	0.245487	-8134.32
916	0.245487	-8135.85
917	0.245487	-8112.31
918	0.245487	-8124.03
919	0.245487	-8112.83
920	0.245487	-8132.16
921	0.245487	-8132.68
922	0.245487	-8148.96
923	0.245487	-8132.24
924	0.245487	-8126.73
925	0.245487	-8116.88
926	0.245487	-8120.5
927	0.245487	-8144.48
928	0.245487	-8129.31
929	0.245487	-8131.23
930	0.245487	-8137
931	0.245487	-8134.39
932	0.245487	-8131.83
933	0.245487	-8139.64
934	0.245487	-8122.32
935	0.245487	-8124.19
936	0.245487	-8145.53
937	0.245487	-8138.93
938	0.245487	-8152.66
939	0.245487	-8152.84
940	0.245487	-8162.74
941	0.245487	-8165.19
942	0.245487	-8133.76
943	0.245487	-8144.17
944	0.245487	-8131.06
945	0.245487	-8130.16
946	0.245487	-8135.09
947	0.245487	-8129.18
948	0.245487	-8159.02
949	0.245487	-8151.25
950	0.245487	-8151.76
951	0.245487	-8128.2
952	0.245487	-8144.37
953	0.245487	-8126.85
954	0.245487	-8127.24
955	0.245487	-8124.43
956	0.245487	-8126.42
957	0.245487	-8128.82
958	0.245487	-8115.98
959	0.245487	-8136.34
960	0.245487	-8145.78
961	0.245487	-8125.93
962	0.245487	-8151.76
963	0.245487	-8152.21
964	0.245487	-8142.77
965	0.245487	-8162.5
966	0.245487	-8165.8
967	0.245487	-8172.6
968	0.245487	-8145.19
969	0.245487	-8181.37
970	0.245487	-8182.49
971	0.245487	-8140.96
972	0.245487	-8142.03
973	0.245487	-8120.06
974	0.245487	-8116.11
975	0.245487	-8125.46
976	0.245487	-8128.92
977	0.245487	-8124.38
978	0.245487	-8130.78
979	0.245487	-8111.59
980	0.245487	-8145.5
981	0.245487	-8122.82
982	0.245487	-8124.52
983	0.245487	-8114.82
984	0.245487	-8119.58
985	0.245487	-8115.44
986	0.245487	-8119.81
987	0.245487	-8122.74
988	0.245487	-8110.23
989	0.245487	-8118.55
990	0.245487	-8127.01
991	0.245487	-8141.57
992	0.245487	-8140.04
993	0.245487	-8121.65
994	0.245487	-8120.76
995	0.245487	-8136.57
996	0.245487	-8144.98
997	0.245487	-8154.51
998	0.245487	-8178.33
999	0.245487	-8122.58
1000	0.245487	-8125.76
251	0.214058	-8165.36
252	0.214058	-8125.45
253	0.214058	-8120.02
254	0.214058	-8113.89
255	0.214058	-8115.43
256	0.214058	-8114.26
257	0.214058	-8137.98
258	0.214058	-8124.9
259	0.214058	-8149.27
260	0.214058	-8150.42
261	0.214058	-8123.22
262	0.214058	-8151.6
263	0.214058	-8151.2
264	0.214058	-8139.42
265	0.214058	-8147.46
266	0.214058	-8162.58
267	0.214058	-8166.63
268	0.214058	-8164.97
269	0.214058	-8131.5
270	0.214058	-8135.81
271	0.214058	-8151.27
272	0.214058	-8159.03
273	0.214058	-8183.81
274	0.214058	-8166.84
275	0.214058	-8156.71
276	0.214058	-8140.44
277	0.214058	-8144.55
278	0.214058	-8162.88
279	0.214058	-8163.56
280	0.214058	-8174.77
281	0.214058	-8196.35
282	0.214058	-8186.55
283	0.214058	-8187.27
284	0.214058	-8201.68
285	0.214058	-8209.23
286	0.214058	-8207.87
287	0.214058	-8189.1
288	0.214058	-8161.96
289	0.214058	-8136.55
290	0.214058	-8114.78
291	0.214058	-8111.41
292	0.214058	-8120.86
293	0.214058	-8120.8
294	0.214058	-8134.19
295	0.214058	-8138.05
296	0.214058	-8157.37
297	0.214058	-8192.28
298	0.214058	-8184.89
299	0.214058	-8155.16
300	0.214058	-8177.64
301	0.214058	-8190.09
302	0.214058	-8186.97
303	0.214058	-8132.32
304	0.214058	-8145.54
305	0.214058	-8149.01
306	0.214058	-8138.73
307	0.214058	-8161.87
308	0.214058	-8166.11
309	0.214058	-8153.45
310	0.214058	-8167.63
311	0.214058	-8144.34
312	0.214058	-8138.45
313	0.214058	-8158.88
314	0.214058	-8125.6
315	0.214058	-8108.14
316	0.214058	-8105.93
317	0.214058	-8130.26
318	0.214058	-8136.62
319	0.214058	-8139
320	0.214058	-8162.41
321	0.214058	-8138.07
322	0.214058	-8121.48
323	0.214058	-8123.32
324	0.214058	-8138.93
325	0.214058	-8125.89
326	0.214058	-8111.02
327	0.214058	-8129.83
328	0.214058	-8151.35
329	0.214058	-8157.73
330	0.214058	-8168.94
331	0.214058	-8151.62
332	0.214058	-8148.95
333	0.214058	-8126.53
334	0.214058	-8138.78
335	0.214058	-8137.91
336	0.214058	-8140.11
337	0.214058	-8141.66
338	0.214058	-8117.29
339	0.214058	-8114.9
340	0.214058	-8120.42
341	0.214058	-8135.08
342	0.214058	-8139.75
343	0.214058	-8146.26
344	0.214058	-8146.27
345	0.214058	-8141.21
346	0.214058	-8170
347	0.214058	-8143.21
348	0.214058	-8133.13
349	0.214058	-8148.51
350	0.214058	-8139.5
351	0.214058	-8198.06
352	0.214058	-8145.77
353	0.214058	-8147.87
354	0.214058	-8129.07
355	0.214058	-8119.77
356	0.214058	-8112.48
357	0.214058	-8127.97
358	0.214058	-8138.78
359	0.214058	-8131.51
360	0.214058	-8125.43
361	0.214058	-8138.25
362	0.214058	-8125.44
363	0.214058	-8132.19
364	0.214058	-8149.95
365	0.214058	-8120.68
366	0.214058	-8111.99
367	0.214058	-8109.41
368	0.214058	-8129.28
369	0.214058	-8133.53
370	0.214058	-8127.24
371	0.214058	-8114.98
372	0.214058	-8102.66
373	0.214058	-8128.62
374	0.214058	-8128.98
375	0.214058	-8147.33
376	0.214058	-8175.02
377	0.214058	-8146.52
378	0.214058	-8140.01
379	0.214058	-8145.25
380	0.214058	-8129.85
381	0.214058	-8147.05
382	0.214058	-8147.61
383	0.214058	-8140.63
384	0.214058	-8183.87
385	0.214058	-8162.53
386	0.214058	-8179.99
387	0.214058	-8161.73
388	0.214058	-8169.57
389	0.214058	-8157.55
390	0.214058	-8169.43
391	0.214058	-8171.26
392	0.214058	-8171.26
393	0.214058	-8149.9
394	0.214058	-8163.17
395	0.214058	-8175.79
396	0.214058	-8155.09
397	0.214058	-8136.6
398	0.214058	-8140.51
399	0.214058	-8134.21
400	0.214058	-8143.5
401	0.214058	-8151.67
402	0.214058	-8140.11
403	0.214058	-8129.71
404	0.214058	-8123.76
405	0.214058	-8132.45
406	0.214058	-8147.46
407	0.214058	-8152.4
408	0.214058	-8155.83
409	0.214058	-8159.66
410	0.214058	-8146.41
411	0.214058	-8125.16
412	0.214058	-8123.28
413	0.214058	-8118.81
414	0.214058	-8140.92
415	0.214058	-8136.22
416	0.214058	-8130.17
417	0.214058	-8130.38
418	0.214058	-8116.93
419	0.214058	-8113.75
420	0.214058	-8141.44
421	0.214058	-8123.8
422	0.214058	-8134.33
423	0.214058	-8128.68
424	0.214058	-8129.85
425	0.214058	-8122.81
426	0.214058	-8125.27
427	0.214058	-8110.35
428	0.214058	-8144.36
429	0.214058	-8149.62
430	0.214058	-8157.46
431	0.214058	-8135.18
432	0.214058	-8146.05
433	0.214058	-8138.9
434	0.214058	-8135.09
435	0.214058	-8122.49
436	0.214058	-8130.35
437	0.214058	-8122.84
438	0.214058	-8140.56
439	0.214058	-8147.29
440	0.214058	-8171
441	0.214058	-8169.88
442	0.214058	-8164.14
443	0.214058	-8133.21
444	0.214058	-8133.39
445	0.214058	-8121.8
446	0.214058	-8147.04
447	0.214058	-8143.49
448	0.214058	-8127.23
449	0.214058	-8139.3
450	0.214058	-8140.28
451	0.214058	-8151.63
452	0.214058	-8150
453	0.214058	-8148.1
454	0.214058	-8149.69
455	0.214058	-8141.75
456	0.214058	-8133.27
457	0.214058	-8108.48
458	0.214058	-8127.47
459	0.214058	-8139.31
460	0.214058	-8123
461	0.214058	-8127.97
462	0.214058	-8120.51
463	0.214058	-8123.59
464	0.214058	-8127.62
465	0.214058	-8124.99
466	0.214058	-8142.48
467	0.214058	-8142.95
468	0.214058	-8125.84
469	0.214058	-8164.44
470	0.214058	-8156.26
471	0.214058	-8146.95
472	0.214058	-8138.29
473	0.214058	-8130.15
474	0.214058	-8176.72
475	0.214058	-8167.04
476	0.214058	-8148.57
477	0.214058	-8144.5
478	0.214058	-8144.42
479	0.214058	-8145.81
480	0.214058	-8169.87
481	0.214058	-8201.42
482	0.214058	-8160.88
483	0.214058	-8160.02
484	0.214058	-8142.37
485	0.214058	-8126.81
486	0.214058	-8139.17
487	0.214058	-8162.58
488	0.214058	-8147.45
489	0.214058	-8152.08
490	0.214058	-8138.71
491	0.214058	-8165.52
492	0.214058	-8133.59
493	0.214058	-8140.48
494	0.214058	-8109.45
495	0.214058	-8109.81
496	0.214058	-8115.46
497	0.214058	-8127.3
498	0.214058	-8129.6
499	0.214058	-8126.77
500	0.214058	-8139.7
501	0.214058	-8132.99
502	0.214058	-8128.59
503	0.214058	-8151.34
504	0.214058	-8148.38
505	0.214058	-8159.05
506	0.214058	-8143.14
507	0.214058	-8123.15
508	0.214058	-8138.74
509	0.214058	-8146.76
510	0.214058	-8136.66
511	0.214058	-8164.34
512	0.214058	-8188.85
513	0.214058	-8156.81
514	0.214058	-8183.12
515	0.214058	-8170.21
516	0.214058	-8158.61
517	0.214058	-8170.05
518	0.214058	-8180.14
519	0.214058	-8158.59
520	0.214058	-8149.57
521	0.214058	-8135.8
522	0.214058	-8115.53
523	0.214058	-8109.96
524	0.214058	-8136.05
525	0.214058	-8134.37
526	0.214058	-8120.57
527	0.214058	-8134.1
528	0.214058	-8128.52
529	0.214058	-8136.73
530	0.214058	-8139.03
531	0.214058	-8146.68
532	0.214058	-8147.98
533	0.214058	-8133.84
534	0.214058	-8160.56
535	0.214058	-8147.02
536	0.214058	-8138.25
537	0.214058	-8159.58
538	0.214058	-8134.08
539	0.214058	-8142.9
540	0.214058	-8161.33
541	0.214058	-8137.97
542	0.214058	-8138.19
543	0.214058	-8102.18
544	0.214058	-8108.15
545	0.214058	-8141.3
546	0.214058	-8135.31
547	0.214058	-8151.01
548	0.214058	-8120.44
549	0.214058	-8128.47
550	0.214058	-8137.87
551	0.214058	-8145.75
552	0.214058	-8154.39
553	0.214058	-8127.79
554	0.214058	-8124.65
555	0.214058	-8120.02
556	0.214058	-8111.62
557	0.214058	-8142.21
558	0.214058	-8114.19
559	0.214058	-8139.46
560	0.214058	-8132.72
561	0.214058	-8130.46
562	0.214058	-8110.82
563	0.214058	-8122.77
564	0.214058	-8124.76
565	0.214058	-8129.75
566	0.214058	-8139.89
567	0.214058	-8153.27
568	0.214058	-8168.17
569	0.214058	-8155.74
570	0.214058	-8157.5
571	0.214058	-8153.7
572	0.214058	-8132.27
573	0.214058	-8142.13
574	0.214058	-8145.81
575	0.214058	-8159.36
576	0.214058	-8145.16
577	0.214058	-8157.73
578	0.214058	-8155.18
579	0.214058	-8130.71
580	0.214058	-8157.15
581	0.214058	-8177.13
582	0.214058	-8175.42
583	0.214058	-8159.11
584	0.214058	-8154.62
585	0.214058	-8155.14
586	0.214058	-8140.85
587	0.214058	-8132.92
588	0.214058	-8123.07
589	0.214058	-8145.28
590	0.214058	-8148.91
591	0.214058	-8147.25
592	0.214058	-8153.71
593	0.214058	-8137.5
594	0.214058	-8170.58
595	0.214058	-8155.9
596	0.214058	-8135.27
597	0.214058	-8140.66
598	0.214058	-8124.06
599	0.214058	-8141.9
600	0.214058	-8144.89
601	0.214058	-8156.82
602	0.214058	-8113.78
603	0.214058	-8121.49
604	0.214058	-8131.93
605	0.214058	-8135.27
606	0.214058	-8120.59
607	0.214058	-8125.5
608	0.214058	-8129.03
609	0.214058	-8144.26
610	0.214058	-8131.36
611	0.214058	-8143.38
612	0.214058	-8133.74
613	0.214058	-8140.35
614	0.214058	-8144.09
615	0.214058	-8160.18
616	0.214058	-8144.25
617	0.214058	-8143.41
618	0.214058	-8164.49
619	0.214058	-8169.81
620	0.214058	-8167.27
621	0.214058	-8148.14
622	0.214058	-8169.12
623	0.214058	-8151.86
624	0.214058	-8142.15
625	0.214058	-8168.7
626	0.214058	-8161.11
627	0.214058	-8165.37
628	0.214058	-8132.73
629	0.214058	-8183.51
630	0.214058	-8165.93
631	0.214058	-8153.69
632	0.214058	-8147.46
633	0.214058	-8139.25
634	0.214058	-8157.02
635	0.214058	-8138.63
636	0.214058	-8146.75
637	0.214058	-8140.58
638	0.214058	-8133.89
639	0.214058	-8148.66
640	0.214058	-8166.35
641	0.214058	-8162.35
642	0.214058	-8158.23
643	0.214058	-8203.2
644	0.214058	-8150.85
645	0.214058	-8154.41
646	0.214058	-8140.55
647	0.214058	-8141.63
648	0.214058	-8130.08
649	0.214058	-8126.56
650	0.214058	-8125.76
651	0.214058	-8110.78
652	0.214058	-8123.86
653	0.214058	-8122.82
654	0.214058	-8152.83
655	0.214058	-8144.14
656	0.214058	-8125.27
657	0.214058	-8124.45
658	0.214058	-8117.28
659	0.214058	-8146.43
660	0.214058	-8142.54
661	0.214058	-8120.43
662	0.214058	-8131.05
663	0.214058	-8132.75
664	0.214058	-8125.65
665	0.214058	-8133.4
666	0.214058	-8130.5
667	0.214058	-8144.73
668	0.214058	-8160.12
669	0.214058	-8139.2
670	0.214058	-8155.99
671	0.214058	-8145.16
672	0.214058	-8127.98
673	0.214058	-8122.44
674	0.214058	-8133.48
675	0.214058	-8128.17
676	0.214058	-8135.3
677	0.214058	-8122.77
678	0.214058	-8125.58
679	0.214058	-8122.67
680	0.214058	-8119.58
681	0.214058	-8127.6
682	0.214058	-8165.18
683	0.214058	-8176.99
684	0.214058	-8152.23
685	0.214058	-8155.66
686	0.214058	-8178.08
687	0.214058	-8166.18
688	0.214058	-8145.47
689	0.214058	-8134.2
690	0.214058	-8153.4
691	0.214058	-8137.61
692	0.214058	-8143.63
693	0.214058	-8148.27
694	0.214058	-8132.38
695	0.214058	-8155.59
696	0.214058	-8145.29
697	0.214058	-8143.13
698	0.214058	-8162.73
699	0.214058	-8158.28
700	0.214058	-8149.23
701	0.214058	-8147.62
702	0.214058	-8151.86
703	0.214058	-8137.22
704	0.214058	-8142.49
705	0.214058	-8152.09
706	0.214058	-8136.61
707	0.214058	-8142.21
708	0.214058	-8120.1
709	0.214058	-8143.71
710	0.214058	-8167.09
711	0.214058	-8139
712	0.214058	-8115.77
713	0.214058	-8118.87
714	0.214058	-8127.39
715	0.214058	-8156.25
716	0.214058	-8148.78
717	0.214058	-8156.11
718	0.214058	-8147.01
719	0.214058	-8159.93
720	0.214058	-8180.51
721	0.214058	-8151.1
722	0.214058	-8191.1
723	0.214058	-8126.66
724	0.214058	-8132.11
725	0.214058	-8120.71
726	0.214058	-8126.78
727	0.214058	-8131.5
728	0.214058	-8136.37
729	0.214058	-8124.72
730	0.214058	-8150.82
731	0.214058	-8157.59
732	0.214058	-8144.5
733	0.214058	-8176.14
734	0.214058	-8180.25
735	0.214058	-8141.87
736	0.214058	-8140.35
737	0.214058	-8149.58
738	0.214058	-8153.92
739	0.214058	-8123.84
740	0.214058	-8142.95
741	0.214058	-8136.3
742	0.214058	-8183.12
743	0.214058	-8195.15
744	0.214058	-8202.06
745	0.214058	-8170.84
746	0.214058	-8174.36
747	0.214058	-8186.37
748	0.214058	-8143.2
749	0.214058	-8152.27
750	0.214058	-8139.03
751	0.214058	-8162.37
752	0.214058	-8163.73
753	0.214058	-8141.99
754	0.214058	-8156.08
755	0.214058	-8129.09
756	0.214058	-8110.84
757	0.214058	-8116.06
758	0.214058	-8124.77
759	0.214058	-8111.78
760	0.214058	-8123.7
761	0.214058	-8144.84
762	0.214058	-8145.24
763	0.214058	-8128.1
764	0.214058	-8129.51
765	0.214058	-8137.84
766	0.214058	-8128.77
767	0.214058	-8130.94
768	0.214058	-8104.83
769	0.214058	-8127.61
770	0.214058	-8121.81
771	0.214058	-8128.66
772	0.214058	-8148.62
773	0.214058	-8141.54
774	0.214058	-8140.78
775	0.214058	-8125.87
776	0.214058	-8107.73
777	0.214058	-8125.16
778	0.214058	-8132.69
779	0.214058	-8144.83
780	0.214058	-8142.81
781	0.214058	-8143.17
782	0.214058	-8124.66
783	0.214058	-8133.31
784	0.214058	-8130.33
785	0.214058	-8125.94
786	0.214058	-8126.12
787	0.214058	-8116.42
788	0.214058	-8120.22
789	0.214058	-8132.59
790	0.214058	-8149.51
791	0.214058	-8145.92
792	0.214058	-8150.04
793	0.214058	-8154.86
794	0.214058	-8146.16
795	0.214058	-8148.9
796	0.214058	-8181.23
797	0.214058	-8188.35
798	0.214058	-8150.99
799	0.214058	-8126.68
800	0.214058	-8132.11
801	0.214058	-8125.15
802	0.214058	-8128.03
803	0.214058	-8133.98
804	0.214058	-8139.12
805	0.214058	-8125.31
806	0.214058	-8118.56
807	0.214058	-8134.52
808	0.214058	-8161.8
809	0.214058	-8149.52
810	0.214058	-8149.47
811	0.214058	-8124.82
812	0.214058	-8118.92
813	0.214058	-8123.56
814	0.214058	-8148.79
815	0.214058	-8169.05
816	0.214058	-8163.43
817	0.214058	-8124.89
818	0.214058	-8154.8
819	0.214058	-8150.12
820	0.214058	-8132.44
821	0.214058	-8136.82
822	0.214058	-8160.43
823	0.214058	-8169.82
824	0.214058	-8140.27
825	0.214058	-8167.14
826	0.214058	-8179.81
827	0.214058	-8160.82
828	0.214058	-8146.62
829	0.214058	-8151.28
830	0.214058	-8161.77
831	0.214058	-8143.78
832	0.214058	-8166.06
833	0.214058	-8172.93
834	0.214058	-8151.45
835	0.214058	-8174.26
836	0.214058	-8149.33
837	0.214058	-8133.84
838	0.214058	-8149.2
839	0.214058	-8155.36
840	0.214058	-8137.44
841	0.214058	-8153.65
842	0.214058	-8130.19
843	0.214058	-8149.54
844	0.214058	-8155.06
845	0.214058	-8139.68
846	0.214058	-8127.28
847	0.214058	-8142.68
848	0.214058	-8138.17
849	0.214058	-8149.66
850	0.214058	-8168
851	0.214058	-8159.17
852	0.214058	-8161.1
853	0.214058	-8128.65
854	0.214058	-8144.14
855	0.214058	-8168.12
856	0.214058	-8138.72
857	0.214058	-8124.82
858	0.214058	-8139.12
859	0.214058	-8121.14
860	0.214058	-8134.43
861	0.214058	-8127.25
862	0.214058	-8144.13
863	0.214058	-8109.41
864	0.214058	-8122.78
865	0.214058	-8113.45
866	0.214058	-8126.01
867	0.214058	-8155.65
868	0.214058	-8157.92
869	0.214058	-8142.89
870	0.214058	-8143.93
871	0.214058	-8135.25
872	0.214058	-8135.81
873	0.214058	-8140.73
874	0.214058	-8141.17
875	0.214058	-8129.62
876	0.214058	-8139.08
877	0.214058	-8151.78
878	0.214058	-8130.74
879	0.214058	-8130.2
880	0.214058	-8119.77
881	0.214058	-8119.48
882	0.214058	-8144.94
883	0.214058	-8118.73
884	0.214058	-8146.02
885	0.214058	-8145.1
886	0.214058	-8163.55
887	0.214058	-8163.55
888	0.214058	-8169.98
889	0.214058	-8178.87
890	0.214058	-8169.27
891	0.214058	-8170.53
892	0.214058	-8160.7
893	0.214058	-8131.46
894	0.214058	-8142.01
895	0.214058	-8133.36
896	0.214058	-8133.25
897	0.214058	-8157.51
898	0.214058	-8140.08
899	0.214058	-8148.53
900	0.214058	-8166.66
901	0.214058	-8140.22
902	0.214058	-8128.64
903	0.214058	-8135.09
904	0.214058	-8112.81
905	0.214058	-8115.47
906	0.214058	-8117.97
907	0.214058	-8125.74
908	0.214058	-8124.71
909	0.214058	-8133.99
910	0.214058	-8125.12
911	0.214058	-8130.28
912	0.214058	-8144.77
913	0.214058	-8130.32
914	0.214058	-8113.42
915	0.214058	-8112.53
916	0.214058	-8111.09
917	0.214058	-8124.65
918	0.214058	-8130.02
919	0.214058	-8133.12
920	0.214058	-8133.12
921	0.214058	-8116.93
922	0.214058	-8144.02
923	0.214058	-8152.73
924	0.214058	-8173.24
925	0.214058	-8166.68
926	0.214058	-8170.97
927	0.214058	-8160.12
928	0.214058	-8163.9
929	0.214058	-8166.45
930	0.214058	-8161.35
931	0.214058	-8142.09
932	0.214058	-8177.07
933	0.214058	-8190.58
934	0.214058	-8140.35
935	0.214058	-8129.81
936	0.214058	-8137.3
937	0.214058	-8143.27
938	0.214058	-8145.4
939	0.214058	-8143.17
940	0.214058	-8126.99
941	0.214058	-8137.99
942	0.214058	-8160.58
943	0.214058	-8143.45
944	0.214058	-8161.37
945	0.214058	-8133.43
946	0.214058	-8181.58
947	0.214058	-8154.01
948	0.214058	-8136
949	0.214058	-8121.07
950	0.214058	-8130.85
951	0.214058	-8137.38
952	0.214058	-8134.72
953	0.214058	-8131.32
954	0.214058	-8151.08
955	0.214058	-8133.89
956	0.214058	-8146.46
957	0.214058	-8152.12
958	0.214058	-8130.71
959	0.214058	-8145.54
960	0.214058	-8146.09
961	0.214058	-8132.16
962	0.214058	-8131.51
963	0.214058	-8130.18
964	0.214058	-8137.48
965	0.214058	-8109.69
966	0.214058	-8103.97
967	0.214058	-8106.95
968	0.214058	-8120.13
969	0.214058	-8132.49
970	0.214058	-8128.35
971	0.214058	-8163.12
972	0.214058	-8167.26
973	0.214058	-8136.59
974	0.214058	-8111.53
975	0.214058	-8139.48
976	0.214058	-8135.27
977	0.214058	-8124.12
978	0.214058	-8124.97
979	0.214058	-8142.01
980	0.214058	-8148.11
981	0.214058	-8136.34
982	0.214058	-8147.67
983	0.214058	-8138.34
984	0.214058	-8150.11
985	0.214058	-8155.97
986	0.214058	-8162.66
987	0.214058	-8122.75
988	0.214058	-8115.23
989	0.214058	-8127.31
990	0.214058	-8134.45
991	0.214058	-8162.94
992	0.214058	-8141.69
993	0.214058	-8130.02
994	0.214058	-8133.67
995	0.214058	-8110.54
996	0.214058	-8145.25
997	0.214058	-8151.52
998	0.214058	-8153.55
999	0.214058	-8163.92
1000	0.214058	-8166.51
251	0.185935	-8156.63
252	0.185935	-8148.88
253	0.185935	-8147.85
254	0.185935	-8138.42
255	0.185935	-8136.34
256	0.185935	-8124.33
257	0.185935	-8127.74
258	0.185935	-8145.06
259	0.185935	-8145.72
260	0.185935	-8145.19
261	0.185935	-8178.31
262	0.185935	-8159.61
263	0.185935	-8159.32
264	0.185935	-8174.59
265	0.185935	-8177.31
266	0.185935	-8144.33
267	0.185935	-8127.84
268	0.185935	-8136.43
269	0.185935	-8136.04
270	0.185935	-8131.46
271	0.185935	-8113.25
272	0.185935	-8134.95
273	0.185935	-8150.13
274	0.185935	-8160.97
275	0.185935	-8142.22
276	0.185935	-8166.2
277	0.185935	-8188.58
278	0.185935	-8194.28
279	0.185935	-8154.38
280	0.185935	-8127.25
281	0.185935	-8138.04
282	0.185935	-8144.19
283	0.185935	-8182.92
284	0.185935	-8159.66
285	0.185935	-8146.62
286	0.185935	-8127.56
287	0.185935	-8154.74
288	0.185935	-8145.6
289	0.185935	-8139.08
290	0.185935	-8142.95
291	0.185935	-8142.13
292	0.185935	-8125.28
293	0.185935	-8128.71
294	0.185935	-8127.16
295	0.185935	-8131.24
296	0.185935	-8189.87
297	0.185935	-8151.08
298	0.185935	-8148.72
299	0.185935	-8153.62
300	0.185935	-8140.74
301	0.185935	-8163.08
302	0.185935	-8138.79
303	0.185935	-8181.04
304	0.185935	-8149.49
305	0.185935	-8160.38
306	0.185935	-8133.2
307	0.185935	-8133.43
308	0.185935	-8167.97
309	0.185935	-8155.02
310	0.185935	-8145.01
311	0.185935	-8143.37
312	0.185935	-8145.93
313	0.185935	-8132.77
314	0.185935	-8137.58
315	0.185935	-8131.38
316	0.185935	-8156.5
317	0.185935	-8143.88
318	0.185935	-8151.64
319	0.185935	-8182.52
320	0.185935	-8148.1
321	0.185935	-8131.09
322	0.185935	-8122.46
323	0.185935	-8151.47
324	0.185935	-8148.41
325	0.185935	-8128.96
326	0.185935	-8105.71
327	0.185935	-8159.12
328	0.185935	-8141.67
329	0.185935	-8137.57
330	0.185935	-8156.06
331	0.185935	-8126.66
332	0.185935	-8132.36
333	0.185935	-8143.76
334	0.185935	-8125.34
335	0.185935	-8114.62
336	0.185935	-8104.7
337	0.185935	-8125.04
338	0.185935	-8105.38
339	0.185935	-8116.45
340	0.185935	-8106.78
341	0.185935	-8123.58
342	0.185935	-8125.69
343	0.185935	-8145.44
344	0.185935	-8140.97
345	0.185935	-8154.79
346	0.185935	-8150
347	0.185935	-8156.47
348	0.185935	-8153
349	0.185935	-8171.65
350	0.185935	-8132.63
351	0.185935	-8120.95
352	0.185935	-8171.68
353	0.185935	-8196.69
354	0.185935	-8178.88
355	0.185935	-8152.01
356	0.185935	-8154.6
357	0.185935	-8160.47
358	0.185935	-8144.15
359	0.185935	-8127.8
360	0.185935	-8130.42
361	0.185935	-8147.52
362	0.185935	-8159.44
363	0.185935	-8184.02
364	0.185935	-8170.37
365	0.185935	-8153.11
366	0.185935	-8145.13
367	0.185935	-8146.47
368	0.185935	-8150.67
369	0.185935	-8143.79
370	0.185935	-8149.58
371	0.185935	-8132.42
372	0.185935	-8131.58
373	0.185935	-8137.24
374	0.185935	-8151.12
375	0.185935	-8187.12
376	0.185935	-8187.35
377	0.185935	-8161.11
378	0.185935	-8137.74
379	0.185935	-8105.33
380	0.185935	-8111.56
381	0.185935	-8127.63
382	0.185935	-8121.99
383	0.185935	-8121.01
384	0.185935	-8112.95
385	0.185935	-8141.5
386	0.185935	-8153.18
387	0.185935	-8182.5
388	0.185935	-8167.68
389	0.185935	-8126.55
390	0.185935	-8107.72
391	0.185935	-8148.45
392	0.185935	-8147
393	0.185935	-8138.31
394	0.185935	-8139.12
395	0.185935	-8142.72
396	0.185935	-8160.32
397	0.185935	-8141.75
398	0.185935	-8151.64
399	0.185935	-8148.36
400	0.185935	-8170.42
401	0.185935	-8178.3
402	0.185935	-8144.88
403	0.185935	-8173.96
404	0.185935	-8138.2
405	0.185935	-8123.71
406	0.185935	-8115.09
407	0.185935	-8128.34
408	0.185935	-8130.33
409	0.185935	-8135.25
410	0.185935	-8157.72
411	0.185935	-8151.94
412	0.185935	-8148.07
413	0.185935	-8128.51
414	0.185935	-8147.74
415	0.185935	-8157.06
416	0.185935	-8165.08
417	0.185935	-8187.52
418	0.185935	-8178.07
419	0.185935	-8160.61
420	0.185935	-8194.33
421	0.185935	-8124.03
422	0.185935	-8122.65
423	0.185935	-8139.2
424	0.185935	-8117.48
425	0.185935	-8125.44
426	0.185935	-8135.87
427	0.185935	-8138.67
428	0.185935	-8162.67
429	0.185935	-8155.47
430	0.185935	-8158.16
431	0.185935	-8147.2
432	0.185935	-8137.98
433	0.185935	-8124.82
434	0.185935	-8143.19
435	0.185935	-8160.95
436	0.185935	-8160.79
437	0.185935	-8180.63
438	0.185935	-8179.5
439	0.185935	-8173.53
440	0.185935	-8166.06
441	0.185935	-8170.97
442	0.185935	-8164.44
443	0.185935	-8191.78
444	0.185935	-8182.84
445	0.185935	-8168.3
446	0.185935	-8150.06
447	0.185935	-8145.37
448	0.185935	-8172.87
449	0.185935	-8151.05
450	0.185935	-8155.39
451	0.185935	-8178.48
452	0.185935	-8139.88
453	0.185935	-8150.39
454	0.185935	-8158.57
455	0.185935	-8158.95
456	0.185935	-8147.1
457	0.185935	-8142.09
458	0.185935	-8154.76
459	0.185935	-8165.39
460	0.185935	-8163.52
461	0.185935	-8140.29
462	0.185935	-8180.08
463	0.185935	-8187.08
464	0.185935	-8139.13
465	0.185935	-8182.67
466	0.185935	-8186.16
467	0.185935	-8168.02
468	0.185935	-8140.91
469	0.185935	-8141.67
470	0.185935	-8115.15
471	0.185935	-8133.33
472	0.185935	-8135.76
473	0.185935	-8140.52
474	0.185935	-8155.08
475	0.185935	-8158.77
476	0.185935	-8138.36
477	0.185935	-8127.4
478	0.185935	-8142.26
479	0.185935	-8150.18
480	0.185935	-8121.9
481	0.185935	-8119
482	0.185935	-8145.58
483	0.185935	-8169.95
484	0.185935	-8158.53
485	0.185935	-8154.7
486	0.185935	-8152.21
487	0.185935	-8131.24
488	0.185935	-8194.38
489	0.185935	-8192.59
490	0.185935	-8162.05
491	0.185935	-8188.54
492	0.185935	-8198.69
493	0.185935	-8220.34
494	0.185935	-8193.96
495	0.185935	-8179.75
496	0.185935	-8172.36
497	0.185935	-8170.2
498	0.185935	-8144.54
499	0.185935	-8156.65
500	0.185935	-8151.58
501	0.185935	-8144.51
502	0.185935	-8140.32
503	0.185935	-8214.41
504	0.185935	-8195.56
505	0.185935	-8182.88
506	0.185935	-8179.41
507	0.185935	-8201.72
508	0.185935	-8183.34
509	0.185935	-8189.88
510	0.185935	-8170.65
511	0.185935	-8171.88
512	0.185935	-8174.01
513	0.185935	-8145.02
514	0.185935	-8114.11
515	0.185935	-8108.86
516	0.185935	-8127.18
517	0.185935	-8144.07
518	0.185935	-8141.84
519	0.185935	-8135.09
520	0.185935	-8124.48
521	0.185935	-8166.38
522	0.185935	-8146.64
523	0.185935	-8150.23
524	0.185935	-8151.95
525	0.185935	-8197.53
526	0.185935	-8198.36
527	0.185935	-8190.81
528	0.185935	-8207.15
529	0.185935	-8157.76
530	0.185935	-8131.91
531	0.185935	-8145.4
532	0.185935	-8157.66
533	0.185935	-8135.63
534	0.185935	-8183.06
535	0.185935	-8156
536	0.185935	-8139.3
537	0.185935	-8160.2
538	0.185935	-8156.02
539	0.185935	-8140.96
540	0.185935	-8142.07
541	0.185935	-8151.82
542	0.185935	-8173.45
543	0.185935	-8192.82
544	0.185935	-8210.69
545	0.185935	-8213.57
546	0.185935	-8198.54
547	0.185935	-8192.33
548	0.185935	-8153.98
549	0.185935	-8167.41
550	0.185935	-8162.41
551	0.185935	-8184.47
552	0.185935	-8193.04
553	0.185935	-8160.47
554	0.185935	-8163.67
555	0.185935	-8153.76
556	0.185935	-8146.56
557	0.185935	-8155.41
558	0.185935	-8142.79
559	0.185935	-8152.59
560	0.185935	-8133.58
561	0.185935	-8137.35
562	0.185935	-8149.08
563	0.185935	-8168.02
564	0.185935	-8165.13
565	0.185935	-8148.94
566	0.185935	-8112.28
567	0.185935	-8133.6
568	0.185935	-8133.52
569	0.185935	-8127.6
570	0.185935	-8102.29
571	0.185935	-8129.59
572	0.185935	-8148.79
573	0.185935	-8141.34
574	0.185935	-8157.07
575	0.185935	-8155.49
576	0.185935	-8139.66
577	0.185935	-8138.41
578	0.185935	-8129.73
579	0.185935	-8136.59
580	0.185935	-8123.24
581	0.185935	-8141.72
582	0.185935	-8190.97
583	0.185935	-8185.76
584	0.185935	-8166.16
585	0.185935	-8170.61
586	0.185935	-8161.87
587	0.185935	-8167.02
588	0.185935	-8176.44
589	0.185935	-8147.87
590	0.185935	-8144.05
591	0.185935	-8157.57
592	0.185935	-8135.03
593	0.185935	-8150.83
594	0.185935	-8149.67
595	0.185935	-8153.15
596	0.185935	-8165.44
597	0.185935	-8154.13
598	0.185935	-8134.48
599	0.185935	-8151.51
600	0.185935	-8164.69
601	0.185935	-8129.31
602	0.185935	-8133.61
603	0.185935	-8126.15
604	0.185935	-8119.54
605	0.185935	-8142.93
606	0.185935	-8152.14
607	0.185935	-8162.11
608	0.185935	-8161.86
609	0.185935	-8155.77
610	0.185935	-8145.39
611	0.185935	-8150.49
612	0.185935	-8165.72
613	0.185935	-8173.03
614	0.185935	-8143.02
615	0.185935	-8134.96
616	0.185935	-8153.96
617	0.185935	-8130.24
618	0.185935	-8151.48
619	0.185935	-8144.75
620	0.185935	-8131.3
621	0.185935	-8156.81
622	0.185935	-8139.53
623	0.185935	-8151.68
624	0.185935	-8139.91
625	0.185935	-8151.05
626	0.185935	-8161.32
627	0.185935	-8183.21
628	0.185935	-8183.58
629	0.185935	-8191.09
630	0.185935	-8225.59
631	0.185935	-8199.29
632	0.185935	-8210.14
633	0.185935	-8225.14
634	0.185935	-8162.27
635	0.185935	-8176.04
636	0.185935	-8181.04
637	0.185935	-8150.04
638	0.185935	-8135.11
639	0.185935	-8137.15
640	0.185935	-8131.85
641	0.185935	-8144.59
642	0.185935	-8135.79
643	0.185935	-8120.4
644	0.185935	-8157.62
645	0.185935	-8163.29
646	0.185935	-8165.35
647	0.185935	-8163.21
648	0.185935	-8171.33
649	0.185935	-8178.83
650	0.185935	-8139.12
651	0.185935	-8127.48
652	0.185935	-8124.46
653	0.185935	-8152.87
654	0.185935	-8146.59
655	0.185935	-8147.05
656	0.185935	-8167.31
657	0.185935	-8131.82
658	0.185935	-8137.94
659	0.185935	-8161.53
660	0.185935	-8156.25
661	0.185935	-8153.96
662	0.185935	-8190.43
663	0.185935	-8164.97
664	0.185935	-8150.78
665	0.185935	-8142.53
666	0.185935	-8127.63
667	0.185935	-8137.25
668	0.185935	-8137.08
669	0.185935	-8153.57
670	0.185935	-8127.64
671	0.185935	-8143.28
672	0.185935	-8140.24
673	0.185935	-8169.24
674	0.185935	-8160.87
675	0.185935	-8156.68
676	0.185935	-8135.91
677	0.185935	-8126.41
678	0.185935	-8142.54
679	0.185935	-8147.49
680	0.185935	-8165.84
681	0.185935	-8153.6
682	0.185935	-8118.89
683	0.185935	-8141.15
684	0.185935	-8155.27
685	0.185935	-8166.31
686	0.185935	-8135.88
687	0.185935	-8157.98
688	0.185935	-8159.09
689	0.185935	-8135.12
690	0.185935	-8155.38
691	0.185935	-8136.39
692	0.185935	-8144.49
693	0.185935	-8158.12
694	0.185935	-8133.62
695	0.185935	-8141.3
696	0.185935	-8134.74
697	0.185935	-8157.73
698	0.185935	-8162.06
699	0.185935	-8186.47
700	0.185935	-8167.48
701	0.185935	-8187.27
702	0.185935	-8170.24
703	0.185935	-8164.53
704	0.185935	-8186.5
705	0.185935	-8214.13
706	0.185935	-8170.88
707	0.185935	-8161.83
708	0.185935	-8118.27
709	0.185935	-8154.35
710	0.185935	-8158.6
711	0.185935	-8145.51
712	0.185935	-8137.43
713	0.185935	-8155.59
714	0.185935	-8174.68
715	0.185935	-8163.43
716	0.185935	-8168.66
717	0.185935	-8160.54
718	0.185935	-8145.96
719	0.185935	-8132.68
720	0.185935	-8109.95
721	0.185935	-8149.28
722	0.185935	-8126.53
723	0.185935	-8174.2
724	0.185935	-8153.08
725	0.185935	-8152.42
726	0.185935	-8151.52
727	0.185935	-8167.43
728	0.185935	-8177.29
729	0.185935	-8195.4
730	0.185935	-8155.72
731	0.185935	-8130.13
732	0.185935	-8122.15
733	0.185935	-8135.88
734	0.185935	-8137.44
735	0.185935	-8136.85
736	0.185935	-8114.98
737	0.185935	-8141.81
738	0.185935	-8136.12
739	0.185935	-8175.93
740	0.185935	-8175.3
741	0.185935	-8161.45
742	0.185935	-8141.24
743	0.185935	-8146.75
744	0.185935	-8158.28
745	0.185935	-8181.39
746	0.185935	-8154.15
747	0.185935	-8149.8
748	0.185935	-8174.63
749	0.185935	-8155.03
750	0.185935	-8151.63
751	0.185935	-8144.18
752	0.185935	-8160.18
753	0.185935	-8141.5
754	0.185935	-8145.92
755	0.185935	-8134.32
756	0.185935	-8151.05
757	0.185935	-8181.77
758	0.185935	-8196.56
759	0.185935	-8141.81
760	0.185935	-8141.58
761	0.185935	-8151.74
762	0.185935	-8151.06
763	0.185935	-8173.11
764	0.185935	-8162.3
765	0.185935	-8162.07
766	0.185935	-8180.22
767	0.185935	-8166.93
768	0.185935	-8168.61
769	0.185935	-8182.45
770	0.185935	-8168.17
771	0.185935	-8182.44
772	0.185935	-8155.49
773	0.185935	-8176.73
774	0.185935	-8185.28
775	0.185935	-8177.16
776	0.185935	-8142.56
777	0.185935	-8148.18
778	0.185935	-8153.23
779	0.185935	-8163.3
780	0.185935	-8156.28
781	0.185935	-8168.92
782	0.185935	-8170.16
783	0.185935	-8126.29
784	0.185935	-8146.17
785	0.185935	-8165.75
786	0.185935	-8170.64
787	0.185935	-8153.72
788	0.185935	-8119.85
789	0.185935	-8139.36
790	0.185935	-8168.2
791	0.185935	-8130.62
792	0.185935	-8119.81
793	0.185935	-8152.37
794	0.185935	-8144.79
795	0.185935	-8135.87
796	0.185935	-8130
797	0.185935	-8113.89
798	0.185935	-8124.97
799	0.185935	-8133.54
800	0.185935	-8145.83
801	0.185935	-8147.17
802	0.185935	-8148.39
803	0.185935	-8161.15
804	0.185935	-8164.84
805	0.185935	-8137.29
806	0.185935	-8126.25
807	0.185935	-8128.37
808	0.185935	-8146.18
809	0.185935	-8144.05
810	0.185935	-8150.06
811	0.185935	-8164.86
812	0.185935	-8169.75
813	0.185935	-8161.87
814	0.185935	-8142.97
815	0.185935	-8136.87
816	0.185935	-8146.32
817	0.185935	-8137.42
818	0.185935	-8137.24
819	0.185935	-8147.54
820	0.185935	-8157.88
821	0.185935	-8137.16
822	0.185935	-8133.76
823	0.185935	-8137.08
824	0.185935	-8150.09
825	0.185935	-8131.32
826	0.185935	-8165.23
827	0.185935	-8147.44
828	0.185935	-8155.83
829	0.185935	-8120.2
830	0.185935	-8127.18
831	0.185935	-8118.42
832	0.185935	-8113.34
833	0.185935	-8123.98
834	0.185935	-8105.78
835	0.185935	-8119.69
836	0.185935	-8129.56
837	0.185935	-8113.79
838	0.185935	-8144.41
839	0.185935	-8132.82
840	0.185935	-8127.36
841	0.185935	-8133.09
842	0.185935	-8121.38
843	0.185935	-8105.34
844	0.185935	-8116.3
845	0.185935	-8139.89
846	0.185935	-8150.01
847	0.185935	-8189.83
848	0.185935	-8146.09
849	0.185935	-8129.26
850	0.185935	-8167.73
851	0.185935	-8211.48
852	0.185935	-8212.63
853	0.185935	-8224.17
854	0.185935	-8171.35
855	0.185935	-8182.67
856	0.185935	-8212.29
857	0.185935	-8198.5
858	0.185935	-8183.47
859	0.185935	-8184.73
860	0.185935	-8177.2
861	0.185935	-8209.16
862	0.185935	-8196.63
863	0.185935	-8160.03
864	0.185935	-8160.64
865	0.185935	-8158.38
866	0.185935	-8132.94
867	0.185935	-8112.54
868	0.185935	-8131.36
869	0.185935	-8120.39
870	0.185935	-8130.92
871	0.185935	-8148.82
872	0.185935	-8140.01
873	0.185935	-8138.97
874	0.185935	-8141.18
875	0.185935	-8120.6
876	0.185935	-8120.66
877	0.185935	-8133.1
878	0.185935	-8178.1
879	0.185935	-8179.51
880	0.185935	-8158.25
881	0.185935	-8155.42
882	0.185935	-8183.69
883	0.185935	-8137.08
884	0.185935	-8126.25
885	0.185935	-8119.14
886	0.185935	-8140.21
887	0.185935	-8132.81
888	0.185935	-8145.5
889	0.185935	-8136.67
890	0.185935	-8160.88
891	0.185935	-8142.16
892	0.185935	-8138.9
893	0.185935	-8180.52
894	0.185935	-8147.17
895	0.185935	-8145.23
896	0.185935	-8135.1
897	0.185935	-8143.47
898	0.185935	-8135.43
899	0.185935	-8123.44
900	0.185935	-8123.15
901	0.185935	-8131.9
902	0.185935	-8177.68
903	0.185935	-8160.2
904	0.185935	-8159.9
905	0.185935	-8155.13
906	0.185935	-8156.31
907	0.185935	-8129.77
908	0.185935	-8132.43
909	0.185935	-8137.1
910	0.185935	-8150.87
911	0.185935	-8146.66
912	0.185935	-8134.89
913	0.185935	-8131.68
914	0.185935	-8163.58
915	0.185935	-8139.91
916	0.185935	-8153.99
917	0.185935	-8124.29
918	0.185935	-8124.98
919	0.185935	-8173.95
920	0.185935	-8180.9
921	0.185935	-8158
922	0.185935	-8151.37
923	0.185935	-8158.49
924	0.185935	-8156.71
925	0.185935	-8157.45
926	0.185935	-8134.39
927	0.185935	-8126.54
928	0.185935	-8108.8
929	0.185935	-8128.28
930	0.185935	-8114.42
931	0.185935	-8116.33
932	0.185935	-8136.61
933	0.185935	-8145.62
934	0.185935	-8141.66
935	0.185935	-8193.5
936	0.185935	-8210.17
937	0.185935	-8155.43
938	0.185935	-8155.99
939	0.185935	-8161.95
940	0.185935	-8178.43
941	0.185935	-8131.47
942	0.185935	-8138.15
943	0.185935	-8157.48
944	0.185935	-8174.1
945	0.185935	-8168.43
946	0.185935	-8156.13
947	0.185935	-8147.03
948	0.185935	-8139.47
949	0.185935	-8145.56
950	0.185935	-8125.09
951	0.185935	-8114.65
952	0.185935	-8128.73
953	0.185935	-8123.56
954	0.185935	-8133.54
955	0.185935	-8124.78
956	0.185935	-8145.1
957	0.185935	-8150.42
958	0.185935	-8129.32
959	0.185935	-8138.5
960	0.185935	-8176.84
961	0.185935	-8152.07
962	0.185935	-8151.53
963	0.185935	-8158.17
964	0.185935	-8127.3
965	0.185935	-8124.63
966	0.185935	-8137.21
967	0.185935	-8125.33
968	0.185935	-8129.35
969	0.185935	-8110.11
970	0.185935	-8094.37
971	0.185935	-8140.29
972	0.185935	-8137.49
973	0.185935	-8160.62
974	0.185935	-8120.32
975	0.185935	-8147.77
976	0.185935	-8170.53
977	0.185935	-8132.87
978	0.185935	-8154.82
979	0.185935	-8163.11
980	0.185935	-8162.78
981	0.185935	-8169.49
982	0.185935	-8142.82
983	0.185935	-8133.11
984	0.185935	-8137.44
985	0.185935	-8143.34
986	0.185935	-8144.45
987	0.185935	-8118.3
988	0.185935	-8163.27
989	0.185935	-8164.39
990	0.185935	-8174.11
991	0.185935	-8154.78
992	0.185935	-8152.92
993	0.185935	-8141.57
994	0.185935	-8149.49
995	0.185935	-8172.89
996	0.185935	-8190.78
997	0.185935	-8160.78
998	0.185935	-8129.98
999	0.185935	-8137.78
1000	0.185935	-8137.01
251	0.160847	-8106.31
252	0.160847	-8131.96
253	0.160847	-8124.62
254	0.160847	-8116.55
255	0.160847	-8120.93
256	0.160847	-8122.03
257	0.160847	-8182.57
258	0.160847	-8204.86
259	0.160847	-8200.59
260	0.160847	-8149.13
261	0.160847	-8114.14
262	0.160847	-8132.11
263	0.160847	-8137.01
264	0.160847	-8156.64
265	0.160847	-8149.92
266	0.160847	-8176.02
267	0.160847	-8168.28
268	0.160847	-8147.96
269	0.160847	-8162.25
270	0.160847	-8166.82
271	0.160847	-8188.15
272	0.160847	-8210.47
273	0.160847	-8196.82
274	0.160847	-8174.29
275	0.160847	-8173.42
276	0.160847	-8148.69
277	0.160847	-8165.03
278	0.160847	-8149.04
279	0.160847	-8129.12
280	0.160847	-8131.51
281	0.160847	-8157.19
282	0.160847	-8158.91
283	0.160847	-8134.23
284	0.160847	-8123.12
285	0.160847	-8134.05
286	0.160847	-8138.3
287	0.160847	-8152.66
288	0.160847	-8126.95
289	0.160847	-8131.96
290	0.160847	-8152.34
291	0.160847	-8132.16
292	0.160847	-8123.53
293	0.160847	-8148.09
294	0.160847	-8162.51
295	0.160847	-8118.1
296	0.160847	-8130.98
297	0.160847	-8140.69
298	0.160847	-8130.88
299	0.160847	-8161.19
300	0.160847	-8164.02
301	0.160847	-8156.16
302	0.160847	-8149.23
303	0.160847	-8152.7
304	0.160847	-8176.88
305	0.160847	-8190.62
306	0.160847	-8186.3
307	0.160847	-8187.13
308	0.160847	-8191.7
309	0.160847	-8156.03
310	0.160847	-8155.4
311	0.160847	-8161.7
312	0.160847	-8171.44
313	0.160847	-8161.36
314	0.160847	-8199.27
315	0.160847	-8207.53
316	0.160847	-8144.24
317	0.160847	-8172.3
318	0.160847	-8163.73
319	0.160847	-8157.59
320	0.160847	-8144.15
321	0.160847	-8137.57
322	0.160847	-8140.99
323	0.160847	-8160.55
324	0.160847	-8155.33
325	0.160847	-8136.86
326	0.160847	-8146.41
327	0.160847	-8173.87
328	0.160847	-8214.98
329	0.160847	-8159.66
330	0.160847	-8153.82
331	0.160847	-8170.09
332	0.160847	-8179.36
333	0.160847	-8152.94
334	0.160847	-8128.67
335	0.160847	-8133.76
336	0.160847	-8139.92
337	0.160847	-8146.89
338	0.160847	-8135.9
339	0.160847	-8152.77
340	0.160847	-8161.87
341	0.160847	-8169.88
342	0.160847	-8158.1
343	0.160847	-8164.92
344	0.160847	-8179.18
345	0.160847	-8167.29
346	0.160847	-8199.87
347	0.160847	-8183.49
348	0.160847	-8196.68
349	0.160847	-8202.63
350	0.160847	-8172.56
351	0.160847	-8150.3
352	0.160847	-8161.13
353	0.160847	-8165.92
354	0.160847	-8144.41
355	0.160847	-8172.96
356	0.160847	-8174.46
357	0.160847	-8153.64
358	0.160847	-8202.91
359	0.160847	-8170.56
360	0.160847	-8185.42
361	0.160847	-8182.21
362	0.160847	-8174.9
363	0.160847	-8140.5
364	0.160847	-8152.67
365	0.160847	-8143.74
366	0.160847	-8145.51
367	0.160847	-8140.7
368	0.160847	-8155.35
369	0.160847	-8173.46
370	0.160847	-8191.6
371	0.160847	-8213.78
372	0.160847	-8178
373	0.160847	-8181.92
374	0.160847	-8184.18
375	0.160847	-8207.93
376	0.160847	-8241.13
377	0.160847	-8157.79
378	0.160847	-8181.27
379	0.160847	-8171.99
380	0.160847	-8190.86
381	0.160847	-8173.88
382	0.160847	-8186.27
383	0.160847	-8218.54
384	0.160847	-8204.53
385	0.160847	-8215.3
386	0.160847	-8183.04
387	0.160847	-8189.26
388	0.160847	-8201.71
389	0.160847	-8214.41
390	0.160847	-8198.65
391	0.160847	-8185.17
392	0.160847	-8174.26
393	0.160847	-8160.05
394	0.160847	-8176.94
395	0.160847	-8154.05
396	0.160847	-8154.69
397	0.160847	-8181.56
398	0.160847	-8148.98
399	0.160847	-8180.28
400	0.160847	-8162.41
401	0.160847	-8176.52
402	0.160847	-8246.06
403	0.160847	-8180.94
404	0.160847	-8203.57
405	0.160847	-8137.75
406	0.160847	-8142.15
407	0.160847	-8130.5
408	0.160847	-8144.42
409	0.160847	-8121.36
410	0.160847	-8145.41
411	0.160847	-8140.72
412	0.160847	-8159.78
413	0.160847	-8174.7
414	0.160847	-8153.21
415	0.160847	-8180.61
416	0.160847	-8172.45
417	0.160847	-8162.08
418	0.160847	-8144.54
419	0.160847	-8154.72
420	0.160847	-8142.09
421	0.160847	-8150.82
422	0.160847	-8142.49
423	0.160847	-8144.73
424	0.160847	-8163.84
425	0.160847	-8141.06
426	0.160847	-8155.33
427	0.160847	-8157.78
428	0.160847	-8150.98
429	0.160847	-8167.92
430	0.160847	-8156.84
431	0.160847	-8150.51
432	0.160847	-8186.1
433	0.160847	-8190.42
434	0.160847	-8170.82
435	0.160847	-8197.45
436	0.160847	-8180.49
437	0.160847	-8162.73
438	0.160847	-8151.04
439	0.160847	-8155.26
440	0.160847	-8197.76
441	0.160847	-8189.53
442	0.160847	-8198.39
443	0.160847	-8185.28
444	0.160847	-8188.35
445	0.160847	-8195.58
446	0.160847	-8168.09
447	0.160847	-8161.91
448	0.160847	-8124.55
449	0.160847	-8130.45
450	0.160847	-8156.2
451	0.160847	-8142.98
452	0.160847	-8163.33
453	0.160847	-8145.92
454	0.160847	-8161.22
455	0.160847	-8143.95
456	0.160847	-8183.28
457	0.160847	-8167.12
458	0.160847	-8140.76
459	0.160847	-8146.29
460	0.160847	-8158.52
461	0.160847	-8158.98
462	0.160847	-8144.41
463	0.160847	-8150.46
464	0.160847	-8137.16
465	0.160847	-8152.49
466	0.160847	-8128.01
467	0.160847	-8140.44
468	0.160847	-8161.27
469	0.160847	-8155.29
470	0.160847	-8169.01
471	0.160847	-8166.3
472	0.160847	-8175.11
473	0.160847	-8176.88
474	0.160847	-8193.27
475	0.160847	-8135.98
476	0.160847	-8187.32
477	0.160847	-8176.28
478	0.160847	-8174.39
479	0.160847	-8180.28
480	0.160847	-8171.38
481	0.160847	-8148.24
482	0.160847	-8155.99
483	0.160847	-8140.69
484	0.160847	-8150.87
485	0.160847	-8178.32
486	0.160847	-8157.64
487	0.160847	-8155.19
488	0.160847	-8162.23
489	0.160847	-8157.62
490	0.160847	-8189.65
491	0.160847	-8186.46
492	0.160847	-8222.88
493	0.160847	-8215.71
494	0.160847	-8209.26
495	0.160847	-8214.01
496	0.160847	-8197.41
497	0.160847	-8156.9
498	0.160847	-8119.02
499	0.160847	-8122.9
500	0.160847	-8167.94
501	0.160847	-8166.89
502	0.160847	-8131.59
503	0.160847	-8146.69
504	0.160847	-8146.2
505	0.160847	-8164.11
506	0.160847	-8173.29
507	0.160847	-8154.56
508	0.160847	-8166.94
509	0.160847	-8132.66
510	0.160847	-8149.12
511	0.160847	-8130.57
512	0.160847	-8138.33
513	0.160847	-8141.68
514	0.160847	-8156.95
515	0.160847	-8152.94
516	0.160847	-8164.39
517	0.160847	-8168.17
518	0.160847	-8196.27
519	0.160847	-8223.7
520	0.160847	-8203.3
521	0.160847	-8181.94
522	0.160847	-8168.45
523	0.160847	-8175.64
524	0.160847	-8160.68
525	0.160847	-8184.05
526	0.160847	-8166.19
527	0.160847	-8180.15
528	0.160847	-8188.83
529	0.160847	-8179.73
530	0.160847	-8190.81
531	0.160847	-8172.84
532	0.160847	-8167.86
533	0.160847	-8166.26
534	0.160847	-8154.5
535	0.160847	-8156.97
536	0.160847	-8196.84
537	0.160847	-8221.73
538	0.160847	-8215.03
539	0.160847	-8223.86
540	0.160847	-8208.47
541	0.160847	-8194.77
542	0.160847	-8150.74
543	0.160847	-8168.28
544	0.160847	-8193.39
545	0.160847	-8167.99
546	0.160847	-8136.78
547	0.160847	-8168.12
548	0.160847	-8173.01
549	0.160847	-8165.95
550	0.160847	-8182.74
551	0.160847	-8190.27
552	0.160847	-8200.21
553	0.160847	-8200.47
554	0.160847	-8200.55
555	0.160847	-8170.09
556	0.160847	-8159.61
557	0.160847	-8187.03
558	0.160847	-8161.01
559	0.160847	-8178.09
560	0.160847	-8185.43
561	0.160847	-8162.02
562	0.160847	-8136.66
563	0.160847	-8145.9
564	0.160847	-8148.04
565	0.160847	-8176.55
566	0.160847	-8131.04
567	0.160847	-8165.24
568	0.160847	-8171.46
569	0.160847	-8186.43
570	0.160847	-8148.05
571	0.160847	-8140.87
572	0.160847	-8100.71
573	0.160847	-8115.93
574	0.160847	-8133.44
575	0.160847	-8141.75
576	0.160847	-8131.86
577	0.160847	-8178.93
578	0.160847	-8179.03
579	0.160847	-8187.32
580	0.160847	-8204.45
581	0.160847	-8210.32
582	0.160847	-8257.74
583	0.160847	-8261.59
584	0.160847	-8207.93
585	0.160847	-8172.06
586	0.160847	-8160.25
587	0.160847	-8186.36
588	0.160847	-8205.68
589	0.160847	-8170.5
590	0.160847	-8205.39
591	0.160847	-8154.26
592	0.160847	-8162.14
593	0.160847	-8142.49
594	0.160847	-8172.82
595	0.160847	-8149.97
596	0.160847	-8132.65
597	0.160847	-8148.06
598	0.160847	-8161.01
599	0.160847	-8195.61
600	0.160847	-8131.85
601	0.160847	-8143.13
602	0.160847	-8196.44
603	0.160847	-8184.68
604	0.160847	-8146.44
605	0.160847	-8137.53
606	0.160847	-8188.14
607	0.160847	-8168.09
608	0.160847	-8151.03
609	0.160847	-8143.95
610	0.160847	-8171.59
611	0.160847	-8145.46
612	0.160847	-8172.17
613	0.160847	-8142.94
614	0.160847	-8155.25
615	0.160847	-8129.94
616	0.160847	-8143.82
617	0.160847	-8119.87
618	0.160847	-8148.45
619	0.160847	-8142.29
620	0.160847	-8142.36
621	0.160847	-8121.88
622	0.160847	-8150.08
623	0.160847	-8192.42
624	0.160847	-8186.7
625	0.160847	-8187.19
626	0.160847	-8177.3
627	0.160847	-8157.17
628	0.160847	-8143.14
629	0.160847	-8173.28
630	0.160847	-8152.56
631	0.160847	-8178.95
632	0.160847	-8185.08
633	0.160847	-8144.9
634	0.160847	-8143.9
635	0.160847	-8158.13
636	0.160847	-8147.06
637	0.160847	-8135.25
638	0.160847	-8155.31
639	0.160847	-8154.16
640	0.160847	-8167.43
641	0.160847	-8162.61
642	0.160847	-8176.5
643	0.160847	-8167.2
644	0.160847	-8180.6
645	0.160847	-8179.65
646	0.160847	-8158.4
647	0.160847	-8164.17
648	0.160847	-8162.44
649	0.160847	-8185.02
650	0.160847	-8180.63
651	0.160847	-8171.48
652	0.160847	-8196.59
653	0.160847	-8134.67
654	0.160847	-8145.2
655	0.160847	-8131.92
656	0.160847	-8151.23
657	0.160847	-8155.64
658	0.160847	-8144.24
659	0.160847	-8142.11
660	0.160847	-8173.84
661	0.160847	-8158.53
662	0.160847	-8175.12
663	0.160847	-8202.41
664	0.160847	-8195.11
665	0.160847	-8209.7
666	0.160847	-8188.29
667	0.160847	-8159.81
668	0.160847	-8156.69
669	0.160847	-8132.49
670	0.160847	-8160.32
671	0.160847	-8166.6
672	0.160847	-8200.27
673	0.160847	-8212.72
674	0.160847	-8181.85
675	0.160847	-8213.88
676	0.160847	-8254.67
677	0.160847	-8222.55
678	0.160847	-8184.83
679	0.160847	-8200.79
680	0.160847	-8198.32
681	0.160847	-8167.17
682	0.160847	-8148.7
683	0.160847	-8137.43
684	0.160847	-8137.12
685	0.160847	-8150.14
686	0.160847	-8178.33
687	0.160847	-8176.1
688	0.160847	-8149.74
689	0.160847	-8141.2
690	0.160847	-8163.46
691	0.160847	-8155.59
692	0.160847	-8174.26
693	0.160847	-8177.98
694	0.160847	-8215.37
695	0.160847	-8181.47
696	0.160847	-8173.07
697	0.160847	-8157.9
698	0.160847	-8153.99
699	0.160847	-8142.63
700	0.160847	-8165.51
701	0.160847	-8176.28
702	0.160847	-8165.77
703	0.160847	-8172.9
704	0.160847	-8161.61
705	0.160847	-8151.56
706	0.160847	-8142.31
707	0.160847	-8151.44
708	0.160847	-8146.34
709	0.160847	-8161.32
710	0.160847	-8147.81
711	0.160847	-8140.25
712	0.160847	-8141.96
713	0.160847	-8179.83
714	0.160847	-8132.8
715	0.160847	-8141.89
716	0.160847	-8135.42
717	0.160847	-8161.21
718	0.160847	-8153.55
719	0.160847	-8166.58
720	0.160847	-8175.25
721	0.160847	-8182.44
722	0.160847	-8158.37
723	0.160847	-8181.41
724	0.160847	-8164.44
725	0.160847	-8206.76
726	0.160847	-8220.98
727	0.160847	-8190.82
728	0.160847	-8147.24
729	0.160847	-8136.56
730	0.160847	-8148.27
731	0.160847	-8136.98
732	0.160847	-8156.3
733	0.160847	-8148.25
734	0.160847	-8156.33
735	0.160847	-8198.99
736	0.160847	-8191.34
737	0.160847	-8198.09
738	0.160847	-8165.01
739	0.160847	-8156.91
740	0.160847	-8137.1
741	0.160847	-8133.87
742	0.160847	-8131.48
743	0.160847	-8158.99
744	0.160847	-8182.72
745	0.160847	-8121.18
746	0.160847	-8132.36
747	0.160847	-8132.68
748	0.160847	-8151.17
749	0.160847	-8146.36
750	0.160847	-8166.33
751	0.160847	-8165.95
752	0.160847	-8214.76
753	0.160847	-8178.03
754	0.160847	-8135.64
755	0.160847	-8140.42
756	0.160847	-8162.02
757	0.160847	-8158.98
758	0.160847	-8138.96
759	0.160847	-8146.83
760	0.160847	-8137.92
761	0.160847	-8168.41
762	0.160847	-8171.99
763	0.160847	-8171.38
764	0.160847	-8187.93
765	0.160847	-8182.66
766	0.160847	-8184.15
767	0.160847	-8193.69
768	0.160847	-8178.57
769	0.160847	-8166.77
770	0.160847	-8157.48
771	0.160847	-8166.96
772	0.160847	-8203.64
773	0.160847	-8183.78
774	0.160847	-8184.37
775	0.160847	-8196.02
776	0.160847	-8156.64
777	0.160847	-8150.31
778	0.160847	-8166.52
779	0.160847	-8158.7
780	0.160847	-8169.69
781	0.160847	-8172.47
782	0.160847	-8190.95
783	0.160847	-8171.64
784	0.160847	-8155.72
785	0.160847	-8178.77
786	0.160847	-8127.92
787	0.160847	-8150.35
788	0.160847	-8163.37
789	0.160847	-8194.77
790	0.160847	-8183.02
791	0.160847	-8210.74
792	0.160847	-8217.06
793	0.160847	-8220.06
794	0.160847	-8175.11
795	0.160847	-8148.18
796	0.160847	-8170.56
797	0.160847	-8151.38
798	0.160847	-8162.6
799	0.160847	-8143.69
800	0.160847	-8162.5
801	0.160847	-8171.38
802	0.160847	-8172.08
803	0.160847	-8162.32
804	0.160847	-8169.88
805	0.160847	-8163
806	0.160847	-8162.45
807	0.160847	-8156.55
808	0.160847	-8195.89
809	0.160847	-8182.56
810	0.160847	-8170.73
811	0.160847	-8158.71
812	0.160847	-8189.36
813	0.160847	-8215.55
814	0.160847	-8214.74
815	0.160847	-8165.95
816	0.160847	-8176.47
817	0.160847	-8154.87
818	0.160847	-8134.57
819	0.160847	-8167.53
820	0.160847	-8149.87
821	0.160847	-8139.92
822	0.160847	-8152.83
823	0.160847	-8186.99
824	0.160847	-8155.96
825	0.160847	-8126.47
826	0.160847	-8164.21
827	0.160847	-8201.32
828	0.160847	-8147.39
829	0.160847	-8149.16
830	0.160847	-8150.87
831	0.160847	-8144.96
832	0.160847	-8169.87
833	0.160847	-8173.02
834	0.160847	-8171.5
835	0.160847	-8161.99
836	0.160847	-8185.62
837	0.160847	-8180.79
838	0.160847	-8156.3
839	0.160847	-8155.89
840	0.160847	-8189.97
841	0.160847	-8177.96
842	0.160847	-8161.77
843	0.160847	-8189.43
844	0.160847	-8167.4
845	0.160847	-8176.25
846	0.160847	-8170.48
847	0.160847	-8124.99
848	0.160847	-8118.11
849	0.160847	-8119.32
850	0.160847	-8138.91
851	0.160847	-8189.15
852	0.160847	-8178.14
853	0.160847	-8164.08
854	0.160847	-8120.33
855	0.160847	-8131.2
856	0.160847	-8143.56
857	0.160847	-8134.21
858	0.160847	-8187.57
859	0.160847	-8157.07
860	0.160847	-8174.95
861	0.160847	-8174.12
862	0.160847	-8179.23
863	0.160847	-8201.48
864	0.160847	-8159.99
865	0.160847	-8150.33
866	0.160847	-8164.73
867	0.160847	-8182.07
868	0.160847	-8178.05
869	0.160847	-8163.81
870	0.160847	-8174.15
871	0.160847	-8152.21
872	0.160847	-8178.33
873	0.160847	-8173.82
874	0.160847	-8158.37
875	0.160847	-8146.31
876	0.160847	-8144.44
877	0.160847	-8161.77
878	0.160847	-8146.74
879	0.160847	-8200.67
880	0.160847	-8164.1
881	0.160847	-8146.13
882	0.160847	-8128.24
883	0.160847	-8139.72
884	0.160847	-8151.68
885	0.160847	-8113.58
886	0.160847	-8145.74
887	0.160847	-8114.92
888	0.160847	-8134.63
889	0.160847	-8161.97
890	0.160847	-8120.73
891	0.160847	-8147.3
892	0.160847	-8159.88
893	0.160847	-8131.3
894	0.160847	-8159.23
895	0.160847	-8149.6
896	0.160847	-8186.6
897	0.160847	-8161.69
898	0.160847	-8182.96
899	0.160847	-8169.47
900	0.160847	-8156.89
901	0.160847	-8142.82
902	0.160847	-8147.22
903	0.160847	-8176.64
904	0.160847	-8133.17
905	0.160847	-8140.67
906	0.160847	-8132.17
907	0.160847	-8152.66
908	0.160847	-8149.95
909	0.160847	-8151.06
910	0.160847	-8135.49
911	0.160847	-8167.44
912	0.160847	-8184.83
913	0.160847	-8151.02
914	0.160847	-8154.53
915	0.160847	-8156.77
916	0.160847	-8158.89
917	0.160847	-8178.49
918	0.160847	-8163.32
919	0.160847	-8153.88
920	0.160847	-8123.78
921	0.160847	-8138.52
922	0.160847	-8136.85
923	0.160847	-8150.85
924	0.160847	-8144.68
925	0.160847	-8194.01
926	0.160847	-8194.86
927	0.160847	-8187.41
928	0.160847	-8165.5
929	0.160847	-8154.14
930	0.160847	-8178.41
931	0.160847	-8172.54
932	0.160847	-8164.89
933	0.160847	-8179.18
934	0.160847	-8165.17
935	0.160847	-8169.42
936	0.160847	-8147.66
937	0.160847	-8162.48
938	0.160847	-8141.51
939	0.160847	-8150.03
940	0.160847	-8180.61
941	0.160847	-8164.55
942	0.160847	-8128.93
943	0.160847	-8129.78
944	0.160847	-8149.3
945	0.160847	-8145.5
946	0.160847	-8137.44
947	0.160847	-8137
948	0.160847	-8137.83
949	0.160847	-8132.2
950	0.160847	-8147.22
951	0.160847	-8119.3
952	0.160847	-8149.89
953	0.160847	-8170
954	0.160847	-8142.51
955	0.160847	-8139.71
956	0.160847	-8157.64
957	0.160847	-8191.24
958	0.160847	-8191.68
959	0.160847	-8196.47
960	0.160847	-8202.4
961	0.160847	-8182.14
962	0.160847	-8178.85
963	0.160847	-8184.84
964	0.160847	-8186.31
965	0.160847	-8181.81
966	0.160847	-8167.29
967	0.160847	-8153.38
968	0.160847	-8186.17
969	0.160847	-8185.11
970	0.160847	-8155.18
971	0.160847	-8165.34
972	0.160847	-8157.73
973	0.160847	-8147.13
974	0.160847	-8130.1
975	0.160847	-8143.62
976	0.160847	-8136.4
977	0.160847	-8169.78
978	0.160847	-8184.02
979	0.160847	-8185.47
980	0.160847	-8229.44
981	0.160847	-8203.55
982	0.160847	-8187.37
983	0.160847	-8235.22
984	0.160847	-8169.77
985	0.160847	-8165.43
986	0.160847	-8190.97
987	0.160847	-8149.46
988	0.160847	-8158.03
989	0.160847	-8162.9
990	0.160847	-8190.71
991	0.160847	-8158.23
992	0.160847	-8189.7
993	0.160847	-8137.98
994	0.160847	-8155.18
995	0.160847	-8181.82
996	0.160847	-8147.34
997	0.160847	-8142.67
998	0.160847	-8148.76
999	0.160847	-8155.62
1000	0.160847	-8181.55
251	0.138544	-8162.28
252	0.138544	-8181.27
253	0.138544	-8165.49
254	0.138544	-8149.34
255	0.138544	-8151.84
256	0.138544	-8148.29
257	0.138544	-8124.46
258	0.138544	-8151.46
259	0.138544	-8180.4
260	0.138544	-8196.91
261	0.138544	-8181.36
262	0.138544	-8191.46
263	0.138544	-8200.17
264	0.138544	-8187.62
265	0.138544	-8193.95
266	0.138544	-8165.3
267	0.138544	-8179.1
268	0.138544	-8160.2
269	0.138544	-8139.78
270	0.138544	-8206.5
271	0.138544	-8160.98
272	0.138544	-8179.67
273	0.138544	-8159.78
274	0.138544	-8125.27
275	0.138544	-8157.54
276	0.138544	-8183.46
277	0.138544	-8174.25
278	0.138544	-8165.92
279	0.138544	-8152.78
280	0.138544	-8141.55
281	0.138544	-8204.78
282	0.138544	-8225.68
283	0.138544	-8175.31
284	0.138544	-8175.96
285	0.138544	-8190.87
286	0.138544	-8245.53
287	0.138544	-8234.77
288	0.138544	-8196.8
289	0.138544	-8217.92
290	0.138544	-8191.99
291	0.138544	-8213.03
292	0.138544	-8167.51
293	0.138544	-8171.82
294	0.138544	-8160.71
295	0.138544	-8227.12
296	0.138544	-8216.27
297	0.138544	-8272.64
298	0.138544	-8230.67
299	0.138544	-8233.28
300	0.138544	-8196.11
301	0.138544	-8224.41
302	0.138544	-8132.23
303	0.138544	-8176.24
304	0.138544	-8187.82
305	0.138544	-8230.74
306	0.138544	-8164.75
307	0.138544	-8170.15
308	0.138544	-8175.94
309	0.138544	-8168
310	0.138544	-8240.33
311	0.138544	-8198.94
312	0.138544	-8177.67
313	0.138544	-8198.35
314	0.138544	-8185.22
315	0.138544	-8203.78
316	0.138544	-8178.89
317	0.138544	-8159.22
318	0.138544	-8201.58
319	0.138544	-8170.55
320	0.138544	-8169.99
321	0.138544	-8151.85
322	0.138544	-8141.57
323	0.138544	-8156.6
324	0.138544	-8161.69
325	0.138544	-8184.29
326	0.138544	-8212.14
327	0.138544	-8209.95
328	0.138544	-8218.93
329	0.138544	-8230.58
330	0.138544	-8219.81
331	0.138544	-8202.05
332	0.138544	-8200.27
333	0.138544	-8175.23
334	0.138544	-8179.46
335	0.138544	-8162.3
336	0.138544	-8152.49
337	0.138544	-8172.63
338	0.138544	-8233.19
339	0.138544	-8201
340	0.138544	-8173.45
341	0.138544	-8170.44
342	0.138544	-8170.97
343	0.138544	-8140.2
344	0.138544	-8176.77
345	0.138544	-8170.58
346	0.138544	-8138.93
347	0.138544	-8164.98
348	0.138544	-8236.27
349	0.138544	-8231.37
350	0.138544	-8222.44
351	0.138544	-8175.72
352	0.138544	-8208.06
353	0.138544	-8170.39
354	0.138544	-8214.24
355	0.138544	-8199.9
356	0.138544	-8181.36
357	0.138544	-8203.16
358	0.138544	-8197.85
359	0.138544	-8193.62
360	0.138544	-8176.16
361	0.138544	-8158.71
362	0.138544	-8177.02
363	0.138544	-8178.42
364	0.138544	-8167.32
365	0.138544	-8182.08
366	0.138544	-8192.04
367	0.138544	-8192.18
368	0.138544	-8179.46
369	0.138544	-8241.36
370	0.138544	-8195.63
371	0.138544	-8198.29
372	0.138544	-8190.32
373	0.138544	-8193.2
374	0.138544	-8172.46
375	0.138544	-8152.25
376	0.138544	-8176.47
377	0.138544	-8156.74
378	0.138544	-8177.01
379	0.138544	-8160.08
380	0.138544	-8174.8
381	0.138544	-8193.94
382	0.138544	-8196.76
383	0.138544	-8159.5
384	0.138544	-8177.46
385	0.138544	-8203.06
386	0.138544	-8189.11
387	0.138544	-8158.23
388	0.138544	-8149.72
389	0.138544	-8177.79
390	0.138544	-8174.86
391	0.138544	-8160.85
392	0.138544	-8197.06
393	0.138544	-8186.96
394	0.138544	-8164.86
395	0.138544	-8156.92
396	0.138544	-8222.63
397	0.138544	-8194.27
398	0.138544	-8187.27
399	0.138544	-8203.03
400	0.138544	-8196.47
401	0.138544	-8186.27
402	0.138544	-8170.35
403	0.138544	-8160.4
404	0.138544	-8138.77
405	0.138544	-8222.6
406	0.138544	-8191.4
407	0.138544	-8191.29
408	0.138544	-8205.72
409	0.138544	-8162.58
410	0.138544	-8160.29
411	0.138544	-8186.05
412	0.138544	-8185.37
413	0.138544	-8170.12
414	0.138544	-8134.95
415	0.138544	-8145.5
416	0.138544	-8140.56
417	0.138544	-8129.31
418	0.138544	-8143.86
419	0.138544	-8150.49
420	0.138544	-8174.48
421	0.138544	-8194.26
422	0.138544	-8163.63
423	0.138544	-8154.03
424	0.138544	-8136.75
425	0.138544	-8230.1
426	0.138544	-8179.19
427	0.138544	-8195.82
428	0.138544	-8173.61
429	0.138544	-8208.9
430	0.138544	-8161.77
431	0.138544	-8136.85
432	0.138544	-8120
433	0.138544	-8135.33
434	0.138544	-8117.05
435	0.138544	-8115.64
436	0.138544	-8118
437	0.138544	-8156.39
438	0.138544	-8157.63
439	0.138544	-8198.91
440	0.138544	-8200.4
441	0.138544	-8194.08
442	0.138544	-8212.26
443	0.138544	-8172.72
444	0.138544	-8135.69
445	0.138544	-8157.93
446	0.138544	-8157.33
447	0.138544	-8169.69
448	0.138544	-8162.73
449	0.138544	-8197.53
450	0.138544	-8183.99
451	0.138544	-8173.13
452	0.138544	-8184.97
453	0.138544	-8174.99
454	0.138544	-8146.87
455	0.138544	-8191.71
456	0.138544	-8170.2
457	0.138544	-8174.14
458	0.138544	-8177.06
459	0.138544	-8162.28
460	0.138544	-8179.18
461	0.138544	-8242.95
462	0.138544	-8200.55
463	0.138544	-8186.98
464	0.138544	-8185.9
465	0.138544	-8246.05
466	0.138544	-8207.67
467	0.138544	-8171.64
468	0.138544	-8117.04
469	0.138544	-8144.55
470	0.138544	-8166.49
471	0.138544	-8171.28
472	0.138544	-8173.7
473	0.138544	-8177.1
474	0.138544	-8194.39
475	0.138544	-8181.68
476	0.138544	-8144.54
477	0.138544	-8148.32
478	0.138544	-8180.72
479	0.138544	-8189.43
480	0.138544	-8176.47
481	0.138544	-8147.56
482	0.138544	-8179.76
483	0.138544	-8155.04
484	0.138544	-8160.33
485	0.138544	-8205.99
486	0.138544	-8179.85
487	0.138544	-8180.48
488	0.138544	-8220.06
489	0.138544	-8187.77
490	0.138544	-8148.73
491	0.138544	-8181.36
492	0.138544	-8188.26
493	0.138544	-8185.09
494	0.138544	-8179.85
495	0.138544	-8174.1
496	0.138544	-8166.62
497	0.138544	-8195.89
498	0.138544	-8202.22
499	0.138544	-8198.56
500	0.138544	-8194.14
501	0.138544	-8197.7
502	0.138544	-8143.13
503	0.138544	-8145.88
504	0.138544	-8186.9
505	0.138544	-8157.74
506	0.138544	-8185.91
507	0.138544	-8186.33
508	0.138544	-8156.85
509	0.138544	-8188.17
510	0.138544	-8178.75
511	0.138544	-8173.44
512	0.138544	-8154.86
513	0.138544	-8167.4
514	0.138544	-8159.86
515	0.138544	-8164.72
516	0.138544	-8168.17
517	0.138544	-8167.73
518	0.138544	-8207.77
519	0.138544	-8214.85
520	0.138544	-8207.61
521	0.138544	-8170.9
522	0.138544	-8136.35
523	0.138544	-8174.55
524	0.138544	-8156.76
525	0.138544	-8110.72
526	0.138544	-8165.72
527	0.138544	-8175.39
528	0.138544	-8154.25
529	0.138544	-8237.54
530	0.138544	-8154.18
531	0.138544	-8178.84
532	0.138544	-8176.11
533	0.138544	-8157.8
534	0.138544	-8149.11
535	0.138544	-8168.79
536	0.138544	-8191.38
537	0.138544	-8263.2
538	0.138544	-8263.27
539	0.138544	-8225.41
540	0.138544	-8252.07
541	0.138544	-8187.78
542	0.138544	-8174.07
543	0.138544	-8171.49
544	0.138544	-8162.44
545	0.138544	-8131.02
546	0.138544	-8130.45
547	0.138544	-8135.75
548	0.138544	-8127.05
549	0.138544	-8183.49
550	0.138544	-8187.43
551	0.138544	-8234.91
552	0.138544	-8209.34
553	0.138544	-8155.9
554	0.138544	-8149.5
555	0.138544	-8187.39
556	0.138544	-8178.24
557	0.138544	-8205.1
558	0.138544	-8267.99
559	0.138544	-8179.26
560	0.138544	-8212.61
561	0.138544	-8222.35
562	0.138544	-8205.56
563	0.138544	-8171.99
564	0.138544	-8172.79
565	0.138544	-8184.07
566	0.138544	-8153.57
567	0.138544	-8154.61
568	0.138544	-8144.45
569	0.138544	-8153.41
570	0.138544	-8145.84
571	0.138544	-8161.18
572	0.138544	-8177.41
573	0.138544	-8208.81
574	0.138544	-8194.75
575	0.138544	-8174.47
576	0.138544	-8184.06
577	0.138544	-8183.39
578	0.138544	-8188.43
579	0.138544	-8180.52
580	0.138544	-8159.51
581	0.138544	-8165.7
582	0.138544	-8154.93
583	0.138544	-8165.4
584	0.138544	-8153.3
585	0.138544	-8180.72
586	0.138544	-8184.17
587	0.138544	-8156.65
588	0.138544	-8195.32
589	0.138544	-8182.08
590	0.138544	-8168.92
591	0.138544	-8199.26
592	0.138544	-8145.22
593	0.138544	-8179.67
594	0.138544	-8175.64
595	0.138544	-8150.31
596	0.138544	-8180.39
597	0.138544	-8164.15
598	0.138544	-8164.1
599	0.138544	-8148.8
600	0.138544	-8178
601	0.138544	-8181.71
602	0.138544	-8216.75
603	0.138544	-8171.01
604	0.138544	-8145.31
605	0.138544	-8161.44
606	0.138544	-8221.54
607	0.138544	-8219.14
608	0.138544	-8186.98
609	0.138544	-8141.99
610	0.138544	-8135.85
611	0.138544	-8145.38
612	0.138544	-8140.48
613	0.138544	-8153.35
614	0.138544	-8217.62
615	0.138544	-8178.68
616	0.138544	-8241.66
617	0.138544	-8205.62
618	0.138544	-8163.25
619	0.138544	-8196.24
620	0.138544	-8179.15
621	0.138544	-8153.78
622	0.138544	-8147.58
623	0.138544	-8133.83
624	0.138544	-8148.17
625	0.138544	-8158.71
626	0.138544	-8139.16
627	0.138544	-8171.9
628	0.138544	-8178.91
629	0.138544	-8159.52
630	0.138544	-8137.25
631	0.138544	-8117.7
632	0.138544	-8140.58
633	0.138544	-8141.83
634	0.138544	-8191.43
635	0.138544	-8158.75
636	0.138544	-8172
637	0.138544	-8207.32
638	0.138544	-8191.27
639	0.138544	-8183.52
640	0.138544	-8179.96
641	0.138544	-8195.64
642	0.138544	-8158.94
643	0.138544	-8161.63
644	0.138544	-8177.51
645	0.138544	-8227.04
646	0.138544	-8182.97
647	0.138544	-8186.53
648	0.138544	-8202.63
649	0.138544	-8216.73
650	0.138544	-8171.73
651	0.138544	-8144.69
652	0.138544	-8152.71
653	0.138544	-8149.75
654	0.138544	-8172.27
655	0.138544	-8163.79
656	0.138544	-8140.84
657	0.138544	-8195.7
658	0.138544	-8193.55
659	0.138544	-8233.84
660	0.138544	-8193.96
661	0.138544	-8206.3
662	0.138544	-8174.89
663	0.138544	-8189.01
664	0.138544	-8165.33
665	0.138544	-8189.54
666	0.138544	-8186.8
667	0.138544	-8176.77
668	0.138544	-8154.88
669	0.138544	-8170.14
670	0.138544	-8165.98
671	0.138544	-8201.93
672	0.138544	-8186.76
673	0.138544	-8247.94
674	0.138544	-8255.63
675	0.138544	-8230
676	0.138544	-8213.81
677	0.138544	-8199.29
678	0.138544	-8271.52
679	0.138544	-8244.44
680	0.138544	-8203.62
681	0.138544	-8183.5
682	0.138544	-8170.13
683	0.138544	-8215.79
684	0.138544	-8186.9
685	0.138544	-8176.11
686	0.138544	-8173.2
687	0.138544	-8210.86
688	0.138544	-8168.76
689	0.138544	-8214.31
690	0.138544	-8213.82
691	0.138544	-8195.27
692	0.138544	-8197.68
693	0.138544	-8178.33
694	0.138544	-8169.73
695	0.138544	-8153.61
696	0.138544	-8148.75
697	0.138544	-8158.87
698	0.138544	-8155.69
699	0.138544	-8198.78
700	0.138544	-8147.01
701	0.138544	-8151.36
702	0.138544	-8157.31
703	0.138544	-8199.59
704	0.138544	-8210.77
705	0.138544	-8206.65
706	0.138544	-8221.94
707	0.138544	-8220.54
708	0.138544	-8223.32
709	0.138544	-8150.52
710	0.138544	-8152.3
711	0.138544	-8146.54
712	0.138544	-8150.24
713	0.138544	-8165.34
714	0.138544	-8207.93
715	0.138544	-8188.77
716	0.138544	-8172.44
717	0.138544	-8158.25
718	0.138544	-8204.97
719	0.138544	-8199.9
720	0.138544	-8211.01
721	0.138544	-8272.76
722	0.138544	-8204.28
723	0.138544	-8200.55
724	0.138544	-8205.2
725	0.138544	-8233.7
726	0.138544	-8219.78
727	0.138544	-8195.09
728	0.138544	-8181.55
729	0.138544	-8180.36
730	0.138544	-8188.73
731	0.138544	-8208.74
732	0.138544	-8226.43
733	0.138544	-8224.69
734	0.138544	-8170.59
735	0.138544	-8170.23
736	0.138544	-8180.64
737	0.138544	-8223.23
738	0.138544	-8215.63
739	0.138544	-8188.34
740	0.138544	-8177.87
741	0.138544	-8208.93
742	0.138544	-8193.4
743	0.138544	-8175.15
744	0.138544	-8158.58
745	0.138544	-8175.24
746	0.138544	-8183.29
747	0.138544	-8195.42
748	0.138544	-8167.81
749	0.138544	-8201.43
750	0.138544	-8184.41
751	0.138544	-8193.64
752	0.138544	-8197.64
753	0.138544	-8265.51
754	0.138544	-8239.97
755	0.138544	-8192.93
756	0.138544	-8214.67
757	0.138544	-8208.85
758	0.138544	-8195.45
759	0.138544	-8175.07
760	0.138544	-8155.93
761	0.138544	-8162.08
762	0.138544	-8180.65
763	0.138544	-8184.75
764	0.138544	-8199.18
765	0.138544	-8221.64
766	0.138544	-8249.13
767	0.138544	-8202.76
768	0.138544	-8239.02
769	0.138544	-8249.35
770	0.138544	-8218.21
771	0.138544	-8264.2
772	0.138544	-8266.72
773	0.138544	-8193.06
774	0.138544	-8188.16
775	0.138544	-8156.26
776	0.138544	-8179.78
777	0.138544	-8196.47
778	0.138544	-8185.96
779	0.138544	-8175.89
780	0.138544	-8161.73
781	0.138544	-8153.49
782	0.138544	-8151.1
783	0.138544	-8153.3
784	0.138544	-8169.72
785	0.138544	-8172.3
786	0.138544	-8187.08
787	0.138544	-8197.13
788	0.138544	-8220.85
789	0.138544	-8175.36
790	0.138544	-8191.28
791	0.138544	-8167.69
792	0.138544	-8188.41
793	0.138544	-8184.75
794	0.138544	-8189.87
795	0.138544	-8195.9
796	0.138544	-8142.62
797	0.138544	-8154.12
798	0.138544	-8147.66
799	0.138544	-8172.22
800	0.138544	-8179.75
801	0.138544	-8183.32
802	0.138544	-8181.75
803	0.138544	-8145.45
804	0.138544	-8149.24
805	0.138544	-8181.71
806	0.138544	-8175.31
807	0.138544	-8185.11
808	0.138544	-8166.67
809	0.138544	-8142.41
810	0.138544	-8162.7
811	0.138544	-8203.64
812	0.138544	-8178.3
813	0.138544	-8157.83
814	0.138544	-8157.94
815	0.138544	-8179.91
816	0.138544	-8160.57
817	0.138544	-8167.94
818	0.138544	-8185.18
819	0.138544	-8234.34
820	0.138544	-8233.05
821	0.138544	-8180.59
822	0.138544	-8170.23
823	0.138544	-8174.77
824	0.138544	-8146.99
825	0.138544	-8134.98
826	0.138544	-8143.12
827	0.138544	-8152.85
828	0.138544	-8172.26
829	0.138544	-8189.4
830	0.138544	-8173.94
831	0.138544	-8140.44
832	0.138544	-8148.81
833	0.138544	-8176.26
834	0.138544	-8154.51
835	0.138544	-8156.46
836	0.138544	-8138.42
837	0.138544	-8173.3
838	0.138544	-8165.25
839	0.138544	-8151.55
840	0.138544	-8182.53
841	0.138544	-8171.68
842	0.138544	-8140.07
843	0.138544	-8151.85
844	0.138544	-8148.73
845	0.138544	-8190.08
846	0.138544	-8174.16
847	0.138544	-8169.87
848	0.138544	-8172.95
849	0.138544	-8152.92
850	0.138544	-8137.68
851	0.138544	-8146.82
852	0.138544	-8144.85
853	0.138544	-8144.01
854	0.138544	-8159.73
855	0.138544	-8162.05
856	0.138544	-8156.69
857	0.138544	-8195.41
858	0.138544	-8168.41
859	0.138544	-8133.64
860	0.138544	-8159.57
861	0.138544	-8190.49
862	0.138544	-8148.2
863	0.138544	-8194.51
864	0.138544	-8208.91
865	0.138544	-8185.88
866	0.138544	-8204.03
867	0.138544	-8181.81
868	0.138544	-8163.4
869	0.138544	-8152.99
870	0.138544	-8146.97
871	0.138544	-8142.42
872	0.138544	-8143
873	0.138544	-8212.07
874	0.138544	-8201.81
875	0.138544	-8192.21
876	0.138544	-8216.51
877	0.138544	-8218.82
878	0.138544	-8192.3
879	0.138544	-8180.26
880	0.138544	-8214.79
881	0.138544	-8204.03
882	0.138544	-8172.91
883	0.138544	-8160.19
884	0.138544	-8214.34
885	0.138544	-8193.56
886	0.138544	-8161.02
887	0.138544	-8141.54
888	0.138544	-8167.16
889	0.138544	-8180.87
890	0.138544	-8137.08
891	0.138544	-8189.28
892	0.138544	-8120.7
893	0.138544	-8133.18
894	0.138544	-8149.57
895	0.138544	-8155.37
896	0.138544	-8187.76
897	0.138544	-8180.58
898	0.138544	-8150.99
899	0.138544	-8163.17
900	0.138544	-8199.02
901	0.138544	-8191.52
902	0.138544	-8179.06
903	0.138544	-8191.69
904	0.138544	-8155.86
905	0.138544	-8155.85
906	0.138544	-8167.69
907	0.138544	-8172.61
908	0.138544	-8151.86
909	0.138544	-8181.38
910	0.138544	-8151.33
911	0.138544	-8169.04
912	0.138544	-8190.68
913	0.138544	-8194.74
914	0.138544	-8210.33
915	0.138544	-8161.45
916	0.138544	-8138.55
917	0.138544	-8167.04
918	0.138544	-8159.09
919	0.138544	-8157.22
920	0.138544	-8165.22
921	0.138544	-8165.38
922	0.138544	-8183.64
923	0.138544	-8208.24
924	0.138544	-8190.54
925	0.138544	-8153.81
926	0.138544	-8160.21
927	0.138544	-8187.73
928	0.138544	-8239.32
929	0.138544	-8215.68
930	0.138544	-8177.56
931	0.138544	-8164.36
932	0.138544	-8152.35
933	0.138544	-8160.83
934	0.138544	-8157.97
935	0.138544	-8228.44
936	0.138544	-8156.94
937	0.138544	-8182.52
938	0.138544	-8153.67
939	0.138544	-8176.23
940	0.138544	-8160.52
941	0.138544	-8198.84
942	0.138544	-8178.78
943	0.138544	-8190.32
944	0.138544	-8221.13
945	0.138544	-8194.06
946	0.138544	-8201.81
947	0.138544	-8210.31
948	0.138544	-8165.45
949	0.138544	-8169.67
950	0.138544	-8194.39
951	0.138544	-8180.44
952	0.138544	-8194.95
953	0.138544	-8138.76
954	0.138544	-8144.91
955	0.138544	-8147.89
956	0.138544	-8147.76
957	0.138544	-8169.02
958	0.138544	-8190.48
959	0.138544	-8170
960	0.138544	-8159.12
961	0.138544	-8160.18
962	0.138544	-8156
963	0.138544	-8146.97
964	0.138544	-8176.33
965	0.138544	-8193.78
966	0.138544	-8254.07
967	0.138544	-8269.3
968	0.138544	-8251.98
969	0.138544	-8238.68
970	0.138544	-8208.98
971	0.138544	-8218.56
972	0.138544	-8191.25
973	0.138544	-8147.75
974	0.138544	-8177.66
975	0.138544	-8199.63
976	0.138544	-8203.13
977	0.138544	-8163.52
978	0.138544	-8158.41
979	0.138544	-8185.3
980	0.138544	-8176.69
981	0.138544	-8188.5
982	0.138544	-8196.52
983	0.138544	-8183.87
984	0.138544	-8153.17
985	0.138544	-8153.66
986	0.138544	-8165.61
987	0.138544	-8168.66
988	0.138544	-8164.5
989	0.138544	-8170.34
990	0.138544	-8145.53
991	0.138544	-8185.23
992	0.138544	-8207.67
993	0.138544	-8216.77
994	0.138544	-8196.78
995	0.138544	-8174.55
996	0.138544	-8172.05
997	0.138544	-8175.63
998	0.138544	-8197.23
999	0.138544	-8229.18
1000	0.138544	-8232.65
251	0.118787	-8182.73
252	0.118787	-8195.17
253	0.118787	-8218.1
254	0.118787	-8202.09
255	0.118787	-8205.39
256	0.118787	-8188.12
257	0.118787	-8197.41
258	0.118787	-8174.02
259	0.118787	-8202.35
260	0.118787	-8163.24
261	0.118787	-8172.96
262	0.118787	-8194.45
263	0.118787	-8175.45
264	0.118787	-8152.57
265	0.118787	-8196.54
266	0.118787	-8226.32
267	0.118787	-8236.66
268	0.118787	-8198.49
269	0.118787	-8183.41
270	0.118787	-8196.78
271	0.118787	-8166.03
272	0.118787	-8142.78
273	0.118787	-8187.29
274	0.118787	-8158.69
275	0.118787	-8189.79
276	0.118787	-8183.15
277	0.118787	-8225.13
278	0.118787	-8188.16
279	0.118787	-8226.73
280	0.118787	-8210.81
281	0.118787	-8240.14
282	0.118787	-8192.73
283	0.118787	-8213.98
284	0.118787	-8210.1
285	0.118787	-8201.02
286	0.118787	-8154.37
287	0.118787	-8181.56
288	0.118787	-8150.91
289	0.118787	-8170.26
290	0.118787	-8138.74
291	0.118787	-8156.28
292	0.118787	-8142.53
293	0.118787	-8187.42
294	0.118787	-8196.09
295	0.118787	-8175.23
296	0.118787	-8225.62
297	0.118787	-8228.93
298	0.118787	-8211.51
299	0.118787	-8188.16
300	0.118787	-8240.08
301	0.118787	-8171.72
302	0.118787	-8237.8
303	0.118787	-8197.64
304	0.118787	-8163.24
305	0.118787	-8210.8
306	0.118787	-8240.09
307	0.118787	-8220.23
308	0.118787	-8184.2
309	0.118787	-8244.12
310	0.118787	-8163.66
311	0.118787	-8164.71
312	0.118787	-8172.7
313	0.118787	-8215.49
314	0.118787	-8199.55
315	0.118787	-8182.57
316	0.118787	-8210.02
317	0.118787	-8208.41
318	0.118787	-8190.71
319	0.118787	-8180.72
320	0.118787	-8187.29
321	0.118787	-8141.54
322	0.118787	-8215.97
323	0.118787	-8211.21
324	0.118787	-8211.69
325	0.118787	-8228.95
326	0.118787	-8193.13
327	0.118787	-8184.09
328	0.118787	-8171.55
329	0.118787	-8204.07
330	0.118787	-8253.84
331	0.118787	-8238.36
332	0.118787	-8183.81
333	0.118787	-8194.73
334	0.118787	-8249.58
335	0.118787	-8238.17
336	0.118787	-8233.37
337	0.118787	-8243.18
338	0.118787	-8214.71
339	0.118787	-8206.52
340	0.118787	-8228.35
341	0.118787	-8259.66
342	0.118787	-8219.71
343	0.118787	-8194.98
344	0.118787	-8204.24
345	0.118787	-8187.28
346	0.118787	-8201.62
347	0.118787	-8192.57
348	0.118787	-8210.15
349	0.118787	-8203.64
350	0.118787	-8189.34
351	0.118787	-8204.37
352	0.118787	-8160.88
353	0.118787	-8181.88
354	0.118787	-8249.12
355	0.118787	-8208.39
356	0.118787	-8201.03
357	0.118787	-8193.43
358	0.118787	-8207.44
359	0.118787	-8196.1
360	0.118787	-8170.92
361	0.118787	-8207.1
362	0.118787	-8177.92
363	0.118787	-8233.71
364	0.118787	-8285.89
365	0.118787	-8254.35
366	0.118787	-8211.77
367	0.118787	-8270.34
368	0.118787	-8215.23
369	0.118787	-8203.38
370	0.118787	-8201.2
371	0.118787	-8208.52
372	0.118787	-8202.73
373	0.118787	-8203.07
374	0.118787	-8160.12
375	0.118787	-8182.53
376	0.118787	-8151.63
377	0.118787	-8132.38
378	0.118787	-8166.01
379	0.118787	-8139.02
380	0.118787	-8156.47
381	0.118787	-8169.61
382	0.118787	-8162.37
383	0.118787	-8173.33
384	0.118787	-8188.07
385	0.118787	-8205.53
386	0.118787	-8229.08
387	0.118787	-8132.42
388	0.118787	-8121.87
389	0.118787	-8118.74
390	0.118787	-8133.36
391	0.118787	-8176.99
392	0.118787	-8164.76
393	0.118787	-8230.08
394	0.118787	-8217.94
395	0.118787	-8204.3
396	0.118787	-8229.94
397	0.118787	-8216.9
398	0.118787	-8203.66
399	0.118787	-8142.71
400	0.118787	-8198.62
401	0.118787	-8180.08
402	0.118787	-8202.08
403	0.118787	-8194.88
404	0.118787	-8242.65
405	0.118787	-8206.04
406	0.118787	-8229.2
407	0.118787	-8241.33
408	0.118787	-8175.78
409	0.118787	-8169.35
410	0.118787	-8176.27
411	0.118787	-8180.65
412	0.118787	-8230.2
413	0.118787	-8213.32
414	0.118787	-8184.1
415	0.118787	-8161.5
416	0.118787	-8212.16
417	0.118787	-8227.49
418	0.118787	-8237.75
419	0.118787	-8205.4
420	0.118787	-8193.19
421	0.118787	-8187.56
422	0.118787	-8203.62
423	0.118787	-8199.24
424	0.118787	-8210.46
425	0.118787	-8234.25
426	0.118787	-8191
427	0.118787	-8226.54
428	0.118787	-8200.38
429	0.118787	-8183.76
430	0.118787	-8182.3
431	0.118787	-8207.89
432	0.118787	-8165.23
433	0.118787	-8171.03
434	0.118787	-8160.6
435	0.118787	-8166.89
436	0.118787	-8177.64
437	0.118787	-8173.31
438	0.118787	-8185.76
439	0.118787	-8220.35
440	0.118787	-8191.21
441	0.118787	-8179.9
442	0.118787	-8188.17
443	0.118787	-8174.09
444	0.118787	-8178.39
445	0.118787	-8172.14
446	0.118787	-8207.24
447	0.118787	-8190.07
448	0.118787	-8184.32
449	0.118787	-8179.26
450	0.118787	-8187.19
451	0.118787	-8193.03
452	0.118787	-8166.11
453	0.118787	-8182.6
454	0.118787	-8156.76
455	0.118787	-8155.14
456	0.118787	-8134.17
457	0.118787	-8136.77
458	0.118787	-8157.65
459	0.118787	-8147.95
460	0.118787	-8195.75
461	0.118787	-8198.87
462	0.118787	-8233.24
463	0.118787	-8211.59
464	0.118787	-8176.99
465	0.118787	-8171.84
466	0.118787	-8186.96
467	0.118787	-8193.57
468	0.118787	-8197.9
469	0.118787	-8198
470	0.118787	-8173.63
471	0.118787	-8164.7
472	0.118787	-8126.07
473	0.118787	-8132.54
474	0.118787	-8139.71
475	0.118787	-8185.76
476	0.118787	-8182.8
477	0.118787	-8148.14
478	0.118787	-8197.43
479	0.118787	-8182.74
480	0.118787	-8163.4
481	0.118787	-8151.87
482	0.118787	-8154.91
483	0.118787	-8197.28
484	0.118787	-8184.24
485	0.118787	-8214.28
486	0.118787	-8192.08
487	0.118787	-8140.07
488	0.118787	-8164.2
489	0.118787	-8196.08
490	0.118787	-8181.61
491	0.118787	-8151.34
492	0.118787	-8196.97
493	0.118787	-8215.05
494	0.118787	-8156.77
495	0.118787	-8217.23
496	0.118787	-8245.5
497	0.118787	-8167.1
498	0.118787	-8191.19
499	0.118787	-8179.58
500	0.118787	-8166.95
501	0.118787	-8219.51
502	0.118787	-8218.6
503	0.118787	-8233.82
504	0.118787	-8256.38
505	0.118787	-8239.99
506	0.118787	-8220.34
507	0.118787	-8289.42
508	0.118787	-8225.5
509	0.118787	-8273.93
510	0.118787	-8254.66
511	0.118787	-8183.77
512	0.118787	-8195.13
513	0.118787	-8211.16
514	0.118787	-8171.55
515	0.118787	-8202.72
516	0.118787	-8232.02
517	0.118787	-8206.09
518	0.118787	-8200.13
519	0.118787	-8198.62
520	0.118787	-8210.11
521	0.118787	-8172.54
522	0.118787	-8196.79
523	0.118787	-8185.63
524	0.118787	-8161.2
525	0.118787	-8183.52
526	0.118787	-8189.21
527	0.118787	-8201.16
528	0.118787	-8203.18
529	0.118787	-8157.9
530	0.118787	-8184.92
531	0.118787	-8199.54
532	0.118787	-8199.97
533	0.118787	-8191.56
534	0.118787	-8257.92
535	0.118787	-8210.84
536	0.118787	-8216.47
537	0.118787	-8184.98
538	0.118787	-8185.44
539	0.118787	-8192.77
540	0.118787	-8202.14
541	0.118787	-8166.81
542	0.118787	-8155.56
543	0.118787	-8163.54
544	0.118787	-8187.69
545	0.118787	-8185.18
546	0.118787	-8198.94
547	0.118787	-8182.65
548	0.118787	-8213.77
549	0.118787	-8187.94
550	0.118787	-8169.56
551	0.118787	-8185.37
552	0.118787	-8187.49
553	0.118787	-8206.63
554	0.118787	-8147.02
555	0.118787	-8177.01
556	0.118787	-8200.13
557	0.118787	-8199.44
558	0.118787	-8203.51
559	0.118787	-8189.06
560	0.118787	-8219.29
561	0.118787	-8175.81
562	0.118787	-8180.43
563	0.118787	-8199.62
564	0.118787	-8190.23
565	0.118787	-8210.06
566	0.118787	-8170.72
567	0.118787	-8153.29
568	0.118787	-8142.29
569	0.118787	-8128.65
570	0.118787	-8108.44
571	0.118787	-8152.37
572	0.118787	-8163.57
573	0.118787	-8154.74
574	0.118787	-8194.67
575	0.118787	-8156.94
576	0.118787	-8150.77
577	0.118787	-8155.75
578	0.118787	-8142.26
579	0.118787	-8155.34
580	0.118787	-8204.57
581	0.118787	-8184.07
582	0.118787	-8193.61
583	0.118787	-8221.43
584	0.118787	-8213.16
585	0.118787	-8190.8
586	0.118787	-8235.86
587	0.118787	-8243.28
588	0.118787	-8162.85
589	0.118787	-8155.19
590	0.118787	-8149.4
591	0.118787	-8169.44
592	0.118787	-8164.22
593	0.118787	-8184.32
594	0.118787	-8160.79
595	0.118787	-8181.05
596	0.118787	-8184.65
597	0.118787	-8182.79
598	0.118787	-8159.14
599	0.118787	-8208.39
600	0.118787	-8217.48
601	0.118787	-8218.41
602	0.118787	-8235.14
603	0.118787	-8185.43
604	0.118787	-8174.67
605	0.118787	-8184.23
606	0.118787	-8184.26
607	0.118787	-8197.08
608	0.118787	-8182.55
609	0.118787	-8188.45
610	0.118787	-8171
611	0.118787	-8179.69
612	0.118787	-8200.97
613	0.118787	-8244.13
614	0.118787	-8233.89
615	0.118787	-8207.52
616	0.118787	-8179.02
617	0.118787	-8202.38
618	0.118787	-8207.12
619	0.118787	-8184.57
620	0.118787	-8184.48
621	0.118787	-8191.06
622	0.118787	-8207.47
623	0.118787	-8204.84
624	0.118787	-8204.69
625	0.118787	-8195.19
626	0.118787	-8203.18
627	0.118787	-8204.49
628	0.118787	-8183.8
629	0.118787	-8163.79
630	0.118787	-8259.9
631	0.118787	-8229.31
632	0.118787	-8243.67
633	0.118787	-8188.7
634	0.118787	-8233.55
635	0.118787	-8148.83
636	0.118787	-8148.7
637	0.118787	-8153.82
638	0.118787	-8186.67
639	0.118787	-8191.21
640	0.118787	-8198.21
641	0.118787	-8203.39
642	0.118787	-8204.16
643	0.118787	-8149.28
644	0.118787	-8164.99
645	0.118787	-8200.07
646	0.118787	-8143.85
647	0.118787	-8174.96
648	0.118787	-8141.49
649	0.118787	-8132.29
650	0.118787	-8136.26
651	0.118787	-8200.94
652	0.118787	-8147.42
653	0.118787	-8163.03
654	0.118787	-8170.17
655	0.118787	-8137.57
656	0.118787	-8133.41
657	0.118787	-8168.92
658	0.118787	-8189.13
659	0.118787	-8201.12
660	0.118787	-8161.88
661	0.118787	-8211.23
662	0.118787	-8161.91
663	0.118787	-8171.37
664	0.118787	-8240.48
665	0.118787	-8236.93
666	0.118787	-8235.4
667	0.118787	-8204.69
668	0.118787	-8230.33
669	0.118787	-8307.71
670	0.118787	-8205.87
671	0.118787	-8161.49
672	0.118787	-8216.24
673	0.118787	-8170.58
674	0.118787	-8197.77
675	0.118787	-8188.84
676	0.118787	-8239.08
677	0.118787	-8235.47
678	0.118787	-8181.34
679	0.118787	-8229.36
680	0.118787	-8218.06
681	0.118787	-8167.5
682	0.118787	-8141.21
683	0.118787	-8162.39
684	0.118787	-8144.92
685	0.118787	-8145.5
686	0.118787	-8181.97
687	0.118787	-8183.35
688	0.118787	-8183.25
689	0.118787	-8182.81
690	0.118787	-8189.32
691	0.118787	-8167.21
692	0.118787	-8187.88
693	0.118787	-8215.17
694	0.118787	-8233.13
695	0.118787	-8208.81
696	0.118787	-8189.45
697	0.118787	-8196.83
698	0.118787	-8215.76
699	0.118787	-8234.64
700	0.118787	-8212.51
701	0.118787	-8155.47
702	0.118787	-8177.3
703	0.118787	-8198.01
704	0.118787	-8182.4
705	0.118787	-8170.43
706	0.118787	-8172.22
707	0.118787	-8196.6
708	0.118787	-8219.67
709	0.118787	-8183.27
710	0.118787	-8235.57
711	0.118787	-8221.28
712	0.118787	-8218.95
713	0.118787	-8239.9
714	0.118787	-8250.93
715	0.118787	-8181.83
716	0.118787	-8213.68
717	0.118787	-8215.65
718	0.118787	-8171.07
719	0.118787	-8155.52
720	0.118787	-8192.12
721	0.118787	-8186.39
722	0.118787	-8275.65
723	0.118787	-8239.53
724	0.118787	-8230.16
725	0.118787	-8191.47
726	0.118787	-8188.84
727	0.118787	-8181.31
728	0.118787	-8173.35
729	0.118787	-8188.44
730	0.118787	-8200.61
731	0.118787	-8173.34
732	0.118787	-8176.37
733	0.118787	-8161.93
734	0.118787	-8189.5
735	0.118787	-8194.58
736	0.118787	-8177.34
737	0.118787	-8198.25
738	0.118787	-8193.64
739	0.118787	-8198.58
740	0.118787	-8193.77
741	0.118787	-8163.35
742	0.118787	-8176.25
743	0.118787	-8254.5
744	0.118787	-8223.24
745	0.118787	-8197.33
746	0.118787	-8177.87
747	0.118787	-8206.43
748	0.118787	-8194.38
749	0.118787	-8200.58
750	0.118787	-8192.1
751	0.118787	-8180.32
752	0.118787	-8203.07
753	0.118787	-8186.57
754	0.118787	-8179.11
755	0.118787	-8172.88
756	0.118787	-8150.34
757	0.118787	-8144.46
758	0.118787	-8149.06
759	0.118787	-8168.92
760	0.118787	-8194.78
761	0.118787	-8236.09
762	0.118787	-8230.4
763	0.118787	-8194.95
764	0.118787	-8185.92
765	0.118787	-8196.87
766	0.118787	-8244.09
767	0.118787	-8219.85
768	0.118787	-8185.39
769	0.118787	-8218.54
770	0.118787	-8250.05
771	0.118787	-8230.08
772	0.118787	-8247.71
773	0.118787	-8221.24
774	0.118787	-8217.42
775	0.118787	-8237.4
776	0.118787	-8232.11
777	0.118787	-8206.17
778	0.118787	-8199.58
779	0.118787	-8254.03
780	0.118787	-8209.88
781	0.118787	-8190.7
782	0.118787	-8244.35
783	0.118787	-8185.58
784	0.118787	-8200.3
785	0.118787	-8218.31
786	0.118787	-8227.06
787	0.118787	-8201.06
788	0.118787	-8202.22
789	0.118787	-8228.98
790	0.118787	-8241.54
791	0.118787	-8176.84
792	0.118787	-8178.48
793	0.118787	-8181.96
794	0.118787	-8152.37
795	0.118787	-8155.75
796	0.118787	-8165.92
797	0.118787	-8186.25
798	0.118787	-8172.01
799	0.118787	-8202.56
800	0.118787	-8179.08
801	0.118787	-8174.12
802	0.118787	-8166.47
803	0.118787	-8173.45
804	0.118787	-8144.38
805	0.118787	-8133.82
806	0.118787	-8158.47
807	0.118787	-8178.81
808	0.118787	-8193.01
809	0.118787	-8188.19
810	0.118787	-8164.12
811	0.118787	-8196.19
812	0.118787	-8226.35
813	0.118787	-8192.72
814	0.118787	-8171.03
815	0.118787	-8233.76
816	0.118787	-8234.61
817	0.118787	-8246.28
818	0.118787	-8230.61
819	0.118787	-8216.95
820	0.118787	-8223.5
821	0.118787	-8230.03
822	0.118787	-8233.49
823	0.118787	-8253.05
824	0.118787	-8179.44
825	0.118787	-8186.54
826	0.118787	-8192
827	0.118787	-8196.17
828	0.118787	-8210.62
829	0.118787	-8239.05
830	0.118787	-8236.6
831	0.118787	-8225.57
832	0.118787	-8201.72
833	0.118787	-8169.92
834	0.118787	-8183.38
835	0.118787	-8189.98
836	0.118787	-8188.54
837	0.118787	-8194.5
838	0.118787	-8197.48
839	0.118787	-8244.56
840	0.118787	-8258.54
841	0.118787	-8220.28
842	0.118787	-8198.35
843	0.118787	-8194.84
844	0.118787	-8212.96
845	0.118787	-8206.45
846	0.118787	-8196.41
847	0.118787	-8218.89
848	0.118787	-8222.16
849	0.118787	-8251.66
850	0.118787	-8219.47
851	0.118787	-8221.32
852	0.118787	-8233.78
853	0.118787	-8217.21
854	0.118787	-8181.89
855	0.118787	-8197.31
856	0.118787	-8203.61
857	0.118787	-8176.1
858	0.118787	-8151.55
859	0.118787	-8192.21
860	0.118787	-8185.04
861	0.118787	-8174.42
862	0.118787	-8117.31
863	0.118787	-8142.84
864	0.118787	-8178.34
865	0.118787	-8206.28
866	0.118787	-8189.55
867	0.118787	-8197.55
868	0.118787	-8182.05
869	0.118787	-8204.21
870	0.118787	-8215.16
871	0.118787	-8163.09
872	0.118787	-8146.23
873	0.118787	-8171.58
874	0.118787	-8162.57
875	0.118787	-8238.37
876	0.118787	-8265.42
877	0.118787	-8215.87
878	0.118787	-8194.33
879	0.118787	-8202.65
880	0.118787	-8170.71
881	0.118787	-8196.9
882	0.118787	-8205.75
883	0.118787	-8192.48
884	0.118787	-8204.04
885	0.118787	-8186.01
886	0.118787	-8149.72
887	0.118787	-8153.69
888	0.118787	-8191.14
889	0.118787	-8146.33
890	0.118787	-8178.36
891	0.118787	-8162.45
892	0.118787	-8194.31
893	0.118787	-8219.4
894	0.118787	-8193.61
895	0.118787	-8147.3
896	0.118787	-8156.7
897	0.118787	-8158.19
898	0.118787	-8221.69
899	0.118787	-8200.9
900	0.118787	-8189.74
901	0.118787	-8187.72
902	0.118787	-8170.7
903	0.118787	-8179.51
904	0.118787	-8182.36
905	0.118787	-8198.88
906	0.118787	-8176.28
907	0.118787	-8205.11
908	0.118787	-8154.3
909	0.118787	-8187.38
910	0.118787	-8227.52
911	0.118787	-8221.37
912	0.118787	-8191.75
913	0.118787	-8198.86
914	0.118787	-8179.7
915	0.118787	-8239.01
916	0.118787	-8193.16
917	0.118787	-8245.09
918	0.118787	-8193.63
919	0.118787	-8165.38
920	0.118787	-8178.17
921	0.118787	-8162.67
922	0.118787	-8207.72
923	0.118787	-8159.76
924	0.118787	-8168.44
925	0.118787	-8177.94
926	0.118787	-8186.98
927	0.118787	-8185.5
928	0.118787	-8176.78
929	0.118787	-8154.53
930	0.118787	-8145.29
931	0.118787	-8198.23
932	0.118787	-8225.22
933	0.118787	-8219.42
934	0.118787	-8194.55
935	0.118787	-8205.33
936	0.118787	-8207.52
937	0.118787	-8200.42
938	0.118787	-8220.91
939	0.118787	-8222.76
940	0.118787	-8251.57
941	0.118787	-8252.88
942	0.118787	-8200.43
943	0.118787	-8185.34
944	0.118787	-8185.95
945	0.118787	-8179
946	0.118787	-8156.07
947	0.118787	-8144.1
948	0.118787	-8192.12
949	0.118787	-8185.77
950	0.118787	-8201.92
951	0.118787	-8228.24
952	0.118787	-8203.21
953	0.118787	-8184.08
954	0.118787	-8161
955	0.118787	-8167.53
956	0.118787	-8178.76
957	0.118787	-8172.68
958	0.118787	-8206.89
959	0.118787	-8218.51
960	0.118787	-8196.26
961	0.118787	-8160.47
962	0.118787	-8155.68
963	0.118787	-8122.64
964	0.118787	-8125.73
965	0.118787	-8157.04
966	0.118787	-8169.41
967	0.118787	-8197.25
968	0.118787	-8210.6
969	0.118787	-8170.91
970	0.118787	-8214.12
971	0.118787	-8203.06
972	0.118787	-8160.62
973	0.118787	-8210.98
974	0.118787	-8221.26
975	0.118787	-8198.77
976	0.118787	-8180.36
977	0.118787	-8144.3
978	0.118787	-8153.02
979	0.118787	-8194.47
980	0.118787	-8162.47
981	0.118787	-8177.51
982	0.118787	-8163.86
983	0.118787	-8192.12
984	0.118787	-8204.8
985	0.118787	-8196.18
986	0.118787	-8160.71
987	0.118787	-8171.81
988	0.118787	-8224.18
989	0.118787	-8171.36
990	0.118787	-8163.8
991	0.118787	-8164.72
992	0.118787	-8130.89
993	0.118787	-8141.46
994	0.118787	-8163.83
995	0.118787	-8182.64
996	0.118787	-8179.26
997	0.118787	-8194.86
998	0.118787	-8176.04
999	0.118787	-8179.9
1000	0.118787	-8182.2
251	0.101351	-8260.83
252	0.101351	-8231.21
253	0.101351	-8241.58
254	0.101351	-8256.66
255	0.101351	-8249.4
256	0.101351	-8246.54
257	0.101351	-8281.39
258	0.101351	-8278.03
259	0.101351	-8302.16
260	0.101351	-8243.87
261	0.101351	-8232.24
262	0.101351	-8259.41
263	0.101351	-8251.94
264	0.101351	-8191.2
265	0.101351	-8234.55
266	0.101351	-8203.1
267	0.101351	-8196.13
268	0.101351	-8214
269	0.101351	-8175.89
270	0.101351	-8198.77
271	0.101351	-8209.94
272	0.101351	-8155.24
273	0.101351	-8183.18
274	0.101351	-8170.84
275	0.101351	-8160.22
276	0.101351	-8182.42
277	0.101351	-8200.82
278	0.101351	-8178.13
279	0.101351	-8213.56
280	0.101351	-8188.12
281	0.101351	-8173.03
282	0.101351	-8247.19
283	0.101351	-8314.53
284	0.101351	-8322.99
285	0.101351	-8302.62
286	0.101351	-8250.99
287	0.101351	-8201.93
288	0.101351	-8183.21
289	0.101351	-8233.08
290	0.101351	-8227.35
291	0.101351	-8216.33
292	0.101351	-8203.75
293	0.101351	-8220.58
294	0.101351	-8141.85
295	0.101351	-8174.19
296	0.101351	-8219.32
297	0.101351	-8160.58
298	0.101351	-8133.05
299	0.101351	-8187.1
300	0.101351	-8236.04
301	0.101351	-8259.19
302	0.101351	-8266.17
303	0.101351	-8302.99
304	0.101351	-8273.14
305	0.101351	-8304.46
306	0.101351	-8276.32
307	0.101351	-8264.47
308	0.101351	-8232.15
309	0.101351	-8242.84
310	0.101351	-8283.4
311	0.101351	-8197.31
312	0.101351	-8211.73
313	0.101351	-8208.99
314	0.101351	-8194.1
315	0.101351	-8167.9
316	0.101351	-8165.16
317	0.101351	-8177
318	0.101351	-8152.51
319	0.101351	-8185.32
320	0.101351	-8200.72
321	0.101351	-8180.56
322	0.101351	-8215.13
323	0.101351	-8202.2
324	0.101351	-8198.35
325	0.101351	-8194.04
326	0.101351	-8239.18
327	0.101351	-8318.17
328	0.101351	-8264.55
329	0.101351	-8229.17
330	0.101351	-8215.23
331	0.101351	-8168.47
332	0.101351	-8194.81
333	0.101351	-8219.22
334	0.101351	-8265.05
335	0.101351	-8227.13
336	0.101351	-8238.25
337	0.101351	-8220.99
338	0.101351	-8250.01
339	0.101351	-8219.56
340	0.101351	-8203.18
341	0.101351	-8157.23
342	0.101351	-8187.83
343	0.101351	-8216.98
344	0.101351	-8238.96
345	0.101351	-8174.89
346	0.101351	-8200.35
347	0.101351	-8196.94
348	0.101351	-8212.22
349	0.101351	-8161.17
350	0.101351	-8181.56
351	0.101351	-8179.33
352	0.101351	-8203.64
353	0.101351	-8214.81
354	0.101351	-8189.45
355	0.101351	-8230.95
356	0.101351	-8208.82
357	0.101351	-8271.38
358	0.101351	-8273.28
359	0.101351	-8262.77
360	0.101351	-8256.48
361	0.101351	-8278.15
362	0.101351	-8270.62
363	0.101351	-8301.13
364	0.101351	-8229.2
365	0.101351	-8215.88
366	0.101351	-8190.33
367	0.101351	-8197.39
368	0.101351	-8224.31
369	0.101351	-8215.17
370	0.101351	-8244.98
371	0.101351	-8241.61
372	0.101351	-8265.47
373	0.101351	-8326.09
374	0.101351	-8394.45
375	0.101351	-8397.19
376	0.101351	-8315.74
377	0.101351	-8268.97
378	0.101351	-8257.92
379	0.101351	-8258.32
380	0.101351	-8260.2
381	0.101351	-8277.43
382	0.101351	-8199.71
383	0.101351	-8185.12
384	0.101351	-8290.1
385	0.101351	-8239.88
386	0.101351	-8222.89
387	0.101351	-8244.66
388	0.101351	-8245.82
389	0.101351	-8241.78
390	0.101351	-8210.14
391	0.101351	-8189.61
392	0.101351	-8241.98
393	0.101351	-8248.36
394	0.101351	-8240.02
395	0.101351	-8224.51
396	0.101351	-8236.84
397	0.101351	-8207.68
398	0.101351	-8226.81
399	0.101351	-8165.81
400	0.101351	-8192.16
401	0.101351	-8228.39
402	0.101351	-8196.62
403	0.101351	-8153.74
404	0.101351	-8179.68
405	0.101351	-8197.06
406	0.101351	-8194.76
407	0.101351	-8175.86
408	0.101351	-8170.24
409	0.101351	-8176.06
410	0.101351	-8161.33
411	0.101351	-8145.64
412	0.101351	-8166.93
413	0.101351	-8156.62
414	0.101351	-8223.88
415	0.101351	-8195.05
416	0.101351	-8226.72
417	0.101351	-8196.12
418	0.101351	-8175.77
419	0.101351	-8241.33
420	0.101351	-8310.06
421	0.101351	-8287.94
422	0.101351	-8303.06
423	0.101351	-8345.51
424	0.101351	-8324.16
425	0.101351	-8203.27
426	0.101351	-8203.19
427	0.101351	-8223.82
428	0.101351	-8188.91
429	0.101351	-8196.11
430	0.101351	-8175.37
431	0.101351	-8224.84
432	0.101351	-8219.52
433	0.101351	-8272.33
434	0.101351	-8228.82
435	0.101351	-8226.06
436	0.101351	-8220.76
437	0.101351	-8273.55
438	0.101351	-8245.7
439	0.101351	-8252.65
440	0.101351	-8176.06
441	0.101351	-8182.98
442	0.101351	-8235
443	0.101351	-8272.49
444	0.101351	-8259.34
445	0.101351	-8235.72
446	0.101351	-8275.58
447	0.101351	-8268.07
448	0.101351	-8271.93
449	0.101351	-8264.59
450	0.101351	-8257.06
451	0.101351	-8239.8
452	0.101351	-8218.42
453	0.101351	-8223.9
454	0.101351	-8209.89
455	0.101351	-8200.31
456	0.101351	-8224.82
457	0.101351	-8239.8
458	0.101351	-8199.75
459	0.101351	-8240.16
460	0.101351	-8241.58
461	0.101351	-8243.25
462	0.101351	-8217.56
463	0.101351	-8215.99
464	0.101351	-8173.42
465	0.101351	-8187.67
466	0.101351	-8188.82
467	0.101351	-8233.12
468	0.101351	-8211.81
469	0.101351	-8179.58
470	0.101351	-8212.19
471	0.101351	-8210.72
472	0.101351	-8186.75
473	0.101351	-8186.47
474	0.101351	-8204.97
475	0.101351	-8216.3
476	0.101351	-8212.32
477	0.101351	-8193.77
478	0.101351	-8185.94
479	0.101351	-8207.14
480	0.101351	-8221.92
481	0.101351	-8223.44
482	0.101351	-8257.27
483	0.101351	-8256.63
484	0.101351	-8246.12
485	0.101351	-8248.07
486	0.101351	-8170.83
487	0.101351	-8177.17
488	0.101351	-8173.05
489	0.101351	-8157.56
490	0.101351	-8178.41
491	0.101351	-8164
492	0.101351	-8173.95
493	0.101351	-8192.08
494	0.101351	-8178.78
495	0.101351	-8149.17
496	0.101351	-8182.66
497	0.101351	-8184.72
498	0.101351	-8172.61
499	0.101351	-8180.75
500	0.101351	-8204.89
501	0.101351	-8207
502	0.101351	-8196.16
503	0.101351	-8167.37
504	0.101351	-8178.58
505	0.101351	-8211.8
506	0.101351	-8201.82
507	0.101351	-8208.21
508	0.101351	-8224.59
509	0.101351	-8204.81
510	0.101351	-8223.47
511	0.101351	-8209.89
512	0.101351	-8240.81
513	0.101351	-8255.06
514	0.101351	-8296.86
515	0.101351	-8235.07
516	0.101351	-8193.96
517	0.101351	-8236.1
518	0.101351	-8204.37
519	0.101351	-8224.28
520	0.101351	-8245
521	0.101351	-8250.27
522	0.101351	-8260.1
523	0.101351	-8222.16
524	0.101351	-8203.65
525	0.101351	-8196.59
526	0.101351	-8204.41
527	0.101351	-8256.53
528	0.101351	-8187.04
529	0.101351	-8208.77
530	0.101351	-8232.27
531	0.101351	-8254.13
532	0.101351	-8228.36
533	0.101351	-8212.85
534	0.101351	-8206.95
535	0.101351	-8190.94
536	0.101351	-8176.81
537	0.101351	-8284.51
538	0.101351	-8315.34
539	0.101351	-8239.94
540	0.101351	-8219.26
541	0.101351	-8204.55
542	0.101351	-8229.47
543	0.101351	-8195.21
544	0.101351	-8152.85
545	0.101351	-8200.2
546	0.101351	-8204.93
547	0.101351	-8233.75
548	0.101351	-8219.21
549	0.101351	-8230.86
550	0.101351	-8228.92
551	0.101351	-8222.22
552	0.101351	-8249.78
553	0.101351	-8242.46
554	0.101351	-8181.62
555	0.101351	-8183.75
556	0.101351	-8140.58
557	0.101351	-8195.38
558	0.101351	-8178.66
559	0.101351	-8169.05
560	0.101351	-8191.41
561	0.101351	-8168.01
562	0.101351	-8190.55
563	0.101351	-8201.89
564	0.101351	-8218.53
565	0.101351	-8188.99
566	0.101351	-8186.73
567	0.101351	-8173.82
568	0.101351	-8196.61
569	0.101351	-8196.18
570	0.101351	-8235.39
571	0.101351	-8214.85
572	0.101351	-8186.5
573	0.101351	-8190.26
574	0.101351	-8167.31
575	0.101351	-8200.22
576	0.101351	-8168.4
577	0.101351	-8179.08
578	0.101351	-8197.51
579	0.101351	-8219.72
580	0.101351	-8239.99
581	0.101351	-8212.89
582	0.101351	-8185.9
583	0.101351	-8156.9
584	0.101351	-8206.33
585	0.101351	-8186.4
586	0.101351	-8208.99
587	0.101351	-8210.01
588	0.101351	-8202.45
589	0.101351	-8209.53
590	0.101351	-8173.19
591	0.101351	-8214.39
592	0.101351	-8265.71
593	0.101351	-8241.81
594	0.101351	-8234.18
595	0.101351	-8250.5
596	0.101351	-8214.05
597	0.101351	-8242.1
598	0.101351	-8253.62
599	0.101351	-8235.53
600	0.101351	-8258.53
601	0.101351	-8262.07
602	0.101351	-8233.89
603	0.101351	-8258.61
604	0.101351	-8252.68
605	0.101351	-8210.66
606	0.101351	-8261.72
607	0.101351	-8257.18
608	0.101351	-8288.66
609	0.101351	-8292.84
610	0.101351	-8253.76
611	0.101351	-8243.7
612	0.101351	-8184.12
613	0.101351	-8190.62
614	0.101351	-8190.95
615	0.101351	-8215.77
616	0.101351	-8204.96
617	0.101351	-8182.46
618	0.101351	-8242.77
619	0.101351	-8213.7
620	0.101351	-8221.54
621	0.101351	-8171.43
622	0.101351	-8167.34
623	0.101351	-8184.48
624	0.101351	-8157.96
625	0.101351	-8144.49
626	0.101351	-8206.33
627	0.101351	-8195.08
628	0.101351	-8182.78
629	0.101351	-8160.31
630	0.101351	-8165.48
631	0.101351	-8171.74
632	0.101351	-8162.85
633	0.101351	-8165.11
634	0.101351	-8198.85
635	0.101351	-8194.59
636	0.101351	-8202.57
637	0.101351	-8245.97
638	0.101351	-8248.43
639	0.101351	-8195.8
640	0.101351	-8215.53
641	0.101351	-8170.18
642	0.101351	-8182.31
643	0.101351	-8219.93
644	0.101351	-8211.04
645	0.101351	-8193.87
646	0.101351	-8208.47
647	0.101351	-8197.04
648	0.101351	-8222.34
649	0.101351	-8184.27
650	0.101351	-8181.24
651	0.101351	-8213.81
652	0.101351	-8218.33
653	0.101351	-8185.03
654	0.101351	-8187.21
655	0.101351	-8208.94
656	0.101351	-8244.29
657	0.101351	-8214.33
658	0.101351	-8205.6
659	0.101351	-8220.93
660	0.101351	-8239.36
661	0.101351	-8212.42
662	0.101351	-8225.22
663	0.101351	-8245.69
664	0.101351	-8227.24
665	0.101351	-8260.1
666	0.101351	-8265.86
667	0.101351	-8282.46
668	0.101351	-8319.34
669	0.101351	-8242.47
670	0.101351	-8265.6
671	0.101351	-8280.84
672	0.101351	-8262.9
673	0.101351	-8238.51
674	0.101351	-8199.44
675	0.101351	-8217.44
676	0.101351	-8212.94
677	0.101351	-8219.96
678	0.101351	-8219.39
679	0.101351	-8194.35
680	0.101351	-8175.32
681	0.101351	-8248.81
682	0.101351	-8237.69
683	0.101351	-8260.14
684	0.101351	-8204.02
685	0.101351	-8231.42
686	0.101351	-8216.63
687	0.101351	-8297.91
688	0.101351	-8326.96
689	0.101351	-8248.87
690	0.101351	-8221.74
691	0.101351	-8229.55
692	0.101351	-8187.21
693	0.101351	-8172.53
694	0.101351	-8221.69
695	0.101351	-8229.7
696	0.101351	-8247.78
697	0.101351	-8242.72
698	0.101351	-8210.46
699	0.101351	-8214.46
700	0.101351	-8210.14
701	0.101351	-8250.59
702	0.101351	-8213.2
703	0.101351	-8248.14
704	0.101351	-8261.59
705	0.101351	-8223.23
706	0.101351	-8228.77
707	0.101351	-8216.5
708	0.101351	-8221.18
709	0.101351	-8213.32
710	0.101351	-8200.33
711	0.101351	-8208.68
712	0.101351	-8195.81
713	0.101351	-8156.41
714	0.101351	-8183.49
715	0.101351	-8211.28
716	0.101351	-8160.5
717	0.101351	-8197.77
718	0.101351	-8222.6
719	0.101351	-8207.24
720	0.101351	-8219.02
721	0.101351	-8258.21
722	0.101351	-8265.57
723	0.101351	-8207.94
724	0.101351	-8203.39
725	0.101351	-8218.78
726	0.101351	-8206.2
727	0.101351	-8226.13
728	0.101351	-8223.56
729	0.101351	-8208
730	0.101351	-8212.45
731	0.101351	-8191.36
732	0.101351	-8163.97
733	0.101351	-8155.61
734	0.101351	-8148.34
735	0.101351	-8166.4
736	0.101351	-8195.7
737	0.101351	-8178.96
738	0.101351	-8137.23
739	0.101351	-8160.38
740	0.101351	-8236.06
741	0.101351	-8223.22
742	0.101351	-8271.59
743	0.101351	-8281.25
744	0.101351	-8252.16
745	0.101351	-8279.05
746	0.101351	-8231.07
747	0.101351	-8193.47
748	0.101351	-8189.52
749	0.101351	-8188.66
750	0.101351	-8174.19
751	0.101351	-8204.93
752	0.101351	-8154.75
753	0.101351	-8193.41
754	0.101351	-8193.84
755	0.101351	-8180.05
756	0.101351	-8148.6
757	0.101351	-8160.48
758	0.101351	-8218.36
759	0.101351	-8226.91
760	0.101351	-8187.29
761	0.101351	-8260.11
762	0.101351	-8242.32
763	0.101351	-8273.06
764	0.101351	-8244.57
765	0.101351	-8214.98
766	0.101351	-8225.4
767	0.101351	-8190.41
768	0.101351	-8164.3
769	0.101351	-8147.93
770	0.101351	-8177.81
771	0.101351	-8198.49
772	0.101351	-8232.46
773	0.101351	-8203.27
774	0.101351	-8173.99
775	0.101351	-8295.38
776	0.101351	-8241.87
777	0.101351	-8287.32
778	0.101351	-8289.74
779	0.101351	-8309.62
780	0.101351	-8286.33
781	0.101351	-8242.08
782	0.101351	-8254.25
783	0.101351	-8181.98
784	0.101351	-8201.3
785	0.101351	-8209.08
786	0.101351	-8206.68
787	0.101351	-8297.82
788	0.101351	-8211.14
789	0.101351	-8223.83
790	0.101351	-8200.97
791	0.101351	-8207.24
792	0.101351	-8231.88
793	0.101351	-8211.88
794	0.101351	-8208.71
795	0.101351	-8203.79
796	0.101351	-8211.57
797	0.101351	-8212.68
798	0.101351	-8237.97
799	0.101351	-8212.99
800	0.101351	-8251.91
801	0.101351	-8249.13
802	0.101351	-8298.09
803	0.101351	-8337.51
804	0.101351	-8248.02
805	0.101351	-8288.56
806	0.101351	-8236.3
807	0.101351	-8263.38
808	0.101351	-8229.65
809	0.101351	-8208.31
810	0.101351	-8245.22
811	0.101351	-8236.27
812	0.101351	-8226.01
813	0.101351	-8195.66
814	0.101351	-8250.62
815	0.101351	-8249.97
816	0.101351	-8192.82
817	0.101351	-8201.65
818	0.101351	-8169.71
819	0.101351	-8178.62
820	0.101351	-8184.64
821	0.101351	-8198.71
822	0.101351	-8188
823	0.101351	-8214.3
824	0.101351	-8229.67
825	0.101351	-8188.54
826	0.101351	-8216.07
827	0.101351	-8218.12
828	0.101351	-8206.5
829	0.101351	-8223.69
830	0.101351	-8251.97
831	0.101351	-8209.18
832	0.101351	-8187.46
833	0.101351	-8179.72
834	0.101351	-8182.52
835	0.101351	-8222.97
836	0.101351	-8172.32
837	0.101351	-8175.23
838	0.101351	-8153.26
839	0.101351	-8160.51
840	0.101351	-8158.31
841	0.101351	-8168.59
842	0.101351	-8159.18
843	0.101351	-8140.77
844	0.101351	-8164.08
845	0.101351	-8124.12
846	0.101351	-8176.7
847	0.101351	-8194.78
848	0.101351	-8192.84
849	0.101351	-8188.29
850	0.101351	-8213.07
851	0.101351	-8225.46
852	0.101351	-8235.29
853	0.101351	-8205.03
854	0.101351	-8231.46
855	0.101351	-8219.75
856	0.101351	-8208.38
857	0.101351	-8171.48
858	0.101351	-8175.45
859	0.101351	-8171.43
860	0.101351	-8235.88
861	0.101351	-8214.41
862	0.101351	-8254.38
863	0.101351	-8237.63
864	0.101351	-8216.3
865	0.101351	-8256.24
866	0.101351	-8228.41
867	0.101351	-8206.63
868	0.101351	-8234.27
869	0.101351	-8246.51
870	0.101351	-8222.95
871	0.101351	-8214.95
872	0.101351	-8192.27
873	0.101351	-8275.19
874	0.101351	-8235.22
875	0.101351	-8170.27
876	0.101351	-8256.75
877	0.101351	-8261.53
878	0.101351	-8194.55
879	0.101351	-8286.22
880	0.101351	-8198.53
881	0.101351	-8218.19
882	0.101351	-8230.4
883	0.101351	-8238.55
884	0.101351	-8278.31
885	0.101351	-8239.44
886	0.101351	-8238.66
887	0.101351	-8345.57
888	0.101351	-8313.94
889	0.101351	-8204.38
890	0.101351	-8195.87
891	0.101351	-8253.15
892	0.101351	-8312.5
893	0.101351	-8235.04
894	0.101351	-8231.51
895	0.101351	-8240.57
896	0.101351	-8293.34
897	0.101351	-8215.95
898	0.101351	-8221.6
899	0.101351	-8213.77
900	0.101351	-8260.37
901	0.101351	-8282.45
902	0.101351	-8282.5
903	0.101351	-8228.36
904	0.101351	-8270.32
905	0.101351	-8240.61
906	0.101351	-8285.64
907	0.101351	-8229.54
908	0.101351	-8217.88
909	0.101351	-8232.37
910	0.101351	-8224.69
911	0.101351	-8249.4
912	0.101351	-8239.8
913	0.101351	-8187.74
914	0.101351	-8176.28
915	0.101351	-8160.68
916	0.101351	-8168.3
917	0.101351	-8187.82
918	0.101351	-8202.68
919	0.101351	-8182.18
920	0.101351	-8202.62
921	0.101351	-8215.76
922	0.101351	-8204.89
923	0.101351	-8248.09
924	0.101351	-8233.79
925	0.101351	-8205.38
926	0.101351	-8185.91
927	0.101351	-8185.51
928	0.101351	-8171.97
929	0.101351	-8185.43
930	0.101351	-8195.85
931	0.101351	-8166.49
932	0.101351	-8162.11
933	0.101351	-8166.58
934	0.101351	-8202.03
935	0.101351	-8227.27
936	0.101351	-8209.12
937	0.101351	-8208.61
938	0.101351	-8252.72
939	0.101351	-8196.16
940	0.101351	-8157.58
941	0.101351	-8166.31
942	0.101351	-8183.83
943	0.101351	-8164.75
944	0.101351	-8232.51
945	0.101351	-8216.02
946	0.101351	-8173.13
947	0.101351	-8132.33
948	0.101351	-8203.36
949	0.101351	-8212.75
950	0.101351	-8224.88
951	0.101351	-8252.19
952	0.101351	-8299.22
953	0.101351	-8243.44
954	0.101351	-8211.47
955	0.101351	-8225.85
956	0.101351	-8239.53
957	0.101351	-8223.35
958	0.101351	-8240.93
959	0.101351	-8261.58
960	0.101351	-8259.14
961	0.101351	-8221.26
962	0.101351	-8208.32
963	0.101351	-8196.57
964	0.101351	-8216.47
965	0.101351	-8252.94
966	0.101351	-8189.6
967	0.101351	-8156.93
968	0.101351	-8183.86
969	0.101351	-8205.68
970	0.101351	-8154.94
971	0.101351	-8164.63
972	0.101351	-8156.66
973	0.101351	-8136.14
974	0.101351	-8136.39
975	0.101351	-8210.78
976	0.101351	-8213.98
977	0.101351	-8269.91
978	0.101351	-8253.52
979	0.101351	-8206.75
980	0.101351	-8211.16
981	0.101351	-8187.41
982	0.101351	-8158.66
983	0.101351	-8162.4
984	0.101351	-8189.48
985	0.101351	-8203.7
986	0.101351	-8187.34
987	0.101351	-8243.49
988	0.101351	-8183.43
989	0.101351	-8188.3
990	0.101351	-8198.35
991	0.101351	-8198.6
992	0.101351	-8211.64
993	0.101351	-8224.52
994	0.101351	-8129.91
995	0.101351	-8207.55
996	0.101351	-8163.44
997	0.101351	-8194.76
998	0.101351	-8234.28
999	0.101351	-8206.77
1000	0.101351	-8214.25
251	0.0860252	-8249.21
252	0.0860252	-8332.33
253	0.0860252	-8279.28
254	0.0860252	-8277.93
255	0.0860252	-8322.45
256	0.0860252	-8315.49
257	0.0860252	-8338.74
258	0.0860252	-8324.89
259	0.0860252	-8311.74
260	0.0860252	-8217.07
261	0.0860252	-8216.45
262	0.0860252	-8250.04
263	0.0860252	-8218.38
264	0.0860252	-8226.61
265	0.0860252	-8285.24
266	0.0860252	-8222.66
267	0.0860252	-8238.09
268	0.0860252	-8271.14
269	0.0860252	-8252.99
270	0.0860252	-8237.49
271	0.0860252	-8213.26
272	0.0860252	-8309.47
273	0.0860252	-8287.48
274	0.0860252	-8321.6
275	0.0860252	-8279.12
276	0.0860252	-8247.51
277	0.0860252	-8255.55
278	0.0860252	-8249.51
279	0.0860252	-8199.32
280	0.0860252	-8270.08
281	0.0860252	-8255.82
282	0.0860252	-8187.5
283	0.0860252	-8226.78
284	0.0860252	-8234.31
285	0.0860252	-8241.61
286	0.0860252	-8281.53
287	0.0860252	-8344.65
288	0.0860252	-8328.22
289	0.0860252	-8326.54
290	0.0860252	-8301.65
291	0.0860252	-8331.94
292	0.0860252	-8323.58
293	0.0860252	-8266.7
294	0.0860252	-8223.09
295	0.0860252	-8265.86
296	0.0860252	-8166.26
297	0.0860252	-8220.91
298	0.0860252	-8170.48
299	0.0860252	-8323.38
300	0.0860252	-8230.68
301	0.0860252	-8229.29
302	0.0860252	-8233.16
303	0.0860252	-8190.5
304	0.0860252	-8178.28
305	0.0860252	-8188.14
306	0.0860252	-8196.23
307	0.0860252	-8179.69
308	0.0860252	-8199.23
309	0.0860252	-8230.4
310	0.0860252	-8155.28
311	0.0860252	-8185.23
312	0.0860252	-8213.63
313	0.0860252	-8244.12
314	0.0860252	-8292.33
315	0.0860252	-8251.99
316	0.0860252	-8178.54
317	0.0860252	-8160.25
318	0.0860252	-8254.62
319	0.0860252	-8236.4
320	0.0860252	-8325.04
321	0.0860252	-8308.46
322	0.0860252	-8277.37
323	0.0860252	-8218.83
324	0.0860252	-8226.08
325	0.0860252	-8247.02
326	0.0860252	-8251.62
327	0.0860252	-8206.47
328	0.0860252	-8195.57
329	0.0860252	-8226.21
330	0.0860252	-8274.45
331	0.0860252	-8238.53
332	0.0860252	-8282.45
333	0.0860252	-8247.25
334	0.0860252	-8238.27
335	0.0860252	-8264.33
336	0.0860252	-8294.29
337	0.0860252	-8253.19
338	0.0860252	-8238.89
339	0.0860252	-8244.52
340	0.0860252	-8221.28
341	0.0860252	-8286.1
342	0.0860252	-8216.77
343	0.0860252	-8244.71
344	0.0860252	-8232.42
345	0.0860252	-8215.1
346	0.0860252	-8279.81
347	0.0860252	-8227.98
348	0.0860252	-8229.15
349	0.0860252	-8202.96
350	0.0860252	-8182.23
351	0.0860252	-8219.32
352	0.0860252	-8211.66
353	0.0860252	-8260.78
354	0.0860252	-8264.09
355	0.0860252	-8328.56
356	0.0860252	-8284.16
357	0.0860252	-8282.92
358	0.0860252	-8262.9
359	0.0860252	-8269.88
360	0.0860252	-8296.19
361	0.0860252	-8290.77
362	0.0860252	-8278.81
363	0.0860252	-8281.69
364	0.0860252	-8281.81
365	0.0860252	-8310.84
366	0.0860252	-8189.76
367	0.0860252	-8234.31
368	0.0860252	-8226.78
369	0.0860252	-8207.05
370	0.0860252	-8199.93
371	0.0860252	-8195.61
372	0.0860252	-8244.22
373	0.0860252	-8240.5
374	0.0860252	-8216.25
375	0.0860252	-8184.57
376	0.0860252	-8215.2
377	0.0860252	-8198.99
378	0.0860252	-8165.05
379	0.0860252	-8206.12
380	0.0860252	-8237.63
381	0.0860252	-8186.83
382	0.0860252	-8160.9
383	0.0860252	-8172.49
384	0.0860252	-8263.5
385	0.0860252	-8242.95
386	0.0860252	-8264.3
387	0.0860252	-8248.83
388	0.0860252	-8272.03
389	0.0860252	-8304.4
390	0.0860252	-8359.07
391	0.0860252	-8324.11
392	0.0860252	-8356.47
393	0.0860252	-8233.74
394	0.0860252	-8288.99
395	0.0860252	-8224.65
396	0.0860252	-8187.47
397	0.0860252	-8189.23
398	0.0860252	-8268.3
399	0.0860252	-8293.19
400	0.0860252	-8304.42
401	0.0860252	-8263.83
402	0.0860252	-8280.93
403	0.0860252	-8327.72
404	0.0860252	-8348.58
405	0.0860252	-8270.93
406	0.0860252	-8331.35
407	0.0860252	-8226.53
408	0.0860252	-8215.37
409	0.0860252	-8207.11
410	0.0860252	-8262.87
411	0.0860252	-8275.38
412	0.0860252	-8245.37
413	0.0860252	-8264.4
414	0.0860252	-8247.53
415	0.0860252	-8323.8
416	0.0860252	-8211.42
417	0.0860252	-8260.83
418	0.0860252	-8297.86
419	0.0860252	-8291.64
420	0.0860252	-8275.83
421	0.0860252	-8246.07
422	0.0860252	-8222.76
423	0.0860252	-8220.93
424	0.0860252	-8256.06
425	0.0860252	-8312.65
426	0.0860252	-8232.44
427	0.0860252	-8189.02
428	0.0860252	-8282.69
429	0.0860252	-8258.46
430	0.0860252	-8224.07
431	0.0860252	-8180.38
432	0.0860252	-8170.63
433	0.0860252	-8163.35
434	0.0860252	-8233.25
435	0.0860252	-8288.52
436	0.0860252	-8283.09
437	0.0860252	-8229.26
438	0.0860252	-8224.59
439	0.0860252	-8241.78
440	0.0860252	-8285.91
441	0.0860252	-8276.65
442	0.0860252	-8249.52
443	0.0860252	-8247.1
444	0.0860252	-8261.6
445	0.0860252	-8253.14
446	0.0860252	-8259.36
447	0.0860252	-8255.38
448	0.0860252	-8299
449	0.0860252	-8244.94
450	0.0860252	-8198.18
451	0.0860252	-8287.66
452	0.0860252	-8326.54
453	0.0860252	-8303.09
454	0.0860252	-8264.77
455	0.0860252	-8320.15
456	0.0860252	-8297.48
457	0.0860252	-8292.89
458	0.0860252	-8247.72
459	0.0860252	-8252.22
460	0.0860252	-8184.3
461	0.0860252	-8196.57
462	0.0860252	-8195.41
463	0.0860252	-8239.25
464	0.0860252	-8251.3
465	0.0860252	-8320.61
466	0.0860252	-8284.01
467	0.0860252	-8241.34
468	0.0860252	-8210.8
469	0.0860252	-8257.08
470	0.0860252	-8211.42
471	0.0860252	-8232.25
472	0.0860252	-8192.78
473	0.0860252	-8224.34
474	0.0860252	-8173.21
475	0.0860252	-8209.06
476	0.0860252	-8181.6
477	0.0860252	-8181.05
478	0.0860252	-8227
479	0.0860252	-8183.63
480	0.0860252	-8200.09
481	0.0860252	-8171.54
482	0.0860252	-8253.8
483	0.0860252	-8324.54
484	0.0860252	-8225.4
485	0.0860252	-8238.47
486	0.0860252	-8234.79
487	0.0860252	-8278.92
488	0.0860252	-8385.14
489	0.0860252	-8305.71
490	0.0860252	-8352.81
491	0.0860252	-8218.98
492	0.0860252	-8225.68
493	0.0860252	-8279.11
494	0.0860252	-8211.8
495	0.0860252	-8210.31
496	0.0860252	-8269.04
497	0.0860252	-8242.36
498	0.0860252	-8218.38
499	0.0860252	-8211.2
500	0.0860252	-8259.34
501	0.0860252	-8218.19
502	0.0860252	-8169.53
503	0.0860252	-8180.18
504	0.0860252	-8205.74
505	0.0860252	-8201.81
506	0.0860252	-8229.47
507	0.0860252	-8231.67
508	0.0860252	-8209.97
509	0.0860252	-8249.19
510	0.0860252	-8172.56
511	0.0860252	-8140.4
512	0.0860252	-8214.17
513	0.0860252	-8229.39
514	0.0860252	-8230.37
515	0.0860252	-8280.38
516	0.0860252	-8308.15
517	0.0860252	-8245.17
518	0.0860252	-8234.23
519	0.0860252	-8238.57
520	0.0860252	-8179.52
521	0.0860252	-8238.54
522	0.0860252	-8200.41
523	0.0860252	-8254.15
524	0.0860252	-8296.8
525	0.0860252	-8286.47
526	0.0860252	-8344.98
527	0.0860252	-8337.93
528	0.0860252	-8341.15
529	0.0860252	-8236.8
530	0.0860252	-8220.19
531	0.0860252	-8222.71
532	0.0860252	-8235.03
533	0.0860252	-8247.15
534	0.0860252	-8194.68
535	0.0860252	-8192.42
536	0.0860252	-8207.28
537	0.0860252	-8190.45
538	0.0860252	-8217.74
539	0.0860252	-8193.81
540	0.0860252	-8193.12
541	0.0860252	-8262.04
542	0.0860252	-8276.65
543	0.0860252	-8251.95
544	0.0860252	-8226.12
545	0.0860252	-8265.17
546	0.0860252	-8245.29
547	0.0860252	-8245.9
548	0.0860252	-8242.61
549	0.0860252	-8204.68
550	0.0860252	-8235.28
551	0.0860252	-8202.46
552	0.0860252	-8191.42
553	0.0860252	-8191.92
554	0.0860252	-8197.65
555	0.0860252	-8183.2
556	0.0860252	-8192.18
557	0.0860252	-8252.13
558	0.0860252	-8336.08
559	0.0860252	-8308.56
560	0.0860252	-8324.14
561	0.0860252	-8291.55
562	0.0860252	-8259.18
563	0.0860252	-8219.41
564	0.0860252	-8204.71
565	0.0860252	-8316.12
566	0.0860252	-8400.98
567	0.0860252	-8345.25
568	0.0860252	-8278.61
569	0.0860252	-8282.06
570	0.0860252	-8290.89
571	0.0860252	-8301.14
572	0.0860252	-8280.65
573	0.0860252	-8242.56
574	0.0860252	-8277.08
575	0.0860252	-8259.33
576	0.0860252	-8246.75
577	0.0860252	-8334.3
578	0.0860252	-8241.16
579	0.0860252	-8254.42
580	0.0860252	-8298.27
581	0.0860252	-8229.22
582	0.0860252	-8195.18
583	0.0860252	-8243.4
584	0.0860252	-8178.2
585	0.0860252	-8220.96
586	0.0860252	-8230.6
587	0.0860252	-8222.27
588	0.0860252	-8260.91
589	0.0860252	-8217.31
590	0.0860252	-8182.21
591	0.0860252	-8243.27
592	0.0860252	-8207.71
593	0.0860252	-8240.97
594	0.0860252	-8297
595	0.0860252	-8274.54
596	0.0860252	-8259.53
597	0.0860252	-8269.04
598	0.0860252	-8222.5
599	0.0860252	-8199.49
600	0.0860252	-8159.46
601	0.0860252	-8144.94
602	0.0860252	-8181.04
603	0.0860252	-8191.61
604	0.0860252	-8215.77
605	0.0860252	-8189.11
606	0.0860252	-8246.32
607	0.0860252	-8211.5
608	0.0860252	-8257.63
609	0.0860252	-8220.04
610	0.0860252	-8234.72
611	0.0860252	-8240.72
612	0.0860252	-8252.35
613	0.0860252	-8244.67
614	0.0860252	-8214.13
615	0.0860252	-8188.23
616	0.0860252	-8195.75
617	0.0860252	-8201.83
618	0.0860252	-8227.04
619	0.0860252	-8253.47
620	0.0860252	-8288.75
621	0.0860252	-8296.68
622	0.0860252	-8312.47
623	0.0860252	-8254.96
624	0.0860252	-8250.26
625	0.0860252	-8265.64
626	0.0860252	-8272.17
627	0.0860252	-8210.83
628	0.0860252	-8213.43
629	0.0860252	-8226.7
630	0.0860252	-8162.89
631	0.0860252	-8193.56
632	0.0860252	-8214.48
633	0.0860252	-8178.76
634	0.0860252	-8225.33
635	0.0860252	-8220.31
636	0.0860252	-8199.05
637	0.0860252	-8287.69
638	0.0860252	-8248.6
639	0.0860252	-8283.78
640	0.0860252	-8233.15
641	0.0860252	-8254.66
642	0.0860252	-8217.07
643	0.0860252	-8222.11
644	0.0860252	-8229.48
645	0.0860252	-8212.93
646	0.0860252	-8224.4
647	0.0860252	-8239.4
648	0.0860252	-8189.91
649	0.0860252	-8215.48
650	0.0860252	-8231.29
651	0.0860252	-8247.01
652	0.0860252	-8289.17
653	0.0860252	-8323.58
654	0.0860252	-8249.67
655	0.0860252	-8268.07
656	0.0860252	-8287.77
657	0.0860252	-8217.62
658	0.0860252	-8167.44
659	0.0860252	-8249.9
660	0.0860252	-8247.95
661	0.0860252	-8333.8
662	0.0860252	-8274.74
663	0.0860252	-8295.84
664	0.0860252	-8329.53
665	0.0860252	-8331.62
666	0.0860252	-8291.06
667	0.0860252	-8269.02
668	0.0860252	-8170.68
669	0.0860252	-8237.42
670	0.0860252	-8227.51
671	0.0860252	-8191.75
672	0.0860252	-8193.23
673	0.0860252	-8215.63
674	0.0860252	-8232.22
675	0.0860252	-8287.49
676	0.0860252	-8227.28
677	0.0860252	-8238.32
678	0.0860252	-8233.09
679	0.0860252	-8234.19
680	0.0860252	-8218.03
681	0.0860252	-8223.37
682	0.0860252	-8272.71
683	0.0860252	-8241.62
684	0.0860252	-8260.24
685	0.0860252	-8217.98
686	0.0860252	-8242.63
687	0.0860252	-8238.18
688	0.0860252	-8244.18
689	0.0860252	-8234.67
690	0.0860252	-8259.48
691	0.0860252	-8238.31
692	0.0860252	-8284.63
693	0.0860252	-8244.9
694	0.0860252	-8261.32
695	0.0860252	-8293.93
696	0.0860252	-8262
697	0.0860252	-8230.27
698	0.0860252	-8226.9
699	0.0860252	-8263.71
700	0.0860252	-8295.56
701	0.0860252	-8236.13
702	0.0860252	-8178.67
703	0.0860252	-8173.19
704	0.0860252	-8315.41
705	0.0860252	-8256.32
706	0.0860252	-8190.29
707	0.0860252	-8225.87
708	0.0860252	-8226.19
709	0.0860252	-8220.68
710	0.0860252	-8234.43
711	0.0860252	-8217.45
712	0.0860252	-8268.52
713	0.0860252	-8249.74
714	0.0860252	-8278.74
715	0.0860252	-8237.56
716	0.0860252	-8325.51
717	0.0860252	-8225.91
718	0.0860252	-8199.47
719	0.0860252	-8217.26
720	0.0860252	-8210.22
721	0.0860252	-8227.17
722	0.0860252	-8247.45
723	0.0860252	-8249.2
724	0.0860252	-8226.21
725	0.0860252	-8248.28
726	0.0860252	-8238.46
727	0.0860252	-8214.19
728	0.0860252	-8258.21
729	0.0860252	-8256.74
730	0.0860252	-8263.33
731	0.0860252	-8239.71
732	0.0860252	-8240.45
733	0.0860252	-8268.28
734	0.0860252	-8300.08
735	0.0860252	-8275.1
736	0.0860252	-8224.74
737	0.0860252	-8239.69
738	0.0860252	-8217.33
739	0.0860252	-8207
740	0.0860252	-8227.63
741	0.0860252	-8241.01
742	0.0860252	-8192.9
743	0.0860252	-8186.05
744	0.0860252	-8215.23
745	0.0860252	-8240.07
746	0.0860252	-8215.69
747	0.0860252	-8209.85
748	0.0860252	-8223.94
749	0.0860252	-8196.64
750	0.0860252	-8243.49
751	0.0860252	-8202.21
752	0.0860252	-8230.83
753	0.0860252	-8224.05
754	0.0860252	-8212.36
755	0.0860252	-8150.86
756	0.0860252	-8206.04
757	0.0860252	-8193.59
758	0.0860252	-8206.77
759	0.0860252	-8225.58
760	0.0860252	-8190.32
761	0.0860252	-8216.5
762	0.0860252	-8270.84
763	0.0860252	-8225.92
764	0.0860252	-8251.88
765	0.0860252	-8268.87
766	0.0860252	-8280.92
767	0.0860252	-8265.17
768	0.0860252	-8222.59
769	0.0860252	-8241.6
770	0.0860252	-8239.26
771	0.0860252	-8249.03
772	0.0860252	-8280.92
773	0.0860252	-8270.26
774	0.0860252	-8272.77
775	0.0860252	-8251.99
776	0.0860252	-8266.79
777	0.0860252	-8324.72
778	0.0860252	-8232.61
779	0.0860252	-8282.12
780	0.0860252	-8219.24
781	0.0860252	-8230.71
782	0.0860252	-8227.83
783	0.0860252	-8256.35
784	0.0860252	-8252.88
785	0.0860252	-8279.19
786	0.0860252	-8299.73
787	0.0860252	-8286.83
788	0.0860252	-8172.31
789	0.0860252	-8221.24
790	0.0860252	-8261.7
791	0.0860252	-8206.41
792	0.0860252	-8249.25
793	0.0860252	-8269.25
794	0.0860252	-8229.13
795	0.0860252	-8222.62
796	0.0860252	-8184.37
797	0.0860252	-8190.27
798	0.0860252	-8233.25
799	0.0860252	-8217.22
800	0.0860252	-8276.55
801	0.0860252	-8290.09
802	0.0860252	-8351
803	0.0860252	-8272.88
804	0.0860252	-8234.76
805	0.0860252	-8201.21
806	0.0860252	-8246.51
807	0.0860252	-8227.26
808	0.0860252	-8252.56
809	0.0860252	-8279.8
810	0.0860252	-8167.97
811	0.0860252	-8239.41
812	0.0860252	-8224.61
813	0.0860252	-8197.4
814	0.0860252	-8261.07
815	0.0860252	-8273.32
816	0.0860252	-8320.69
817	0.0860252	-8281.81
818	0.0860252	-8250.64
819	0.0860252	-8288.45
820	0.0860252	-8199.23
821	0.0860252	-8241.19
822	0.0860252	-8245.64
823	0.0860252	-8268.12
824	0.0860252	-8344.75
825	0.0860252	-8315.6
826	0.0860252	-8220.52
827	0.0860252	-8240.07
828	0.0860252	-8181.02
829	0.0860252	-8202.7
830	0.0860252	-8241.48
831	0.0860252	-8312.25
832	0.0860252	-8323.69
833	0.0860252	-8284.55
834	0.0860252	-8224.68
835	0.0860252	-8218.49
836	0.0860252	-8286.51
837	0.0860252	-8291.78
838	0.0860252	-8232.03
839	0.0860252	-8182.7
840	0.0860252	-8186.65
841	0.0860252	-8144.96
842	0.0860252	-8142.41
843	0.0860252	-8169.27
844	0.0860252	-8196.28
845	0.0860252	-8194.71
846	0.0860252	-8183.98
847	0.0860252	-8194.52
848	0.0860252	-8208.96
849	0.0860252	-8170.39
850	0.0860252	-8195.49
851	0.0860252	-8205.71
852	0.0860252	-8244.83
853	0.0860252	-8251.7
854	0.0860252	-8234.76
855	0.0860252	-8219.87
856	0.0860252	-8270.96
857	0.0860252	-8247.28
858	0.0860252	-8240.71
859	0.0860252	-8211.34
860	0.0860252	-8221.01
861	0.0860252	-8274.27
862	0.0860252	-8300.13
863	0.0860252	-8314.72
864	0.0860252	-8250.29
865	0.0860252	-8278.14
866	0.0860252	-8342
867	0.0860252	-8360.63
868	0.0860252	-8289.47
869	0.0860252	-8354.77
870	0.0860252	-8274.21
871	0.0860252	-8260.14
872	0.0860252	-8195.8
873	0.0860252	-8226.12
874	0.0860252	-8248.32
875	0.0860252	-8251.96
876	0.0860252	-8181.49
877	0.0860252	-8172.58
878	0.0860252	-8220.08
879	0.0860252	-8219.76
880	0.0860252	-8225.19
881	0.0860252	-8187.62
882	0.0860252	-8214.59
883	0.0860252	-8262.41
884	0.0860252	-8240.68
885	0.0860252	-8201.71
886	0.0860252	-8240.54
887	0.0860252	-8233.52
888	0.0860252	-8249.7
889	0.0860252	-8252.88
890	0.0860252	-8267.58
891	0.0860252	-8225.03
892	0.0860252	-8274.28
893	0.0860252	-8317.65
894	0.0860252	-8268.92
895	0.0860252	-8280.54
896	0.0860252	-8219.42
897	0.0860252	-8223.27
898	0.0860252	-8214.57
899	0.0860252	-8213.96
900	0.0860252	-8241.71
901	0.0860252	-8200.92
902	0.0860252	-8226.48
903	0.0860252	-8236.8
904	0.0860252	-8214.94
905	0.0860252	-8192.03
906	0.0860252	-8204.75
907	0.0860252	-8257.97
908	0.0860252	-8256.24
909	0.0860252	-8229.16
910	0.0860252	-8292.18
911	0.0860252	-8191.35
912	0.0860252	-8219.93
913	0.0860252	-8208.45
914	0.0860252	-8157.41
915	0.0860252	-8201.79
916	0.0860252	-8164.84
917	0.0860252	-8204.03
918	0.0860252	-8202.09
919	0.0860252	-8200.94
920	0.0860252	-8213.19
921	0.0860252	-8208.31
922	0.0860252	-8197.71
923	0.0860252	-8190.5
924	0.0860252	-8241.15
925	0.0860252	-8251.32
926	0.0860252	-8187.07
927	0.0860252	-8214.78
928	0.0860252	-8246.25
929	0.0860252	-8233.02
930	0.0860252	-8219.71
931	0.0860252	-8269.76
932	0.0860252	-8246.17
933	0.0860252	-8234.37
934	0.0860252	-8276.55
935	0.0860252	-8195.92
936	0.0860252	-8167.08
937	0.0860252	-8189.12
938	0.0860252	-8164.27
939	0.0860252	-8179.96
940	0.0860252	-8250.14
941	0.0860252	-8171.09
942	0.0860252	-8197.09
943	0.0860252	-8226.85
944	0.0860252	-8279.32
945	0.0860252	-8257.37
946	0.0860252	-8284.78
947	0.0860252	-8340.36
948	0.0860252	-8238.53
949	0.0860252	-8211.47
950	0.0860252	-8186.99
951	0.0860252	-8277.61
952	0.0860252	-8335.71
953	0.0860252	-8327.14
954	0.0860252	-8377.03
955	0.0860252	-8364.91
956	0.0860252	-8283.83
957	0.0860252	-8270.17
958	0.0860252	-8205.41
959	0.0860252	-8172.4
960	0.0860252	-8180.86
961	0.0860252	-8170.46
962	0.0860252	-8194.58
963	0.0860252	-8232.47
964	0.0860252	-8243.62
965	0.0860252	-8224.68
966	0.0860252	-8217.04
967	0.0860252	-8253.21
968	0.0860252	-8267.05
969	0.0860252	-8234.87
970	0.0860252	-8350.92
971	0.0860252	-8351.51
972	0.0860252	-8349.92
973	0.0860252	-8358.32
974	0.0860252	-8243.86
975	0.0860252	-8229.41
976	0.0860252	-8292.81
977	0.0860252	-8187.19
978	0.0860252	-8186.65
979	0.0860252	-8224.2
980	0.0860252	-8189.64
981	0.0860252	-8189.58
982	0.0860252	-8308.79
983	0.0860252	-8290.68
984	0.0860252	-8286.96
985	0.0860252	-8306.32
986	0.0860252	-8317.15
987	0.0860252	-8281.91
988	0.0860252	-8270.79
989	0.0860252	-8206.49
990	0.0860252	-8189.06
991	0.0860252	-8234.75
992	0.0860252	-8208.05
993	0.0860252	-8303.5
994	0.0860252	-8221.87
995	0.0860252	-8199.56
996	0.0860252	-8214.85
997	0.0860252	-8285.41
998	0.0860252	-8237.31
999	0.0860252	-8210.53
1000	0.0860252	-8209.26
251	0.0726122	-8322.83
252	0.0726122	-8301.98
253	0.0726122	-8285.05
254	0.0726122	-8266.36
255	0.0726122	-8238.23
256	0.0726122	-8243.56
257	0.0726122	-8273.01
258	0.0726122	-8263.75
259	0.0726122	-8287
260	0.0726122	-8297.35
261	0.0726122	-8223.1
262	0.0726122	-8239.9
263	0.0726122	-8306.78
264	0.0726122	-8273.09
265	0.0726122	-8209.26
266	0.0726122	-8224.68
267	0.0726122	-8266.02
268	0.0726122	-8240.45
269	0.0726122	-8211.63
270	0.0726122	-8306.06
271	0.0726122	-8343.76
272	0.0726122	-8366.34
273	0.0726122	-8284.9
274	0.0726122	-8367.38
275	0.0726122	-8227.38
276	0.0726122	-8193.48
277	0.0726122	-8191.57
278	0.0726122	-8225.87
279	0.0726122	-8225.3
280	0.0726122	-8242.46
281	0.0726122	-8255.51
282	0.0726122	-8233.41
283	0.0726122	-8222.17
284	0.0726122	-8209.83
285	0.0726122	-8214.8
286	0.0726122	-8242.07
287	0.0726122	-8277.91
288	0.0726122	-8290.48
289	0.0726122	-8305.36
290	0.0726122	-8226.46
291	0.0726122	-8315.85
292	0.0726122	-8254.01
293	0.0726122	-8356.96
294	0.0726122	-8348.51
295	0.0726122	-8336.25
296	0.0726122	-8362.55
297	0.0726122	-8439.23
298	0.0726122	-8300.36
299	0.0726122	-8196.98
300	0.0726122	-8236.35
301	0.0726122	-8232.79
302	0.0726122	-8203.44
303	0.0726122	-8274.7
304	0.0726122	-8223.23
305	0.0726122	-8336.64
306	0.0726122	-8226.78
307	0.0726122	-8194.51
308	0.0726122	-8206.07
309	0.0726122	-8215.05
310	0.0726122	-8277.13
311	0.0726122	-8341.01
312	0.0726122	-8318.23
313	0.0726122	-8329.82
314	0.0726122	-8249.04
315	0.0726122	-8228.04
316	0.0726122	-8238.97
317	0.0726122	-8197.35
318	0.0726122	-8234.32
319	0.0726122	-8205.35
320	0.0726122	-8274.61
321	0.0726122	-8265.66
322	0.0726122	-8287.64
323	0.0726122	-8346.1
324	0.0726122	-8288.74
325	0.0726122	-8287.62
326	0.0726122	-8278.69
327	0.0726122	-8351.64
328	0.0726122	-8426.48
329	0.0726122	-8287.41
330	0.0726122	-8318.24
331	0.0726122	-8329.55
332	0.0726122	-8229.89
333	0.0726122	-8247.18
334	0.0726122	-8271.18
335	0.0726122	-8262.84
336	0.0726122	-8251.17
337	0.0726122	-8259.56
338	0.0726122	-8220.16
339	0.0726122	-8252.51
340	0.0726122	-8213.23
341	0.0726122	-8245.21
342	0.0726122	-8258.71
343	0.0726122	-8230.03
344	0.0726122	-8202.79
345	0.0726122	-8309.28
346	0.0726122	-8280.81
347	0.0726122	-8242.38
348	0.0726122	-8234.38
349	0.0726122	-8214.16
350	0.0726122	-8198.78
351	0.0726122	-8199.76
352	0.0726122	-8223.03
353	0.0726122	-8229.89
354	0.0726122	-8204.44
355	0.0726122	-8212.17
356	0.0726122	-8240.18
357	0.0726122	-8344.31
358	0.0726122	-8293.82
359	0.0726122	-8378.03
360	0.0726122	-8364.33
361	0.0726122	-8322.28
362	0.0726122	-8304.66
363	0.0726122	-8314.8
364	0.0726122	-8375.4
365	0.0726122	-8370.37
366	0.0726122	-8430.55
367	0.0726122	-8488.35
368	0.0726122	-8421.13
369	0.0726122	-8374.93
370	0.0726122	-8319.3
371	0.0726122	-8316.88
372	0.0726122	-8340.63
373	0.0726122	-8244.45
374	0.0726122	-8296.07
375	0.0726122	-8348.55
376	0.0726122	-8254.57
377	0.0726122	-8268.69
378	0.0726122	-8323.79
379	0.0726122	-8247.67
380	0.0726122	-8282.81
381	0.0726122	-8227.84
382	0.0726122	-8251.12
383	0.0726122	-8245.62
384	0.0726122	-8335.47
385	0.0726122	-8314.52
386	0.0726122	-8326.92
387	0.0726122	-8305.15
388	0.0726122	-8277.06
389	0.0726122	-8289.49
390	0.0726122	-8227.92
391	0.0726122	-8210.81
392	0.0726122	-8291.68
393	0.0726122	-8256.38
394	0.0726122	-8237.84
395	0.0726122	-8255.93
396	0.0726122	-8265.44
397	0.0726122	-8272.25
398	0.0726122	-8243.64
399	0.0726122	-8216.88
400	0.0726122	-8285.28
401	0.0726122	-8207.01
402	0.0726122	-8345.44
403	0.0726122	-8313.11
404	0.0726122	-8306.28
405	0.0726122	-8396.51
406	0.0726122	-8318
407	0.0726122	-8359.56
408	0.0726122	-8317.5
409	0.0726122	-8296.75
410	0.0726122	-8295.91
411	0.0726122	-8224.81
412	0.0726122	-8221.69
413	0.0726122	-8195.12
414	0.0726122	-8268.52
415	0.0726122	-8340.93
416	0.0726122	-8235.18
417	0.0726122	-8190.82
418	0.0726122	-8217.13
419	0.0726122	-8226.09
420	0.0726122	-8297.84
421	0.0726122	-8190.57
422	0.0726122	-8294.23
423	0.0726122	-8230.17
424	0.0726122	-8249.22
425	0.0726122	-8260.22
426	0.0726122	-8294.61
427	0.0726122	-8234.3
428	0.0726122	-8255.47
429	0.0726122	-8232.82
430	0.0726122	-8352.79
431	0.0726122	-8293.66
432	0.0726122	-8267.61
433	0.0726122	-8283.26
434	0.0726122	-8222.01
435	0.0726122	-8229.81
436	0.0726122	-8231.29
437	0.0726122	-8206.12
438	0.0726122	-8255.37
439	0.0726122	-8262.09
440	0.0726122	-8340.14
441	0.0726122	-8247.07
442	0.0726122	-8218.44
443	0.0726122	-8221.3
444	0.0726122	-8260.28
445	0.0726122	-8302.81
446	0.0726122	-8291.03
447	0.0726122	-8320.07
448	0.0726122	-8370.6
449	0.0726122	-8394.28
450	0.0726122	-8286.22
451	0.0726122	-8339.4
452	0.0726122	-8366.47
453	0.0726122	-8401.63
454	0.0726122	-8347.75
455	0.0726122	-8299.72
456	0.0726122	-8327.12
457	0.0726122	-8280.59
458	0.0726122	-8248.67
459	0.0726122	-8281.16
460	0.0726122	-8284.23
461	0.0726122	-8314.96
462	0.0726122	-8280.73
463	0.0726122	-8273.24
464	0.0726122	-8225.71
465	0.0726122	-8246.28
466	0.0726122	-8274.82
467	0.0726122	-8265.97
468	0.0726122	-8307.76
469	0.0726122	-8293.7
470	0.0726122	-8264.2
471	0.0726122	-8289.14
472	0.0726122	-8438.99
473	0.0726122	-8493.37
474	0.0726122	-8465.1
475	0.0726122	-8420.37
476	0.0726122	-8527.4
477	0.0726122	-8485.57
478	0.0726122	-8456.48
479	0.0726122	-8355.24
480	0.0726122	-8368.14
481	0.0726122	-8240.34
482	0.0726122	-8310.49
483	0.0726122	-8200.23
484	0.0726122	-8177.78
485	0.0726122	-8194.36
486	0.0726122	-8244.71
487	0.0726122	-8306.05
488	0.0726122	-8289.83
489	0.0726122	-8302.95
490	0.0726122	-8318.17
491	0.0726122	-8335.31
492	0.0726122	-8293.81
493	0.0726122	-8279.73
494	0.0726122	-8267.45
495	0.0726122	-8264.17
496	0.0726122	-8258.59
497	0.0726122	-8308.43
498	0.0726122	-8287.2
499	0.0726122	-8349.21
500	0.0726122	-8400.85
501	0.0726122	-8259.99
502	0.0726122	-8238.02
503	0.0726122	-8225.36
504	0.0726122	-8257.66
505	0.0726122	-8261.43
506	0.0726122	-8242.97
507	0.0726122	-8156.97
508	0.0726122	-8180.04
509	0.0726122	-8206.43
510	0.0726122	-8167.49
511	0.0726122	-8245.96
512	0.0726122	-8273.73
513	0.0726122	-8244.85
514	0.0726122	-8297.28
515	0.0726122	-8259.38
516	0.0726122	-8223.47
517	0.0726122	-8166.78
518	0.0726122	-8212.44
519	0.0726122	-8216.61
520	0.0726122	-8250.35
521	0.0726122	-8234.16
522	0.0726122	-8343.1
523	0.0726122	-8354.73
524	0.0726122	-8363.66
525	0.0726122	-8357.69
526	0.0726122	-8345.04
527	0.0726122	-8292.11
528	0.0726122	-8253.39
529	0.0726122	-8256.12
530	0.0726122	-8228.41
531	0.0726122	-8200.71
532	0.0726122	-8267.24
533	0.0726122	-8280.29
534	0.0726122	-8365.54
535	0.0726122	-8256.27
536	0.0726122	-8257.69
537	0.0726122	-8311.42
538	0.0726122	-8294.7
539	0.0726122	-8307.71
540	0.0726122	-8211.22
541	0.0726122	-8226.76
542	0.0726122	-8242.98
543	0.0726122	-8240.21
544	0.0726122	-8256.53
545	0.0726122	-8240.13
546	0.0726122	-8223.57
547	0.0726122	-8244.78
548	0.0726122	-8282.47
549	0.0726122	-8293.18
550	0.0726122	-8269.02
551	0.0726122	-8285.92
552	0.0726122	-8309.36
553	0.0726122	-8304.78
554	0.0726122	-8363.68
555	0.0726122	-8339.2
556	0.0726122	-8375.95
557	0.0726122	-8395.98
558	0.0726122	-8492.38
559	0.0726122	-8381.7
560	0.0726122	-8420.25
561	0.0726122	-8307.34
562	0.0726122	-8282.55
563	0.0726122	-8249.7
564	0.0726122	-8285.03
565	0.0726122	-8288.81
566	0.0726122	-8255.3
567	0.0726122	-8286.22
568	0.0726122	-8342.49
569	0.0726122	-8350.75
570	0.0726122	-8282.76
571	0.0726122	-8314.34
572	0.0726122	-8305.3
573	0.0726122	-8290.66
574	0.0726122	-8347.39
575	0.0726122	-8284.46
576	0.0726122	-8262.1
577	0.0726122	-8249.78
578	0.0726122	-8235.44
579	0.0726122	-8312.79
580	0.0726122	-8227.29
581	0.0726122	-8256.77
582	0.0726122	-8223.7
583	0.0726122	-8196.11
584	0.0726122	-8226.02
585	0.0726122	-8229.58
586	0.0726122	-8200.15
587	0.0726122	-8271.37
588	0.0726122	-8240.55
589	0.0726122	-8266.06
590	0.0726122	-8250.2
591	0.0726122	-8391.34
592	0.0726122	-8365.6
593	0.0726122	-8232.63
594	0.0726122	-8230.36
595	0.0726122	-8208.37
596	0.0726122	-8286.52
597	0.0726122	-8277.27
598	0.0726122	-8219.11
599	0.0726122	-8238.07
600	0.0726122	-8379.34
601	0.0726122	-8335.54
602	0.0726122	-8235.75
603	0.0726122	-8228.87
604	0.0726122	-8269.43
605	0.0726122	-8291.36
606	0.0726122	-8292.16
607	0.0726122	-8312.59
608	0.0726122	-8309.88
609	0.0726122	-8383.03
610	0.0726122	-8331.75
611	0.0726122	-8333.24
612	0.0726122	-8382.27
613	0.0726122	-8273.45
614	0.0726122	-8273.05
615	0.0726122	-8337.49
616	0.0726122	-8369.6
617	0.0726122	-8287.46
618	0.0726122	-8347.11
619	0.0726122	-8232.7
620	0.0726122	-8292.4
621	0.0726122	-8194.37
622	0.0726122	-8213.89
623	0.0726122	-8267.45
624	0.0726122	-8222.22
625	0.0726122	-8262.88
626	0.0726122	-8262.89
627	0.0726122	-8412.94
628	0.0726122	-8315.36
629	0.0726122	-8272.31
630	0.0726122	-8255.18
631	0.0726122	-8276.18
632	0.0726122	-8369.77
633	0.0726122	-8326.61
634	0.0726122	-8282.23
635	0.0726122	-8289.79
636	0.0726122	-8294.09
637	0.0726122	-8318.96
638	0.0726122	-8247.7
639	0.0726122	-8204.19
640	0.0726122	-8149.5
641	0.0726122	-8196.12
642	0.0726122	-8183.23
643	0.0726122	-8189.43
644	0.0726122	-8205.81
645	0.0726122	-8231.8
646	0.0726122	-8229.75
647	0.0726122	-8240.39
648	0.0726122	-8244.09
649	0.0726122	-8274.92
650	0.0726122	-8193.01
651	0.0726122	-8269.05
652	0.0726122	-8281.15
653	0.0726122	-8284.29
654	0.0726122	-8278.64
655	0.0726122	-8278.09
656	0.0726122	-8290.4
657	0.0726122	-8241.64
658	0.0726122	-8231.23
659	0.0726122	-8271.71
660	0.0726122	-8211.69
661	0.0726122	-8243.4
662	0.0726122	-8205.05
663	0.0726122	-8221.86
664	0.0726122	-8290.56
665	0.0726122	-8206.68
666	0.0726122	-8242.47
667	0.0726122	-8370.64
668	0.0726122	-8250.78
669	0.0726122	-8300.31
670	0.0726122	-8280.32
671	0.0726122	-8270.06
672	0.0726122	-8232.61
673	0.0726122	-8283.82
674	0.0726122	-8252.59
675	0.0726122	-8200.6
676	0.0726122	-8237.76
677	0.0726122	-8268.68
678	0.0726122	-8301.16
679	0.0726122	-8237.52
680	0.0726122	-8275.28
681	0.0726122	-8267.28
682	0.0726122	-8250.73
683	0.0726122	-8294.1
684	0.0726122	-8375.68
685	0.0726122	-8378.58
686	0.0726122	-8388.64
687	0.0726122	-8337.97
688	0.0726122	-8318.53
689	0.0726122	-8321.88
690	0.0726122	-8237.21
691	0.0726122	-8255.75
692	0.0726122	-8503.08
693	0.0726122	-8398.85
694	0.0726122	-8417.57
695	0.0726122	-8406.22
696	0.0726122	-8269.33
697	0.0726122	-8211.42
698	0.0726122	-8209.15
699	0.0726122	-8274.39
700	0.0726122	-8220.28
701	0.0726122	-8296.72
702	0.0726122	-8226.89
703	0.0726122	-8216.13
704	0.0726122	-8216.64
705	0.0726122	-8225.19
706	0.0726122	-8222.91
707	0.0726122	-8324.58
708	0.0726122	-8310.1
709	0.0726122	-8301.04
710	0.0726122	-8308.98
711	0.0726122	-8300.02
712	0.0726122	-8374.19
713	0.0726122	-8396.86
714	0.0726122	-8296.36
715	0.0726122	-8298.34
716	0.0726122	-8239.49
717	0.0726122	-8202.85
718	0.0726122	-8294.94
719	0.0726122	-8250.51
720	0.0726122	-8215.52
721	0.0726122	-8265.65
722	0.0726122	-8235.87
723	0.0726122	-8201.88
724	0.0726122	-8213.21
725	0.0726122	-8176.72
726	0.0726122	-8238.8
727	0.0726122	-8267.44
728	0.0726122	-8281.64
729	0.0726122	-8304.21
730	0.0726122	-8325.92
731	0.0726122	-8243.71
732	0.0726122	-8216.28
733	0.0726122	-8211.94
734	0.0726122	-8167.62
735	0.0726122	-8190.6
736	0.0726122	-8227.58
737	0.0726122	-8287.94
738	0.0726122	-8262.63
739	0.0726122	-8248.48
740	0.0726122	-8294.87
741	0.0726122	-8262.93
742	0.0726122	-8264.69
743	0.0726122	-8259.87
744	0.0726122	-8262.79
745	0.0726122	-8206.16
746	0.0726122	-8214.45
747	0.0726122	-8249.35
748	0.0726122	-8292.02
749	0.0726122	-8244.12
750	0.0726122	-8352.18
751	0.0726122	-8304.28
752	0.0726122	-8250.38
753	0.0726122	-8239.74
754	0.0726122	-8201.93
755	0.0726122	-8233.49
756	0.0726122	-8192.83
757	0.0726122	-8288.13
758	0.0726122	-8259.1
759	0.0726122	-8285.38
760	0.0726122	-8295.73
761	0.0726122	-8259.72
762	0.0726122	-8185.41
763	0.0726122	-8193.03
764	0.0726122	-8230.19
765	0.0726122	-8278.71
766	0.0726122	-8311.57
767	0.0726122	-8284.32
768	0.0726122	-8278.62
769	0.0726122	-8286.28
770	0.0726122	-8252.61
771	0.0726122	-8244.69
772	0.0726122	-8320.77
773	0.0726122	-8297.94
774	0.0726122	-8303.11
775	0.0726122	-8271.78
776	0.0726122	-8332.31
777	0.0726122	-8348.91
778	0.0726122	-8365.48
779	0.0726122	-8294.65
780	0.0726122	-8311.1
781	0.0726122	-8281.04
782	0.0726122	-8289.23
783	0.0726122	-8292.41
784	0.0726122	-8246.79
785	0.0726122	-8239
786	0.0726122	-8233.91
787	0.0726122	-8177.17
788	0.0726122	-8226.05
789	0.0726122	-8249.68
790	0.0726122	-8247.97
791	0.0726122	-8358.31
792	0.0726122	-8278.95
793	0.0726122	-8216.77
794	0.0726122	-8224.93
795	0.0726122	-8273.24
796	0.0726122	-8246.99
797	0.0726122	-8254.38
798	0.0726122	-8269.1
799	0.0726122	-8266.89
800	0.0726122	-8304.23
801	0.0726122	-8282.35
802	0.0726122	-8248.01
803	0.0726122	-8280.49
804	0.0726122	-8297.77
805	0.0726122	-8245.45
806	0.0726122	-8217.11
807	0.0726122	-8163.71
808	0.0726122	-8176
809	0.0726122	-8202.42
810	0.0726122	-8295.21
811	0.0726122	-8281.67
812	0.0726122	-8373.67
813	0.0726122	-8371.85
814	0.0726122	-8242.85
815	0.0726122	-8232.23
816	0.0726122	-8251
817	0.0726122	-8243.93
818	0.0726122	-8308.69
819	0.0726122	-8173.75
820	0.0726122	-8202.27
821	0.0726122	-8238.77
822	0.0726122	-8245.42
823	0.0726122	-8247.57
824	0.0726122	-8244.48
825	0.0726122	-8281.49
826	0.0726122	-8263.83
827	0.0726122	-8348.41
828	0.0726122	-8278.73
829	0.0726122	-8255.84
830	0.0726122	-8221.99
831	0.0726122	-8353.36
832	0.0726122	-8408.9
833	0.0726122	-8367.16
834	0.0726122	-8374.53
835	0.0726122	-8269.25
836	0.0726122	-8231.8
837	0.0726122	-8301.39
838	0.0726122	-8294.25
839	0.0726122	-8219.56
840	0.0726122	-8261.96
841	0.0726122	-8331.89
842	0.0726122	-8314.22
843	0.0726122	-8218.9
844	0.0726122	-8264.72
845	0.0726122	-8311.81
846	0.0726122	-8370.34
847	0.0726122	-8334.29
848	0.0726122	-8286.58
849	0.0726122	-8294.84
850	0.0726122	-8304.64
851	0.0726122	-8250.52
852	0.0726122	-8277.77
853	0.0726122	-8245.58
854	0.0726122	-8287.03
855	0.0726122	-8277.28
856	0.0726122	-8244.55
857	0.0726122	-8197.88
858	0.0726122	-8305.21
859	0.0726122	-8257.59
860	0.0726122	-8221
861	0.0726122	-8260.7
862	0.0726122	-8280.39
863	0.0726122	-8226.34
864	0.0726122	-8223.24
865	0.0726122	-8282.23
866	0.0726122	-8258.73
867	0.0726122	-8307.08
868	0.0726122	-8379.48
869	0.0726122	-8332.54
870	0.0726122	-8301.02
871	0.0726122	-8244.36
872	0.0726122	-8269.33
873	0.0726122	-8347.75
874	0.0726122	-8275.62
875	0.0726122	-8237.93
876	0.0726122	-8235.64
877	0.0726122	-8244.35
878	0.0726122	-8252.3
879	0.0726122	-8281.23
880	0.0726122	-8243.63
881	0.0726122	-8263.02
882	0.0726122	-8328.54
883	0.0726122	-8218
884	0.0726122	-8271.98
885	0.0726122	-8316.9
886	0.0726122	-8292.85
887	0.0726122	-8305.59
888	0.0726122	-8237.39
889	0.0726122	-8230.75
890	0.0726122	-8233.19
891	0.0726122	-8174.04
892	0.0726122	-8229.35
893	0.0726122	-8245.19
894	0.0726122	-8215.14
895	0.0726122	-8248.39
896	0.0726122	-8269.18
897	0.0726122	-8344.93
898	0.0726122	-8399.3
899	0.0726122	-8335.69
900	0.0726122	-8304.77
901	0.0726122	-8335.56
902	0.0726122	-8304.41
903	0.0726122	-8291.85
904	0.0726122	-8255.93
905	0.0726122	-8217.32
906	0.0726122	-8246.77
907	0.0726122	-8222.15
908	0.0726122	-8248.15
909	0.0726122	-8272.53
910	0.0726122	-8261.16
911	0.0726122	-8326.77
912	0.0726122	-8247.47
913	0.0726122	-8248.08
914	0.0726122	-8279.2
915	0.0726122	-8304.6
916	0.0726122	-8306.88
917	0.0726122	-8270.31
918	0.0726122	-8239.82
919	0.0726122	-8259.73
920	0.0726122	-8294.33
921	0.0726122	-8281.82
922	0.0726122	-8297.77
923	0.0726122	-8374.88
924	0.0726122	-8309.68
925	0.0726122	-8312.98
926	0.0726122	-8290.55
927	0.0726122	-8286.94
928	0.0726122	-8218.35
929	0.0726122	-8216.81
930	0.0726122	-8261.89
931	0.0726122	-8267.59
932	0.0726122	-8248.24
933	0.0726122	-8214.56
934	0.0726122	-8277.78
935	0.0726122	-8248.12
936	0.0726122	-8260.54
937	0.0726122	-8212.48
938	0.0726122	-8299.68
939	0.0726122	-8305.39
940	0.0726122	-8328.33
941	0.0726122	-8261.13
942	0.0726122	-8312.12
943	0.0726122	-8288.09
944	0.0726122	-8228.49
945	0.0726122	-8217.38
946	0.0726122	-8193.89
947	0.0726122	-8183.11
948	0.0726122	-8248.25
949	0.0726122	-8265.12
950	0.0726122	-8253.59
951	0.0726122	-8196.73
952	0.0726122	-8201.48
953	0.0726122	-8194.03
954	0.0726122	-8259.24
955	0.0726122	-8223.09
956	0.0726122	-8195.4
957	0.0726122	-8288.81
958	0.0726122	-8200.8
959	0.0726122	-8166.9
960	0.0726122	-8156.02
961	0.0726122	-8193.16
962	0.0726122	-8263.45
963	0.0726122	-8299.68
964	0.0726122	-8245.76
965	0.0726122	-8258.46
966	0.0726122	-8261.8
967	0.0726122	-8359.16
968	0.0726122	-8258.35
969	0.0726122	-8261.07
970	0.0726122	-8259.45
971	0.0726122	-8310.79
972	0.0726122	-8272.97
973	0.0726122	-8312.63
974	0.0726122	-8315
975	0.0726122	-8221.5
976	0.0726122	-8257.88
977	0.0726122	-8191.15
978	0.0726122	-8176.61
979	0.0726122	-8218.98
980	0.0726122	-8260.83
981	0.0726122	-8196.22
982	0.0726122	-8217.12
983	0.0726122	-8139.65
984	0.0726122	-8187.5
985	0.0726122	-8225.35
986	0.0726122	-8210.98
987	0.0726122	-8226.89
988	0.0726122	-8214.34
989	0.0726122	-8371.34
990	0.0726122	-8187.44
991	0.0726122	-8230.78
992	0.0726122	-8224.55
993	0.0726122	-8321.07
994	0.0726122	-8344.8
995	0.0726122	-8281.96
996	0.0726122	-8196.17
997	0.0726122	-8205.84
998	0.0726122	-8208.1
999	0.0726122	-8215.83
1000	0.0726122	-8238.75
251	0.060927	-8286.53
252	0.060927	-8316.68
253	0.060927	-8333.06
254	0.060927	-8250.76
255	0.060927	-8300.31
256	0.060927	-8268.23
257	0.060927	-8348.34
258	0.060927	-8417.74
259	0.060927	-8239.55
260	0.060927	-8298.92
261	0.060927	-8286.94
262	0.060927	-8309.83
263	0.060927	-8354.65
264	0.060927	-8279.64
265	0.060927	-8316.21
266	0.060927	-8278
267	0.060927	-8329.83
268	0.060927	-8369.83
269	0.060927	-8317.47
270	0.060927	-8311.9
271	0.060927	-8237.12
272	0.060927	-8234.51
273	0.060927	-8279.58
274	0.060927	-8233.88
275	0.060927	-8260.87
276	0.060927	-8289.32
277	0.060927	-8315.69
278	0.060927	-8368.42
279	0.060927	-8508.55
280	0.060927	-8394.83
281	0.060927	-8506.39
282	0.060927	-8430.68
283	0.060927	-8392.93
284	0.060927	-8402.35
285	0.060927	-8345.54
286	0.060927	-8330.41
287	0.060927	-8342
288	0.060927	-8299.09
289	0.060927	-8350.86
290	0.060927	-8333.5
291	0.060927	-8283.94
292	0.060927	-8237.03
293	0.060927	-8324.48
294	0.060927	-8271.85
295	0.060927	-8294.43
296	0.060927	-8249.02
297	0.060927	-8302.32
298	0.060927	-8219.15
299	0.060927	-8189.11
300	0.060927	-8265.1
301	0.060927	-8214.16
302	0.060927	-8215.46
303	0.060927	-8253.3
304	0.060927	-8280.42
305	0.060927	-8299.13
306	0.060927	-8323.4
307	0.060927	-8362.65
308	0.060927	-8334.96
309	0.060927	-8280.13
310	0.060927	-8291.39
311	0.060927	-8280.08
312	0.060927	-8329.75
313	0.060927	-8365.55
314	0.060927	-8325.08
315	0.060927	-8343.55
316	0.060927	-8341.58
317	0.060927	-8224.93
318	0.060927	-8276.47
319	0.060927	-8329.56
320	0.060927	-8285.27
321	0.060927	-8263.87
322	0.060927	-8260.79
323	0.060927	-8344.35
324	0.060927	-8392.45
325	0.060927	-8284.24
326	0.060927	-8332.64
327	0.060927	-8334.94
328	0.060927	-8351.93
329	0.060927	-8401.56
330	0.060927	-8335.47
331	0.060927	-8313.04
332	0.060927	-8402.14
333	0.060927	-8307.02
334	0.060927	-8260.49
335	0.060927	-8383.92
336	0.060927	-8271.87
337	0.060927	-8300.44
338	0.060927	-8349.6
339	0.060927	-8396.08
340	0.060927	-8416.07
341	0.060927	-8390.18
342	0.060927	-8343.95
343	0.060927	-8259.76
344	0.060927	-8292.23
345	0.060927	-8268.25
346	0.060927	-8239.29
347	0.060927	-8213.09
348	0.060927	-8288.23
349	0.060927	-8260.97
350	0.060927	-8277.09
351	0.060927	-8340.65
352	0.060927	-8398.98
353	0.060927	-8400.47
354	0.060927	-8313.64
355	0.060927	-8330.64
356	0.060927	-8338.02
357	0.060927	-8313.15
358	0.060927	-8319.74
359	0.060927	-8286.83
360	0.060927	-8314.16
361	0.060927	-8342.18
362	0.060927	-8432.11
363	0.060927	-8504.72
364	0.060927	-8356.78
365	0.060927	-8363.91
366	0.060927	-8359.53
367	0.060927	-8390.71
368	0.060927	-8405.37
369	0.060927	-8496.42
370	0.060927	-8470.88
371	0.060927	-8354.49
372	0.060927	-8368.12
373	0.060927	-8392.31
374	0.060927	-8353.8
375	0.060927	-8292.39
376	0.060927	-8319.59
377	0.060927	-8202.85
378	0.060927	-8220.44
379	0.060927	-8334.97
380	0.060927	-8287.7
381	0.060927	-8301.75
382	0.060927	-8304.49
383	0.060927	-8312.87
384	0.060927	-8377.45
385	0.060927	-8302.76
386	0.060927	-8238.49
387	0.060927	-8257.45
388	0.060927	-8429.91
389	0.060927	-8338.55
390	0.060927	-8350.38
391	0.060927	-8347.77
392	0.060927	-8266.6
393	0.060927	-8332.69
394	0.060927	-8391.49
395	0.060927	-8375.98
396	0.060927	-8260.29
397	0.060927	-8329.19
398	0.060927	-8268.79
399	0.060927	-8308.24
400	0.060927	-8318.14
401	0.060927	-8428.75
402	0.060927	-8438.9
403	0.060927	-8362.88
404	0.060927	-8470.51
405	0.060927	-8419.87
406	0.060927	-8319.72
407	0.060927	-8440.26
408	0.060927	-8373.25
409	0.060927	-8263.43
410	0.060927	-8203.7
411	0.060927	-8248.5
412	0.060927	-8341.14
413	0.060927	-8249.25
414	0.060927	-8346.74
415	0.060927	-8255.41
416	0.060927	-8320.12
417	0.060927	-8438.36
418	0.060927	-8341.71
419	0.060927	-8309.08
420	0.060927	-8303.42
421	0.060927	-8297.6
422	0.060927	-8308.13
423	0.060927	-8252.48
424	0.060927	-8279.96
425	0.060927	-8251.59
426	0.060927	-8225.24
427	0.060927	-8284.37
428	0.060927	-8342.89
429	0.060927	-8328.48
430	0.060927	-8355.8
431	0.060927	-8417.51
432	0.060927	-8341.36
433	0.060927	-8323.69
434	0.060927	-8302
435	0.060927	-8362.11
436	0.060927	-8241.42
437	0.060927	-8270.92
438	0.060927	-8357.12
439	0.060927	-8272.53
440	0.060927	-8258.17
441	0.060927	-8328.39
442	0.060927	-8334.85
443	0.060927	-8356.8
444	0.060927	-8312.71
445	0.060927	-8299.77
446	0.060927	-8362.24
447	0.060927	-8332.78
448	0.060927	-8307.9
449	0.060927	-8253.31
450	0.060927	-8327.71
451	0.060927	-8299
452	0.060927	-8278.33
453	0.060927	-8272.36
454	0.060927	-8223.01
455	0.060927	-8193.28
456	0.060927	-8160.14
457	0.060927	-8205.54
458	0.060927	-8231.15
459	0.060927	-8232.69
460	0.060927	-8275.07
461	0.060927	-8313.14
462	0.060927	-8358.74
463	0.060927	-8435.68
464	0.060927	-8389.97
465	0.060927	-8395.26
466	0.060927	-8318.68
467	0.060927	-8262.77
468	0.060927	-8305.61
469	0.060927	-8318.36
470	0.060927	-8322.06
471	0.060927	-8283.82
472	0.060927	-8283.12
473	0.060927	-8319.01
474	0.060927	-8300.11
475	0.060927	-8384.88
476	0.060927	-8301.16
477	0.060927	-8305.34
478	0.060927	-8309.13
479	0.060927	-8267.65
480	0.060927	-8278.55
481	0.060927	-8248.09
482	0.060927	-8278.58
483	0.060927	-8249.9
484	0.060927	-8350.26
485	0.060927	-8326.73
486	0.060927	-8245.09
487	0.060927	-8330.2
488	0.060927	-8273.26
489	0.060927	-8284.67
490	0.060927	-8273.24
491	0.060927	-8269.1
492	0.060927	-8330.94
493	0.060927	-8325.17
494	0.060927	-8313.21
495	0.060927	-8264.88
496	0.060927	-8252.92
497	0.060927	-8260.17
498	0.060927	-8254.47
499	0.060927	-8269.76
500	0.060927	-8261.86
501	0.060927	-8344.79
502	0.060927	-8270.31
503	0.060927	-8292.22
504	0.060927	-8237.36
505	0.060927	-8254.33
506	0.060927	-8302.24
507	0.060927	-8338.96
508	0.060927	-8271.79
509	0.060927	-8280.98
510	0.060927	-8268.48
511	0.060927	-8207.1
512	0.060927	-8205.44
513	0.060927	-8274.86
514	0.060927	-8375
515	0.060927	-8386.26
516	0.060927	-8349.65
517	0.060927	-8367.51
518	0.060927	-8363.13
519	0.060927	-8403.54
520	0.060927	-8395.34
521	0.060927	-8316.94
522	0.060927	-8272.26
523	0.060927	-8424.55
524	0.060927	-8410.67
525	0.060927	-8349.82
526	0.060927	-8420.41
527	0.060927	-8365.83
528	0.060927	-8310.76
529	0.060927	-8347.52
530	0.060927	-8276.38
531	0.060927	-8319.86
532	0.060927	-8383.77
533	0.060927	-8295.43
534	0.060927	-8266.52
535	0.060927	-8324.5
536	0.060927	-8338.72
537	0.060927	-8301.58
538	0.060927	-8257.71
539	0.060927	-8248.34
540	0.060927	-8268.53
541	0.060927	-8261.27
542	0.060927	-8404.46
543	0.060927	-8407.5
544	0.060927	-8452.71
545	0.060927	-8604.83
546	0.060927	-8522.66
547	0.060927	-8324.81
548	0.060927	-8343.03
549	0.060927	-8273.03
550	0.060927	-8364.32
551	0.060927	-8287.14
552	0.060927	-8296.37
553	0.060927	-8322.03
554	0.060927	-8314.57
555	0.060927	-8407.89
556	0.060927	-8379.25
557	0.060927	-8403.76
558	0.060927	-8355.3
559	0.060927	-8310.28
560	0.060927	-8269.05
561	0.060927	-8306.05
562	0.060927	-8241.93
563	0.060927	-8254.96
564	0.060927	-8298.34
565	0.060927	-8322
566	0.060927	-8379.69
567	0.060927	-8366.85
568	0.060927	-8173.67
569	0.060927	-8212.65
570	0.060927	-8242.18
571	0.060927	-8327.87
572	0.060927	-8356.56
573	0.060927	-8279.69
574	0.060927	-8287.17
575	0.060927	-8300.68
576	0.060927	-8315.27
577	0.060927	-8345.53
578	0.060927	-8311.08
579	0.060927	-8259.81
580	0.060927	-8302.18
581	0.060927	-8327.28
582	0.060927	-8284.09
583	0.060927	-8313.85
584	0.060927	-8292.19
585	0.060927	-8333.39
586	0.060927	-8239.76
587	0.060927	-8222.43
588	0.060927	-8277.25
589	0.060927	-8282.05
590	0.060927	-8276.36
591	0.060927	-8249.93
592	0.060927	-8321.75
593	0.060927	-8356.54
594	0.060927	-8479.88
595	0.060927	-8391.3
596	0.060927	-8467.37
597	0.060927	-8430.32
598	0.060927	-8444.81
599	0.060927	-8393.12
600	0.060927	-8403.21
601	0.060927	-8337.92
602	0.060927	-8260.68
603	0.060927	-8223.32
604	0.060927	-8244.98
605	0.060927	-8239.44
606	0.060927	-8376.32
607	0.060927	-8373.94
608	0.060927	-8339.35
609	0.060927	-8314.13
610	0.060927	-8292.02
611	0.060927	-8275.54
612	0.060927	-8293.78
613	0.060927	-8261.33
614	0.060927	-8279.12
615	0.060927	-8403.76
616	0.060927	-8288.11
617	0.060927	-8421.48
618	0.060927	-8417.7
619	0.060927	-8417.54
620	0.060927	-8438.23
621	0.060927	-8474.86
622	0.060927	-8425.81
623	0.060927	-8367.1
624	0.060927	-8280.56
625	0.060927	-8335.89
626	0.060927	-8308.11
627	0.060927	-8303.1
628	0.060927	-8275.8
629	0.060927	-8257.27
630	0.060927	-8305.77
631	0.060927	-8283.48
632	0.060927	-8251.39
633	0.060927	-8258.93
634	0.060927	-8277.62
635	0.060927	-8218.45
636	0.060927	-8393.34
637	0.060927	-8248.1
638	0.060927	-8297.82
639	0.060927	-8309.76
640	0.060927	-8309.06
641	0.060927	-8319.45
642	0.060927	-8321
643	0.060927	-8336.25
644	0.060927	-8291.11
645	0.060927	-8334.31
646	0.060927	-8290.92
647	0.060927	-8324.97
648	0.060927	-8403.46
649	0.060927	-8255.13
650	0.060927	-8286.66
651	0.060927	-8221.93
652	0.060927	-8267.83
653	0.060927	-8416.29
654	0.060927	-8399.43
655	0.060927	-8316.38
656	0.060927	-8296.44
657	0.060927	-8293.58
658	0.060927	-8288.72
659	0.060927	-8315.88
660	0.060927	-8353.68
661	0.060927	-8250.63
662	0.060927	-8266.81
663	0.060927	-8279.25
664	0.060927	-8279.64
665	0.060927	-8233.94
666	0.060927	-8296.35
667	0.060927	-8262.45
668	0.060927	-8257.68
669	0.060927	-8217.71
670	0.060927	-8290.18
671	0.060927	-8295.15
672	0.060927	-8266.83
673	0.060927	-8287.3
674	0.060927	-8281.6
675	0.060927	-8269.58
676	0.060927	-8327.89
677	0.060927	-8326.42
678	0.060927	-8347.71
679	0.060927	-8300.12
680	0.060927	-8293.71
681	0.060927	-8232.3
682	0.060927	-8373.63
683	0.060927	-8249.96
684	0.060927	-8285.19
685	0.060927	-8246.66
686	0.060927	-8255.99
687	0.060927	-8393.62
688	0.060927	-8343.99
689	0.060927	-8344.43
690	0.060927	-8301.68
691	0.060927	-8350.69
692	0.060927	-8338.15
693	0.060927	-8300.55
694	0.060927	-8372.78
695	0.060927	-8463.03
696	0.060927	-8391.78
697	0.060927	-8344.61
698	0.060927	-8258.41
699	0.060927	-8334.1
700	0.060927	-8292.54
701	0.060927	-8269.67
702	0.060927	-8328.68
703	0.060927	-8315.19
704	0.060927	-8249.33
705	0.060927	-8299.55
706	0.060927	-8350.26
707	0.060927	-8296.38
708	0.060927	-8333.26
709	0.060927	-8352.82
710	0.060927	-8300.62
711	0.060927	-8434.78
712	0.060927	-8428.3
713	0.060927	-8304.72
714	0.060927	-8305.54
715	0.060927	-8252.89
716	0.060927	-8373.25
717	0.060927	-8408.13
718	0.060927	-8376.66
719	0.060927	-8315.21
720	0.060927	-8347.46
721	0.060927	-8356.09
722	0.060927	-8277.05
723	0.060927	-8281.32
724	0.060927	-8303.49
725	0.060927	-8439.18
726	0.060927	-8338.82
727	0.060927	-8395.86
728	0.060927	-8342.83
729	0.060927	-8240.46
730	0.060927	-8297.21
731	0.060927	-8250.6
732	0.060927	-8376.23
733	0.060927	-8333.36
734	0.060927	-8278.74
735	0.060927	-8461.75
736	0.060927	-8349.65
737	0.060927	-8380.95
738	0.060927	-8328.97
739	0.060927	-8356.94
740	0.060927	-8312.88
741	0.060927	-8275.28
742	0.060927	-8352.32
743	0.060927	-8296.17
744	0.060927	-8281.04
745	0.060927	-8326.27
746	0.060927	-8357.82
747	0.060927	-8320.46
748	0.060927	-8307.54
749	0.060927	-8289.98
750	0.060927	-8220.38
751	0.060927	-8319.53
752	0.060927	-8210.32
753	0.060927	-8237.41
754	0.060927	-8252.48
755	0.060927	-8348.1
756	0.060927	-8336.29
757	0.060927	-8345.93
758	0.060927	-8300.85
759	0.060927	-8300.61
760	0.060927	-8401.47
761	0.060927	-8314.27
762	0.060927	-8397.76
763	0.060927	-8362.72
764	0.060927	-8296.21
765	0.060927	-8337.71
766	0.060927	-8288.75
767	0.060927	-8247.65
768	0.060927	-8269.45
769	0.060927	-8287.77
770	0.060927	-8340.81
771	0.060927	-8406.24
772	0.060927	-8330.98
773	0.060927	-8278.14
774	0.060927	-8373.33
775	0.060927	-8383.93
776	0.060927	-8421.95
777	0.060927	-8379.51
778	0.060927	-8294.92
779	0.060927	-8341.09
780	0.060927	-8309.55
781	0.060927	-8240.21
782	0.060927	-8211.73
783	0.060927	-8334.9
784	0.060927	-8392.22
785	0.060927	-8313.6
786	0.060927	-8324.48
787	0.060927	-8280.24
788	0.060927	-8360.9
789	0.060927	-8378.37
790	0.060927	-8392.29
791	0.060927	-8376.57
792	0.060927	-8356.72
793	0.060927	-8296.74
794	0.060927	-8268.3
795	0.060927	-8317.77
796	0.060927	-8275.03
797	0.060927	-8335.72
798	0.060927	-8399.61
799	0.060927	-8375
800	0.060927	-8359.43
801	0.060927	-8306.52
802	0.060927	-8308.74
803	0.060927	-8292.53
804	0.060927	-8319.67
805	0.060927	-8373.29
806	0.060927	-8377.59
807	0.060927	-8394.24
808	0.060927	-8352.41
809	0.060927	-8348.11
810	0.060927	-8382.3
811	0.060927	-8348.49
812	0.060927	-8282.45
813	0.060927	-8282.3
814	0.060927	-8380.61
815	0.060927	-8258.93
816	0.060927	-8286.83
817	0.060927	-8243.35
818	0.060927	-8307.44
819	0.060927	-8241.26
820	0.060927	-8237.88
821	0.060927	-8277.43
822	0.060927	-8367.31
823	0.060927	-8365.63
824	0.060927	-8359.79
825	0.060927	-8278.35
826	0.060927	-8312.07
827	0.060927	-8347.93
828	0.060927	-8331.04
829	0.060927	-8337.15
830	0.060927	-8316.87
831	0.060927	-8298.65
832	0.060927	-8304.83
833	0.060927	-8260.5
834	0.060927	-8290.53
835	0.060927	-8247.67
836	0.060927	-8242.13
837	0.060927	-8257.29
838	0.060927	-8254.15
839	0.060927	-8228.33
840	0.060927	-8234.58
841	0.060927	-8241.5
842	0.060927	-8231.15
843	0.060927	-8174.15
844	0.060927	-8235.95
845	0.060927	-8273.92
846	0.060927	-8222.03
847	0.060927	-8280.57
848	0.060927	-8247.36
849	0.060927	-8394.12
850	0.060927	-8298.3
851	0.060927	-8282.37
852	0.060927	-8297.94
853	0.060927	-8293.22
854	0.060927	-8297.23
855	0.060927	-8219.14
856	0.060927	-8278.61
857	0.060927	-8303.84
858	0.060927	-8324.99
859	0.060927	-8358.4
860	0.060927	-8299.41
861	0.060927	-8306.96
862	0.060927	-8367.2
863	0.060927	-8352.25
864	0.060927	-8349.61
865	0.060927	-8275.65
866	0.060927	-8304.37
867	0.060927	-8353.78
868	0.060927	-8339.36
869	0.060927	-8251.69
870	0.060927	-8309.11
871	0.060927	-8346.4
872	0.060927	-8312.86
873	0.060927	-8342.12
874	0.060927	-8209.77
875	0.060927	-8284.94
876	0.060927	-8313.7
877	0.060927	-8384.58
878	0.060927	-8545.13
879	0.060927	-8351.58
880	0.060927	-8373.08
881	0.060927	-8325.29
882	0.060927	-8344.03
883	0.060927	-8376.65
884	0.060927	-8466.47
885	0.060927	-8298.22
886	0.060927	-8221.06
887	0.060927	-8334.47
888	0.060927	-8283.59
889	0.060927	-8275.86
890	0.060927	-8236.64
891	0.060927	-8239.71
892	0.060927	-8296.18
893	0.060927	-8210.06
894	0.060927	-8298.6
895	0.060927	-8206.02
896	0.060927	-8304.59
897	0.060927	-8202.58
898	0.060927	-8242.63
899	0.060927	-8240.62
900	0.060927	-8257.57
901	0.060927	-8261.5
902	0.060927	-8343.58
903	0.060927	-8254.81
904	0.060927	-8248.25
905	0.060927	-8231.01
906	0.060927	-8263.61
907	0.060927	-8266.31
908	0.060927	-8258.12
909	0.060927	-8261.71
910	0.060927	-8298.19
911	0.060927	-8270.31
912	0.060927	-8371.28
913	0.060927	-8351.91
914	0.060927	-8359.05
915	0.060927	-8336.41
916	0.060927	-8390.68
917	0.060927	-8352.14
918	0.060927	-8379.44
919	0.060927	-8258.39
920	0.060927	-8246.59
921	0.060927	-8257.05
922	0.060927	-8223.89
923	0.060927	-8253.48
924	0.060927	-8246.11
925	0.060927	-8212.5
926	0.060927	-8273.01
927	0.060927	-8289.06
928	0.060927	-8311.99
929	0.060927	-8331.64
930	0.060927	-8277.74
931	0.060927	-8261.93
932	0.060927	-8264.05
933	0.060927	-8245.29
934	0.060927	-8380.13
935	0.060927	-8276.77
936	0.060927	-8382.21
937	0.060927	-8253.21
938	0.060927	-8254.03
939	0.060927	-8302.59
940	0.060927	-8285.7
941	0.060927	-8308.25
942	0.060927	-8254.35
943	0.060927	-8354.67
944	0.060927	-8349.42
945	0.060927	-8391.45
946	0.060927	-8434.36
947	0.060927	-8442.39
948	0.060927	-8414.07
949	0.060927	-8423.38
950	0.060927	-8449.92
951	0.060927	-8459.66
952	0.060927	-8544.55
953	0.060927	-8494.79
954	0.060927	-8532.55
955	0.060927	-8557.61
956	0.060927	-8434.75
957	0.060927	-8284.21
958	0.060927	-8292.26
959	0.060927	-8315.3
960	0.060927	-8326.05
961	0.060927	-8260.92
962	0.060927	-8238.42
963	0.060927	-8280.41
964	0.060927	-8343.06
965	0.060927	-8431.5
966	0.060927	-8501.83
967	0.060927	-8437.34
968	0.060927	-8398.66
969	0.060927	-8359.39
970	0.060927	-8341.98
971	0.060927	-8298.29
972	0.060927	-8278
973	0.060927	-8279.07
974	0.060927	-8313.95
975	0.060927	-8374.37
976	0.060927	-8355.17
977	0.060927	-8255.21
978	0.060927	-8274.78
979	0.060927	-8309.78
980	0.060927	-8271.25
981	0.060927	-8273.96
982	0.060927	-8370.38
983	0.060927	-8396.79
984	0.060927	-8274.16
985	0.060927	-8255.01
986	0.060927	-8308.93
987	0.060927	-8273.15
988	0.060927	-8242.83
989	0.060927	-8328.02
990	0.060927	-8351.23
991	0.060927	-8302.48
992	0.060927	-8398.01
993	0.060927	-8292
994	0.060927	-8311.52
995	0.060927	-8516.19
996	0.060927	-8334.2
997	0.060927	-8413.18
998	0.060927	-8375.95
999	0.060927	-8403.24
1000	0.060927	-8385.28
251	0.050797	-8303.56
252	0.050797	-8349.27
253	0.050797	-8351.14
254	0.050797	-8317.84
255	0.050797	-8336.72
256	0.050797	-8270.47
257	0.050797	-8406.53
258	0.050797	-8226.77
259	0.050797	-8322.58
260	0.050797	-8300.4
261	0.050797	-8259.84
262	0.050797	-8293.32
263	0.050797	-8263.68
264	0.050797	-8399.22
265	0.050797	-8411.15
266	0.050797	-8309.17
267	0.050797	-8314.56
268	0.050797	-8249.25
269	0.050797	-8364.33
270	0.050797	-8230.26
271	0.050797	-8232.17
272	0.050797	-8346.43
273	0.050797	-8297.95
274	0.050797	-8381.07
275	0.050797	-8436.93
276	0.050797	-8400.94
277	0.050797	-8375.72
278	0.050797	-8482.01
279	0.050797	-8562.53
280	0.050797	-8597.37
281	0.050797	-8435.59
282	0.050797	-8379.45
283	0.050797	-8368.79
284	0.050797	-8329.06
285	0.050797	-8299.05
286	0.050797	-8281.48
287	0.050797	-8222.6
288	0.050797	-8333.68
289	0.050797	-8402.28
290	0.050797	-8433.03
291	0.050797	-8377.34
292	0.050797	-8400.94
293	0.050797	-8269.91
294	0.050797	-8380.69
295	0.050797	-8290.27
296	0.050797	-8275.97
297	0.050797	-8287.87
298	0.050797	-8346.65
299	0.050797	-8341.5
300	0.050797	-8299.36
301	0.050797	-8310.28
302	0.050797	-8304.61
303	0.050797	-8279.68
304	0.050797	-8352.9
305	0.050797	-8396.71
306	0.050797	-8317.96
307	0.050797	-8385.89
308	0.050797	-8230.75
309	0.050797	-8327.31
310	0.050797	-8367.41
311	0.050797	-8396.4
312	0.050797	-8475.76
313	0.050797	-8335.33
314	0.050797	-8389.73
315	0.050797	-8368.37
316	0.050797	-8344.78
317	0.050797	-8407.66
318	0.050797	-8511.07
319	0.050797	-8370.97
320	0.050797	-8428.22
321	0.050797	-8416.34
322	0.050797	-8464.78
323	0.050797	-8251.66
324	0.050797	-8312.66
325	0.050797	-8265.02
326	0.050797	-8358.03
327	0.050797	-8482.49
328	0.050797	-8423.84
329	0.050797	-8507.37
330	0.050797	-8439.85
331	0.050797	-8509.36
332	0.050797	-8418.44
333	0.050797	-8367.43
334	0.050797	-8303.55
335	0.050797	-8337.95
336	0.050797	-8338.81
337	0.050797	-8312.73
338	0.050797	-8409.67
339	0.050797	-8436.79
340	0.050797	-8440.63
341	0.050797	-8424.72
342	0.050797	-8410.79
343	0.050797	-8368.44
344	0.050797	-8314.34
345	0.050797	-8315.4
346	0.050797	-8378.77
347	0.050797	-8359.37
348	0.050797	-8305.95
349	0.050797	-8246.92
350	0.050797	-8270.41
351	0.050797	-8218.1
352	0.050797	-8206.2
353	0.050797	-8329.92
354	0.050797	-8271.38
355	0.050797	-8299.22
356	0.050797	-8415.04
357	0.050797	-8315.47
358	0.050797	-8346.97
359	0.050797	-8455.4
360	0.050797	-8393.92
361	0.050797	-8465.42
362	0.050797	-8433.05
363	0.050797	-8464.82
364	0.050797	-8353.81
365	0.050797	-8380.04
366	0.050797	-8338.73
367	0.050797	-8366.06
368	0.050797	-8364.6
369	0.050797	-8392.19
370	0.050797	-8402.85
371	0.050797	-8416.71
372	0.050797	-8331.42
373	0.050797	-8283.26
374	0.050797	-8292.54
375	0.050797	-8285.25
376	0.050797	-8364.73
377	0.050797	-8376
378	0.050797	-8432.54
379	0.050797	-8296.38
380	0.050797	-8245.09
381	0.050797	-8344.94
382	0.050797	-8311.66
383	0.050797	-8284.65
384	0.050797	-8347.24
385	0.050797	-8349.88
386	0.050797	-8222.2
387	0.050797	-8239.49
388	0.050797	-8308.74
389	0.050797	-8210.61
390	0.050797	-8278.32
391	0.050797	-8299.08
392	0.050797	-8401.14
393	0.050797	-8239.48
394	0.050797	-8278.04
395	0.050797	-8448.58
396	0.050797	-8428.61
397	0.050797	-8426.21
398	0.050797	-8402.55
399	0.050797	-8445.67
400	0.050797	-8327.36
401	0.050797	-8248.84
402	0.050797	-8270.35
403	0.050797	-8266.27
404	0.050797	-8273.25
405	0.050797	-8308.24
406	0.050797	-8307.2
407	0.050797	-8313.46
408	0.050797	-8375.76
409	0.050797	-8365.44
410	0.050797	-8295.26
411	0.050797	-8291.95
412	0.050797	-8309.66
413	0.050797	-8332.14
414	0.050797	-8383.95
415	0.050797	-8316.73
416	0.050797	-8306.35
417	0.050797	-8311.37
418	0.050797	-8308.54
419	0.050797	-8283.74
420	0.050797	-8324.88
421	0.050797	-8297.54
422	0.050797	-8452.04
423	0.050797	-8545.55
424	0.050797	-8373.81
425	0.050797	-8333.41
426	0.050797	-8276.03
427	0.050797	-8336.47
428	0.050797	-8401.96
429	0.050797	-8305.05
430	0.050797	-8237.75
431	0.050797	-8298.36
432	0.050797	-8250.78
433	0.050797	-8255.62
434	0.050797	-8374.04
435	0.050797	-8389.39
436	0.050797	-8437.95
437	0.050797	-8338.31
438	0.050797	-8348.94
439	0.050797	-8481.97
440	0.050797	-8438.18
441	0.050797	-8364.31
442	0.050797	-8384.33
443	0.050797	-8414.93
444	0.050797	-8364.29
445	0.050797	-8241.36
446	0.050797	-8354
447	0.050797	-8335.8
448	0.050797	-8431.42
449	0.050797	-8435.48
450	0.050797	-8487.41
451	0.050797	-8410.71
452	0.050797	-8359.77
453	0.050797	-8414.23
454	0.050797	-8468.64
455	0.050797	-8365.45
456	0.050797	-8456.67
457	0.050797	-8347.77
458	0.050797	-8375
459	0.050797	-8482.19
460	0.050797	-8380.94
461	0.050797	-8315.9
462	0.050797	-8318.52
463	0.050797	-8319.43
464	0.050797	-8302.29
465	0.050797	-8351.61
466	0.050797	-8354.42
467	0.050797	-8309.23
468	0.050797	-8306.55
469	0.050797	-8391.98
470	0.050797	-8366.69
471	0.050797	-8335.76
472	0.050797	-8342.62
473	0.050797	-8342.85
474	0.050797	-8342.56
475	0.050797	-8286.69
476	0.050797	-8317.07
477	0.050797	-8375.46
478	0.050797	-8409.88
479	0.050797	-8408.67
480	0.050797	-8463.16
481	0.050797	-8447.61
482	0.050797	-8335.69
483	0.050797	-8370.04
484	0.050797	-8252.57
485	0.050797	-8348.66
486	0.050797	-8312.06
487	0.050797	-8318.73
488	0.050797	-8351.51
489	0.050797	-8265.02
490	0.050797	-8218.41
491	0.050797	-8242.5
492	0.050797	-8210.99
493	0.050797	-8333.53
494	0.050797	-8464.72
495	0.050797	-8376.93
496	0.050797	-8366.79
497	0.050797	-8374.96
498	0.050797	-8534.23
499	0.050797	-8419.83
500	0.050797	-8344.83
501	0.050797	-8376.15
502	0.050797	-8366.71
503	0.050797	-8319.51
504	0.050797	-8538.4
505	0.050797	-8323.4
506	0.050797	-8351.23
507	0.050797	-8266.98
508	0.050797	-8312.35
509	0.050797	-8312.36
510	0.050797	-8419.65
511	0.050797	-8346.25
512	0.050797	-8427.94
513	0.050797	-8339.54
514	0.050797	-8297.51
515	0.050797	-8387.35
516	0.050797	-8374.95
517	0.050797	-8344.63
518	0.050797	-8437.35
519	0.050797	-8362.86
520	0.050797	-8320.16
521	0.050797	-8359.62
522	0.050797	-8327.31
523	0.050797	-8341.94
524	0.050797	-8326.44
525	0.050797	-8388.31
526	0.050797	-8438.97
527	0.050797	-8394.13
528	0.050797	-8317.84
529	0.050797	-8254.83
530	0.050797	-8330.35
531	0.050797	-8325.75
532	0.050797	-8280.66
533	0.050797	-8261.3
534	0.050797	-8335.63
535	0.050797	-8277.14
536	0.050797	-8299.23
537	0.050797	-8383.59
538	0.050797	-8331.52
539	0.050797	-8399.14
540	0.050797	-8379.17
541	0.050797	-8363.21
542	0.050797	-8455.56
543	0.050797	-8370.29
544	0.050797	-8244.42
545	0.050797	-8328.76
546	0.050797	-8333.45
547	0.050797	-8280.4
548	0.050797	-8339.49
549	0.050797	-8267.68
550	0.050797	-8264.27
551	0.050797	-8297.2
552	0.050797	-8209.26
553	0.050797	-8301.59
554	0.050797	-8278.74
555	0.050797	-8365.12
556	0.050797	-8312.39
557	0.050797	-8326.83
558	0.050797	-8322.22
559	0.050797	-8381.35
560	0.050797	-8392.82
561	0.050797	-8446.54
562	0.050797	-8425.7
563	0.050797	-8378.52
564	0.050797	-8353.61
565	0.050797	-8369.48
566	0.050797	-8457.14
567	0.050797	-8449.67
568	0.050797	-8357.21
569	0.050797	-8344.09
570	0.050797	-8399.71
571	0.050797	-8362.67
572	0.050797	-8399.85
573	0.050797	-8369.61
574	0.050797	-8484.47
575	0.050797	-8573.65
576	0.050797	-8447.83
577	0.050797	-8400.49
578	0.050797	-8373.01
579	0.050797	-8359.83
580	0.050797	-8367.01
581	0.050797	-8414.83
582	0.050797	-8366.8
583	0.050797	-8302
584	0.050797	-8289.35
585	0.050797	-8371.9
586	0.050797	-8588.14
587	0.050797	-8433.7
588	0.050797	-8304.54
589	0.050797	-8270.13
590	0.050797	-8318.19
591	0.050797	-8344.93
592	0.050797	-8293.45
593	0.050797	-8302.66
594	0.050797	-8247.68
595	0.050797	-8300.88
596	0.050797	-8276.33
597	0.050797	-8322.75
598	0.050797	-8245.93
599	0.050797	-8227
600	0.050797	-8312.52
601	0.050797	-8203.13
602	0.050797	-8263.68
603	0.050797	-8336.77
604	0.050797	-8320.48
605	0.050797	-8317.48
606	0.050797	-8338.77
607	0.050797	-8288.12
608	0.050797	-8220.63
609	0.050797	-8242.08
610	0.050797	-8239.41
611	0.050797	-8300.99
612	0.050797	-8323.56
613	0.050797	-8318.81
614	0.050797	-8452
615	0.050797	-8337.81
616	0.050797	-8482.73
617	0.050797	-8397.24
618	0.050797	-8447.76
619	0.050797	-8419.19
620	0.050797	-8428.25
621	0.050797	-8342.26
622	0.050797	-8406.5
623	0.050797	-8369.87
624	0.050797	-8446.07
625	0.050797	-8264.42
626	0.050797	-8263.64
627	0.050797	-8312.9
628	0.050797	-8314.04
629	0.050797	-8183.82
630	0.050797	-8214.59
631	0.050797	-8281.27
632	0.050797	-8370.17
633	0.050797	-8351.99
634	0.050797	-8407.95
635	0.050797	-8458.57
636	0.050797	-8450.38
637	0.050797	-8449.18
638	0.050797	-8505.96
639	0.050797	-8475.75
640	0.050797	-8397.97
641	0.050797	-8474.57
642	0.050797	-8534.36
643	0.050797	-8328.58
644	0.050797	-8412.17
645	0.050797	-8248.48
646	0.050797	-8186.01
647	0.050797	-8238.65
648	0.050797	-8356.28
649	0.050797	-8291.45
650	0.050797	-8423.98
651	0.050797	-8384.92
652	0.050797	-8424.42
653	0.050797	-8446.88
654	0.050797	-8514.43
655	0.050797	-8422.77
656	0.050797	-8354.78
657	0.050797	-8273.61
658	0.050797	-8386.69
659	0.050797	-8355.93
660	0.050797	-8264.19
661	0.050797	-8322.15
662	0.050797	-8397.78
663	0.050797	-8324.08
664	0.050797	-8461.42
665	0.050797	-8397.43
666	0.050797	-8380.86
667	0.050797	-8270.52
668	0.050797	-8266.9
669	0.050797	-8366.39
670	0.050797	-8413.62
671	0.050797	-8322.78
672	0.050797	-8283.76
673	0.050797	-8312.1
674	0.050797	-8352.29
675	0.050797	-8404.57
676	0.050797	-8344.35
677	0.050797	-8333.77
678	0.050797	-8364.49
679	0.050797	-8338.1
680	0.050797	-8335.14
681	0.050797	-8387.97
682	0.050797	-8356.97
683	0.050797	-8342.97
684	0.050797	-8393.31
685	0.050797	-8518.93
686	0.050797	-8384.72
687	0.050797	-8367.75
688	0.050797	-8284.68
689	0.050797	-8342.07
690	0.050797	-8332.4
691	0.050797	-8298.39
692	0.050797	-8302.12
693	0.050797	-8313.19
694	0.050797	-8316.33
695	0.050797	-8358.5
696	0.050797	-8304.2
697	0.050797	-8278.27
698	0.050797	-8304.77
699	0.050797	-8483.76
700	0.050797	-8535.48
701	0.050797	-8474.41
702	0.050797	-8410.24
703	0.050797	-8356.33
704	0.050797	-8408.65
705	0.050797	-8390.27
706	0.050797	-8267.27
707	0.050797	-8353.83
708	0.050797	-8388.68
709	0.050797	-8300.23
710	0.050797	-8321.52
711	0.050797	-8270.35
712	0.050797	-8249.19
713	0.050797	-8253.06
714	0.050797	-8233.05
715	0.050797	-8259.9
716	0.050797	-8338.2
717	0.050797	-8329.09
718	0.050797	-8328.09
719	0.050797	-8376.05
720	0.050797	-8293.86
721	0.050797	-8272.88
722	0.050797	-8286.71
723	0.050797	-8307.52
724	0.050797	-8381.61
725	0.050797	-8462.69
726	0.050797	-8497.52
727	0.050797	-8473.79
728	0.050797	-8628.13
729	0.050797	-8480.81
730	0.050797	-8433.37
731	0.050797	-8345.48
732	0.050797	-8347.35
733	0.050797	-8388.62
734	0.050797	-8490.82
735	0.050797	-8435.08
736	0.050797	-8425.88
737	0.050797	-8408.45
738	0.050797	-8528.73
739	0.050797	-8541.14
740	0.050797	-8400.38
741	0.050797	-8381.77
742	0.050797	-8403.02
743	0.050797	-8322.57
744	0.050797	-8200.65
745	0.050797	-8245.77
746	0.050797	-8402.98
747	0.050797	-8337.97
748	0.050797	-8430.97
749	0.050797	-8314.47
750	0.050797	-8378.1
751	0.050797	-8445.83
752	0.050797	-8331.01
753	0.050797	-8329.03
754	0.050797	-8346.27
755	0.050797	-8445.83
756	0.050797	-8255.47
757	0.050797	-8230.25
758	0.050797	-8239.41
759	0.050797	-8254.12
760	0.050797	-8317.67
761	0.050797	-8322.91
762	0.050797	-8333.71
763	0.050797	-8329.31
764	0.050797	-8416.89
765	0.050797	-8404.3
766	0.050797	-8311.34
767	0.050797	-8412.7
768	0.050797	-8510.02
769	0.050797	-8476.4
770	0.050797	-8489.1
771	0.050797	-8410.72
772	0.050797	-8414.93
773	0.050797	-8541.4
774	0.050797	-8439.29
775	0.050797	-8391.16
776	0.050797	-8334.41
777	0.050797	-8312.56
778	0.050797	-8261.93
779	0.050797	-8320.7
780	0.050797	-8421.31
781	0.050797	-8461.79
782	0.050797	-8323.99
783	0.050797	-8373.77
784	0.050797	-8385.46
785	0.050797	-8349.17
786	0.050797	-8443.66
787	0.050797	-8232.3
788	0.050797	-8243.69
789	0.050797	-8248.55
790	0.050797	-8240.66
791	0.050797	-8219.63
792	0.050797	-8327.5
793	0.050797	-8304.76
794	0.050797	-8306.22
795	0.050797	-8261.95
796	0.050797	-8256.81
797	0.050797	-8306.29
798	0.050797	-8216.24
799	0.050797	-8366.83
800	0.050797	-8439.99
801	0.050797	-8540.09
802	0.050797	-8429.61
803	0.050797	-8503.24
804	0.050797	-8368.29
805	0.050797	-8344.94
806	0.050797	-8401.79
807	0.050797	-8436.26
808	0.050797	-8269.86
809	0.050797	-8422.32
810	0.050797	-8416.17
811	0.050797	-8405.84
812	0.050797	-8344.62
813	0.050797	-8309.7
814	0.050797	-8298.38
815	0.050797	-8398.4
816	0.050797	-8336.02
817	0.050797	-8347.68
818	0.050797	-8362.92
819	0.050797	-8323.56
820	0.050797	-8345.97
821	0.050797	-8414.27
822	0.050797	-8400.75
823	0.050797	-8398.54
824	0.050797	-8440.32
825	0.050797	-8372.17
826	0.050797	-8523.08
827	0.050797	-8490.53
828	0.050797	-8447.02
829	0.050797	-8363.78
830	0.050797	-8335.6
831	0.050797	-8364.72
832	0.050797	-8389.82
833	0.050797	-8363.38
834	0.050797	-8392.29
835	0.050797	-8334.31
836	0.050797	-8287.38
837	0.050797	-8337.61
838	0.050797	-8283.29
839	0.050797	-8441.07
840	0.050797	-8424.4
841	0.050797	-8354.09
842	0.050797	-8289.81
843	0.050797	-8274.47
844	0.050797	-8348.02
845	0.050797	-8365.44
846	0.050797	-8316.52
847	0.050797	-8297.49
848	0.050797	-8411.11
849	0.050797	-8365.91
850	0.050797	-8350.63
851	0.050797	-8375.59
852	0.050797	-8416.99
853	0.050797	-8393.53
854	0.050797	-8377.11
855	0.050797	-8353.88
856	0.050797	-8447.91
857	0.050797	-8458.46
858	0.050797	-8398.34
859	0.050797	-8473.81
860	0.050797	-8535.96
861	0.050797	-8503.68
862	0.050797	-8485.87
863	0.050797	-8526.84
864	0.050797	-8564.59
865	0.050797	-8495.03
866	0.050797	-8378.87
867	0.050797	-8345.32
868	0.050797	-8331.03
869	0.050797	-8443.16
870	0.050797	-8368.37
871	0.050797	-8325.34
872	0.050797	-8386.02
873	0.050797	-8441.06
874	0.050797	-8343.57
875	0.050797	-8419.02
876	0.050797	-8331.8
877	0.050797	-8344.43
878	0.050797	-8272.08
879	0.050797	-8327.47
880	0.050797	-8378.9
881	0.050797	-8359.61
882	0.050797	-8486.4
883	0.050797	-8426.53
884	0.050797	-8481.13
885	0.050797	-8470.63
886	0.050797	-8496.68
887	0.050797	-8546.09
888	0.050797	-8452.77
889	0.050797	-8339.86
890	0.050797	-8399.64
891	0.050797	-8388.4
892	0.050797	-8345.25
893	0.050797	-8324.44
894	0.050797	-8325.16
895	0.050797	-8389.13
896	0.050797	-8380.71
897	0.050797	-8317.46
898	0.050797	-8394.04
899	0.050797	-8461.57
900	0.050797	-8410.64
901	0.050797	-8364.77
902	0.050797	-8424.29
903	0.050797	-8303.16
904	0.050797	-8287.6
905	0.050797	-8266.81
906	0.050797	-8340.77
907	0.050797	-8308.85
908	0.050797	-8269.22
909	0.050797	-8385.87
910	0.050797	-8341.67
911	0.050797	-8331.97
912	0.050797	-8335.84
913	0.050797	-8375.61
914	0.050797	-8432.45
915	0.050797	-8414.52
916	0.050797	-8283.56
917	0.050797	-8318.3
918	0.050797	-8371.27
919	0.050797	-8432.35
920	0.050797	-8337.31
921	0.050797	-8329.72
922	0.050797	-8310.35
923	0.050797	-8296.85
924	0.050797	-8391.57
925	0.050797	-8329.41
926	0.050797	-8318.17
927	0.050797	-8427.99
928	0.050797	-8354.57
929	0.050797	-8401.24
930	0.050797	-8429.81
931	0.050797	-8560.58
932	0.050797	-8521.22
933	0.050797	-8387.78
934	0.050797	-8447.41
935	0.050797	-8401.14
936	0.050797	-8396.77
937	0.050797	-8291.38
938	0.050797	-8279.12
939	0.050797	-8378.46
940	0.050797	-8317.13
941	0.050797	-8381.51
942	0.050797	-8362.68
943	0.050797	-8349.96
944	0.050797	-8314.68
945	0.050797	-8247.67
946	0.050797	-8315.16
947	0.050797	-8262.45
948	0.050797	-8379.71
949	0.050797	-8403.98
950	0.050797	-8455.48
951	0.050797	-8437.78
952	0.050797	-8271
953	0.050797	-8255.98
954	0.050797	-8278.48
955	0.050797	-8307.4
956	0.050797	-8341.96
957	0.050797	-8264.3
958	0.050797	-8367.93
959	0.050797	-8573.53
960	0.050797	-8527.5
961	0.050797	-8613.85
962	0.050797	-8566.47
963	0.050797	-8482.71
964	0.050797	-8508.46
965	0.050797	-8427.72
966	0.050797	-8318.13
967	0.050797	-8361.88
968	0.050797	-8235.05
969	0.050797	-8264.96
970	0.050797	-8344.9
971	0.050797	-8278.43
972	0.050797	-8272.18
973	0.050797	-8300.19
974	0.050797	-8370.77
975	0.050797	-8350.01
976	0.050797	-8293.96
977	0.050797	-8263.51
978	0.050797	-8318.38
979	0.050797	-8453.41
980	0.050797	-8416.62
981	0.050797	-8364.26
982	0.050797	-8446.45
983	0.050797	-8513.05
984	0.050797	-8482.27
985	0.050797	-8423.73
986	0.050797	-8429.96
987	0.050797	-8494.54
988	0.050797	-8455.01
989	0.050797	-8582.28
990	0.050797	-8414.72
991	0.050797	-8433.61
992	0.050797	-8445.37
993	0.050797	-8341.16
994	0.050797	-8338.51
995	0.050797	-8342.73
996	0.050797	-8403.1
997	0.050797	-8352.38
998	0.050797	-8391.21
999	0.050797	-8380.23
1000	0.050797	-8368.84
251	0.0420616	-8349.29
252	0.0420616	-8363.46
253	0.0420616	-8428.56
254	0.0420616	-8330.9
255	0.0420616	-8379.87
256	0.0420616	-8385.08
257	0.0420616	-8329.52
258	0.0420616	-8410.88
259	0.0420616	-8434.57
260	0.0420616	-8320.55
261	0.0420616	-8363.57
262	0.0420616	-8434.84
263	0.0420616	-8546.23
264	0.0420616	-8307.93
265	0.0420616	-8416.07
266	0.0420616	-8457.48
267	0.0420616	-8407.53
268	0.0420616	-8314.95
269	0.0420616	-8289.77
270	0.0420616	-8346.12
271	0.0420616	-8238.3
272	0.0420616	-8247.27
273	0.0420616	-8360.99
274	0.0420616	-8401.38
275	0.0420616	-8340.48
276	0.0420616	-8438.91
277	0.0420616	-8463.1
278	0.0420616	-8306.59
279	0.0420616	-8275.28
280	0.0420616	-8288.68
281	0.0420616	-8319.78
282	0.0420616	-8417.13
283	0.0420616	-8325.84
284	0.0420616	-8358.15
285	0.0420616	-8302.74
286	0.0420616	-8312.19
287	0.0420616	-8394.49
288	0.0420616	-8304.02
289	0.0420616	-8497.33
290	0.0420616	-8319.77
291	0.0420616	-8411.34
292	0.0420616	-8260.76
293	0.0420616	-8225.87
294	0.0420616	-8305.05
295	0.0420616	-8589.11
296	0.0420616	-8392.02
297	0.0420616	-8409.45
298	0.0420616	-8327.93
299	0.0420616	-8354.89
300	0.0420616	-8410.36
301	0.0420616	-8418.66
302	0.0420616	-8313.74
303	0.0420616	-8476.14
304	0.0420616	-8543.24
305	0.0420616	-8473.73
306	0.0420616	-8392.12
307	0.0420616	-8453.62
308	0.0420616	-8298.13
309	0.0420616	-8343.38
310	0.0420616	-8436.68
311	0.0420616	-8412.47
312	0.0420616	-8361.37
313	0.0420616	-8210.52
314	0.0420616	-8251.77
315	0.0420616	-8343.75
316	0.0420616	-8287.88
317	0.0420616	-8425.63
318	0.0420616	-8389.83
319	0.0420616	-8508.1
320	0.0420616	-8542.29
321	0.0420616	-8639.78
322	0.0420616	-8521.64
323	0.0420616	-8375.03
324	0.0420616	-8265.85
325	0.0420616	-8326.62
326	0.0420616	-8364.5
327	0.0420616	-8386.84
328	0.0420616	-8474.68
329	0.0420616	-8475.58
330	0.0420616	-8417.11
331	0.0420616	-8409.9
332	0.0420616	-8404.21
333	0.0420616	-8386.26
334	0.0420616	-8405.02
335	0.0420616	-8447.41
336	0.0420616	-8467.55
337	0.0420616	-8419.14
338	0.0420616	-8289.52
339	0.0420616	-8275.03
340	0.0420616	-8281.2
341	0.0420616	-8403.48
342	0.0420616	-8389.23
343	0.0420616	-8446.89
344	0.0420616	-8378.49
345	0.0420616	-8383.39
346	0.0420616	-8444.07
347	0.0420616	-8462.57
348	0.0420616	-8493.57
349	0.0420616	-8391.08
350	0.0420616	-8326.52
351	0.0420616	-8364.72
352	0.0420616	-8399.52
353	0.0420616	-8364.98
354	0.0420616	-8358.61
355	0.0420616	-8377.61
356	0.0420616	-8439.59
357	0.0420616	-8571.45
358	0.0420616	-8557.81
359	0.0420616	-8441.94
360	0.0420616	-8466.32
361	0.0420616	-8399.9
362	0.0420616	-8469.8
363	0.0420616	-8447.23
364	0.0420616	-8626.61
365	0.0420616	-8469.02
366	0.0420616	-8460.78
367	0.0420616	-8521.03
368	0.0420616	-8508.84
369	0.0420616	-8341.64
370	0.0420616	-8425.2
371	0.0420616	-8348.71
372	0.0420616	-8446.63
373	0.0420616	-8427.52
374	0.0420616	-8555.29
375	0.0420616	-8448.96
376	0.0420616	-8301.95
377	0.0420616	-8417.73
378	0.0420616	-8457.59
379	0.0420616	-8342.78
380	0.0420616	-8339.22
381	0.0420616	-8432.34
382	0.0420616	-8309.64
383	0.0420616	-8363.97
384	0.0420616	-8394.22
385	0.0420616	-8446.08
386	0.0420616	-8404.08
387	0.0420616	-8429.61
388	0.0420616	-8373.86
389	0.0420616	-8388.92
390	0.0420616	-8425.58
391	0.0420616	-8512.97
392	0.0420616	-8332.07
393	0.0420616	-8431.04
394	0.0420616	-8359.76
395	0.0420616	-8291.89
396	0.0420616	-8330.62
397	0.0420616	-8394.71
398	0.0420616	-8386.05
399	0.0420616	-8334.15
400	0.0420616	-8480.67
401	0.0420616	-8406.61
402	0.0420616	-8454.88
403	0.0420616	-8438.49
404	0.0420616	-8428.49
405	0.0420616	-8468.42
406	0.0420616	-8375.11
407	0.0420616	-8452.03
408	0.0420616	-8402.17
409	0.0420616	-8323.41
410	0.0420616	-8472.3
411	0.0420616	-8457.58
412	0.0420616	-8345.25
413	0.0420616	-8359.84
414	0.0420616	-8338.34
415	0.0420616	-8460.3
416	0.0420616	-8307.09
417	0.0420616	-8330.85
418	0.0420616	-8269.42
419	0.0420616	-8426.9
420	0.0420616	-8407.09
421	0.0420616	-8437.62
422	0.0420616	-8349.91
423	0.0420616	-8370.91
424	0.0420616	-8422.83
425	0.0420616	-8410.01
426	0.0420616	-8349.42
427	0.0420616	-8404.1
428	0.0420616	-8443.37
429	0.0420616	-8377.49
430	0.0420616	-8358.68
431	0.0420616	-8366.82
432	0.0420616	-8465.27
433	0.0420616	-8443.26
434	0.0420616	-8531.14
435	0.0420616	-8565.43
436	0.0420616	-8595.15
437	0.0420616	-8485.02
438	0.0420616	-8497.68
439	0.0420616	-8473.03
440	0.0420616	-8351.23
441	0.0420616	-8380.34
442	0.0420616	-8254
443	0.0420616	-8287.9
444	0.0420616	-8275.12
445	0.0420616	-8229.2
446	0.0420616	-8276.58
447	0.0420616	-8285.55
448	0.0420616	-8325.37
449	0.0420616	-8353.24
450	0.0420616	-8419.77
451	0.0420616	-8419.21
452	0.0420616	-8357.31
453	0.0420616	-8470.3
454	0.0420616	-8305.04
455	0.0420616	-8383.95
456	0.0420616	-8529.78
457	0.0420616	-8436.26
458	0.0420616	-8460.03
459	0.0420616	-8473.33
460	0.0420616	-8380.56
461	0.0420616	-8427.43
462	0.0420616	-8543.63
463	0.0420616	-8509.95
464	0.0420616	-8449.55
465	0.0420616	-8405.59
466	0.0420616	-8285.82
467	0.0420616	-8374.28
468	0.0420616	-8475.42
469	0.0420616	-8260.87
470	0.0420616	-8344.73
471	0.0420616	-8414.23
472	0.0420616	-8369.27
473	0.0420616	-8340.69
474	0.0420616	-8259.61
475	0.0420616	-8332.52
476	0.0420616	-8411.37
477	0.0420616	-8424.16
478	0.0420616	-8326.33
479	0.0420616	-8440.63
480	0.0420616	-8505.81
481	0.0420616	-8483.98
482	0.0420616	-8448.9
483	0.0420616	-8390.1
484	0.0420616	-8378.94
485	0.0420616	-8288
486	0.0420616	-8357.03
487	0.0420616	-8289.01
488	0.0420616	-8279.07
489	0.0420616	-8374.85
490	0.0420616	-8308.51
491	0.0420616	-8301.76
492	0.0420616	-8303.53
493	0.0420616	-8330.72
494	0.0420616	-8298.77
495	0.0420616	-8309.75
496	0.0420616	-8436.46
497	0.0420616	-8328.02
498	0.0420616	-8417.03
499	0.0420616	-8464.94
500	0.0420616	-8398.27
501	0.0420616	-8360.3
502	0.0420616	-8457.07
503	0.0420616	-8558.95
504	0.0420616	-8520.04
505	0.0420616	-8557.47
506	0.0420616	-8460.66
507	0.0420616	-8460.84
508	0.0420616	-8333.39
509	0.0420616	-8356.09
510	0.0420616	-8358.85
511	0.0420616	-8260.39
512	0.0420616	-8238.51
513	0.0420616	-8365.24
514	0.0420616	-8380.84
515	0.0420616	-8473.69
516	0.0420616	-8430.28
517	0.0420616	-8530.48
518	0.0420616	-8485.67
519	0.0420616	-8490.73
520	0.0420616	-8330.82
521	0.0420616	-8345.02
522	0.0420616	-8350.21
523	0.0420616	-8547.9
524	0.0420616	-8414.54
525	0.0420616	-8481.45
526	0.0420616	-8437.21
527	0.0420616	-8417.86
528	0.0420616	-8438.65
529	0.0420616	-8645.56
530	0.0420616	-8393.67
531	0.0420616	-8482.62
532	0.0420616	-8396.1
533	0.0420616	-8414.07
534	0.0420616	-8508.17
535	0.0420616	-8336.73
536	0.0420616	-8375.93
537	0.0420616	-8516.92
538	0.0420616	-8284.55
539	0.0420616	-8479.44
540	0.0420616	-8347.49
541	0.0420616	-8444.56
542	0.0420616	-8398.08
543	0.0420616	-8401.06
544	0.0420616	-8367.52
545	0.0420616	-8291.16
546	0.0420616	-8462.85
547	0.0420616	-8507.8
548	0.0420616	-8311.59
549	0.0420616	-8349.81
550	0.0420616	-8252.39
551	0.0420616	-8340.5
552	0.0420616	-8510.91
553	0.0420616	-8587.83
554	0.0420616	-8512.59
555	0.0420616	-8359.76
556	0.0420616	-8368.32
557	0.0420616	-8543.94
558	0.0420616	-8500.95
559	0.0420616	-8559.85
560	0.0420616	-8476.71
561	0.0420616	-8377.36
562	0.0420616	-8308.93
563	0.0420616	-8260.65
564	0.0420616	-8364.11
565	0.0420616	-8334.29
566	0.0420616	-8294.47
567	0.0420616	-8433.44
568	0.0420616	-8311.43
569	0.0420616	-8313.06
570	0.0420616	-8336.34
571	0.0420616	-8401.92
572	0.0420616	-8267.48
573	0.0420616	-8329.9
574	0.0420616	-8422.24
575	0.0420616	-8299.88
576	0.0420616	-8279.47
577	0.0420616	-8296.73
578	0.0420616	-8368.04
579	0.0420616	-8259.91
580	0.0420616	-8422.08
581	0.0420616	-8463.24
582	0.0420616	-8324.83
583	0.0420616	-8344.78
584	0.0420616	-8386.47
585	0.0420616	-8385.53
586	0.0420616	-8369.1
587	0.0420616	-8415.12
588	0.0420616	-8373.36
589	0.0420616	-8286.88
590	0.0420616	-8447.01
591	0.0420616	-8421.66
592	0.0420616	-8429.53
593	0.0420616	-8442.52
594	0.0420616	-8427.47
595	0.0420616	-8498.41
596	0.0420616	-8466.43
597	0.0420616	-8522.15
598	0.0420616	-8520.11
599	0.0420616	-8508.52
600	0.0420616	-8364.71
601	0.0420616	-8350.82
602	0.0420616	-8466.46
603	0.0420616	-8373.93
604	0.0420616	-8343.27
605	0.0420616	-8313.88
606	0.0420616	-8436.85
607	0.0420616	-8389.9
608	0.0420616	-8310.23
609	0.0420616	-8225.17
610	0.0420616	-8247.66
611	0.0420616	-8390.53
612	0.0420616	-8288.15
613	0.0420616	-8369.03
614	0.0420616	-8349.42
615	0.0420616	-8507.66
616	0.0420616	-8422.04
617	0.0420616	-8512.57
618	0.0420616	-8330.45
619	0.0420616	-8354.73
620	0.0420616	-8374.69
621	0.0420616	-8365.93
622	0.0420616	-8366.45
623	0.0420616	-8453.7
624	0.0420616	-8453.37
625	0.0420616	-8430.24
626	0.0420616	-8295.84
627	0.0420616	-8306.42
628	0.0420616	-8277.57
629	0.0420616	-8319.95
630	0.0420616	-8271.84
631	0.0420616	-8263.7
632	0.0420616	-8383.65
633	0.0420616	-8388.15
634	0.0420616	-8417.49
635	0.0420616	-8328.9
636	0.0420616	-8364.23
637	0.0420616	-8438.62
638	0.0420616	-8366.21
639	0.0420616	-8368.83
640	0.0420616	-8354.94
641	0.0420616	-8326.42
642	0.0420616	-8433.31
643	0.0420616	-8450.29
644	0.0420616	-8346.44
645	0.0420616	-8605.3
646	0.0420616	-8522.06
647	0.0420616	-8315.93
648	0.0420616	-8420.65
649	0.0420616	-8399.88
650	0.0420616	-8296.8
651	0.0420616	-8367.63
652	0.0420616	-8401.49
653	0.0420616	-8382.79
654	0.0420616	-8284.5
655	0.0420616	-8232.96
656	0.0420616	-8325.1
657	0.0420616	-8346.76
658	0.0420616	-8338.6
659	0.0420616	-8478.12
660	0.0420616	-8472.51
661	0.0420616	-8427.98
662	0.0420616	-8340.29
663	0.0420616	-8406.3
664	0.0420616	-8511.86
665	0.0420616	-8288.99
666	0.0420616	-8343.46
667	0.0420616	-8416.49
668	0.0420616	-8317.41
669	0.0420616	-8341.35
670	0.0420616	-8281.7
671	0.0420616	-8299.78
672	0.0420616	-8469.11
673	0.0420616	-8461.62
674	0.0420616	-8389.57
675	0.0420616	-8421.88
676	0.0420616	-8364.65
677	0.0420616	-8457.08
678	0.0420616	-8426.85
679	0.0420616	-8627.4
680	0.0420616	-8486.16
681	0.0420616	-8533.7
682	0.0420616	-8442.05
683	0.0420616	-8390.87
684	0.0420616	-8400.07
685	0.0420616	-8465.21
686	0.0420616	-8333.04
687	0.0420616	-8279.92
688	0.0420616	-8321.14
689	0.0420616	-8321.1
690	0.0420616	-8341.32
691	0.0420616	-8378.15
692	0.0420616	-8351.04
693	0.0420616	-8325.57
694	0.0420616	-8302.76
695	0.0420616	-8465.69
696	0.0420616	-8451.96
697	0.0420616	-8609.18
698	0.0420616	-8454.78
699	0.0420616	-8379.56
700	0.0420616	-8434.16
701	0.0420616	-8318.29
702	0.0420616	-8320.52
703	0.0420616	-8423.44
704	0.0420616	-8250.22
705	0.0420616	-8408.94
706	0.0420616	-8384.34
707	0.0420616	-8293.87
708	0.0420616	-8459.74
709	0.0420616	-8376.89
710	0.0420616	-8375.25
711	0.0420616	-8293.27
712	0.0420616	-8400.56
713	0.0420616	-8421.31
714	0.0420616	-8361.92
715	0.0420616	-8343.72
716	0.0420616	-8531.37
717	0.0420616	-8589.88
718	0.0420616	-8440.31
719	0.0420616	-8468.57
720	0.0420616	-8463.86
721	0.0420616	-8413.33
722	0.0420616	-8609.61
723	0.0420616	-8368.26
724	0.0420616	-8463.14
725	0.0420616	-8394.92
726	0.0420616	-8381.05
727	0.0420616	-8305.01
728	0.0420616	-8286.11
729	0.0420616	-8288.58
730	0.0420616	-8334.55
731	0.0420616	-8433.95
732	0.0420616	-8502.44
733	0.0420616	-8440.03
734	0.0420616	-8466.49
735	0.0420616	-8509.59
736	0.0420616	-8463.9
737	0.0420616	-8431.59
738	0.0420616	-8412.88
739	0.0420616	-8435.38
740	0.0420616	-8421.87
741	0.0420616	-8476.53
742	0.0420616	-8504.51
743	0.0420616	-8386.83
744	0.0420616	-8341.96
745	0.0420616	-8431.58
746	0.0420616	-8405.04
747	0.0420616	-8344.6
748	0.0420616	-8427.55
749	0.0420616	-8370.76
750	0.0420616	-8305.81
751	0.0420616	-8271.56
752	0.0420616	-8352.31
753	0.0420616	-8353.84
754	0.0420616	-8277.75
755	0.0420616	-8385.72
756	0.0420616	-8477.97
757	0.0420616	-8376.99
758	0.0420616	-8481.02
759	0.0420616	-8352.83
760	0.0420616	-8464.85
761	0.0420616	-8433.82
762	0.0420616	-8340.86
763	0.0420616	-8266.71
764	0.0420616	-8287.36
765	0.0420616	-8365.69
766	0.0420616	-8474.13
767	0.0420616	-8512.17
768	0.0420616	-8643.12
769	0.0420616	-8548.29
770	0.0420616	-8423.62
771	0.0420616	-8453.46
772	0.0420616	-8331.98
773	0.0420616	-8312.59
774	0.0420616	-8322.29
775	0.0420616	-8342.1
776	0.0420616	-8362.06
777	0.0420616	-8446.51
778	0.0420616	-8509.5
779	0.0420616	-8413.72
780	0.0420616	-8640.18
781	0.0420616	-8434.98
782	0.0420616	-8349.41
783	0.0420616	-8341.6
784	0.0420616	-8396.78
785	0.0420616	-8441.81
786	0.0420616	-8549.24
787	0.0420616	-8369.51
788	0.0420616	-8298.65
789	0.0420616	-8341.57
790	0.0420616	-8353.72
791	0.0420616	-8429.83
792	0.0420616	-8535.38
793	0.0420616	-8466.83
794	0.0420616	-8429.84
795	0.0420616	-8387.79
796	0.0420616	-8445.02
797	0.0420616	-8517.32
798	0.0420616	-8504.5
799	0.0420616	-8377.69
800	0.0420616	-8452.14
801	0.0420616	-8581.09
802	0.0420616	-8433.93
803	0.0420616	-8346.07
804	0.0420616	-8516.73
805	0.0420616	-8580.38
806	0.0420616	-8476.82
807	0.0420616	-8517.38
808	0.0420616	-8462.42
809	0.0420616	-8471.71
810	0.0420616	-8551.92
811	0.0420616	-8480.82
812	0.0420616	-8448.77
813	0.0420616	-8391.11
814	0.0420616	-8375.19
815	0.0420616	-8515.06
816	0.0420616	-8358.05
817	0.0420616	-8489.92
818	0.0420616	-8394.25
819	0.0420616	-8316.01
820	0.0420616	-8345.51
821	0.0420616	-8460.63
822	0.0420616	-8481.93
823	0.0420616	-8389.36
824	0.0420616	-8424.24
825	0.0420616	-8516.52
826	0.0420616	-8488.69
827	0.0420616	-8588.08
828	0.0420616	-8492.36
829	0.0420616	-8426.62
830	0.0420616	-8431.96
831	0.0420616	-8325.61
832	0.0420616	-8305.18
833	0.0420616	-8405.33
834	0.0420616	-8453.55
835	0.0420616	-8406.06
836	0.0420616	-8447.27
837	0.0420616	-8469.79
838	0.0420616	-8588.5
839	0.0420616	-8436.69
840	0.0420616	-8591.08
841	0.0420616	-8435.67
842	0.0420616	-8359.2
843	0.0420616	-8466.63
844	0.0420616	-8487.01
845	0.0420616	-8362.21
846	0.0420616	-8517.3
847	0.0420616	-8357.68
848	0.0420616	-8491.13
849	0.0420616	-8370.19
850	0.0420616	-8426.2
851	0.0420616	-8358.74
852	0.0420616	-8389.61
853	0.0420616	-8355.34
854	0.0420616	-8435
855	0.0420616	-8450.53
856	0.0420616	-8527.02
857	0.0420616	-8616.78
858	0.0420616	-8507.41
859	0.0420616	-8430.06
860	0.0420616	-8440.02
861	0.0420616	-8374.11
862	0.0420616	-8328.68
863	0.0420616	-8436.47
864	0.0420616	-8349.9
865	0.0420616	-8250.21
866	0.0420616	-8258.95
867	0.0420616	-8249.5
868	0.0420616	-8340.93
869	0.0420616	-8294.94
870	0.0420616	-8293.27
871	0.0420616	-8437.04
872	0.0420616	-8402.62
873	0.0420616	-8463.32
874	0.0420616	-8423.92
875	0.0420616	-8495.18
876	0.0420616	-8419.23
877	0.0420616	-8376.04
878	0.0420616	-8429.95
879	0.0420616	-8339.8
880	0.0420616	-8371.51
881	0.0420616	-8265.53
882	0.0420616	-8366.21
883	0.0420616	-8469.35
884	0.0420616	-8423.7
885	0.0420616	-8384.53
886	0.0420616	-8433.45
887	0.0420616	-8416.94
888	0.0420616	-8439.51
889	0.0420616	-8414.04
890	0.0420616	-8452.01
891	0.0420616	-8473.01
892	0.0420616	-8596.82
893	0.0420616	-8430.95
894	0.0420616	-8512.21
895	0.0420616	-8478.09
896	0.0420616	-8578.03
897	0.0420616	-8621.31
898	0.0420616	-8597.01
899	0.0420616	-8596.5
900	0.0420616	-8410.92
901	0.0420616	-8429.1
902	0.0420616	-8393.87
903	0.0420616	-8469.01
904	0.0420616	-8471.33
905	0.0420616	-8431.45
906	0.0420616	-8648.14
907	0.0420616	-8545.14
908	0.0420616	-8454.65
909	0.0420616	-8503.13
910	0.0420616	-8532.38
911	0.0420616	-8428.11
912	0.0420616	-8374.89
913	0.0420616	-8386.43
914	0.0420616	-8526.33
915	0.0420616	-8398.56
916	0.0420616	-8326.85
917	0.0420616	-8356.06
918	0.0420616	-8422.74
919	0.0420616	-8472.6
920	0.0420616	-8524.57
921	0.0420616	-8394.4
922	0.0420616	-8417.92
923	0.0420616	-8418.68
924	0.0420616	-8514.77
925	0.0420616	-8566.2
926	0.0420616	-8381.96
927	0.0420616	-8475.51
928	0.0420616	-8407.4
929	0.0420616	-8365.84
930	0.0420616	-8296.27
931	0.0420616	-8350.83
932	0.0420616	-8389.02
933	0.0420616	-8430.95
934	0.0420616	-8512.27
935	0.0420616	-8451.98
936	0.0420616	-8492.02
937	0.0420616	-8570.68
938	0.0420616	-8414.14
939	0.0420616	-8317.96
940	0.0420616	-8392.38
941	0.0420616	-8342.78
942	0.0420616	-8257.4
943	0.0420616	-8472.47
944	0.0420616	-8318.7
945	0.0420616	-8324.54
946	0.0420616	-8407.02
947	0.0420616	-8364.52
948	0.0420616	-8482.29
949	0.0420616	-8386.77
950	0.0420616	-8363.1
951	0.0420616	-8362.97
952	0.0420616	-8207.25
953	0.0420616	-8259.85
954	0.0420616	-8331.43
955	0.0420616	-8331.49
956	0.0420616	-8606.71
957	0.0420616	-8458.02
958	0.0420616	-8464.94
959	0.0420616	-8307.81
960	0.0420616	-8374.55
961	0.0420616	-8275.09
962	0.0420616	-8366.64
963	0.0420616	-8500.17
964	0.0420616	-8315.71
965	0.0420616	-8466.79
966	0.0420616	-8382.42
967	0.0420616	-8758.2
968	0.0420616	-8576.3
969	0.0420616	-8497.92
970	0.0420616	-8359.36
971	0.0420616	-8365.39
972	0.0420616	-8383.46
973	0.0420616	-8428.84
974	0.0420616	-8440.54
975	0.0420616	-8348.71
976	0.0420616	-8386.3
977	0.0420616	-8559.05
978	0.0420616	-8521.51
979	0.0420616	-8608.9
980	0.0420616	-8509.82
981	0.0420616	-8531.55
982	0.0420616	-8484.25
983	0.0420616	-8490.4
984	0.0420616	-8470.52
985	0.0420616	-8429.46
986	0.0420616	-8513.53
987	0.0420616	-8544.82
988	0.0420616	-8576.9
989	0.0420616	-8627.8
990	0.0420616	-8607.15
991	0.0420616	-8492.89
992	0.0420616	-8357.76
993	0.0420616	-8361.98
994	0.0420616	-8433.92
995	0.0420616	-8369.84
996	0.0420616	-8353.3
997	0.0420616	-8322.96
998	0.0420616	-8530.71
999	0.0420616	-8381.29
1000	0.0420616	-8472.86
251	0.0345716	-8478.14
252	0.0345716	-8437.26
253	0.0345716	-8436.32
254	0.0345716	-8595.69
255	0.0345716	-8375.65
256	0.0345716	-8517.19
257	0.0345716	-8459.91
258	0.0345716	-8503.24
259	0.0345716	-8435.51
260	0.0345716	-8332.5
261	0.0345716	-8406.96
262	0.0345716	-8495.37
263	0.0345716	-8431.76
264	0.0345716	-8399.33
265	0.0345716	-8529.88
266	0.0345716	-8457.67
267	0.0345716	-8505.81
268	0.0345716	-8534.74
269	0.0345716	-8511.45
270	0.0345716	-8410.55
271	0.0345716	-8501.38
272	0.0345716	-8454.75
273	0.0345716	-8522.04
274	0.0345716	-8299.18
275	0.0345716	-8448.67
276	0.0345716	-8601.75
277	0.0345716	-8417.79
278	0.0345716	-8431.79
279	0.0345716	-8553.52
280	0.0345716	-8472.03
281	0.0345716	-8650.66
282	0.0345716	-8546.39
283	0.0345716	-8384.78
284	0.0345716	-8446.18
285	0.0345716	-8352.18
286	0.0345716	-8432.71
287	0.0345716	-8353.72
288	0.0345716	-8341.79
289	0.0345716	-8618.77
290	0.0345716	-8332.9
291	0.0345716	-8370.93
292	0.0345716	-8457.05
293	0.0345716	-8339.54
294	0.0345716	-8351.61
295	0.0345716	-8766.81
296	0.0345716	-8525.78
297	0.0345716	-8454.15
298	0.0345716	-8321.94
299	0.0345716	-8363.6
300	0.0345716	-8518.54
301	0.0345716	-8504.82
302	0.0345716	-8309.18
303	0.0345716	-8342.79
304	0.0345716	-8293.58
305	0.0345716	-8504.08
306	0.0345716	-8520.17
307	0.0345716	-8476.71
308	0.0345716	-8365.46
309	0.0345716	-8454.95
310	0.0345716	-8469.39
311	0.0345716	-8443.07
312	0.0345716	-8442.58
313	0.0345716	-8425.35
314	0.0345716	-8495.04
315	0.0345716	-8501.87
316	0.0345716	-8534.65
317	0.0345716	-8543.67
318	0.0345716	-8516.54
319	0.0345716	-8567.29
320	0.0345716	-8651.46
321	0.0345716	-8548.17
322	0.0345716	-8444.02
323	0.0345716	-8414.44
324	0.0345716	-8411.56
325	0.0345716	-8443.58
326	0.0345716	-8461.1
327	0.0345716	-8436.41
328	0.0345716	-8385.37
329	0.0345716	-8469.42
330	0.0345716	-8561.98
331	0.0345716	-8545.03
332	0.0345716	-8661.16
333	0.0345716	-8466.99
334	0.0345716	-8412.85
335	0.0345716	-8419.7
336	0.0345716	-8466.01
337	0.0345716	-8523.24
338	0.0345716	-8495
339	0.0345716	-8426.79
340	0.0345716	-8599.11
341	0.0345716	-8502.78
342	0.0345716	-8532.98
343	0.0345716	-8372.8
344	0.0345716	-8371.52
345	0.0345716	-8475.95
346	0.0345716	-8293.11
347	0.0345716	-8415.31
348	0.0345716	-8412.57
349	0.0345716	-8674.9
350	0.0345716	-8720.34
351	0.0345716	-8596.52
352	0.0345716	-8603.68
353	0.0345716	-8629.29
354	0.0345716	-8609.17
355	0.0345716	-8643.49
356	0.0345716	-8657.06
357	0.0345716	-8413.13
358	0.0345716	-8705.82
359	0.0345716	-8483.52
360	0.0345716	-8668.81
361	0.0345716	-8427.84
362	0.0345716	-8469.55
363	0.0345716	-8288.78
364	0.0345716	-8534.58
365	0.0345716	-8325.59
366	0.0345716	-8318.43
367	0.0345716	-8521.35
368	0.0345716	-8431.22
369	0.0345716	-8565.37
370	0.0345716	-8385.06
371	0.0345716	-8612
372	0.0345716	-8456.14
373	0.0345716	-8484.38
374	0.0345716	-8378.86
375	0.0345716	-8405.15
376	0.0345716	-8445.42
377	0.0345716	-8492.56
378	0.0345716	-8580.71
379	0.0345716	-8544.6
380	0.0345716	-8720.77
381	0.0345716	-8723.82
382	0.0345716	-8573.96
383	0.0345716	-8430.13
384	0.0345716	-8477.53
385	0.0345716	-8627
386	0.0345716	-8622.07
387	0.0345716	-8524.74
388	0.0345716	-8493.93
389	0.0345716	-8619.37
390	0.0345716	-8700.28
391	0.0345716	-8677.88
392	0.0345716	-8449.47
393	0.0345716	-8571.46
394	0.0345716	-8563.68
395	0.0345716	-8654.73
396	0.0345716	-8629.96
397	0.0345716	-8644.2
398	0.0345716	-8606.39
399	0.0345716	-8668.86
400	0.0345716	-8723.69
401	0.0345716	-8572.32
402	0.0345716	-8392.72
403	0.0345716	-8537.19
404	0.0345716	-8468.9
405	0.0345716	-8455.7
406	0.0345716	-8561.13
407	0.0345716	-8417.25
408	0.0345716	-8405.96
409	0.0345716	-8696.29
410	0.0345716	-8528.64
411	0.0345716	-8618.44
412	0.0345716	-8635.04
413	0.0345716	-8733.47
414	0.0345716	-8606.96
415	0.0345716	-8467.88
416	0.0345716	-8442.22
417	0.0345716	-8412.5
418	0.0345716	-8382.88
419	0.0345716	-8419.47
420	0.0345716	-8410.78
421	0.0345716	-8444.22
422	0.0345716	-8573.12
423	0.0345716	-8505.11
424	0.0345716	-8601.72
425	0.0345716	-8574.58
426	0.0345716	-8657.17
427	0.0345716	-8483.49
428	0.0345716	-8492.79
429	0.0345716	-8573.16
430	0.0345716	-8475.34
431	0.0345716	-8555.82
432	0.0345716	-8476.48
433	0.0345716	-8468.41
434	0.0345716	-8392.74
435	0.0345716	-8441.3
436	0.0345716	-8436.19
437	0.0345716	-8451.1
438	0.0345716	-8454.14
439	0.0345716	-8441.95
440	0.0345716	-8409.61
441	0.0345716	-8540.69
442	0.0345716	-8597.73
443	0.0345716	-8614.57
444	0.0345716	-8657.91
445	0.0345716	-8731.05
446	0.0345716	-8463.68
447	0.0345716	-8480.67
448	0.0345716	-8411.63
449	0.0345716	-8370.2
450	0.0345716	-8489.16
451	0.0345716	-8497.03
452	0.0345716	-8668.46
453	0.0345716	-8561.5
454	0.0345716	-8588.06
455	0.0345716	-8682.6
456	0.0345716	-8588.82
457	0.0345716	-8566.52
458	0.0345716	-8702.39
459	0.0345716	-8556.78
460	0.0345716	-8481.83
461	0.0345716	-8473.54
462	0.0345716	-8501.53
463	0.0345716	-8531.03
464	0.0345716	-8418.89
465	0.0345716	-8480.09
466	0.0345716	-8488.28
467	0.0345716	-8398.72
468	0.0345716	-8351.45
469	0.0345716	-8366.58
470	0.0345716	-8373.74
471	0.0345716	-8483.32
472	0.0345716	-8525.54
473	0.0345716	-8561.8
474	0.0345716	-8449.78
475	0.0345716	-8563.84
476	0.0345716	-8432.89
477	0.0345716	-8463
478	0.0345716	-8620.4
479	0.0345716	-8440.4
480	0.0345716	-8455.12
481	0.0345716	-8349.44
482	0.0345716	-8360.69
483	0.0345716	-8536.19
484	0.0345716	-8302.33
485	0.0345716	-8475.08
486	0.0345716	-8403.87
487	0.0345716	-8493.58
488	0.0345716	-8388.77
489	0.0345716	-8529.65
490	0.0345716	-8505.77
491	0.0345716	-8517.84
492	0.0345716	-8529.47
493	0.0345716	-8505.05
494	0.0345716	-8510.43
495	0.0345716	-8486.85
496	0.0345716	-8477.54
497	0.0345716	-8542.6
498	0.0345716	-8293.25
499	0.0345716	-8565.68
500	0.0345716	-8434.24
501	0.0345716	-8591.99
502	0.0345716	-8496.52
503	0.0345716	-8290.4
504	0.0345716	-8321.76
505	0.0345716	-8300.79
506	0.0345716	-8379.11
507	0.0345716	-8498.7
508	0.0345716	-8313.19
509	0.0345716	-8550.3
510	0.0345716	-8630.9
511	0.0345716	-8395.29
512	0.0345716	-8624.68
513	0.0345716	-8504.98
514	0.0345716	-8452.57
515	0.0345716	-8418.09
516	0.0345716	-8445.62
517	0.0345716	-8639.6
518	0.0345716	-8360.01
519	0.0345716	-8413.26
520	0.0345716	-8259.58
521	0.0345716	-8348.32
522	0.0345716	-8275.39
523	0.0345716	-8381.92
524	0.0345716	-8397.31
525	0.0345716	-8371.83
526	0.0345716	-8703.63
527	0.0345716	-8411.06
528	0.0345716	-8477.92
529	0.0345716	-8378.54
530	0.0345716	-8539.03
531	0.0345716	-8447.55
532	0.0345716	-8464.75
533	0.0345716	-8553.68
534	0.0345716	-8445.7
535	0.0345716	-8479.37
536	0.0345716	-8650.56
537	0.0345716	-8512.09
538	0.0345716	-8478.11
539	0.0345716	-8475.06
540	0.0345716	-8438.7
541	0.0345716	-8471.73
542	0.0345716	-8491.29
543	0.0345716	-8561.1
544	0.0345716	-8472.52
545	0.0345716	-8636.31
546	0.0345716	-8571.29
547	0.0345716	-8584.21
548	0.0345716	-8579.59
549	0.0345716	-8408.83
550	0.0345716	-8603.44
551	0.0345716	-8426.95
552	0.0345716	-8572.56
553	0.0345716	-8695.26
554	0.0345716	-8566.43
555	0.0345716	-8589.45
556	0.0345716	-8481.82
557	0.0345716	-8542.83
558	0.0345716	-8518.94
559	0.0345716	-8528.13
560	0.0345716	-8425.32
561	0.0345716	-8477.94
562	0.0345716	-8422.84
563	0.0345716	-8364.5
564	0.0345716	-8465.38
565	0.0345716	-8684.25
566	0.0345716	-8706
567	0.0345716	-8595.34
568	0.0345716	-8573.32
569	0.0345716	-8574.6
570	0.0345716	-8489.47
571	0.0345716	-8463.23
572	0.0345716	-8443.52
573	0.0345716	-8416.52
574	0.0345716	-8528.46
575	0.0345716	-8597.45
576	0.0345716	-8565.23
577	0.0345716	-8309.76
578	0.0345716	-8314.86
579	0.0345716	-8436.28
580	0.0345716	-8341.89
581	0.0345716	-8552.57
582	0.0345716	-8426.38
583	0.0345716	-8584.36
584	0.0345716	-8597.98
585	0.0345716	-8438.78
586	0.0345716	-8398.46
587	0.0345716	-8481.37
588	0.0345716	-8462.3
589	0.0345716	-8465.99
590	0.0345716	-8345.39
591	0.0345716	-8468.44
592	0.0345716	-8565.05
593	0.0345716	-8359.47
594	0.0345716	-8570.71
595	0.0345716	-8517.46
596	0.0345716	-8638.79
597	0.0345716	-8554.85
598	0.0345716	-8579.41
599	0.0345716	-8421.61
600	0.0345716	-8538.89
601	0.0345716	-8524.55
602	0.0345716	-8475.65
603	0.0345716	-8357.99
604	0.0345716	-8395.07
605	0.0345716	-8411.75
606	0.0345716	-8392.93
607	0.0345716	-8306.36
608	0.0345716	-8351.57
609	0.0345716	-8456.34
610	0.0345716	-8620.76
611	0.0345716	-8497.59
612	0.0345716	-8682.32
613	0.0345716	-8419.89
614	0.0345716	-8488.71
615	0.0345716	-8466.04
616	0.0345716	-8442.39
617	0.0345716	-8571.67
618	0.0345716	-8483.48
619	0.0345716	-8359.99
620	0.0345716	-8315.56
621	0.0345716	-8482.77
622	0.0345716	-8460.81
623	0.0345716	-8430
624	0.0345716	-8389.38
625	0.0345716	-8399.97
626	0.0345716	-8415.57
627	0.0345716	-8520.85
628	0.0345716	-8435.81
629	0.0345716	-8346.51
630	0.0345716	-8361.01
631	0.0345716	-8493.84
632	0.0345716	-8612.86
633	0.0345716	-8501.8
634	0.0345716	-8642.49
635	0.0345716	-8541.04
636	0.0345716	-8618
637	0.0345716	-8465.9
638	0.0345716	-8610.25
639	0.0345716	-8449.77
640	0.0345716	-8304.58
641	0.0345716	-8448.64
642	0.0345716	-8546.82
643	0.0345716	-8478.44
644	0.0345716	-8531.33
645	0.0345716	-8727.37
646	0.0345716	-8548.67
647	0.0345716	-8580.18
648	0.0345716	-8525.84
649	0.0345716	-8590.47
650	0.0345716	-8511.48
651	0.0345716	-8379.44
652	0.0345716	-8483.56
653	0.0345716	-8397.34
654	0.0345716	-8542.9
655	0.0345716	-8513.08
656	0.0345716	-8425.24
657	0.0345716	-8619.94
658	0.0345716	-8527.69
659	0.0345716	-8541.44
660	0.0345716	-8458.65
661	0.0345716	-8347.71
662	0.0345716	-8529.68
663	0.0345716	-8540.99
664	0.0345716	-8427.87
665	0.0345716	-8498.31
666	0.0345716	-8502.84
667	0.0345716	-8353.6
668	0.0345716	-8366.18
669	0.0345716	-8553.15
670	0.0345716	-8643.96
671	0.0345716	-8490.23
672	0.0345716	-8497.54
673	0.0345716	-8624.22
674	0.0345716	-8573.15
675	0.0345716	-8530.4
676	0.0345716	-8402.88
677	0.0345716	-8359.28
678	0.0345716	-8388.81
679	0.0345716	-8437.38
680	0.0345716	-8487.45
681	0.0345716	-8561.31
682	0.0345716	-8428.81
683	0.0345716	-8577.68
684	0.0345716	-8509.67
685	0.0345716	-8478.79
686	0.0345716	-8455.73
687	0.0345716	-8433.68
688	0.0345716	-8715.78
689	0.0345716	-8622.06
690	0.0345716	-8543.69
691	0.0345716	-8627.45
692	0.0345716	-8759
693	0.0345716	-8505.42
694	0.0345716	-8658.32
695	0.0345716	-8420.88
696	0.0345716	-8383.58
697	0.0345716	-8339.88
698	0.0345716	-8372.59
699	0.0345716	-8462.2
700	0.0345716	-8559.57
701	0.0345716	-8544.07
702	0.0345716	-8347.6
703	0.0345716	-8427.78
704	0.0345716	-8449.53
705	0.0345716	-8397.56
706	0.0345716	-8361.52
707	0.0345716	-8301.25
708	0.0345716	-8419.13
709	0.0345716	-8282.36
710	0.0345716	-8251.71
711	0.0345716	-8329.24
712	0.0345716	-8428.29
713	0.0345716	-8455.44
714	0.0345716	-8540.68
715	0.0345716	-8473.03
716	0.0345716	-8547.76
717	0.0345716	-8455.77
718	0.0345716	-8435.76
719	0.0345716	-8393.42
720	0.0345716	-8399.54
721	0.0345716	-8333.71
722	0.0345716	-8306.39
723	0.0345716	-8292.54
724	0.0345716	-8434.71
725	0.0345716	-8386.69
726	0.0345716	-8365.12
727	0.0345716	-8276.39
728	0.0345716	-8384.65
729	0.0345716	-8447.01
730	0.0345716	-8357.99
731	0.0345716	-8393.98
732	0.0345716	-8478.39
733	0.0345716	-8462.83
734	0.0345716	-8479.01
735	0.0345716	-8676.52
736	0.0345716	-8597.59
737	0.0345716	-8487.32
738	0.0345716	-8523.7
739	0.0345716	-8483.87
740	0.0345716	-8506.31
741	0.0345716	-8599.16
742	0.0345716	-8697.07
743	0.0345716	-8589.36
744	0.0345716	-8428.56
745	0.0345716	-8613.89
746	0.0345716	-8566.33
747	0.0345716	-8445
748	0.0345716	-8586.31
749	0.0345716	-8459
750	0.0345716	-8635.82
751	0.0345716	-8451.53
752	0.0345716	-8484.47
753	0.0345716	-8605.43
754	0.0345716	-8593.89
755	0.0345716	-8510.49
756	0.0345716	-8364.59
757	0.0345716	-8524.76
758	0.0345716	-8570.23
759	0.0345716	-8591.73
760	0.0345716	-8260.91
761	0.0345716	-8376.34
762	0.0345716	-8486.77
763	0.0345716	-8412.35
764	0.0345716	-8472.63
765	0.0345716	-8506.36
766	0.0345716	-8626.72
767	0.0345716	-8384.06
768	0.0345716	-8328.27
769	0.0345716	-8545.33
770	0.0345716	-8563.96
771	0.0345716	-8549.45
772	0.0345716	-8445.57
773	0.0345716	-8525.07
774	0.0345716	-8536.14
775	0.0345716	-8512.92
776	0.0345716	-8588.98
777	0.0345716	-8360.52
778	0.0345716	-8551.68
779	0.0345716	-8520.21
780	0.0345716	-8547.45
781	0.0345716	-8460.92
782	0.0345716	-8639.45
783	0.0345716	-8556.78
784	0.0345716	-8513.2
785	0.0345716	-8485.1
786	0.0345716	-8515.68
787	0.0345716	-8472.94
788	0.0345716	-8521.11
789	0.0345716	-8370.5
790	0.0345716	-8640.15
791	0.0345716	-8502.4
792	0.0345716	-8448.63
793	0.0345716	-8454.03
794	0.0345716	-8507.83
795	0.0345716	-8453.08
796	0.0345716	-8478.4
797	0.0345716	-8458.54
798	0.0345716	-8329.39
799	0.0345716	-8418.39
800	0.0345716	-8411.96
801	0.0345716	-8284.4
802	0.0345716	-8381.98
803	0.0345716	-8539.14
804	0.0345716	-8573.79
805	0.0345716	-8518.69
806	0.0345716	-8512.49
807	0.0345716	-8478.8
808	0.0345716	-8505.05
809	0.0345716	-8377.64
810	0.0345716	-8474.87
811	0.0345716	-8491.66
812	0.0345716	-8624.75
813	0.0345716	-8564.31
814	0.0345716	-8690.78
815	0.0345716	-8626.16
816	0.0345716	-8553.49
817	0.0345716	-8537.33
818	0.0345716	-8535.22
819	0.0345716	-8493.54
820	0.0345716	-8408.53
821	0.0345716	-8487.56
822	0.0345716	-8473.01
823	0.0345716	-8541.24
824	0.0345716	-8461.9
825	0.0345716	-8445.51
826	0.0345716	-8471.7
827	0.0345716	-8478.15
828	0.0345716	-8399.06
829	0.0345716	-8471.42
830	0.0345716	-8471.86
831	0.0345716	-8420.78
832	0.0345716	-8491.3
833	0.0345716	-8638.89
834	0.0345716	-8401.08
835	0.0345716	-8346.34
836	0.0345716	-8410.14
837	0.0345716	-8463.67
838	0.0345716	-8453.85
839	0.0345716	-8479.22
840	0.0345716	-8479.3
841	0.0345716	-8553.33
842	0.0345716	-8430.81
843	0.0345716	-8356.76
844	0.0345716	-8403.51
845	0.0345716	-8405.84
846	0.0345716	-8461.8
847	0.0345716	-8369.13
848	0.0345716	-8373.31
849	0.0345716	-8402.93
850	0.0345716	-8386.58
851	0.0345716	-8462.66
852	0.0345716	-8452.61
853	0.0345716	-8552.24
854	0.0345716	-8481.19
855	0.0345716	-8554.97
856	0.0345716	-8685.34
857	0.0345716	-8602.18
858	0.0345716	-8520.98
859	0.0345716	-8666.96
860	0.0345716	-8629.67
861	0.0345716	-8465.43
862	0.0345716	-8459.1
863	0.0345716	-8522.22
864	0.0345716	-8381.59
865	0.0345716	-8540.23
866	0.0345716	-8664.86
867	0.0345716	-8511.35
868	0.0345716	-8407.13
869	0.0345716	-8545.73
870	0.0345716	-8307.77
871	0.0345716	-8407.44
872	0.0345716	-8564.03
873	0.0345716	-8526.75
874	0.0345716	-8526.04
875	0.0345716	-8449.62
876	0.0345716	-8494
877	0.0345716	-8441.21
878	0.0345716	-8243.52
879	0.0345716	-8256.74
880	0.0345716	-8357.71
881	0.0345716	-8420.96
882	0.0345716	-8376.48
883	0.0345716	-8543.42
884	0.0345716	-8428.8
885	0.0345716	-8324.89
886	0.0345716	-8322.13
887	0.0345716	-8334.38
888	0.0345716	-8243.7
889	0.0345716	-8501.37
890	0.0345716	-8417.59
891	0.0345716	-8622.48
892	0.0345716	-8574.82
893	0.0345716	-8446.28
894	0.0345716	-8408.82
895	0.0345716	-8424.18
896	0.0345716	-8425.05
897	0.0345716	-8456.81
898	0.0345716	-8356.8
899	0.0345716	-8506.72
900	0.0345716	-8710.58
901	0.0345716	-8598.05
902	0.0345716	-8678.21
903	0.0345716	-8583.11
904	0.0345716	-8602.43
905	0.0345716	-8608.74
906	0.0345716	-8486.33
907	0.0345716	-8403.14
908	0.0345716	-8450.34
909	0.0345716	-8577.5
910	0.0345716	-8510.79
911	0.0345716	-8500.15
912	0.0345716	-8522.12
913	0.0345716	-8410.55
914	0.0345716	-8367.7
915	0.0345716	-8451.63
916	0.0345716	-8490.4
917	0.0345716	-8420.45
918	0.0345716	-8443.17
919	0.0345716	-8540.52
920	0.0345716	-8461.54
921	0.0345716	-8342.54
922	0.0345716	-8402.67
923	0.0345716	-8402.14
924	0.0345716	-8352.7
925	0.0345716	-8245.44
926	0.0345716	-8399.8
927	0.0345716	-8355.82
928	0.0345716	-8503.66
929	0.0345716	-8435.1
930	0.0345716	-8591.32
931	0.0345716	-8547.3
932	0.0345716	-8420.44
933	0.0345716	-8456.8
934	0.0345716	-8444.59
935	0.0345716	-8470.6
936	0.0345716	-8555.11
937	0.0345716	-8563.92
938	0.0345716	-8600.31
939	0.0345716	-8511.63
940	0.0345716	-8580.13
941	0.0345716	-8379.85
942	0.0345716	-8407.83
943	0.0345716	-8564.67
944	0.0345716	-8424.46
945	0.0345716	-8372.64
946	0.0345716	-8322.88
947	0.0345716	-8310.89
948	0.0345716	-8375.42
949	0.0345716	-8382.67
950	0.0345716	-8485.88
951	0.0345716	-8382.03
952	0.0345716	-8455.19
953	0.0345716	-8556.66
954	0.0345716	-8573.84
955	0.0345716	-8662.44
956	0.0345716	-8667.74
957	0.0345716	-8501.7
958	0.0345716	-8594.05
959	0.0345716	-8755.3
960	0.0345716	-8823.13
961	0.0345716	-8579.96
962	0.0345716	-8568.34
963	0.0345716	-8530.46
964	0.0345716	-8498.55
965	0.0345716	-8560.25
966	0.0345716	-8539.76
967	0.0345716	-8532.91
968	0.0345716	-8407.37
969	0.0345716	-8486.41
970	0.0345716	-8493.7
971	0.0345716	-8602.32
972	0.0345716	-8597.9
973	0.0345716	-8613.81
974	0.0345716	-8482.07
975	0.0345716	-8580.14
976	0.0345716	-8639.68
977	0.0345716	-8650.5
978	0.0345716	-8483.94
979	0.0345716	-8472.21
980	0.0345716	-8748.07
981	0.0345716	-8646.46
982	0.0345716	-8585.59
983	0.0345716	-8720.95
984	0.0345716	-8592.45
985	0.0345716	-8332.61
986	0.0345716	-8533.26
987	0.0345716	-8616.09
988	0.0345716	-8546.97
989	0.0345716	-8637.9
990	0.0345716	-8473.31
991	0.0345716	-8585.42
992	0.0345716	-8564.5
993	0.0345716	-8402.81
994	0.0345716	-8424.41
995	0.0345716	-8527.62
996	0.0345716	-8512.99
997	0.0345716	-8438.65
998	0.0345716	-8491.54
999	0.0345716	-8531.23
1000	0.0345716	-8543.8
251	0.0281887	-8589.82
252	0.0281887	-8458.86
253	0.0281887	-8626.9
254	0.0281887	-8782.15
255	0.0281887	-9049.67
256	0.0281887	-8995.13
257	0.0281887	-8735.76
258	0.0281887	-8665.66
259	0.0281887	-8608.64
260	0.0281887	-8492.17
261	0.0281887	-8517.98
262	0.0281887	-8471.13
263	0.0281887	-8396.44
264	0.0281887	-8641.34
265	0.0281887	-8614.35
266	0.0281887	-8635.88
267	0.0281887	-8398.44
268	0.0281887	-8444.33
269	0.0281887	-8369.16
270	0.0281887	-8462.87
271	0.0281887	-8453.77
272	0.0281887	-8766.75
273	0.0281887	-8796.73
274	0.0281887	-8681.61
275	0.0281887	-8717
276	0.0281887	-8724.24
277	0.0281887	-8607.94
278	0.0281887	-8663.14
279	0.0281887	-8672.54
280	0.0281887	-8735.9
281	0.0281887	-8699.91
282	0.0281887	-8563.45
283	0.0281887	-8537.29
284	0.0281887	-8576.71
285	0.0281887	-8488.58
286	0.0281887	-8606.18
287	0.0281887	-8724.29
288	0.0281887	-8633.77
289	0.0281887	-8554.91
290	0.0281887	-8569.02
291	0.0281887	-8744.74
292	0.0281887	-8723.83
293	0.0281887	-8868.44
294	0.0281887	-8697.42
295	0.0281887	-8767.61
296	0.0281887	-8570.41
297	0.0281887	-8522.49
298	0.0281887	-8442.85
299	0.0281887	-8431.05
300	0.0281887	-8497.66
301	0.0281887	-8543.15
302	0.0281887	-8403.18
303	0.0281887	-8429.19
304	0.0281887	-8300.39
305	0.0281887	-8343.69
306	0.0281887	-8483.72
307	0.0281887	-8562.14
308	0.0281887	-8494.6
309	0.0281887	-8536.27
310	0.0281887	-8615.47
311	0.0281887	-8694.78
312	0.0281887	-8559.95
313	0.0281887	-8492.52
314	0.0281887	-8496.17
315	0.0281887	-8540.61
316	0.0281887	-8435.15
317	0.0281887	-8540.71
318	0.0281887	-8589.63
319	0.0281887	-8616.66
320	0.0281887	-8601.14
321	0.0281887	-8728.91
322	0.0281887	-8506.3
323	0.0281887	-8360.69
324	0.0281887	-8421.92
325	0.0281887	-8347.64
326	0.0281887	-8494.95
327	0.0281887	-8572.18
328	0.0281887	-8581.14
329	0.0281887	-8704.07
330	0.0281887	-8444.73
331	0.0281887	-8287.33
332	0.0281887	-8564.1
333	0.0281887	-8611.83
334	0.0281887	-8626.59
335	0.0281887	-8618.96
336	0.0281887	-8360.7
337	0.0281887	-8397.08
338	0.0281887	-8450.24
339	0.0281887	-8401.32
340	0.0281887	-8535.68
341	0.0281887	-8398.02
342	0.0281887	-8473.66
343	0.0281887	-8445.97
344	0.0281887	-8408.25
345	0.0281887	-8649.63
346	0.0281887	-8514.93
347	0.0281887	-8448.35
348	0.0281887	-8498.87
349	0.0281887	-8604.27
350	0.0281887	-8581.54
351	0.0281887	-8462.45
352	0.0281887	-8458.96
353	0.0281887	-8550.68
354	0.0281887	-8670.85
355	0.0281887	-8475.68
356	0.0281887	-8517.84
357	0.0281887	-8482.59
358	0.0281887	-8547.47
359	0.0281887	-8571.95
360	0.0281887	-8593.2
361	0.0281887	-8777.38
362	0.0281887	-8663.37
363	0.0281887	-8572.18
364	0.0281887	-8578.59
365	0.0281887	-8721.94
366	0.0281887	-8519.26
367	0.0281887	-8492.21
368	0.0281887	-8521.72
369	0.0281887	-8713.18
370	0.0281887	-8725.41
371	0.0281887	-8727.85
372	0.0281887	-8624.38
373	0.0281887	-8726.78
374	0.0281887	-8470.36
375	0.0281887	-8381.84
376	0.0281887	-8275.69
377	0.0281887	-8472.4
378	0.0281887	-8446.22
379	0.0281887	-8375.49
380	0.0281887	-8348.15
381	0.0281887	-8378.06
382	0.0281887	-8518.99
383	0.0281887	-8518.92
384	0.0281887	-8541.81
385	0.0281887	-8524.87
386	0.0281887	-8680.52
387	0.0281887	-8652.42
388	0.0281887	-8416.23
389	0.0281887	-8606.83
390	0.0281887	-8505.78
391	0.0281887	-8398.01
392	0.0281887	-8352.36
393	0.0281887	-8348.17
394	0.0281887	-8554.64
395	0.0281887	-8509.76
396	0.0281887	-8427.93
397	0.0281887	-8498.44
398	0.0281887	-8686.77
399	0.0281887	-8796.64
400	0.0281887	-8530.99
401	0.0281887	-8693.91
402	0.0281887	-8629.99
403	0.0281887	-8489.68
404	0.0281887	-8578.44
405	0.0281887	-8473.48
406	0.0281887	-8495.02
407	0.0281887	-8367.27
408	0.0281887	-8377.6
409	0.0281887	-8502.98
410	0.0281887	-8611.15
411	0.0281887	-8404.91
412	0.0281887	-8595.07
413	0.0281887	-8630.67
414	0.0281887	-8622.26
415	0.0281887	-8568.1
416	0.0281887	-8535.6
417	0.0281887	-8371.26
418	0.0281887	-8487.51
419	0.0281887	-8420
420	0.0281887	-8669.78
421	0.0281887	-8602.55
422	0.0281887	-8459.81
423	0.0281887	-8529.78
424	0.0281887	-8652.85
425	0.0281887	-8516.79
426	0.0281887	-8442.71
427	0.0281887	-8566.08
428	0.0281887	-8647.48
429	0.0281887	-8403.4
430	0.0281887	-8477.69
431	0.0281887	-8672.05
432	0.0281887	-8593.03
433	0.0281887	-8407.23
434	0.0281887	-8395.57
435	0.0281887	-8459.44
436	0.0281887	-8458.89
437	0.0281887	-8477.8
438	0.0281887	-8617.78
439	0.0281887	-8563.96
440	0.0281887	-8674.14
441	0.0281887	-8549.86
442	0.0281887	-8774.29
443	0.0281887	-8720.27
444	0.0281887	-8651.73
445	0.0281887	-8763.86
446	0.0281887	-8758.53
447	0.0281887	-8626.55
448	0.0281887	-8695.74
449	0.0281887	-8702.4
450	0.0281887	-8961.63
451	0.0281887	-8557.6
452	0.0281887	-8369.31
453	0.0281887	-8511.9
454	0.0281887	-8488.97
455	0.0281887	-8498.38
456	0.0281887	-8555.7
457	0.0281887	-8681.1
458	0.0281887	-8354.23
459	0.0281887	-8371.75
460	0.0281887	-8613.69
461	0.0281887	-8525.6
462	0.0281887	-8525.51
463	0.0281887	-8550.53
464	0.0281887	-8503.97
465	0.0281887	-8472.04
466	0.0281887	-8497.73
467	0.0281887	-8430.55
468	0.0281887	-8606.17
469	0.0281887	-8689.75
470	0.0281887	-8542.28
471	0.0281887	-8812.38
472	0.0281887	-8808.79
473	0.0281887	-8641.44
474	0.0281887	-8756.58
475	0.0281887	-8431.21
476	0.0281887	-8480.07
477	0.0281887	-8467.29
478	0.0281887	-8417.12
479	0.0281887	-8421.45
480	0.0281887	-8403.63
481	0.0281887	-8555.69
482	0.0281887	-8672.16
483	0.0281887	-8728.94
484	0.0281887	-8565.93
485	0.0281887	-8594.79
486	0.0281887	-8482.98
487	0.0281887	-8336.84
488	0.0281887	-8475.78
489	0.0281887	-8500.12
490	0.0281887	-8597.21
491	0.0281887	-8506.41
492	0.0281887	-8450.83
493	0.0281887	-8425.38
494	0.0281887	-8447.07
495	0.0281887	-8641.39
496	0.0281887	-8462.06
497	0.0281887	-8599.25
498	0.0281887	-8697.52
499	0.0281887	-8661.67
500	0.0281887	-8692.02
501	0.0281887	-8577.59
502	0.0281887	-8439.02
503	0.0281887	-8770.2
504	0.0281887	-8711.72
505	0.0281887	-8651.44
506	0.0281887	-8583.7
507	0.0281887	-8361.13
508	0.0281887	-8512.5
509	0.0281887	-8521.77
510	0.0281887	-8572.22
511	0.0281887	-8530.71
512	0.0281887	-8335.04
513	0.0281887	-8644.27
514	0.0281887	-8480.34
515	0.0281887	-8629.44
516	0.0281887	-8520.39
517	0.0281887	-8599.46
518	0.0281887	-8475.09
519	0.0281887	-8444.54
520	0.0281887	-8610.27
521	0.0281887	-8539.11
522	0.0281887	-8403.81
523	0.0281887	-8512.35
524	0.0281887	-8507.27
525	0.0281887	-8476.81
526	0.0281887	-8658.42
527	0.0281887	-8629.96
528	0.0281887	-8783.67
529	0.0281887	-8921.73
530	0.0281887	-8723.6
531	0.0281887	-8654
532	0.0281887	-8656.37
533	0.0281887	-8530.4
534	0.0281887	-8707.17
535	0.0281887	-8518.89
536	0.0281887	-8580.96
537	0.0281887	-8566.59
538	0.0281887	-8751.68
539	0.0281887	-8511.93
540	0.0281887	-8495.1
541	0.0281887	-8553.04
542	0.0281887	-8493.92
543	0.0281887	-8602.59
544	0.0281887	-8657.85
545	0.0281887	-8501.55
546	0.0281887	-8492.47
547	0.0281887	-8546
548	0.0281887	-8579.93
549	0.0281887	-8641.64
550	0.0281887	-8587.02
551	0.0281887	-8673.52
552	0.0281887	-8634.17
553	0.0281887	-8650.32
554	0.0281887	-8676.17
555	0.0281887	-8566.52
556	0.0281887	-8740.34
557	0.0281887	-8496.59
558	0.0281887	-8743.17
559	0.0281887	-8800.82
560	0.0281887	-8704.83
561	0.0281887	-8587.64
562	0.0281887	-8521.87
563	0.0281887	-8543.46
564	0.0281887	-8562.06
565	0.0281887	-8387.84
566	0.0281887	-8296.2
567	0.0281887	-8350.84
568	0.0281887	-8525.32
569	0.0281887	-8358.56
570	0.0281887	-8396.5
571	0.0281887	-8492.87
572	0.0281887	-8518.1
573	0.0281887	-8501.12
574	0.0281887	-8512.41
575	0.0281887	-8730.67
576	0.0281887	-8542.79
577	0.0281887	-8553.75
578	0.0281887	-8676.76
579	0.0281887	-8606.78
580	0.0281887	-8603.73
581	0.0281887	-8535.27
582	0.0281887	-8560.17
583	0.0281887	-8552.44
584	0.0281887	-8365.68
585	0.0281887	-8440.98
586	0.0281887	-8588.85
587	0.0281887	-8554.36
588	0.0281887	-8489.07
589	0.0281887	-8357.94
590	0.0281887	-8313.43
591	0.0281887	-8395.45
592	0.0281887	-8412.75
593	0.0281887	-8545.86
594	0.0281887	-8579.23
595	0.0281887	-8480.7
596	0.0281887	-8517.21
597	0.0281887	-8494.01
598	0.0281887	-8554.08
599	0.0281887	-8465.76
600	0.0281887	-8444.21
601	0.0281887	-8501.88
602	0.0281887	-8588.3
603	0.0281887	-8503.82
604	0.0281887	-8635.23
605	0.0281887	-8461.61
606	0.0281887	-8435.41
607	0.0281887	-8549.99
608	0.0281887	-8537.26
609	0.0281887	-8716.47
610	0.0281887	-8586.04
611	0.0281887	-8494.21
612	0.0281887	-8506.43
613	0.0281887	-8341.6
614	0.0281887	-8605.36
615	0.0281887	-8476.94
616	0.0281887	-8455.84
617	0.0281887	-8538.05
618	0.0281887	-8557.09
619	0.0281887	-8644.4
620	0.0281887	-8480.23
621	0.0281887	-8514.82
622	0.0281887	-8469.18
623	0.0281887	-8624.79
624	0.0281887	-8705.69
625	0.0281887	-8914.68
626	0.0281887	-8624.21
627	0.0281887	-8910.49
628	0.0281887	-8767.13
629	0.0281887	-8683.12
630	0.0281887	-8570.45
631	0.0281887	-8625.28
632	0.0281887	-8636.28
633	0.0281887	-8451.81
634	0.0281887	-8509.21
635	0.0281887	-8468.89
636	0.0281887	-8607.57
637	0.0281887	-8406.97
638	0.0281887	-8645.5
639	0.0281887	-8646.01
640	0.0281887	-8491.6
641	0.0281887	-8842.34
642	0.0281887	-8587.99
643	0.0281887	-8523.6
644	0.0281887	-8675.78
645	0.0281887	-8728.07
646	0.0281887	-8538.64
647	0.0281887	-8624.09
648	0.0281887	-8625.79
649	0.0281887	-8569.46
650	0.0281887	-8455.84
651	0.0281887	-8533.55
652	0.0281887	-8622.17
653	0.0281887	-8741.77
654	0.0281887	-8627.95
655	0.0281887	-8796.34
656	0.0281887	-8596.75
657	0.0281887	-8393.7
658	0.0281887	-8529.66
659	0.0281887	-8602.52
660	0.0281887	-8654.04
661	0.0281887	-8646.7
662	0.0281887	-8443.45
663	0.0281887	-8574.33
664	0.0281887	-8641.27
665	0.0281887	-8525.87
666	0.0281887	-8434.24
667	0.0281887	-8515.39
668	0.0281887	-8385.69
669	0.0281887	-8289.67
670	0.0281887	-8347.67
671	0.0281887	-8408.52
672	0.0281887	-8601.24
673	0.0281887	-8655.64
674	0.0281887	-8581.75
675	0.0281887	-8639.57
676	0.0281887	-8592.87
677	0.0281887	-8634.74
678	0.0281887	-8588.52
679	0.0281887	-8527.34
680	0.0281887	-8479.09
681	0.0281887	-8525.42
682	0.0281887	-8480
683	0.0281887	-8602.1
684	0.0281887	-8659.08
685	0.0281887	-8415.01
686	0.0281887	-8378.02
687	0.0281887	-8348.05
688	0.0281887	-8456.81
689	0.0281887	-8659.1
690	0.0281887	-8629.38
691	0.0281887	-8577.48
692	0.0281887	-8748.6
693	0.0281887	-8552.09
694	0.0281887	-8652.88
695	0.0281887	-8567.1
696	0.0281887	-8538.05
697	0.0281887	-8710.05
698	0.0281887	-8606.98
699	0.0281887	-8528.66
700	0.0281887	-8460.93
701	0.0281887	-8533.04
702	0.0281887	-8545.17
703	0.0281887	-8790.61
704	0.0281887	-8674.14
705	0.0281887	-8434.52
706	0.0281887	-8634.25
707	0.0281887	-8627.2
708	0.0281887	-8645.46
709	0.0281887	-8565.72
710	0.0281887	-8585.46
711	0.0281887	-8682.68
712	0.0281887	-8613.79
713	0.0281887	-8661.88
714	0.0281887	-8714.03
715	0.0281887	-8676.61
716	0.0281887	-8810.67
717	0.0281887	-8677.71
718	0.0281887	-8707.08
719	0.0281887	-8610.95
720	0.0281887	-8701.52
721	0.0281887	-8567.58
722	0.0281887	-8660.49
723	0.0281887	-8383.39
724	0.0281887	-8388.59
725	0.0281887	-8409.48
726	0.0281887	-8504.59
727	0.0281887	-8611.17
728	0.0281887	-8526.44
729	0.0281887	-8448.82
730	0.0281887	-8809.59
731	0.0281887	-8716.75
732	0.0281887	-8643.69
733	0.0281887	-8466.62
734	0.0281887	-8549.22
735	0.0281887	-8702.28
736	0.0281887	-8718.15
737	0.0281887	-8870.06
738	0.0281887	-8603.96
739	0.0281887	-8505.76
740	0.0281887	-8557.17
741	0.0281887	-8526.79
742	0.0281887	-8727.29
743	0.0281887	-8644.38
744	0.0281887	-8680.9
745	0.0281887	-8844.71
746	0.0281887	-8563.65
747	0.0281887	-8659.14
748	0.0281887	-8620.16
749	0.0281887	-8792.1
750	0.0281887	-8661.35
751	0.0281887	-8719.12
752	0.0281887	-8368.33
753	0.0281887	-8599.59
754	0.0281887	-8635.97
755	0.0281887	-8728.9
756	0.0281887	-8582.13
757	0.0281887	-8485.13
758	0.0281887	-8614.7
759	0.0281887	-8498.31
760	0.0281887	-8575.01
761	0.0281887	-8532.66
762	0.0281887	-8692.89
763	0.0281887	-8715.22
764	0.0281887	-8616.37
765	0.0281887	-8602.24
766	0.0281887	-8676.82
767	0.0281887	-8613.26
768	0.0281887	-8577.21
769	0.0281887	-8543.44
770	0.0281887	-8499.68
771	0.0281887	-8478.79
772	0.0281887	-8455.6
773	0.0281887	-8600.81
774	0.0281887	-8421.72
775	0.0281887	-8523.98
776	0.0281887	-8518.17
777	0.0281887	-8569.95
778	0.0281887	-8738.46
779	0.0281887	-8953.98
780	0.0281887	-8622.21
781	0.0281887	-8503.75
782	0.0281887	-8394.02
783	0.0281887	-8588.41
784	0.0281887	-8497.31
785	0.0281887	-8468.64
786	0.0281887	-8654.64
787	0.0281887	-8526.99
788	0.0281887	-8704.76
789	0.0281887	-8393.11
790	0.0281887	-8464.67
791	0.0281887	-8501.48
792	0.0281887	-8551.92
793	0.0281887	-8606.65
794	0.0281887	-8554.59
795	0.0281887	-8685
796	0.0281887	-8644.83
797	0.0281887	-8684.34
798	0.0281887	-8577.23
799	0.0281887	-8593.29
800	0.0281887	-8365.05
801	0.0281887	-8555.23
802	0.0281887	-8599.68
803	0.0281887	-8648.2
804	0.0281887	-8826.98
805	0.0281887	-8611.4
806	0.0281887	-8464.83
807	0.0281887	-8591.98
808	0.0281887	-8518.23
809	0.0281887	-8594.82
810	0.0281887	-8642.37
811	0.0281887	-8578.67
812	0.0281887	-8730.92
813	0.0281887	-8565.17
814	0.0281887	-8748.19
815	0.0281887	-8483.86
816	0.0281887	-8560.03
817	0.0281887	-8543.7
818	0.0281887	-8788.05
819	0.0281887	-8828.06
820	0.0281887	-8476.42
821	0.0281887	-8475.15
822	0.0281887	-8425.44
823	0.0281887	-8425.24
824	0.0281887	-8528.46
825	0.0281887	-8477.41
826	0.0281887	-8705.2
827	0.0281887	-8707.36
828	0.0281887	-8710.33
829	0.0281887	-8683.25
830	0.0281887	-8763.9
831	0.0281887	-8744.32
832	0.0281887	-8779.6
833	0.0281887	-8707.47
834	0.0281887	-8556.74
835	0.0281887	-8553.63
836	0.0281887	-8552.78
837	0.0281887	-8606.56
838	0.0281887	-8583.17
839	0.0281887	-8510.32
840	0.0281887	-8693.17
841	0.0281887	-8511.06
842	0.0281887	-8626.99
843	0.0281887	-8539.4
844	0.0281887	-8442.36
845	0.0281887	-8489.51
846	0.0281887	-8400.18
847	0.0281887	-8404.43
848	0.0281887	-8376.74
849	0.0281887	-8286.4
850	0.0281887	-8331.82
851	0.0281887	-8434.85
852	0.0281887	-8561.67
853	0.0281887	-8678.08
854	0.0281887	-8614.5
855	0.0281887	-8737.37
856	0.0281887	-8521.75
857	0.0281887	-8680.09
858	0.0281887	-8674.41
859	0.0281887	-8841.65
860	0.0281887	-8858.68
861	0.0281887	-8522.53
862	0.0281887	-8557.44
863	0.0281887	-8392.18
864	0.0281887	-8469.92
865	0.0281887	-8594.08
866	0.0281887	-8550.77
867	0.0281887	-8631.33
868	0.0281887	-8406.93
869	0.0281887	-8478.86
870	0.0281887	-8574.39
871	0.0281887	-8497.11
872	0.0281887	-8526.65
873	0.0281887	-8416.79
874	0.0281887	-8375.51
875	0.0281887	-8340.72
876	0.0281887	-8689.09
877	0.0281887	-8734.3
878	0.0281887	-8613.38
879	0.0281887	-8723.52
880	0.0281887	-8596.54
881	0.0281887	-8660.17
882	0.0281887	-8806.76
883	0.0281887	-8602.75
884	0.0281887	-8625.74
885	0.0281887	-8462.9
886	0.0281887	-8618.02
887	0.0281887	-8582.04
888	0.0281887	-8695.92
889	0.0281887	-8643.02
890	0.0281887	-8797.92
891	0.0281887	-8698.67
892	0.0281887	-8548.28
893	0.0281887	-8523.25
894	0.0281887	-8467.15
895	0.0281887	-8485.65
896	0.0281887	-8699.55
897	0.0281887	-8664.51
898	0.0281887	-8551.25
899	0.0281887	-8461.56
900	0.0281887	-8482.61
901	0.0281887	-8473.34
902	0.0281887	-8514.45
903	0.0281887	-8365.62
904	0.0281887	-8408.91
905	0.0281887	-8558.36
906	0.0281887	-8479.69
907	0.0281887	-8573.56
908	0.0281887	-8549.95
909	0.0281887	-8554.77
910	0.0281887	-8453.34
911	0.0281887	-8426.77
912	0.0281887	-8534.99
913	0.0281887	-8493.82
914	0.0281887	-8403.83
915	0.0281887	-8504.56
916	0.0281887	-8460.36
917	0.0281887	-8404.01
918	0.0281887	-8528.18
919	0.0281887	-8609.21
920	0.0281887	-8587.76
921	0.0281887	-8557.45
922	0.0281887	-8383.91
923	0.0281887	-8630.85
924	0.0281887	-8599.85
925	0.0281887	-8529.97
926	0.0281887	-8530.33
927	0.0281887	-8516.02
928	0.0281887	-8617.88
929	0.0281887	-8335.53
930	0.0281887	-8542.87
931	0.0281887	-8539.68
932	0.0281887	-8451.47
933	0.0281887	-8571.36
934	0.0281887	-8340.61
935	0.0281887	-8384.31
936	0.0281887	-8425.4
937	0.0281887	-8542.43
938	0.0281887	-8534.84
939	0.0281887	-8626.7
940	0.0281887	-8588.74
941	0.0281887	-8514.81
942	0.0281887	-8629.8
943	0.0281887	-8466.4
944	0.0281887	-8636.6
945	0.0281887	-8576.64
946	0.0281887	-8433.36
947	0.0281887	-8487.12
948	0.0281887	-8697.68
949	0.0281887	-8765.88
950	0.0281887	-8552.78
951	0.0281887	-8475.15
952	0.0281887	-8490.19
953	0.0281887	-8715.64
954	0.0281887	-8928.56
955	0.0281887	-8801.85
956	0.0281887	-8582.44
957	0.0281887	-8595.92
958	0.0281887	-8691.45
959	0.0281887	-8516.29
960	0.0281887	-8609.32
961	0.0281887	-8564.12
962	0.0281887	-8675.52
963	0.0281887	-8616.09
964	0.0281887	-8488.03
965	0.0281887	-8546.86
966	0.0281887	-8616.99
967	0.0281887	-8648.14
968	0.0281887	-8385.14
969	0.0281887	-8479.76
970	0.0281887	-8625.14
971	0.0281887	-8650.61
972	0.0281887	-8674.38
973	0.0281887	-8544.86
974	0.0281887	-8520.27
975	0.0281887	-8393.5
976	0.0281887	-8440.2
977	0.0281887	-8461.83
978	0.0281887	-8502.46
979	0.0281887	-8483.84
980	0.0281887	-8679.36
981	0.0281887	-8725.05
982	0.0281887	-8657.02
983	0.0281887	-8682.05
984	0.0281887	-8544
985	0.0281887	-8623.51
986	0.0281887	-8773.01
987	0.0281887	-8629.02
988	0.0281887	-8631.4
989	0.0281887	-8585.48
990	0.0281887	-8317.07
991	0.0281887	-8513.35
992	0.0281887	-8611.87
993	0.0281887	-8493.56
994	0.0281887	-8512.07
995	0.0281887	-8426.51
996	0.0281887	-8404.87
997	0.0281887	-8335.4
998	0.0281887	-8540.22
999	0.0281887	-8562.81
1000	0.0281887	-8774.89
251	0.0227855	-8535.26
252	0.0227855	-8505.28
253	0.0227855	-8351.4
254	0.0227855	-8557.09
255	0.0227855	-8736.13
256	0.0227855	-8567.39
257	0.0227855	-8746.97
258	0.0227855	-8654.64
259	0.0227855	-8529.76
260	0.0227855	-9010.57
261	0.0227855	-8995.67
262	0.0227855	-8625.49
263	0.0227855	-8632.61
264	0.0227855	-8610.45
265	0.0227855	-8760.16
266	0.0227855	-8714.36
267	0.0227855	-8654.15
268	0.0227855	-8475.67
269	0.0227855	-8730.68
270	0.0227855	-8733.19
271	0.0227855	-8753.39
272	0.0227855	-8488.06
273	0.0227855	-8678.04
274	0.0227855	-8855.37
275	0.0227855	-8444.5
276	0.0227855	-8463.87
277	0.0227855	-8512.15
278	0.0227855	-8512.05
279	0.0227855	-8675.07
280	0.0227855	-8846.3
281	0.0227855	-8661.71
282	0.0227855	-8592.33
283	0.0227855	-8738.24
284	0.0227855	-8744.53
285	0.0227855	-8650.77
286	0.0227855	-8462.3
287	0.0227855	-8674.43
288	0.0227855	-8500.6
289	0.0227855	-8728.02
290	0.0227855	-8525.1
291	0.0227855	-8611.59
292	0.0227855	-8664.75
293	0.0227855	-8535.54
294	0.0227855	-8582.67
295	0.0227855	-8755.06
296	0.0227855	-8966.56
297	0.0227855	-8744.4
298	0.0227855	-8708.35
299	0.0227855	-8682.14
300	0.0227855	-8611.41
301	0.0227855	-8610.8
302	0.0227855	-8698.52
303	0.0227855	-8752.86
304	0.0227855	-8603.98
305	0.0227855	-8823.85
306	0.0227855	-8564.81
307	0.0227855	-8493.61
308	0.0227855	-8591.15
309	0.0227855	-8543.31
310	0.0227855	-8378.35
311	0.0227855	-8467.62
312	0.0227855	-8491.07
313	0.0227855	-8534.76
314	0.0227855	-8665.43
315	0.0227855	-8636.56
316	0.0227855	-8618.19
317	0.0227855	-8529.34
318	0.0227855	-8538.39
319	0.0227855	-8536.37
320	0.0227855	-8578.52
321	0.0227855	-8432.61
322	0.0227855	-8468.92
323	0.0227855	-8885.88
324	0.0227855	-8610.15
325	0.0227855	-8654.99
326	0.0227855	-8596.65
327	0.0227855	-8456.85
328	0.0227855	-8578.92
329	0.0227855	-8564.84
330	0.0227855	-8675.26
331	0.0227855	-8585.74
332	0.0227855	-8746.69
333	0.0227855	-8776.37
334	0.0227855	-8754.16
335	0.0227855	-8758.11
336	0.0227855	-8562.77
337	0.0227855	-8649.27
338	0.0227855	-8787.64
339	0.0227855	-8603.09
340	0.0227855	-8737.95
341	0.0227855	-8697.31
342	0.0227855	-8699.76
343	0.0227855	-8733.44
344	0.0227855	-8668.34
345	0.0227855	-8573.24
346	0.0227855	-8619.06
347	0.0227855	-8780.55
348	0.0227855	-8499.19
349	0.0227855	-8545.06
350	0.0227855	-8655.54
351	0.0227855	-8585.11
352	0.0227855	-8705.48
353	0.0227855	-8584.37
354	0.0227855	-8694.21
355	0.0227855	-8637.79
356	0.0227855	-8792.57
357	0.0227855	-8809.8
358	0.0227855	-8751.86
359	0.0227855	-8837.02
360	0.0227855	-8690.65
361	0.0227855	-8595.42
362	0.0227855	-8707.49
363	0.0227855	-8761.7
364	0.0227855	-8487.38
365	0.0227855	-8583.75
366	0.0227855	-8628.09
367	0.0227855	-8517.03
368	0.0227855	-8574.59
369	0.0227855	-8658.56
370	0.0227855	-8627.28
371	0.0227855	-8684.53
372	0.0227855	-8906.41
373	0.0227855	-8809.07
374	0.0227855	-8736.73
375	0.0227855	-8777.85
376	0.0227855	-8447.23
377	0.0227855	-8641.93
378	0.0227855	-8543.03
379	0.0227855	-8629.73
380	0.0227855	-8413.93
381	0.0227855	-8524.27
382	0.0227855	-8655.47
383	0.0227855	-8782.27
384	0.0227855	-8607.92
385	0.0227855	-8695.71
386	0.0227855	-8667.82
387	0.0227855	-8705.16
388	0.0227855	-8635.77
389	0.0227855	-8565.75
390	0.0227855	-8549.03
391	0.0227855	-8650.18
392	0.0227855	-8627.97
393	0.0227855	-8526.45
394	0.0227855	-8607.55
395	0.0227855	-8648.43
396	0.0227855	-8810.37
397	0.0227855	-8937.99
398	0.0227855	-8645.12
399	0.0227855	-8820.94
400	0.0227855	-8769.59
401	0.0227855	-8699.88
402	0.0227855	-8620.96
403	0.0227855	-8593.36
404	0.0227855	-8468.59
405	0.0227855	-8491.37
406	0.0227855	-8516.26
407	0.0227855	-8445.62
408	0.0227855	-8679.3
409	0.0227855	-8704.82
410	0.0227855	-8672.93
411	0.0227855	-8674.63
412	0.0227855	-8739.04
413	0.0227855	-8774.13
414	0.0227855	-8684.44
415	0.0227855	-8655.53
416	0.0227855	-8786.79
417	0.0227855	-8807.91
418	0.0227855	-8615.82
419	0.0227855	-8681.59
420	0.0227855	-8560.14
421	0.0227855	-8532.26
422	0.0227855	-8605.77
423	0.0227855	-8557.43
424	0.0227855	-8402.05
425	0.0227855	-8529
426	0.0227855	-8682.17
427	0.0227855	-8574.35
428	0.0227855	-8738.3
429	0.0227855	-8864.3
430	0.0227855	-8602.45
431	0.0227855	-8449.5
432	0.0227855	-8663
433	0.0227855	-8549.15
434	0.0227855	-8666.89
435	0.0227855	-8804.72
436	0.0227855	-8600.82
437	0.0227855	-8583.54
438	0.0227855	-8930.23
439	0.0227855	-8691.49
440	0.0227855	-8821.59
441	0.0227855	-8956.79
442	0.0227855	-8656.94
443	0.0227855	-8766.91
444	0.0227855	-8724.07
445	0.0227855	-8628.41
446	0.0227855	-8749.9
447	0.0227855	-8785.2
448	0.0227855	-8728.6
449	0.0227855	-8642.82
450	0.0227855	-8937.34
451	0.0227855	-8648.35
452	0.0227855	-8843.02
453	0.0227855	-8683.88
454	0.0227855	-8612.76
455	0.0227855	-8484.11
456	0.0227855	-8433.44
457	0.0227855	-8549.27
458	0.0227855	-8557.49
459	0.0227855	-8553.41
460	0.0227855	-8611.8
461	0.0227855	-8945.21
462	0.0227855	-8875.2
463	0.0227855	-8865.56
464	0.0227855	-8669.09
465	0.0227855	-8550.82
466	0.0227855	-8553.95
467	0.0227855	-8902.67
468	0.0227855	-8711.19
469	0.0227855	-8664.4
470	0.0227855	-8687.03
471	0.0227855	-8476.71
472	0.0227855	-8660.56
473	0.0227855	-8657.85
474	0.0227855	-8753.77
475	0.0227855	-8717.51
476	0.0227855	-8650.55
477	0.0227855	-8581.84
478	0.0227855	-8672.41
479	0.0227855	-8607.11
480	0.0227855	-8925.87
481	0.0227855	-8536.87
482	0.0227855	-8556.75
483	0.0227855	-8440.14
484	0.0227855	-8576.85
485	0.0227855	-8555.15
486	0.0227855	-8696.02
487	0.0227855	-8640.82
488	0.0227855	-8620.18
489	0.0227855	-8666.62
490	0.0227855	-8604.39
491	0.0227855	-8696.64
492	0.0227855	-8549.23
493	0.0227855	-8533.71
494	0.0227855	-8833.2
495	0.0227855	-8839.12
496	0.0227855	-8590.9
497	0.0227855	-8743.53
498	0.0227855	-8617.63
499	0.0227855	-8741.26
500	0.0227855	-8667.27
501	0.0227855	-8566.6
502	0.0227855	-8497.85
503	0.0227855	-8675.04
504	0.0227855	-8575.67
505	0.0227855	-8875.95
506	0.0227855	-8630.38
507	0.0227855	-8713.21
508	0.0227855	-8500.89
509	0.0227855	-8432.87
510	0.0227855	-8569.23
511	0.0227855	-8402.2
512	0.0227855	-8533.31
513	0.0227855	-8456.41
514	0.0227855	-8560.95
515	0.0227855	-8599.32
516	0.0227855	-8574.54
517	0.0227855	-8677.59
518	0.0227855	-8590.31
519	0.0227855	-8684.04
520	0.0227855	-8669.58
521	0.0227855	-8615.45
522	0.0227855	-8972.02
523	0.0227855	-8918.39
524	0.0227855	-8678.85
525	0.0227855	-8726.63
526	0.0227855	-8716.62
527	0.0227855	-8673.16
528	0.0227855	-8544.29
529	0.0227855	-8487.57
530	0.0227855	-8693.09
531	0.0227855	-8732.66
532	0.0227855	-8563.73
533	0.0227855	-8695.39
534	0.0227855	-8789.62
535	0.0227855	-8498.29
536	0.0227855	-8656.97
537	0.0227855	-8591.51
538	0.0227855	-8681.85
539	0.0227855	-8663.45
540	0.0227855	-8658.38
541	0.0227855	-8675.31
542	0.0227855	-8603.08
543	0.0227855	-8488.88
544	0.0227855	-8356.37
545	0.0227855	-8630.41
546	0.0227855	-8665.86
547	0.0227855	-8594.46
548	0.0227855	-8567.06
549	0.0227855	-8725.65
550	0.0227855	-8734.08
551	0.0227855	-8498.8
552	0.0227855	-8412.22
553	0.0227855	-8427.86
554	0.0227855	-8366.76
555	0.0227855	-8450.41
556	0.0227855	-8587.56
557	0.0227855	-8411.24
558	0.0227855	-8514.92
559	0.0227855	-8416.86
560	0.0227855	-8396.53
561	0.0227855	-8367.56
562	0.0227855	-8527
563	0.0227855	-8432.88
564	0.0227855	-8409.56
565	0.0227855	-8517.61
566	0.0227855	-8613.04
567	0.0227855	-8446.18
568	0.0227855	-8604.64
569	0.0227855	-8398.13
570	0.0227855	-8537.65
571	0.0227855	-8572.29
572	0.0227855	-8593.56
573	0.0227855	-8521.5
574	0.0227855	-8506.88
575	0.0227855	-8682.37
576	0.0227855	-8628.8
577	0.0227855	-8527.11
578	0.0227855	-8616.37
579	0.0227855	-8671.05
580	0.0227855	-8578.38
581	0.0227855	-8582.52
582	0.0227855	-8644.32
583	0.0227855	-8570.34
584	0.0227855	-8516.44
585	0.0227855	-8625.45
586	0.0227855	-8539.87
587	0.0227855	-8648.49
588	0.0227855	-8726.46
589	0.0227855	-8622.45
590	0.0227855	-8421.71
591	0.0227855	-8736.37
592	0.0227855	-8651.34
593	0.0227855	-8621.03
594	0.0227855	-8630.52
595	0.0227855	-8654.85
596	0.0227855	-8730.65
597	0.0227855	-8636.35
598	0.0227855	-8695.54
599	0.0227855	-8675.65
600	0.0227855	-8661.56
601	0.0227855	-8547.63
602	0.0227855	-8410.42
603	0.0227855	-8512.3
604	0.0227855	-8521.86
605	0.0227855	-8612.42
606	0.0227855	-8665.37
607	0.0227855	-8595.17
608	0.0227855	-8682.29
609	0.0227855	-8672.79
610	0.0227855	-8573.34
611	0.0227855	-8667.39
612	0.0227855	-8669.07
613	0.0227855	-8879.44
614	0.0227855	-8755.5
615	0.0227855	-8559
616	0.0227855	-8483.99
617	0.0227855	-8799.94
618	0.0227855	-8711.87
619	0.0227855	-8558.74
620	0.0227855	-8681.93
621	0.0227855	-8698.62
622	0.0227855	-8809.71
623	0.0227855	-8808.13
624	0.0227855	-8803.12
625	0.0227855	-8742.94
626	0.0227855	-8769.24
627	0.0227855	-8645.94
628	0.0227855	-8550.08
629	0.0227855	-8672.28
630	0.0227855	-8602.8
631	0.0227855	-8855.63
632	0.0227855	-8769.15
633	0.0227855	-8650.89
634	0.0227855	-8456.74
635	0.0227855	-8563.57
636	0.0227855	-8680.99
637	0.0227855	-8773.45
638	0.0227855	-8643.44
639	0.0227855	-8489.47
640	0.0227855	-8548.43
641	0.0227855	-8495.56
642	0.0227855	-8512.89
643	0.0227855	-8847.72
644	0.0227855	-8651.29
645	0.0227855	-8523.39
646	0.0227855	-8660.96
647	0.0227855	-8477.96
648	0.0227855	-8543.07
649	0.0227855	-8752.44
650	0.0227855	-8387.42
651	0.0227855	-8625.34
652	0.0227855	-8702.2
653	0.0227855	-8707.03
654	0.0227855	-8653.38
655	0.0227855	-8759.75
656	0.0227855	-8703.53
657	0.0227855	-8651.65
658	0.0227855	-8711.3
659	0.0227855	-8589.1
660	0.0227855	-8698.68
661	0.0227855	-8626.81
662	0.0227855	-8563.03
663	0.0227855	-8682.07
664	0.0227855	-8504.34
665	0.0227855	-8689.5
666	0.0227855	-8677.78
667	0.0227855	-8600.8
668	0.0227855	-8575.61
669	0.0227855	-8659.69
670	0.0227855	-8521.97
671	0.0227855	-8682.14
672	0.0227855	-8597.19
673	0.0227855	-8598.18
674	0.0227855	-8759.79
675	0.0227855	-8495.76
676	0.0227855	-8751.4
677	0.0227855	-8767.2
678	0.0227855	-8548.13
679	0.0227855	-8718.09
680	0.0227855	-8667.46
681	0.0227855	-8608.7
682	0.0227855	-8626.66
683	0.0227855	-8665.43
684	0.0227855	-8646.97
685	0.0227855	-8626.22
686	0.0227855	-8681.14
687	0.0227855	-8586.89
688	0.0227855	-8743.46
689	0.0227855	-8795.25
690	0.0227855	-8759.69
691	0.0227855	-8783.15
692	0.0227855	-8393.78
693	0.0227855	-8565.07
694	0.0227855	-8454.02
695	0.0227855	-8698.79
696	0.0227855	-8771.8
697	0.0227855	-8624.85
698	0.0227855	-8602.2
699	0.0227855	-8630.65
700	0.0227855	-8653.85
701	0.0227855	-8682.08
702	0.0227855	-8649.85
703	0.0227855	-8604.14
704	0.0227855	-8519.94
705	0.0227855	-8801.98
706	0.0227855	-8843.2
707	0.0227855	-8865.59
708	0.0227855	-8679.69
709	0.0227855	-8729.87
710	0.0227855	-8827.64
711	0.0227855	-8925.04
712	0.0227855	-8866.46
713	0.0227855	-8748.6
714	0.0227855	-8623.65
715	0.0227855	-8742.58
716	0.0227855	-8699.18
717	0.0227855	-8760.84
718	0.0227855	-8657.81
719	0.0227855	-8684.24
720	0.0227855	-8590.44
721	0.0227855	-8542.71
722	0.0227855	-8323.8
723	0.0227855	-8800.88
724	0.0227855	-8911.72
725	0.0227855	-9007.99
726	0.0227855	-8755.91
727	0.0227855	-8607.68
728	0.0227855	-8582.03
729	0.0227855	-8536.19
730	0.0227855	-8754.36
731	0.0227855	-8571.65
732	0.0227855	-8803.92
733	0.0227855	-8553.42
734	0.0227855	-8476.13
735	0.0227855	-8447
736	0.0227855	-8542.3
737	0.0227855	-8682.58
738	0.0227855	-8436.72
739	0.0227855	-8520.81
740	0.0227855	-8552.63
741	0.0227855	-8694.57
742	0.0227855	-8892.58
743	0.0227855	-8790.54
744	0.0227855	-8594.57
745	0.0227855	-8533.45
746	0.0227855	-8553.66
747	0.0227855	-8486.76
748	0.0227855	-8615.53
749	0.0227855	-8817.59
750	0.0227855	-8700.4
751	0.0227855	-8861.26
752	0.0227855	-8669.71
753	0.0227855	-8647.59
754	0.0227855	-8679.71
755	0.0227855	-8542.89
756	0.0227855	-8752.92
757	0.0227855	-8597.39
758	0.0227855	-8938.36
759	0.0227855	-8584.67
760	0.0227855	-8519.82
761	0.0227855	-8359.51
762	0.0227855	-8561.57
763	0.0227855	-8607.55
764	0.0227855	-8838.71
765	0.0227855	-8782.01
766	0.0227855	-8737.93
767	0.0227855	-8786.39
768	0.0227855	-8835.99
769	0.0227855	-8818.59
770	0.0227855	-8656.75
771	0.0227855	-8761.72
772	0.0227855	-8730.14
773	0.0227855	-8751
774	0.0227855	-8727.18
775	0.0227855	-8717.97
776	0.0227855	-8501.19
777	0.0227855	-8627.29
778	0.0227855	-8700.25
779	0.0227855	-8564.05
780	0.0227855	-8432.73
781	0.0227855	-8391.96
782	0.0227855	-8662.66
783	0.0227855	-8497.78
784	0.0227855	-8676.5
785	0.0227855	-8906.01
786	0.0227855	-8913.48
787	0.0227855	-8768.33
788	0.0227855	-8831.72
789	0.0227855	-8553.67
790	0.0227855	-8426.32
791	0.0227855	-8487.22
792	0.0227855	-8615.79
793	0.0227855	-8588.35
794	0.0227855	-8451.3
795	0.0227855	-8559.82
796	0.0227855	-8553.62
797	0.0227855	-8826.81
798	0.0227855	-8733
799	0.0227855	-8532.17
800	0.0227855	-8518.64
801	0.0227855	-8476.98
802	0.0227855	-8593.99
803	0.0227855	-8576.56
804	0.0227855	-8617.79
805	0.0227855	-8509.2
806	0.0227855	-8689.37
807	0.0227855	-8676.88
808	0.0227855	-8586.44
809	0.0227855	-8629.32
810	0.0227855	-8779.88
811	0.0227855	-8546.65
812	0.0227855	-8653.96
813	0.0227855	-8425.95
814	0.0227855	-8769.89
815	0.0227855	-8591.12
816	0.0227855	-8585.22
817	0.0227855	-8475.79
818	0.0227855	-8603.11
819	0.0227855	-8571.4
820	0.0227855	-8504.83
821	0.0227855	-8590.85
822	0.0227855	-8742.31
823	0.0227855	-8747.37
824	0.0227855	-8603.15
825	0.0227855	-8667.36
826	0.0227855	-8682.62
827	0.0227855	-8611.02
828	0.0227855	-8642.77
829	0.0227855	-8723.63
830	0.0227855	-8697.18
831	0.0227855	-8617.66
832	0.0227855	-8688.76
833	0.0227855	-8646.37
834	0.0227855	-8579.27
835	0.0227855	-8667.58
836	0.0227855	-8627.77
837	0.0227855	-8638.1
838	0.0227855	-8634.01
839	0.0227855	-8693.98
840	0.0227855	-8500.49
841	0.0227855	-8578.69
842	0.0227855	-8644.05
843	0.0227855	-8581.9
844	0.0227855	-8490.59
845	0.0227855	-8551.16
846	0.0227855	-8584.07
847	0.0227855	-8507.63
848	0.0227855	-8582.36
849	0.0227855	-8683.64
850	0.0227855	-8683.64
851	0.0227855	-8832.87
852	0.0227855	-8627.79
853	0.0227855	-8781.87
854	0.0227855	-8745.12
855	0.0227855	-8774.32
856	0.0227855	-8802.86
857	0.0227855	-8571.92
858	0.0227855	-8441.6
859	0.0227855	-8622.37
860	0.0227855	-8538.04
861	0.0227855	-8548.22
862	0.0227855	-8458.26
863	0.0227855	-8415.82
864	0.0227855	-8581.43
865	0.0227855	-8479.11
866	0.0227855	-8402.09
867	0.0227855	-8734.8
868	0.0227855	-8646.25
869	0.0227855	-8719.98
870	0.0227855	-8478.52
871	0.0227855	-8734.16
872	0.0227855	-8634.53
873	0.0227855	-8510.67
874	0.0227855	-8596.3
875	0.0227855	-8655.32
876	0.0227855	-8657.48
877	0.0227855	-8481.34
878	0.0227855	-8603.89
879	0.0227855	-8908.4
880	0.0227855	-8784.44
881	0.0227855	-8493.88
882	0.0227855	-8468.6
883	0.0227855	-8650.6
884	0.0227855	-8498.06
885	0.0227855	-8485.4
886	0.0227855	-8642.17
887	0.0227855	-8674.92
888	0.0227855	-8737.42
889	0.0227855	-8932.3
890	0.0227855	-8669.7
891	0.0227855	-8762.06
892	0.0227855	-8622.66
893	0.0227855	-8682.75
894	0.0227855	-8750.38
895	0.0227855	-8644.56
896	0.0227855	-8509.39
897	0.0227855	-8569.33
898	0.0227855	-8862.83
899	0.0227855	-8846.6
900	0.0227855	-8878.63
901	0.0227855	-8680.07
902	0.0227855	-8624.93
903	0.0227855	-8697.41
904	0.0227855	-8793.38
905	0.0227855	-8832.85
906	0.0227855	-8723.96
907	0.0227855	-8478.56
908	0.0227855	-8541.13
909	0.0227855	-8550.63
910	0.0227855	-8582.68
911	0.0227855	-8554.81
912	0.0227855	-8403.24
913	0.0227855	-8562.16
914	0.0227855	-8531.2
915	0.0227855	-8773.89
916	0.0227855	-8580.87
917	0.0227855	-8742.2
918	0.0227855	-8532.76
919	0.0227855	-8457.77
920	0.0227855	-8441.98
921	0.0227855	-8538.66
922	0.0227855	-8846.35
923	0.0227855	-8736.24
924	0.0227855	-8702.9
925	0.0227855	-8669.26
926	0.0227855	-8561.7
927	0.0227855	-8573.34
928	0.0227855	-8562.12
929	0.0227855	-8487.61
930	0.0227855	-8437.43
931	0.0227855	-8609.89
932	0.0227855	-8459.97
933	0.0227855	-8617.24
934	0.0227855	-8473.43
935	0.0227855	-8468.75
936	0.0227855	-8510.83
937	0.0227855	-8773.87
938	0.0227855	-8677.11
939	0.0227855	-8800.67
940	0.0227855	-8989.59
941	0.0227855	-8675.64
942	0.0227855	-8666.36
943	0.0227855	-8646.97
944	0.0227855	-8672.45
945	0.0227855	-8759.23
946	0.0227855	-8492.02
947	0.0227855	-8739.98
948	0.0227855	-8833.54
949	0.0227855	-8689.58
950	0.0227855	-8774.6
951	0.0227855	-8816.55
952	0.0227855	-8602.87
953	0.0227855	-8617.47
954	0.0227855	-8682.57
955	0.0227855	-8581.35
956	0.0227855	-8528.87
957	0.0227855	-8645.77
958	0.0227855	-8756.15
959	0.0227855	-8912.54
960	0.0227855	-8867.35
961	0.0227855	-8656.73
962	0.0227855	-8522.56
963	0.0227855	-8868.82
964	0.0227855	-8613.36
965	0.0227855	-8580.94
966	0.0227855	-8581.68
967	0.0227855	-8607.5
968	0.0227855	-8610.64
969	0.0227855	-8763.46
970	0.0227855	-8734.14
971	0.0227855	-8744.72
972	0.0227855	-8725.25
973	0.0227855	-8670.58
974	0.0227855	-8571.26
975	0.0227855	-8655.72
976	0.0227855	-8921.18
977	0.0227855	-8619.56
978	0.0227855	-8826.65
979	0.0227855	-8907.51
980	0.0227855	-8682.92
981	0.0227855	-8644.45
982	0.0227855	-8711.41
983	0.0227855	-8722.56
984	0.0227855	-8455.84
985	0.0227855	-8568.23
986	0.0227855	-8482.51
987	0.0227855	-8598.26
988	0.0227855	-8500.91
989	0.0227855	-8510.85
990	0.0227855	-8689.22
991	0.0227855	-8600.22
992	0.0227855	-8591.25
993	0.0227855	-8638.95
994	0.0227855	-8614.35
995	0.0227855	-8588.55
996	0.0227855	-8519.54
997	0.0227855	-8377.34
998	0.0227855	-8533.34
999	0.0227855	-8798.93
1000	0.0227855	-8842.66
251	0.0182445	-8841.75
252	0.0182445	-8639.2
253	0.0182445	-8657.49
254	0.0182445	-8656.14
255	0.0182445	-8738
256	0.0182445	-8785.41
257	0.0182445	-9029.76
258	0.0182445	-9065.28
259	0.0182445	-8635.56
260	0.0182445	-8655.83
261	0.0182445	-8864.21
262	0.0182445	-8775.76
263	0.0182445	-8689.05
264	0.0182445	-8739.3
265	0.0182445	-8874.26
266	0.0182445	-8623.23
267	0.0182445	-8605.92
268	0.0182445	-8659.08
269	0.0182445	-8759.81
270	0.0182445	-8564.31
271	0.0182445	-8782.54
272	0.0182445	-9015.07
273	0.0182445	-8885.35
274	0.0182445	-8826
275	0.0182445	-8570.4
276	0.0182445	-8523.27
277	0.0182445	-8639.77
278	0.0182445	-8717.15
279	0.0182445	-8933.61
280	0.0182445	-8743.75
281	0.0182445	-8724.74
282	0.0182445	-8634.98
283	0.0182445	-8842.85
284	0.0182445	-8666.16
285	0.0182445	-8771.96
286	0.0182445	-8715.82
287	0.0182445	-8509
288	0.0182445	-8573.24
289	0.0182445	-8704.11
290	0.0182445	-8854.24
291	0.0182445	-9056.3
292	0.0182445	-8971.71
293	0.0182445	-8466.37
294	0.0182445	-8764.77
295	0.0182445	-8719.78
296	0.0182445	-8666.7
297	0.0182445	-8589.37
298	0.0182445	-8469.18
299	0.0182445	-8630.29
300	0.0182445	-8630.64
301	0.0182445	-8619.48
302	0.0182445	-8681.17
303	0.0182445	-8508.66
304	0.0182445	-8721.57
305	0.0182445	-8710.45
306	0.0182445	-8858.66
307	0.0182445	-8728.41
308	0.0182445	-8612.31
309	0.0182445	-8999.84
310	0.0182445	-8758.39
311	0.0182445	-8837.44
312	0.0182445	-8745.29
313	0.0182445	-8653.15
314	0.0182445	-9123.96
315	0.0182445	-8923.39
316	0.0182445	-8853.77
317	0.0182445	-8878.03
318	0.0182445	-9051.83
319	0.0182445	-9098.12
320	0.0182445	-8977.78
321	0.0182445	-9140.54
322	0.0182445	-9030.45
323	0.0182445	-9010.79
324	0.0182445	-8742.35
325	0.0182445	-8810.91
326	0.0182445	-9020.25
327	0.0182445	-8743.92
328	0.0182445	-8723.91
329	0.0182445	-8663.02
330	0.0182445	-8621.39
331	0.0182445	-8655.57
332	0.0182445	-8539.07
333	0.0182445	-8831.42
334	0.0182445	-8866.11
335	0.0182445	-8596.73
336	0.0182445	-8825.66
337	0.0182445	-8543.78
338	0.0182445	-8736.88
339	0.0182445	-8666.26
340	0.0182445	-8688.56
341	0.0182445	-8636.26
342	0.0182445	-8792.87
343	0.0182445	-8900.78
344	0.0182445	-8833.27
345	0.0182445	-8978.03
346	0.0182445	-8678.28
347	0.0182445	-8515.95
348	0.0182445	-8825.19
349	0.0182445	-8643.82
350	0.0182445	-8775.41
351	0.0182445	-8887.99
352	0.0182445	-9001.56
353	0.0182445	-8825.11
354	0.0182445	-8757.63
355	0.0182445	-8829.38
356	0.0182445	-8728.59
357	0.0182445	-8588.13
358	0.0182445	-8500.84
359	0.0182445	-8489.82
360	0.0182445	-8675.19
361	0.0182445	-8494.84
362	0.0182445	-8776.3
363	0.0182445	-8693.15
364	0.0182445	-8679.44
365	0.0182445	-8836.25
366	0.0182445	-8613.04
367	0.0182445	-8694.55
368	0.0182445	-8473.36
369	0.0182445	-8607.04
370	0.0182445	-8547.64
371	0.0182445	-8674.59
372	0.0182445	-8757.65
373	0.0182445	-8727.77
374	0.0182445	-8640.12
375	0.0182445	-8760.63
376	0.0182445	-8925.45
377	0.0182445	-8897.79
378	0.0182445	-8714.84
379	0.0182445	-9113.17
380	0.0182445	-8873.84
381	0.0182445	-8672.45
382	0.0182445	-8964.52
383	0.0182445	-8709.55
384	0.0182445	-8447.94
385	0.0182445	-8829.73
386	0.0182445	-8808.34
387	0.0182445	-8829.33
388	0.0182445	-8854.34
389	0.0182445	-8854.23
390	0.0182445	-9233.59
391	0.0182445	-9391.83
392	0.0182445	-8888.56
393	0.0182445	-8904.19
394	0.0182445	-8916.72
395	0.0182445	-8750.82
396	0.0182445	-8704.07
397	0.0182445	-8813.13
398	0.0182445	-9036.25
399	0.0182445	-8924.54
400	0.0182445	-9456.83
401	0.0182445	-8972.08
402	0.0182445	-8840.3
403	0.0182445	-8750.33
404	0.0182445	-8677.93
405	0.0182445	-8780.9
406	0.0182445	-8575.32
407	0.0182445	-8823.65
408	0.0182445	-8657.31
409	0.0182445	-9269.99
410	0.0182445	-8796.28
411	0.0182445	-8900.76
412	0.0182445	-8984.07
413	0.0182445	-8755.17
414	0.0182445	-8579.65
415	0.0182445	-9128.21
416	0.0182445	-8759.32
417	0.0182445	-8694.07
418	0.0182445	-8892.02
419	0.0182445	-8738.82
420	0.0182445	-8741.73
421	0.0182445	-8826.95
422	0.0182445	-8869.41
423	0.0182445	-8618.59
424	0.0182445	-8766.88
425	0.0182445	-8552.06
426	0.0182445	-8767.05
427	0.0182445	-8680.56
428	0.0182445	-8829.5
429	0.0182445	-8815.16
430	0.0182445	-8647.33
431	0.0182445	-8585.55
432	0.0182445	-8605.09
433	0.0182445	-8483.76
434	0.0182445	-8497.82
435	0.0182445	-8623.51
436	0.0182445	-8738.92
437	0.0182445	-8987.71
438	0.0182445	-8788.33
439	0.0182445	-8654.93
440	0.0182445	-8744.87
441	0.0182445	-8886.45
442	0.0182445	-8696.52
443	0.0182445	-8720.34
444	0.0182445	-8834.37
445	0.0182445	-8812.26
446	0.0182445	-8602.75
447	0.0182445	-9170.48
448	0.0182445	-8970.14
449	0.0182445	-9134.51
450	0.0182445	-8798.77
451	0.0182445	-8989.41
452	0.0182445	-8737.49
453	0.0182445	-8938.02
454	0.0182445	-8850.03
455	0.0182445	-8621.52
456	0.0182445	-8839.64
457	0.0182445	-8925.41
458	0.0182445	-8667.81
459	0.0182445	-8676.94
460	0.0182445	-8633.79
461	0.0182445	-8588.36
462	0.0182445	-8586.41
463	0.0182445	-8498.23
464	0.0182445	-8676.65
465	0.0182445	-8666.13
466	0.0182445	-8510.69
467	0.0182445	-8821.68
468	0.0182445	-8963.07
469	0.0182445	-9243.33
470	0.0182445	-8899.2
471	0.0182445	-8816.93
472	0.0182445	-8799.04
473	0.0182445	-8750.4
474	0.0182445	-8830.38
475	0.0182445	-8763.56
476	0.0182445	-8734.28
477	0.0182445	-8549.25
478	0.0182445	-8693.03
479	0.0182445	-8624.86
480	0.0182445	-8733.85
481	0.0182445	-8594.94
482	0.0182445	-8671.55
483	0.0182445	-8783.69
484	0.0182445	-8916.99
485	0.0182445	-8857.77
486	0.0182445	-8511.14
487	0.0182445	-8695.63
488	0.0182445	-8688.43
489	0.0182445	-8764.73
490	0.0182445	-8722.48
491	0.0182445	-8766.99
492	0.0182445	-8597.55
493	0.0182445	-8688.19
494	0.0182445	-8461.55
495	0.0182445	-8692.62
496	0.0182445	-8561.1
497	0.0182445	-8509.12
498	0.0182445	-8525.7
499	0.0182445	-8830.94
500	0.0182445	-8766.17
501	0.0182445	-8726.36
502	0.0182445	-8831.85
503	0.0182445	-8838.65
504	0.0182445	-8822.82
505	0.0182445	-8898.18
506	0.0182445	-8690.26
507	0.0182445	-8716.87
508	0.0182445	-8546.55
509	0.0182445	-8467.17
510	0.0182445	-8417.22
511	0.0182445	-8818.94
512	0.0182445	-8566.66
513	0.0182445	-8686.1
514	0.0182445	-8730.16
515	0.0182445	-8730.35
516	0.0182445	-8549.18
517	0.0182445	-8643.68
518	0.0182445	-8576.43
519	0.0182445	-8603.21
520	0.0182445	-9035.13
521	0.0182445	-8703.01
522	0.0182445	-8718.02
523	0.0182445	-8813.42
524	0.0182445	-8641.47
525	0.0182445	-8637.64
526	0.0182445	-8765.11
527	0.0182445	-8689.97
528	0.0182445	-8637.56
529	0.0182445	-8675.35
530	0.0182445	-8814.06
531	0.0182445	-8502.52
532	0.0182445	-8480.44
533	0.0182445	-8679.2
534	0.0182445	-8673.96
535	0.0182445	-8635.6
536	0.0182445	-8957.96
537	0.0182445	-8624.59
538	0.0182445	-8645.69
539	0.0182445	-8758.79
540	0.0182445	-8771.73
541	0.0182445	-8648.67
542	0.0182445	-8887.45
543	0.0182445	-8573.91
544	0.0182445	-8547.33
545	0.0182445	-8742.36
546	0.0182445	-8753.46
547	0.0182445	-8789.3
548	0.0182445	-8791.43
549	0.0182445	-8710.68
550	0.0182445	-8510.63
551	0.0182445	-8531.38
552	0.0182445	-8532.89
553	0.0182445	-8693.57
554	0.0182445	-8971.51
555	0.0182445	-8877.7
556	0.0182445	-8949.12
557	0.0182445	-8596.19
558	0.0182445	-8806.53
559	0.0182445	-8935.45
560	0.0182445	-8907.83
561	0.0182445	-8902.27
562	0.0182445	-8892.67
563	0.0182445	-8895.63
564	0.0182445	-8715.64
565	0.0182445	-8808.68
566	0.0182445	-8641.13
567	0.0182445	-8922.43
568	0.0182445	-8995.7
569	0.0182445	-8908.79
570	0.0182445	-8843.62
571	0.0182445	-8541.58
572	0.0182445	-8633.2
573	0.0182445	-8458.31
574	0.0182445	-8517.49
575	0.0182445	-8772.2
576	0.0182445	-8708.4
577	0.0182445	-8719.6
578	0.0182445	-8574.35
579	0.0182445	-8708.21
580	0.0182445	-8544.16
581	0.0182445	-8645.3
582	0.0182445	-8689.65
583	0.0182445	-8748.47
584	0.0182445	-8731.78
585	0.0182445	-8676.64
586	0.0182445	-8717.78
587	0.0182445	-8658.27
588	0.0182445	-8483.92
589	0.0182445	-8733.83
590	0.0182445	-8610.55
591	0.0182445	-8565.73
592	0.0182445	-8853.71
593	0.0182445	-8757.98
594	0.0182445	-8649
595	0.0182445	-8675.13
596	0.0182445	-8638.19
597	0.0182445	-8826.8
598	0.0182445	-8701.18
599	0.0182445	-8640.32
600	0.0182445	-8986.66
601	0.0182445	-8834.13
602	0.0182445	-8743.24
603	0.0182445	-8761.38
604	0.0182445	-8635.08
605	0.0182445	-8730.64
606	0.0182445	-8792.74
607	0.0182445	-8795.11
608	0.0182445	-8989.08
609	0.0182445	-8851.07
610	0.0182445	-9017.63
611	0.0182445	-8915.89
612	0.0182445	-8593.73
613	0.0182445	-8515.88
614	0.0182445	-8763.49
615	0.0182445	-8642.01
616	0.0182445	-8688.39
617	0.0182445	-8519.29
618	0.0182445	-8608.86
619	0.0182445	-8550.62
620	0.0182445	-8639.88
621	0.0182445	-8699.21
622	0.0182445	-8699.39
623	0.0182445	-8713.05
624	0.0182445	-8734.26
625	0.0182445	-8701.91
626	0.0182445	-8579.5
627	0.0182445	-8769.62
628	0.0182445	-8609.55
629	0.0182445	-8910.97
630	0.0182445	-8970.45
631	0.0182445	-9045.24
632	0.0182445	-8950.1
633	0.0182445	-8723.01
634	0.0182445	-8656.04
635	0.0182445	-8909.1
636	0.0182445	-9100.43
637	0.0182445	-8906.32
638	0.0182445	-8805.98
639	0.0182445	-8659.43
640	0.0182445	-8455.27
641	0.0182445	-8601.6
642	0.0182445	-8740.65
643	0.0182445	-8521.21
644	0.0182445	-8676.2
645	0.0182445	-8727.62
646	0.0182445	-8471.94
647	0.0182445	-8558.58
648	0.0182445	-8660.12
649	0.0182445	-8679.76
650	0.0182445	-8543.8
651	0.0182445	-8876.55
652	0.0182445	-8543.25
653	0.0182445	-8497.51
654	0.0182445	-8663.73
655	0.0182445	-8658.23
656	0.0182445	-9028.09
657	0.0182445	-8861.78
658	0.0182445	-8835.34
659	0.0182445	-9028.38
660	0.0182445	-8747.82
661	0.0182445	-8967.08
662	0.0182445	-8878.03
663	0.0182445	-8795.54
664	0.0182445	-8713.96
665	0.0182445	-8818.1
666	0.0182445	-8934.4
667	0.0182445	-8886.13
668	0.0182445	-8973.66
669	0.0182445	-8811.31
670	0.0182445	-8810.66
671	0.0182445	-8771.01
672	0.0182445	-8769.99
673	0.0182445	-8857.58
674	0.0182445	-8511.75
675	0.0182445	-8935.46
676	0.0182445	-8797.1
677	0.0182445	-8775.48
678	0.0182445	-8521.25
679	0.0182445	-8597.88
680	0.0182445	-8672.67
681	0.0182445	-8583.58
682	0.0182445	-8661.91
683	0.0182445	-8702.29
684	0.0182445	-8926.4
685	0.0182445	-8971.78
686	0.0182445	-8565.4
687	0.0182445	-8676.57
688	0.0182445	-8401.12
689	0.0182445	-8598.74
690	0.0182445	-8593.51
691	0.0182445	-8710.47
692	0.0182445	-8700.7
693	0.0182445	-8428.9
694	0.0182445	-8686.84
695	0.0182445	-8767.04
696	0.0182445	-8691.88
697	0.0182445	-8632.21
698	0.0182445	-8640.79
699	0.0182445	-8764.82
700	0.0182445	-8631.27
701	0.0182445	-8589.75
702	0.0182445	-8659.29
703	0.0182445	-8841.65
704	0.0182445	-8835.91
705	0.0182445	-8866.95
706	0.0182445	-9188.64
707	0.0182445	-8735.16
708	0.0182445	-8963
709	0.0182445	-8984.57
710	0.0182445	-8778.48
711	0.0182445	-8527.51
712	0.0182445	-8742.58
713	0.0182445	-8433.58
714	0.0182445	-8589.91
715	0.0182445	-8475.32
716	0.0182445	-8610.87
717	0.0182445	-8692.02
718	0.0182445	-8704.54
719	0.0182445	-8744.63
720	0.0182445	-8631.07
721	0.0182445	-8713.67
722	0.0182445	-8497.94
723	0.0182445	-8409.54
724	0.0182445	-8604.82
725	0.0182445	-8673.48
726	0.0182445	-8616.18
727	0.0182445	-8518.96
728	0.0182445	-8535.38
729	0.0182445	-8762.58
730	0.0182445	-8804.78
731	0.0182445	-8647.77
732	0.0182445	-8565.19
733	0.0182445	-8871.21
734	0.0182445	-8554.55
735	0.0182445	-8699.66
736	0.0182445	-8486.99
737	0.0182445	-8628.61
738	0.0182445	-8662.46
739	0.0182445	-8690.27
740	0.0182445	-8638.31
741	0.0182445	-8545.91
742	0.0182445	-8526.25
743	0.0182445	-8627.33
744	0.0182445	-8526.14
745	0.0182445	-8768.73
746	0.0182445	-8378.01
747	0.0182445	-8680.64
748	0.0182445	-8616.16
749	0.0182445	-8631.38
750	0.0182445	-8645.62
751	0.0182445	-8532.72
752	0.0182445	-8604.77
753	0.0182445	-8725.04
754	0.0182445	-8853.67
755	0.0182445	-9069.56
756	0.0182445	-8764.23
757	0.0182445	-8812.09
758	0.0182445	-8723.29
759	0.0182445	-9038.65
760	0.0182445	-8805.55
761	0.0182445	-8717.08
762	0.0182445	-8836.58
763	0.0182445	-8825.02
764	0.0182445	-8618.19
765	0.0182445	-8744.12
766	0.0182445	-8913.13
767	0.0182445	-8830.2
768	0.0182445	-8559.18
769	0.0182445	-8870.08
770	0.0182445	-8919.48
771	0.0182445	-9047.33
772	0.0182445	-8604.37
773	0.0182445	-8552.89
774	0.0182445	-8702.12
775	0.0182445	-8546.31
776	0.0182445	-8673.79
777	0.0182445	-8845.25
778	0.0182445	-8656.53
779	0.0182445	-8795.82
780	0.0182445	-8612.2
781	0.0182445	-8617.8
782	0.0182445	-8958.1
783	0.0182445	-8570.46
784	0.0182445	-8937.93
785	0.0182445	-8682.29
786	0.0182445	-8762.18
787	0.0182445	-8785.34
788	0.0182445	-9045.59
789	0.0182445	-8792.78
790	0.0182445	-8772.97
791	0.0182445	-8638.01
792	0.0182445	-8720.09
793	0.0182445	-8695.41
794	0.0182445	-8630.75
795	0.0182445	-8494.12
796	0.0182445	-8884.66
797	0.0182445	-8666.02
798	0.0182445	-8573.38
799	0.0182445	-8571.28
800	0.0182445	-8913.04
801	0.0182445	-8855.63
802	0.0182445	-8706.33
803	0.0182445	-8727.64
804	0.0182445	-8875.82
805	0.0182445	-8800.66
806	0.0182445	-8732.44
807	0.0182445	-8544.38
808	0.0182445	-8725.25
809	0.0182445	-8704.58
810	0.0182445	-8408.53
811	0.0182445	-8711.15
812	0.0182445	-8621.16
813	0.0182445	-8598.99
814	0.0182445	-8912.93
815	0.0182445	-8738.07
816	0.0182445	-8667.36
817	0.0182445	-8572.82
818	0.0182445	-8619.49
819	0.0182445	-8751.81
820	0.0182445	-8728.03
821	0.0182445	-8437.51
822	0.0182445	-8858.21
823	0.0182445	-8694.44
824	0.0182445	-8679.11
825	0.0182445	-8568.55
826	0.0182445	-8628.4
827	0.0182445	-8498.28
828	0.0182445	-8598.97
829	0.0182445	-8547.82
830	0.0182445	-8649.96
831	0.0182445	-8625.63
832	0.0182445	-8630.03
833	0.0182445	-8558.04
834	0.0182445	-8601.55
835	0.0182445	-8779.42
836	0.0182445	-8656.09
837	0.0182445	-8664.82
838	0.0182445	-8655.98
839	0.0182445	-8652.01
840	0.0182445	-8624.48
841	0.0182445	-8741.98
842	0.0182445	-8728.37
843	0.0182445	-8732.86
844	0.0182445	-8932.14
845	0.0182445	-9530.13
846	0.0182445	-8679.93
847	0.0182445	-8720.65
848	0.0182445	-8603.87
849	0.0182445	-8564.87
850	0.0182445	-8726.42
851	0.0182445	-8592.1
852	0.0182445	-8855.94
853	0.0182445	-8902.56
854	0.0182445	-8679.78
855	0.0182445	-8900.28
856	0.0182445	-8872.44
857	0.0182445	-8687.57
858	0.0182445	-8557.75
859	0.0182445	-8596.74
860	0.0182445	-8597.2
861	0.0182445	-8590.27
862	0.0182445	-8526.92
863	0.0182445	-8736.08
864	0.0182445	-8561.05
865	0.0182445	-8690.82
866	0.0182445	-8506.07
867	0.0182445	-8745.19
868	0.0182445	-8526.66
869	0.0182445	-8615.81
870	0.0182445	-8955.91
871	0.0182445	-8778.67
872	0.0182445	-8504.83
873	0.0182445	-8727.97
874	0.0182445	-8563.31
875	0.0182445	-8576.95
876	0.0182445	-8822.25
877	0.0182445	-8601.94
878	0.0182445	-8624.06
879	0.0182445	-8546.93
880	0.0182445	-8700.22
881	0.0182445	-8748.59
882	0.0182445	-8807.15
883	0.0182445	-8839.96
884	0.0182445	-8909.6
885	0.0182445	-8611.36
886	0.0182445	-8634.9
887	0.0182445	-8892.19
888	0.0182445	-8521.33
889	0.0182445	-8682.02
890	0.0182445	-8746.25
891	0.0182445	-8605.55
892	0.0182445	-8782.64
893	0.0182445	-8896.73
894	0.0182445	-8774.4
895	0.0182445	-8973.73
896	0.0182445	-8779.41
897	0.0182445	-8796.12
898	0.0182445	-9037.12
899	0.0182445	-8990.84
900	0.0182445	-8863.05
901	0.0182445	-9068.95
902	0.0182445	-8817.56
903	0.0182445	-8659.65
904	0.0182445	-8696.38
905	0.0182445	-8591.48
906	0.0182445	-8633.66
907	0.0182445	-8472.48
908	0.0182445	-8724.55
909	0.0182445	-8727.29
910	0.0182445	-8604.39
911	0.0182445	-8668.49
912	0.0182445	-8719.02
913	0.0182445	-8802.61
914	0.0182445	-8864.48
915	0.0182445	-8938.68
916	0.0182445	-8995.94
917	0.0182445	-8857.21
918	0.0182445	-8716.29
919	0.0182445	-8747.72
920	0.0182445	-8651.25
921	0.0182445	-8564.93
922	0.0182445	-8686.95
923	0.0182445	-8857.36
924	0.0182445	-9151.2
925	0.0182445	-8897.27
926	0.0182445	-8777.7
927	0.0182445	-8815.05
928	0.0182445	-8772.89
929	0.0182445	-8681.46
930	0.0182445	-8696.96
931	0.0182445	-8843.42
932	0.0182445	-8780.76
933	0.0182445	-8716.15
934	0.0182445	-8634.29
935	0.0182445	-9102.92
936	0.0182445	-8589.17
937	0.0182445	-8628.7
938	0.0182445	-8780.4
939	0.0182445	-8709.95
940	0.0182445	-8855.06
941	0.0182445	-8611.53
942	0.0182445	-8950.02
943	0.0182445	-8582.92
944	0.0182445	-8821.7
945	0.0182445	-8730.09
946	0.0182445	-8654.28
947	0.0182445	-8511.27
948	0.0182445	-8695.28
949	0.0182445	-8650.2
950	0.0182445	-8725.39
951	0.0182445	-8690.25
952	0.0182445	-8737.96
953	0.0182445	-8930.94
954	0.0182445	-8824.27
955	0.0182445	-8982.18
956	0.0182445	-8952.5
957	0.0182445	-8736.27
958	0.0182445	-8742.66
959	0.0182445	-8985.9
960	0.0182445	-8949.37
961	0.0182445	-9063.62
962	0.0182445	-8949.42
963	0.0182445	-8627.62
964	0.0182445	-8543.58
965	0.0182445	-8682.82
966	0.0182445	-8749.98
967	0.0182445	-8671.32
968	0.0182445	-8907.67
969	0.0182445	-8627.4
970	0.0182445	-8585.46
971	0.0182445	-8872.93
972	0.0182445	-8769.81
973	0.0182445	-8709.69
974	0.0182445	-8753.25
975	0.0182445	-8745.79
976	0.0182445	-8579.69
977	0.0182445	-8550.33
978	0.0182445	-8557.42
979	0.0182445	-8701.58
980	0.0182445	-8576.74
981	0.0182445	-8660.96
982	0.0182445	-8661.69
983	0.0182445	-8617.44
984	0.0182445	-8706.12
985	0.0182445	-8753.78
986	0.0182445	-8551.24
987	0.0182445	-8593.98
988	0.0182445	-8662.95
989	0.0182445	-8732.05
990	0.0182445	-8853.03
991	0.0182445	-8704.66
992	0.0182445	-8561.02
993	0.0182445	-8734.81
994	0.0182445	-8714.41
995	0.0182445	-8856.2
996	0.0182445	-8664.04
997	0.0182445	-8504.48
998	0.0182445	-8700.32
999	0.0182445	-8700.97
1000	0.0182445	-8953.83
251	0.0144583	-8630.94
252	0.0144583	-8711.82
253	0.0144583	-8759.6
254	0.0144583	-9063.07
255	0.0144583	-9239.48
256	0.0144583	-8618.89
257	0.0144583	-8697.4
258	0.0144583	-8831.01
259	0.0144583	-8749.45
260	0.0144583	-8586.83
261	0.0144583	-8621.14
262	0.0144583	-8739.03
263	0.0144583	-9058.21
264	0.0144583	-8905.51
265	0.0144583	-9170.85
266	0.0144583	-9098.6
267	0.0144583	-9006.13
268	0.0144583	-8933.37
269	0.0144583	-8745.27
270	0.0144583	-8623.65
271	0.0144583	-8494.63
272	0.0144583	-8803.62
273	0.0144583	-8543.17
274	0.0144583	-8892.94
275	0.0144583	-8542.57
276	0.0144583	-8863.48
277	0.0144583	-8691.52
278	0.0144583	-8803.26
279	0.0144583	-8860.14
280	0.0144583	-8685.13
281	0.0144583	-8769.11
282	0.0144583	-8767.3
283	0.0144583	-8548.44
284	0.0144583	-8648.41
285	0.0144583	-8500.27
286	0.0144583	-8640.53
287	0.0144583	-9048.3
288	0.0144583	-8747.34
289	0.0144583	-8812.78
290	0.0144583	-8792.97
291	0.0144583	-8538.85
292	0.0144583	-8728.8
293	0.0144583	-8759.16
294	0.0144583	-8868.63
295	0.0144583	-8597.96
296	0.0144583	-8687.25
297	0.0144583	-8577.77
298	0.0144583	-8760.96
299	0.0144583	-8903.25
300	0.0144583	-8920.01
301	0.0144583	-8580.38
302	0.0144583	-8544.37
303	0.0144583	-8672.1
304	0.0144583	-8663.33
305	0.0144583	-8718.93
306	0.0144583	-8800.75
307	0.0144583	-8757.17
308	0.0144583	-8862.23
309	0.0144583	-8679.97
310	0.0144583	-8727.84
311	0.0144583	-8974.59
312	0.0144583	-8998.03
313	0.0144583	-8623.5
314	0.0144583	-8875.16
315	0.0144583	-8803.07
316	0.0144583	-9154.92
317	0.0144583	-9105.12
318	0.0144583	-8468.75
319	0.0144583	-8508.03
320	0.0144583	-8453
321	0.0144583	-8867.21
322	0.0144583	-8795.35
323	0.0144583	-8824.39
324	0.0144583	-9029.69
325	0.0144583	-8980.41
326	0.0144583	-8813.55
327	0.0144583	-8763.82
328	0.0144583	-8741.43
329	0.0144583	-8890.35
330	0.0144583	-9347.68
331	0.0144583	-9101.3
332	0.0144583	-9103.19
333	0.0144583	-9280.5
334	0.0144583	-8748.53
335	0.0144583	-8618.8
336	0.0144583	-8992.12
337	0.0144583	-8669.07
338	0.0144583	-9241.95
339	0.0144583	-9041.31
340	0.0144583	-9081.82
341	0.0144583	-8885.63
342	0.0144583	-8776.45
343	0.0144583	-8733.11
344	0.0144583	-8573.78
345	0.0144583	-8647.22
346	0.0144583	-8682.13
347	0.0144583	-8488.77
348	0.0144583	-8611.55
349	0.0144583	-8783.68
350	0.0144583	-9058.23
351	0.0144583	-9323.79
352	0.0144583	-8952.96
353	0.0144583	-8777.57
354	0.0144583	-8809.09
355	0.0144583	-8855.83
356	0.0144583	-8763.46
357	0.0144583	-8750.95
358	0.0144583	-8634.19
359	0.0144583	-8827.41
360	0.0144583	-8970.19
361	0.0144583	-8840.72
362	0.0144583	-8702.91
363	0.0144583	-8728.25
364	0.0144583	-8697.73
365	0.0144583	-8667.87
366	0.0144583	-8874.4
367	0.0144583	-9035.04
368	0.0144583	-9048.29
369	0.0144583	-8954.16
370	0.0144583	-8788.9
371	0.0144583	-8813.41
372	0.0144583	-8715.99
373	0.0144583	-8836.89
374	0.0144583	-9123.37
375	0.0144583	-9294.41
376	0.0144583	-8763.92
377	0.0144583	-8690.49
378	0.0144583	-8867.18
379	0.0144583	-9087.52
380	0.0144583	-9092.46
381	0.0144583	-8884.3
382	0.0144583	-8827.91
383	0.0144583	-8551.19
384	0.0144583	-8585.78
385	0.0144583	-8769.36
386	0.0144583	-8854.62
387	0.0144583	-9322.21
388	0.0144583	-8654.04
389	0.0144583	-8687.13
390	0.0144583	-8947.64
391	0.0144583	-8826.46
392	0.0144583	-8858.72
393	0.0144583	-8608.02
394	0.0144583	-8570.88
395	0.0144583	-8605.21
396	0.0144583	-8626.26
397	0.0144583	-8607.89
398	0.0144583	-8724.14
399	0.0144583	-8757.09
400	0.0144583	-9071.91
401	0.0144583	-8762.17
402	0.0144583	-8884
403	0.0144583	-8992.43
404	0.0144583	-9338.83
405	0.0144583	-8731.49
406	0.0144583	-8841.1
407	0.0144583	-9222.7
408	0.0144583	-8898.04
409	0.0144583	-8955.88
410	0.0144583	-8580.25
411	0.0144583	-8476.22
412	0.0144583	-8940.23
413	0.0144583	-9031.12
414	0.0144583	-8956.4
415	0.0144583	-9257.58
416	0.0144583	-9045.13
417	0.0144583	-8896
418	0.0144583	-8910.14
419	0.0144583	-8875.65
420	0.0144583	-8934.17
421	0.0144583	-8968.34
422	0.0144583	-8713.53
423	0.0144583	-9007.32
424	0.0144583	-8682.9
425	0.0144583	-8930.53
426	0.0144583	-8738.13
427	0.0144583	-8880.2
428	0.0144583	-9005.73
429	0.0144583	-9157.03
430	0.0144583	-9040.38
431	0.0144583	-8912.43
432	0.0144583	-8802.05
433	0.0144583	-8923.83
434	0.0144583	-8609.72
435	0.0144583	-8810.35
436	0.0144583	-8828.56
437	0.0144583	-8656.33
438	0.0144583	-8512.33
439	0.0144583	-9024.87
440	0.0144583	-8825.65
441	0.0144583	-8711.91
442	0.0144583	-8881.81
443	0.0144583	-8689.31
444	0.0144583	-8857.52
445	0.0144583	-8708.94
446	0.0144583	-8618.98
447	0.0144583	-9113.37
448	0.0144583	-9073.92
449	0.0144583	-8821.72
450	0.0144583	-8790.1
451	0.0144583	-9020.8
452	0.0144583	-8856.83
453	0.0144583	-8889.5
454	0.0144583	-8606.34
455	0.0144583	-8654.36
456	0.0144583	-8857.14
457	0.0144583	-8742.13
458	0.0144583	-8589.9
459	0.0144583	-8591.71
460	0.0144583	-8827.92
461	0.0144583	-8824.53
462	0.0144583	-8717.86
463	0.0144583	-8754.92
464	0.0144583	-8681.68
465	0.0144583	-8602.64
466	0.0144583	-8591.18
467	0.0144583	-8661.71
468	0.0144583	-8778.96
469	0.0144583	-8832.47
470	0.0144583	-8698.35
471	0.0144583	-8901.2
472	0.0144583	-8562.8
473	0.0144583	-8561.34
474	0.0144583	-8889.66
475	0.0144583	-8726.66
476	0.0144583	-8658.21
477	0.0144583	-8580.95
478	0.0144583	-8779.29
479	0.0144583	-8918.37
480	0.0144583	-8765.01
481	0.0144583	-8735.01
482	0.0144583	-8573.14
483	0.0144583	-8848.49
484	0.0144583	-8757.93
485	0.0144583	-8793.88
486	0.0144583	-8629.39
487	0.0144583	-8702.83
488	0.0144583	-8878.88
489	0.0144583	-8784.42
490	0.0144583	-8747.57
491	0.0144583	-9003.43
492	0.0144583	-8914.83
493	0.0144583	-8779.11
494	0.0144583	-8984.37
495	0.0144583	-9036.22
496	0.0144583	-8793.29
497	0.0144583	-9038.46
498	0.0144583	-9153.38
499	0.0144583	-8744.59
500	0.0144583	-8863.67
501	0.0144583	-8658.7
502	0.0144583	-8653.94
503	0.0144583	-8819.28
504	0.0144583	-8745.46
505	0.0144583	-8787.93
506	0.0144583	-8809.25
507	0.0144583	-9017.36
508	0.0144583	-8994.53
509	0.0144583	-8966.28
510	0.0144583	-8902.83
511	0.0144583	-8940.22
512	0.0144583	-8954.75
513	0.0144583	-8732.79
514	0.0144583	-8480.77
515	0.0144583	-8788.37
516	0.0144583	-8707.7
517	0.0144583	-8723.32
518	0.0144583	-8488.1
519	0.0144583	-8958.83
520	0.0144583	-8780.21
521	0.0144583	-8817.88
522	0.0144583	-8666.02
523	0.0144583	-8659.07
524	0.0144583	-8944.28
525	0.0144583	-8872.11
526	0.0144583	-8975.06
527	0.0144583	-8959.05
528	0.0144583	-9177.44
529	0.0144583	-9343.15
530	0.0144583	-8820
531	0.0144583	-8841.47
532	0.0144583	-9009.81
533	0.0144583	-8768.71
534	0.0144583	-8652.24
535	0.0144583	-8708.91
536	0.0144583	-8690.04
537	0.0144583	-8984.93
538	0.0144583	-8640.33
539	0.0144583	-8498.27
540	0.0144583	-8567.51
541	0.0144583	-8537.77
542	0.0144583	-9069.98
543	0.0144583	-9089.65
544	0.0144583	-8835.32
545	0.0144583	-8716.27
546	0.0144583	-9096.86
547	0.0144583	-9309.83
548	0.0144583	-9401.01
549	0.0144583	-9415.74
550	0.0144583	-9301.18
551	0.0144583	-8976.29
552	0.0144583	-8955.18
553	0.0144583	-9114.32
554	0.0144583	-8992.79
555	0.0144583	-9107.12
556	0.0144583	-9062.05
557	0.0144583	-8940.28
558	0.0144583	-9051
559	0.0144583	-8863.54
560	0.0144583	-8696.63
561	0.0144583	-9021.65
562	0.0144583	-8931.83
563	0.0144583	-9194.27
564	0.0144583	-9135.84
565	0.0144583	-8798.29
566	0.0144583	-9098.42
567	0.0144583	-8926.39
568	0.0144583	-8988.91
569	0.0144583	-8823.28
570	0.0144583	-8516.91
571	0.0144583	-9222.04
572	0.0144583	-8866.21
573	0.0144583	-9070.88
574	0.0144583	-8760.43
575	0.0144583	-8731.97
576	0.0144583	-8640.53
577	0.0144583	-8691.47
578	0.0144583	-8659.91
579	0.0144583	-8558.41
580	0.0144583	-9038
581	0.0144583	-8769.71
582	0.0144583	-8549.45
583	0.0144583	-8793.66
584	0.0144583	-9273.8
585	0.0144583	-9301.2
586	0.0144583	-8859.44
587	0.0144583	-8683.13
588	0.0144583	-8704.54
589	0.0144583	-8690.91
590	0.0144583	-8632.37
591	0.0144583	-8662.48
592	0.0144583	-8995.29
593	0.0144583	-9003.26
594	0.0144583	-8996.61
595	0.0144583	-8808.45
596	0.0144583	-9062.57
597	0.0144583	-9021.85
598	0.0144583	-9071.54
599	0.0144583	-8921.81
600	0.0144583	-8887.84
601	0.0144583	-8672
602	0.0144583	-9005.6
603	0.0144583	-8805.39
604	0.0144583	-8912.46
605	0.0144583	-8601.16
606	0.0144583	-8868.77
607	0.0144583	-8827.15
608	0.0144583	-8644.93
609	0.0144583	-9167.18
610	0.0144583	-8672.9
611	0.0144583	-9027.59
612	0.0144583	-9003.75
613	0.0144583	-9007.28
614	0.0144583	-9051.03
615	0.0144583	-8777.61
616	0.0144583	-8901.46
617	0.0144583	-9102.79
618	0.0144583	-8999.14
619	0.0144583	-8913.75
620	0.0144583	-9204.9
621	0.0144583	-9388.63
622	0.0144583	-9049.4
623	0.0144583	-8915.89
624	0.0144583	-9151.97
625	0.0144583	-8834.85
626	0.0144583	-9144.94
627	0.0144583	-8944.4
628	0.0144583	-9725.81
629	0.0144583	-9338.56
630	0.0144583	-9192.29
631	0.0144583	-8964.08
632	0.0144583	-8952.53
633	0.0144583	-8977.92
634	0.0144583	-8747.78
635	0.0144583	-8941.22
636	0.0144583	-9424.67
637	0.0144583	-9287.08
638	0.0144583	-9353.33
639	0.0144583	-8872.76
640	0.0144583	-8964.99
641	0.0144583	-8949.4
642	0.0144583	-8984.55
643	0.0144583	-9060.1
644	0.0144583	-8759.94
645	0.0144583	-8596.52
646	0.0144583	-8810.18
647	0.0144583	-8922.18
648	0.0144583	-9085.38
649	0.0144583	-8992.36
650	0.0144583	-8855.24
651	0.0144583	-8609.23
652	0.0144583	-8788.24
653	0.0144583	-8828.53
654	0.0144583	-8794.65
655	0.0144583	-9033.88
656	0.0144583	-8928.71
657	0.0144583	-8790.49
658	0.0144583	-8975.99
659	0.0144583	-8867.08
660	0.0144583	-8928.08
661	0.0144583	-9146.55
662	0.0144583	-9025.29
663	0.0144583	-9045.07
664	0.0144583	-8907.53
665	0.0144583	-9044.57
666	0.0144583	-8977.63
667	0.0144583	-9010.86
668	0.0144583	-9108.94
669	0.0144583	-8824.24
670	0.0144583	-8820.76
671	0.0144583	-8563.63
672	0.0144583	-8836.09
673	0.0144583	-8613.51
674	0.0144583	-8832.97
675	0.0144583	-8629.89
676	0.0144583	-8595.78
677	0.0144583	-8661.49
678	0.0144583	-8646.42
679	0.0144583	-8630.19
680	0.0144583	-8669.77
681	0.0144583	-8647.8
682	0.0144583	-8697.72
683	0.0144583	-8877.51
684	0.0144583	-8731.69
685	0.0144583	-9332.38
686	0.0144583	-9015.13
687	0.0144583	-8855.15
688	0.0144583	-9080.92
689	0.0144583	-8930.31
690	0.0144583	-8887.42
691	0.0144583	-8918.36
692	0.0144583	-8795.36
693	0.0144583	-8624.9
694	0.0144583	-8687.54
695	0.0144583	-8835.1
696	0.0144583	-9076.7
697	0.0144583	-8956.45
698	0.0144583	-8910.13
699	0.0144583	-8705.05
700	0.0144583	-8997.44
701	0.0144583	-8945.66
702	0.0144583	-8648.8
703	0.0144583	-8624.29
704	0.0144583	-8591
705	0.0144583	-8813.49
706	0.0144583	-8736.02
707	0.0144583	-8574.79
708	0.0144583	-8923.44
709	0.0144583	-8616.67
710	0.0144583	-8789.83
711	0.0144583	-8873.63
712	0.0144583	-8768.3
713	0.0144583	-8852.02
714	0.0144583	-8513.22
715	0.0144583	-8792.91
716	0.0144583	-8912.54
717	0.0144583	-8478.71
718	0.0144583	-9315.61
719	0.0144583	-8689.69
720	0.0144583	-8770.15
721	0.0144583	-8703.33
722	0.0144583	-8825.91
723	0.0144583	-8745.18
724	0.0144583	-8615.74
725	0.0144583	-8856.14
726	0.0144583	-8641.78
727	0.0144583	-8697.63
728	0.0144583	-9138.63
729	0.0144583	-8620.46
730	0.0144583	-8537.72
731	0.0144583	-8612.87
732	0.0144583	-8502.05
733	0.0144583	-9002.96
734	0.0144583	-9149.26
735	0.0144583	-8923.08
736	0.0144583	-9085.52
737	0.0144583	-8827.68
738	0.0144583	-8586.65
739	0.0144583	-8745.16
740	0.0144583	-8900.6
741	0.0144583	-8680.31
742	0.0144583	-8457.1
743	0.0144583	-8466.98
744	0.0144583	-8755.64
745	0.0144583	-8591.89
746	0.0144583	-8684.66
747	0.0144583	-8712.59
748	0.0144583	-8604.05
749	0.0144583	-8614.26
750	0.0144583	-8591.03
751	0.0144583	-8589.83
752	0.0144583	-8694.04
753	0.0144583	-8812.73
754	0.0144583	-8927.89
755	0.0144583	-8720.97
756	0.0144583	-8682.59
757	0.0144583	-8871.37
758	0.0144583	-8758.92
759	0.0144583	-8619.14
760	0.0144583	-8641.73
761	0.0144583	-9164.84
762	0.0144583	-8901.63
763	0.0144583	-8670.92
764	0.0144583	-8628.78
765	0.0144583	-8649.94
766	0.0144583	-8516.37
767	0.0144583	-8751.93
768	0.0144583	-9263.98
769	0.0144583	-9028.43
770	0.0144583	-9038.5
771	0.0144583	-8594.38
772	0.0144583	-8592.35
773	0.0144583	-8695.02
774	0.0144583	-8738.7
775	0.0144583	-8848.8
776	0.0144583	-8971.88
777	0.0144583	-8966.89
778	0.0144583	-8930.48
779	0.0144583	-8940.9
780	0.0144583	-8661.8
781	0.0144583	-8632.49
782	0.0144583	-8831.71
783	0.0144583	-8531.13
784	0.0144583	-8772.51
785	0.0144583	-8733.9
786	0.0144583	-8872.1
787	0.0144583	-8626.03
788	0.0144583	-8979.5
789	0.0144583	-8579.05
790	0.0144583	-8655.28
791	0.0144583	-8972.88
792	0.0144583	-8958.29
793	0.0144583	-9103
794	0.0144583	-8988.1
795	0.0144583	-8852.21
796	0.0144583	-8819.44
797	0.0144583	-8567.18
798	0.0144583	-8570.18
799	0.0144583	-8620.34
800	0.0144583	-8657.87
801	0.0144583	-8792.42
802	0.0144583	-9409.11
803	0.0144583	-8867.97
804	0.0144583	-8985.39
805	0.0144583	-8701.11
806	0.0144583	-9274.74
807	0.0144583	-8644.63
808	0.0144583	-9136.81
809	0.0144583	-8626.71
810	0.0144583	-8687.81
811	0.0144583	-8788.12
812	0.0144583	-9427.36
813	0.0144583	-9198.84
814	0.0144583	-8982
815	0.0144583	-8797.57
816	0.0144583	-8505.18
817	0.0144583	-8868.97
818	0.0144583	-9011.43
819	0.0144583	-8686.76
820	0.0144583	-8751.94
821	0.0144583	-8903.83
822	0.0144583	-9056.83
823	0.0144583	-8785.49
824	0.0144583	-8852.41
825	0.0144583	-8731.78
826	0.0144583	-8840.19
827	0.0144583	-8964.73
828	0.0144583	-8853.66
829	0.0144583	-8819.51
830	0.0144583	-8597.34
831	0.0144583	-8774.44
832	0.0144583	-8755.36
833	0.0144583	-9027.58
834	0.0144583	-8725.51
835	0.0144583	-8920.91
836	0.0144583	-9126.22
837	0.0144583	-8806.38
838	0.0144583	-8897.4
839	0.0144583	-8714.12
840	0.0144583	-8706.75
841	0.0144583	-8944.37
842	0.0144583	-9259.11
843	0.0144583	-8934.69
844	0.0144583	-8669.51
845	0.0144583	-8705.23
846	0.0144583	-8590.51
847	0.0144583	-8658.86
848	0.0144583	-8508.72
849	0.0144583	-8562.67
850	0.0144583	-8749.07
851	0.0144583	-8656.04
852	0.0144583	-8502.16
853	0.0144583	-8661.2
854	0.0144583	-8773.86
855	0.0144583	-8704.64
856	0.0144583	-8831.5
857	0.0144583	-8901.53
858	0.0144583	-9021.34
859	0.0144583	-9063.32
860	0.0144583	-8825.73
861	0.0144583	-8723.99
862	0.0144583	-8880.61
863	0.0144583	-8795.33
864	0.0144583	-8725.17
865	0.0144583	-8583.95
866	0.0144583	-8985.13
867	0.0144583	-9129.38
868	0.0144583	-8871.64
869	0.0144583	-8747.3
870	0.0144583	-8812.08
871	0.0144583	-8875.41
872	0.0144583	-9011.06
873	0.0144583	-9203.21
874	0.0144583	-8991.5
875	0.0144583	-8842.25
876	0.0144583	-9190.16
877	0.0144583	-8928.79
878	0.0144583	-8786.84
879	0.0144583	-8829.27
880	0.0144583	-9289.51
881	0.0144583	-9329.26
882	0.0144583	-9712.78
883	0.0144583	-9455.85
884	0.0144583	-9238.68
885	0.0144583	-8991.56
886	0.0144583	-9109.53
887	0.0144583	-8996.04
888	0.0144583	-8965.34
889	0.0144583	-8919.76
890	0.0144583	-8951.87
891	0.0144583	-9069.61
892	0.0144583	-8669.86
893	0.0144583	-8889.78
894	0.0144583	-8912.57
895	0.0144583	-8910.41
896	0.0144583	-8940.67
897	0.0144583	-9141.77
898	0.0144583	-9065.26
899	0.0144583	-8916.66
900	0.0144583	-8596.38
901	0.0144583	-8877.54
902	0.0144583	-8505.75
903	0.0144583	-8677.12
904	0.0144583	-9093.29
905	0.0144583	-8982.12
906	0.0144583	-8534.86
907	0.0144583	-8837.28
908	0.0144583	-8908.24
909	0.0144583	-8880.2
910	0.0144583	-8870.86
911	0.0144583	-9053
912	0.0144583	-9070.51
913	0.0144583	-9017.47
914	0.0144583	-8899.03
915	0.0144583	-8684.71
916	0.0144583	-8662.3
917	0.0144583	-8860.86
918	0.0144583	-8599.24
919	0.0144583	-8865.99
920	0.0144583	-8846.35
921	0.0144583	-8824.25
922	0.0144583	-8801.23
923	0.0144583	-9211.51
924	0.0144583	-9262.52
925	0.0144583	-8734.39
926	0.0144583	-8644.21
927	0.0144583	-8857.61
928	0.0144583	-8599.91
929	0.0144583	-8562.43
930	0.0144583	-8659.08
931	0.0144583	-8532.76
932	0.0144583	-8518.65
933	0.0144583	-8850.11
934	0.0144583	-9022.07
935	0.0144583	-9202.7
936	0.0144583	-9406.38
937	0.0144583	-8879.18
938	0.0144583	-9037.21
939	0.0144583	-8634.36
940	0.0144583	-8569.36
941	0.0144583	-8661.98
942	0.0144583	-8654.19
943	0.0144583	-8605.66
944	0.0144583	-8720.44
945	0.0144583	-8673.51
946	0.0144583	-8832.84
947	0.0144583	-9177.75
948	0.0144583	-8863.04
949	0.0144583	-8773.95
950	0.0144583	-8773.94
951	0.0144583	-8854.61
952	0.0144583	-9061.71
953	0.0144583	-9141.64
954	0.0144583	-8999.85
955	0.0144583	-8698.46
956	0.0144583	-8795.8
957	0.0144583	-8646.34
958	0.0144583	-8899.82
959	0.0144583	-8838.51
960	0.0144583	-9042.04
961	0.0144583	-8896.92
962	0.0144583	-8881
963	0.0144583	-8894.22
964	0.0144583	-8703.96
965	0.0144583	-8541.92
966	0.0144583	-8745.02
967	0.0144583	-8854.39
968	0.0144583	-9157.81
969	0.0144583	-8464.94
970	0.0144583	-8913.9
971	0.0144583	-8946.62
972	0.0144583	-8723.79
973	0.0144583	-8780.84
974	0.0144583	-8927.39
975	0.0144583	-8876.62
976	0.0144583	-8769.75
977	0.0144583	-8612.84
978	0.0144583	-8715.71
979	0.0144583	-8690.28
980	0.0144583	-8931.89
981	0.0144583	-8793.93
982	0.0144583	-8767.69
983	0.0144583	-8778.75
984	0.0144583	-8891.09
985	0.0144583	-8642.45
986	0.0144583	-8768.07
987	0.0144583	-8779.14
988	0.0144583	-9035.67
989	0.0144583	-8854.25
990	0.0144583	-9355.76
991	0.0144583	-8987.44
992	0.0144583	-8730.08
993	0.0144583	-9032.4
994	0.0144583	-8811.04
995	0.0144583	-8804.52
996	0.0144583	-9113.3
997	0.0144583	-8925.08
998	0.0144583	-8833.81
999	0.0144583	-8635.99
1000	0.0144583	-8880.57
251	0.0113284	-8861.13
252	0.0113284	-8930.67
253	0.0113284	-9033.08
254	0.0113284	-8802.43
255	0.0113284	-8895.32
256	0.0113284	-8755.64
257	0.0113284	-9298.56
258	0.0113284	-9249.38
259	0.0113284	-9036.49
260	0.0113284	-9028.19
261	0.0113284	-9656.26
262	0.0113284	-9131.98
263	0.0113284	-9016.54
264	0.0113284	-9080.96
265	0.0113284	-9186.36
266	0.0113284	-9001.87
267	0.0113284	-9094.46
268	0.0113284	-8920.41
269	0.0113284	-8923.9
270	0.0113284	-8739.36
271	0.0113284	-9009.86
272	0.0113284	-9281.47
273	0.0113284	-8898.33
274	0.0113284	-8775.94
275	0.0113284	-9119.77
276	0.0113284	-9318.24
277	0.0113284	-9338.67
278	0.0113284	-8991.55
279	0.0113284	-9204.26
280	0.0113284	-9085.58
281	0.0113284	-8995.42
282	0.0113284	-9075.38
283	0.0113284	-9042.75
284	0.0113284	-9024.51
285	0.0113284	-9196.3
286	0.0113284	-9159.44
287	0.0113284	-8780.36
288	0.0113284	-9276.58
289	0.0113284	-8943.57
290	0.0113284	-8767.57
291	0.0113284	-9267.49
292	0.0113284	-8930.04
293	0.0113284	-8657.1
294	0.0113284	-8567.76
295	0.0113284	-8836.41
296	0.0113284	-8909
297	0.0113284	-8773.38
298	0.0113284	-9014.48
299	0.0113284	-9070.85
300	0.0113284	-9194.85
301	0.0113284	-8913.89
302	0.0113284	-8723.92
303	0.0113284	-9054.23
304	0.0113284	-8796.98
305	0.0113284	-9091.16
306	0.0113284	-9132.57
307	0.0113284	-9045.53
308	0.0113284	-9004.7
309	0.0113284	-8963.06
310	0.0113284	-8980.57
311	0.0113284	-9125.78
312	0.0113284	-9104.59
313	0.0113284	-9013.39
314	0.0113284	-9187.45
315	0.0113284	-9160.98
316	0.0113284	-8980.14
317	0.0113284	-9275.96
318	0.0113284	-9222.19
319	0.0113284	-9083.25
320	0.0113284	-9152.58
321	0.0113284	-8977.46
322	0.0113284	-9247.29
323	0.0113284	-9347.37
324	0.0113284	-8623.08
325	0.0113284	-8799.6
326	0.0113284	-8680.4
327	0.0113284	-8684.73
328	0.0113284	-8635.5
329	0.0113284	-8584.88
330	0.0113284	-8767.87
331	0.0113284	-8939.91
332	0.0113284	-8695.33
333	0.0113284	-8958.19
334	0.0113284	-9005.49
335	0.0113284	-8700.66
336	0.0113284	-8864.15
337	0.0113284	-8994.07
338	0.0113284	-9322.6
339	0.0113284	-9215.61
340	0.0113284	-9175.68
341	0.0113284	-8918.85
342	0.0113284	-8960.35
343	0.0113284	-9005.28
344	0.0113284	-9170.1
345	0.0113284	-9172.27
346	0.0113284	-9103.8
347	0.0113284	-9251.05
348	0.0113284	-8915.03
349	0.0113284	-8874.86
350	0.0113284	-8787.4
351	0.0113284	-9109.51
352	0.0113284	-8890.79
353	0.0113284	-9062.18
354	0.0113284	-8956.7
355	0.0113284	-9052.95
356	0.0113284	-9054.72
357	0.0113284	-9124.93
358	0.0113284	-8955.89
359	0.0113284	-8713.21
360	0.0113284	-8989.53
361	0.0113284	-9229.39
362	0.0113284	-9612.27
363	0.0113284	-9195.1
364	0.0113284	-9365.96
365	0.0113284	-8658.18
366	0.0113284	-8763.87
367	0.0113284	-8985.4
368	0.0113284	-9518.92
369	0.0113284	-9081.62
370	0.0113284	-8723.45
371	0.0113284	-9173.91
372	0.0113284	-9248.28
373	0.0113284	-9110.03
374	0.0113284	-9317.42
375	0.0113284	-9048.96
376	0.0113284	-8933.96
377	0.0113284	-8748.11
378	0.0113284	-8861.15
379	0.0113284	-9221.7
380	0.0113284	-9413.95
381	0.0113284	-8885.54
382	0.0113284	-9312.43
383	0.0113284	-8810.19
384	0.0113284	-8692.27
385	0.0113284	-9148.03
386	0.0113284	-9144.49
387	0.0113284	-9005.9
388	0.0113284	-8963.5
389	0.0113284	-9256.8
390	0.0113284	-9351.57
391	0.0113284	-8901.97
392	0.0113284	-8965.21
393	0.0113284	-9076.65
394	0.0113284	-8879.88
395	0.0113284	-9005.96
396	0.0113284	-9246.51
397	0.0113284	-8770.22
398	0.0113284	-9141.47
399	0.0113284	-9218.75
400	0.0113284	-9015.4
401	0.0113284	-9282.21
402	0.0113284	-9195.11
403	0.0113284	-9238.63
404	0.0113284	-9433.27
405	0.0113284	-9289.26
406	0.0113284	-8786.4
407	0.0113284	-9542.17
408	0.0113284	-9060.2
409	0.0113284	-9004.07
410	0.0113284	-9012.39
411	0.0113284	-8722.43
412	0.0113284	-9043.66
413	0.0113284	-8756.66
414	0.0113284	-8808.85
415	0.0113284	-9015.32
416	0.0113284	-9042.43
417	0.0113284	-8886.43
418	0.0113284	-8977.27
419	0.0113284	-9109.59
420	0.0113284	-9138.66
421	0.0113284	-8916.8
422	0.0113284	-9049.17
423	0.0113284	-8881.98
424	0.0113284	-8672.83
425	0.0113284	-8868.87
426	0.0113284	-8628.61
427	0.0113284	-8695.78
428	0.0113284	-8628.48
429	0.0113284	-8893.27
430	0.0113284	-8821.17
431	0.0113284	-8940.67
432	0.0113284	-8897.44
433	0.0113284	-8832.9
434	0.0113284	-8660.72
435	0.0113284	-8485.96
436	0.0113284	-8909.63
437	0.0113284	-8865.01
438	0.0113284	-8925.53
439	0.0113284	-9107.29
440	0.0113284	-9232.19
441	0.0113284	-9290.38
442	0.0113284	-9775.05
443	0.0113284	-9075.3
444	0.0113284	-9272.97
445	0.0113284	-9115.89
446	0.0113284	-9085.85
447	0.0113284	-9070.85
448	0.0113284	-8766.16
449	0.0113284	-8810.2
450	0.0113284	-9122.96
451	0.0113284	-8856.59
452	0.0113284	-9365.94
453	0.0113284	-9336
454	0.0113284	-9100.64
455	0.0113284	-9138.2
456	0.0113284	-9151.73
457	0.0113284	-9027.81
458	0.0113284	-9132.83
459	0.0113284	-8668.73
460	0.0113284	-8851.23
461	0.0113284	-8891.11
462	0.0113284	-9098.63
463	0.0113284	-9415
464	0.0113284	-9331.3
465	0.0113284	-9274.88
466	0.0113284	-9460.33
467	0.0113284	-9492.77
468	0.0113284	-9086.09
469	0.0113284	-9118.67
470	0.0113284	-9068.13
471	0.0113284	-9039.5
472	0.0113284	-9114.84
473	0.0113284	-8955.28
474	0.0113284	-9288.43
475	0.0113284	-8904.8
476	0.0113284	-8700.99
477	0.0113284	-8791.49
478	0.0113284	-8556.65
479	0.0113284	-8727.24
480	0.0113284	-9045.03
481	0.0113284	-9171.19
482	0.0113284	-8956.3
483	0.0113284	-8736.91
484	0.0113284	-8929.16
485	0.0113284	-9399.9
486	0.0113284	-9059.41
487	0.0113284	-9353.18
488	0.0113284	-9723.18
489	0.0113284	-9413.33
490	0.0113284	-9445.09
491	0.0113284	-9399.47
492	0.0113284	-9351.9
493	0.0113284	-9054.95
494	0.0113284	-9285.2
495	0.0113284	-9030.73
496	0.0113284	-9242.17
497	0.0113284	-9477.17
498	0.0113284	-9304.74
499	0.0113284	-9020.81
500	0.0113284	-9159.45
501	0.0113284	-9287.94
502	0.0113284	-9238.46
503	0.0113284	-9420.14
504	0.0113284	-8996.75
505	0.0113284	-9062.67
506	0.0113284	-8684.03
507	0.0113284	-8617.71
508	0.0113284	-8682.56
509	0.0113284	-8602.39
510	0.0113284	-8588.43
511	0.0113284	-8694.71
512	0.0113284	-8986.16
513	0.0113284	-8628.55
514	0.0113284	-8903.12
515	0.0113284	-9184.09
516	0.0113284	-8824.28
517	0.0113284	-8835.66
518	0.0113284	-8951.83
519	0.0113284	-8952.74
520	0.0113284	-9151.47
521	0.0113284	-8757.19
522	0.0113284	-9006.44
523	0.0113284	-8917.49
524	0.0113284	-8911.61
525	0.0113284	-8907.83
526	0.0113284	-9074.71
527	0.0113284	-9199.8
528	0.0113284	-9372.47
529	0.0113284	-9280.25
530	0.0113284	-9257.02
531	0.0113284	-9090.87
532	0.0113284	-9465.34
533	0.0113284	-9274.57
534	0.0113284	-9299.97
535	0.0113284	-9277.89
536	0.0113284	-9337.47
537	0.0113284	-8893.43
538	0.0113284	-8935.83
539	0.0113284	-9018.41
540	0.0113284	-9116.96
541	0.0113284	-8946.89
542	0.0113284	-9414.33
543	0.0113284	-8776.51
544	0.0113284	-9189.3
545	0.0113284	-8957.46
546	0.0113284	-9003.24
547	0.0113284	-9279.75
548	0.0113284	-9418.67
549	0.0113284	-9466.49
550	0.0113284	-9277.63
551	0.0113284	-9018.43
552	0.0113284	-8864.79
553	0.0113284	-8897.95
554	0.0113284	-8905.48
555	0.0113284	-8920.52
556	0.0113284	-8899.35
557	0.0113284	-8607.66
558	0.0113284	-8782.69
559	0.0113284	-8653.23
560	0.0113284	-8863.82
561	0.0113284	-8896.49
562	0.0113284	-8773.57
563	0.0113284	-8784.46
564	0.0113284	-9008.66
565	0.0113284	-8891.14
566	0.0113284	-9125.82
567	0.0113284	-9189.46
568	0.0113284	-9005.61
569	0.0113284	-9057.44
570	0.0113284	-8938.44
571	0.0113284	-8667.71
572	0.0113284	-8617.91
573	0.0113284	-8790.75
574	0.0113284	-8683.45
575	0.0113284	-8846.11
576	0.0113284	-9601.28
577	0.0113284	-9264.25
578	0.0113284	-8954.65
579	0.0113284	-9212.7
580	0.0113284	-8936.39
581	0.0113284	-8995.44
582	0.0113284	-9080.55
583	0.0113284	-8962.35
584	0.0113284	-8916.79
585	0.0113284	-9370.72
586	0.0113284	-8835.81
587	0.0113284	-9334.86
588	0.0113284	-9431.83
589	0.0113284	-9121.81
590	0.0113284	-9204.44
591	0.0113284	-9257.08
592	0.0113284	-8920.47
593	0.0113284	-8946.77
594	0.0113284	-8871.12
595	0.0113284	-8741.85
596	0.0113284	-8629.29
597	0.0113284	-9030.38
598	0.0113284	-9417.6
599	0.0113284	-8584.88
600	0.0113284	-8741.57
601	0.0113284	-8668.94
602	0.0113284	-9015.77
603	0.0113284	-8901.96
604	0.0113284	-9012.31
605	0.0113284	-8975.31
606	0.0113284	-8738.63
607	0.0113284	-8891.83
608	0.0113284	-8995.47
609	0.0113284	-9241.59
610	0.0113284	-8916.46
611	0.0113284	-9378.7
612	0.0113284	-9028.47
613	0.0113284	-8900.97
614	0.0113284	-9095.84
615	0.0113284	-9489.38
616	0.0113284	-9450.21
617	0.0113284	-8840.96
618	0.0113284	-8793.57
619	0.0113284	-9039.1
620	0.0113284	-8993.68
621	0.0113284	-8647
622	0.0113284	-8967.34
623	0.0113284	-9080.81
624	0.0113284	-9476.73
625	0.0113284	-9583.82
626	0.0113284	-9330.06
627	0.0113284	-9001.5
628	0.0113284	-9072.16
629	0.0113284	-9084.66
630	0.0113284	-8954.55
631	0.0113284	-8967.17
632	0.0113284	-8974.37
633	0.0113284	-9858.47
634	0.0113284	-8876.77
635	0.0113284	-8941.03
636	0.0113284	-8987.45
637	0.0113284	-8796.35
638	0.0113284	-8935.07
639	0.0113284	-8991.43
640	0.0113284	-8825.12
641	0.0113284	-9134.55
642	0.0113284	-9103.44
643	0.0113284	-8894.96
644	0.0113284	-8851.82
645	0.0113284	-8697.75
646	0.0113284	-8805.99
647	0.0113284	-8538.86
648	0.0113284	-9211.96
649	0.0113284	-9067.62
650	0.0113284	-9110.48
651	0.0113284	-8881.96
652	0.0113284	-8961.48
653	0.0113284	-9140.84
654	0.0113284	-8970.98
655	0.0113284	-8786.64
656	0.0113284	-8795.53
657	0.0113284	-9011.44
658	0.0113284	-8994.09
659	0.0113284	-9083
660	0.0113284	-8738.17
661	0.0113284	-9130.56
662	0.0113284	-9567.49
663	0.0113284	-9273.51
664	0.0113284	-9182.17
665	0.0113284	-9129.54
666	0.0113284	-9442.43
667	0.0113284	-8901.63
668	0.0113284	-8693.67
669	0.0113284	-8959.67
670	0.0113284	-9226.41
671	0.0113284	-9439.46
672	0.0113284	-9105.19
673	0.0113284	-9624.41
674	0.0113284	-9113.92
675	0.0113284	-9516.54
676	0.0113284	-9044.83
677	0.0113284	-9458.26
678	0.0113284	-9125.12
679	0.0113284	-8897.58
680	0.0113284	-9127.9
681	0.0113284	-8902.01
682	0.0113284	-9098.17
683	0.0113284	-9219.81
684	0.0113284	-8913.07
685	0.0113284	-8712.78
686	0.0113284	-8930.95
687	0.0113284	-9078.28
688	0.0113284	-9026.97
689	0.0113284	-8950.6
690	0.0113284	-8686.76
691	0.0113284	-8942.07
692	0.0113284	-8626.54
693	0.0113284	-8912.24
694	0.0113284	-8860.9
695	0.0113284	-8786.39
696	0.0113284	-9150.49
697	0.0113284	-9053.26
698	0.0113284	-8724.97
699	0.0113284	-8569.76
700	0.0113284	-9073.73
701	0.0113284	-8641.29
702	0.0113284	-8728.84
703	0.0113284	-8928.3
704	0.0113284	-9195.57
705	0.0113284	-9022.19
706	0.0113284	-8823.15
707	0.0113284	-9053.64
708	0.0113284	-8861.12
709	0.0113284	-9770.12
710	0.0113284	-8805.14
711	0.0113284	-9244.6
712	0.0113284	-9231.17
713	0.0113284	-9329.64
714	0.0113284	-8913.58
715	0.0113284	-8848.94
716	0.0113284	-8967.83
717	0.0113284	-9047.14
718	0.0113284	-9329.12
719	0.0113284	-9101.2
720	0.0113284	-8652.54
721	0.0113284	-8882.72
722	0.0113284	-8709.82
723	0.0113284	-9363.44
724	0.0113284	-8839.05
725	0.0113284	-8853.86
726	0.0113284	-8718.48
727	0.0113284	-8834.21
728	0.0113284	-8481.15
729	0.0113284	-8876.13
730	0.0113284	-8521.64
731	0.0113284	-8625.44
732	0.0113284	-8690.75
733	0.0113284	-8797.95
734	0.0113284	-8847.66
735	0.0113284	-8737.99
736	0.0113284	-8885.16
737	0.0113284	-8804.68
738	0.0113284	-8790.73
739	0.0113284	-8759.69
740	0.0113284	-8750.83
741	0.0113284	-9071.42
742	0.0113284	-9173.96
743	0.0113284	-9094.09
744	0.0113284	-9069.21
745	0.0113284	-8829.96
746	0.0113284	-8944.5
747	0.0113284	-9311.9
748	0.0113284	-8834.44
749	0.0113284	-9218.39
750	0.0113284	-9182.68
751	0.0113284	-8929.63
752	0.0113284	-9126.1
753	0.0113284	-9273.07
754	0.0113284	-9197.17
755	0.0113284	-8881.52
756	0.0113284	-9179.47
757	0.0113284	-8873.92
758	0.0113284	-8925.25
759	0.0113284	-8899.47
760	0.0113284	-8829.15
761	0.0113284	-8755.68
762	0.0113284	-8640.77
763	0.0113284	-8877.24
764	0.0113284	-8887.66
765	0.0113284	-9012
766	0.0113284	-9143.12
767	0.0113284	-9022.07
768	0.0113284	-8957.26
769	0.0113284	-8959.07
770	0.0113284	-9104.72
771	0.0113284	-9057.73
772	0.0113284	-8850.03
773	0.0113284	-8564.28
774	0.0113284	-8728.15
775	0.0113284	-8788.3
776	0.0113284	-8925.51
777	0.0113284	-9176.22
778	0.0113284	-9418.96
779	0.0113284	-9382.91
780	0.0113284	-9976.31
781	0.0113284	-9262.16
782	0.0113284	-8885.43
783	0.0113284	-8810.58
784	0.0113284	-9042.48
785	0.0113284	-9405.03
786	0.0113284	-9043.78
787	0.0113284	-9128.87
788	0.0113284	-8797.85
789	0.0113284	-9400.57
790	0.0113284	-8659.82
791	0.0113284	-8941.01
792	0.0113284	-8727.7
793	0.0113284	-9123.53
794	0.0113284	-9179.52
795	0.0113284	-8682.89
796	0.0113284	-8796.61
797	0.0113284	-8880.97
798	0.0113284	-9046.02
799	0.0113284	-8922.3
800	0.0113284	-9148.53
801	0.0113284	-8892.52
802	0.0113284	-9122.35
803	0.0113284	-8826.49
804	0.0113284	-8866.15
805	0.0113284	-8936.96
806	0.0113284	-8842.86
807	0.0113284	-8997.3
808	0.0113284	-8889.43
809	0.0113284	-8984.15
810	0.0113284	-9456.02
811	0.0113284	-9099.71
812	0.0113284	-9063.24
813	0.0113284	-8909.52
814	0.0113284	-9089.95
815	0.0113284	-8855.68
816	0.0113284	-8982.88
817	0.0113284	-9004.46
818	0.0113284	-9174.27
819	0.0113284	-9058.58
820	0.0113284	-9319.26
821	0.0113284	-9209.59
822	0.0113284	-8949.41
823	0.0113284	-9481.09
824	0.0113284	-9209.86
825	0.0113284	-9237.65
826	0.0113284	-9197.05
827	0.0113284	-9438.74
828	0.0113284	-9222.26
829	0.0113284	-8685.31
830	0.0113284	-8839.8
831	0.0113284	-9107.59
832	0.0113284	-9178.79
833	0.0113284	-8817.13
834	0.0113284	-8597.93
835	0.0113284	-9057.25
836	0.0113284	-9130.79
837	0.0113284	-8952.24
838	0.0113284	-9696.18
839	0.0113284	-9078.18
840	0.0113284	-9102.56
841	0.0113284	-8929.2
842	0.0113284	-8751.6
843	0.0113284	-8675.82
844	0.0113284	-8551.76
845	0.0113284	-8714.54
846	0.0113284	-8684.2
847	0.0113284	-8759.8
848	0.0113284	-8823.6
849	0.0113284	-8908.93
850	0.0113284	-8816.98
851	0.0113284	-8960.36
852	0.0113284	-9355.17
853	0.0113284	-8772.68
854	0.0113284	-8701.94
855	0.0113284	-9141.07
856	0.0113284	-8596.76
857	0.0113284	-8720.71
858	0.0113284	-8795.77
859	0.0113284	-8811.39
860	0.0113284	-8831.78
861	0.0113284	-8999.89
862	0.0113284	-9028.77
863	0.0113284	-9187.03
864	0.0113284	-9031.67
865	0.0113284	-8728.94
866	0.0113284	-8904.66
867	0.0113284	-9349.84
868	0.0113284	-8995.21
869	0.0113284	-8877.61
870	0.0113284	-9211.52
871	0.0113284	-8987.07
872	0.0113284	-8858.48
873	0.0113284	-8877.95
874	0.0113284	-9231.41
875	0.0113284	-9020.73
876	0.0113284	-8885.64
877	0.0113284	-8718.64
878	0.0113284	-8791.12
879	0.0113284	-9227.97
880	0.0113284	-8937.89
881	0.0113284	-8771.89
882	0.0113284	-8629.51
883	0.0113284	-8549.07
884	0.0113284	-8899.1
885	0.0113284	-8834.75
886	0.0113284	-8584.81
887	0.0113284	-8652.43
888	0.0113284	-8964.31
889	0.0113284	-8953.73
890	0.0113284	-8950.6
891	0.0113284	-8913.52
892	0.0113284	-9070.76
893	0.0113284	-8997.9
894	0.0113284	-8953.57
895	0.0113284	-8876.39
896	0.0113284	-9440.49
897	0.0113284	-9010.52
898	0.0113284	-9274.3
899	0.0113284	-9123.42
900	0.0113284	-9210.47
901	0.0113284	-8940.16
902	0.0113284	-8838.35
903	0.0113284	-8833.02
904	0.0113284	-9030.8
905	0.0113284	-8686.13
906	0.0113284	-8701.26
907	0.0113284	-8682.76
908	0.0113284	-9447.05
909	0.0113284	-9464.67
910	0.0113284	-8895.11
911	0.0113284	-9501.67
912	0.0113284	-8822.6
913	0.0113284	-8743.52
914	0.0113284	-8743.51
915	0.0113284	-8691.19
916	0.0113284	-8949.46
917	0.0113284	-8954.78
918	0.0113284	-9284.6
919	0.0113284	-9039.81
920	0.0113284	-8895.31
921	0.0113284	-9051.26
922	0.0113284	-9419.1
923	0.0113284	-9147.07
924	0.0113284	-9294.32
925	0.0113284	-9274.95
926	0.0113284	-9206.52
927	0.0113284	-9295.87
928	0.0113284	-9124.79
929	0.0113284	-9277.65
930	0.0113284	-8942.44
931	0.0113284	-8969.98
932	0.0113284	-9015.45
933	0.0113284	-9067.2
934	0.0113284	-8673.5
935	0.0113284	-8806.83
936	0.0113284	-8834.08
937	0.0113284	-8937.85
938	0.0113284	-9301.92
939	0.0113284	-9008.49
940	0.0113284	-8974.5
941	0.0113284	-9077.65
942	0.0113284	-9397.57
943	0.0113284	-8674.71
944	0.0113284	-8716.51
945	0.0113284	-8725.09
946	0.0113284	-8918.5
947	0.0113284	-8786.67
948	0.0113284	-8812.18
949	0.0113284	-8768.1
950	0.0113284	-8593.45
951	0.0113284	-8621.6
952	0.0113284	-8739.95
953	0.0113284	-8903.28
954	0.0113284	-9103.17
955	0.0113284	-8961.32
956	0.0113284	-9324.16
957	0.0113284	-8895.85
958	0.0113284	-9301.04
959	0.0113284	-9256.92
960	0.0113284	-8723.52
961	0.0113284	-8858.15
962	0.0113284	-8806.14
963	0.0113284	-8974.01
964	0.0113284	-9253.38
965	0.0113284	-8884.85
966	0.0113284	-9091.32
967	0.0113284	-8922.74
968	0.0113284	-8665.67
969	0.0113284	-9006.09
970	0.0113284	-8939.79
971	0.0113284	-8947.2
972	0.0113284	-9034.57
973	0.0113284	-9295.35
974	0.0113284	-8916.46
975	0.0113284	-8695.38
976	0.0113284	-8816.4
977	0.0113284	-8916.94
978	0.0113284	-8687.24
979	0.0113284	-8632.36
980	0.0113284	-8611.43
981	0.0113284	-8804.05
982	0.0113284	-8850.61
983	0.0113284	-9338.27
984	0.0113284	-9226.69
985	0.0113284	-9256.17
986	0.0113284	-8890.89
987	0.0113284	-8613.68
988	0.0113284	-8903.88
989	0.0113284	-8740.45
990	0.0113284	-8944.66
991	0.0113284	-8935.35
992	0.0113284	-9098.6
993	0.0113284	-9103.72
994	0.0113284	-9427.42
995	0.0113284	-9006.47
996	0.0113284	-8876.62
997	0.0113284	-8943
998	0.0113284	-9083.6
999	0.0113284	-8815.75
1000	0.0113284	-9393.81
251	0.00876572	-8886.49
252	0.00876572	-9360.75
253	0.00876572	-9113.09
254	0.00876572	-9002.15
255	0.00876572	-9118.62
256	0.00876572	-9214.61
257	0.00876572	-9244.68
258	0.00876572	-9171.14
259	0.00876572	-8904.28
260	0.00876572	-9091.28
261	0.00876572	-9513.05
262	0.00876572	-8772.36
263	0.00876572	-9762.22
264	0.00876572	-8995.13
265	0.00876572	-9689.38
266	0.00876572	-8851.75
267	0.00876572	-8860.23
268	0.00876572	-9303.28
269	0.00876572	-9232.75
270	0.00876572	-8798.1
271	0.00876572	-8563.53
272	0.00876572	-8528.52
273	0.00876572	-9007.04
274	0.00876572	-9139.53
275	0.00876572	-9718.36
276	0.00876572	-9259.14
277	0.00876572	-8755.72
278	0.00876572	-9367.14
279	0.00876572	-9500.56
280	0.00876572	-10478.5
281	0.00876572	-10067.2
282	0.00876572	-9919.73
283	0.00876572	-9063.76
284	0.00876572	-8948.1
285	0.00876572	-9065.54
286	0.00876572	-9332.27
287	0.00876572	-8678.56
288	0.00876572	-8805.72
289	0.00876572	-9015.42
290	0.00876572	-9260.41
291	0.00876572	-9628.12
292	0.00876572	-9439.13
293	0.00876572	-9342.81
294	0.00876572	-9039.42
295	0.00876572	-9164.02
296	0.00876572	-9019.75
297	0.00876572	-8956.4
298	0.00876572	-8625.77
299	0.00876572	-8941.36
300	0.00876572	-9062.38
301	0.00876572	-8787.69
302	0.00876572	-9497.16
303	0.00876572	-8803.1
304	0.00876572	-9273.32
305	0.00876572	-9138.8
306	0.00876572	-9006
307	0.00876572	-9388.27
308	0.00876572	-9494.5
309	0.00876572	-9233.08
310	0.00876572	-9476.14
311	0.00876572	-9429.37
312	0.00876572	-8968.85
313	0.00876572	-9288.77
314	0.00876572	-8663.05
315	0.00876572	-8728.89
316	0.00876572	-9034.51
317	0.00876572	-8934.2
318	0.00876572	-9305.58
319	0.00876572	-8951.7
320	0.00876572	-9528.47
321	0.00876572	-9244.89
322	0.00876572	-9158.39
323	0.00876572	-8756.44
324	0.00876572	-9083.38
325	0.00876572	-9134.03
326	0.00876572	-9253.05
327	0.00876572	-9540.26
328	0.00876572	-9163.02
329	0.00876572	-9351.41
330	0.00876572	-9416.3
331	0.00876572	-9199.07
332	0.00876572	-9056.72
333	0.00876572	-9314.66
334	0.00876572	-9380.3
335	0.00876572	-9253.91
336	0.00876572	-9091.76
337	0.00876572	-9309.64
338	0.00876572	-9581.88
339	0.00876572	-9082.18
340	0.00876572	-8876.26
341	0.00876572	-9170.67
342	0.00876572	-9007.92
343	0.00876572	-9068.8
344	0.00876572	-8857.09
345	0.00876572	-9229.62
346	0.00876572	-9165.64
347	0.00876572	-9056.56
348	0.00876572	-9412.86
349	0.00876572	-9456.25
350	0.00876572	-9586.34
351	0.00876572	-9265.24
352	0.00876572	-9338.58
353	0.00876572	-9294.66
354	0.00876572	-9657.48
355	0.00876572	-9428
356	0.00876572	-9412.62
357	0.00876572	-10064.9
358	0.00876572	-9617.38
359	0.00876572	-9327.4
360	0.00876572	-9272.34
361	0.00876572	-9587.27
362	0.00876572	-9321.87
363	0.00876572	-8911.87
364	0.00876572	-9551.88
365	0.00876572	-9431.85
366	0.00876572	-9673.87
367	0.00876572	-9113.32
368	0.00876572	-9252.07
369	0.00876572	-9331.53
370	0.00876572	-9475.37
371	0.00876572	-9588.11
372	0.00876572	-9157.06
373	0.00876572	-8941.9
374	0.00876572	-8844.76
375	0.00876572	-9272.83
376	0.00876572	-9421.27
377	0.00876572	-9023.72
378	0.00876572	-8904.58
379	0.00876572	-10246
380	0.00876572	-9386.07
381	0.00876572	-9025.38
382	0.00876572	-8860.71
383	0.00876572	-9021.07
384	0.00876572	-9105.59
385	0.00876572	-8757.54
386	0.00876572	-8709.95
387	0.00876572	-9807.49
388	0.00876572	-9618.19
389	0.00876572	-8881.88
390	0.00876572	-8994.58
391	0.00876572	-9075.68
392	0.00876572	-9157.59
393	0.00876572	-9115.72
394	0.00876572	-9095.12
395	0.00876572	-9061.53
396	0.00876572	-9333.47
397	0.00876572	-9105.39
398	0.00876572	-9402.02
399	0.00876572	-9248.45
400	0.00876572	-9126.86
401	0.00876572	-9191.37
402	0.00876572	-10068.3
403	0.00876572	-10001.5
404	0.00876572	-9341.29
405	0.00876572	-8911.43
406	0.00876572	-8945.96
407	0.00876572	-9000.11
408	0.00876572	-9289.57
409	0.00876572	-8863.98
410	0.00876572	-9295.63
411	0.00876572	-9184
412	0.00876572	-9323.67
413	0.00876572	-9170.19
414	0.00876572	-8954.15
415	0.00876572	-8994.2
416	0.00876572	-9081.19
417	0.00876572	-9587.53
418	0.00876572	-9232.08
419	0.00876572	-9024.48
420	0.00876572	-8928.69
421	0.00876572	-9138.09
422	0.00876572	-9728.75
423	0.00876572	-8993.79
424	0.00876572	-8873.48
425	0.00876572	-9599.12
426	0.00876572	-9264.65
427	0.00876572	-8773.22
428	0.00876572	-8878.44
429	0.00876572	-8970.44
430	0.00876572	-8726.27
431	0.00876572	-8798.32
432	0.00876572	-8763.6
433	0.00876572	-8881.64
434	0.00876572	-8856.61
435	0.00876572	-8973.75
436	0.00876572	-9256.54
437	0.00876572	-9220.53
438	0.00876572	-8780.23
439	0.00876572	-8994.34
440	0.00876572	-9161.07
441	0.00876572	-8957.72
442	0.00876572	-9103.08
443	0.00876572	-8705.05
444	0.00876572	-8815.85
445	0.00876572	-9376.52
446	0.00876572	-9256
447	0.00876572	-9150.71
448	0.00876572	-9550.72
449	0.00876572	-9076.04
450	0.00876572	-8979.71
451	0.00876572	-9006.66
452	0.00876572	-9433.09
453	0.00876572	-9564.67
454	0.00876572	-9178.64
455	0.00876572	-9508.1
456	0.00876572	-8758.07
457	0.00876572	-9046.69
458	0.00876572	-9150.86
459	0.00876572	-9341.79
460	0.00876572	-9179.41
461	0.00876572	-10100
462	0.00876572	-9121.85
463	0.00876572	-9440.88
464	0.00876572	-9688.97
465	0.00876572	-9117.28
466	0.00876572	-9311.87
467	0.00876572	-9688.95
468	0.00876572	-9594.79
469	0.00876572	-9291.49
470	0.00876572	-9413.96
471	0.00876572	-9036.86
472	0.00876572	-9797.57
473	0.00876572	-10242.5
474	0.00876572	-8920.59
475	0.00876572	-9270.5
476	0.00876572	-9159.13
477	0.00876572	-9216.59
478	0.00876572	-8792.71
479	0.00876572	-9151.31
480	0.00876572	-8816.26
481	0.00876572	-9191.17
482	0.00876572	-9528.58
483	0.00876572	-9663.05
484	0.00876572	-8934.48
485	0.00876572	-8913.14
486	0.00876572	-9361.51
487	0.00876572	-9041.04
488	0.00876572	-9038.11
489	0.00876572	-9002.01
490	0.00876572	-8957.83
491	0.00876572	-8978.1
492	0.00876572	-9200.36
493	0.00876572	-9086.04
494	0.00876572	-8856.1
495	0.00876572	-8808.67
496	0.00876572	-9219.92
497	0.00876572	-8660.33
498	0.00876572	-9066.62
499	0.00876572	-9068.95
500	0.00876572	-9587.45
501	0.00876572	-9238.38
502	0.00876572	-9178.19
503	0.00876572	-9459.31
504	0.00876572	-9028.71
505	0.00876572	-8516.24
506	0.00876572	-9191.73
507	0.00876572	-9285.72
508	0.00876572	-9690.52
509	0.00876572	-9682.09
510	0.00876572	-9209.84
511	0.00876572	-8919.91
512	0.00876572	-9035.16
513	0.00876572	-9452.95
514	0.00876572	-9446.43
515	0.00876572	-9133.06
516	0.00876572	-9354.78
517	0.00876572	-9528.97
518	0.00876572	-9194.36
519	0.00876572	-9351.05
520	0.00876572	-9252.05
521	0.00876572	-9427.58
522	0.00876572	-9184.56
523	0.00876572	-8853.15
524	0.00876572	-9143.24
525	0.00876572	-9377.95
526	0.00876572	-9400
527	0.00876572	-9535.55
528	0.00876572	-10028.1
529	0.00876572	-9328.86
530	0.00876572	-9661.16
531	0.00876572	-9567.45
532	0.00876572	-8818.75
533	0.00876572	-9376.2
534	0.00876572	-9245.37
535	0.00876572	-9229.01
536	0.00876572	-9074.06
537	0.00876572	-9536.29
538	0.00876572	-9381.54
539	0.00876572	-9445.03
540	0.00876572	-9024.83
541	0.00876572	-8854.5
542	0.00876572	-9215.49
543	0.00876572	-9107.96
544	0.00876572	-9150.03
545	0.00876572	-9084.75
546	0.00876572	-9732.99
547	0.00876572	-9040.26
548	0.00876572	-9075.32
549	0.00876572	-9210
550	0.00876572	-10044.8
551	0.00876572	-9440.92
552	0.00876572	-8695.88
553	0.00876572	-9173.59
554	0.00876572	-9262.66
555	0.00876572	-8790.84
556	0.00876572	-9660.24
557	0.00876572	-9055.4
558	0.00876572	-8908.13
559	0.00876572	-9093.27
560	0.00876572	-9414.71
561	0.00876572	-9628.89
562	0.00876572	-9214.77
563	0.00876572	-9520.54
564	0.00876572	-9300.78
565	0.00876572	-9344.13
566	0.00876572	-9437.89
567	0.00876572	-9541.2
568	0.00876572	-8765.15
569	0.00876572	-9256.78
570	0.00876572	-9018.8
571	0.00876572	-8927.46
572	0.00876572	-8986.38
573	0.00876572	-9187.2
574	0.00876572	-9149.28
575	0.00876572	-9066.76
576	0.00876572	-9237.35
577	0.00876572	-9078.44
578	0.00876572	-8598.43
579	0.00876572	-9105.21
580	0.00876572	-9322.26
581	0.00876572	-9395.03
582	0.00876572	-8977.26
583	0.00876572	-8959.12
584	0.00876572	-9362.48
585	0.00876572	-9207.99
586	0.00876572	-8978.75
587	0.00876572	-9217.86
588	0.00876572	-9232.3
589	0.00876572	-9563.64
590	0.00876572	-8791.42
591	0.00876572	-8776.82
592	0.00876572	-8743.72
593	0.00876572	-9071.68
594	0.00876572	-9651.95
595	0.00876572	-9192.54
596	0.00876572	-9940.29
597	0.00876572	-9664.9
598	0.00876572	-9262.2
599	0.00876572	-9230.72
600	0.00876572	-10113.5
601	0.00876572	-9364.19
602	0.00876572	-9360.37
603	0.00876572	-8804.73
604	0.00876572	-8651.15
605	0.00876572	-8617.4
606	0.00876572	-9110.41
607	0.00876572	-9363.7
608	0.00876572	-9341.03
609	0.00876572	-9096.31
610	0.00876572	-8894.71
611	0.00876572	-8913.84
612	0.00876572	-8905.09
613	0.00876572	-9088.58
614	0.00876572	-8980.62
615	0.00876572	-9097.55
616	0.00876572	-10451.3
617	0.00876572	-8899.43
618	0.00876572	-9383.99
619	0.00876572	-9647.68
620	0.00876572	-9006.97
621	0.00876572	-8798.1
622	0.00876572	-9144.66
623	0.00876572	-9318.58
624	0.00876572	-9644.53
625	0.00876572	-9031.2
626	0.00876572	-8889.27
627	0.00876572	-9189.06
628	0.00876572	-9380.39
629	0.00876572	-9195.99
630	0.00876572	-9010.95
631	0.00876572	-9284.93
632	0.00876572	-9114.79
633	0.00876572	-9275.69
634	0.00876572	-9143.74
635	0.00876572	-9060.39
636	0.00876572	-9276.51
637	0.00876572	-9347.21
638	0.00876572	-9829.08
639	0.00876572	-9483.82
640	0.00876572	-9080.74
641	0.00876572	-9080.03
642	0.00876572	-9220.66
643	0.00876572	-8910.26
644	0.00876572	-9023.57
645	0.00876572	-9313.29
646	0.00876572	-9304.89
647	0.00876572	-9259.08
648	0.00876572	-9322.66
649	0.00876572	-9251.42
650	0.00876572	-9552.87
651	0.00876572	-9996.6
652	0.00876572	-9316.85
653	0.00876572	-9267.61
654	0.00876572	-9561.27
655	0.00876572	-9473.19
656	0.00876572	-9006.39
657	0.00876572	-9520.94
658	0.00876572	-10053.8
659	0.00876572	-9601.24
660	0.00876572	-9647.85
661	0.00876572	-9561.58
662	0.00876572	-9468.63
663	0.00876572	-9109.95
664	0.00876572	-9206.07
665	0.00876572	-9025
666	0.00876572	-8735.23
667	0.00876572	-9052.38
668	0.00876572	-9562.43
669	0.00876572	-8996.03
670	0.00876572	-9435.39
671	0.00876572	-9638.78
672	0.00876572	-9208.48
673	0.00876572	-9069.54
674	0.00876572	-9618.83
675	0.00876572	-8941.05
676	0.00876572	-9520.42
677	0.00876572	-9123.85
678	0.00876572	-8900.43
679	0.00876572	-9092.93
680	0.00876572	-8724.56
681	0.00876572	-9250.34
682	0.00876572	-9164.01
683	0.00876572	-8945.65
684	0.00876572	-9184.53
685	0.00876572	-9565.95
686	0.00876572	-9295.07
687	0.00876572	-9545.74
688	0.00876572	-8834.4
689	0.00876572	-9188.7
690	0.00876572	-9797.43
691	0.00876572	-9379.96
692	0.00876572	-9456.78
693	0.00876572	-9467.42
694	0.00876572	-8853.01
695	0.00876572	-8895.14
696	0.00876572	-8861.19
697	0.00876572	-8653.89
698	0.00876572	-9023.47
699	0.00876572	-8947.61
700	0.00876572	-8776.57
701	0.00876572	-9023.09
702	0.00876572	-9161.87
703	0.00876572	-9010.65
704	0.00876572	-8915.49
705	0.00876572	-9208.83
706	0.00876572	-9098.66
707	0.00876572	-8833.97
708	0.00876572	-8893.83
709	0.00876572	-8883.44
710	0.00876572	-9048.71
711	0.00876572	-8965.54
712	0.00876572	-9240.47
713	0.00876572	-9122.39
714	0.00876572	-9315.09
715	0.00876572	-9614.02
716	0.00876572	-9472.11
717	0.00876572	-9673.95
718	0.00876572	-9480.28
719	0.00876572	-9366.58
720	0.00876572	-9268.08
721	0.00876572	-8918.04
722	0.00876572	-9018.71
723	0.00876572	-8850.79
724	0.00876572	-9111.49
725	0.00876572	-9436.53
726	0.00876572	-8991.56
727	0.00876572	-9423.32
728	0.00876572	-9427.52
729	0.00876572	-8899.18
730	0.00876572	-8703.2
731	0.00876572	-10210.6
732	0.00876572	-9063.69
733	0.00876572	-9304.21
734	0.00876572	-9252.78
735	0.00876572	-9004.33
736	0.00876572	-9041.77
737	0.00876572	-8773.14
738	0.00876572	-9464.78
739	0.00876572	-8972.89
740	0.00876572	-9247.36
741	0.00876572	-9148.75
742	0.00876572	-9252.81
743	0.00876572	-9300.17
744	0.00876572	-9254
745	0.00876572	-9158.81
746	0.00876572	-9032.29
747	0.00876572	-8805.8
748	0.00876572	-8959.01
749	0.00876572	-10289.3
750	0.00876572	-9217.49
751	0.00876572	-8974.68
752	0.00876572	-9322.36
753	0.00876572	-8978.56
754	0.00876572	-8867.15
755	0.00876572	-9128.93
756	0.00876572	-9239.72
757	0.00876572	-9143.88
758	0.00876572	-9061.77
759	0.00876572	-9165.24
760	0.00876572	-9031.01
761	0.00876572	-8966.05
762	0.00876572	-8840.43
763	0.00876572	-8886.31
764	0.00876572	-8878.95
765	0.00876572	-8778.58
766	0.00876572	-8910.64
767	0.00876572	-9211.59
768	0.00876572	-8762.34
769	0.00876572	-9469.4
770	0.00876572	-9339.13
771	0.00876572	-9312.36
772	0.00876572	-9064.3
773	0.00876572	-8869.32
774	0.00876572	-9083.86
775	0.00876572	-8962.43
776	0.00876572	-8725.08
777	0.00876572	-8865.16
778	0.00876572	-9134.14
779	0.00876572	-9189.37
780	0.00876572	-9160.39
781	0.00876572	-9242.41
782	0.00876572	-8907.76
783	0.00876572	-9095.61
784	0.00876572	-9436.24
785	0.00876572	-9344.67
786	0.00876572	-9077.6
787	0.00876572	-8867.96
788	0.00876572	-8852.3
789	0.00876572	-9131.58
790	0.00876572	-9164.95
791	0.00876572	-8921.29
792	0.00876572	-9438.81
793	0.00876572	-9173.86
794	0.00876572	-9394.69
795	0.00876572	-9391.87
796	0.00876572	-9254.01
797	0.00876572	-9761.88
798	0.00876572	-9175.5
799	0.00876572	-9013.88
800	0.00876572	-8988.31
801	0.00876572	-9095.47
802	0.00876572	-9181.63
803	0.00876572	-9830.89
804	0.00876572	-9458.73
805	0.00876572	-9083.5
806	0.00876572	-8879.35
807	0.00876572	-8910.61
808	0.00876572	-9496.6
809	0.00876572	-9745.72
810	0.00876572	-9431.47
811	0.00876572	-9585.85
812	0.00876572	-9742.49
813	0.00876572	-9016.89
814	0.00876572	-9195.57
815	0.00876572	-9939.39
816	0.00876572	-9733.06
817	0.00876572	-9113.13
818	0.00876572	-8884.92
819	0.00876572	-9108.27
820	0.00876572	-8627.3
821	0.00876572	-8922.05
822	0.00876572	-9167.31
823	0.00876572	-8854.51
824	0.00876572	-8669.9
825	0.00876572	-8727.93
826	0.00876572	-8953.53
827	0.00876572	-8964.68
828	0.00876572	-9383.23
829	0.00876572	-9553.24
830	0.00876572	-9305.92
831	0.00876572	-8976.01
832	0.00876572	-8908.24
833	0.00876572	-9143.05
834	0.00876572	-9580.53
835	0.00876572	-9192.49
836	0.00876572	-9154.09
837	0.00876572	-8882.37
838	0.00876572	-8759.3
839	0.00876572	-9227.26
840	0.00876572	-8949.86
841	0.00876572	-9409.18
842	0.00876572	-8753.75
843	0.00876572	-8896.37
844	0.00876572	-8700.71
845	0.00876572	-8831.65
846	0.00876572	-8951.58
847	0.00876572	-9613.56
848	0.00876572	-9078.46
849	0.00876572	-9364.49
850	0.00876572	-9825.67
851	0.00876572	-9524.72
852	0.00876572	-9478.82
853	0.00876572	-9400.29
854	0.00876572	-9180.31
855	0.00876572	-9351.57
856	0.00876572	-9010.3
857	0.00876572	-9507.46
858	0.00876572	-9204.81
859	0.00876572	-9803.1
860	0.00876572	-9113.69
861	0.00876572	-10144.8
862	0.00876572	-9380.61
863	0.00876572	-9074.46
864	0.00876572	-8596.16
865	0.00876572	-9211.35
866	0.00876572	-9491.6
867	0.00876572	-9689.1
868	0.00876572	-8779.75
869	0.00876572	-9526.94
870	0.00876572	-9985.11
871	0.00876572	-9442.02
872	0.00876572	-9755.33
873	0.00876572	-9986
874	0.00876572	-8999.25
875	0.00876572	-9392.75
876	0.00876572	-8936.57
877	0.00876572	-9492.55
878	0.00876572	-8866.22
879	0.00876572	-9286.48
880	0.00876572	-9438.4
881	0.00876572	-9492.29
882	0.00876572	-9448.93
883	0.00876572	-9286.8
884	0.00876572	-9785.82
885	0.00876572	-9542.68
886	0.00876572	-8994.92
887	0.00876572	-8781.15
888	0.00876572	-9740.73
889	0.00876572	-9597.48
890	0.00876572	-9082.94
891	0.00876572	-9265
892	0.00876572	-8829.22
893	0.00876572	-8815.01
894	0.00876572	-8769.6
895	0.00876572	-8957.65
896	0.00876572	-8929.24
897	0.00876572	-9338.92
898	0.00876572	-9395.71
899	0.00876572	-8915.77
900	0.00876572	-9060.14
901	0.00876572	-9381.92
902	0.00876572	-9024.56
903	0.00876572	-8948.98
904	0.00876572	-9165.34
905	0.00876572	-8909.16
906	0.00876572	-9271.29
907	0.00876572	-9827.99
908	0.00876572	-8749.18
909	0.00876572	-9025.73
910	0.00876572	-9334.01
911	0.00876572	-9081.61
912	0.00876572	-9250.7
913	0.00876572	-9598.74
914	0.00876572	-10037.3
915	0.00876572	-9355.19
916	0.00876572	-9652.39
917	0.00876572	-9301.52
918	0.00876572	-9410.06
919	0.00876572	-9577.79
920	0.00876572	-8868.83
921	0.00876572	-9471.94
922	0.00876572	-9263.13
923	0.00876572	-9150
924	0.00876572	-9200.57
925	0.00876572	-9183.92
926	0.00876572	-9312.49
927	0.00876572	-8836.18
928	0.00876572	-9053.92
929	0.00876572	-9010.21
930	0.00876572	-9076.12
931	0.00876572	-8823.81
932	0.00876572	-8810.9
933	0.00876572	-8913.87
934	0.00876572	-8804.79
935	0.00876572	-8973.32
936	0.00876572	-8913.79
937	0.00876572	-8944.87
938	0.00876572	-8920.5
939	0.00876572	-9336.18
940	0.00876572	-9123.23
941	0.00876572	-9126.42
942	0.00876572	-8691.57
943	0.00876572	-8865.37
944	0.00876572	-9239.96
945	0.00876572	-9190.73
946	0.00876572	-9449.34
947	0.00876572	-9121.27
948	0.00876572	-9093.51
949	0.00876572	-9368.8
950	0.00876572	-8967.28
951	0.00876572	-9016.75
952	0.00876572	-8880.61
953	0.00876572	-8977.37
954	0.00876572	-9123.19
955	0.00876572	-9818.23
956	0.00876572	-9348.28
957	0.00876572	-9196.95
958	0.00876572	-9074.1
959	0.00876572	-9037.84
960	0.00876572	-9351.83
961	0.00876572	-9912.38
962	0.00876572	-9568.48
963	0.00876572	-9845.3
964	0.00876572	-9306.64
965	0.00876572	-8972.18
966	0.00876572	-8885.95
967	0.00876572	-9092.62
968	0.00876572	-9024.67
969	0.00876572	-9016.81
970	0.00876572	-9177.87
971	0.00876572	-9010.01
972	0.00876572	-9078.41
973	0.00876572	-8787.11
974	0.00876572	-9031.67
975	0.00876572	-8984.81
976	0.00876572	-8976.74
977	0.00876572	-8887.27
978	0.00876572	-9013.87
979	0.00876572	-8998.72
980	0.00876572	-9255.56
981	0.00876572	-9386.29
982	0.00876572	-9371.03
983	0.00876572	-8879.49
984	0.00876572	-9136.04
985	0.00876572	-9226.82
986	0.00876572	-9124.35
987	0.00876572	-8941.74
988	0.00876572	-8700.79
989	0.00876572	-9428.7
990	0.00876572	-9133.85
991	0.00876572	-9255.17
992	0.00876572	-9202.07
993	0.00876572	-9561.62
994	0.00876572	-9360.57
995	0.00876572	-9647.74
996	0.00876572	-9553.92
997	0.00876572	-10190.6
998	0.00876572	-9463.2
999	0.00876572	-9075.22
1000	0.00876572	-9279.34
251	0.00668932	-9247.88
252	0.00668932	-9736.41
253	0.00668932	-10577.1
254	0.00668932	-10015.8
255	0.00668932	-9495
256	0.00668932	-9566.27
257	0.00668932	-9767.49
258	0.00668932	-9251.39
259	0.00668932	-9543.86
260	0.00668932	-9287.28
261	0.00668932	-9800.78
262	0.00668932	-9704.69
263	0.00668932	-9213.41
264	0.00668932	-8990.5
265	0.00668932	-9733.89
266	0.00668932	-9106.81
267	0.00668932	-9223.34
268	0.00668932	-9646.57
269	0.00668932	-9952.18
270	0.00668932	-9311.74
271	0.00668932	-8948.72
272	0.00668932	-9214.13
273	0.00668932	-9148.44
274	0.00668932	-8824.63
275	0.00668932	-9250.92
276	0.00668932	-9348.58
277	0.00668932	-9145.08
278	0.00668932	-8916.91
279	0.00668932	-9626.72
280	0.00668932	-9287.12
281	0.00668932	-9415.89
282	0.00668932	-9061.27
283	0.00668932	-9716.94
284	0.00668932	-8857.35
285	0.00668932	-8830.82
286	0.00668932	-9586.58
287	0.00668932	-9690.66
288	0.00668932	-9632.88
289	0.00668932	-9364.86
290	0.00668932	-8832.94
291	0.00668932	-9578.05
292	0.00668932	-8818.18
293	0.00668932	-9656.54
294	0.00668932	-9249.42
295	0.00668932	-9587.84
296	0.00668932	-9523.78
297	0.00668932	-9703.31
298	0.00668932	-9987.97
299	0.00668932	-9994.64
300	0.00668932	-9614.92
301	0.00668932	-9229.18
302	0.00668932	-9868.58
303	0.00668932	-10440.5
304	0.00668932	-9048.71
305	0.00668932	-8944.37
306	0.00668932	-9047.13
307	0.00668932	-9870.1
308	0.00668932	-9617.62
309	0.00668932	-9407.67
310	0.00668932	-9474.54
311	0.00668932	-9715.88
312	0.00668932	-10054.2
313	0.00668932	-9646.41
314	0.00668932	-9346.2
315	0.00668932	-9217.81
316	0.00668932	-9758.02
317	0.00668932	-10849.5
318	0.00668932	-9842.26
319	0.00668932	-9278.28
320	0.00668932	-9516.96
321	0.00668932	-9391.01
322	0.00668932	-9698.24
323	0.00668932	-9162.89
324	0.00668932	-9180.94
325	0.00668932	-9282.21
326	0.00668932	-9390.87
327	0.00668932	-8823.25
328	0.00668932	-9393.17
329	0.00668932	-9133.86
330	0.00668932	-9505.26
331	0.00668932	-8783.47
332	0.00668932	-8849.89
333	0.00668932	-9566.9
334	0.00668932	-9422.37
335	0.00668932	-9552.57
336	0.00668932	-9880.35
337	0.00668932	-9422.4
338	0.00668932	-9547.82
339	0.00668932	-10159.3
340	0.00668932	-9180.8
341	0.00668932	-9300.06
342	0.00668932	-9416.65
343	0.00668932	-9694.36
344	0.00668932	-9487.88
345	0.00668932	-9259.36
346	0.00668932	-9042.11
347	0.00668932	-9401.25
348	0.00668932	-9478.04
349	0.00668932	-9519.73
350	0.00668932	-9278.57
351	0.00668932	-8894.36
352	0.00668932	-9687.56
353	0.00668932	-9258.16
354	0.00668932	-9872.29
355	0.00668932	-8865.55
356	0.00668932	-9265.34
357	0.00668932	-9054.14
358	0.00668932	-9574.62
359	0.00668932	-9592.2
360	0.00668932	-8944.44
361	0.00668932	-9375.48
362	0.00668932	-9509.29
363	0.00668932	-9312.41
364	0.00668932	-8805.15
365	0.00668932	-9191.54
366	0.00668932	-9480.74
367	0.00668932	-9344.4
368	0.00668932	-9709.34
369	0.00668932	-9247.37
370	0.00668932	-9259.92
371	0.00668932	-9226.22
372	0.00668932	-9746.38
373	0.00668932	-9604.92
374	0.00668932	-9424.05
375	0.00668932	-9112.03
376	0.00668932	-8896.93
377	0.00668932	-9372.58
378	0.00668932	-8943.83
379	0.00668932	-8949.18
380	0.00668932	-9071.27
381	0.00668932	-9309.79
382	0.00668932	-9486.27
383	0.00668932	-9359.62
384	0.00668932	-9678.66
385	0.00668932	-10077.2
386	0.00668932	-10179.2
387	0.00668932	-9177.44
388	0.00668932	-9648.45
389	0.00668932	-9649.75
390	0.00668932	-9941.33
391	0.00668932	-9283.25
392	0.00668932	-9575.43
393	0.00668932	-9169.51
394	0.00668932	-9183.15
395	0.00668932	-9475.25
396	0.00668932	-9024.79
397	0.00668932	-9595.42
398	0.00668932	-9618.02
399	0.00668932	-9252.63
400	0.00668932	-9097.28
401	0.00668932	-8763.73
402	0.00668932	-9825.53
403	0.00668932	-10469.4
404	0.00668932	-9267.63
405	0.00668932	-9436.88
406	0.00668932	-9571.67
407	0.00668932	-9540.96
408	0.00668932	-9435.45
409	0.00668932	-9775.22
410	0.00668932	-9883.64
411	0.00668932	-8977.24
412	0.00668932	-9248.85
413	0.00668932	-9202.64
414	0.00668932	-9992.23
415	0.00668932	-9491.74
416	0.00668932	-9651.07
417	0.00668932	-9407.44
418	0.00668932	-9328.58
419	0.00668932	-10005.1
420	0.00668932	-9744.32
421	0.00668932	-10098.3
422	0.00668932	-9814.7
423	0.00668932	-9543.62
424	0.00668932	-9076.18
425	0.00668932	-9098.37
426	0.00668932	-9216.77
427	0.00668932	-9742.38
428	0.00668932	-9452.55
429	0.00668932	-9408.33
430	0.00668932	-9709.33
431	0.00668932	-9919.43
432	0.00668932	-8897.44
433	0.00668932	-9617.2
434	0.00668932	-9281.96
435	0.00668932	-9365.16
436	0.00668932	-9106.64
437	0.00668932	-9499.31
438	0.00668932	-9470.03
439	0.00668932	-9903.8
440	0.00668932	-9961.53
441	0.00668932	-9433.12
442	0.00668932	-9895.26
443	0.00668932	-9198.58
444	0.00668932	-8990.96
445	0.00668932	-9730.18
446	0.00668932	-9586.3
447	0.00668932	-9477.42
448	0.00668932	-9298.07
449	0.00668932	-8825.37
450	0.00668932	-9272.17
451	0.00668932	-9460.95
452	0.00668932	-8891.87
453	0.00668932	-9382.59
454	0.00668932	-9296.79
455	0.00668932	-9708.33
456	0.00668932	-9503.04
457	0.00668932	-9258.33
458	0.00668932	-9298.15
459	0.00668932	-9691.12
460	0.00668932	-9542.09
461	0.00668932	-9096.34
462	0.00668932	-9175.33
463	0.00668932	-9703.36
464	0.00668932	-9762.64
465	0.00668932	-9418.38
466	0.00668932	-9603.62
467	0.00668932	-9300.47
468	0.00668932	-9616.66
469	0.00668932	-9858.54
470	0.00668932	-9346.24
471	0.00668932	-9306.03
472	0.00668932	-9839.64
473	0.00668932	-9169.88
474	0.00668932	-8976.26
475	0.00668932	-9138.41
476	0.00668932	-9213.34
477	0.00668932	-9970.64
478	0.00668932	-9426.21
479	0.00668932	-9102.46
480	0.00668932	-9130.88
481	0.00668932	-9290.47
482	0.00668932	-9449.54
483	0.00668932	-9217.42
484	0.00668932	-9346.74
485	0.00668932	-9289.48
486	0.00668932	-9485.69
487	0.00668932	-9835.12
488	0.00668932	-9850.52
489	0.00668932	-8920.9
490	0.00668932	-8725.34
491	0.00668932	-9159.44
492	0.00668932	-9447.6
493	0.00668932	-10226.1
494	0.00668932	-9191.77
495	0.00668932	-9583.32
496	0.00668932	-9414.32
497	0.00668932	-10021.2
498	0.00668932	-10665.4
499	0.00668932	-10097.2
500	0.00668932	-9531.82
501	0.00668932	-9869.63
502	0.00668932	-10304.3
503	0.00668932	-9455.76
504	0.00668932	-9393.47
505	0.00668932	-9572.39
506	0.00668932	-9306.16
507	0.00668932	-9370.67
508	0.00668932	-9533.54
509	0.00668932	-10244.1
510	0.00668932	-9470.21
511	0.00668932	-9894.86
512	0.00668932	-9364.14
513	0.00668932	-10843.7
514	0.00668932	-10080.8
515	0.00668932	-10092.9
516	0.00668932	-10017
517	0.00668932	-10115.7
518	0.00668932	-9595.28
519	0.00668932	-9690.47
520	0.00668932	-9331.37
521	0.00668932	-9830.08
522	0.00668932	-9626.18
523	0.00668932	-9748.1
524	0.00668932	-9053.07
525	0.00668932	-9048.68
526	0.00668932	-9130.7
527	0.00668932	-9359.6
528	0.00668932	-9683.69
529	0.00668932	-10173.7
530	0.00668932	-9444.11
531	0.00668932	-10260.5
532	0.00668932	-9915.99
533	0.00668932	-9563.68
534	0.00668932	-9689.39
535	0.00668932	-9283.57
536	0.00668932	-9086.61
537	0.00668932	-9134.28
538	0.00668932	-9641.67
539	0.00668932	-9211.63
540	0.00668932	-9182.09
541	0.00668932	-9827.66
542	0.00668932	-9618.58
543	0.00668932	-8909.14
544	0.00668932	-9397.84
545	0.00668932	-9229.53
546	0.00668932	-9344.52
547	0.00668932	-9139.57
548	0.00668932	-9586.95
549	0.00668932	-9089.79
550	0.00668932	-9248.26
551	0.00668932	-9064.07
552	0.00668932	-9318.62
553	0.00668932	-9048.41
554	0.00668932	-8849.79
555	0.00668932	-9350.93
556	0.00668932	-9444.21
557	0.00668932	-8870.7
558	0.00668932	-8750.45
559	0.00668932	-9078.66
560	0.00668932	-9194.33
561	0.00668932	-9504.73
562	0.00668932	-9047.55
563	0.00668932	-9046.11
564	0.00668932	-9283.68
565	0.00668932	-9643.31
566	0.00668932	-9530.57
567	0.00668932	-9197.19
568	0.00668932	-8946.8
569	0.00668932	-8930.83
570	0.00668932	-9601.99
571	0.00668932	-8951.81
572	0.00668932	-9450.54
573	0.00668932	-9305.65
574	0.00668932	-9094.98
575	0.00668932	-9151.41
576	0.00668932	-9333.58
577	0.00668932	-8829.64
578	0.00668932	-8730.51
579	0.00668932	-9703.84
580	0.00668932	-9502.63
581	0.00668932	-9222.87
582	0.00668932	-9032.35
583	0.00668932	-9466.84
584	0.00668932	-9720.16
585	0.00668932	-9904.25
586	0.00668932	-9409.55
587	0.00668932	-9125.78
588	0.00668932	-9225.55
589	0.00668932	-9311.19
590	0.00668932	-9587.68
591	0.00668932	-9010.41
592	0.00668932	-9155.93
593	0.00668932	-9259.16
594	0.00668932	-9175.48
595	0.00668932	-9518.95
596	0.00668932	-9561.87
597	0.00668932	-9584.58
598	0.00668932	-9336.22
599	0.00668932	-9490.79
600	0.00668932	-9669.15
601	0.00668932	-9263.95
602	0.00668932	-9707.28
603	0.00668932	-9326.64
604	0.00668932	-10047.7
605	0.00668932	-8817.66
606	0.00668932	-8801.92
607	0.00668932	-9062.94
608	0.00668932	-9046.92
609	0.00668932	-8870.43
610	0.00668932	-9592.53
611	0.00668932	-9341.12
612	0.00668932	-9907.45
613	0.00668932	-9987.15
614	0.00668932	-9943.23
615	0.00668932	-9707.51
616	0.00668932	-9422.11
617	0.00668932	-9083.08
618	0.00668932	-9495.02
619	0.00668932	-9864.96
620	0.00668932	-9381.08
621	0.00668932	-9676.97
622	0.00668932	-9042.97
623	0.00668932	-8877.49
624	0.00668932	-8978.44
625	0.00668932	-9468.28
626	0.00668932	-9388.92
627	0.00668932	-9715.83
628	0.00668932	-10130.6
629	0.00668932	-9641.65
630	0.00668932	-8940.81
631	0.00668932	-9239.93
632	0.00668932	-10127.1
633	0.00668932	-9730.56
634	0.00668932	-9931.05
635	0.00668932	-10126.9
636	0.00668932	-9613.47
637	0.00668932	-9888.13
638	0.00668932	-9668.92
639	0.00668932	-9667.45
640	0.00668932	-9139.03
641	0.00668932	-9328.2
642	0.00668932	-9073.1
643	0.00668932	-9229.15
644	0.00668932	-8789.52
645	0.00668932	-9710.3
646	0.00668932	-9500.64
647	0.00668932	-9248.71
648	0.00668932	-9112.05
649	0.00668932	-8883.47
650	0.00668932	-9214.68
651	0.00668932	-9625.96
652	0.00668932	-10008.8
653	0.00668932	-9526.82
654	0.00668932	-9669.46
655	0.00668932	-9394.07
656	0.00668932	-9153
657	0.00668932	-9288.49
658	0.00668932	-9568.12
659	0.00668932	-9111.79
660	0.00668932	-9388.94
661	0.00668932	-9771.98
662	0.00668932	-9760.57
663	0.00668932	-8924.93
664	0.00668932	-8956.73
665	0.00668932	-9196.36
666	0.00668932	-9324.73
667	0.00668932	-9546.31
668	0.00668932	-9478.93
669	0.00668932	-9622.75
670	0.00668932	-9297.6
671	0.00668932	-9915.52
672	0.00668932	-9470.23
673	0.00668932	-9314.04
674	0.00668932	-9192.57
675	0.00668932	-10115.4
676	0.00668932	-10573.4
677	0.00668932	-10511
678	0.00668932	-10240.8
679	0.00668932	-9738.97
680	0.00668932	-9336.06
681	0.00668932	-9599.59
682	0.00668932	-9563.57
683	0.00668932	-9267.18
684	0.00668932	-9651.23
685	0.00668932	-9073.73
686	0.00668932	-9922.36
687	0.00668932	-8836.35
688	0.00668932	-9481.03
689	0.00668932	-9467.13
690	0.00668932	-9330.73
691	0.00668932	-9176.4
692	0.00668932	-9913.01
693	0.00668932	-9274.37
694	0.00668932	-9255.63
695	0.00668932	-9183.33
696	0.00668932	-9876.21
697	0.00668932	-9134.41
698	0.00668932	-8892.37
699	0.00668932	-9240.36
700	0.00668932	-9381.78
701	0.00668932	-9683.72
702	0.00668932	-9711.19
703	0.00668932	-9623.28
704	0.00668932	-9624.68
705	0.00668932	-9943.08
706	0.00668932	-9869.64
707	0.00668932	-9332.48
708	0.00668932	-9119.18
709	0.00668932	-9138.42
710	0.00668932	-9189.18
711	0.00668932	-8884.29
712	0.00668932	-9242.63
713	0.00668932	-9262.37
714	0.00668932	-9812.7
715	0.00668932	-9720.77
716	0.00668932	-9155.24
717	0.00668932	-9253.03
718	0.00668932	-9255.35
719	0.00668932	-9387.35
720	0.00668932	-9479.61
721	0.00668932	-9325.18
722	0.00668932	-8997.28
723	0.00668932	-8910.71
724	0.00668932	-8717.02
725	0.00668932	-9731.27
726	0.00668932	-9252.03
727	0.00668932	-8927.39
728	0.00668932	-9299.73
729	0.00668932	-8903.37
730	0.00668932	-8978.93
731	0.00668932	-9426.91
732	0.00668932	-9289.07
733	0.00668932	-9638.49
734	0.00668932	-9554.6
735	0.00668932	-10133.8
736	0.00668932	-9663.18
737	0.00668932	-9335.92
738	0.00668932	-9336.94
739	0.00668932	-9418.17
740	0.00668932	-10100.7
741	0.00668932	-9409.81
742	0.00668932	-10738.4
743	0.00668932	-9540.02
744	0.00668932	-8868.66
745	0.00668932	-9082.78
746	0.00668932	-9020.68
747	0.00668932	-9578.98
748	0.00668932	-9937.65
749	0.00668932	-10255
750	0.00668932	-8949.14
751	0.00668932	-8959.73
752	0.00668932	-10102.3
753	0.00668932	-9432.64
754	0.00668932	-9424.88
755	0.00668932	-9480.74
756	0.00668932	-9351.31
757	0.00668932	-9287.46
758	0.00668932	-9168.62
759	0.00668932	-8902.22
760	0.00668932	-9157.05
761	0.00668932	-9693.4
762	0.00668932	-9448.2
763	0.00668932	-9422.71
764	0.00668932	-8870.84
765	0.00668932	-9224.8
766	0.00668932	-8882.88
767	0.00668932	-9359.27
768	0.00668932	-9449.29
769	0.00668932	-9373.3
770	0.00668932	-9719.02
771	0.00668932	-9123.75
772	0.00668932	-9569.02
773	0.00668932	-9705.36
774	0.00668932	-9646.32
775	0.00668932	-9211.42
776	0.00668932	-9450.41
777	0.00668932	-9491.13
778	0.00668932	-9365.21
779	0.00668932	-9815.61
780	0.00668932	-9656.08
781	0.00668932	-10027.6
782	0.00668932	-9896.05
783	0.00668932	-9784.04
784	0.00668932	-9685.28
785	0.00668932	-9932.57
786	0.00668932	-9238.22
787	0.00668932	-10077.5
788	0.00668932	-9612.31
789	0.00668932	-10070
790	0.00668932	-10202.4
791	0.00668932	-9416.69
792	0.00668932	-9714.75
793	0.00668932	-9202.51
794	0.00668932	-9799.11
795	0.00668932	-9763.51
796	0.00668932	-9681.88
797	0.00668932	-9440.5
798	0.00668932	-9776.2
799	0.00668932	-10113.7
800	0.00668932	-9114.69
801	0.00668932	-9395.09
802	0.00668932	-8954.5
803	0.00668932	-9374.33
804	0.00668932	-10179.9
805	0.00668932	-9656.13
806	0.00668932	-9869.53
807	0.00668932	-10086.2
808	0.00668932	-9739.67
809	0.00668932	-9997.98
810	0.00668932	-9287.49
811	0.00668932	-9687.43
812	0.00668932	-8944.45
813	0.00668932	-9826.49
814	0.00668932	-9195.38
815	0.00668932	-9670.49
816	0.00668932	-9058.88
817	0.00668932	-8863.37
818	0.00668932	-9450.25
819	0.00668932	-8908.61
820	0.00668932	-8917.01
821	0.00668932	-9069.52
822	0.00668932	-9488.21
823	0.00668932	-8964
824	0.00668932	-9794.16
825	0.00668932	-9364.61
826	0.00668932	-9233.9
827	0.00668932	-9681.23
828	0.00668932	-9372.2
829	0.00668932	-10101.5
830	0.00668932	-9859.02
831	0.00668932	-10141.9
832	0.00668932	-10324
833	0.00668932	-9487.94
834	0.00668932	-9677.42
835	0.00668932	-9677.66
836	0.00668932	-9262.84
837	0.00668932	-9910.41
838	0.00668932	-9311.99
839	0.00668932	-9237.08
840	0.00668932	-9191.8
841	0.00668932	-9265.48
842	0.00668932	-9018.23
843	0.00668932	-9797.71
844	0.00668932	-9645.22
845	0.00668932	-9650.64
846	0.00668932	-9964.3
847	0.00668932	-9087.97
848	0.00668932	-9477.04
849	0.00668932	-9509.68
850	0.00668932	-9372.25
851	0.00668932	-8924.57
852	0.00668932	-8764.59
853	0.00668932	-9719.39
854	0.00668932	-9364.66
855	0.00668932	-9465.24
856	0.00668932	-9408.67
857	0.00668932	-9278.82
858	0.00668932	-9206.46
859	0.00668932	-9224.93
860	0.00668932	-9062.29
861	0.00668932	-8978.59
862	0.00668932	-8992.35
863	0.00668932	-9735.6
864	0.00668932	-9425.57
865	0.00668932	-9549.19
866	0.00668932	-9178.6
867	0.00668932	-9316.78
868	0.00668932	-9473.11
869	0.00668932	-9237.47
870	0.00668932	-9499.11
871	0.00668932	-9765.02
872	0.00668932	-9127.29
873	0.00668932	-9544.38
874	0.00668932	-9628.09
875	0.00668932	-9656.09
876	0.00668932	-10086.4
877	0.00668932	-9063.22
878	0.00668932	-9627.89
879	0.00668932	-9176.3
880	0.00668932	-9708.17
881	0.00668932	-9426.41
882	0.00668932	-9379.04
883	0.00668932	-9087.56
884	0.00668932	-9159.95
885	0.00668932	-9500.05
886	0.00668932	-9007.08
887	0.00668932	-8900.57
888	0.00668932	-9580.3
889	0.00668932	-9601.16
890	0.00668932	-9430.93
891	0.00668932	-9882.23
892	0.00668932	-9122.15
893	0.00668932	-9539.8
894	0.00668932	-9392.65
895	0.00668932	-9618.58
896	0.00668932	-9831.83
897	0.00668932	-9417.27
898	0.00668932	-9190.62
899	0.00668932	-9627.23
900	0.00668932	-9606.66
901	0.00668932	-9506.59
902	0.00668932	-9193.77
903	0.00668932	-9410.77
904	0.00668932	-9475.38
905	0.00668932	-9186.02
906	0.00668932	-9351.08
907	0.00668932	-9959.95
908	0.00668932	-9501.5
909	0.00668932	-9354.68
910	0.00668932	-9426.25
911	0.00668932	-9132.15
912	0.00668932	-9439.4
913	0.00668932	-8945.41
914	0.00668932	-9313.18
915	0.00668932	-9087.27
916	0.00668932	-8888.01
917	0.00668932	-9464.76
918	0.00668932	-10077.6
919	0.00668932	-9938.98
920	0.00668932	-9749.19
921	0.00668932	-10356.1
922	0.00668932	-9154.82
923	0.00668932	-9608.76
924	0.00668932	-9977.98
925	0.00668932	-9137.42
926	0.00668932	-9546.44
927	0.00668932	-9695.2
928	0.00668932	-9812.37
929	0.00668932	-9213.77
930	0.00668932	-8796.38
931	0.00668932	-9111.05
932	0.00668932	-9366.5
933	0.00668932	-9270.61
934	0.00668932	-9680.23
935	0.00668932	-8706.32
936	0.00668932	-9488.04
937	0.00668932	-9147.93
938	0.00668932	-9355.44
939	0.00668932	-9264.02
940	0.00668932	-9473.16
941	0.00668932	-9105.66
942	0.00668932	-9152.99
943	0.00668932	-9414.34
944	0.00668932	-9681.08
945	0.00668932	-9379.61
946	0.00668932	-10492.7
947	0.00668932	-9602.85
948	0.00668932	-9707.67
949	0.00668932	-9493.71
950	0.00668932	-9768.38
951	0.00668932	-9017.62
952	0.00668932	-9301.67
953	0.00668932	-9697.32
954	0.00668932	-10347.3
955	0.00668932	-10071.9
956	0.00668932	-9663.37
957	0.00668932	-9355.2
958	0.00668932	-9023.11
959	0.00668932	-9719.36
960	0.00668932	-9177.76
961	0.00668932	-9413.54
962	0.00668932	-9778.3
963	0.00668932	-9906.55
964	0.00668932	-9073.89
965	0.00668932	-9101.83
966	0.00668932	-9119.02
967	0.00668932	-9270.03
968	0.00668932	-9274.86
969	0.00668932	-9733.04
970	0.00668932	-9568.42
971	0.00668932	-9770.58
972	0.00668932	-9328.25
973	0.00668932	-9122.36
974	0.00668932	-9850.66
975	0.00668932	-9280.25
976	0.00668932	-9180.99
977	0.00668932	-9430.66
978	0.00668932	-9356.85
979	0.00668932	-9328.47
980	0.00668932	-9076.23
981	0.00668932	-9430.03
982	0.00668932	-9126.68
983	0.00668932	-9454.47
984	0.00668932	-9848.43
985	0.00668932	-9400.39
986	0.00668932	-9248.62
987	0.00668932	-9263.39
988	0.00668932	-9556.21
989	0.00668932	-9495.61
990	0.00668932	-9727.92
991	0.00668932	-9484.84
992	0.00668932	-9566.38
993	0.00668932	-9594.23
994	0.00668932	-9410.9
995	0.00668932	-9741.01
996	0.00668932	-9358.37
997	0.00668932	-10208.7
998	0.00668932	-9571.98
999	0.00668932	-9531.21
1000	0.00668932	-9172.41
251	0.00502648	-10128.3
252	0.00502648	-10022.3
253	0.00502648	-10328
254	0.00502648	-9376.61
255	0.00502648	-10183
256	0.00502648	-10528.5
257	0.00502648	-9677.08
258	0.00502648	-9281.81
259	0.00502648	-9914.46
260	0.00502648	-9853.46
261	0.00502648	-9733.83
262	0.00502648	-9679.04
263	0.00502648	-9121.1
264	0.00502648	-9560.32
265	0.00502648	-9053.12
266	0.00502648	-9132.14
267	0.00502648	-9923.49
268	0.00502648	-10166.5
269	0.00502648	-9936.81
270	0.00502648	-10323.2
271	0.00502648	-10539.5
272	0.00502648	-9806.86
273	0.00502648	-9547.86
274	0.00502648	-9944.59
275	0.00502648	-9532.98
276	0.00502648	-9746.71
277	0.00502648	-9954.14
278	0.00502648	-10405.1
279	0.00502648	-9627.42
280	0.00502648	-9524.19
281	0.00502648	-10001.8
282	0.00502648	-9826.78
283	0.00502648	-10078.3
284	0.00502648	-9647.25
285	0.00502648	-10024.2
286	0.00502648	-9238.37
287	0.00502648	-9517.43
288	0.00502648	-9005.72
289	0.00502648	-9717.14
290	0.00502648	-9633.51
291	0.00502648	-9200.67
292	0.00502648	-8874.83
293	0.00502648	-8992.21
294	0.00502648	-9626.17
295	0.00502648	-9986.69
296	0.00502648	-10467.4
297	0.00502648	-9873.08
298	0.00502648	-9825.9
299	0.00502648	-10072.5
300	0.00502648	-9984.71
301	0.00502648	-10755.4
302	0.00502648	-10409.1
303	0.00502648	-9384.98
304	0.00502648	-9978.83
305	0.00502648	-9515.1
306	0.00502648	-9512.52
307	0.00502648	-9809.3
308	0.00502648	-10168.6
309	0.00502648	-9452.89
310	0.00502648	-9368.66
311	0.00502648	-10015.7
312	0.00502648	-9829.34
313	0.00502648	-10750.7
314	0.00502648	-10253.2
315	0.00502648	-9548.22
316	0.00502648	-9703.76
317	0.00502648	-9583.54
318	0.00502648	-9691.56
319	0.00502648	-9805.07
320	0.00502648	-10024.1
321	0.00502648	-10696.1
322	0.00502648	-10007.4
323	0.00502648	-10363.1
324	0.00502648	-9196.85
325	0.00502648	-9086.98
326	0.00502648	-9451.61
327	0.00502648	-9166.56
328	0.00502648	-9690.4
329	0.00502648	-9589.44
330	0.00502648	-9116.97
331	0.00502648	-9781.43
332	0.00502648	-9011.63
333	0.00502648	-9027.74
334	0.00502648	-10109
335	0.00502648	-8893.8
336	0.00502648	-10135.1
337	0.00502648	-9713.23
338	0.00502648	-9099.68
339	0.00502648	-9086.59
340	0.00502648	-9201.18
341	0.00502648	-9229.64
342	0.00502648	-9275.62
343	0.00502648	-9020.35
344	0.00502648	-8902.51
345	0.00502648	-9833.87
346	0.00502648	-9695.7
347	0.00502648	-9425.3
348	0.00502648	-10216.9
349	0.00502648	-9755.29
350	0.00502648	-9410.3
351	0.00502648	-9802.73
352	0.00502648	-8966.04
353	0.00502648	-9416.3
354	0.00502648	-9668.13
355	0.00502648	-9280.02
356	0.00502648	-9746.1
357	0.00502648	-9144.54
358	0.00502648	-10122.4
359	0.00502648	-9652.71
360	0.00502648	-10259.9
361	0.00502648	-10801.5
362	0.00502648	-10054.7
363	0.00502648	-9080.81
364	0.00502648	-9585.73
365	0.00502648	-9797.64
366	0.00502648	-9816.71
367	0.00502648	-10304.7
368	0.00502648	-9899.51
369	0.00502648	-9555.81
370	0.00502648	-9476.63
371	0.00502648	-9738.19
372	0.00502648	-10466.8
373	0.00502648	-9755.64
374	0.00502648	-9281.16
375	0.00502648	-10219.3
376	0.00502648	-9547.65
377	0.00502648	-9436.66
378	0.00502648	-9918.43
379	0.00502648	-9997.55
380	0.00502648	-9331.13
381	0.00502648	-9231.91
382	0.00502648	-9011.29
383	0.00502648	-9165.72
384	0.00502648	-10068.3
385	0.00502648	-10242.7
386	0.00502648	-9872.05
387	0.00502648	-10226.9
388	0.00502648	-9915.26
389	0.00502648	-9207.88
390	0.00502648	-10144.1
391	0.00502648	-9436.01
392	0.00502648	-9687.41
393	0.00502648	-9629.3
394	0.00502648	-9219.97
395	0.00502648	-9892.81
396	0.00502648	-10387.1
397	0.00502648	-10094
398	0.00502648	-9565.79
399	0.00502648	-9933.48
400	0.00502648	-10263.4
401	0.00502648	-9959
402	0.00502648	-9617.74
403	0.00502648	-9689.73
404	0.00502648	-10278
405	0.00502648	-9991.01
406	0.00502648	-10258.9
407	0.00502648	-9679.04
408	0.00502648	-9940.79
409	0.00502648	-10337.5
410	0.00502648	-10803.3
411	0.00502648	-10026.5
412	0.00502648	-10209.8
413	0.00502648	-9796.94
414	0.00502648	-10082
415	0.00502648	-9398.64
416	0.00502648	-9047.17
417	0.00502648	-9115.09
418	0.00502648	-9319.48
419	0.00502648	-10017.3
420	0.00502648	-8944.88
421	0.00502648	-10281.2
422	0.00502648	-9376.26
423	0.00502648	-10385.4
424	0.00502648	-10198.7
425	0.00502648	-9861.96
426	0.00502648	-9134.25
427	0.00502648	-9840.57
428	0.00502648	-10165.2
429	0.00502648	-10268.7
430	0.00502648	-9828.65
431	0.00502648	-9683.61
432	0.00502648	-10047.4
433	0.00502648	-10187.9
434	0.00502648	-10147.4
435	0.00502648	-11082.4
436	0.00502648	-9744.24
437	0.00502648	-9970.77
438	0.00502648	-10280.8
439	0.00502648	-10061.6
440	0.00502648	-9492.04
441	0.00502648	-10721.1
442	0.00502648	-10163.3
443	0.00502648	-8884.05
444	0.00502648	-9287.19
445	0.00502648	-8977.17
446	0.00502648	-9119.75
447	0.00502648	-9460.11
448	0.00502648	-9789.74
449	0.00502648	-9996.51
450	0.00502648	-9580.49
451	0.00502648	-9851.01
452	0.00502648	-9976.55
453	0.00502648	-9334.46
454	0.00502648	-9083.06
455	0.00502648	-9400.33
456	0.00502648	-9623.22
457	0.00502648	-9529.62
458	0.00502648	-10029.3
459	0.00502648	-9644.34
460	0.00502648	-9443.78
461	0.00502648	-10096.7
462	0.00502648	-9250.11
463	0.00502648	-9538.55
464	0.00502648	-10002.8
465	0.00502648	-9538.68
466	0.00502648	-9724.68
467	0.00502648	-9858.74
468	0.00502648	-9531.44
469	0.00502648	-10031.3
470	0.00502648	-8930.08
471	0.00502648	-9199.1
472	0.00502648	-9946.64
473	0.00502648	-9479.44
474	0.00502648	-9151.11
475	0.00502648	-10140.9
476	0.00502648	-10037.6
477	0.00502648	-10571.3
478	0.00502648	-9446.9
479	0.00502648	-9605.93
480	0.00502648	-9816.48
481	0.00502648	-9378.54
482	0.00502648	-8940.28
483	0.00502648	-9069.85
484	0.00502648	-9695.87
485	0.00502648	-9460.01
486	0.00502648	-10271.6
487	0.00502648	-8958.44
488	0.00502648	-10074.5
489	0.00502648	-9532.96
490	0.00502648	-9857.68
491	0.00502648	-10034.8
492	0.00502648	-9996.63
493	0.00502648	-9659.85
494	0.00502648	-9051.28
495	0.00502648	-9726.21
496	0.00502648	-9101.67
497	0.00502648	-9287.89
498	0.00502648	-9735.92
499	0.00502648	-9514.52
500	0.00502648	-10011.3
501	0.00502648	-10662.5
502	0.00502648	-9848.77
503	0.00502648	-9630.14
504	0.00502648	-9774.31
505	0.00502648	-9723.49
506	0.00502648	-9614.22
507	0.00502648	-9901.68
508	0.00502648	-9884.68
509	0.00502648	-10390
510	0.00502648	-10257
511	0.00502648	-9677.12
512	0.00502648	-9778.9
513	0.00502648	-9277.76
514	0.00502648	-10011.2
515	0.00502648	-9951.93
516	0.00502648	-10475.2
517	0.00502648	-10601.3
518	0.00502648	-9349.04
519	0.00502648	-10012.6
520	0.00502648	-9665.89
521	0.00502648	-9324.85
522	0.00502648	-9418.23
523	0.00502648	-9266.67
524	0.00502648	-9534.74
525	0.00502648	-9605.46
526	0.00502648	-9597.78
527	0.00502648	-9767.42
528	0.00502648	-9615.76
529	0.00502648	-10279.4
530	0.00502648	-10157.6
531	0.00502648	-10038.3
532	0.00502648	-10111.8
533	0.00502648	-9406.17
534	0.00502648	-9613.71
535	0.00502648	-9724.22
536	0.00502648	-8931.32
537	0.00502648	-9579
538	0.00502648	-9754.63
539	0.00502648	-9071.78
540	0.00502648	-9122.97
541	0.00502648	-9584.7
542	0.00502648	-9665.71
543	0.00502648	-9851.2
544	0.00502648	-9561.67
545	0.00502648	-10433.9
546	0.00502648	-9282.64
547	0.00502648	-9851.15
548	0.00502648	-9761.48
549	0.00502648	-9804.69
550	0.00502648	-9741.05
551	0.00502648	-9400.27
552	0.00502648	-9332.59
553	0.00502648	-9789.97
554	0.00502648	-8812.96
555	0.00502648	-9159.38
556	0.00502648	-9844.64
557	0.00502648	-9650.69
558	0.00502648	-8986.6
559	0.00502648	-9783.4
560	0.00502648	-9325.88
561	0.00502648	-9486.33
562	0.00502648	-9656.23
563	0.00502648	-9659.79
564	0.00502648	-9933.21
565	0.00502648	-10362.6
566	0.00502648	-9767.53
567	0.00502648	-9218.35
568	0.00502648	-9876.88
569	0.00502648	-9958.71
570	0.00502648	-9993.74
571	0.00502648	-10161.6
572	0.00502648	-11603.1
573	0.00502648	-9131.37
574	0.00502648	-9605.64
575	0.00502648	-9347.29
576	0.00502648	-9656.11
577	0.00502648	-9367.43
578	0.00502648	-9847.85
579	0.00502648	-9637.22
580	0.00502648	-9561.14
581	0.00502648	-9593.2
582	0.00502648	-9725.25
583	0.00502648	-9559.71
584	0.00502648	-9622.97
585	0.00502648	-9373.25
586	0.00502648	-9084.81
587	0.00502648	-9556.05
588	0.00502648	-9925.72
589	0.00502648	-9364.91
590	0.00502648	-9715.82
591	0.00502648	-9518.28
592	0.00502648	-9879.33
593	0.00502648	-10474.5
594	0.00502648	-10246.9
595	0.00502648	-9226.34
596	0.00502648	-9772.41
597	0.00502648	-9870.54
598	0.00502648	-10014.4
599	0.00502648	-9344.99
600	0.00502648	-9834.35
601	0.00502648	-9286.38
602	0.00502648	-9882.75
603	0.00502648	-9588.09
604	0.00502648	-10046.3
605	0.00502648	-9106.95
606	0.00502648	-8883.75
607	0.00502648	-9041.06
608	0.00502648	-9338.76
609	0.00502648	-9810.36
610	0.00502648	-10097
611	0.00502648	-10191.9
612	0.00502648	-9703.84
613	0.00502648	-10066.9
614	0.00502648	-10911.7
615	0.00502648	-9879.38
616	0.00502648	-10284.7
617	0.00502648	-10065.3
618	0.00502648	-9832.57
619	0.00502648	-9207.79
620	0.00502648	-10017.5
621	0.00502648	-9058.97
622	0.00502648	-10213.9
623	0.00502648	-9899.73
624	0.00502648	-9270.62
625	0.00502648	-9999.73
626	0.00502648	-10036.9
627	0.00502648	-9717.46
628	0.00502648	-9276.51
629	0.00502648	-8789.75
630	0.00502648	-10771.6
631	0.00502648	-10071.4
632	0.00502648	-10170.5
633	0.00502648	-10000.2
634	0.00502648	-9647.98
635	0.00502648	-9582.74
636	0.00502648	-10192.7
637	0.00502648	-9895.54
638	0.00502648	-9666.45
639	0.00502648	-9301.25
640	0.00502648	-9628.21
641	0.00502648	-10003.7
642	0.00502648	-9700.91
643	0.00502648	-9793.49
644	0.00502648	-10120.6
645	0.00502648	-9461.54
646	0.00502648	-9738.28
647	0.00502648	-9528.86
648	0.00502648	-9516.23
649	0.00502648	-9790.66
650	0.00502648	-9447.7
651	0.00502648	-9762.14
652	0.00502648	-9233.69
653	0.00502648	-9368.47
654	0.00502648	-8928.5
655	0.00502648	-9164.51
656	0.00502648	-9894.62
657	0.00502648	-9436.17
658	0.00502648	-9468.28
659	0.00502648	-10174.7
660	0.00502648	-9555.36
661	0.00502648	-9313.21
662	0.00502648	-9182.27
663	0.00502648	-9101.57
664	0.00502648	-9473.42
665	0.00502648	-9807.84
666	0.00502648	-9421.23
667	0.00502648	-9952.34
668	0.00502648	-8947.48
669	0.00502648	-9633.98
670	0.00502648	-9754.52
671	0.00502648	-10085.8
672	0.00502648	-9887.91
673	0.00502648	-10277.7
674	0.00502648	-9845.99
675	0.00502648	-9991.9
676	0.00502648	-10186.5
677	0.00502648	-10419.2
678	0.00502648	-10060.1
679	0.00502648	-10399.4
680	0.00502648	-11056.9
681	0.00502648	-10629.2
682	0.00502648	-9318.06
683	0.00502648	-9893.74
684	0.00502648	-9333.07
685	0.00502648	-9706.5
686	0.00502648	-9508.93
687	0.00502648	-9500.38
688	0.00502648	-9450.57
689	0.00502648	-8941.95
690	0.00502648	-10236.2
691	0.00502648	-9417.14
692	0.00502648	-9432.48
693	0.00502648	-9416.33
694	0.00502648	-9064.2
695	0.00502648	-9433.39
696	0.00502648	-9628.03
697	0.00502648	-9362.69
698	0.00502648	-10006.7
699	0.00502648	-9477.97
700	0.00502648	-9756.14
701	0.00502648	-9706.37
702	0.00502648	-9153.62
703	0.00502648	-9158.69
704	0.00502648	-10191.8
705	0.00502648	-9819.98
706	0.00502648	-9721.9
707	0.00502648	-9616.36
708	0.00502648	-9516.2
709	0.00502648	-9631.23
710	0.00502648	-8907.14
711	0.00502648	-8734.22
712	0.00502648	-9326.45
713	0.00502648	-9680.29
714	0.00502648	-9266.57
715	0.00502648	-9419.25
716	0.00502648	-9201.32
717	0.00502648	-9253.11
718	0.00502648	-10000.6
719	0.00502648	-9282.22
720	0.00502648	-9636.66
721	0.00502648	-9168.38
722	0.00502648	-10102
723	0.00502648	-9404.76
724	0.00502648	-9373.51
725	0.00502648	-9257.68
726	0.00502648	-9399.53
727	0.00502648	-9534.74
728	0.00502648	-9154.91
729	0.00502648	-9331.79
730	0.00502648	-8659.49
731	0.00502648	-9014.93
732	0.00502648	-9129.22
733	0.00502648	-9262.42
734	0.00502648	-10289.5
735	0.00502648	-9306.66
736	0.00502648	-10408.5
737	0.00502648	-9846.24
738	0.00502648	-9533.73
739	0.00502648	-9733.4
740	0.00502648	-9896.36
741	0.00502648	-9446.67
742	0.00502648	-9627.05
743	0.00502648	-9834.25
744	0.00502648	-10158.3
745	0.00502648	-9160.59
746	0.00502648	-10302.1
747	0.00502648	-9251.49
748	0.00502648	-9180.85
749	0.00502648	-10330.7
750	0.00502648	-10263.1
751	0.00502648	-9836.74
752	0.00502648	-9758.95
753	0.00502648	-9988.26
754	0.00502648	-9622.06
755	0.00502648	-9431.78
756	0.00502648	-9957.71
757	0.00502648	-9733.4
758	0.00502648	-9540.05
759	0.00502648	-9785.54
760	0.00502648	-9191.68
761	0.00502648	-9969.24
762	0.00502648	-10545.1
763	0.00502648	-9283.39
764	0.00502648	-9671.58
765	0.00502648	-9951.75
766	0.00502648	-10523.6
767	0.00502648	-10102.6
768	0.00502648	-9790.61
769	0.00502648	-9379.36
770	0.00502648	-9657.41
771	0.00502648	-9937.42
772	0.00502648	-9789.06
773	0.00502648	-9850.82
774	0.00502648	-10732.8
775	0.00502648	-10846.8
776	0.00502648	-10299.5
777	0.00502648	-10419.6
778	0.00502648	-9379.97
779	0.00502648	-9759.64
780	0.00502648	-9745.75
781	0.00502648	-8956.85
782	0.00502648	-9134.11
783	0.00502648	-8846.61
784	0.00502648	-9320.11
785	0.00502648	-9230.75
786	0.00502648	-9060.98
787	0.00502648	-9087.05
788	0.00502648	-9393.51
789	0.00502648	-8938.97
790	0.00502648	-9559.95
791	0.00502648	-9398.15
792	0.00502648	-9546.62
793	0.00502648	-10223.2
794	0.00502648	-9872.33
795	0.00502648	-9048.46
796	0.00502648	-10020.5
797	0.00502648	-10394.8
798	0.00502648	-9670.99
799	0.00502648	-10407.1
800	0.00502648	-11371.2
801	0.00502648	-10132.2
802	0.00502648	-8880.41
803	0.00502648	-9843.15
804	0.00502648	-9846.36
805	0.00502648	-9234.06
806	0.00502648	-9321.7
807	0.00502648	-9117.46
808	0.00502648	-9465.42
809	0.00502648	-9582.33
810	0.00502648	-9473.22
811	0.00502648	-9806.8
812	0.00502648	-9377.88
813	0.00502648	-8921.77
814	0.00502648	-9896.47
815	0.00502648	-9856.06
816	0.00502648	-9760.27
817	0.00502648	-9738.85
818	0.00502648	-9143.1
819	0.00502648	-8982.67
820	0.00502648	-9358.3
821	0.00502648	-9783.46
822	0.00502648	-10118.3
823	0.00502648	-9569.56
824	0.00502648	-9806.69
825	0.00502648	-9737
826	0.00502648	-9334.78
827	0.00502648	-9105.14
828	0.00502648	-10106.3
829	0.00502648	-9214.77
830	0.00502648	-9449.36
831	0.00502648	-9518.89
832	0.00502648	-9763.89
833	0.00502648	-9595.03
834	0.00502648	-8983.65
835	0.00502648	-9879.84
836	0.00502648	-9583.39
837	0.00502648	-9217.27
838	0.00502648	-9653.37
839	0.00502648	-9402.41
840	0.00502648	-9991.52
841	0.00502648	-9673
842	0.00502648	-9115.16
843	0.00502648	-9760.25
844	0.00502648	-9792.33
845	0.00502648	-9052.28
846	0.00502648	-9285.47
847	0.00502648	-9241.81
848	0.00502648	-9338.95
849	0.00502648	-8809.5
850	0.00502648	-9615
851	0.00502648	-9201.08
852	0.00502648	-10286
853	0.00502648	-10377.1
854	0.00502648	-9370.57
855	0.00502648	-9788.08
856	0.00502648	-9286.83
857	0.00502648	-9180.94
858	0.00502648	-10062.2
859	0.00502648	-9574.7
860	0.00502648	-10288.4
861	0.00502648	-9664.37
862	0.00502648	-9119.54
863	0.00502648	-9835.13
864	0.00502648	-9492.89
865	0.00502648	-9523.87
866	0.00502648	-9744.96
867	0.00502648	-10756.9
868	0.00502648	-10070.6
869	0.00502648	-10604.6
870	0.00502648	-9810.11
871	0.00502648	-9862.92
872	0.00502648	-10093.5
873	0.00502648	-10363
874	0.00502648	-9897.94
875	0.00502648	-9620.38
876	0.00502648	-10307.2
877	0.00502648	-9196.53
878	0.00502648	-9697.36
879	0.00502648	-9782.68
880	0.00502648	-9888.93
881	0.00502648	-10328.2
882	0.00502648	-9534.23
883	0.00502648	-9195.69
884	0.00502648	-9419.41
885	0.00502648	-9346.81
886	0.00502648	-10228
887	0.00502648	-9257.39
888	0.00502648	-9868.91
889	0.00502648	-9384.01
890	0.00502648	-8855.9
891	0.00502648	-8685.98
892	0.00502648	-9495.81
893	0.00502648	-9355.46
894	0.00502648	-9774.16
895	0.00502648	-9519.33
896	0.00502648	-9180.8
897	0.00502648	-9151.87
898	0.00502648	-9626.49
899	0.00502648	-9878.12
900	0.00502648	-10486.1
901	0.00502648	-9963.37
902	0.00502648	-9937.97
903	0.00502648	-9519.67
904	0.00502648	-10644.3
905	0.00502648	-9843.21
906	0.00502648	-9834.93
907	0.00502648	-9585.69
908	0.00502648	-9929.87
909	0.00502648	-9808.58
910	0.00502648	-10145.1
911	0.00502648	-10161.8
912	0.00502648	-10091.8
913	0.00502648	-9744.54
914	0.00502648	-9491.18
915	0.00502648	-10631
916	0.00502648	-9786.27
917	0.00502648	-9645.35
918	0.00502648	-10169.2
919	0.00502648	-10910.3
920	0.00502648	-10497.9
921	0.00502648	-9220.48
922	0.00502648	-9603.81
923	0.00502648	-10295.5
924	0.00502648	-9543.54
925	0.00502648	-10774.5
926	0.00502648	-9607.7
927	0.00502648	-9823.85
928	0.00502648	-10367.8
929	0.00502648	-10394
930	0.00502648	-10269.4
931	0.00502648	-9824.45
932	0.00502648	-10195
933	0.00502648	-10106.9
934	0.00502648	-9756.05
935	0.00502648	-9804.74
936	0.00502648	-9947.84
937	0.00502648	-10294.9
938	0.00502648	-10669.8
939	0.00502648	-9211.69
940	0.00502648	-9440.01
941	0.00502648	-10303.1
942	0.00502648	-9846.11
943	0.00502648	-10923.1
944	0.00502648	-9275.68
945	0.00502648	-10148.3
946	0.00502648	-10346.3
947	0.00502648	-9307.63
948	0.00502648	-9560.42
949	0.00502648	-10095
950	0.00502648	-9954.69
951	0.00502648	-9902.39
952	0.00502648	-10028.5
953	0.00502648	-9925.82
954	0.00502648	-9798.84
955	0.00502648	-9426.92
956	0.00502648	-9546.63
957	0.00502648	-9432.22
958	0.00502648	-10277.4
959	0.00502648	-9593.25
960	0.00502648	-9745.67
961	0.00502648	-10117.4
962	0.00502648	-10075.3
963	0.00502648	-10743.3
964	0.00502648	-10064.9
965	0.00502648	-9206.69
966	0.00502648	-9708.21
967	0.00502648	-9715.33
968	0.00502648	-9582.09
969	0.00502648	-9513.58
970	0.00502648	-10375
971	0.00502648	-9380.56
972	0.00502648	-9590.23
973	0.00502648	-9416.53
974	0.00502648	-10130.7
975	0.00502648	-9762.23
976	0.00502648	-10217.3
977	0.00502648	-10227.2
978	0.00502648	-10485.2
979	0.00502648	-10884.8
980	0.00502648	-10210.3
981	0.00502648	-9048.31
982	0.00502648	-9426.31
983	0.00502648	-9175.92
984	0.00502648	-9881.32
985	0.00502648	-9528.77
986	0.00502648	-10057.1
987	0.00502648	-9808.47
988	0.00502648	-9618.81
989	0.00502648	-10543
990	0.00502648	-10619.1
991	0.00502648	-10962
992	0.00502648	-10491.2
993	0.00502648	-10495.3
994	0.00502648	-9665.16
995	0.00502648	-9761.04
996	0.00502648	-9884.26
997	0.00502648	-9971.85
998	0.00502648	-9869.34
999	0.00502648	-10364.6
1000	0.00502648	-9333.09
251	0.0037121	-10342.6
252	0.0037121	-10213.9
253	0.0037121	-9796.25
254	0.0037121	-9771.55
255	0.0037121	-10138.4
256	0.0037121	-9891.84
257	0.0037121	-9641.79
258	0.0037121	-9439.35
259	0.0037121	-9682.67
260	0.0037121	-9585.92
261	0.0037121	-10149.8
262	0.0037121	-10640
263	0.0037121	-9665.92
264	0.0037121	-9830.08
265	0.0037121	-10333.1
266	0.0037121	-10216.4
267	0.0037121	-9843.75
268	0.0037121	-9555.04
269	0.0037121	-10060.1
270	0.0037121	-9283.06
271	0.0037121	-10117.3
272	0.0037121	-9858.92
273	0.0037121	-9693.57
274	0.0037121	-10356.3
275	0.0037121	-10336
276	0.0037121	-9839.98
277	0.0037121	-9397.08
278	0.0037121	-10372.5
279	0.0037121	-9787.83
280	0.0037121	-9834.66
281	0.0037121	-9178.83
282	0.0037121	-9913.37
283	0.0037121	-10513.9
284	0.0037121	-10244.7
285	0.0037121	-11186.8
286	0.0037121	-10540.2
287	0.0037121	-11061.3
288	0.0037121	-10196.7
289	0.0037121	-9973.3
290	0.0037121	-10148.6
291	0.0037121	-10146.8
292	0.0037121	-10067.4
293	0.0037121	-10148.2
294	0.0037121	-9980.22
295	0.0037121	-9765.76
296	0.0037121	-9767
297	0.0037121	-9371.9
298	0.0037121	-9664.07
299	0.0037121	-9381.79
300	0.0037121	-10805.8
301	0.0037121	-10257.8
302	0.0037121	-9561.97
303	0.0037121	-10293
304	0.0037121	-9674.74
305	0.0037121	-9772.76
306	0.0037121	-10011.6
307	0.0037121	-10432.9
308	0.0037121	-10547.4
309	0.0037121	-9949.87
310	0.0037121	-10084.2
311	0.0037121	-10081.3
312	0.0037121	-9478.57
313	0.0037121	-9428.66
314	0.0037121	-9518.96
315	0.0037121	-9841.61
316	0.0037121	-10475.2
317	0.0037121	-9559.71
318	0.0037121	-9781.32
319	0.0037121	-9302.87
320	0.0037121	-9813.17
321	0.0037121	-9517.83
322	0.0037121	-9580.9
323	0.0037121	-9983.52
324	0.0037121	-9787.32
325	0.0037121	-9433.89
326	0.0037121	-9932.26
327	0.0037121	-10333.8
328	0.0037121	-11397.3
329	0.0037121	-9637.82
330	0.0037121	-9450.91
331	0.0037121	-10024.2
332	0.0037121	-9437.34
333	0.0037121	-9757.27
334	0.0037121	-10596.3
335	0.0037121	-10375.4
336	0.0037121	-9971.46
337	0.0037121	-10926.8
338	0.0037121	-10111
339	0.0037121	-10062.3
340	0.0037121	-9636.88
341	0.0037121	-10057.7
342	0.0037121	-10064.2
343	0.0037121	-10196.1
344	0.0037121	-9641.49
345	0.0037121	-10865.4
346	0.0037121	-10276.2
347	0.0037121	-9488.8
348	0.0037121	-10026.8
349	0.0037121	-9024.55
350	0.0037121	-9951.28
351	0.0037121	-10422.9
352	0.0037121	-10543.9
353	0.0037121	-9551.01
354	0.0037121	-9505.47
355	0.0037121	-10501.2
356	0.0037121	-10551
357	0.0037121	-9533.46
358	0.0037121	-9550.44
359	0.0037121	-9544.04
360	0.0037121	-10217
361	0.0037121	-11262.9
362	0.0037121	-10158.8
363	0.0037121	-10027.6
364	0.0037121	-9518.99
365	0.0037121	-9940.21
366	0.0037121	-9989.93
367	0.0037121	-10935.5
368	0.0037121	-10463.1
369	0.0037121	-10429.9
370	0.0037121	-10893
371	0.0037121	-10898.3
372	0.0037121	-10522.4
373	0.0037121	-9386.28
374	0.0037121	-9634.43
375	0.0037121	-10017.4
376	0.0037121	-9772.71
377	0.0037121	-10273.9
378	0.0037121	-10449.7
379	0.0037121	-9824.7
380	0.0037121	-9807.28
381	0.0037121	-9887.69
382	0.0037121	-9226.47
383	0.0037121	-10438.2
384	0.0037121	-9690
385	0.0037121	-9881.46
386	0.0037121	-9691.62
387	0.0037121	-9974.08
388	0.0037121	-10723.2
389	0.0037121	-9650.29
390	0.0037121	-10659
391	0.0037121	-10462.1
392	0.0037121	-10339.7
393	0.0037121	-9465.77
394	0.0037121	-9814.31
395	0.0037121	-10405.8
396	0.0037121	-9713.23
397	0.0037121	-9780.72
398	0.0037121	-9964.38
399	0.0037121	-10580.8
400	0.0037121	-10437.8
401	0.0037121	-9727.44
402	0.0037121	-10076.3
403	0.0037121	-9987.88
404	0.0037121	-9520.32
405	0.0037121	-9703.23
406	0.0037121	-9965.89
407	0.0037121	-10089.2
408	0.0037121	-10548.6
409	0.0037121	-10419
410	0.0037121	-9852.02
411	0.0037121	-10097.9
412	0.0037121	-10258.8
413	0.0037121	-10009.6
414	0.0037121	-10900
415	0.0037121	-10235.1
416	0.0037121	-10296.7
417	0.0037121	-10427.4
418	0.0037121	-10466.7
419	0.0037121	-9961.08
420	0.0037121	-10131.5
421	0.0037121	-10188.7
422	0.0037121	-10537
423	0.0037121	-10235.4
424	0.0037121	-9284.15
425	0.0037121	-9808.76
426	0.0037121	-9407.29
427	0.0037121	-9527.4
428	0.0037121	-9683.7
429	0.0037121	-9550.65
430	0.0037121	-9705.17
431	0.0037121	-10203.1
432	0.0037121	-9839.88
433	0.0037121	-9753.25
434	0.0037121	-9720.56
435	0.0037121	-10294.1
436	0.0037121	-10293.3
437	0.0037121	-9658.78
438	0.0037121	-10710
439	0.0037121	-10521.5
440	0.0037121	-9837.69
441	0.0037121	-10229.8
442	0.0037121	-10956.5
443	0.0037121	-9954.25
444	0.0037121	-9578.95
445	0.0037121	-9703.83
446	0.0037121	-9944.7
447	0.0037121	-10417.4
448	0.0037121	-10022.2
449	0.0037121	-10013
450	0.0037121	-10100.3
451	0.0037121	-9928.31
452	0.0037121	-10323.4
453	0.0037121	-9772.84
454	0.0037121	-10473.7
455	0.0037121	-9993.29
456	0.0037121	-9848.91
457	0.0037121	-9599.19
458	0.0037121	-9441.95
459	0.0037121	-9957.68
460	0.0037121	-9455.14
461	0.0037121	-10091.9
462	0.0037121	-9102.11
463	0.0037121	-10127.5
464	0.0037121	-10161.5
465	0.0037121	-8934.68
466	0.0037121	-10332.1
467	0.0037121	-10325.3
468	0.0037121	-9474.99
469	0.0037121	-10933.1
470	0.0037121	-10152.5
471	0.0037121	-10893.4
472	0.0037121	-9890.53
473	0.0037121	-9920.3
474	0.0037121	-11331.8
475	0.0037121	-10469.5
476	0.0037121	-9963.31
477	0.0037121	-9372.27
478	0.0037121	-9721.45
479	0.0037121	-9483.01
480	0.0037121	-10000.3
481	0.0037121	-10145.7
482	0.0037121	-9322.66
483	0.0037121	-10853.4
484	0.0037121	-9892.51
485	0.0037121	-10531.8
486	0.0037121	-9675.36
487	0.0037121	-10731.6
488	0.0037121	-9889.57
489	0.0037121	-9546.51
490	0.0037121	-9468.3
491	0.0037121	-9658.05
492	0.0037121	-10144.4
493	0.0037121	-9151.16
494	0.0037121	-9455.55
495	0.0037121	-10714.1
496	0.0037121	-10259.1
497	0.0037121	-9756.52
498	0.0037121	-10174.9
499	0.0037121	-10440.5
500	0.0037121	-10009.8
501	0.0037121	-9506.7
502	0.0037121	-12132.7
503	0.0037121	-9915.87
504	0.0037121	-9300.96
505	0.0037121	-9698.12
506	0.0037121	-9931.19
507	0.0037121	-9043.03
508	0.0037121	-10084.2
509	0.0037121	-9777.07
510	0.0037121	-9210.47
511	0.0037121	-9368.17
512	0.0037121	-10109.1
513	0.0037121	-10057.3
514	0.0037121	-10564.9
515	0.0037121	-10334.5
516	0.0037121	-10541.7
517	0.0037121	-9582.95
518	0.0037121	-9895.42
519	0.0037121	-10236.5
520	0.0037121	-10030.2
521	0.0037121	-9536.35
522	0.0037121	-9769.49
523	0.0037121	-10726.4
524	0.0037121	-10274.5
525	0.0037121	-11053.6
526	0.0037121	-9484.8
527	0.0037121	-9849.11
528	0.0037121	-10343.4
529	0.0037121	-9776.87
530	0.0037121	-10259
531	0.0037121	-9494.72
532	0.0037121	-9105.05
533	0.0037121	-9026.02
534	0.0037121	-9320.3
535	0.0037121	-10385.9
536	0.0037121	-9881.66
537	0.0037121	-10080.5
538	0.0037121	-9491.78
539	0.0037121	-9126.66
540	0.0037121	-10037.9
541	0.0037121	-9984.66
542	0.0037121	-9990.67
543	0.0037121	-10391.5
544	0.0037121	-10851
545	0.0037121	-10644.4
546	0.0037121	-10021.2
547	0.0037121	-10045.7
548	0.0037121	-9738.61
549	0.0037121	-10211.6
550	0.0037121	-9693.89
551	0.0037121	-9153.1
552	0.0037121	-9981.52
553	0.0037121	-10052.3
554	0.0037121	-9402.97
555	0.0037121	-9977.45
556	0.0037121	-9894.1
557	0.0037121	-10749.9
558	0.0037121	-10104.5
559	0.0037121	-9573.35
560	0.0037121	-10181.2
561	0.0037121	-9353.15
562	0.0037121	-9871.31
563	0.0037121	-9989.18
564	0.0037121	-10456.8
565	0.0037121	-10342.1
566	0.0037121	-10564
567	0.0037121	-10615.1
568	0.0037121	-9973.15
569	0.0037121	-10479.9
570	0.0037121	-10519.3
571	0.0037121	-9235.59
572	0.0037121	-10087
573	0.0037121	-9572.26
574	0.0037121	-9702.06
575	0.0037121	-10187.4
576	0.0037121	-9648.47
577	0.0037121	-10239.3
578	0.0037121	-10044.8
579	0.0037121	-9437.35
580	0.0037121	-9151.79
581	0.0037121	-9822.45
582	0.0037121	-10529.4
583	0.0037121	-9781.24
584	0.0037121	-9902.56
585	0.0037121	-9561.01
586	0.0037121	-10820.6
587	0.0037121	-10766.3
588	0.0037121	-9775.89
589	0.0037121	-9548.92
590	0.0037121	-9867.7
591	0.0037121	-9486.06
592	0.0037121	-9444.42
593	0.0037121	-9306.5
594	0.0037121	-10136.2
595	0.0037121	-9981.65
596	0.0037121	-9767.3
597	0.0037121	-9979.99
598	0.0037121	-10357.8
599	0.0037121	-10169.1
600	0.0037121	-9715.32
601	0.0037121	-9461.06
602	0.0037121	-9373.74
603	0.0037121	-9754.64
604	0.0037121	-9750.35
605	0.0037121	-9927.65
606	0.0037121	-9949.34
607	0.0037121	-10768.6
608	0.0037121	-10966.1
609	0.0037121	-9435.75
610	0.0037121	-10248.9
611	0.0037121	-9843.72
612	0.0037121	-9884.99
613	0.0037121	-9424.47
614	0.0037121	-9951.9
615	0.0037121	-10124.8
616	0.0037121	-9345.9
617	0.0037121	-10193.6
618	0.0037121	-9206.85
619	0.0037121	-10410.6
620	0.0037121	-9726.24
621	0.0037121	-9431.13
622	0.0037121	-9691.92
623	0.0037121	-10380.8
624	0.0037121	-9981.42
625	0.0037121	-10180.2
626	0.0037121	-10116.5
627	0.0037121	-9733.54
628	0.0037121	-9695.04
629	0.0037121	-9463.96
630	0.0037121	-9846.41
631	0.0037121	-9146.02
632	0.0037121	-9779.7
633	0.0037121	-10423.6
634	0.0037121	-9855.86
635	0.0037121	-9927.47
636	0.0037121	-10200.5
637	0.0037121	-9995.18
638	0.0037121	-9933.92
639	0.0037121	-9854.86
640	0.0037121	-10446.2
641	0.0037121	-10322.1
642	0.0037121	-10934.7
643	0.0037121	-9723.12
644	0.0037121	-10560.8
645	0.0037121	-10527.7
646	0.0037121	-9943.52
647	0.0037121	-10613.7
648	0.0037121	-10513.6
649	0.0037121	-11131.5
650	0.0037121	-10474.6
651	0.0037121	-10577
652	0.0037121	-9482.95
653	0.0037121	-10080.5
654	0.0037121	-10155.1
655	0.0037121	-10924.7
656	0.0037121	-10631
657	0.0037121	-9978.04
658	0.0037121	-10039.7
659	0.0037121	-9688.21
660	0.0037121	-10265.9
661	0.0037121	-10531
662	0.0037121	-10109.1
663	0.0037121	-9559.82
664	0.0037121	-9427.9
665	0.0037121	-10062.9
666	0.0037121	-9686.34
667	0.0037121	-9613.65
668	0.0037121	-9488.18
669	0.0037121	-9635.04
670	0.0037121	-10205.9
671	0.0037121	-9945.42
672	0.0037121	-10206.9
673	0.0037121	-10335.4
674	0.0037121	-9976.33
675	0.0037121	-11178.9
676	0.0037121	-10036.7
677	0.0037121	-9384.32
678	0.0037121	-10277.8
679	0.0037121	-10365.6
680	0.0037121	-10784.5
681	0.0037121	-9362.72
682	0.0037121	-10541.1
683	0.0037121	-10010.3
684	0.0037121	-9559.35
685	0.0037121	-9430.08
686	0.0037121	-10605.5
687	0.0037121	-9517.36
688	0.0037121	-9828.53
689	0.0037121	-9975.28
690	0.0037121	-9585.07
691	0.0037121	-10326.8
692	0.0037121	-10566
693	0.0037121	-10199.5
694	0.0037121	-9768.05
695	0.0037121	-9700.77
696	0.0037121	-10435.6
697	0.0037121	-9744.82
698	0.0037121	-10323.5
699	0.0037121	-10114.3
700	0.0037121	-9725.56
701	0.0037121	-9431.07
702	0.0037121	-9536.8
703	0.0037121	-10090.8
704	0.0037121	-9077.54
705	0.0037121	-9817.76
706	0.0037121	-10423
707	0.0037121	-9660.25
708	0.0037121	-9697.57
709	0.0037121	-9936.59
710	0.0037121	-9217.29
711	0.0037121	-10054.4
712	0.0037121	-10652.4
713	0.0037121	-9965.09
714	0.0037121	-10051.8
715	0.0037121	-9571.29
716	0.0037121	-10797.3
717	0.0037121	-10159.7
718	0.0037121	-10323.4
719	0.0037121	-9725.92
720	0.0037121	-10780.8
721	0.0037121	-9644.49
722	0.0037121	-9816.38
723	0.0037121	-9493.75
724	0.0037121	-10711.2
725	0.0037121	-9780.08
726	0.0037121	-9563.74
727	0.0037121	-10106.4
728	0.0037121	-10365.8
729	0.0037121	-9103.66
730	0.0037121	-9875.55
731	0.0037121	-9644.86
732	0.0037121	-10337.1
733	0.0037121	-10498
734	0.0037121	-10748.8
735	0.0037121	-10868.7
736	0.0037121	-10458.3
737	0.0037121	-10216.1
738	0.0037121	-10637.1
739	0.0037121	-10646.4
740	0.0037121	-10480.3
741	0.0037121	-10320.1
742	0.0037121	-10568.1
743	0.0037121	-10000.3
744	0.0037121	-10787.9
745	0.0037121	-10200.8
746	0.0037121	-9743.18
747	0.0037121	-9356.3
748	0.0037121	-9719.15
749	0.0037121	-9879.38
750	0.0037121	-10012.8
751	0.0037121	-10511.5
752	0.0037121	-10119.3
753	0.0037121	-9464.16
754	0.0037121	-9723.88
755	0.0037121	-8991.64
756	0.0037121	-9768.49
757	0.0037121	-10042.5
758	0.0037121	-9268.39
759	0.0037121	-10479
760	0.0037121	-9574.67
761	0.0037121	-10165.4
762	0.0037121	-9837.03
763	0.0037121	-10802.3
764	0.0037121	-11265.7
765	0.0037121	-10868.3
766	0.0037121	-9889.57
767	0.0037121	-10327.1
768	0.0037121	-9134.23
769	0.0037121	-9786.44
770	0.0037121	-9626.03
771	0.0037121	-9413.17
772	0.0037121	-9664.81
773	0.0037121	-9775.34
774	0.0037121	-10175.4
775	0.0037121	-9988.44
776	0.0037121	-9817.37
777	0.0037121	-10117.8
778	0.0037121	-10092.3
779	0.0037121	-10195.1
780	0.0037121	-10881.2
781	0.0037121	-9752.59
782	0.0037121	-9747.73
783	0.0037121	-10216
784	0.0037121	-9232.33
785	0.0037121	-9902.84
786	0.0037121	-9810.12
787	0.0037121	-9788.95
788	0.0037121	-10297
789	0.0037121	-10412
790	0.0037121	-10486.9
791	0.0037121	-9348.7
792	0.0037121	-9531.9
793	0.0037121	-9425
794	0.0037121	-9283.15
795	0.0037121	-9534.76
796	0.0037121	-10154.8
797	0.0037121	-10042.9
798	0.0037121	-10170
799	0.0037121	-10149.8
800	0.0037121	-10791.3
801	0.0037121	-10825.1
802	0.0037121	-10330.1
803	0.0037121	-11258.9
804	0.0037121	-10535.1
805	0.0037121	-11883.2
806	0.0037121	-11093.5
807	0.0037121	-10349.4
808	0.0037121	-10050.2
809	0.0037121	-10412.5
810	0.0037121	-9746.36
811	0.0037121	-9840.58
812	0.0037121	-10909.6
813	0.0037121	-10552.3
814	0.0037121	-10707.2
815	0.0037121	-9919.69
816	0.0037121	-9804.28
817	0.0037121	-9657.9
818	0.0037121	-10718.2
819	0.0037121	-10230.4
820	0.0037121	-9836.19
821	0.0037121	-10469.3
822	0.0037121	-9730.66
823	0.0037121	-10362.4
824	0.0037121	-10652.9
825	0.0037121	-11565.2
826	0.0037121	-10839.3
827	0.0037121	-10359.8
828	0.0037121	-10509.3
829	0.0037121	-9881.43
830	0.0037121	-10471.5
831	0.0037121	-9797.47
832	0.0037121	-9977.02
833	0.0037121	-9865.85
834	0.0037121	-10255.7
835	0.0037121	-9580.28
836	0.0037121	-10194.5
837	0.0037121	-10023.2
838	0.0037121	-8883.36
839	0.0037121	-10043
840	0.0037121	-9817.89
841	0.0037121	-8961.89
842	0.0037121	-9393.08
843	0.0037121	-10260
844	0.0037121	-10202.9
845	0.0037121	-9614.8
846	0.0037121	-10267.1
847	0.0037121	-9902.85
848	0.0037121	-10106.1
849	0.0037121	-9813.56
850	0.0037121	-10275.7
851	0.0037121	-9880.14
852	0.0037121	-9547.45
853	0.0037121	-10120
854	0.0037121	-10316.6
855	0.0037121	-9604.19
856	0.0037121	-10264.9
857	0.0037121	-10550.2
858	0.0037121	-10449.2
859	0.0037121	-9867.45
860	0.0037121	-9820.46
861	0.0037121	-9644.33
862	0.0037121	-9753.68
863	0.0037121	-10172.3
864	0.0037121	-10184.3
865	0.0037121	-9944.37
866	0.0037121	-10149.1
867	0.0037121	-9796.86
868	0.0037121	-9559.9
869	0.0037121	-10617.5
870	0.0037121	-10451.6
871	0.0037121	-9249.3
872	0.0037121	-9442.57
873	0.0037121	-10047.1
874	0.0037121	-10224.9
875	0.0037121	-10315.7
876	0.0037121	-10422.3
877	0.0037121	-9615.4
878	0.0037121	-10119
879	0.0037121	-9932.4
880	0.0037121	-9533.21
881	0.0037121	-9097.03
882	0.0037121	-10729
883	0.0037121	-10258.2
884	0.0037121	-10757.6
885	0.0037121	-9442.03
886	0.0037121	-10109.6
887	0.0037121	-8924.41
888	0.0037121	-10748.7
889	0.0037121	-9699.16
890	0.0037121	-9956.09
891	0.0037121	-10170.8
892	0.0037121	-9647.49
893	0.0037121	-10566.6
894	0.0037121	-9996.04
895	0.0037121	-10309.9
896	0.0037121	-10155.9
897	0.0037121	-9510.11
898	0.0037121	-10241.1
899	0.0037121	-9285.15
900	0.0037121	-9397
901	0.0037121	-9957.77
902	0.0037121	-9331.14
903	0.0037121	-9676.04
904	0.0037121	-9702.05
905	0.0037121	-11409.1
906	0.0037121	-10827.9
907	0.0037121	-9422.12
908	0.0037121	-10504.7
909	0.0037121	-9687.66
910	0.0037121	-9441.12
911	0.0037121	-9220.15
912	0.0037121	-9016.06
913	0.0037121	-8904.72
914	0.0037121	-9922.24
915	0.0037121	-9475.91
916	0.0037121	-9984.16
917	0.0037121	-10040.2
918	0.0037121	-9889.13
919	0.0037121	-9931.6
920	0.0037121	-11203.8
921	0.0037121	-9993.99
922	0.0037121	-9813.54
923	0.0037121	-10599.1
924	0.0037121	-9963.19
925	0.0037121	-10039.1
926	0.0037121	-11145.3
927	0.0037121	-9722.7
928	0.0037121	-9797.13
929	0.0037121	-9155.92
930	0.0037121	-9483.53
931	0.0037121	-9427.36
932	0.0037121	-9828.99
933	0.0037121	-9628.76
934	0.0037121	-9397.77
935	0.0037121	-9759.48
936	0.0037121	-9850.62
937	0.0037121	-10122.5
938	0.0037121	-10357.4
939	0.0037121	-9517.48
940	0.0037121	-10554.8
941	0.0037121	-10511.4
942	0.0037121	-10349.6
943	0.0037121	-9707.75
944	0.0037121	-10812.3
945	0.0037121	-10248.4
946	0.0037121	-9759.69
947	0.0037121	-9339.07
948	0.0037121	-9132.17
949	0.0037121	-10021.4
950	0.0037121	-10241
951	0.0037121	-9703.97
952	0.0037121	-9099.1
953	0.0037121	-9939.35
954	0.0037121	-9989.7
955	0.0037121	-10049.8
956	0.0037121	-9957.95
957	0.0037121	-10299.8
958	0.0037121	-9341.1
959	0.0037121	-9859.39
960	0.0037121	-9453.31
961	0.0037121	-10551
962	0.0037121	-10277.7
963	0.0037121	-10144.8
964	0.0037121	-10051.3
965	0.0037121	-10297.6
966	0.0037121	-9966.15
967	0.0037121	-9764.31
968	0.0037121	-10819.3
969	0.0037121	-10968.3
970	0.0037121	-9152.76
971	0.0037121	-10077.4
972	0.0037121	-10547.7
973	0.0037121	-10376.6
974	0.0037121	-10321.4
975	0.0037121	-9799.44
976	0.0037121	-9530.89
977	0.0037121	-10095.2
978	0.0037121	-9982.7
979	0.0037121	-9364.06
980	0.0037121	-9416.42
981	0.0037121	-9458.55
982	0.0037121	-10207.3
983	0.0037121	-9482.56
984	0.0037121	-9472.98
985	0.0037121	-9904.77
986	0.0037121	-10032.3
987	0.0037121	-10403.3
988	0.0037121	-10219.8
989	0.0037121	-9750.15
990	0.0037121	-11097.3
991	0.0037121	-11339.1
992	0.0037121	-10799.1
993	0.0037121	-10377.3
994	0.0037121	-11225.1
995	0.0037121	-10656.1
996	0.0037121	-10722.2
997	0.0037121	-10330.2
998	0.0037121	-9997.76
999	0.0037121	-9839.58
1000	0.0037121	-10050
251	0.00268829	-10410.2
252	0.00268829	-11237.8
253	0.00268829	-10284.5
254	0.00268829	-10336.7
255	0.00268829	-10462.3
256	0.00268829	-9644.66
257	0.00268829	-10314.8
258	0.00268829	-10303.3
259	0.00268829	-10381.5
260	0.00268829	-10002.1
261	0.00268829	-10006.6
262	0.00268829	-9455.84
263	0.00268829	-9736.67
264	0.00268829	-9921.14
265	0.00268829	-9488.74
266	0.00268829	-10020.6
267	0.00268829	-9425.74
268	0.00268829	-9921.25
269	0.00268829	-10101
270	0.00268829	-10550.7
271	0.00268829	-9906.79
272	0.00268829	-9655.44
273	0.00268829	-10465.9
274	0.00268829	-9632.08
275	0.00268829	-10075.9
276	0.00268829	-9683.2
277	0.00268829	-10919.8
278	0.00268829	-9674.2
279	0.00268829	-10114.3
280	0.00268829	-10030.6
281	0.00268829	-9787.14
282	0.00268829	-10349.5
283	0.00268829	-10169
284	0.00268829	-10627.9
285	0.00268829	-10970
286	0.00268829	-10309.8
287	0.00268829	-10166.8
288	0.00268829	-9418.12
289	0.00268829	-9449.12
290	0.00268829	-10961.8
291	0.00268829	-10464
292	0.00268829	-10293.4
293	0.00268829	-10257.7
294	0.00268829	-10149.3
295	0.00268829	-9832.29
296	0.00268829	-9906.34
297	0.00268829	-9672.62
298	0.00268829	-10205
299	0.00268829	-9509.88
300	0.00268829	-9220.23
301	0.00268829	-9897.1
302	0.00268829	-10801.2
303	0.00268829	-10931.1
304	0.00268829	-10818.8
305	0.00268829	-10751.5
306	0.00268829	-10222.2
307	0.00268829	-10025.1
308	0.00268829	-10559.8
309	0.00268829	-10986.9
310	0.00268829	-10727.6
311	0.00268829	-10503.3
312	0.00268829	-10691.2
313	0.00268829	-9525.04
314	0.00268829	-10065.6
315	0.00268829	-9987.02
316	0.00268829	-9826.7
317	0.00268829	-10297.7
318	0.00268829	-10427.4
319	0.00268829	-10115
320	0.00268829	-10931.5
321	0.00268829	-10687.8
322	0.00268829	-9926.43
323	0.00268829	-10779.1
324	0.00268829	-10572.2
325	0.00268829	-10169.6
326	0.00268829	-9874.73
327	0.00268829	-9971.85
328	0.00268829	-9765.44
329	0.00268829	-9677.37
330	0.00268829	-10755.9
331	0.00268829	-11560.1
332	0.00268829	-10406.1
333	0.00268829	-9871.75
334	0.00268829	-10554.1
335	0.00268829	-9890.8
336	0.00268829	-9397.97
337	0.00268829	-10231.8
338	0.00268829	-11284
339	0.00268829	-9546.37
340	0.00268829	-9069.64
341	0.00268829	-9759.44
342	0.00268829	-10152.1
343	0.00268829	-10844.9
344	0.00268829	-10023.4
345	0.00268829	-10865.3
346	0.00268829	-10964.2
347	0.00268829	-9564.47
348	0.00268829	-9866.9
349	0.00268829	-10935.4
350	0.00268829	-9992.73
351	0.00268829	-9712.84
352	0.00268829	-9466.71
353	0.00268829	-10380.8
354	0.00268829	-10132.8
355	0.00268829	-10903.7
356	0.00268829	-9772
357	0.00268829	-9774.39
358	0.00268829	-10185.9
359	0.00268829	-10309.2
360	0.00268829	-9790.81
361	0.00268829	-11284.3
362	0.00268829	-10535
363	0.00268829	-10159.3
364	0.00268829	-10182.2
365	0.00268829	-10468.7
366	0.00268829	-10871.6
367	0.00268829	-9122.51
368	0.00268829	-9992.98
369	0.00268829	-10138
370	0.00268829	-11109.7
371	0.00268829	-10281.3
372	0.00268829	-10182.9
373	0.00268829	-9550.47
374	0.00268829	-11268.1
375	0.00268829	-10955.5
376	0.00268829	-10281.6
377	0.00268829	-11214.3
378	0.00268829	-10508.5
379	0.00268829	-11018.5
380	0.00268829	-10454.7
381	0.00268829	-10732.4
382	0.00268829	-9119.33
383	0.00268829	-10118.2
384	0.00268829	-9773.6
385	0.00268829	-10204.7
386	0.00268829	-9480.01
387	0.00268829	-9571.52
388	0.00268829	-10794.3
389	0.00268829	-10283.4
390	0.00268829	-10609
391	0.00268829	-10458.1
392	0.00268829	-11233.7
393	0.00268829	-9957.77
394	0.00268829	-9573.71
395	0.00268829	-9075.4
396	0.00268829	-9607.22
397	0.00268829	-10002.1
398	0.00268829	-9930.85
399	0.00268829	-11012.8
400	0.00268829	-10301.5
401	0.00268829	-9861.55
402	0.00268829	-10646.8
403	0.00268829	-10838.1
404	0.00268829	-10282.6
405	0.00268829	-9602.26
406	0.00268829	-9782.22
407	0.00268829	-10583.9
408	0.00268829	-10022.6
409	0.00268829	-9679.25
410	0.00268829	-9818.08
411	0.00268829	-10379.7
412	0.00268829	-9621.29
413	0.00268829	-10695.3
414	0.00268829	-11034.6
415	0.00268829	-10161.2
416	0.00268829	-10365.2
417	0.00268829	-9317.17
418	0.00268829	-8900.84
419	0.00268829	-9626.04
420	0.00268829	-9712.27
421	0.00268829	-9762.59
422	0.00268829	-10663.5
423	0.00268829	-9304.12
424	0.00268829	-10222.1
425	0.00268829	-10294.1
426	0.00268829	-9690.75
427	0.00268829	-9671.72
428	0.00268829	-9871.85
429	0.00268829	-10220.8
430	0.00268829	-10168.8
431	0.00268829	-9961.68
432	0.00268829	-10792.1
433	0.00268829	-10468.1
434	0.00268829	-10247.4
435	0.00268829	-9485.97
436	0.00268829	-10267.7
437	0.00268829	-10250.8
438	0.00268829	-9805.12
439	0.00268829	-10514.8
440	0.00268829	-9781.39
441	0.00268829	-10266.4
442	0.00268829	-9518.62
443	0.00268829	-10296.3
444	0.00268829	-10797
445	0.00268829	-10615.7
446	0.00268829	-10530.4
447	0.00268829	-9928.36
448	0.00268829	-10034.4
449	0.00268829	-10496.5
450	0.00268829	-9818.79
451	0.00268829	-10228.8
452	0.00268829	-10104.4
453	0.00268829	-10206.5
454	0.00268829	-10509.6
455	0.00268829	-10358.1
456	0.00268829	-10544.9
457	0.00268829	-10196.2
458	0.00268829	-10121.2
459	0.00268829	-11330.8
460	0.00268829	-11145.9
461	0.00268829	-10963.3
462	0.00268829	-12081.5
463	0.00268829	-10853.2
464	0.00268829	-9650.28
465	0.00268829	-10083.7
466	0.00268829	-9876.72
467	0.00268829	-9619.18
468	0.00268829	-10499.3
469	0.00268829	-10132.3
470	0.00268829	-9995.77
471	0.00268829	-10361.1
472	0.00268829	-10781.6
473	0.00268829	-10551.1
474	0.00268829	-10073.4
475	0.00268829	-9771.96
476	0.00268829	-9668.33
477	0.00268829	-10137.7
478	0.00268829	-9849.76
479	0.00268829	-10548.6
480	0.00268829	-10512.5
481	0.00268829	-9344.18
482	0.00268829	-9641.58
483	0.00268829	-10439.7
484	0.00268829	-10609.5
485	0.00268829	-9885.36
486	0.00268829	-10055.4
487	0.00268829	-10461.9
488	0.00268829	-10423.7
489	0.00268829	-10548.5
490	0.00268829	-10679.8
491	0.00268829	-9599.97
492	0.00268829	-10779.5
493	0.00268829	-10132.2
494	0.00268829	-10836.2
495	0.00268829	-10308.9
496	0.00268829	-9006.06
497	0.00268829	-10202.5
498	0.00268829	-10028
499	0.00268829	-9827.23
500	0.00268829	-10350.5
501	0.00268829	-10549.5
502	0.00268829	-10297.5
503	0.00268829	-10327.7
504	0.00268829	-9844.12
505	0.00268829	-10042.3
506	0.00268829	-10166.9
507	0.00268829	-10390.8
508	0.00268829	-10958.3
509	0.00268829	-10154.7
510	0.00268829	-10604.3
511	0.00268829	-10452.1
512	0.00268829	-9949.57
513	0.00268829	-11698.7
514	0.00268829	-11571.7
515	0.00268829	-10916.8
516	0.00268829	-10217.9
517	0.00268829	-10442.2
518	0.00268829	-10375.1
519	0.00268829	-10836.1
520	0.00268829	-9860.42
521	0.00268829	-10759.3
522	0.00268829	-10878.5
523	0.00268829	-11349.3
524	0.00268829	-10236.4
525	0.00268829	-10926
526	0.00268829	-10921.7
527	0.00268829	-9557.54
528	0.00268829	-10222
529	0.00268829	-9908.22
530	0.00268829	-9719.4
531	0.00268829	-9973.23
532	0.00268829	-10038.7
533	0.00268829	-9732.59
534	0.00268829	-9822.02
535	0.00268829	-8898.43
536	0.00268829	-9613.44
537	0.00268829	-10089.3
538	0.00268829	-9371.2
539	0.00268829	-9776.31
540	0.00268829	-10926.5
541	0.00268829	-11309.4
542	0.00268829	-11995.3
543	0.00268829	-11637.3
544	0.00268829	-9712.17
545	0.00268829	-9748.41
546	0.00268829	-10545.4
547	0.00268829	-11211.6
548	0.00268829	-9723.86
549	0.00268829	-10381.2
550	0.00268829	-9944.55
551	0.00268829	-10323.9
552	0.00268829	-10856.7
553	0.00268829	-10515.4
554	0.00268829	-10169.7
555	0.00268829	-9861.51
556	0.00268829	-10118.2
557	0.00268829	-10687.5
558	0.00268829	-9931.11
559	0.00268829	-10414.7
560	0.00268829	-9915.5
561	0.00268829	-10701.2
562	0.00268829	-10885.4
563	0.00268829	-10504.8
564	0.00268829	-10433.9
565	0.00268829	-10943.1
566	0.00268829	-9882.27
567	0.00268829	-10221.7
568	0.00268829	-9735.09
569	0.00268829	-10965.5
570	0.00268829	-10209
571	0.00268829	-10282.8
572	0.00268829	-10051.6
573	0.00268829	-9678.07
574	0.00268829	-10596.1
575	0.00268829	-10496.9
576	0.00268829	-10431.9
577	0.00268829	-10336.7
578	0.00268829	-9879.87
579	0.00268829	-10289
580	0.00268829	-10031.9
581	0.00268829	-10624.6
582	0.00268829	-11276.9
583	0.00268829	-11093.3
584	0.00268829	-10208.3
585	0.00268829	-10465.2
586	0.00268829	-10020.3
587	0.00268829	-11103.2
588	0.00268829	-11609.1
589	0.00268829	-11036.9
590	0.00268829	-9998.73
591	0.00268829	-10187.8
592	0.00268829	-9974.38
593	0.00268829	-9504.63
594	0.00268829	-10085
595	0.00268829	-10214
596	0.00268829	-10257.4
597	0.00268829	-9809.31
598	0.00268829	-10501.9
599	0.00268829	-10186.4
600	0.00268829	-10206
601	0.00268829	-11567.9
602	0.00268829	-10498.4
603	0.00268829	-10460.7
604	0.00268829	-9837.72
605	0.00268829	-10515.3
606	0.00268829	-9580.05
607	0.00268829	-9784.37
608	0.00268829	-9574.31
609	0.00268829	-9999.59
610	0.00268829	-10411.7
611	0.00268829	-9922.21
612	0.00268829	-9688.12
613	0.00268829	-9770.66
614	0.00268829	-10416.9
615	0.00268829	-10407.9
616	0.00268829	-10522.4
617	0.00268829	-10943.4
618	0.00268829	-10175.6
619	0.00268829	-10878
620	0.00268829	-10316.6
621	0.00268829	-10287.9
622	0.00268829	-10582.3
623	0.00268829	-10800.1
624	0.00268829	-10848.6
625	0.00268829	-10372.4
626	0.00268829	-9208.26
627	0.00268829	-10451.9
628	0.00268829	-10051.3
629	0.00268829	-9641.27
630	0.00268829	-10739.6
631	0.00268829	-9664.34
632	0.00268829	-10129.8
633	0.00268829	-10276.5
634	0.00268829	-11691.1
635	0.00268829	-11016.4
636	0.00268829	-10653.5
637	0.00268829	-11281.6
638	0.00268829	-10399.5
639	0.00268829	-10098.7
640	0.00268829	-9965.86
641	0.00268829	-10081.6
642	0.00268829	-10100.6
643	0.00268829	-9606.17
644	0.00268829	-10242
645	0.00268829	-10760.9
646	0.00268829	-9946.66
647	0.00268829	-10996.2
648	0.00268829	-9895.4
649	0.00268829	-10498
650	0.00268829	-10760.3
651	0.00268829	-10660.6
652	0.00268829	-10272
653	0.00268829	-9800.45
654	0.00268829	-10494.5
655	0.00268829	-11059
656	0.00268829	-10748.9
657	0.00268829	-10305.3
658	0.00268829	-9802
659	0.00268829	-11246.9
660	0.00268829	-11090.8
661	0.00268829	-10853.3
662	0.00268829	-10106.7
663	0.00268829	-11069.9
664	0.00268829	-10205.5
665	0.00268829	-9872.21
666	0.00268829	-9110.06
667	0.00268829	-10134.6
668	0.00268829	-9558.22
669	0.00268829	-10696.5
670	0.00268829	-10808.8
671	0.00268829	-9417.48
672	0.00268829	-9936.55
673	0.00268829	-10093.3
674	0.00268829	-9832.1
675	0.00268829	-9742.72
676	0.00268829	-10423
677	0.00268829	-10254.2
678	0.00268829	-9795.18
679	0.00268829	-9748.73
680	0.00268829	-10221.1
681	0.00268829	-10688.1
682	0.00268829	-10409.1
683	0.00268829	-9405.65
684	0.00268829	-10482.4
685	0.00268829	-10174.5
686	0.00268829	-10234.4
687	0.00268829	-9670.18
688	0.00268829	-10057.4
689	0.00268829	-9783.37
690	0.00268829	-9409.6
691	0.00268829	-10555.2
692	0.00268829	-10756.3
693	0.00268829	-10357.5
694	0.00268829	-10567.9
695	0.00268829	-10528.1
696	0.00268829	-10037.7
697	0.00268829	-10337.1
698	0.00268829	-10896.9
699	0.00268829	-11046.9
700	0.00268829	-11364.9
701	0.00268829	-11645.2
702	0.00268829	-10755.1
703	0.00268829	-11443.7
704	0.00268829	-10566.7
705	0.00268829	-10197.9
706	0.00268829	-10570.4
707	0.00268829	-10421.5
708	0.00268829	-10167.6
709	0.00268829	-10348.3
710	0.00268829	-10305.8
711	0.00268829	-10483.9
712	0.00268829	-10368.4
713	0.00268829	-10574.3
714	0.00268829	-10639.3
715	0.00268829	-10573.4
716	0.00268829	-10668.1
717	0.00268829	-11401.5
718	0.00268829	-11198
719	0.00268829	-10055.9
720	0.00268829	-10289.6
721	0.00268829	-9867.69
722	0.00268829	-9422.54
723	0.00268829	-10572.6
724	0.00268829	-10115.4
725	0.00268829	-10517.8
726	0.00268829	-9797.5
727	0.00268829	-9614.23
728	0.00268829	-9633.85
729	0.00268829	-10025.6
730	0.00268829	-9544.54
731	0.00268829	-10179.2
732	0.00268829	-10917.8
733	0.00268829	-10531.6
734	0.00268829	-10605.4
735	0.00268829	-11101.4
736	0.00268829	-10103.1
737	0.00268829	-10388.2
738	0.00268829	-10073.6
739	0.00268829	-10988.2
740	0.00268829	-10262.5
741	0.00268829	-10496.1
742	0.00268829	-10281.8
743	0.00268829	-9476.08
744	0.00268829	-10301.3
745	0.00268829	-10403.1
746	0.00268829	-10817.4
747	0.00268829	-11017.9
748	0.00268829	-10357.9
749	0.00268829	-11430.3
750	0.00268829	-10834.6
751	0.00268829	-11921.2
752	0.00268829	-10609.4
753	0.00268829	-10178.2
754	0.00268829	-9833.14
755	0.00268829	-11099.7
756	0.00268829	-10596.5
757	0.00268829	-10123.6
758	0.00268829	-9927.15
759	0.00268829	-10636.1
760	0.00268829	-9563.07
761	0.00268829	-11112.6
762	0.00268829	-11343.2
763	0.00268829	-10966.4
764	0.00268829	-10639.3
765	0.00268829	-10755.8
766	0.00268829	-10156.3
767	0.00268829	-9638.52
768	0.00268829	-10131.7
769	0.00268829	-10481
770	0.00268829	-11093.4
771	0.00268829	-10508.6
772	0.00268829	-10492.9
773	0.00268829	-10164.5
774	0.00268829	-11450.9
775	0.00268829	-10870.5
776	0.00268829	-10622.1
777	0.00268829	-10164.1
778	0.00268829	-11321.2
779	0.00268829	-10745.2
780	0.00268829	-10592.6
781	0.00268829	-10056.4
782	0.00268829	-9948.57
783	0.00268829	-10004.3
784	0.00268829	-10685.4
785	0.00268829	-10656.8
786	0.00268829	-10661.6
787	0.00268829	-9504.04
788	0.00268829	-9664.4
789	0.00268829	-10520.7
790	0.00268829	-11403
791	0.00268829	-11086.9
792	0.00268829	-10294.2
793	0.00268829	-10682.1
794	0.00268829	-11713.8
795	0.00268829	-11123.4
796	0.00268829	-9859.66
797	0.00268829	-9734.75
798	0.00268829	-9924.41
799	0.00268829	-9684.15
800	0.00268829	-10342.8
801	0.00268829	-10761.2
802	0.00268829	-9879.73
803	0.00268829	-10332.8
804	0.00268829	-9870.51
805	0.00268829	-10026.8
806	0.00268829	-9917.23
807	0.00268829	-10344.8
808	0.00268829	-9633.79
809	0.00268829	-10753.3
810	0.00268829	-10346.5
811	0.00268829	-9968.41
812	0.00268829	-9312.74
813	0.00268829	-9829.84
814	0.00268829	-10155
815	0.00268829	-10322.3
816	0.00268829	-10728.3
817	0.00268829	-11388.2
818	0.00268829	-11588
819	0.00268829	-11925.7
820	0.00268829	-10082.6
821	0.00268829	-11254.4
822	0.00268829	-10740.9
823	0.00268829	-12157.6
824	0.00268829	-11169.1
825	0.00268829	-11278.8
826	0.00268829	-10828.7
827	0.00268829	-11426.5
828	0.00268829	-10920.6
829	0.00268829	-9777.18
830	0.00268829	-10342.1
831	0.00268829	-10564.2
832	0.00268829	-10056.1
833	0.00268829	-10427.9
834	0.00268829	-10436.9
835	0.00268829	-9931.8
836	0.00268829	-9183.22
837	0.00268829	-9625.67
838	0.00268829	-10323.7
839	0.00268829	-10332.8
840	0.00268829	-9502.05
841	0.00268829	-9338.29
842	0.00268829	-10002.5
843	0.00268829	-9877.57
844	0.00268829	-10281.8
845	0.00268829	-10464.8
846	0.00268829	-10520.5
847	0.00268829	-10142.1
848	0.00268829	-10636.9
849	0.00268829	-9755.32
850	0.00268829	-10138.1
851	0.00268829	-9304.53
852	0.00268829	-9871.48
853	0.00268829	-10596.5
854	0.00268829	-10571
855	0.00268829	-10858.4
856	0.00268829	-10114.1
857	0.00268829	-10662
858	0.00268829	-9729.43
859	0.00268829	-9814.96
860	0.00268829	-9471.01
861	0.00268829	-9581.22
862	0.00268829	-10089
863	0.00268829	-9836.04
864	0.00268829	-9799.78
865	0.00268829	-8882.31
866	0.00268829	-9782.77
867	0.00268829	-10359.1
868	0.00268829	-9512.85
869	0.00268829	-10929.2
870	0.00268829	-10840.1
871	0.00268829	-9953.56
872	0.00268829	-10778.4
873	0.00268829	-10753.8
874	0.00268829	-10486.2
875	0.00268829	-9669.74
876	0.00268829	-9362.04
877	0.00268829	-10587.4
878	0.00268829	-9294.63
879	0.00268829	-10174
880	0.00268829	-10358.1
881	0.00268829	-10633.5
882	0.00268829	-9984.77
883	0.00268829	-11322.1
884	0.00268829	-11072.1
885	0.00268829	-10595.5
886	0.00268829	-10130
887	0.00268829	-9397.16
888	0.00268829	-10608.7
889	0.00268829	-10642.1
890	0.00268829	-10315.4
891	0.00268829	-12171
892	0.00268829	-9936.46
893	0.00268829	-9935.45
894	0.00268829	-9768.54
895	0.00268829	-9557.09
896	0.00268829	-9272
897	0.00268829	-9909.65
898	0.00268829	-10540.4
899	0.00268829	-10278.2
900	0.00268829	-10388.5
901	0.00268829	-10125.3
902	0.00268829	-9236.71
903	0.00268829	-9546.51
904	0.00268829	-10432.2
905	0.00268829	-10210.4
906	0.00268829	-10418.1
907	0.00268829	-9881.07
908	0.00268829	-11557.9
909	0.00268829	-10275.7
910	0.00268829	-10333.5
911	0.00268829	-10848.1
912	0.00268829	-11094.1
913	0.00268829	-10041.7
914	0.00268829	-9339.21
915	0.00268829	-9803.31
916	0.00268829	-10138.3
917	0.00268829	-10167.8
918	0.00268829	-10248.7
919	0.00268829	-10068.1
920	0.00268829	-10194.8
921	0.00268829	-10113.7
922	0.00268829	-9543.88
923	0.00268829	-9160.51
924	0.00268829	-9039.38
925	0.00268829	-10775.6
926	0.00268829	-10322.8
927	0.00268829	-9817.96
928	0.00268829	-9884.76
929	0.00268829	-10431.4
930	0.00268829	-10365.1
931	0.00268829	-10519.1
932	0.00268829	-10664
933	0.00268829	-9847.87
934	0.00268829	-9494.57
935	0.00268829	-9530.2
936	0.00268829	-9721.66
937	0.00268829	-10088
938	0.00268829	-10243.8
939	0.00268829	-9962.99
940	0.00268829	-10347.7
941	0.00268829	-10545.3
942	0.00268829	-11038.7
943	0.00268829	-10460.6
944	0.00268829	-9633.47
945	0.00268829	-9084.36
946	0.00268829	-10358
947	0.00268829	-9695.93
948	0.00268829	-9959.37
949	0.00268829	-10006.6
950	0.00268829	-9427.95
951	0.00268829	-10387.3
952	0.00268829	-9822.31
953	0.00268829	-9493.92
954	0.00268829	-9485.48
955	0.00268829	-9657.83
956	0.00268829	-10856.1
957	0.00268829	-10573.1
958	0.00268829	-9949.54
959	0.00268829	-9731.86
960	0.00268829	-9872.74
961	0.00268829	-9293.38
962	0.00268829	-10372.3
963	0.00268829	-10538.1
964	0.00268829	-10509.1
965	0.00268829	-11473.7
966	0.00268829	-10166.4
967	0.00268829	-10161.5
968	0.00268829	-10664.7
969	0.00268829	-10782.1
970	0.00268829	-9936.72
971	0.00268829	-10549.7
972	0.00268829	-9972.78
973	0.00268829	-10707.2
974	0.00268829	-11570.5
975	0.00268829	-10712.2
976	0.00268829	-10216.1
977	0.00268829	-10833.3
978	0.00268829	-9919.77
979	0.00268829	-10077.4
980	0.00268829	-10094.6
981	0.00268829	-10359.1
982	0.00268829	-10999.9
983	0.00268829	-11046.1
984	0.00268829	-10428.7
985	0.00268829	-9862.74
986	0.00268829	-10312.3
987	0.00268829	-10658.1
988	0.00268829	-11295.3
989	0.00268829	-10369.3
990	0.00268829	-10465
991	0.00268829	-10387.7
992	0.00268829	-9630.46
993	0.00268829	-10111.2
994	0.00268829	-10248.5
995	0.00268829	-10065.6
996	0.00268829	-10526.2
997	0.00268829	-10277.9
998	0.00268829	-10126.4
999	0.00268829	-10685.8
1000	0.00268829	-10062.9
251	0.00190397	-9879.42
252	0.00190397	-10453.1
253	0.00190397	-10500.6
254	0.00190397	-10253.5
255	0.00190397	-9368.12
256	0.00190397	-9808.47
257	0.00190397	-11555.6
258	0.00190397	-10876.8
259	0.00190397	-10377
260	0.00190397	-9896.68
261	0.00190397	-10871
262	0.00190397	-10463.5
263	0.00190397	-11379.1
264	0.00190397	-11158.5
265	0.00190397	-10564.4
266	0.00190397	-10404.9
267	0.00190397	-10589.5
268	0.00190397	-10860.9
269	0.00190397	-10179
270	0.00190397	-10497.4
271	0.00190397	-10114
272	0.00190397	-10575.8
273	0.00190397	-10684.5
274	0.00190397	-10999.6
275	0.00190397	-10857.9
276	0.00190397	-10257.1
277	0.00190397	-10803.7
278	0.00190397	-10833.5
279	0.00190397	-11053.9
280	0.00190397	-10376.1
281	0.00190397	-10900.1
282	0.00190397	-12270.8
283	0.00190397	-10623.9
284	0.00190397	-10087.1
285	0.00190397	-10689.2
286	0.00190397	-9790.46
287	0.00190397	-11522.6
288	0.00190397	-10459.9
289	0.00190397	-10409.8
290	0.00190397	-9372.05
291	0.00190397	-10002.2
292	0.00190397	-11015.9
293	0.00190397	-10800.2
294	0.00190397	-11496.8
295	0.00190397	-10626.1
296	0.00190397	-10729.9
297	0.00190397	-10332.2
298	0.00190397	-10420.8
299	0.00190397	-10723.9
300	0.00190397	-12080.6
301	0.00190397	-11286.6
302	0.00190397	-10693.7
303	0.00190397	-11016.9
304	0.00190397	-10449.2
305	0.00190397	-12466.3
306	0.00190397	-10603.7
307	0.00190397	-10439.8
308	0.00190397	-9600.34
309	0.00190397	-9388.25
310	0.00190397	-9206.4
311	0.00190397	-10274.7
312	0.00190397	-9733.81
313	0.00190397	-11017.6
314	0.00190397	-11068.1
315	0.00190397	-10752.5
316	0.00190397	-10353.2
317	0.00190397	-11120.8
318	0.00190397	-10212.3
319	0.00190397	-10943.9
320	0.00190397	-11536.5
321	0.00190397	-11198.8
322	0.00190397	-9893.24
323	0.00190397	-10946.6
324	0.00190397	-10566.7
325	0.00190397	-10510.4
326	0.00190397	-11897.5
327	0.00190397	-11211.9
328	0.00190397	-11058.8
329	0.00190397	-11020.7
330	0.00190397	-11292.7
331	0.00190397	-11190
332	0.00190397	-10297.3
333	0.00190397	-9743.93
334	0.00190397	-11512.2
335	0.00190397	-10103.4
336	0.00190397	-10370
337	0.00190397	-10441.6
338	0.00190397	-10943.6
339	0.00190397	-10981.7
340	0.00190397	-11630.2
341	0.00190397	-10767.5
342	0.00190397	-10865
343	0.00190397	-11033.3
344	0.00190397	-10812.2
345	0.00190397	-10724.1
346	0.00190397	-10232.5
347	0.00190397	-10720.3
348	0.00190397	-11041
349	0.00190397	-11185.9
350	0.00190397	-10509.2
351	0.00190397	-9955.04
352	0.00190397	-10118.4
353	0.00190397	-10142.7
354	0.00190397	-10030.3
355	0.00190397	-10785.1
356	0.00190397	-11261.5
357	0.00190397	-9910.19
358	0.00190397	-9949.24
359	0.00190397	-10861.5
360	0.00190397	-9053.83
361	0.00190397	-10160.2
362	0.00190397	-11527
363	0.00190397	-10781.4
364	0.00190397	-10248.4
365	0.00190397	-9943.48
366	0.00190397	-10593.5
367	0.00190397	-9757.09
368	0.00190397	-11377.5
369	0.00190397	-12111.7
370	0.00190397	-10947.1
371	0.00190397	-10885.7
372	0.00190397	-10913.8
373	0.00190397	-10420.7
374	0.00190397	-10550.7
375	0.00190397	-10805.7
376	0.00190397	-10898.2
377	0.00190397	-11160.5
378	0.00190397	-10809.2
379	0.00190397	-12220.4
380	0.00190397	-11724.1
381	0.00190397	-10176.3
382	0.00190397	-10079.2
383	0.00190397	-11186.9
384	0.00190397	-10863.4
385	0.00190397	-10543.8
386	0.00190397	-9699.52
387	0.00190397	-11141.6
388	0.00190397	-10244.4
389	0.00190397	-11078.9
390	0.00190397	-11249.3
391	0.00190397	-11057.9
392	0.00190397	-9834.03
393	0.00190397	-9960.4
394	0.00190397	-9497.61
395	0.00190397	-10279.1
396	0.00190397	-9786.85
397	0.00190397	-10412.8
398	0.00190397	-10231
399	0.00190397	-10021.9
400	0.00190397	-10483.1
401	0.00190397	-10207.5
402	0.00190397	-10655.4
403	0.00190397	-9704.82
404	0.00190397	-10090.3
405	0.00190397	-10174.6
406	0.00190397	-10310.5
407	0.00190397	-9905.65
408	0.00190397	-9538.16
409	0.00190397	-11573.8
410	0.00190397	-11283.8
411	0.00190397	-9766.42
412	0.00190397	-10440.7
413	0.00190397	-9831.13
414	0.00190397	-9365.85
415	0.00190397	-9868.41
416	0.00190397	-10878.6
417	0.00190397	-11826.4
418	0.00190397	-13210.9
419	0.00190397	-11318.5
420	0.00190397	-10577.6
421	0.00190397	-10697.9
422	0.00190397	-9843.19
423	0.00190397	-10327.7
424	0.00190397	-10411.2
425	0.00190397	-10304
426	0.00190397	-10111.2
427	0.00190397	-10476.1
428	0.00190397	-10343.8
429	0.00190397	-9936.58
430	0.00190397	-10966.1
431	0.00190397	-10429.5
432	0.00190397	-11259
433	0.00190397	-10557.5
434	0.00190397	-10678.2
435	0.00190397	-10455.4
436	0.00190397	-11389.5
437	0.00190397	-10143.2
438	0.00190397	-10987.3
439	0.00190397	-10948.9
440	0.00190397	-10963.6
441	0.00190397	-11118.8
442	0.00190397	-11321.1
443	0.00190397	-10620.1
444	0.00190397	-11020.4
445	0.00190397	-10179.3
446	0.00190397	-10123.6
447	0.00190397	-9811.28
448	0.00190397	-10615.6
449	0.00190397	-10750.9
450	0.00190397	-10985.5
451	0.00190397	-10316.7
452	0.00190397	-11144.2
453	0.00190397	-9641.61
454	0.00190397	-9689.53
455	0.00190397	-10418.6
456	0.00190397	-11584.7
457	0.00190397	-12056.6
458	0.00190397	-10966.2
459	0.00190397	-10548.8
460	0.00190397	-10409
461	0.00190397	-10650.5
462	0.00190397	-10364.4
463	0.00190397	-10109.7
464	0.00190397	-10247.6
465	0.00190397	-10408.2
466	0.00190397	-10118.1
467	0.00190397	-10465.2
468	0.00190397	-11547.3
469	0.00190397	-11507
470	0.00190397	-11329.1
471	0.00190397	-12270.8
472	0.00190397	-10805.6
473	0.00190397	-9228.14
474	0.00190397	-9884.33
475	0.00190397	-9732.08
476	0.00190397	-10071.2
477	0.00190397	-9390.03
478	0.00190397	-10208.9
479	0.00190397	-10680
480	0.00190397	-10967.8
481	0.00190397	-11208.8
482	0.00190397	-10843.2
483	0.00190397	-10119
484	0.00190397	-10235.8
485	0.00190397	-10188.6
486	0.00190397	-10448.7
487	0.00190397	-10767.4
488	0.00190397	-10838.8
489	0.00190397	-10101.9
490	0.00190397	-9957.42
491	0.00190397	-10923.6
492	0.00190397	-10820
493	0.00190397	-10665.9
494	0.00190397	-10080.7
495	0.00190397	-9590.45
496	0.00190397	-9749.38
497	0.00190397	-10110.3
498	0.00190397	-10902.3
499	0.00190397	-11168.7
500	0.00190397	-11290.7
501	0.00190397	-10114.9
502	0.00190397	-11152
503	0.00190397	-12046.4
504	0.00190397	-11807.8
505	0.00190397	-10979.4
506	0.00190397	-11646.1
507	0.00190397	-9784.09
508	0.00190397	-10443.5
509	0.00190397	-9914.16
510	0.00190397	-10690.1
511	0.00190397	-11195.9
512	0.00190397	-11199.6
513	0.00190397	-10769.8
514	0.00190397	-11151.7
515	0.00190397	-10173.3
516	0.00190397	-10245
517	0.00190397	-11226.3
518	0.00190397	-10848.6
519	0.00190397	-9761.05
520	0.00190397	-10050.1
521	0.00190397	-10065
522	0.00190397	-10221
523	0.00190397	-9643.53
524	0.00190397	-10937.3
525	0.00190397	-9959.77
526	0.00190397	-10566.4
527	0.00190397	-10435.7
528	0.00190397	-10105.6
529	0.00190397	-9699.02
530	0.00190397	-9552.64
531	0.00190397	-10489.9
532	0.00190397	-9673.91
533	0.00190397	-10395.4
534	0.00190397	-9887.15
535	0.00190397	-9802.6
536	0.00190397	-11369.8
537	0.00190397	-9855.71
538	0.00190397	-10567
539	0.00190397	-9510.6
540	0.00190397	-10059.4
541	0.00190397	-10326.5
542	0.00190397	-9914.43
543	0.00190397	-9750.81
544	0.00190397	-9999.63
545	0.00190397	-10285.4
546	0.00190397	-10493
547	0.00190397	-10489
548	0.00190397	-10173.7
549	0.00190397	-9770.48
550	0.00190397	-11368.7
551	0.00190397	-12241.8
552	0.00190397	-12353.9
553	0.00190397	-11703.8
554	0.00190397	-12011.8
555	0.00190397	-10537.4
556	0.00190397	-10645.6
557	0.00190397	-10571.1
558	0.00190397	-10801.6
559	0.00190397	-10504.9
560	0.00190397	-10150.3
561	0.00190397	-10473.4
562	0.00190397	-10230.5
563	0.00190397	-9355.69
564	0.00190397	-10277.6
565	0.00190397	-9616.9
566	0.00190397	-10110.7
567	0.00190397	-10834.5
568	0.00190397	-10460.5
569	0.00190397	-10280.1
570	0.00190397	-10288.3
571	0.00190397	-10949.4
572	0.00190397	-10758.6
573	0.00190397	-10477.8
574	0.00190397	-9478.37
575	0.00190397	-10367.9
576	0.00190397	-9932.34
577	0.00190397	-9879.04
578	0.00190397	-9619.1
579	0.00190397	-10258.1
580	0.00190397	-10467.5
581	0.00190397	-10092.6
582	0.00190397	-10537.2
583	0.00190397	-10022.2
584	0.00190397	-11737.4
585	0.00190397	-12041.7
586	0.00190397	-12234.5
587	0.00190397	-12006.9
588	0.00190397	-10814.9
589	0.00190397	-12046.9
590	0.00190397	-9850.69
591	0.00190397	-10537.5
592	0.00190397	-10762.8
593	0.00190397	-9901.55
594	0.00190397	-11548.2
595	0.00190397	-11177.7
596	0.00190397	-10582.1
597	0.00190397	-10258.9
598	0.00190397	-11085.5
599	0.00190397	-10805.1
600	0.00190397	-11091.1
601	0.00190397	-10258.4
602	0.00190397	-11794.8
603	0.00190397	-10663.2
604	0.00190397	-10522.4
605	0.00190397	-10512.3
606	0.00190397	-10890.4
607	0.00190397	-10387.9
608	0.00190397	-10509.3
609	0.00190397	-9542.1
610	0.00190397	-10524
611	0.00190397	-9935.46
612	0.00190397	-11079.7
613	0.00190397	-10603.6
614	0.00190397	-10146
615	0.00190397	-10423.6
616	0.00190397	-10004.7
617	0.00190397	-12147
618	0.00190397	-11328.8
619	0.00190397	-11981.9
620	0.00190397	-10190.7
621	0.00190397	-9959.4
622	0.00190397	-9726.3
623	0.00190397	-10495.9
624	0.00190397	-10857.7
625	0.00190397	-9893.69
626	0.00190397	-9124.4
627	0.00190397	-10236.1
628	0.00190397	-12230.5
629	0.00190397	-10858.9
630	0.00190397	-10394.7
631	0.00190397	-11404
632	0.00190397	-10213.1
633	0.00190397	-10706.8
634	0.00190397	-10992.4
635	0.00190397	-10075
636	0.00190397	-10605.1
637	0.00190397	-11435.8
638	0.00190397	-10756.9
639	0.00190397	-9923.85
640	0.00190397	-10619.1
641	0.00190397	-10182.2
642	0.00190397	-11156.9
643	0.00190397	-11115.7
644	0.00190397	-10985.3
645	0.00190397	-10280.5
646	0.00190397	-10457.7
647	0.00190397	-10055.8
648	0.00190397	-9237.57
649	0.00190397	-10588.2
650	0.00190397	-12692
651	0.00190397	-10964.9
652	0.00190397	-11079.3
653	0.00190397	-10867.9
654	0.00190397	-10809.2
655	0.00190397	-9846.28
656	0.00190397	-10100.1
657	0.00190397	-10804.9
658	0.00190397	-10712
659	0.00190397	-9937.81
660	0.00190397	-10335.3
661	0.00190397	-12017.2
662	0.00190397	-11473.3
663	0.00190397	-10865.5
664	0.00190397	-10488.8
665	0.00190397	-10038
666	0.00190397	-10062.7
667	0.00190397	-11042.1
668	0.00190397	-10817.6
669	0.00190397	-10478.2
670	0.00190397	-10586
671	0.00190397	-10592.5
672	0.00190397	-10729.5
673	0.00190397	-10941.1
674	0.00190397	-10654.3
675	0.00190397	-11074.2
676	0.00190397	-10047.7
677	0.00190397	-10612.8
678	0.00190397	-9878.78
679	0.00190397	-10902.1
680	0.00190397	-10900.5
681	0.00190397	-10331.7
682	0.00190397	-10166.3
683	0.00190397	-11108.6
684	0.00190397	-10826.8
685	0.00190397	-10108.6
686	0.00190397	-10760.2
687	0.00190397	-9735.59
688	0.00190397	-9993.05
689	0.00190397	-10905.5
690	0.00190397	-10825
691	0.00190397	-9996.69
692	0.00190397	-11004.5
693	0.00190397	-10894.8
694	0.00190397	-12529.9
695	0.00190397	-11447.1
696	0.00190397	-10438.8
697	0.00190397	-11016.7
698	0.00190397	-10615.2
699	0.00190397	-10404.1
700	0.00190397	-11070.1
701	0.00190397	-10088
702	0.00190397	-11719.3
703	0.00190397	-10738.4
704	0.00190397	-11769.5
705	0.00190397	-10944.7
706	0.00190397	-10155.5
707	0.00190397	-10066.4
708	0.00190397	-10530.3
709	0.00190397	-9707.42
710	0.00190397	-11315.9
711	0.00190397	-11394
712	0.00190397	-10906.6
713	0.00190397	-11687.5
714	0.00190397	-12102.5
715	0.00190397	-10790.2
716	0.00190397	-10513.4
717	0.00190397	-9771.03
718	0.00190397	-10315.7
719	0.00190397	-10015.7
720	0.00190397	-9444.52
721	0.00190397	-10281.9
722	0.00190397	-10819.5
723	0.00190397	-10567.6
724	0.00190397	-10759
725	0.00190397	-10670.1
726	0.00190397	-10331.6
727	0.00190397	-11211
728	0.00190397	-10768.1
729	0.00190397	-9737.51
730	0.00190397	-11284.4
731	0.00190397	-10079.2
732	0.00190397	-10442.6
733	0.00190397	-9528.38
734	0.00190397	-11092.8
735	0.00190397	-10596.7
736	0.00190397	-10105.4
737	0.00190397	-10347
738	0.00190397	-10655.6
739	0.00190397	-11291.9
740	0.00190397	-11273.5
741	0.00190397	-10842.7
742	0.00190397	-10189.1
743	0.00190397	-9024.65
744	0.00190397	-9143.7
745	0.00190397	-10508.7
746	0.00190397	-10173.6
747	0.00190397	-11414.8
748	0.00190397	-9997.12
749	0.00190397	-10279.2
750	0.00190397	-10430.2
751	0.00190397	-11537.7
752	0.00190397	-9663.47
753	0.00190397	-11590.1
754	0.00190397	-10835.9
755	0.00190397	-10159.6
756	0.00190397	-11184.8
757	0.00190397	-10719.7
758	0.00190397	-10642
759	0.00190397	-9773.35
760	0.00190397	-10812
761	0.00190397	-11794.9
762	0.00190397	-10439.1
763	0.00190397	-11377.6
764	0.00190397	-11393.4
765	0.00190397	-11915.9
766	0.00190397	-10110.7
767	0.00190397	-9904.67
768	0.00190397	-10036.1
769	0.00190397	-10899.4
770	0.00190397	-10743
771	0.00190397	-9978.59
772	0.00190397	-10460.8
773	0.00190397	-10506.3
774	0.00190397	-10675.2
775	0.00190397	-10577.2
776	0.00190397	-10844.8
777	0.00190397	-9563.7
778	0.00190397	-10066.2
779	0.00190397	-10859
780	0.00190397	-10435.9
781	0.00190397	-10256.4
782	0.00190397	-10571.3
783	0.00190397	-10227.9
784	0.00190397	-11189
785	0.00190397	-10651.4
786	0.00190397	-10721.4
787	0.00190397	-11576.9
788	0.00190397	-11101.8
789	0.00190397	-9892.03
790	0.00190397	-11180.4
791	0.00190397	-11059.3
792	0.00190397	-10485.8
793	0.00190397	-10164.6
794	0.00190397	-10065.1
795	0.00190397	-9766.89
796	0.00190397	-10696.2
797	0.00190397	-12236.7
798	0.00190397	-11559.1
799	0.00190397	-10647.8
800	0.00190397	-10667.3
801	0.00190397	-10641.1
802	0.00190397	-11210.3
803	0.00190397	-10952.6
804	0.00190397	-11290.3
805	0.00190397	-11436.5
806	0.00190397	-10948.5
807	0.00190397	-10743.5
808	0.00190397	-10048.1
809	0.00190397	-11200.4
810	0.00190397	-10258.3
811	0.00190397	-10380.5
812	0.00190397	-10365.7
813	0.00190397	-9843.23
814	0.00190397	-9938
815	0.00190397	-10977.5
816	0.00190397	-10083.5
817	0.00190397	-10256.1
818	0.00190397	-10092.2
819	0.00190397	-10643.2
820	0.00190397	-10169.1
821	0.00190397	-9745.94
822	0.00190397	-9685.08
823	0.00190397	-9470.14
824	0.00190397	-10258
825	0.00190397	-10262.4
826	0.00190397	-10962.1
827	0.00190397	-11299.1
828	0.00190397	-9943.12
829	0.00190397	-10721
830	0.00190397	-11430.2
831	0.00190397	-11005
832	0.00190397	-10958.4
833	0.00190397	-10572.3
834	0.00190397	-10585.6
835	0.00190397	-9655.63
836	0.00190397	-11391.1
837	0.00190397	-11591.2
838	0.00190397	-12945.9
839	0.00190397	-10712.8
840	0.00190397	-10705.8
841	0.00190397	-11189.3
842	0.00190397	-11313.4
843	0.00190397	-11294.6
844	0.00190397	-10490.7
845	0.00190397	-11365.3
846	0.00190397	-10789.2
847	0.00190397	-10757.2
848	0.00190397	-10961.4
849	0.00190397	-10062.1
850	0.00190397	-10899.8
851	0.00190397	-10836.6
852	0.00190397	-11103.6
853	0.00190397	-10130.4
854	0.00190397	-10738.9
855	0.00190397	-11752.3
856	0.00190397	-10605.6
857	0.00190397	-11185.8
858	0.00190397	-10226.1
859	0.00190397	-9964.54
860	0.00190397	-10362.6
861	0.00190397	-10630.4
862	0.00190397	-10194.3
863	0.00190397	-10072.2
864	0.00190397	-11106.6
865	0.00190397	-11500.6
866	0.00190397	-11140.9
867	0.00190397	-10676.5
868	0.00190397	-9775.75
869	0.00190397	-9868.31
870	0.00190397	-11453.1
871	0.00190397	-10973
872	0.00190397	-11097
873	0.00190397	-10692.5
874	0.00190397	-10096.8
875	0.00190397	-10003.8
876	0.00190397	-9487.29
877	0.00190397	-9934.9
878	0.00190397	-10308
879	0.00190397	-10622.4
880	0.00190397	-10895.7
881	0.00190397	-10352.7
882	0.00190397	-11133.3
883	0.00190397	-10934.6
884	0.00190397	-9535.11
885	0.00190397	-9524.98
886	0.00190397	-9539.78
887	0.00190397	-10262.3
888	0.00190397	-9964.92
889	0.00190397	-10184.4
890	0.00190397	-10594
891	0.00190397	-11765.6
892	0.00190397	-10703.1
893	0.00190397	-10701.9
894	0.00190397	-10959.4
895	0.00190397	-10347
896	0.00190397	-10600.6
897	0.00190397	-11042.4
898	0.00190397	-10126.9
899	0.00190397	-10574.3
900	0.00190397	-11187.7
901	0.00190397	-10422.7
902	0.00190397	-10335.4
903	0.00190397	-10498.3
904	0.00190397	-10728.2
905	0.00190397	-11740.9
906	0.00190397	-10048.8
907	0.00190397	-10742
908	0.00190397	-10161.6
909	0.00190397	-11180
910	0.00190397	-10802.3
911	0.00190397	-10574
912	0.00190397	-10630.1
913	0.00190397	-10616.4
914	0.00190397	-11245.8
915	0.00190397	-10701.8
916	0.00190397	-11889
917	0.00190397	-9861.91
918	0.00190397	-10169.3
919	0.00190397	-10154.6
920	0.00190397	-10379.2
921	0.00190397	-9693.87
922	0.00190397	-9286.39
923	0.00190397	-8959.25
924	0.00190397	-10912.7
925	0.00190397	-10597.4
926	0.00190397	-11439.9
927	0.00190397	-10325
928	0.00190397	-10943.9
929	0.00190397	-10825
930	0.00190397	-10818.1
931	0.00190397	-10822.3
932	0.00190397	-10841.8
933	0.00190397	-9732.05
934	0.00190397	-10270.7
935	0.00190397	-10211.4
936	0.00190397	-10351.2
937	0.00190397	-9842.63
938	0.00190397	-9599.1
939	0.00190397	-9878.47
940	0.00190397	-11709.9
941	0.00190397	-11655.7
942	0.00190397	-12881.1
943	0.00190397	-11245.6
944	0.00190397	-10127.7
945	0.00190397	-10364.2
946	0.00190397	-9848.63
947	0.00190397	-10112.5
948	0.00190397	-11035.7
949	0.00190397	-10986.1
950	0.00190397	-10590.8
951	0.00190397	-10248.5
952	0.00190397	-11175.6
953	0.00190397	-11184.5
954	0.00190397	-12583.4
955	0.00190397	-11943
956	0.00190397	-12302.8
957	0.00190397	-10940.9
958	0.00190397	-11866.1
959	0.00190397	-10420.6
960	0.00190397	-9999.68
961	0.00190397	-11069.9
962	0.00190397	-9596.67
963	0.00190397	-10572.6
964	0.00190397	-10237.2
965	0.00190397	-10678.2
966	0.00190397	-9511.03
967	0.00190397	-10425.3
968	0.00190397	-10634
969	0.00190397	-9774.52
970	0.00190397	-10363.4
971	0.00190397	-9598.4
972	0.00190397	-11356.4
973	0.00190397	-11136.9
974	0.00190397	-11339.4
975	0.00190397	-10727
976	0.00190397	-10083.4
977	0.00190397	-11559.4
978	0.00190397	-9918
979	0.00190397	-10792.2
980	0.00190397	-10502.1
981	0.00190397	-10469.5
982	0.00190397	-10206.6
983	0.00190397	-11218.8
984	0.00190397	-10207.9
985	0.00190397	-10360.6
986	0.00190397	-10961.2
987	0.00190397	-9532.05
988	0.00190397	-10260
989	0.00190397	-10211.7
990	0.00190397	-9806.88
991	0.00190397	-10247.3
992	0.00190397	-10985.2
993	0.00190397	-9539.47
994	0.00190397	-10416.7
995	0.00190397	-12547.9
996	0.00190397	-10366.1
997	0.00190397	-10413.1
998	0.00190397	-9647.28
999	0.00190397	-10039.3
1000	0.00190397	-11055.6
251	0.00131443	-10333.5
252	0.00131443	-11746.1
253	0.00131443	-11090.8
254	0.00131443	-11243
255	0.00131443	-10868.6
256	0.00131443	-11770.6
257	0.00131443	-11506.7
258	0.00131443	-12334.5
259	0.00131443	-11878.7
260	0.00131443	-11617
261	0.00131443	-10188.6
262	0.00131443	-11243.5
263	0.00131443	-9983.53
264	0.00131443	-11166.6
265	0.00131443	-11189.7
266	0.00131443	-11419
267	0.00131443	-10764.6
268	0.00131443	-12459
269	0.00131443	-12069.3
270	0.00131443	-10642.9
271	0.00131443	-10625.4
272	0.00131443	-10623.9
273	0.00131443	-12239.7
274	0.00131443	-11822.4
275	0.00131443	-11479.6
276	0.00131443	-11260.9
277	0.00131443	-11533.6
278	0.00131443	-9818.29
279	0.00131443	-10428.7
280	0.00131443	-11754.6
281	0.00131443	-9571.27
282	0.00131443	-11107.2
283	0.00131443	-11590.3
284	0.00131443	-11506.8
285	0.00131443	-11518.5
286	0.00131443	-10861.5
287	0.00131443	-10753.4
288	0.00131443	-10620.8
289	0.00131443	-12643.3
290	0.00131443	-12540.1
291	0.00131443	-10873.4
292	0.00131443	-10846.1
293	0.00131443	-12057.7
294	0.00131443	-12950.1
295	0.00131443	-12040.5
296	0.00131443	-10748.2
297	0.00131443	-13156.6
298	0.00131443	-13556.1
299	0.00131443	-11059
300	0.00131443	-10451.5
301	0.00131443	-10164.3
302	0.00131443	-10774.4
303	0.00131443	-10910.2
304	0.00131443	-10579.6
305	0.00131443	-12101.4
306	0.00131443	-12172.6
307	0.00131443	-10414.1
308	0.00131443	-10906.7
309	0.00131443	-11123
310	0.00131443	-10001.7
311	0.00131443	-9164.46
312	0.00131443	-9819
313	0.00131443	-10391.4
314	0.00131443	-10233.7
315	0.00131443	-11423.2
316	0.00131443	-10117.5
317	0.00131443	-10522.4
318	0.00131443	-11313.6
319	0.00131443	-10920.9
320	0.00131443	-10643.7
321	0.00131443	-11789
322	0.00131443	-11579.3
323	0.00131443	-10954.7
324	0.00131443	-10477.5
325	0.00131443	-10532
326	0.00131443	-10427.1
327	0.00131443	-10317.2
328	0.00131443	-12326.4
329	0.00131443	-12401.9
330	0.00131443	-11905.7
331	0.00131443	-11693
332	0.00131443	-10856.2
333	0.00131443	-10035.6
334	0.00131443	-10246.8
335	0.00131443	-10225.2
336	0.00131443	-10396.9
337	0.00131443	-10246.9
338	0.00131443	-10226.1
339	0.00131443	-10573.5
340	0.00131443	-10912.7
341	0.00131443	-11286.9
342	0.00131443	-10268.2
343	0.00131443	-9970.13
344	0.00131443	-10164.2
345	0.00131443	-10266.6
346	0.00131443	-10517.6
347	0.00131443	-11234.3
348	0.00131443	-10870
349	0.00131443	-11871
350	0.00131443	-11941.8
351	0.00131443	-11668.3
352	0.00131443	-14005.3
353	0.00131443	-11562.9
354	0.00131443	-11065.5
355	0.00131443	-9735.89
356	0.00131443	-11019.1
357	0.00131443	-11620.3
358	0.00131443	-12291.4
359	0.00131443	-10754.6
360	0.00131443	-12417.3
361	0.00131443	-11686
362	0.00131443	-12714.4
363	0.00131443	-10347
364	0.00131443	-11400.4
365	0.00131443	-9907.97
366	0.00131443	-10848.4
367	0.00131443	-10595.8
368	0.00131443	-9664.54
369	0.00131443	-10823.3
370	0.00131443	-12015.6
371	0.00131443	-10914.9
372	0.00131443	-11430.8
373	0.00131443	-10856
374	0.00131443	-11570.6
375	0.00131443	-12286.1
376	0.00131443	-11137.9
377	0.00131443	-11218.8
378	0.00131443	-10019.4
379	0.00131443	-9930.71
380	0.00131443	-10558.6
381	0.00131443	-10069.8
382	0.00131443	-10731
383	0.00131443	-11019.9
384	0.00131443	-10293
385	0.00131443	-12035.8
386	0.00131443	-12407.3
387	0.00131443	-11705
388	0.00131443	-11132.5
389	0.00131443	-9725.54
390	0.00131443	-9490.63
391	0.00131443	-10296
392	0.00131443	-10877.5
393	0.00131443	-11347
394	0.00131443	-10698.7
395	0.00131443	-11735.5
396	0.00131443	-10503.6
397	0.00131443	-11848
398	0.00131443	-10724
399	0.00131443	-10887.6
400	0.00131443	-10157.6
401	0.00131443	-10540.7
402	0.00131443	-10277.8
403	0.00131443	-12286.7
404	0.00131443	-9893.63
405	0.00131443	-11469.6
406	0.00131443	-10611.7
407	0.00131443	-10452.2
408	0.00131443	-10475.5
409	0.00131443	-11310.2
410	0.00131443	-11531.1
411	0.00131443	-11485.1
412	0.00131443	-10969
413	0.00131443	-11753.8
414	0.00131443	-13556.9
415	0.00131443	-12131.2
416	0.00131443	-11625.3
417	0.00131443	-11885.4
418	0.00131443	-10141.3
419	0.00131443	-11406.9
420	0.00131443	-12535.7
421	0.00131443	-11969.6
422	0.00131443	-11478.7
423	0.00131443	-12447.2
424	0.00131443	-11144.8
425	0.00131443	-11505.5
426	0.00131443	-10329.6
427	0.00131443	-10054
428	0.00131443	-11702.4
429	0.00131443	-9853.99
430	0.00131443	-10422.9
431	0.00131443	-9620.73
432	0.00131443	-10248.9
433	0.00131443	-12145.8
434	0.00131443	-13047.7
435	0.00131443	-9609.19
436	0.00131443	-10658.3
437	0.00131443	-10583.8
438	0.00131443	-10787.3
439	0.00131443	-11769.7
440	0.00131443	-10908.3
441	0.00131443	-9850.19
442	0.00131443	-11546.2
443	0.00131443	-11510.7
444	0.00131443	-12111.6
445	0.00131443	-12048.3
446	0.00131443	-10189.3
447	0.00131443	-9711.61
448	0.00131443	-10140
449	0.00131443	-10200.6
450	0.00131443	-10223.3
451	0.00131443	-11289.6
452	0.00131443	-12753.6
453	0.00131443	-11329.5
454	0.00131443	-11795
455	0.00131443	-10606.2
456	0.00131443	-11459.2
457	0.00131443	-10424.6
458	0.00131443	-10019.3
459	0.00131443	-10221.5
460	0.00131443	-10744.7
461	0.00131443	-10905.9
462	0.00131443	-10763.3
463	0.00131443	-11240.3
464	0.00131443	-10117.9
465	0.00131443	-11108.5
466	0.00131443	-10351.4
467	0.00131443	-11360.9
468	0.00131443	-10313.1
469	0.00131443	-10416
470	0.00131443	-12194
471	0.00131443	-10871.2
472	0.00131443	-10065.5
473	0.00131443	-9919.51
474	0.00131443	-11106.9
475	0.00131443	-11765.8
476	0.00131443	-11043.8
477	0.00131443	-10984.7
478	0.00131443	-12234.4
479	0.00131443	-11592.1
480	0.00131443	-12494.2
481	0.00131443	-12186.6
482	0.00131443	-12032.3
483	0.00131443	-10602.4
484	0.00131443	-10727.7
485	0.00131443	-10876.7
486	0.00131443	-11246.1
487	0.00131443	-11510.3
488	0.00131443	-12234.6
489	0.00131443	-12124.1
490	0.00131443	-10888.3
491	0.00131443	-10496.4
492	0.00131443	-11406.2
493	0.00131443	-11158.6
494	0.00131443	-10627.8
495	0.00131443	-9971.02
496	0.00131443	-9860.26
497	0.00131443	-10839.1
498	0.00131443	-10571.8
499	0.00131443	-9985.78
500	0.00131443	-10120.3
501	0.00131443	-10682.2
502	0.00131443	-10199.5
503	0.00131443	-11067.2
504	0.00131443	-11472.8
505	0.00131443	-11321.3
506	0.00131443	-10227.9
507	0.00131443	-9999.02
508	0.00131443	-10726.7
509	0.00131443	-9748.65
510	0.00131443	-11218.9
511	0.00131443	-11213.2
512	0.00131443	-11516.7
513	0.00131443	-10884
514	0.00131443	-9956.95
515	0.00131443	-9666.47
516	0.00131443	-10626.8
517	0.00131443	-11194.8
518	0.00131443	-11424.7
519	0.00131443	-12791.6
520	0.00131443	-11693.9
521	0.00131443	-12337.9
522	0.00131443	-11971.1
523	0.00131443	-11052.6
524	0.00131443	-10805.3
525	0.00131443	-11031.9
526	0.00131443	-10916.7
527	0.00131443	-10593.8
528	0.00131443	-11267.3
529	0.00131443	-10233.7
530	0.00131443	-11100.8
531	0.00131443	-10287
532	0.00131443	-10752.3
533	0.00131443	-10388.5
534	0.00131443	-10428.3
535	0.00131443	-11234.9
536	0.00131443	-10466.4
537	0.00131443	-10960.6
538	0.00131443	-11437.9
539	0.00131443	-11182.6
540	0.00131443	-10222.6
541	0.00131443	-10497.5
542	0.00131443	-11071.5
543	0.00131443	-11616.1
544	0.00131443	-10963.7
545	0.00131443	-11717.2
546	0.00131443	-10993.8
547	0.00131443	-10121.6
548	0.00131443	-11109.6
549	0.00131443	-11122
550	0.00131443	-10328.8
551	0.00131443	-10170
552	0.00131443	-10408.7
553	0.00131443	-10151.2
554	0.00131443	-11757.6
555	0.00131443	-11292.4
556	0.00131443	-10918.9
557	0.00131443	-10769
558	0.00131443	-10464.5
559	0.00131443	-9655.97
560	0.00131443	-11382.8
561	0.00131443	-11903.2
562	0.00131443	-11366.3
563	0.00131443	-11022.1
564	0.00131443	-9842.24
565	0.00131443	-9767.15
566	0.00131443	-10174.3
567	0.00131443	-9978.71
568	0.00131443	-9973.39
569	0.00131443	-10631.5
570	0.00131443	-11012.6
571	0.00131443	-10788
572	0.00131443	-10748.4
573	0.00131443	-10560.7
574	0.00131443	-12873.6
575	0.00131443	-12423.9
576	0.00131443	-13357.8
577	0.00131443	-11813.4
578	0.00131443	-11617.2
579	0.00131443	-10539.8
580	0.00131443	-11055.4
581	0.00131443	-10833
582	0.00131443	-11400.8
583	0.00131443	-10486.5
584	0.00131443	-11107.9
585	0.00131443	-9781.02
586	0.00131443	-10591.6
587	0.00131443	-10228.9
588	0.00131443	-10924.3
589	0.00131443	-10942
590	0.00131443	-11842.2
591	0.00131443	-11282.9
592	0.00131443	-11726.3
593	0.00131443	-10810.9
594	0.00131443	-11214.3
595	0.00131443	-10772.9
596	0.00131443	-10678.1
597	0.00131443	-11747.8
598	0.00131443	-10968.7
599	0.00131443	-9705.95
600	0.00131443	-9967.69
601	0.00131443	-10884.6
602	0.00131443	-11301.2
603	0.00131443	-11010
604	0.00131443	-11049.2
605	0.00131443	-10971.9
606	0.00131443	-10661.8
607	0.00131443	-11780.2
608	0.00131443	-11282.7
609	0.00131443	-10762.8
610	0.00131443	-11181.5
611	0.00131443	-12114.8
612	0.00131443	-11655.7
613	0.00131443	-12335.6
614	0.00131443	-9829.43
615	0.00131443	-9710.51
616	0.00131443	-12623.7
617	0.00131443	-9570.42
618	0.00131443	-10021.9
619	0.00131443	-11235.7
620	0.00131443	-10388.9
621	0.00131443	-10640.6
622	0.00131443	-9863.78
623	0.00131443	-11823.9
624	0.00131443	-11471.2
625	0.00131443	-10708.7
626	0.00131443	-11316.7
627	0.00131443	-10709.1
628	0.00131443	-10292.1
629	0.00131443	-11009.6
630	0.00131443	-10088.9
631	0.00131443	-10246.2
632	0.00131443	-12355.5
633	0.00131443	-10026.7
634	0.00131443	-11377.4
635	0.00131443	-10654.6
636	0.00131443	-9656.41
637	0.00131443	-10027.1
638	0.00131443	-9978.44
639	0.00131443	-9977.73
640	0.00131443	-10581.1
641	0.00131443	-10296.6
642	0.00131443	-11232.6
643	0.00131443	-10081.8
644	0.00131443	-11042.5
645	0.00131443	-10915.4
646	0.00131443	-10420.4
647	0.00131443	-10516.6
648	0.00131443	-10475.1
649	0.00131443	-11011.2
650	0.00131443	-11025.1
651	0.00131443	-10583.6
652	0.00131443	-11826.1
653	0.00131443	-11577
654	0.00131443	-12011.5
655	0.00131443	-11034.1
656	0.00131443	-9834.72
657	0.00131443	-10298.3
658	0.00131443	-12659.3
659	0.00131443	-11635.3
660	0.00131443	-11616
661	0.00131443	-12215.8
662	0.00131443	-9415.67
663	0.00131443	-11783.1
664	0.00131443	-11195.1
665	0.00131443	-11446
666	0.00131443	-11101.8
667	0.00131443	-10507.5
668	0.00131443	-10557.6
669	0.00131443	-11020.3
670	0.00131443	-10753.5
671	0.00131443	-10942
672	0.00131443	-10739.8
673	0.00131443	-9631.74
674	0.00131443	-10935.5
675	0.00131443	-10593.1
676	0.00131443	-10370.5
677	0.00131443	-11218.9
678	0.00131443	-11432
679	0.00131443	-11767
680	0.00131443	-10279.7
681	0.00131443	-11487.8
682	0.00131443	-13824.9
683	0.00131443	-12079.2
684	0.00131443	-11208.5
685	0.00131443	-15454.4
686	0.00131443	-12686.9
687	0.00131443	-12585.2
688	0.00131443	-10843.4
689	0.00131443	-10580.7
690	0.00131443	-10901.8
691	0.00131443	-10703.5
692	0.00131443	-10360
693	0.00131443	-11052
694	0.00131443	-10689.4
695	0.00131443	-10398.2
696	0.00131443	-10367.3
697	0.00131443	-10242.9
698	0.00131443	-9879.77
699	0.00131443	-10184.8
700	0.00131443	-10235
701	0.00131443	-10404.9
702	0.00131443	-11193.3
703	0.00131443	-11038.3
704	0.00131443	-10491.6
705	0.00131443	-9313.39
706	0.00131443	-9967.14
707	0.00131443	-9273.87
708	0.00131443	-9988.17
709	0.00131443	-11389.9
710	0.00131443	-11285
711	0.00131443	-11469.1
712	0.00131443	-10646.4
713	0.00131443	-10834.5
714	0.00131443	-10505.1
715	0.00131443	-9926.56
716	0.00131443	-10325.5
717	0.00131443	-9856.96
718	0.00131443	-10700.6
719	0.00131443	-10795.7
720	0.00131443	-10532.9
721	0.00131443	-10069.5
722	0.00131443	-10713.5
723	0.00131443	-10324.2
724	0.00131443	-10942.3
725	0.00131443	-10823
726	0.00131443	-9732.98
727	0.00131443	-10459
728	0.00131443	-13130.8
729	0.00131443	-12151.6
730	0.00131443	-10764.5
731	0.00131443	-11176.3
732	0.00131443	-11412.5
733	0.00131443	-10615.4
734	0.00131443	-10141.2
735	0.00131443	-10110.2
736	0.00131443	-10581.8
737	0.00131443	-9901.48
738	0.00131443	-10318.4
739	0.00131443	-10530.9
740	0.00131443	-10173.6
741	0.00131443	-11142.7
742	0.00131443	-11491.3
743	0.00131443	-11107.7
744	0.00131443	-11927.4
745	0.00131443	-10155.5
746	0.00131443	-11265.5
747	0.00131443	-10696.4
748	0.00131443	-11475.5
749	0.00131443	-10634.8
750	0.00131443	-9669.46
751	0.00131443	-11101.9
752	0.00131443	-10865.4
753	0.00131443	-11326.1
754	0.00131443	-10764.2
755	0.00131443	-11128.2
756	0.00131443	-11506.8
757	0.00131443	-11435
758	0.00131443	-10532.6
759	0.00131443	-10904.4
760	0.00131443	-10625.6
761	0.00131443	-10101.6
762	0.00131443	-11790.3
763	0.00131443	-11487.7
764	0.00131443	-11886.4
765	0.00131443	-12495.5
766	0.00131443	-10983.8
767	0.00131443	-9714.34
768	0.00131443	-10481.7
769	0.00131443	-11359.7
770	0.00131443	-11215.2
771	0.00131443	-10909
772	0.00131443	-12474
773	0.00131443	-10874.7
774	0.00131443	-10669.9
775	0.00131443	-12649.6
776	0.00131443	-11136.6
777	0.00131443	-13256.3
778	0.00131443	-11140.3
779	0.00131443	-10782.2
780	0.00131443	-11264.5
781	0.00131443	-11865.5
782	0.00131443	-12237.6
783	0.00131443	-10824.2
784	0.00131443	-10670.9
785	0.00131443	-10707.7
786	0.00131443	-10382.7
787	0.00131443	-12339.3
788	0.00131443	-11820
789	0.00131443	-10298.8
790	0.00131443	-9801.2
791	0.00131443	-10446.9
792	0.00131443	-10680.1
793	0.00131443	-10190.9
794	0.00131443	-11220
795	0.00131443	-11367.9
796	0.00131443	-11656.6
797	0.00131443	-11342.8
798	0.00131443	-11201.2
799	0.00131443	-10507.2
800	0.00131443	-11117.7
801	0.00131443	-10401.9
802	0.00131443	-11306.1
803	0.00131443	-10280
804	0.00131443	-10248.7
805	0.00131443	-11474.6
806	0.00131443	-11476.7
807	0.00131443	-12332.6
808	0.00131443	-9872.91
809	0.00131443	-10339.1
810	0.00131443	-10765.2
811	0.00131443	-12659.6
812	0.00131443	-11796.4
813	0.00131443	-13014.9
814	0.00131443	-13510.3
815	0.00131443	-11919.4
816	0.00131443	-10893.3
817	0.00131443	-10501.6
818	0.00131443	-12161.5
819	0.00131443	-11419
820	0.00131443	-11089.8
821	0.00131443	-10681.9
822	0.00131443	-11101.2
823	0.00131443	-11329.6
824	0.00131443	-12006.8
825	0.00131443	-11014.1
826	0.00131443	-11126.5
827	0.00131443	-9798.5
828	0.00131443	-11001.8
829	0.00131443	-11223.2
830	0.00131443	-12306.4
831	0.00131443	-10947.5
832	0.00131443	-10141.9
833	0.00131443	-10333.4
834	0.00131443	-10505.2
835	0.00131443	-10285.8
836	0.00131443	-10856.6
837	0.00131443	-10026.4
838	0.00131443	-10539
839	0.00131443	-9683.69
840	0.00131443	-11272
841	0.00131443	-10836.1
842	0.00131443	-10499.6
843	0.00131443	-11403.9
844	0.00131443	-10511
845	0.00131443	-10394.1
846	0.00131443	-10060.3
847	0.00131443	-10918.3
848	0.00131443	-10645.6
849	0.00131443	-10842.3
850	0.00131443	-12100.7
851	0.00131443	-10417.6
852	0.00131443	-11445.1
853	0.00131443	-11098
854	0.00131443	-10940.6
855	0.00131443	-9918.46
856	0.00131443	-9830.02
857	0.00131443	-9640.67
858	0.00131443	-10114.2
859	0.00131443	-10928.1
860	0.00131443	-10771.5
861	0.00131443	-11678.3
862	0.00131443	-10629.3
863	0.00131443	-11381.6
864	0.00131443	-11068.1
865	0.00131443	-10509.9
866	0.00131443	-10630.3
867	0.00131443	-10248.5
868	0.00131443	-10466
869	0.00131443	-10187.4
870	0.00131443	-11146.6
871	0.00131443	-11479
872	0.00131443	-11220.7
873	0.00131443	-11623.3
874	0.00131443	-10213
875	0.00131443	-10566.6
876	0.00131443	-11646.8
877	0.00131443	-9951.72
878	0.00131443	-9174.68
879	0.00131443	-9944.47
880	0.00131443	-10471.6
881	0.00131443	-9869.68
882	0.00131443	-10560.1
883	0.00131443	-12803.2
884	0.00131443	-11327.2
885	0.00131443	-10106.2
886	0.00131443	-11262.9
887	0.00131443	-11066.7
888	0.00131443	-11413.6
889	0.00131443	-13157.4
890	0.00131443	-10331
891	0.00131443	-10842.3
892	0.00131443	-10276.2
893	0.00131443	-9746.65
894	0.00131443	-10578
895	0.00131443	-10971.3
896	0.00131443	-10910.9
897	0.00131443	-10670.1
898	0.00131443	-10703.5
899	0.00131443	-10666.3
900	0.00131443	-10886.8
901	0.00131443	-11132.2
902	0.00131443	-9801.49
903	0.00131443	-10483.3
904	0.00131443	-11812.5
905	0.00131443	-11580.4
906	0.00131443	-9917.02
907	0.00131443	-10870.9
908	0.00131443	-9776.83
909	0.00131443	-10259.1
910	0.00131443	-11604.9
911	0.00131443	-9855.48
912	0.00131443	-10405.9
913	0.00131443	-11347.7
914	0.00131443	-10196.8
915	0.00131443	-11385.3
916	0.00131443	-10468.3
917	0.00131443	-10243.1
918	0.00131443	-10666.5
919	0.00131443	-11258.8
920	0.00131443	-10130.5
921	0.00131443	-10586.4
922	0.00131443	-10821.7
923	0.00131443	-12188.2
924	0.00131443	-10646.8
925	0.00131443	-11195.8
926	0.00131443	-10495
927	0.00131443	-11839.4
928	0.00131443	-11082.5
929	0.00131443	-11333.1
930	0.00131443	-11301.5
931	0.00131443	-11341.3
932	0.00131443	-10960.7
933	0.00131443	-10891
934	0.00131443	-10817.1
935	0.00131443	-10671.5
936	0.00131443	-9789.65
937	0.00131443	-10695.5
938	0.00131443	-11454.9
939	0.00131443	-11540.7
940	0.00131443	-10830.6
941	0.00131443	-10481
942	0.00131443	-10542.3
943	0.00131443	-11432.1
944	0.00131443	-10612.4
945	0.00131443	-10640.5
946	0.00131443	-13073
947	0.00131443	-12314
948	0.00131443	-11863.6
949	0.00131443	-11393.2
950	0.00131443	-12170.1
951	0.00131443	-10855
952	0.00131443	-10732.4
953	0.00131443	-11159.9
954	0.00131443	-10484.8
955	0.00131443	-10959.3
956	0.00131443	-11048.7
957	0.00131443	-11792.1
958	0.00131443	-11315.9
959	0.00131443	-11946.7
960	0.00131443	-11596.4
961	0.00131443	-11741.1
962	0.00131443	-10537.1
963	0.00131443	-9980.44
964	0.00131443	-11454.5
965	0.00131443	-13251.8
966	0.00131443	-10876.3
967	0.00131443	-10617.3
968	0.00131443	-9230.5
969	0.00131443	-9969.97
970	0.00131443	-9689.7
971	0.00131443	-10226.8
972	0.00131443	-13794.1
973	0.00131443	-10996.7
974	0.00131443	-11323.1
975	0.00131443	-10562.9
976	0.00131443	-9546.48
977	0.00131443	-10255.1
978	0.00131443	-11191.5
979	0.00131443	-10200.9
980	0.00131443	-11057.5
981	0.00131443	-10898.3
982	0.00131443	-11629.4
983	0.00131443	-10912.3
984	0.00131443	-11477.6
985	0.00131443	-11322.1
986	0.00131443	-10164.7
987	0.00131443	-10435.3
988	0.00131443	-10895.5
989	0.00131443	-11077.6
990	0.00131443	-9972.08
991	0.00131443	-11061.9
992	0.00131443	-10859.8
993	0.00131443	-11902.6
994	0.00131443	-10309.6
995	0.00131443	-11316
996	0.00131443	-11194.2
997	0.00131443	-10624
998	0.00131443	-10736.5
999	0.00131443	-9779.44
1000	0.00131443	-9382.32
251	0.000880898	-10832.4
252	0.000880898	-9962.42
253	0.000880898	-11034.9
254	0.000880898	-10705.2
255	0.000880898	-10423.7
256	0.000880898	-12457.1
257	0.000880898	-11829.9
258	0.000880898	-12417.1
259	0.000880898	-12861
260	0.000880898	-11849.4
261	0.000880898	-12303.2
262	0.000880898	-11702.5
263	0.000880898	-11504.5
264	0.000880898	-11225
265	0.000880898	-12317.6
266	0.000880898	-11841.6
267	0.000880898	-10500.7
268	0.000880898	-10875.7
269	0.000880898	-12171.3
270	0.000880898	-12007
271	0.000880898	-10284.8
272	0.000880898	-11672.3
273	0.000880898	-12265.4
274	0.000880898	-10828.3
275	0.000880898	-10538.4
276	0.000880898	-10719.4
277	0.000880898	-11315.2
278	0.000880898	-11534.4
279	0.000880898	-11295.7
280	0.000880898	-10764.3
281	0.000880898	-10614.5
282	0.000880898	-11592.7
283	0.000880898	-10394.7
284	0.000880898	-10583.4
285	0.000880898	-11021.1
286	0.000880898	-12959
287	0.000880898	-12553.1
288	0.000880898	-11923.5
289	0.000880898	-12105.2
290	0.000880898	-11785.9
291	0.000880898	-12611.8
292	0.000880898	-11486.3
293	0.000880898	-12551.4
294	0.000880898	-12024.9
295	0.000880898	-11016.3
296	0.000880898	-11375.3
297	0.000880898	-13121.1
298	0.000880898	-11663.4
299	0.000880898	-11087.2
300	0.000880898	-10625.7
301	0.000880898	-11654.4
302	0.000880898	-11749.5
303	0.000880898	-11622.4
304	0.000880898	-11036.6
305	0.000880898	-12109.6
306	0.000880898	-12900.4
307	0.000880898	-10901.1
308	0.000880898	-10548.2
309	0.000880898	-11370.1
310	0.000880898	-11040
311	0.000880898	-12715.7
312	0.000880898	-12480.2
313	0.000880898	-12792.5
314	0.000880898	-12226
315	0.000880898	-11265.2
316	0.000880898	-11541.2
317	0.000880898	-10247.9
318	0.000880898	-10515.3
319	0.000880898	-10616.7
320	0.000880898	-11269.2
321	0.000880898	-11100
322	0.000880898	-11117.2
323	0.000880898	-12631.3
324	0.000880898	-11310.1
325	0.000880898	-10524.6
326	0.000880898	-11190.1
327	0.000880898	-10842.6
328	0.000880898	-12223.5
329	0.000880898	-10445.5
330	0.000880898	-11315.9
331	0.000880898	-12489.1
332	0.000880898	-10751.9
333	0.000880898	-10816.2
334	0.000880898	-11754.3
335	0.000880898	-10698.9
336	0.000880898	-11403.7
337	0.000880898	-10418.1
338	0.000880898	-11037
339	0.000880898	-11670.2
340	0.000880898	-10923.6
341	0.000880898	-11385.7
342	0.000880898	-10685.6
343	0.000880898	-11176
344	0.000880898	-11597.4
345	0.000880898	-12403.1
346	0.000880898	-12240.2
347	0.000880898	-10378.8
348	0.000880898	-10284.1
349	0.000880898	-12445.3
350	0.000880898	-9774.6
351	0.000880898	-11098.6
352	0.000880898	-11172.6
353	0.000880898	-10452.7
354	0.000880898	-11521.4
355	0.000880898	-11916.7
356	0.000880898	-10979.6
357	0.000880898	-12805.2
358	0.000880898	-11034.3
359	0.000880898	-12866.4
360	0.000880898	-10825.1
361	0.000880898	-11316.2
362	0.000880898	-9909.09
363	0.000880898	-10337.9
364	0.000880898	-10735.4
365	0.000880898	-9703.32
366	0.000880898	-10601.6
367	0.000880898	-10999.4
368	0.000880898	-10644
369	0.000880898	-10792.1
370	0.000880898	-11068.9
371	0.000880898	-10189.1
372	0.000880898	-11538
373	0.000880898	-10840.9
374	0.000880898	-11306
375	0.000880898	-10796.2
376	0.000880898	-11510.8
377	0.000880898	-9806.13
378	0.000880898	-9468.28
379	0.000880898	-10538.1
380	0.000880898	-11343.5
381	0.000880898	-11448
382	0.000880898	-11334.3
383	0.000880898	-11526.2
384	0.000880898	-12428.2
385	0.000880898	-10159.8
386	0.000880898	-10626.1
387	0.000880898	-11695.3
388	0.000880898	-11553.1
389	0.000880898	-10915.7
390	0.000880898	-9460.86
391	0.000880898	-10960.4
392	0.000880898	-9724.56
393	0.000880898	-11369.3
394	0.000880898	-10060.7
395	0.000880898	-10720.7
396	0.000880898	-10853
397	0.000880898	-10140.8
398	0.000880898	-11916.3
399	0.000880898	-11092
400	0.000880898	-11438.7
401	0.000880898	-12113.2
402	0.000880898	-12161.1
403	0.000880898	-12371.7
404	0.000880898	-12956.7
405	0.000880898	-13935.1
406	0.000880898	-12405.5
407	0.000880898	-10780.5
408	0.000880898	-10693.4
409	0.000880898	-10549.1
410	0.000880898	-10042.5
411	0.000880898	-11008.8
412	0.000880898	-10124.9
413	0.000880898	-10345.2
414	0.000880898	-10508.7
415	0.000880898	-11778.2
416	0.000880898	-12712.9
417	0.000880898	-11284.7
418	0.000880898	-11518.5
419	0.000880898	-11478.1
420	0.000880898	-12154.4
421	0.000880898	-10803.8
422	0.000880898	-10161.8
423	0.000880898	-10864.6
424	0.000880898	-10056.3
425	0.000880898	-10476.2
426	0.000880898	-10779.2
427	0.000880898	-11900.6
428	0.000880898	-10704.9
429	0.000880898	-11540.8
430	0.000880898	-10025.4
431	0.000880898	-10451.9
432	0.000880898	-10489.3
433	0.000880898	-10291.4
434	0.000880898	-10214.8
435	0.000880898	-10994.6
436	0.000880898	-11728
437	0.000880898	-13752.8
438	0.000880898	-10872.2
439	0.000880898	-10088.6
440	0.000880898	-11966.6
441	0.000880898	-11555.5
442	0.000880898	-11685.4
443	0.000880898	-11298.8
444	0.000880898	-12068.9
445	0.000880898	-10020
446	0.000880898	-10511.1
447	0.000880898	-9859.75
448	0.000880898	-10430.4
449	0.000880898	-10475.3
450	0.000880898	-11958.6
451	0.000880898	-11856
452	0.000880898	-10010.1
453	0.000880898	-9773.61
454	0.000880898	-11516.1
455	0.000880898	-10217.7
456	0.000880898	-10696.8
457	0.000880898	-10089.4
458	0.000880898	-10722.6
459	0.000880898	-10146.2
460	0.000880898	-10194.4
461	0.000880898	-10450.8
462	0.000880898	-11398.4
463	0.000880898	-11068.7
464	0.000880898	-11856.6
465	0.000880898	-10091.3
466	0.000880898	-10342.1
467	0.000880898	-11255.4
468	0.000880898	-10543.5
469	0.000880898	-13245.1
470	0.000880898	-11225.8
471	0.000880898	-11346.1
472	0.000880898	-11176.9
473	0.000880898	-11570
474	0.000880898	-11125.2
475	0.000880898	-10109.3
476	0.000880898	-10827.2
477	0.000880898	-11144.2
478	0.000880898	-10583.2
479	0.000880898	-10597.9
480	0.000880898	-11427.1
481	0.000880898	-11095.6
482	0.000880898	-10069.9
483	0.000880898	-11338.3
484	0.000880898	-10234.8
485	0.000880898	-10510
486	0.000880898	-10569.5
487	0.000880898	-10075.3
488	0.000880898	-11084
489	0.000880898	-11308
490	0.000880898	-12003
491	0.000880898	-11620.4
492	0.000880898	-11882.7
493	0.000880898	-10715.8
494	0.000880898	-10182.3
495	0.000880898	-11010.9
496	0.000880898	-12082.7
497	0.000880898	-10989.8
498	0.000880898	-10975.1
499	0.000880898	-9655.38
500	0.000880898	-10645.5
501	0.000880898	-11053.4
502	0.000880898	-11019
503	0.000880898	-10573.1
504	0.000880898	-11639.7
505	0.000880898	-11785.5
506	0.000880898	-11885.4
507	0.000880898	-10484.5
508	0.000880898	-11374.2
509	0.000880898	-10346.3
510	0.000880898	-12006.8
511	0.000880898	-10672
512	0.000880898	-10742.4
513	0.000880898	-11638.8
514	0.000880898	-11328.1
515	0.000880898	-9901.4
516	0.000880898	-10357
517	0.000880898	-11860.9
518	0.000880898	-12358.4
519	0.000880898	-11724.5
520	0.000880898	-10747.1
521	0.000880898	-10604.5
522	0.000880898	-10025.2
523	0.000880898	-10600.8
524	0.000880898	-9754.85
525	0.000880898	-10646.8
526	0.000880898	-9836.97
527	0.000880898	-10424.8
528	0.000880898	-11120.3
529	0.000880898	-10899.2
530	0.000880898	-10487.5
531	0.000880898	-11497.9
532	0.000880898	-12677.4
533	0.000880898	-11987.7
534	0.000880898	-11913.9
535	0.000880898	-11451
536	0.000880898	-10856.5
537	0.000880898	-11219.6
538	0.000880898	-11071.6
539	0.000880898	-9770.2
540	0.000880898	-11397.2
541	0.000880898	-10474.9
542	0.000880898	-11958.2
543	0.000880898	-10255.1
544	0.000880898	-11023.8
545	0.000880898	-10272.7
546	0.000880898	-10876.5
547	0.000880898	-10718.4
548	0.000880898	-10572.8
549	0.000880898	-11885.6
550	0.000880898	-10950.8
551	0.000880898	-11066.4
552	0.000880898	-10373.9
553	0.000880898	-12764
554	0.000880898	-11262.3
555	0.000880898	-11701.6
556	0.000880898	-11530.1
557	0.000880898	-10241.8
558	0.000880898	-10748.7
559	0.000880898	-14289.7
560	0.000880898	-12348
561	0.000880898	-13156.7
562	0.000880898	-10378
563	0.000880898	-11378.1
564	0.000880898	-11636.6
565	0.000880898	-11687.3
566	0.000880898	-11563.2
567	0.000880898	-12131.4
568	0.000880898	-12002.9
569	0.000880898	-11071.1
570	0.000880898	-11198.4
571	0.000880898	-10736.9
572	0.000880898	-10327.7
573	0.000880898	-10850.3
574	0.000880898	-10690.5
575	0.000880898	-11253.3
576	0.000880898	-10025.6
577	0.000880898	-9926.61
578	0.000880898	-10063.8
579	0.000880898	-12021.1
580	0.000880898	-12142.1
581	0.000880898	-12576
582	0.000880898	-11051.4
583	0.000880898	-12231
584	0.000880898	-13466.7
585	0.000880898	-12773.8
586	0.000880898	-11968
587	0.000880898	-11953.1
588	0.000880898	-12424.6
589	0.000880898	-13261.3
590	0.000880898	-12771.6
591	0.000880898	-11207
592	0.000880898	-11440.4
593	0.000880898	-12903.3
594	0.000880898	-11088.5
595	0.000880898	-12820
596	0.000880898	-10457.3
597	0.000880898	-10396.1
598	0.000880898	-10291.8
599	0.000880898	-11806
600	0.000880898	-10762.9
601	0.000880898	-11059.2
602	0.000880898	-11985.3
603	0.000880898	-12108.7
604	0.000880898	-10993.1
605	0.000880898	-10561.2
606	0.000880898	-11233.8
607	0.000880898	-10650.5
608	0.000880898	-11017.1
609	0.000880898	-10760.8
610	0.000880898	-10713.3
611	0.000880898	-11271.5
612	0.000880898	-11349.7
613	0.000880898	-11240.5
614	0.000880898	-10437.8
615	0.000880898	-10642
616	0.000880898	-9404.94
617	0.000880898	-9556.31
618	0.000880898	-9798.07
619	0.000880898	-10353.9
620	0.000880898	-11602.7
621	0.000880898	-11977.8
622	0.000880898	-10420
623	0.000880898	-11326.4
624	0.000880898	-11100.7
625	0.000880898	-11935.8
626	0.000880898	-12395.7
627	0.000880898	-11526.6
628	0.000880898	-10611.4
629	0.000880898	-10951.2
630	0.000880898	-10526.6
631	0.000880898	-11352.7
632	0.000880898	-12328
633	0.000880898	-12296.2
634	0.000880898	-11451.2
635	0.000880898	-12366.4
636	0.000880898	-11031.7
637	0.000880898	-10951.1
638	0.000880898	-9737.4
639	0.000880898	-10623.1
640	0.000880898	-9948.01
641	0.000880898	-12033.8
642	0.000880898	-10985.2
643	0.000880898	-10299
644	0.000880898	-10703.8
645	0.000880898	-11062.4
646	0.000880898	-13551.5
647	0.000880898	-12579.1
648	0.000880898	-11368.8
649	0.000880898	-11616.2
650	0.000880898	-12163.7
651	0.000880898	-12294.6
652	0.000880898	-11743.9
653	0.000880898	-12793
654	0.000880898	-11760.4
655	0.000880898	-11053
656	0.000880898	-10787.4
657	0.000880898	-11546.1
658	0.000880898	-11389.1
659	0.000880898	-12098.3
660	0.000880898	-11102.8
661	0.000880898	-10725.6
662	0.000880898	-11116.9
663	0.000880898	-12227.8
664	0.000880898	-11824.3
665	0.000880898	-10768
666	0.000880898	-11236.5
667	0.000880898	-10230.3
668	0.000880898	-10577.4
669	0.000880898	-12363.5
670	0.000880898	-11408.1
671	0.000880898	-12963.5
672	0.000880898	-10564.4
673	0.000880898	-11738.2
674	0.000880898	-10450.5
675	0.000880898	-11879.4
676	0.000880898	-11456.9
677	0.000880898	-10259.6
678	0.000880898	-11143.7
679	0.000880898	-11471.3
680	0.000880898	-12251.9
681	0.000880898	-11907.2
682	0.000880898	-14062.8
683	0.000880898	-12643.7
684	0.000880898	-11539.3
685	0.000880898	-11581
686	0.000880898	-10299.1
687	0.000880898	-11305.9
688	0.000880898	-11765.6
689	0.000880898	-10278
690	0.000880898	-10705
691	0.000880898	-11454
692	0.000880898	-14436.6
693	0.000880898	-10995.9
694	0.000880898	-11667
695	0.000880898	-11671.3
696	0.000880898	-11269.6
697	0.000880898	-12031.8
698	0.000880898	-10794.8
699	0.000880898	-11511
700	0.000880898	-11604
701	0.000880898	-11014.9
702	0.000880898	-12407.9
703	0.000880898	-11937.6
704	0.000880898	-9967.31
705	0.000880898	-10044.6
706	0.000880898	-10240.5
707	0.000880898	-13146.7
708	0.000880898	-12354.9
709	0.000880898	-11404.6
710	0.000880898	-11671.6
711	0.000880898	-11329.9
712	0.000880898	-12114.4
713	0.000880898	-12066.7
714	0.000880898	-12494.4
715	0.000880898	-11226.4
716	0.000880898	-11666.4
717	0.000880898	-11093.4
718	0.000880898	-11275.6
719	0.000880898	-12391
720	0.000880898	-10783.5
721	0.000880898	-12062.4
722	0.000880898	-9639.2
723	0.000880898	-11366.9
724	0.000880898	-10763.3
725	0.000880898	-12193.2
726	0.000880898	-10418.9
727	0.000880898	-11955.1
728	0.000880898	-11752.6
729	0.000880898	-10043.3
730	0.000880898	-9883.74
731	0.000880898	-9820.2
732	0.000880898	-10188
733	0.000880898	-11038.5
734	0.000880898	-11260.2
735	0.000880898	-11255.4
736	0.000880898	-11920.9
737	0.000880898	-11580.3
738	0.000880898	-10078.3
739	0.000880898	-9749.18
740	0.000880898	-10049.9
741	0.000880898	-10546.6
742	0.000880898	-11497.8
743	0.000880898	-12329.4
744	0.000880898	-11852
745	0.000880898	-12690.2
746	0.000880898	-11468.5
747	0.000880898	-9998.33
748	0.000880898	-10548.3
749	0.000880898	-10729.7
750	0.000880898	-10957.9
751	0.000880898	-10843.8
752	0.000880898	-11326.4
753	0.000880898	-11403.2
754	0.000880898	-11176.1
755	0.000880898	-10892.8
756	0.000880898	-10543.8
757	0.000880898	-10693.2
758	0.000880898	-10715.2
759	0.000880898	-10292.1
760	0.000880898	-10300.9
761	0.000880898	-10206.2
762	0.000880898	-11038.5
763	0.000880898	-10892.5
764	0.000880898	-10988.7
765	0.000880898	-10243.7
766	0.000880898	-10140.6
767	0.000880898	-13322
768	0.000880898	-12637.9
769	0.000880898	-10707.9
770	0.000880898	-11129.4
771	0.000880898	-10660.6
772	0.000880898	-10991.5
773	0.000880898	-10696.5
774	0.000880898	-13655.3
775	0.000880898	-10048.3
776	0.000880898	-10366
777	0.000880898	-10236.1
778	0.000880898	-11742.5
779	0.000880898	-10395.3
780	0.000880898	-10966.2
781	0.000880898	-12474.9
782	0.000880898	-11640.8
783	0.000880898	-11292.5
784	0.000880898	-10380.9
785	0.000880898	-10708.2
786	0.000880898	-11200.6
787	0.000880898	-11468.8
788	0.000880898	-9717.35
789	0.000880898	-10215.5
790	0.000880898	-10939.2
791	0.000880898	-11413.7
792	0.000880898	-11191.7
793	0.000880898	-11288.9
794	0.000880898	-10808.7
795	0.000880898	-10306.5
796	0.000880898	-11723.8
797	0.000880898	-10235.5
798	0.000880898	-10889.5
799	0.000880898	-11093.8
800	0.000880898	-10171.4
801	0.000880898	-9540.63
802	0.000880898	-9450.01
803	0.000880898	-9377.29
804	0.000880898	-10349.3
805	0.000880898	-10479.9
806	0.000880898	-11196.1
807	0.000880898	-11721.5
808	0.000880898	-11460.1
809	0.000880898	-12961.8
810	0.000880898	-13069.3
811	0.000880898	-12810
812	0.000880898	-11005.2
813	0.000880898	-11592.5
814	0.000880898	-11729.1
815	0.000880898	-11842.5
816	0.000880898	-10880.5
817	0.000880898	-10384.9
818	0.000880898	-12595.8
819	0.000880898	-12234.5
820	0.000880898	-10807.7
821	0.000880898	-11004.8
822	0.000880898	-11247.8
823	0.000880898	-10604.9
824	0.000880898	-11931.6
825	0.000880898	-12357.9
826	0.000880898	-12640.1
827	0.000880898	-12284.4
828	0.000880898	-10746.1
829	0.000880898	-13846
830	0.000880898	-11924.9
831	0.000880898	-11481.1
832	0.000880898	-11450.5
833	0.000880898	-10821.1
834	0.000880898	-10454.7
835	0.000880898	-12159.6
836	0.000880898	-11847.6
837	0.000880898	-11403.6
838	0.000880898	-10921.2
839	0.000880898	-11517.7
840	0.000880898	-10914.6
841	0.000880898	-11367.2
842	0.000880898	-11421.1
843	0.000880898	-10366.7
844	0.000880898	-10506.9
845	0.000880898	-11053.5
846	0.000880898	-10619.4
847	0.000880898	-10726.5
848	0.000880898	-9943.28
849	0.000880898	-11541.4
850	0.000880898	-10797.5
851	0.000880898	-11055.1
852	0.000880898	-10089.1
853	0.000880898	-12511.8
854	0.000880898	-11785.1
855	0.000880898	-10542.8
856	0.000880898	-12013.9
857	0.000880898	-11910.4
858	0.000880898	-10862.9
859	0.000880898	-11758.3
860	0.000880898	-11301.6
861	0.000880898	-11441.2
862	0.000880898	-11164.5
863	0.000880898	-10797.8
864	0.000880898	-10851.1
865	0.000880898	-10394.7
866	0.000880898	-9895.93
867	0.000880898	-10304.5
868	0.000880898	-10075.5
869	0.000880898	-10132
870	0.000880898	-10858.8
871	0.000880898	-10166.1
872	0.000880898	-12320.2
873	0.000880898	-12065.8
874	0.000880898	-9668.68
875	0.000880898	-12019.9
876	0.000880898	-12430.7
877	0.000880898	-11696.7
878	0.000880898	-11846.8
879	0.000880898	-11650.2
880	0.000880898	-11904.3
881	0.000880898	-11370.6
882	0.000880898	-11757.9
883	0.000880898	-12314.8
884	0.000880898	-10197.3
885	0.000880898	-11845.8
886	0.000880898	-11703
887	0.000880898	-11250.2
888	0.000880898	-11114.6
889	0.000880898	-11164
890	0.000880898	-10388.1
891	0.000880898	-10425
892	0.000880898	-11061.2
893	0.000880898	-11923.4
894	0.000880898	-11168.1
895	0.000880898	-11871.4
896	0.000880898	-12532.9
897	0.000880898	-12951.4
898	0.000880898	-10116.2
899	0.000880898	-13010.5
900	0.000880898	-10458.9
901	0.000880898	-11706.5
902	0.000880898	-13276.7
903	0.000880898	-10280.3
904	0.000880898	-11156
905	0.000880898	-11677.7
906	0.000880898	-12158.4
907	0.000880898	-9674.24
908	0.000880898	-10657.2
909	0.000880898	-12095.9
910	0.000880898	-12671.2
911	0.000880898	-13299.3
912	0.000880898	-12196.7
913	0.000880898	-11319.6
914	0.000880898	-11294.8
915	0.000880898	-11090.9
916	0.000880898	-11655.2
917	0.000880898	-10429.5
918	0.000880898	-12643.3
919	0.000880898	-11619.5
920	0.000880898	-11291.3
921	0.000880898	-11513.5
922	0.000880898	-10333.6
923	0.000880898	-10600.1
924	0.000880898	-11734.8
925	0.000880898	-12984.3
926	0.000880898	-10784.3
927	0.000880898	-11124.6
928	0.000880898	-11835.2
929	0.000880898	-10675.9
930	0.000880898	-10466.4
931	0.000880898	-10669.6
932	0.000880898	-11942.9
933	0.000880898	-13994.9
934	0.000880898	-12434
935	0.000880898	-13256.6
936	0.000880898	-10752.5
937	0.000880898	-11444.3
938	0.000880898	-10170.9
939	0.000880898	-10579.5
940	0.000880898	-11468
941	0.000880898	-10521.3
942	0.000880898	-12604.4
943	0.000880898	-15173.8
944	0.000880898	-15963.1
945	0.000880898	-14654.6
946	0.000880898	-11198.1
947	0.000880898	-9958.76
948	0.000880898	-11346.5
949	0.000880898	-10932
950	0.000880898	-13369.2
951	0.000880898	-12123.1
952	0.000880898	-12876.3
953	0.000880898	-11422.9
954	0.000880898	-11180.4
955	0.000880898	-11737.1
956	0.000880898	-11632.6
957	0.000880898	-10515.5
958	0.000880898	-11441.5
959	0.000880898	-11377.2
960	0.000880898	-10198.3
961	0.000880898	-10979.4
962	0.000880898	-10451.4
963	0.000880898	-11196.4
964	0.000880898	-10825.9
965	0.000880898	-10454.2
966	0.000880898	-11776
967	0.000880898	-12194.7
968	0.000880898	-11384.2
969	0.000880898	-12483.4
970	0.000880898	-12698.4
971	0.000880898	-10472.1
972	0.000880898	-10435.4
973	0.000880898	-12222.3
974	0.000880898	-11928.9
975	0.000880898	-11066.6
976	0.000880898	-11942.5
977	0.000880898	-12081.8
978	0.000880898	-11012.6
979	0.000880898	-12188.5
980	0.000880898	-11764.7
981	0.000880898	-10845
982	0.000880898	-10710.3
983	0.000880898	-10906.5
984	0.000880898	-10823.5
985	0.000880898	-11226.7
986	0.000880898	-11421.3
987	0.000880898	-11407.1
988	0.000880898	-10981.3
989	0.000880898	-11383.4
990	0.000880898	-10915.5
991	0.000880898	-11136
992	0.000880898	-10842.4
993	0.000880898	-10868.2
994	0.000880898	-10410.3
995	0.000880898	-11920.8
996	0.000880898	-10841
997	0.000880898	-13932.6
998	0.000880898	-10798.3
999	0.000880898	-12938.8
1000	0.000880898	-11927.4
251	0.000570142	-12154.7
252	0.000570142	-12143
253	0.000570142	-11070.3
254	0.000570142	-13413.1
255	0.000570142	-13085.3
256	0.000570142	-11352.4
257	0.000570142	-12421.2
258	0.000570142	-11266.3
259	0.000570142	-11195.6
260	0.000570142	-11419.6
261	0.000570142	-9659.72
262	0.000570142	-10578.7
263	0.000570142	-10343
264	0.000570142	-9999.22
265	0.000570142	-10955
266	0.000570142	-11660.9
267	0.000570142	-13351.2
268	0.000570142	-13561
269	0.000570142	-10965.8
270	0.000570142	-10880.2
271	0.000570142	-14008.4
272	0.000570142	-11748.4
273	0.000570142	-12009
274	0.000570142	-12895.8
275	0.000570142	-11523.2
276	0.000570142	-11314.4
277	0.000570142	-11791.4
278	0.000570142	-11205.3
279	0.000570142	-11380.2
280	0.000570142	-12431.8
281	0.000570142	-11340.1
282	0.000570142	-13314.8
283	0.000570142	-11147.8
284	0.000570142	-12118.4
285	0.000570142	-10546.3
286	0.000570142	-9719.47
287	0.000570142	-10618
288	0.000570142	-10925
289	0.000570142	-11182.4
290	0.000570142	-11587.5
291	0.000570142	-11314.6
292	0.000570142	-13854.1
293	0.000570142	-12374.5
294	0.000570142	-10919
295	0.000570142	-12296.8
296	0.000570142	-11891.2
297	0.000570142	-10513.4
298	0.000570142	-11749.4
299	0.000570142	-11823
300	0.000570142	-11060.8
301	0.000570142	-10983
302	0.000570142	-11677.6
303	0.000570142	-11717
304	0.000570142	-10213.3
305	0.000570142	-10669.1
306	0.000570142	-11484.9
307	0.000570142	-11157.9
308	0.000570142	-10848.1
309	0.000570142	-10935
310	0.000570142	-11953.1
311	0.000570142	-11778.8
312	0.000570142	-11597.6
313	0.000570142	-11672.8
314	0.000570142	-11965.2
315	0.000570142	-11381.3
316	0.000570142	-10957.4
317	0.000570142	-9914.94
318	0.000570142	-11066.7
319	0.000570142	-11333.3
320	0.000570142	-10472.9
321	0.000570142	-11233
322	0.000570142	-10281.7
323	0.000570142	-10771.9
324	0.000570142	-13131.8
325	0.000570142	-10743.2
326	0.000570142	-10899.4
327	0.000570142	-11834.6
328	0.000570142	-12768.2
329	0.000570142	-16045.1
330	0.000570142	-11567.1
331	0.000570142	-13957.5
332	0.000570142	-10631.7
333	0.000570142	-10557.2
334	0.000570142	-10732.6
335	0.000570142	-11296.8
336	0.000570142	-12351.9
337	0.000570142	-13281.8
338	0.000570142	-11567.6
339	0.000570142	-10604.9
340	0.000570142	-11140.6
341	0.000570142	-10279
342	0.000570142	-12369.3
343	0.000570142	-11528.1
344	0.000570142	-11657.9
345	0.000570142	-10833.7
346	0.000570142	-11640.1
347	0.000570142	-11878.5
348	0.000570142	-11677.5
349	0.000570142	-10617.5
350	0.000570142	-9885.18
351	0.000570142	-11774.3
352	0.000570142	-10491.3
353	0.000570142	-13115.1
354	0.000570142	-11347.8
355	0.000570142	-10394.2
356	0.000570142	-11818.3
357	0.000570142	-11171.6
358	0.000570142	-13334
359	0.000570142	-12371.6
360	0.000570142	-11621.3
361	0.000570142	-10689.8
362	0.000570142	-11868.2
363	0.000570142	-13236.6
364	0.000570142	-12662.1
365	0.000570142	-11120.9
366	0.000570142	-11239
367	0.000570142	-10609.8
368	0.000570142	-10525.4
369	0.000570142	-11541.7
370	0.000570142	-10918.5
371	0.000570142	-10401.4
372	0.000570142	-11735.7
373	0.000570142	-10811.6
374	0.000570142	-12059.3
375	0.000570142	-11853.5
376	0.000570142	-11659.1
377	0.000570142	-12050.5
378	0.000570142	-11035.7
379	0.000570142	-11337.3
380	0.000570142	-11015.1
381	0.000570142	-11560.3
382	0.000570142	-10881.3
383	0.000570142	-11224
384	0.000570142	-11335.7
385	0.000570142	-13726.2
386	0.000570142	-14742
387	0.000570142	-12161.4
388	0.000570142	-10747.3
389	0.000570142	-10323.5
390	0.000570142	-10098.8
391	0.000570142	-10959.7
392	0.000570142	-11207.4
393	0.000570142	-12321.8
394	0.000570142	-11372.9
395	0.000570142	-13305
396	0.000570142	-11248.5
397	0.000570142	-10762.5
398	0.000570142	-9778.54
399	0.000570142	-10321.1
400	0.000570142	-13198.2
401	0.000570142	-15208
402	0.000570142	-12974
403	0.000570142	-12346
404	0.000570142	-9901.19
405	0.000570142	-10391.2
406	0.000570142	-10229.3
407	0.000570142	-11533.2
408	0.000570142	-12735.8
409	0.000570142	-11883.1
410	0.000570142	-10612.1
411	0.000570142	-11069.6
412	0.000570142	-11970
413	0.000570142	-10544.9
414	0.000570142	-9589.93
415	0.000570142	-9950.07
416	0.000570142	-10320
417	0.000570142	-10900.4
418	0.000570142	-12460.3
419	0.000570142	-11808.7
420	0.000570142	-10736.6
421	0.000570142	-11650.9
422	0.000570142	-11458.8
423	0.000570142	-10115.1
424	0.000570142	-10792.5
425	0.000570142	-10962
426	0.000570142	-12084.1
427	0.000570142	-12056.4
428	0.000570142	-10965.3
429	0.000570142	-11444.6
430	0.000570142	-11139.8
431	0.000570142	-11118.2
432	0.000570142	-11645.8
433	0.000570142	-11095
434	0.000570142	-12161.8
435	0.000570142	-12143.3
436	0.000570142	-12209.2
437	0.000570142	-13297.5
438	0.000570142	-12719.4
439	0.000570142	-12469.9
440	0.000570142	-10900.9
441	0.000570142	-12763.5
442	0.000570142	-11388.2
443	0.000570142	-10769.8
444	0.000570142	-12031.8
445	0.000570142	-11932.9
446	0.000570142	-11679.3
447	0.000570142	-10662.9
448	0.000570142	-10774
449	0.000570142	-10901.4
450	0.000570142	-10731.7
451	0.000570142	-10214.5
452	0.000570142	-10672.7
453	0.000570142	-10710.6
454	0.000570142	-10996.2
455	0.000570142	-11233.6
456	0.000570142	-11211.5
457	0.000570142	-11048.6
458	0.000570142	-12527.1
459	0.000570142	-11338.2
460	0.000570142	-13033.4
461	0.000570142	-11110.4
462	0.000570142	-11686.1
463	0.000570142	-14378.5
464	0.000570142	-12692.8
465	0.000570142	-11350.2
466	0.000570142	-10639.2
467	0.000570142	-11058.9
468	0.000570142	-10549.6
469	0.000570142	-11156.7
470	0.000570142	-10963.7
471	0.000570142	-10718.9
472	0.000570142	-13170.9
473	0.000570142	-11294.6
474	0.000570142	-12598.5
475	0.000570142	-11101.5
476	0.000570142	-12122.2
477	0.000570142	-12259.1
478	0.000570142	-10982.6
479	0.000570142	-11818.7
480	0.000570142	-11190.7
481	0.000570142	-10752.2
482	0.000570142	-12248.3
483	0.000570142	-10215.7
484	0.000570142	-9986.45
485	0.000570142	-10433.9
486	0.000570142	-10680.2
487	0.000570142	-10876.3
488	0.000570142	-10975.5
489	0.000570142	-10911.3
490	0.000570142	-10992.3
491	0.000570142	-12770
492	0.000570142	-11440.3
493	0.000570142	-11342.6
494	0.000570142	-13832.2
495	0.000570142	-11492.7
496	0.000570142	-13110.7
497	0.000570142	-11041.7
498	0.000570142	-11536.5
499	0.000570142	-12558.7
500	0.000570142	-12231.1
501	0.000570142	-10812.8
502	0.000570142	-10991.6
503	0.000570142	-11182.7
504	0.000570142	-13133.9
505	0.000570142	-12760.5
506	0.000570142	-12741.6
507	0.000570142	-12456.7
508	0.000570142	-13004.8
509	0.000570142	-10864.2
510	0.000570142	-11078.2
511	0.000570142	-11447.6
512	0.000570142	-12162.9
513	0.000570142	-11432.5
514	0.000570142	-12409.6
515	0.000570142	-12579
516	0.000570142	-12137.6
517	0.000570142	-10471.5
518	0.000570142	-9821.85
519	0.000570142	-10459.4
520	0.000570142	-10188.2
521	0.000570142	-11859.3
522	0.000570142	-11473.7
523	0.000570142	-11387.4
524	0.000570142	-11178.6
525	0.000570142	-12122.6
526	0.000570142	-13560.8
527	0.000570142	-14314.1
528	0.000570142	-11491.6
529	0.000570142	-10854.8
530	0.000570142	-10138.7
531	0.000570142	-10587
532	0.000570142	-12660.7
533	0.000570142	-12684.2
534	0.000570142	-12642.4
535	0.000570142	-13559.5
536	0.000570142	-13215.4
537	0.000570142	-13434.3
538	0.000570142	-11936
539	0.000570142	-12663.6
540	0.000570142	-11445.9
541	0.000570142	-15516.5
542	0.000570142	-12879.2
543	0.000570142	-12821.3
544	0.000570142	-12062.6
545	0.000570142	-11358.7
546	0.000570142	-12005.2
547	0.000570142	-12387.5
548	0.000570142	-12933.8
549	0.000570142	-12639.2
550	0.000570142	-10810.1
551	0.000570142	-10469.8
552	0.000570142	-10336.8
553	0.000570142	-11051.6
554	0.000570142	-12160
555	0.000570142	-11792.9
556	0.000570142	-11861.5
557	0.000570142	-10949.2
558	0.000570142	-12018.2
559	0.000570142	-11997.1
560	0.000570142	-10892.7
561	0.000570142	-11455.1
562	0.000570142	-11480.4
563	0.000570142	-11325.8
564	0.000570142	-9843.78
565	0.000570142	-10056.3
566	0.000570142	-15092.9
567	0.000570142	-17045
568	0.000570142	-14987.9
569	0.000570142	-12301.3
570	0.000570142	-13028.1
571	0.000570142	-11905.1
572	0.000570142	-12308.7
573	0.000570142	-11904.8
574	0.000570142	-10339.1
575	0.000570142	-10802.4
576	0.000570142	-10939
577	0.000570142	-11920.4
578	0.000570142	-11677.6
579	0.000570142	-11556.6
580	0.000570142	-11894
581	0.000570142	-11879.9
582	0.000570142	-11789.8
583	0.000570142	-11256.6
584	0.000570142	-12427
585	0.000570142	-12034.6
586	0.000570142	-13150.4
587	0.000570142	-12713.6
588	0.000570142	-13047.2
589	0.000570142	-12924.8
590	0.000570142	-10885.6
591	0.000570142	-10431.7
592	0.000570142	-10406.5
593	0.000570142	-11018.1
594	0.000570142	-10242.8
595	0.000570142	-12387.4
596	0.000570142	-13388.1
597	0.000570142	-11042
598	0.000570142	-11198.3
599	0.000570142	-10790.2
600	0.000570142	-10589.2
601	0.000570142	-10806.4
602	0.000570142	-13031.1
603	0.000570142	-12961.5
604	0.000570142	-11654.2
605	0.000570142	-11701.4
606	0.000570142	-13347.8
607	0.000570142	-12011.7
608	0.000570142	-10887.8
609	0.000570142	-11211
610	0.000570142	-10138.3
611	0.000570142	-11266.3
612	0.000570142	-10590.5
613	0.000570142	-10435.3
614	0.000570142	-10892.3
615	0.000570142	-10915.4
616	0.000570142	-11664.5
617	0.000570142	-10952.2
618	0.000570142	-12103.6
619	0.000570142	-12013.8
620	0.000570142	-12906.1
621	0.000570142	-11858.6
622	0.000570142	-11643
623	0.000570142	-11018.2
624	0.000570142	-11257.7
625	0.000570142	-12112.2
626	0.000570142	-12724.7
627	0.000570142	-11474.2
628	0.000570142	-14655.6
629	0.000570142	-13119
630	0.000570142	-10924.1
631	0.000570142	-10713.5
632	0.000570142	-13713.7
633	0.000570142	-13379
634	0.000570142	-10927.7
635	0.000570142	-11751.6
636	0.000570142	-11507.4
637	0.000570142	-10721.9
638	0.000570142	-10566.8
639	0.000570142	-11169.2
640	0.000570142	-12370.5
641	0.000570142	-11379.1
642	0.000570142	-13171.3
643	0.000570142	-13171.3
644	0.000570142	-11541.3
645	0.000570142	-11180.8
646	0.000570142	-10852.8
647	0.000570142	-11781.7
648	0.000570142	-12783.5
649	0.000570142	-11686.3
650	0.000570142	-12437.2
651	0.000570142	-11975.8
652	0.000570142	-10451.9
653	0.000570142	-10608.4
654	0.000570142	-10960.2
655	0.000570142	-11123.4
656	0.000570142	-10761.2
657	0.000570142	-11798
658	0.000570142	-13143.2
659	0.000570142	-11134.9
660	0.000570142	-10784.1
661	0.000570142	-11153.4
662	0.000570142	-11333.1
663	0.000570142	-11281.9
664	0.000570142	-11331.4
665	0.000570142	-10611.6
666	0.000570142	-11121.9
667	0.000570142	-10331.7
668	0.000570142	-11107.5
669	0.000570142	-10473.3
670	0.000570142	-9605.09
671	0.000570142	-11801.2
672	0.000570142	-11079.5
673	0.000570142	-12638.2
674	0.000570142	-12507.9
675	0.000570142	-13395.6
676	0.000570142	-12679.5
677	0.000570142	-11684.3
678	0.000570142	-10940.3
679	0.000570142	-11210
680	0.000570142	-12341.9
681	0.000570142	-13318
682	0.000570142	-12045.7
683	0.000570142	-10805.4
684	0.000570142	-10283.3
685	0.000570142	-10233.3
686	0.000570142	-10705.7
687	0.000570142	-9888.84
688	0.000570142	-10917.8
689	0.000570142	-11592.1
690	0.000570142	-10812.3
691	0.000570142	-11978.4
692	0.000570142	-9777.4
693	0.000570142	-11425.7
694	0.000570142	-12023.8
695	0.000570142	-10383.8
696	0.000570142	-10212
697	0.000570142	-14117
698	0.000570142	-12719.1
699	0.000570142	-14007.8
700	0.000570142	-11792.1
701	0.000570142	-12373.1
702	0.000570142	-12031.9
703	0.000570142	-14668.9
704	0.000570142	-14649.8
705	0.000570142	-14003.4
706	0.000570142	-14354.3
707	0.000570142	-14989.9
708	0.000570142	-11808.3
709	0.000570142	-12498
710	0.000570142	-10492.7
711	0.000570142	-11807.7
712	0.000570142	-12445.5
713	0.000570142	-11755.4
714	0.000570142	-11363.6
715	0.000570142	-11364.4
716	0.000570142	-12951.9
717	0.000570142	-12868.4
718	0.000570142	-11590.4
719	0.000570142	-11402.4
720	0.000570142	-12245.8
721	0.000570142	-10782.1
722	0.000570142	-13506.7
723	0.000570142	-11356.6
724	0.000570142	-12282.9
725	0.000570142	-11840.1
726	0.000570142	-10688.8
727	0.000570142	-10776.7
728	0.000570142	-10567.5
729	0.000570142	-10911.1
730	0.000570142	-10402.3
731	0.000570142	-10604.1
732	0.000570142	-11676.2
733	0.000570142	-11380
734	0.000570142	-11763.7
735	0.000570142	-10539.9
736	0.000570142	-13311.3
737	0.000570142	-10689.5
738	0.000570142	-11284.5
739	0.000570142	-12759
740	0.000570142	-11608
741	0.000570142	-9973.41
742	0.000570142	-11075.5
743	0.000570142	-11815.8
744	0.000570142	-12761.4
745	0.000570142	-11341.5
746	0.000570142	-11828.8
747	0.000570142	-11537.5
748	0.000570142	-12404.8
749	0.000570142	-11583.2
750	0.000570142	-11339.6
751	0.000570142	-11235.7
752	0.000570142	-11652.8
753	0.000570142	-10358.7
754	0.000570142	-10300.1
755	0.000570142	-11343.3
756	0.000570142	-11676.4
757	0.000570142	-11969.8
758	0.000570142	-11851.2
759	0.000570142	-10468.4
760	0.000570142	-12257
761	0.000570142	-12987.3
762	0.000570142	-11824.2
763	0.000570142	-12812.1
764	0.000570142	-11581.7
765	0.000570142	-10638.8
766	0.000570142	-11448
767	0.000570142	-12108.2
768	0.000570142	-10345.7
769	0.000570142	-11251
770	0.000570142	-10157.4
771	0.000570142	-10019.2
772	0.000570142	-12718.2
773	0.000570142	-11284.7
774	0.000570142	-12183.9
775	0.000570142	-10889.2
776	0.000570142	-11558.4
777	0.000570142	-11035.6
778	0.000570142	-10594.9
779	0.000570142	-10999.7
780	0.000570142	-10863
781	0.000570142	-11454.2
782	0.000570142	-12131.6
783	0.000570142	-12065.6
784	0.000570142	-11681.5
785	0.000570142	-11516.5
786	0.000570142	-12406.7
787	0.000570142	-11430.9
788	0.000570142	-12744.7
789	0.000570142	-10477.9
790	0.000570142	-11393.8
791	0.000570142	-11516
792	0.000570142	-12927.3
793	0.000570142	-11906.4
794	0.000570142	-9825.83
795	0.000570142	-10855.6
796	0.000570142	-11081.8
797	0.000570142	-11583.6
798	0.000570142	-11104.1
799	0.000570142	-10689.2
800	0.000570142	-10809
801	0.000570142	-11505.1
802	0.000570142	-10461.9
803	0.000570142	-10021.3
804	0.000570142	-10966.9
805	0.000570142	-11216.7
806	0.000570142	-11739
807	0.000570142	-11738.5
808	0.000570142	-11698.1
809	0.000570142	-11484.3
810	0.000570142	-12306.7
811	0.000570142	-11241.7
812	0.000570142	-14089.2
813	0.000570142	-12013.8
814	0.000570142	-12292.7
815	0.000570142	-12038.6
816	0.000570142	-11611.9
817	0.000570142	-12215.3
818	0.000570142	-11256.3
819	0.000570142	-11158.3
820	0.000570142	-11443.8
821	0.000570142	-12701.6
822	0.000570142	-11660.8
823	0.000570142	-10286.9
824	0.000570142	-11655.1
825	0.000570142	-10352.3
826	0.000570142	-10049.5
827	0.000570142	-11739.2
828	0.000570142	-12260
829	0.000570142	-12071.9
830	0.000570142	-10903
831	0.000570142	-11508.1
832	0.000570142	-10506.1
833	0.000570142	-11928.8
834	0.000570142	-12175.6
835	0.000570142	-11881.7
836	0.000570142	-10554.8
837	0.000570142	-12113.5
838	0.000570142	-11029.3
839	0.000570142	-10385.7
840	0.000570142	-12019.7
841	0.000570142	-10780.1
842	0.000570142	-14324.4
843	0.000570142	-10511.4
844	0.000570142	-12223.8
845	0.000570142	-11322.6
846	0.000570142	-10911
847	0.000570142	-12754.2
848	0.000570142	-11644.9
849	0.000570142	-10749.7
850	0.000570142	-10461.1
851	0.000570142	-11228.3
852	0.000570142	-12935.3
853	0.000570142	-9964.68
854	0.000570142	-11568.3
855	0.000570142	-13919.1
856	0.000570142	-10171.1
857	0.000570142	-11399.3
858	0.000570142	-10981.4
859	0.000570142	-12469.9
860	0.000570142	-13034
861	0.000570142	-12821.7
862	0.000570142	-11645.7
863	0.000570142	-10725.8
864	0.000570142	-10880.2
865	0.000570142	-11472
866	0.000570142	-11426.5
867	0.000570142	-11885.8
868	0.000570142	-10461.6
869	0.000570142	-11190.4
870	0.000570142	-12280.7
871	0.000570142	-11928.1
872	0.000570142	-10427.8
873	0.000570142	-12020.5
874	0.000570142	-11823
875	0.000570142	-11360.7
876	0.000570142	-10764.5
877	0.000570142	-12306.5
878	0.000570142	-11076.2
879	0.000570142	-10916.8
880	0.000570142	-12766.4
881	0.000570142	-11548.9
882	0.000570142	-11545.9
883	0.000570142	-11315.7
884	0.000570142	-11871.8
885	0.000570142	-11324
886	0.000570142	-11129
887	0.000570142	-11476.3
888	0.000570142	-11549
889	0.000570142	-12602.9
890	0.000570142	-12348.4
891	0.000570142	-11794.5
892	0.000570142	-12113.5
893	0.000570142	-10982.4
894	0.000570142	-11799.5
895	0.000570142	-12259.1
896	0.000570142	-11371.7
897	0.000570142	-9852.48
898	0.000570142	-11881.8
899	0.000570142	-15537.6
900	0.000570142	-11205.1
901	0.000570142	-13230.9
902	0.000570142	-14502.6
903	0.000570142	-12337.5
904	0.000570142	-11731.6
905	0.000570142	-10572.8
906	0.000570142	-10209.8
907	0.000570142	-10052.3
908	0.000570142	-11479
909	0.000570142	-12005.7
910	0.000570142	-11199.3
911	0.000570142	-11707.3
912	0.000570142	-11380.1
913	0.000570142	-10461.1
914	0.000570142	-11108.4
915	0.000570142	-12439.5
916	0.000570142	-12721.3
917	0.000570142	-11329.4
918	0.000570142	-10264.7
919	0.000570142	-10573.3
920	0.000570142	-11300.4
921	0.000570142	-10696.9
922	0.000570142	-12682.7
923	0.000570142	-12003.6
924	0.000570142	-13477.3
925	0.000570142	-14669.7
926	0.000570142	-11395.3
927	0.000570142	-10777
928	0.000570142	-10959.6
929	0.000570142	-10809.8
930	0.000570142	-12074.1
931	0.000570142	-11464.4
932	0.000570142	-11138.7
933	0.000570142	-10431.6
934	0.000570142	-11256.1
935	0.000570142	-11560.7
936	0.000570142	-11232
937	0.000570142	-10939.6
938	0.000570142	-13560.9
939	0.000570142	-13755.8
940	0.000570142	-12065.1
941	0.000570142	-9999.02
942	0.000570142	-10020.8
943	0.000570142	-10649.6
944	0.000570142	-11169.4
945	0.000570142	-10938.1
946	0.000570142	-11797.2
947	0.000570142	-10814.2
948	0.000570142	-10973.6
949	0.000570142	-10769.5
950	0.000570142	-10627.8
951	0.000570142	-10745.6
952	0.000570142	-10217.5
953	0.000570142	-10778.5
954	0.000570142	-11137.3
955	0.000570142	-10812.4
956	0.000570142	-12601.3
957	0.000570142	-12017.9
958	0.000570142	-13082.6
959	0.000570142	-12581.3
960	0.000570142	-13249.9
961	0.000570142	-12972.5
962	0.000570142	-10717.9
963	0.000570142	-12569.5
964	0.000570142	-12407.9
965	0.000570142	-12813.4
966	0.000570142	-11189.5
967	0.000570142	-11917.5
968	0.000570142	-11450.4
969	0.000570142	-11006.3
970	0.000570142	-11795.6
971	0.000570142	-11582.1
972	0.000570142	-12331.8
973	0.000570142	-11588.7
974	0.000570142	-11704.7
975	0.000570142	-11623.4
976	0.000570142	-10688.8
977	0.000570142	-10549.8
978	0.000570142	-10718
979	0.000570142	-10718.5
980	0.000570142	-10560.5
981	0.000570142	-13231.4
982	0.000570142	-13398.8
983	0.000570142	-11644.9
984	0.000570142	-11140.5
985	0.000570142	-10360.2
986	0.000570142	-10339.6
987	0.000570142	-10557.4
988	0.000570142	-10395.9
989	0.000570142	-11053.5
990	0.000570142	-11192.2
991	0.000570142	-10858.6
992	0.000570142	-11856.6
993	0.000570142	-11319.6
994	0.000570142	-11545.9
995	0.000570142	-11040.1
996	0.000570142	-12752.9
997	0.000570142	-10995.8
998	0.000570142	-10548.6
999	0.000570142	-10079.5
1000	0.000570142	-10444.5
251	0.000354013	-10716.2
252	0.000354013	-10964.6
253	0.000354013	-11343.3
254	0.000354013	-11291.2
255	0.000354013	-10806.4
256	0.000354013	-10664.8
257	0.000354013	-11523.3
258	0.000354013	-11882.4
259	0.000354013	-10502.1
260	0.000354013	-11428.3
261	0.000354013	-9802.38
262	0.000354013	-10605.7
263	0.000354013	-11597.2
264	0.000354013	-12423.8
265	0.000354013	-10618.7
266	0.000354013	-12317.5
267	0.000354013	-10937.6
268	0.000354013	-10906.1
269	0.000354013	-10242
270	0.000354013	-10674.8
271	0.000354013	-11881.3
272	0.000354013	-10816.5
273	0.000354013	-11021.4
274	0.000354013	-11011.5
275	0.000354013	-10486.9
276	0.000354013	-10292.8
277	0.000354013	-10393.3
278	0.000354013	-10248.6
279	0.000354013	-9967.36
280	0.000354013	-10781.7
281	0.000354013	-11691.9
282	0.000354013	-11205.5
283	0.000354013	-12198.4
284	0.000354013	-13127.1
285	0.000354013	-12316.2
286	0.000354013	-12681.6
287	0.000354013	-12030.2
288	0.000354013	-11459.1
289	0.000354013	-12238.5
290	0.000354013	-12632
291	0.000354013	-11850.9
292	0.000354013	-12285.6
293	0.000354013	-13064
294	0.000354013	-11372.7
295	0.000354013	-10805.5
296	0.000354013	-13398.7
297	0.000354013	-12421.3
298	0.000354013	-11660.5
299	0.000354013	-12572.4
300	0.000354013	-10626.6
301	0.000354013	-10804.4
302	0.000354013	-10423
303	0.000354013	-10805.4
304	0.000354013	-10480.6
305	0.000354013	-10286
306	0.000354013	-10644.7
307	0.000354013	-11082
308	0.000354013	-10888.4
309	0.000354013	-10760.5
310	0.000354013	-10520.3
311	0.000354013	-10890.2
312	0.000354013	-11571.8
313	0.000354013	-10246.8
314	0.000354013	-10222.7
315	0.000354013	-14511.1
316	0.000354013	-12146
317	0.000354013	-11451.3
318	0.000354013	-11588.4
319	0.000354013	-11554.3
320	0.000354013	-10578.3
321	0.000354013	-10946.5
322	0.000354013	-10365.9
323	0.000354013	-9370.59
324	0.000354013	-11795.8
325	0.000354013	-14625.4
326	0.000354013	-10345.4
327	0.000354013	-11659.2
328	0.000354013	-14154.1
329	0.000354013	-11339.5
330	0.000354013	-11549
331	0.000354013	-12571.5
332	0.000354013	-11074.5
333	0.000354013	-10772.7
334	0.000354013	-10766.2
335	0.000354013	-10009.3
336	0.000354013	-10046.7
337	0.000354013	-10079
338	0.000354013	-11697.8
339	0.000354013	-11624.8
340	0.000354013	-10325.4
341	0.000354013	-12572.3
342	0.000354013	-11947.4
343	0.000354013	-12044.2
344	0.000354013	-12080.5
345	0.000354013	-12183.8
346	0.000354013	-10876.8
347	0.000354013	-11462.1
348	0.000354013	-11487
349	0.000354013	-14359.4
350	0.000354013	-12436.3
351	0.000354013	-11969
352	0.000354013	-11305.7
353	0.000354013	-12362
354	0.000354013	-11737
355	0.000354013	-12157.2
356	0.000354013	-14181
357	0.000354013	-13585.9
358	0.000354013	-10485.5
359	0.000354013	-11278.7
360	0.000354013	-11478.4
361	0.000354013	-11737.8
362	0.000354013	-11657.5
363	0.000354013	-12352.7
364	0.000354013	-11026.7
365	0.000354013	-11924.6
366	0.000354013	-12315.9
367	0.000354013	-14154
368	0.000354013	-11532.4
369	0.000354013	-11799.8
370	0.000354013	-10005.2
371	0.000354013	-13948.7
372	0.000354013	-10875.3
373	0.000354013	-11776.3
374	0.000354013	-12028
375	0.000354013	-11931.3
376	0.000354013	-11278.4
377	0.000354013	-12034
378	0.000354013	-10950.5
379	0.000354013	-10848.9
380	0.000354013	-10799.4
381	0.000354013	-10858.7
382	0.000354013	-10853.8
383	0.000354013	-12566.7
384	0.000354013	-12114.5
385	0.000354013	-12463.7
386	0.000354013	-11750.5
387	0.000354013	-11223
388	0.000354013	-10846.8
389	0.000354013	-13916.6
390	0.000354013	-13006.7
391	0.000354013	-10552.1
392	0.000354013	-12135.5
393	0.000354013	-11573.4
394	0.000354013	-10666.8
395	0.000354013	-11949.4
396	0.000354013	-11517.3
397	0.000354013	-11535.1
398	0.000354013	-11232
399	0.000354013	-11409.6
400	0.000354013	-11194.5
401	0.000354013	-9373.08
402	0.000354013	-12673.1
403	0.000354013	-11122.3
404	0.000354013	-10678.6
405	0.000354013	-12637
406	0.000354013	-12543.2
407	0.000354013	-13678.6
408	0.000354013	-13658.5
409	0.000354013	-12330
410	0.000354013	-12524.3
411	0.000354013	-11238.1
412	0.000354013	-11401.3
413	0.000354013	-11443
414	0.000354013	-10558.5
415	0.000354013	-11312.6
416	0.000354013	-10523
417	0.000354013	-13200.1
418	0.000354013	-11635.1
419	0.000354013	-11561
420	0.000354013	-12649
421	0.000354013	-11488.2
422	0.000354013	-11808.7
423	0.000354013	-11076.5
424	0.000354013	-10604.4
425	0.000354013	-11680.9
426	0.000354013	-11300.6
427	0.000354013	-10685.7
428	0.000354013	-10697.1
429	0.000354013	-11276.7
430	0.000354013	-11514.5
431	0.000354013	-11923
432	0.000354013	-11980.9
433	0.000354013	-10840.4
434	0.000354013	-11042.4
435	0.000354013	-10835.3
436	0.000354013	-9710.02
437	0.000354013	-9930.55
438	0.000354013	-10288.7
439	0.000354013	-10119.1
440	0.000354013	-10545.9
441	0.000354013	-11359.5
442	0.000354013	-11792
443	0.000354013	-10948.7
444	0.000354013	-12970.2
445	0.000354013	-11154.6
446	0.000354013	-10815.8
447	0.000354013	-12264.6
448	0.000354013	-11436.7
449	0.000354013	-11923.1
450	0.000354013	-11883.1
451	0.000354013	-11313
452	0.000354013	-12114
453	0.000354013	-10486
454	0.000354013	-10228.7
455	0.000354013	-11843
456	0.000354013	-12714.6
457	0.000354013	-10752.8
458	0.000354013	-10952.2
459	0.000354013	-10833.2
460	0.000354013	-10607.2
461	0.000354013	-10765.9
462	0.000354013	-10974.7
463	0.000354013	-11062.5
464	0.000354013	-11780
465	0.000354013	-11419.4
466	0.000354013	-12426.7
467	0.000354013	-11653.4
468	0.000354013	-12687.8
469	0.000354013	-13176.8
470	0.000354013	-11789.1
471	0.000354013	-11587.6
472	0.000354013	-13617.2
473	0.000354013	-11530.6
474	0.000354013	-10809.7
475	0.000354013	-10716.3
476	0.000354013	-9958.8
477	0.000354013	-12101.7
478	0.000354013	-14218.3
479	0.000354013	-12109.5
480	0.000354013	-12880.3
481	0.000354013	-11913.4
482	0.000354013	-14549
483	0.000354013	-14862.3
484	0.000354013	-11696.7
485	0.000354013	-11336.8
486	0.000354013	-9646.62
487	0.000354013	-10321.1
488	0.000354013	-10339.5
489	0.000354013	-11926.7
490	0.000354013	-11993.4
491	0.000354013	-10357.9
492	0.000354013	-10524.5
493	0.000354013	-10366.8
494	0.000354013	-11524.5
495	0.000354013	-11242.5
496	0.000354013	-11762.5
497	0.000354013	-13336.2
498	0.000354013	-11780.7
499	0.000354013	-14814.9
500	0.000354013	-12689.2
501	0.000354013	-13448.1
502	0.000354013	-10623.5
503	0.000354013	-12531
504	0.000354013	-11247.6
505	0.000354013	-12874.8
506	0.000354013	-12873.6
507	0.000354013	-14497.3
508	0.000354013	-15822.5
509	0.000354013	-13137.9
510	0.000354013	-12585.8
511	0.000354013	-10390.9
512	0.000354013	-13627.2
513	0.000354013	-11953
514	0.000354013	-13157
515	0.000354013	-12642.5
516	0.000354013	-10676
517	0.000354013	-10309.2
518	0.000354013	-9748.8
519	0.000354013	-11545.8
520	0.000354013	-11359.5
521	0.000354013	-12161.3
522	0.000354013	-12008.6
523	0.000354013	-11631.8
524	0.000354013	-12144.2
525	0.000354013	-10632.9
526	0.000354013	-11603.8
527	0.000354013	-11142.1
528	0.000354013	-11459.6
529	0.000354013	-14654.7
530	0.000354013	-10868.1
531	0.000354013	-11079.3
532	0.000354013	-10734.2
533	0.000354013	-10362.8
534	0.000354013	-12913.1
535	0.000354013	-11245.5
536	0.000354013	-11103.9
537	0.000354013	-10754.7
538	0.000354013	-11530
539	0.000354013	-10618.7
540	0.000354013	-12039.4
541	0.000354013	-11267.7
542	0.000354013	-12056.5
543	0.000354013	-11026.2
544	0.000354013	-13566.1
545	0.000354013	-11929
546	0.000354013	-10366.4
547	0.000354013	-11013.2
548	0.000354013	-11373.5
549	0.000354013	-11443.2
550	0.000354013	-11898.4
551	0.000354013	-11326.6
552	0.000354013	-11816.9
553	0.000354013	-11474.3
554	0.000354013	-10284.9
555	0.000354013	-11539.2
556	0.000354013	-11660.5
557	0.000354013	-11094
558	0.000354013	-10799.5
559	0.000354013	-12182.6
560	0.000354013	-12431
561	0.000354013	-11706.8
562	0.000354013	-10497.6
563	0.000354013	-11412.4
564	0.000354013	-11099
565	0.000354013	-13259.8
566	0.000354013	-13423.8
567	0.000354013	-12034.6
568	0.000354013	-12217.8
569	0.000354013	-12319.6
570	0.000354013	-12611.5
571	0.000354013	-11978.4
572	0.000354013	-11052.6
573	0.000354013	-11635.1
574	0.000354013	-11076
575	0.000354013	-10547.3
576	0.000354013	-13578.2
577	0.000354013	-13281.1
578	0.000354013	-13167.7
579	0.000354013	-12578.8
580	0.000354013	-12480.4
581	0.000354013	-10132.6
582	0.000354013	-12503.2
583	0.000354013	-11361.5
584	0.000354013	-11367.2
585	0.000354013	-12424.4
586	0.000354013	-12069.5
587	0.000354013	-12379.7
588	0.000354013	-12094.6
589	0.000354013	-16471.4
590	0.000354013	-10643.6
591	0.000354013	-10888.8
592	0.000354013	-10089.2
593	0.000354013	-10587.8
594	0.000354013	-13032.5
595	0.000354013	-11534.4
596	0.000354013	-11667.5
597	0.000354013	-10494.5
598	0.000354013	-10811.8
599	0.000354013	-12083
600	0.000354013	-11922.9
601	0.000354013	-11513.9
602	0.000354013	-11457.8
603	0.000354013	-10951.5
604	0.000354013	-11354.5
605	0.000354013	-11558.5
606	0.000354013	-11520.7
607	0.000354013	-11656.3
608	0.000354013	-11188.2
609	0.000354013	-11122
610	0.000354013	-11046.1
611	0.000354013	-12779.9
612	0.000354013	-13364.9
613	0.000354013	-13663.6
614	0.000354013	-12125.6
615	0.000354013	-11801.4
616	0.000354013	-13454.8
617	0.000354013	-11585.9
618	0.000354013	-11116.6
619	0.000354013	-12708.4
620	0.000354013	-14770.4
621	0.000354013	-13581.7
622	0.000354013	-12225.6
623	0.000354013	-11212
624	0.000354013	-11117
625	0.000354013	-12276.3
626	0.000354013	-12439.3
627	0.000354013	-11156.6
628	0.000354013	-12041.7
629	0.000354013	-12328.8
630	0.000354013	-14784.3
631	0.000354013	-11452.7
632	0.000354013	-11442.8
633	0.000354013	-11174
634	0.000354013	-11146
635	0.000354013	-14025.4
636	0.000354013	-15118.3
637	0.000354013	-13380.2
638	0.000354013	-12944.9
639	0.000354013	-13698.8
640	0.000354013	-11408
641	0.000354013	-11001.1
642	0.000354013	-11771
643	0.000354013	-10797.3
644	0.000354013	-10400.7
645	0.000354013	-10712.1
646	0.000354013	-10566.1
647	0.000354013	-12593.2
648	0.000354013	-10718.4
649	0.000354013	-11803.2
650	0.000354013	-10784.5
651	0.000354013	-11467.9
652	0.000354013	-11794.8
653	0.000354013	-10135.4
654	0.000354013	-10859.9
655	0.000354013	-11232.6
656	0.000354013	-11614.3
657	0.000354013	-11323.1
658	0.000354013	-11013.6
659	0.000354013	-12078.8
660	0.000354013	-10846.5
661	0.000354013	-12537.1
662	0.000354013	-13097
663	0.000354013	-12098.3
664	0.000354013	-11924.1
665	0.000354013	-13084.4
666	0.000354013	-10753.9
667	0.000354013	-12440
668	0.000354013	-14783.8
669	0.000354013	-11294.9
670	0.000354013	-11159.1
671	0.000354013	-11171.4
672	0.000354013	-11213.4
673	0.000354013	-10370.1
674	0.000354013	-15711.7
675	0.000354013	-13427.6
676	0.000354013	-11343.1
677	0.000354013	-10487.3
678	0.000354013	-11873.2
679	0.000354013	-10737.1
680	0.000354013	-14287
681	0.000354013	-11728.6
682	0.000354013	-11232.3
683	0.000354013	-10411.9
684	0.000354013	-11027.2
685	0.000354013	-10787.3
686	0.000354013	-10134.6
687	0.000354013	-12283.4
688	0.000354013	-10671.5
689	0.000354013	-11927.5
690	0.000354013	-12123.3
691	0.000354013	-12473.8
692	0.000354013	-10929.4
693	0.000354013	-11823.7
694	0.000354013	-13265.3
695	0.000354013	-11917.3
696	0.000354013	-10205.6
697	0.000354013	-10638.2
698	0.000354013	-9839.38
699	0.000354013	-11659.9
700	0.000354013	-11720.3
701	0.000354013	-12493.8
702	0.000354013	-10461.5
703	0.000354013	-11366.3
704	0.000354013	-11308.1
705	0.000354013	-12427.4
706	0.000354013	-12443.2
707	0.000354013	-10107.7
708	0.000354013	-13086.6
709	0.000354013	-12660.5
710	0.000354013	-10170.4
711	0.000354013	-11256.3
712	0.000354013	-14072.3
713	0.000354013	-10469.3
714	0.000354013	-11293.2
715	0.000354013	-10958.8
716	0.000354013	-11086.5
717	0.000354013	-12311.9
718	0.000354013	-10841
719	0.000354013	-14655.6
720	0.000354013	-13525.7
721	0.000354013	-11388.8
722	0.000354013	-11850.7
723	0.000354013	-11089.6
724	0.000354013	-10722.4
725	0.000354013	-10222.4
726	0.000354013	-12000.6
727	0.000354013	-13696.2
728	0.000354013	-12522.4
729	0.000354013	-12695.2
730	0.000354013	-10718.3
731	0.000354013	-11015.7
732	0.000354013	-11443.6
733	0.000354013	-11989
734	0.000354013	-11100.6
735	0.000354013	-13157.7
736	0.000354013	-11889.9
737	0.000354013	-11522.6
738	0.000354013	-12622.9
739	0.000354013	-12085.7
740	0.000354013	-12465.6
741	0.000354013	-11424.9
742	0.000354013	-10669.2
743	0.000354013	-10449
744	0.000354013	-10137.9
745	0.000354013	-11658.8
746	0.000354013	-12669.5
747	0.000354013	-10915.4
748	0.000354013	-11463.3
749	0.000354013	-10662.5
750	0.000354013	-11716.6
751	0.000354013	-11236.3
752	0.000354013	-13377.1
753	0.000354013	-11655.7
754	0.000354013	-11515
755	0.000354013	-11275.4
756	0.000354013	-10820.2
757	0.000354013	-10253.2
758	0.000354013	-10184.5
759	0.000354013	-12192.6
760	0.000354013	-13078
761	0.000354013	-12200.4
762	0.000354013	-10943.2
763	0.000354013	-9621.08
764	0.000354013	-12529.1
765	0.000354013	-11205.1
766	0.000354013	-10966.4
767	0.000354013	-11966.7
768	0.000354013	-15653.3
769	0.000354013	-11339.1
770	0.000354013	-12145.9
771	0.000354013	-11459
772	0.000354013	-12071.9
773	0.000354013	-12275
774	0.000354013	-12604.5
775	0.000354013	-13442.9
776	0.000354013	-12110.8
777	0.000354013	-12300.7
778	0.000354013	-11465.2
779	0.000354013	-9995.76
780	0.000354013	-10161.2
781	0.000354013	-12454.4
782	0.000354013	-11654.2
783	0.000354013	-13902.9
784	0.000354013	-13398.7
785	0.000354013	-10836.7
786	0.000354013	-10596.7
787	0.000354013	-10636
788	0.000354013	-10475
789	0.000354013	-11318
790	0.000354013	-10720.9
791	0.000354013	-11862.7
792	0.000354013	-13272.5
793	0.000354013	-14358.8
794	0.000354013	-12306.3
795	0.000354013	-11792.2
796	0.000354013	-11932.5
797	0.000354013	-12839.2
798	0.000354013	-11160.8
799	0.000354013	-10216.5
800	0.000354013	-11548.5
801	0.000354013	-12918.2
802	0.000354013	-13810.7
803	0.000354013	-13452.8
804	0.000354013	-12914.7
805	0.000354013	-12526.5
806	0.000354013	-13428.4
807	0.000354013	-13421.9
808	0.000354013	-13011
809	0.000354013	-12305.1
810	0.000354013	-10785.4
811	0.000354013	-14079.2
812	0.000354013	-10573.2
813	0.000354013	-11103.8
814	0.000354013	-12677.3
815	0.000354013	-12992.4
816	0.000354013	-14243.9
817	0.000354013	-13115.7
818	0.000354013	-10762
819	0.000354013	-13489.9
820	0.000354013	-13422.8
821	0.000354013	-10189.6
822	0.000354013	-10742
823	0.000354013	-12396.6
824	0.000354013	-12419.6
825	0.000354013	-11302.8
826	0.000354013	-11428.9
827	0.000354013	-13553.4
828	0.000354013	-13669.7
829	0.000354013	-10385.5
830	0.000354013	-12363.1
831	0.000354013	-11765.2
832	0.000354013	-11790.8
833	0.000354013	-11933.4
834	0.000354013	-11477.1
835	0.000354013	-10931.8
836	0.000354013	-11035.7
837	0.000354013	-10756.1
838	0.000354013	-11345.6
839	0.000354013	-11862.8
840	0.000354013	-11407
841	0.000354013	-15083.9
842	0.000354013	-11036.4
843	0.000354013	-12446.6
844	0.000354013	-11076.7
845	0.000354013	-12824.3
846	0.000354013	-11030.9
847	0.000354013	-11783.1
848	0.000354013	-13207
849	0.000354013	-13782.9
850	0.000354013	-13301
851	0.000354013	-11259.6
852	0.000354013	-10996.8
853	0.000354013	-10848.1
854	0.000354013	-13087.7
855	0.000354013	-11861.4
856	0.000354013	-12409.6
857	0.000354013	-12238.6
858	0.000354013	-11949.9
859	0.000354013	-12013.5
860	0.000354013	-12451.4
861	0.000354013	-11461.9
862	0.000354013	-11268.7
863	0.000354013	-14856.3
864	0.000354013	-11664.1
865	0.000354013	-10799.5
866	0.000354013	-9650.17
867	0.000354013	-11900.1
868	0.000354013	-11619.2
869	0.000354013	-10763.5
870	0.000354013	-13036.6
871	0.000354013	-11501.3
872	0.000354013	-10931.8
873	0.000354013	-9913.49
874	0.000354013	-12477.5
875	0.000354013	-11900.7
876	0.000354013	-11034.5
877	0.000354013	-11213.9
878	0.000354013	-11241.8
879	0.000354013	-12133.2
880	0.000354013	-11766.9
881	0.000354013	-10992.9
882	0.000354013	-11706.1
883	0.000354013	-10649.4
884	0.000354013	-9883.47
885	0.000354013	-10009.8
886	0.000354013	-10397.4
887	0.000354013	-14705.3
888	0.000354013	-13828.2
889	0.000354013	-12443.2
890	0.000354013	-11798.2
891	0.000354013	-10773.2
892	0.000354013	-10736.2
893	0.000354013	-12357.5
894	0.000354013	-11953.9
895	0.000354013	-11546.3
896	0.000354013	-10934
897	0.000354013	-12632.9
898	0.000354013	-13679.8
899	0.000354013	-11176.1
900	0.000354013	-10511
901	0.000354013	-11319.3
902	0.000354013	-12703.9
903	0.000354013	-11415.7
904	0.000354013	-12184.5
905	0.000354013	-12538.7
906	0.000354013	-10150.2
907	0.000354013	-10903.8
908	0.000354013	-10653.4
909	0.000354013	-12074.9
910	0.000354013	-14251.8
911	0.000354013	-13860.1
912	0.000354013	-11664.9
913	0.000354013	-12665.4
914	0.000354013	-12689.5
915	0.000354013	-15298.8
916	0.000354013	-13869.8
917	0.000354013	-12268.4
918	0.000354013	-12129
919	0.000354013	-12406
920	0.000354013	-12726.3
921	0.000354013	-12184.7
922	0.000354013	-13672.3
923	0.000354013	-15418.3
924	0.000354013	-14514.4
925	0.000354013	-12039.4
926	0.000354013	-11783.9
927	0.000354013	-10575.2
928	0.000354013	-10830.8
929	0.000354013	-11165.9
930	0.000354013	-11087.2
931	0.000354013	-11333.4
932	0.000354013	-10881.4
933	0.000354013	-11274.8
934	0.000354013	-13270.1
935	0.000354013	-10587.3
936	0.000354013	-9802.68
937	0.000354013	-11340.1
938	0.000354013	-11903.7
939	0.000354013	-10714.6
940	0.000354013	-10069.6
941	0.000354013	-10631.9
942	0.000354013	-10573.9
943	0.000354013	-11722.4
944	0.000354013	-10566.4
945	0.000354013	-11033.4
946	0.000354013	-10944.1
947	0.000354013	-12001.4
948	0.000354013	-11093.4
949	0.000354013	-10549.5
950	0.000354013	-12104
951	0.000354013	-12120.9
952	0.000354013	-11308.5
953	0.000354013	-11321
954	0.000354013	-11908
955	0.000354013	-10443.1
956	0.000354013	-11147.8
957	0.000354013	-10789.4
958	0.000354013	-12168.4
959	0.000354013	-13115.5
960	0.000354013	-10378.7
961	0.000354013	-12644.1
962	0.000354013	-10233.3
963	0.000354013	-11651.7
964	0.000354013	-10547.6
965	0.000354013	-9961.63
966	0.000354013	-10635.8
967	0.000354013	-10357.9
968	0.000354013	-10228.1
969	0.000354013	-10873.9
970	0.000354013	-9744.69
971	0.000354013	-11839.5
972	0.000354013	-12569.2
973	0.000354013	-13162.8
974	0.000354013	-13675.1
975	0.000354013	-11555.6
976	0.000354013	-10595.6
977	0.000354013	-10325.6
978	0.000354013	-12743.1
979	0.000354013	-11870.3
980	0.000354013	-12763.3
981	0.000354013	-12613.3
982	0.000354013	-12454.6
983	0.000354013	-11447.3
984	0.000354013	-12054.4
985	0.000354013	-12770
986	0.000354013	-11883.5
987	0.000354013	-14111.2
988	0.000354013	-13931.7
989	0.000354013	-11853.7
990	0.000354013	-11249.9
991	0.000354013	-13085.7
992	0.000354013	-11790.6
993	0.000354013	-13401.1
994	0.000354013	-12257.3
995	0.000354013	-11718.9
996	0.000354013	-11744.3
997	0.000354013	-13935.9
998	0.000354013	-11084.2
999	0.000354013	-11741.3
1000	0.000354013	-11298.1
251	0.000209041	-10866.1
252	0.000209041	-11493
253	0.000209041	-11523.7
254	0.000209041	-11804.2
255	0.000209041	-11689.2
256	0.000209041	-15473.6
257	0.000209041	-13655.6
258	0.000209041	-11231.6
259	0.000209041	-11113.5
260	0.000209041	-14565.6
261	0.000209041	-14826.8
262	0.000209041	-12414.4
263	0.000209041	-12142.1
264	0.000209041	-12216.6
265	0.000209041	-11499.1
266	0.000209041	-13334.1
267	0.000209041	-12539.7
268	0.000209041	-11361.3
269	0.000209041	-11258.9
270	0.000209041	-11757.7
271	0.000209041	-11357.5
272	0.000209041	-10331
273	0.000209041	-13384.4
274	0.000209041	-11944.5
275	0.000209041	-13946.4
276	0.000209041	-14014.4
277	0.000209041	-12146.1
278	0.000209041	-12520.2
279	0.000209041	-12679.6
280	0.000209041	-12669.5
281	0.000209041	-11765.8
282	0.000209041	-11147.4
283	0.000209041	-11612.3
284	0.000209041	-11083.8
285	0.000209041	-11994.4
286	0.000209041	-10787.9
287	0.000209041	-10040.4
288	0.000209041	-11246
289	0.000209041	-11480
290	0.000209041	-10925.8
291	0.000209041	-11640.5
292	0.000209041	-14067.2
293	0.000209041	-12161.2
294	0.000209041	-10764.1
295	0.000209041	-11131.3
296	0.000209041	-11647
297	0.000209041	-12120.2
298	0.000209041	-10859.9
299	0.000209041	-11105.9
300	0.000209041	-10631.4
301	0.000209041	-12350
302	0.000209041	-10236.9
303	0.000209041	-10678.7
304	0.000209041	-11690
305	0.000209041	-15933.5
306	0.000209041	-15955.2
307	0.000209041	-10641.6
308	0.000209041	-10968.7
309	0.000209041	-14598.7
310	0.000209041	-13812.9
311	0.000209041	-15822.4
312	0.000209041	-12075.9
313	0.000209041	-11618.1
314	0.000209041	-12088.3
315	0.000209041	-9911.74
316	0.000209041	-11659.2
317	0.000209041	-11865.3
318	0.000209041	-11611.2
319	0.000209041	-11209.3
320	0.000209041	-12476.3
321	0.000209041	-14540.8
322	0.000209041	-11053.2
323	0.000209041	-12550.8
324	0.000209041	-12570
325	0.000209041	-13044.9
326	0.000209041	-12260.8
327	0.000209041	-11839.5
328	0.000209041	-13443.9
329	0.000209041	-11349.4
330	0.000209041	-12342.3
331	0.000209041	-12504.1
332	0.000209041	-12298.8
333	0.000209041	-11582.7
334	0.000209041	-11171.5
335	0.000209041	-11855.6
336	0.000209041	-13633.7
337	0.000209041	-12543.7
338	0.000209041	-12326.3
339	0.000209041	-12163.5
340	0.000209041	-12793.2
341	0.000209041	-11570
342	0.000209041	-11477.2
343	0.000209041	-12524.3
344	0.000209041	-12711.3
345	0.000209041	-13154.3
346	0.000209041	-11490.5
347	0.000209041	-12166
348	0.000209041	-12207.6
349	0.000209041	-10946
350	0.000209041	-11514.8
351	0.000209041	-13000.1
352	0.000209041	-12177
353	0.000209041	-10711.2
354	0.000209041	-12366.5
355	0.000209041	-11053.6
356	0.000209041	-12868.5
357	0.000209041	-11817.5
358	0.000209041	-12379.9
359	0.000209041	-11780.1
360	0.000209041	-10354.3
361	0.000209041	-12288.8
362	0.000209041	-13117.7
363	0.000209041	-16928.5
364	0.000209041	-14008.1
365	0.000209041	-10453.6
366	0.000209041	-11512.4
367	0.000209041	-11129.8
368	0.000209041	-11310
369	0.000209041	-12244.8
370	0.000209041	-10306.7
371	0.000209041	-10563.4
372	0.000209041	-10980
373	0.000209041	-12674
374	0.000209041	-11900.5
375	0.000209041	-14148.9
376	0.000209041	-12908.8
377	0.000209041	-12912.4
378	0.000209041	-13069.6
379	0.000209041	-12787.4
380	0.000209041	-13276.4
381	0.000209041	-11957.2
382	0.000209041	-13746.7
383	0.000209041	-13827.8
384	0.000209041	-10608.1
385	0.000209041	-11294.7
386	0.000209041	-14021.9
387	0.000209041	-11628.9
388	0.000209041	-11444.1
389	0.000209041	-11609.5
390	0.000209041	-10975.8
391	0.000209041	-10523
392	0.000209041	-10885.9
393	0.000209041	-10538
394	0.000209041	-10885.6
395	0.000209041	-11914
396	0.000209041	-11760.8
397	0.000209041	-11360.3
398	0.000209041	-12260.1
399	0.000209041	-11558.6
400	0.000209041	-11473.2
401	0.000209041	-12092.5
402	0.000209041	-14069.5
403	0.000209041	-13180.3
404	0.000209041	-10825.9
405	0.000209041	-10761
406	0.000209041	-14117.4
407	0.000209041	-11670.3
408	0.000209041	-11165.8
409	0.000209041	-13050.9
410	0.000209041	-10701.4
411	0.000209041	-10847.3
412	0.000209041	-10804.9
413	0.000209041	-13636.1
414	0.000209041	-16137.3
415	0.000209041	-15178.3
416	0.000209041	-10595.6
417	0.000209041	-10681.7
418	0.000209041	-11208
419	0.000209041	-11422.8
420	0.000209041	-10474.2
421	0.000209041	-12354
422	0.000209041	-12193.8
423	0.000209041	-14748.8
424	0.000209041	-11689.1
425	0.000209041	-11547.7
426	0.000209041	-11482.4
427	0.000209041	-11251.8
428	0.000209041	-12276.3
429	0.000209041	-11540.8
430	0.000209041	-12879.6
431	0.000209041	-12462.5
432	0.000209041	-11221.6
433	0.000209041	-12814.8
434	0.000209041	-12406.5
435	0.000209041	-12873.9
436	0.000209041	-11617
437	0.000209041	-11298.5
438	0.000209041	-12491.2
439	0.000209041	-11999.1
440	0.000209041	-11286.9
441	0.000209041	-11262.3
442	0.000209041	-13456.4
443	0.000209041	-11765.6
444	0.000209041	-12714.4
445	0.000209041	-12349.5
446	0.000209041	-15488.6
447	0.000209041	-11301.4
448	0.000209041	-11918.9
449	0.000209041	-11456.8
450	0.000209041	-10537.3
451	0.000209041	-11202.8
452	0.000209041	-10484.5
453	0.000209041	-12820.6
454	0.000209041	-14082
455	0.000209041	-14334
456	0.000209041	-12296.7
457	0.000209041	-12991.6
458	0.000209041	-9957.9
459	0.000209041	-11229.5
460	0.000209041	-9748.09
461	0.000209041	-12650.9
462	0.000209041	-13339
463	0.000209041	-14963.6
464	0.000209041	-11346
465	0.000209041	-10360.8
466	0.000209041	-12359.1
467	0.000209041	-12491.1
468	0.000209041	-11647.4
469	0.000209041	-10736.4
470	0.000209041	-15221.6
471	0.000209041	-13171.4
472	0.000209041	-10472.8
473	0.000209041	-10931.8
474	0.000209041	-12612.6
475	0.000209041	-12057.3
476	0.000209041	-11861.7
477	0.000209041	-11825.7
478	0.000209041	-11475
479	0.000209041	-11717.2
480	0.000209041	-10460.2
481	0.000209041	-10258.2
482	0.000209041	-11213.7
483	0.000209041	-10973.7
484	0.000209041	-10052.1
485	0.000209041	-11347.2
486	0.000209041	-11139
487	0.000209041	-12157.3
488	0.000209041	-13006.6
489	0.000209041	-11992.4
490	0.000209041	-12664.8
491	0.000209041	-13241.5
492	0.000209041	-14083.2
493	0.000209041	-10782.6
494	0.000209041	-12543.3
495	0.000209041	-12197.9
496	0.000209041	-13378.7
497	0.000209041	-12933
498	0.000209041	-11348.1
499	0.000209041	-13886.5
500	0.000209041	-13322.7
501	0.000209041	-13088
502	0.000209041	-14848.6
503	0.000209041	-14295.1
504	0.000209041	-11923.2
505	0.000209041	-10113.8
506	0.000209041	-11121.7
507	0.000209041	-12074.6
508	0.000209041	-11821.7
509	0.000209041	-11207.3
510	0.000209041	-11116.3
511	0.000209041	-11320.7
512	0.000209041	-13040
513	0.000209041	-12134.3
514	0.000209041	-11443.2
515	0.000209041	-10580.8
516	0.000209041	-11890.1
517	0.000209041	-11504.1
518	0.000209041	-11144.2
519	0.000209041	-12548.7
520	0.000209041	-12012.8
521	0.000209041	-15128.7
522	0.000209041	-11997
523	0.000209041	-12065.6
524	0.000209041	-12036.8
525	0.000209041	-10459.5
526	0.000209041	-10784.5
527	0.000209041	-11075.3
528	0.000209041	-15542.4
529	0.000209041	-13507.7
530	0.000209041	-10247.6
531	0.000209041	-12438.2
532	0.000209041	-11590.9
533	0.000209041	-11834.5
534	0.000209041	-10912
535	0.000209041	-11665.1
536	0.000209041	-12814.2
537	0.000209041	-11602
538	0.000209041	-10224.6
539	0.000209041	-10660.3
540	0.000209041	-10885.1
541	0.000209041	-11767.4
542	0.000209041	-14074.8
543	0.000209041	-13584.1
544	0.000209041	-11424
545	0.000209041	-11271.7
546	0.000209041	-11457.6
547	0.000209041	-12215.9
548	0.000209041	-13065
549	0.000209041	-11300.6
550	0.000209041	-10616.6
551	0.000209041	-10610.8
552	0.000209041	-13355.5
553	0.000209041	-12717.3
554	0.000209041	-11551.3
555	0.000209041	-10201.7
556	0.000209041	-10041.5
557	0.000209041	-11756.1
558	0.000209041	-11218.3
559	0.000209041	-13444.9
560	0.000209041	-12527.8
561	0.000209041	-12014.5
562	0.000209041	-11070
563	0.000209041	-15864.7
564	0.000209041	-11755.9
565	0.000209041	-11869.8
566	0.000209041	-15318
567	0.000209041	-15933.6
568	0.000209041	-12953.5
569	0.000209041	-12129.7
570	0.000209041	-11360.6
571	0.000209041	-10770.7
572	0.000209041	-10177.2
573	0.000209041	-10637.6
574	0.000209041	-11691.6
575	0.000209041	-9899.6
576	0.000209041	-9779.2
577	0.000209041	-10913.7
578	0.000209041	-10457.2
579	0.000209041	-12142.1
580	0.000209041	-14526.1
581	0.000209041	-12285.9
582	0.000209041	-11635.4
583	0.000209041	-11571
584	0.000209041	-16283.1
585	0.000209041	-17912.3
586	0.000209041	-13925.5
587	0.000209041	-14207.7
588	0.000209041	-11640.5
589	0.000209041	-11906.2
590	0.000209041	-10813.8
591	0.000209041	-11390.9
592	0.000209041	-11425.3
593	0.000209041	-12816.2
594	0.000209041	-15438.4
595	0.000209041	-12844
596	0.000209041	-12183
597	0.000209041	-12127.8
598	0.000209041	-10412.4
599	0.000209041	-11774.9
600	0.000209041	-12137
601	0.000209041	-13636.2
602	0.000209041	-11762.6
603	0.000209041	-11588.2
604	0.000209041	-10869.8
605	0.000209041	-10793.1
606	0.000209041	-10760.1
607	0.000209041	-13586.5
608	0.000209041	-12938.1
609	0.000209041	-10679
610	0.000209041	-10732.1
611	0.000209041	-9592.75
612	0.000209041	-10780.7
613	0.000209041	-12126.2
614	0.000209041	-11690.7
615	0.000209041	-11427.3
616	0.000209041	-14833.5
617	0.000209041	-13277.7
618	0.000209041	-10958.1
619	0.000209041	-12711.4
620	0.000209041	-16446.7
621	0.000209041	-13763.3
622	0.000209041	-13754.4
623	0.000209041	-11749.9
624	0.000209041	-11254.7
625	0.000209041	-11234.3
626	0.000209041	-10768.1
627	0.000209041	-11132.7
628	0.000209041	-11004.5
629	0.000209041	-10574.4
630	0.000209041	-11127.1
631	0.000209041	-12737.9
632	0.000209041	-14780.7
633	0.000209041	-11960.4
634	0.000209041	-11497.3
635	0.000209041	-11134.6
636	0.000209041	-11962
637	0.000209041	-11105.2
638	0.000209041	-10941.9
639	0.000209041	-12549
640	0.000209041	-11431
641	0.000209041	-11997.3
642	0.000209041	-12251.1
643	0.000209041	-13376.8
644	0.000209041	-12252.7
645	0.000209041	-12833
646	0.000209041	-11497.9
647	0.000209041	-12203
648	0.000209041	-12275.1
649	0.000209041	-11114.4
650	0.000209041	-12534.7
651	0.000209041	-10242.2
652	0.000209041	-10764.4
653	0.000209041	-11030
654	0.000209041	-10395.3
655	0.000209041	-11315.4
656	0.000209041	-13583.4
657	0.000209041	-11367.7
658	0.000209041	-12185.1
659	0.000209041	-10882.8
660	0.000209041	-11387.9
661	0.000209041	-12105
662	0.000209041	-10997.1
663	0.000209041	-13062.4
664	0.000209041	-9510.99
665	0.000209041	-12143.5
666	0.000209041	-11882.5
667	0.000209041	-10857.2
668	0.000209041	-11424
669	0.000209041	-14152.1
670	0.000209041	-14024.2
671	0.000209041	-12702.6
672	0.000209041	-11702.2
673	0.000209041	-11520.8
674	0.000209041	-11219.2
675	0.000209041	-12496.7
676	0.000209041	-11064.9
677	0.000209041	-13073.8
678	0.000209041	-12118.4
679	0.000209041	-10763.9
680	0.000209041	-11608
681	0.000209041	-11810.5
682	0.000209041	-12564.3
683	0.000209041	-13544.7
684	0.000209041	-12096.3
685	0.000209041	-10727.7
686	0.000209041	-11733
687	0.000209041	-11595
688	0.000209041	-10393.6
689	0.000209041	-10390.1
690	0.000209041	-11050.3
691	0.000209041	-13003
692	0.000209041	-13203.2
693	0.000209041	-11450.6
694	0.000209041	-9952.85
695	0.000209041	-12190.8
696	0.000209041	-11938.5
697	0.000209041	-12379.2
698	0.000209041	-11666.8
699	0.000209041	-11397.3
700	0.000209041	-14454.4
701	0.000209041	-13933.5
702	0.000209041	-14919.5
703	0.000209041	-12440.6
704	0.000209041	-13608.2
705	0.000209041	-13632.9
706	0.000209041	-11291.9
707	0.000209041	-15507.1
708	0.000209041	-14072.2
709	0.000209041	-12409.6
710	0.000209041	-12631.8
711	0.000209041	-11170.4
712	0.000209041	-11728.7
713	0.000209041	-12049.4
714	0.000209041	-12629.3
715	0.000209041	-13685.9
716	0.000209041	-12494.7
717	0.000209041	-13509.6
718	0.000209041	-12772.6
719	0.000209041	-11698.6
720	0.000209041	-11723.5
721	0.000209041	-10658.1
722	0.000209041	-11996.6
723	0.000209041	-12032
724	0.000209041	-14294.8
725	0.000209041	-11013.8
726	0.000209041	-12393.6
727	0.000209041	-11987.9
728	0.000209041	-13200.9
729	0.000209041	-13407.1
730	0.000209041	-14662.3
731	0.000209041	-14199.4
732	0.000209041	-13303.9
733	0.000209041	-13339.4
734	0.000209041	-12414.4
735	0.000209041	-10824
736	0.000209041	-10797.2
737	0.000209041	-15005.7
738	0.000209041	-14621.2
739	0.000209041	-14997.8
740	0.000209041	-13944.5
741	0.000209041	-14705.1
742	0.000209041	-12594.7
743	0.000209041	-11831
744	0.000209041	-11937.5
745	0.000209041	-11688.3
746	0.000209041	-11325.4
747	0.000209041	-13292
748	0.000209041	-13111.7
749	0.000209041	-13246.2
750	0.000209041	-14365.6
751	0.000209041	-12699
752	0.000209041	-12306.4
753	0.000209041	-11798
754	0.000209041	-11121.4
755	0.000209041	-12838.3
756	0.000209041	-13512.7
757	0.000209041	-12660.4
758	0.000209041	-14929.1
759	0.000209041	-12783.4
760	0.000209041	-12085.4
761	0.000209041	-12551
762	0.000209041	-12128.8
763	0.000209041	-13771.3
764	0.000209041	-11786.9
765	0.000209041	-11934.7
766	0.000209041	-11516.3
767	0.000209041	-11046.8
768	0.000209041	-10977.7
769	0.000209041	-12018
770	0.000209041	-11114.7
771	0.000209041	-11334.2
772	0.000209041	-10691.2
773	0.000209041	-13808.3
774	0.000209041	-14755.5
775	0.000209041	-14469
776	0.000209041	-14353.8
777	0.000209041	-14363.7
778	0.000209041	-10666.2
779	0.000209041	-11946.2
780	0.000209041	-12805.5
781	0.000209041	-11540.3
782	0.000209041	-11721
783	0.000209041	-11913
784	0.000209041	-11932.5
785	0.000209041	-11679.9
786	0.000209041	-11463.9
787	0.000209041	-12030.7
788	0.000209041	-12328.1
789	0.000209041	-11573.9
790	0.000209041	-12102.9
791	0.000209041	-11860.3
792	0.000209041	-11622.8
793	0.000209041	-13446
794	0.000209041	-12905.3
795	0.000209041	-12519.9
796	0.000209041	-13697.1
797	0.000209041	-12146.2
798	0.000209041	-12441.5
799	0.000209041	-12714.7
800	0.000209041	-14490.7
801	0.000209041	-11512
802	0.000209041	-11064.8
803	0.000209041	-12557.3
804	0.000209041	-12971.7
805	0.000209041	-12634.5
806	0.000209041	-13770.9
807	0.000209041	-12484.2
808	0.000209041	-11191.3
809	0.000209041	-10737
810	0.000209041	-11835
811	0.000209041	-12005.5
812	0.000209041	-10993.5
813	0.000209041	-10541.5
814	0.000209041	-11365.8
815	0.000209041	-11289.5
816	0.000209041	-10880.2
817	0.000209041	-9715.96
818	0.000209041	-10149.6
819	0.000209041	-11072.2
820	0.000209041	-10396.8
821	0.000209041	-10282.5
822	0.000209041	-11588
823	0.000209041	-15375.6
824	0.000209041	-14339.4
825	0.000209041	-15827.5
826	0.000209041	-14269.1
827	0.000209041	-13385
828	0.000209041	-11238.1
829	0.000209041	-11454.4
830	0.000209041	-13586.2
831	0.000209041	-14220.5
832	0.000209041	-13301.8
833	0.000209041	-15735.7
834	0.000209041	-15782.4
835	0.000209041	-13359.9
836	0.000209041	-12854.4
837	0.000209041	-11907.3
838	0.000209041	-12435.8
839	0.000209041	-12501.1
840	0.000209041	-14135.7
841	0.000209041	-14747.6
842	0.000209041	-12160.4
843	0.000209041	-11334.5
844	0.000209041	-11604.7
845	0.000209041	-12615.4
846	0.000209041	-12538.7
847	0.000209041	-11100.4
848	0.000209041	-10924.5
849	0.000209041	-11154.8
850	0.000209041	-12629.9
851	0.000209041	-15319
852	0.000209041	-12071.7
853	0.000209041	-9972.36
854	0.000209041	-12431.1
855	0.000209041	-12088.7
856	0.000209041	-12180.1
857	0.000209041	-11786.2
858	0.000209041	-11309.5
859	0.000209041	-12800
860	0.000209041	-11851
861	0.000209041	-12791
862	0.000209041	-11626.9
863	0.000209041	-11155.9
864	0.000209041	-12180.4
865	0.000209041	-13374.6
866	0.000209041	-12424.1
867	0.000209041	-11588
868	0.000209041	-13883.2
869	0.000209041	-13174
870	0.000209041	-11512.7
871	0.000209041	-11379.5
872	0.000209041	-10823.6
873	0.000209041	-11221.5
874	0.000209041	-10665.5
875	0.000209041	-10793.3
876	0.000209041	-10796.3
877	0.000209041	-12595.5
878	0.000209041	-13227.4
879	0.000209041	-12129.9
880	0.000209041	-11915.4
881	0.000209041	-12161.4
882	0.000209041	-12781.4
883	0.000209041	-11324.7
884	0.000209041	-13836.5
885	0.000209041	-13418.7
886	0.000209041	-18158.6
887	0.000209041	-14638.9
888	0.000209041	-13219.6
889	0.000209041	-13765.2
890	0.000209041	-13737.5
891	0.000209041	-12622.6
892	0.000209041	-11158.8
893	0.000209041	-10052.1
894	0.000209041	-12435.5
895	0.000209041	-12920.6
896	0.000209041	-12146.1
897	0.000209041	-12017
898	0.000209041	-12642.6
899	0.000209041	-12090.9
900	0.000209041	-10312.7
901	0.000209041	-12041.9
902	0.000209041	-9714.66
903	0.000209041	-10238.1
904	0.000209041	-12754.6
905	0.000209041	-11713.5
906	0.000209041	-11080.3
907	0.000209041	-12419.3
908	0.000209041	-14107.2
909	0.000209041	-12777.5
910	0.000209041	-10411.6
911	0.000209041	-9831.35
912	0.000209041	-11062.3
913	0.000209041	-10879.8
914	0.000209041	-11136.4
915	0.000209041	-12156.6
916	0.000209041	-11272.4
917	0.000209041	-11504.3
918	0.000209041	-12067.2
919	0.000209041	-11528.1
920	0.000209041	-11654.5
921	0.000209041	-14101.4
922	0.000209041	-13160
923	0.000209041	-13004.2
924	0.000209041	-11208.3
925	0.000209041	-10871.9
926	0.000209041	-11504.6
927	0.000209041	-11569.5
928	0.000209041	-10785.3
929	0.000209041	-13085.8
930	0.000209041	-12635.4
931	0.000209041	-12171.7
932	0.000209041	-10591.6
933	0.000209041	-11394.2
934	0.000209041	-11590.1
935	0.000209041	-11491.3
936	0.000209041	-12480.1
937	0.000209041	-10514.3
938	0.000209041	-12821.9
939	0.000209041	-13473.6
940	0.000209041	-15555.9
941	0.000209041	-12949.7
942	0.000209041	-13802.3
943	0.000209041	-12250.1
944	0.000209041	-12775.9
945	0.000209041	-12015.5
946	0.000209041	-11546.5
947	0.000209041	-10795.4
948	0.000209041	-12465.6
949	0.000209041	-17314.5
950	0.000209041	-15288.6
951	0.000209041	-10822.6
952	0.000209041	-10647.6
953	0.000209041	-12110.8
954	0.000209041	-12602.7
955	0.000209041	-13123.4
956	0.000209041	-12161.4
957	0.000209041	-13229.6
958	0.000209041	-11805.6
959	0.000209041	-11353.2
960	0.000209041	-10971.6
961	0.000209041	-11631.3
962	0.000209041	-11697
963	0.000209041	-11193.3
964	0.000209041	-10751.6
965	0.000209041	-11286.2
966	0.000209041	-11753.4
967	0.000209041	-11472.4
968	0.000209041	-11529.1
969	0.000209041	-11920.7
970	0.000209041	-12032.1
971	0.000209041	-12664.4
972	0.000209041	-10720.2
973	0.000209041	-9993.95
974	0.000209041	-10621.4
975	0.000209041	-10614.9
976	0.000209041	-10817.9
977	0.000209041	-11780.5
978	0.000209041	-10959.2
979	0.000209041	-11840.1
980	0.000209041	-12345.6
981	0.000209041	-13856
982	0.000209041	-12013.3
983	0.000209041	-11278.4
984	0.000209041	-10792.5
985	0.000209041	-11427.6
986	0.000209041	-10341.2
987	0.000209041	-10886.9
988	0.000209041	-12411.7
989	0.000209041	-11448.2
990	0.000209041	-12114.4
991	0.000209041	-11379.7
992	0.000209041	-10566.6
993	0.000209041	-11768
994	0.000209041	-11817.3
995	0.000209041	-10341.6
996	0.000209041	-10471.7
997	0.000209041	-13303.5
998	0.000209041	-14086.4
999	0.000209041	-13436.6
1000	0.000209041	-10982.7
251	0.000116003	-13191
252	0.000116003	-13229.3
253	0.000116003	-12291.5
254	0.000116003	-12045.3
255	0.000116003	-11643.5
256	0.000116003	-10047
257	0.000116003	-13567.3
258	0.000116003	-11195.8
259	0.000116003	-12104.5
260	0.000116003	-11691
261	0.000116003	-11357.4
262	0.000116003	-10796.7
263	0.000116003	-10727.5
264	0.000116003	-11874.1
265	0.000116003	-15720.6
266	0.000116003	-14948.2
267	0.000116003	-11554.9
268	0.000116003	-11918
269	0.000116003	-11209.6
270	0.000116003	-11675.8
271	0.000116003	-11712.7
272	0.000116003	-12062
273	0.000116003	-10259.9
274	0.000116003	-12876
275	0.000116003	-11865.7
276	0.000116003	-14148.1
277	0.000116003	-11418.8
278	0.000116003	-11284.2
279	0.000116003	-11808.4
280	0.000116003	-11064.5
281	0.000116003	-15271.6
282	0.000116003	-12210.9
283	0.000116003	-12258.7
284	0.000116003	-10604.1
285	0.000116003	-14361.4
286	0.000116003	-10444.1
287	0.000116003	-11152.1
288	0.000116003	-10240.3
289	0.000116003	-11545
290	0.000116003	-11830.8
291	0.000116003	-12702.7
292	0.000116003	-12610.6
293	0.000116003	-12681
294	0.000116003	-12470
295	0.000116003	-13097.4
296	0.000116003	-12309.6
297	0.000116003	-12429.5
298	0.000116003	-12888
299	0.000116003	-14116.7
300	0.000116003	-12501
301	0.000116003	-11225.2
302	0.000116003	-14091.5
303	0.000116003	-13915.1
304	0.000116003	-12681.6
305	0.000116003	-12372.4
306	0.000116003	-13101.1
307	0.000116003	-13399.6
308	0.000116003	-12312.2
309	0.000116003	-11505.2
310	0.000116003	-12213
311	0.000116003	-11038.7
312	0.000116003	-11127.8
313	0.000116003	-11303.1
314	0.000116003	-10396.8
315	0.000116003	-11078.8
316	0.000116003	-10354.6
317	0.000116003	-12141.9
318	0.000116003	-11565.1
319	0.000116003	-13243.2
320	0.000116003	-10761.9
321	0.000116003	-12754.9
322	0.000116003	-11201
323	0.000116003	-10778.8
324	0.000116003	-13310
325	0.000116003	-13514.7
326	0.000116003	-14368.7
327	0.000116003	-13899.7
328	0.000116003	-11353.6
329	0.000116003	-10949.9
330	0.000116003	-11379.6
331	0.000116003	-14097.4
332	0.000116003	-13163.4
333	0.000116003	-15791.6
334	0.000116003	-17057
335	0.000116003	-12052.2
336	0.000116003	-12160.3
337	0.000116003	-12104.3
338	0.000116003	-11857.7
339	0.000116003	-11104.9
340	0.000116003	-11653.4
341	0.000116003	-11166.9
342	0.000116003	-10864
343	0.000116003	-12294.2
344	0.000116003	-12309.3
345	0.000116003	-11855
346	0.000116003	-10160.7
347	0.000116003	-12010.6
348	0.000116003	-12427.9
349	0.000116003	-13237
350	0.000116003	-12764.8
351	0.000116003	-14917.1
352	0.000116003	-11922.8
353	0.000116003	-12271.2
354	0.000116003	-12124.1
355	0.000116003	-11235.9
356	0.000116003	-11806.6
357	0.000116003	-11516.7
358	0.000116003	-11478.1
359	0.000116003	-12733.6
360	0.000116003	-11443.9
361	0.000116003	-11344
362	0.000116003	-11378.4
363	0.000116003	-11011.6
364	0.000116003	-13603.3
365	0.000116003	-11758.1
366	0.000116003	-10184.1
367	0.000116003	-10401.6
368	0.000116003	-11864.7
369	0.000116003	-12021.1
370	0.000116003	-13339.4
371	0.000116003	-11714.8
372	0.000116003	-12528.3
373	0.000116003	-12634.9
374	0.000116003	-12305.2
375	0.000116003	-12121.8
376	0.000116003	-13429.3
377	0.000116003	-11251.6
378	0.000116003	-10886
379	0.000116003	-12265.7
380	0.000116003	-12532.2
381	0.000116003	-13637.3
382	0.000116003	-13392.8
383	0.000116003	-11252.4
384	0.000116003	-11286.7
385	0.000116003	-14169.1
386	0.000116003	-13815.5
387	0.000116003	-11442.1
388	0.000116003	-11372.4
389	0.000116003	-10439.7
390	0.000116003	-12103.8
391	0.000116003	-12275.5
392	0.000116003	-13294.2
393	0.000116003	-11986.5
394	0.000116003	-12467.5
395	0.000116003	-11782.3
396	0.000116003	-12584.2
397	0.000116003	-14166.9
398	0.000116003	-12877.1
399	0.000116003	-12384.1
400	0.000116003	-11410.8
401	0.000116003	-10811.9
402	0.000116003	-11103.7
403	0.000116003	-12839
404	0.000116003	-11889.5
405	0.000116003	-11826.9
406	0.000116003	-11214.7
407	0.000116003	-11377
408	0.000116003	-10474.9
409	0.000116003	-9994.85
410	0.000116003	-12450.8
411	0.000116003	-12811.3
412	0.000116003	-12192.4
413	0.000116003	-11240.2
414	0.000116003	-11312.4
415	0.000116003	-12041.6
416	0.000116003	-12362.7
417	0.000116003	-12943.9
418	0.000116003	-13712.4
419	0.000116003	-12882.6
420	0.000116003	-11442.6
421	0.000116003	-10885.3
422	0.000116003	-10316.2
423	0.000116003	-13825.4
424	0.000116003	-10807.6
425	0.000116003	-10573.9
426	0.000116003	-10669.1
427	0.000116003	-10784.7
428	0.000116003	-10390.3
429	0.000116003	-12461.2
430	0.000116003	-14081
431	0.000116003	-10674.2
432	0.000116003	-11996.9
433	0.000116003	-10315.3
434	0.000116003	-11143.3
435	0.000116003	-11462.4
436	0.000116003	-10261.7
437	0.000116003	-10655.5
438	0.000116003	-10481.6
439	0.000116003	-9821.81
440	0.000116003	-11876
441	0.000116003	-11491.4
442	0.000116003	-13153.2
443	0.000116003	-12774.7
444	0.000116003	-10898.9
445	0.000116003	-11810.7
446	0.000116003	-11527.8
447	0.000116003	-11437.3
448	0.000116003	-14627.9
449	0.000116003	-12840.6
450	0.000116003	-12613.1
451	0.000116003	-12743
452	0.000116003	-13085.2
453	0.000116003	-13170.8
454	0.000116003	-12842.9
455	0.000116003	-11546.1
456	0.000116003	-13470.8
457	0.000116003	-13406.6
458	0.000116003	-13336.4
459	0.000116003	-13540.4
460	0.000116003	-12474.8
461	0.000116003	-10643.1
462	0.000116003	-11533.2
463	0.000116003	-11835.3
464	0.000116003	-16479.4
465	0.000116003	-11467.8
466	0.000116003	-11033.9
467	0.000116003	-11829.3
468	0.000116003	-12418.3
469	0.000116003	-10956.3
470	0.000116003	-13016.7
471	0.000116003	-12421.9
472	0.000116003	-11780
473	0.000116003	-11595.7
474	0.000116003	-12183
475	0.000116003	-13841.2
476	0.000116003	-13815.3
477	0.000116003	-14782.1
478	0.000116003	-15171.7
479	0.000116003	-13725.3
480	0.000116003	-13389.5
481	0.000116003	-10580.4
482	0.000116003	-10238.2
483	0.000116003	-12665.7
484	0.000116003	-11277.1
485	0.000116003	-10445.9
486	0.000116003	-13904
487	0.000116003	-13081.7
488	0.000116003	-10931.7
489	0.000116003	-10319
490	0.000116003	-11108.7
491	0.000116003	-12472.3
492	0.000116003	-13257.2
493	0.000116003	-11305.3
494	0.000116003	-12650
495	0.000116003	-12336.7
496	0.000116003	-12402.2
497	0.000116003	-13255.3
498	0.000116003	-15878.9
499	0.000116003	-14338.5
500	0.000116003	-16785.9
501	0.000116003	-15932.9
502	0.000116003	-15208.6
503	0.000116003	-13959.8
504	0.000116003	-16336.2
505	0.000116003	-14782.4
506	0.000116003	-11059.6
507	0.000116003	-13798.4
508	0.000116003	-13360.4
509	0.000116003	-14371.1
510	0.000116003	-13349.8
511	0.000116003	-14213.7
512	0.000116003	-15528.9
513	0.000116003	-14060.8
514	0.000116003	-15131.7
515	0.000116003	-11302
516	0.000116003	-11707.5
517	0.000116003	-11961.5
518	0.000116003	-11872.2
519	0.000116003	-13377.5
520	0.000116003	-11545.8
521	0.000116003	-12251.8
522	0.000116003	-9911.51
523	0.000116003	-10000.7
524	0.000116003	-10602.2
525	0.000116003	-11007.9
526	0.000116003	-11542.5
527	0.000116003	-11356.4
528	0.000116003	-15306.6
529	0.000116003	-13168.1
530	0.000116003	-10816.6
531	0.000116003	-12210.8
532	0.000116003	-10176.3
533	0.000116003	-11730.9
534	0.000116003	-10342.2
535	0.000116003	-10424.3
536	0.000116003	-11014.4
537	0.000116003	-11252.9
538	0.000116003	-10863.4
539	0.000116003	-11878.7
540	0.000116003	-10692.4
541	0.000116003	-11348.9
542	0.000116003	-11321.1
543	0.000116003	-12149.5
544	0.000116003	-11187.4
545	0.000116003	-11931.6
546	0.000116003	-11567.1
547	0.000116003	-10656.1
548	0.000116003	-12557.3
549	0.000116003	-10323.1
550	0.000116003	-10559.3
551	0.000116003	-12982.1
552	0.000116003	-14481.1
553	0.000116003	-14958
554	0.000116003	-16953
555	0.000116003	-13129.7
556	0.000116003	-11822.9
557	0.000116003	-12782.7
558	0.000116003	-13156.2
559	0.000116003	-12580.1
560	0.000116003	-12052.3
561	0.000116003	-12090.6
562	0.000116003	-11369.3
563	0.000116003	-12988.2
564	0.000116003	-13079.3
565	0.000116003	-12676.3
566	0.000116003	-12773.2
567	0.000116003	-10358.9
568	0.000116003	-12721.8
569	0.000116003	-12896.6
570	0.000116003	-12561.2
571	0.000116003	-11829.6
572	0.000116003	-20582.6
573	0.000116003	-10380.3
574	0.000116003	-12485.5
575	0.000116003	-11563.3
576	0.000116003	-12980.2
577	0.000116003	-13640.9
578	0.000116003	-10297.2
579	0.000116003	-10692.5
580	0.000116003	-14093.8
581	0.000116003	-12306.8
582	0.000116003	-12157.1
583	0.000116003	-12779
584	0.000116003	-11943.3
585	0.000116003	-12319
586	0.000116003	-12198.8
587	0.000116003	-11980.1
588	0.000116003	-13543.9
589	0.000116003	-13344.4
590	0.000116003	-12381.3
591	0.000116003	-11342.5
592	0.000116003	-12969.7
593	0.000116003	-11984.4
594	0.000116003	-12545.4
595	0.000116003	-11412.4
596	0.000116003	-10796.2
597	0.000116003	-10365.3
598	0.000116003	-11911.8
599	0.000116003	-13463.9
600	0.000116003	-12784.8
601	0.000116003	-10861.8
602	0.000116003	-13109.8
603	0.000116003	-12303.3
604	0.000116003	-14023.5
605	0.000116003	-12833.8
606	0.000116003	-10608.4
607	0.000116003	-12291.4
608	0.000116003	-11754.8
609	0.000116003	-11576.5
610	0.000116003	-16039.2
611	0.000116003	-14607.8
612	0.000116003	-13882.7
613	0.000116003	-13010.4
614	0.000116003	-12911.7
615	0.000116003	-15433
616	0.000116003	-13115.4
617	0.000116003	-12885.5
618	0.000116003	-11468.7
619	0.000116003	-11073.9
620	0.000116003	-12099.8
621	0.000116003	-10337.6
622	0.000116003	-10953.3
623	0.000116003	-11736
624	0.000116003	-13233.7
625	0.000116003	-13245
626	0.000116003	-10169.1
627	0.000116003	-11824.2
628	0.000116003	-13403.8
629	0.000116003	-10993.4
630	0.000116003	-13091.2
631	0.000116003	-10856.2
632	0.000116003	-10667.3
633	0.000116003	-13541.2
634	0.000116003	-13792.4
635	0.000116003	-13732.2
636	0.000116003	-11993.5
637	0.000116003	-12279.7
638	0.000116003	-10791.9
639	0.000116003	-12153.1
640	0.000116003	-11818.5
641	0.000116003	-12923.3
642	0.000116003	-13010
643	0.000116003	-11193.9
644	0.000116003	-11245
645	0.000116003	-12754.7
646	0.000116003	-11799.5
647	0.000116003	-11866.9
648	0.000116003	-10689
649	0.000116003	-11120.5
650	0.000116003	-11959.7
651	0.000116003	-13374.5
652	0.000116003	-12583.5
653	0.000116003	-11910.7
654	0.000116003	-12289.6
655	0.000116003	-12068.5
656	0.000116003	-11758.4
657	0.000116003	-13174.2
658	0.000116003	-12376.1
659	0.000116003	-14599.2
660	0.000116003	-12736.3
661	0.000116003	-10509.3
662	0.000116003	-10556.5
663	0.000116003	-9700.97
664	0.000116003	-10729.1
665	0.000116003	-10579.1
666	0.000116003	-12173.5
667	0.000116003	-12105.5
668	0.000116003	-12153.1
669	0.000116003	-12769.4
670	0.000116003	-11572.8
671	0.000116003	-10980
672	0.000116003	-11678.1
673	0.000116003	-10834.3
674	0.000116003	-13407.8
675	0.000116003	-13081.1
676	0.000116003	-13216.4
677	0.000116003	-12529
678	0.000116003	-10386.4
679	0.000116003	-10282.5
680	0.000116003	-10341.2
681	0.000116003	-11566
682	0.000116003	-12261.6
683	0.000116003	-11996.4
684	0.000116003	-11312
685	0.000116003	-13957.8
686	0.000116003	-12962.4
687	0.000116003	-10868.8
688	0.000116003	-11664.2
689	0.000116003	-12454.7
690	0.000116003	-13408.4
691	0.000116003	-16568.5
692	0.000116003	-14136.3
693	0.000116003	-12759
694	0.000116003	-12195.4
695	0.000116003	-11853.7
696	0.000116003	-10007.5
697	0.000116003	-11046.7
698	0.000116003	-11909
699	0.000116003	-12816.5
700	0.000116003	-10678.7
701	0.000116003	-12171.9
702	0.000116003	-13196.9
703	0.000116003	-12855.8
704	0.000116003	-11647.7
705	0.000116003	-11011.2
706	0.000116003	-11124.8
707	0.000116003	-10733.1
708	0.000116003	-12190.9
709	0.000116003	-12979.7
710	0.000116003	-13267.3
711	0.000116003	-12327.4
712	0.000116003	-13180.9
713	0.000116003	-12650
714	0.000116003	-12171.2
715	0.000116003	-11424.8
716	0.000116003	-10720.7
717	0.000116003	-11339.7
718	0.000116003	-11999.1
719	0.000116003	-11052.1
720	0.000116003	-11994.5
721	0.000116003	-12262.2
722	0.000116003	-13434.5
723	0.000116003	-13160
724	0.000116003	-13529.3
725	0.000116003	-11377.2
726	0.000116003	-11005.6
727	0.000116003	-10923.5
728	0.000116003	-12693.1
729	0.000116003	-14138.8
730	0.000116003	-11581.8
731	0.000116003	-11890.5
732	0.000116003	-12927.5
733	0.000116003	-12502.5
734	0.000116003	-11855.7
735	0.000116003	-12168.1
736	0.000116003	-11198.1
737	0.000116003	-11727.5
738	0.000116003	-11491
739	0.000116003	-11550.4
740	0.000116003	-10698.7
741	0.000116003	-9623.74
742	0.000116003	-10831
743	0.000116003	-11238
744	0.000116003	-12732.2
745	0.000116003	-11430.7
746	0.000116003	-11116.9
747	0.000116003	-14756.2
748	0.000116003	-12305
749	0.000116003	-13469.6
750	0.000116003	-11773.4
751	0.000116003	-11081.2
752	0.000116003	-11463.7
753	0.000116003	-10840.2
754	0.000116003	-13109.7
755	0.000116003	-13972
756	0.000116003	-10544.4
757	0.000116003	-14173.8
758	0.000116003	-10840
759	0.000116003	-10896.2
760	0.000116003	-12780.3
761	0.000116003	-11261.8
762	0.000116003	-11440.6
763	0.000116003	-10702.4
764	0.000116003	-10755.6
765	0.000116003	-11016.1
766	0.000116003	-11030.3
767	0.000116003	-10686.6
768	0.000116003	-11242.7
769	0.000116003	-10682.3
770	0.000116003	-11347.7
771	0.000116003	-12040.5
772	0.000116003	-12096.5
773	0.000116003	-11882.5
774	0.000116003	-12163.8
775	0.000116003	-12559
776	0.000116003	-12259.2
777	0.000116003	-11603.3
778	0.000116003	-11144.7
779	0.000116003	-12076.8
780	0.000116003	-12615.9
781	0.000116003	-12974.4
782	0.000116003	-11934.2
783	0.000116003	-11315.4
784	0.000116003	-10997.7
785	0.000116003	-11734.6
786	0.000116003	-11445.8
787	0.000116003	-12775.5
788	0.000116003	-11153.1
789	0.000116003	-10253.3
790	0.000116003	-11942.2
791	0.000116003	-10540.2
792	0.000116003	-13907.2
793	0.000116003	-13315.2
794	0.000116003	-11138.4
795	0.000116003	-11692
796	0.000116003	-10971.8
797	0.000116003	-11337.9
798	0.000116003	-12047.1
799	0.000116003	-15746.2
800	0.000116003	-17936
801	0.000116003	-14933.4
802	0.000116003	-14585.9
803	0.000116003	-16342.4
804	0.000116003	-15682.1
805	0.000116003	-12187.4
806	0.000116003	-11545.5
807	0.000116003	-11309.9
808	0.000116003	-10804.9
809	0.000116003	-13516.9
810	0.000116003	-13229.6
811	0.000116003	-12816.4
812	0.000116003	-12743.6
813	0.000116003	-11440.1
814	0.000116003	-10922.9
815	0.000116003	-10900.5
816	0.000116003	-11108.1
817	0.000116003	-12132.7
818	0.000116003	-11068.5
819	0.000116003	-11275.2
820	0.000116003	-12639.2
821	0.000116003	-17224.3
822	0.000116003	-11618.5
823	0.000116003	-11576.8
824	0.000116003	-12014.9
825	0.000116003	-11475.8
826	0.000116003	-11040
827	0.000116003	-11114.4
828	0.000116003	-12237.2
829	0.000116003	-12165.1
830	0.000116003	-11146.4
831	0.000116003	-11811.2
832	0.000116003	-11090.2
833	0.000116003	-11454.1
834	0.000116003	-12567.4
835	0.000116003	-12120
836	0.000116003	-12647.3
837	0.000116003	-11435.1
838	0.000116003	-10971.6
839	0.000116003	-11773.4
840	0.000116003	-11896.4
841	0.000116003	-12226
842	0.000116003	-12069.8
843	0.000116003	-11823.7
844	0.000116003	-11344.6
845	0.000116003	-12554
846	0.000116003	-12548.6
847	0.000116003	-12465.2
848	0.000116003	-13443.1
849	0.000116003	-13085.5
850	0.000116003	-13048.6
851	0.000116003	-12742.7
852	0.000116003	-13051.5
853	0.000116003	-11814.6
854	0.000116003	-13560.9
855	0.000116003	-11661.9
856	0.000116003	-11696.5
857	0.000116003	-13644.1
858	0.000116003	-14001.4
859	0.000116003	-12378.1
860	0.000116003	-11168.3
861	0.000116003	-10673
862	0.000116003	-10634.9
863	0.000116003	-12438
864	0.000116003	-11502
865	0.000116003	-10995
866	0.000116003	-11279.3
867	0.000116003	-12133.4
868	0.000116003	-11948.2
869	0.000116003	-13463.7
870	0.000116003	-11840.9
871	0.000116003	-12559.1
872	0.000116003	-11404.2
873	0.000116003	-10124.7
874	0.000116003	-16210.9
875	0.000116003	-12406.9
876	0.000116003	-11576.8
877	0.000116003	-13291
878	0.000116003	-12014.4
879	0.000116003	-11200.6
880	0.000116003	-11555.2
881	0.000116003	-10711.9
882	0.000116003	-10804.8
883	0.000116003	-10446.1
884	0.000116003	-10931.1
885	0.000116003	-12574.3
886	0.000116003	-10668.8
887	0.000116003	-11856.4
888	0.000116003	-12577.4
889	0.000116003	-12663.1
890	0.000116003	-13337.7
891	0.000116003	-13094.3
892	0.000116003	-14780.7
893	0.000116003	-11438.2
894	0.000116003	-13279.1
895	0.000116003	-14597.3
896	0.000116003	-11252.8
897	0.000116003	-10322
898	0.000116003	-9860.53
899	0.000116003	-10795.9
900	0.000116003	-11408.7
901	0.000116003	-12470.2
902	0.000116003	-13626.4
903	0.000116003	-11570.3
904	0.000116003	-13020.9
905	0.000116003	-12804.7
906	0.000116003	-12004.9
907	0.000116003	-10019.9
908	0.000116003	-10509.7
909	0.000116003	-14579.2
910	0.000116003	-15344.1
911	0.000116003	-14421.5
912	0.000116003	-14136.2
913	0.000116003	-9813.93
914	0.000116003	-10573.4
915	0.000116003	-11683
916	0.000116003	-10800
917	0.000116003	-12266.9
918	0.000116003	-12351.5
919	0.000116003	-14282.2
920	0.000116003	-11058.7
921	0.000116003	-11396.1
922	0.000116003	-11518.2
923	0.000116003	-12781.6
924	0.000116003	-13013.9
925	0.000116003	-11744.5
926	0.000116003	-10603
927	0.000116003	-10944.3
928	0.000116003	-12010.7
929	0.000116003	-11947.2
930	0.000116003	-12703.6
931	0.000116003	-12156
932	0.000116003	-14588.6
933	0.000116003	-13216.2
934	0.000116003	-12096.1
935	0.000116003	-12192.9
936	0.000116003	-12088.2
937	0.000116003	-9831.98
938	0.000116003	-10775.7
939	0.000116003	-11534.5
940	0.000116003	-11049
941	0.000116003	-12327.8
942	0.000116003	-12280.5
943	0.000116003	-12035.7
944	0.000116003	-11533.6
945	0.000116003	-14100.8
946	0.000116003	-18799.4
947	0.000116003	-10260.2
948	0.000116003	-10700
949	0.000116003	-12201.5
950	0.000116003	-11701.1
951	0.000116003	-12644.6
952	0.000116003	-12661.5
953	0.000116003	-10898
954	0.000116003	-10615.4
955	0.000116003	-12073.7
956	0.000116003	-13536.5
957	0.000116003	-15511
958	0.000116003	-12940.3
959	0.000116003	-12919.7
960	0.000116003	-11874.9
961	0.000116003	-10477.3
962	0.000116003	-12500.7
963	0.000116003	-13212.2
964	0.000116003	-12939.5
965	0.000116003	-12287.8
966	0.000116003	-12513
967	0.000116003	-12023.8
968	0.000116003	-12370.6
969	0.000116003	-11901.2
970	0.000116003	-11366.1
971	0.000116003	-11634.5
972	0.000116003	-13126.9
973	0.000116003	-11354.2
974	0.000116003	-11909.2
975	0.000116003	-10794.4
976	0.000116003	-12054
977	0.000116003	-14008.8
978	0.000116003	-11426.2
979	0.000116003	-10443.2
980	0.000116003	-10887.8
981	0.000116003	-10690.1
982	0.000116003	-11624
983	0.000116003	-12634.2
984	0.000116003	-12125.4
985	0.000116003	-12404.2
986	0.000116003	-12213.4
987	0.000116003	-11993.6
988	0.000116003	-11392.9
989	0.000116003	-11371.9
990	0.000116003	-11167
991	0.000116003	-10946.7
992	0.000116003	-12036.8
993	0.000116003	-14510.2
994	0.000116003	-14552
995	0.000116003	-13664.1
996	0.000116003	-10608.8
997	0.000116003	-11967.7
998	0.000116003	-11708.1
999	0.000116003	-12152.7
1000	0.000116003	-14205.6
251	5.9499e-05	-10377.5
252	5.9499e-05	-10010.8
253	5.9499e-05	-15447.1
254	5.9499e-05	-13362.1
255	5.9499e-05	-12422.7
256	5.9499e-05	-14561.1
257	5.9499e-05	-17447.7
258	5.9499e-05	-16766.2
259	5.9499e-05	-14855.3
260	5.9499e-05	-11746.6
261	5.9499e-05	-13756.8
262	5.9499e-05	-13423.3
263	5.9499e-05	-11952.2
264	5.9499e-05	-12339.1
265	5.9499e-05	-11419.6
266	5.9499e-05	-11126.2
267	5.9499e-05	-12694.1
268	5.9499e-05	-15956.4
269	5.9499e-05	-12983.7
270	5.9499e-05	-10781.3
271	5.9499e-05	-13613
272	5.9499e-05	-13346.5
273	5.9499e-05	-12804
274	5.9499e-05	-12688.3
275	5.9499e-05	-14620.7
276	5.9499e-05	-12671.9
277	5.9499e-05	-13671.8
278	5.9499e-05	-13162.8
279	5.9499e-05	-10425.3
280	5.9499e-05	-11210.7
281	5.9499e-05	-12250.8
282	5.9499e-05	-14078.3
283	5.9499e-05	-13087.3
284	5.9499e-05	-13169.3
285	5.9499e-05	-14415.2
286	5.9499e-05	-14035.6
287	5.9499e-05	-12207.7
288	5.9499e-05	-11904.2
289	5.9499e-05	-11743.8
290	5.9499e-05	-10665.8
291	5.9499e-05	-10570.6
292	5.9499e-05	-11134.3
293	5.9499e-05	-11142.2
294	5.9499e-05	-10789.3
295	5.9499e-05	-11791.8
296	5.9499e-05	-11309.5
297	5.9499e-05	-11507.7
298	5.9499e-05	-11192.6
299	5.9499e-05	-10924.1
300	5.9499e-05	-13563.3
301	5.9499e-05	-15200.6
302	5.9499e-05	-12500.1
303	5.9499e-05	-11546.1
304	5.9499e-05	-12600.3
305	5.9499e-05	-13168
306	5.9499e-05	-13799
307	5.9499e-05	-12287.5
308	5.9499e-05	-13284.2
309	5.9499e-05	-12257.1
310	5.9499e-05	-13147
311	5.9499e-05	-12156.9
312	5.9499e-05	-11514
313	5.9499e-05	-13326.4
314	5.9499e-05	-14694.6
315	5.9499e-05	-15050.1
316	5.9499e-05	-13094.6
317	5.9499e-05	-11721.2
318	5.9499e-05	-10481.9
319	5.9499e-05	-11418.3
320	5.9499e-05	-10567.6
321	5.9499e-05	-10835.1
322	5.9499e-05	-10787
323	5.9499e-05	-10175.2
324	5.9499e-05	-11386.1
325	5.9499e-05	-10906.3
326	5.9499e-05	-11371.4
327	5.9499e-05	-11229.1
328	5.9499e-05	-10609.5
329	5.9499e-05	-10313.7
330	5.9499e-05	-10249.9
331	5.9499e-05	-11783
332	5.9499e-05	-10899.1
333	5.9499e-05	-11438.1
334	5.9499e-05	-10861.2
335	5.9499e-05	-13911.1
336	5.9499e-05	-14103
337	5.9499e-05	-14472.9
338	5.9499e-05	-12311.1
339	5.9499e-05	-11265.3
340	5.9499e-05	-11948.7
341	5.9499e-05	-12768
342	5.9499e-05	-12563.3
343	5.9499e-05	-11132.1
344	5.9499e-05	-10595
345	5.9499e-05	-10720.9
346	5.9499e-05	-11915.1
347	5.9499e-05	-11244.4
348	5.9499e-05	-10956.9
349	5.9499e-05	-11391.9
350	5.9499e-05	-11524.4
351	5.9499e-05	-12501.5
352	5.9499e-05	-14370.1
353	5.9499e-05	-11913.5
354	5.9499e-05	-11702.6
355	5.9499e-05	-12375.5
356	5.9499e-05	-12118.5
357	5.9499e-05	-11717.5
358	5.9499e-05	-12020.1
359	5.9499e-05	-13359
360	5.9499e-05	-13630.7
361	5.9499e-05	-15095.8
362	5.9499e-05	-20551.5
363	5.9499e-05	-16335.1
364	5.9499e-05	-11908.7
365	5.9499e-05	-10375.2
366	5.9499e-05	-10734.7
367	5.9499e-05	-12768.1
368	5.9499e-05	-13715.7
369	5.9499e-05	-12195.6
370	5.9499e-05	-12371.2
371	5.9499e-05	-16098.6
372	5.9499e-05	-15019.1
373	5.9499e-05	-10865.9
374	5.9499e-05	-10433
375	5.9499e-05	-10470.1
376	5.9499e-05	-11746.3
377	5.9499e-05	-11522.4
378	5.9499e-05	-12302.8
379	5.9499e-05	-11601
380	5.9499e-05	-9983.72
381	5.9499e-05	-11881.4
382	5.9499e-05	-11561
383	5.9499e-05	-12916.1
384	5.9499e-05	-14804.4
385	5.9499e-05	-13655.2
386	5.9499e-05	-11784.8
387	5.9499e-05	-10609.2
388	5.9499e-05	-12671.3
389	5.9499e-05	-12049.6
390	5.9499e-05	-11587
391	5.9499e-05	-12424.5
392	5.9499e-05	-11467.5
393	5.9499e-05	-12196
394	5.9499e-05	-12321.6
395	5.9499e-05	-11448.4
396	5.9499e-05	-15813.9
397	5.9499e-05	-11980.1
398	5.9499e-05	-10847.6
399	5.9499e-05	-11632.4
400	5.9499e-05	-13107.5
401	5.9499e-05	-12335.7
402	5.9499e-05	-14284.6
403	5.9499e-05	-11503.4
404	5.9499e-05	-11881.1
405	5.9499e-05	-13058.9
406	5.9499e-05	-12714.7
407	5.9499e-05	-17376
408	5.9499e-05	-15838.6
409	5.9499e-05	-12936.1
410	5.9499e-05	-13856.7
411	5.9499e-05	-13276.5
412	5.9499e-05	-12617.4
413	5.9499e-05	-11071.6
414	5.9499e-05	-11482.7
415	5.9499e-05	-11971.2
416	5.9499e-05	-11814.5
417	5.9499e-05	-10708.7
418	5.9499e-05	-10276
419	5.9499e-05	-9903.11
420	5.9499e-05	-10617.3
421	5.9499e-05	-13236
422	5.9499e-05	-13108.2
423	5.9499e-05	-15291.9
424	5.9499e-05	-12812.5
425	5.9499e-05	-9852.28
426	5.9499e-05	-10176.6
427	5.9499e-05	-10767.8
428	5.9499e-05	-13520.6
429	5.9499e-05	-11311
430	5.9499e-05	-10956.1
431	5.9499e-05	-11311
432	5.9499e-05	-11914
433	5.9499e-05	-11412.7
434	5.9499e-05	-12980.5
435	5.9499e-05	-10378.2
436	5.9499e-05	-12020.5
437	5.9499e-05	-14040.5
438	5.9499e-05	-14611.6
439	5.9499e-05	-11602.4
440	5.9499e-05	-15501.4
441	5.9499e-05	-13527.5
442	5.9499e-05	-12176.5
443	5.9499e-05	-14176.7
444	5.9499e-05	-13605
445	5.9499e-05	-12361.1
446	5.9499e-05	-12309.6
447	5.9499e-05	-12306.9
448	5.9499e-05	-13534.2
449	5.9499e-05	-11165.2
450	5.9499e-05	-10040.3
451	5.9499e-05	-12596.1
452	5.9499e-05	-13054.1
453	5.9499e-05	-14597.7
454	5.9499e-05	-15669.3
455	5.9499e-05	-14385.4
456	5.9499e-05	-15403.5
457	5.9499e-05	-11664.1
458	5.9499e-05	-11325.7
459	5.9499e-05	-11089.4
460	5.9499e-05	-12116.8
461	5.9499e-05	-11744.1
462	5.9499e-05	-12261
463	5.9499e-05	-12881.4
464	5.9499e-05	-11925.9
465	5.9499e-05	-13522.6
466	5.9499e-05	-11917.9
467	5.9499e-05	-11616.4
468	5.9499e-05	-12285.5
469	5.9499e-05	-17084.8
470	5.9499e-05	-17839
471	5.9499e-05	-13330.2
472	5.9499e-05	-11149.1
473	5.9499e-05	-15922.4
474	5.9499e-05	-12452
475	5.9499e-05	-11513.6
476	5.9499e-05	-12281.3
477	5.9499e-05	-10026.3
478	5.9499e-05	-11548.3
479	5.9499e-05	-11495.5
480	5.9499e-05	-15124.7
481	5.9499e-05	-13093.3
482	5.9499e-05	-13361
483	5.9499e-05	-13692.5
484	5.9499e-05	-14554.1
485	5.9499e-05	-13241.8
486	5.9499e-05	-15522.8
487	5.9499e-05	-14521.6
488	5.9499e-05	-12433.4
489	5.9499e-05	-11196.1
490	5.9499e-05	-13007.4
491	5.9499e-05	-11344.6
492	5.9499e-05	-10214.6
493	5.9499e-05	-10754.3
494	5.9499e-05	-11512.5
495	5.9499e-05	-12261.9
496	5.9499e-05	-12800
497	5.9499e-05	-12232.8
498	5.9499e-05	-14854.9
499	5.9499e-05	-14669.6
500	5.9499e-05	-11719
501	5.9499e-05	-11453.1
502	5.9499e-05	-12255.3
503	5.9499e-05	-11308.7
504	5.9499e-05	-10839.2
505	5.9499e-05	-11057.7
506	5.9499e-05	-13639.4
507	5.9499e-05	-15021
508	5.9499e-05	-12011.2
509	5.9499e-05	-10396.7
510	5.9499e-05	-10440.8
511	5.9499e-05	-11971.1
512	5.9499e-05	-12691.1
513	5.9499e-05	-12915.3
514	5.9499e-05	-12473.5
515	5.9499e-05	-14223.6
516	5.9499e-05	-11071.6
517	5.9499e-05	-13178.6
518	5.9499e-05	-11978.2
519	5.9499e-05	-12551.3
520	5.9499e-05	-12244.6
521	5.9499e-05	-13294.9
522	5.9499e-05	-11771.8
523	5.9499e-05	-12033.1
524	5.9499e-05	-11936.1
525	5.9499e-05	-11660.2
526	5.9499e-05	-13472.8
527	5.9499e-05	-11463.5
528	5.9499e-05	-11166.8
529	5.9499e-05	-11547.6
530	5.9499e-05	-11911.5
531	5.9499e-05	-10262.9
532	5.9499e-05	-11627.6
533	5.9499e-05	-10820.8
534	5.9499e-05	-12971.3
535	5.9499e-05	-13202.2
536	5.9499e-05	-11857.4
537	5.9499e-05	-13458.6
538	5.9499e-05	-12902.1
539	5.9499e-05	-13223.1
540	5.9499e-05	-13897.8
541	5.9499e-05	-11806.5
542	5.9499e-05	-11484.2
543	5.9499e-05	-11017.7
544	5.9499e-05	-11335.1
545	5.9499e-05	-12541
546	5.9499e-05	-12192.8
547	5.9499e-05	-12606.7
548	5.9499e-05	-11973.1
549	5.9499e-05	-11753.7
550	5.9499e-05	-11632.7
551	5.9499e-05	-11917.6
552	5.9499e-05	-11360.8
553	5.9499e-05	-11938.6
554	5.9499e-05	-11477.7
555	5.9499e-05	-10886.1
556	5.9499e-05	-11345.3
557	5.9499e-05	-12579.6
558	5.9499e-05	-11434.7
559	5.9499e-05	-12725.3
560	5.9499e-05	-11592.8
561	5.9499e-05	-11142.3
562	5.9499e-05	-12303.8
563	5.9499e-05	-11486.7
564	5.9499e-05	-15124.8
565	5.9499e-05	-11535.2
566	5.9499e-05	-12825.3
567	5.9499e-05	-10998
568	5.9499e-05	-10971.8
569	5.9499e-05	-12429.1
570	5.9499e-05	-12958.2
571	5.9499e-05	-13722.6
572	5.9499e-05	-15820.4
573	5.9499e-05	-14006.4
574	5.9499e-05	-14046.6
575	5.9499e-05	-16738.8
576	5.9499e-05	-13546
577	5.9499e-05	-16338
578	5.9499e-05	-13176.9
579	5.9499e-05	-13247.1
580	5.9499e-05	-12882
581	5.9499e-05	-11698.8
582	5.9499e-05	-12149.8
583	5.9499e-05	-12644.9
584	5.9499e-05	-11801.8
585	5.9499e-05	-12170.7
586	5.9499e-05	-10660.9
587	5.9499e-05	-10748
588	5.9499e-05	-12390.2
589	5.9499e-05	-11522.5
590	5.9499e-05	-11608.6
591	5.9499e-05	-11402.4
592	5.9499e-05	-10226.3
593	5.9499e-05	-13549.3
594	5.9499e-05	-13057.2
595	5.9499e-05	-13837.5
596	5.9499e-05	-11134.9
597	5.9499e-05	-12446.1
598	5.9499e-05	-14224.7
599	5.9499e-05	-12641
600	5.9499e-05	-11618.3
601	5.9499e-05	-11944.8
602	5.9499e-05	-13725.9
603	5.9499e-05	-13333.4
604	5.9499e-05	-13410.9
605	5.9499e-05	-13331.6
606	5.9499e-05	-15683
607	5.9499e-05	-13420.4
608	5.9499e-05	-11923.1
609	5.9499e-05	-10692.6
610	5.9499e-05	-11208.1
611	5.9499e-05	-10860.4
612	5.9499e-05	-11126
613	5.9499e-05	-12323.4
614	5.9499e-05	-11172.2
615	5.9499e-05	-12141.9
616	5.9499e-05	-12309.6
617	5.9499e-05	-12497.1
618	5.9499e-05	-14362.2
619	5.9499e-05	-14426.5
620	5.9499e-05	-12781
621	5.9499e-05	-12250.3
622	5.9499e-05	-12030.5
623	5.9499e-05	-16598.8
624	5.9499e-05	-15292.6
625	5.9499e-05	-15346.7
626	5.9499e-05	-15762.6
627	5.9499e-05	-13104.3
628	5.9499e-05	-12529.9
629	5.9499e-05	-13568.5
630	5.9499e-05	-10652.7
631	5.9499e-05	-13163
632	5.9499e-05	-10687.1
633	5.9499e-05	-12083.1
634	5.9499e-05	-11081.5
635	5.9499e-05	-11686.9
636	5.9499e-05	-12214
637	5.9499e-05	-11757.1
638	5.9499e-05	-11017.2
639	5.9499e-05	-10943.8
640	5.9499e-05	-10999.5
641	5.9499e-05	-12409.1
642	5.9499e-05	-10803.8
643	5.9499e-05	-11534.2
644	5.9499e-05	-11989.2
645	5.9499e-05	-12095.3
646	5.9499e-05	-14365.4
647	5.9499e-05	-11810.1
648	5.9499e-05	-12476.2
649	5.9499e-05	-12441.5
650	5.9499e-05	-12015.2
651	5.9499e-05	-11986.6
652	5.9499e-05	-12482.9
653	5.9499e-05	-12090.1
654	5.9499e-05	-11726.2
655	5.9499e-05	-10644.4
656	5.9499e-05	-10053.5
657	5.9499e-05	-10967.8
658	5.9499e-05	-11001.6
659	5.9499e-05	-11664.8
660	5.9499e-05	-12051.4
661	5.9499e-05	-11926.2
662	5.9499e-05	-12440.2
663	5.9499e-05	-11722.7
664	5.9499e-05	-10825.1
665	5.9499e-05	-10040.3
666	5.9499e-05	-12216.6
667	5.9499e-05	-11347.8
668	5.9499e-05	-12386.1
669	5.9499e-05	-13456.2
670	5.9499e-05	-10945.9
671	5.9499e-05	-12969.9
672	5.9499e-05	-13158.2
673	5.9499e-05	-10754.5
674	5.9499e-05	-10885.5
675	5.9499e-05	-12018.7
676	5.9499e-05	-11472.3
677	5.9499e-05	-10867.8
678	5.9499e-05	-13056.7
679	5.9499e-05	-12125.2
680	5.9499e-05	-12892.2
681	5.9499e-05	-11641.9
682	5.9499e-05	-12393.1
683	5.9499e-05	-11098.4
684	5.9499e-05	-10915.5
685	5.9499e-05	-12359.8
686	5.9499e-05	-11931.8
687	5.9499e-05	-13815.4
688	5.9499e-05	-12845.2
689	5.9499e-05	-13337.3
690	5.9499e-05	-10580.7
691	5.9499e-05	-13949.8
692	5.9499e-05	-14226.7
693	5.9499e-05	-14647.3
694	5.9499e-05	-13753.9
695	5.9499e-05	-11858.3
696	5.9499e-05	-12342
697	5.9499e-05	-11869.9
698	5.9499e-05	-11509.9
699	5.9499e-05	-11358
700	5.9499e-05	-11567.5
701	5.9499e-05	-10337.9
702	5.9499e-05	-11001
703	5.9499e-05	-12338.7
704	5.9499e-05	-14057.7
705	5.9499e-05	-13451
706	5.9499e-05	-13820.4
707	5.9499e-05	-13240.1
708	5.9499e-05	-12504.6
709	5.9499e-05	-13011.1
710	5.9499e-05	-12534.9
711	5.9499e-05	-12441.5
712	5.9499e-05	-13067.4
713	5.9499e-05	-11664.7
714	5.9499e-05	-11931.5
715	5.9499e-05	-11549.2
716	5.9499e-05	-11969.6
717	5.9499e-05	-11166.8
718	5.9499e-05	-11606.4
719	5.9499e-05	-12937
720	5.9499e-05	-11510.4
721	5.9499e-05	-10957.5
722	5.9499e-05	-13300.3
723	5.9499e-05	-11598
724	5.9499e-05	-13896.3
725	5.9499e-05	-13770.1
726	5.9499e-05	-11749.5
727	5.9499e-05	-12598
728	5.9499e-05	-12557.8
729	5.9499e-05	-10876.4
730	5.9499e-05	-12693
731	5.9499e-05	-13119.9
732	5.9499e-05	-13433.1
733	5.9499e-05	-13248.9
734	5.9499e-05	-13816.6
735	5.9499e-05	-11543.5
736	5.9499e-05	-11273.5
737	5.9499e-05	-11746.2
738	5.9499e-05	-18440.9
739	5.9499e-05	-19966
740	5.9499e-05	-15289.4
741	5.9499e-05	-12846.6
742	5.9499e-05	-12826.1
743	5.9499e-05	-13026.5
744	5.9499e-05	-11449.4
745	5.9499e-05	-12471.4
746	5.9499e-05	-11665.8
747	5.9499e-05	-11691.7
748	5.9499e-05	-10256.4
749	5.9499e-05	-12188.1
750	5.9499e-05	-11830.5
751	5.9499e-05	-10714.9
752	5.9499e-05	-11987.1
753	5.9499e-05	-12406.8
754	5.9499e-05	-12171.9
755	5.9499e-05	-13236.8
756	5.9499e-05	-12828.7
757	5.9499e-05	-10479.9
758	5.9499e-05	-9652.95
759	5.9499e-05	-12973
760	5.9499e-05	-13650.8
761	5.9499e-05	-13595.3
762	5.9499e-05	-13738
763	5.9499e-05	-15634.6
764	5.9499e-05	-15058.8
765	5.9499e-05	-12272.3
766	5.9499e-05	-12777.9
767	5.9499e-05	-10756.5
768	5.9499e-05	-11119.9
769	5.9499e-05	-13028.1
770	5.9499e-05	-13308.8
771	5.9499e-05	-13280.4
772	5.9499e-05	-12595.5
773	5.9499e-05	-10981.6
774	5.9499e-05	-13960.2
775	5.9499e-05	-14502.6
776	5.9499e-05	-18589.6
777	5.9499e-05	-17604.8
778	5.9499e-05	-12269.7
779	5.9499e-05	-14045.1
780	5.9499e-05	-11456.7
781	5.9499e-05	-11657
782	5.9499e-05	-11596.2
783	5.9499e-05	-10768.8
784	5.9499e-05	-12452.8
785	5.9499e-05	-13765.8
786	5.9499e-05	-14907.6
787	5.9499e-05	-13903.3
788	5.9499e-05	-14058.5
789	5.9499e-05	-15179
790	5.9499e-05	-11648.3
791	5.9499e-05	-13559.6
792	5.9499e-05	-11678.9
793	5.9499e-05	-11186.3
794	5.9499e-05	-11448.9
795	5.9499e-05	-10657.3
796	5.9499e-05	-13377.3
797	5.9499e-05	-14325.3
798	5.9499e-05	-15430.1
799	5.9499e-05	-12955.8
800	5.9499e-05	-14269.6
801	5.9499e-05	-14445.4
802	5.9499e-05	-14038.5
803	5.9499e-05	-11030.9
804	5.9499e-05	-10296.8
805	5.9499e-05	-11705.8
806	5.9499e-05	-10519.1
807	5.9499e-05	-11792.3
808	5.9499e-05	-11986
809	5.9499e-05	-12331.4
810	5.9499e-05	-11932.4
811	5.9499e-05	-11088.9
812	5.9499e-05	-10706.1
813	5.9499e-05	-10812
814	5.9499e-05	-12749.9
815	5.9499e-05	-13358.3
816	5.9499e-05	-12579.7
817	5.9499e-05	-12893.5
818	5.9499e-05	-12489.6
819	5.9499e-05	-13590.4
820	5.9499e-05	-14198.4
821	5.9499e-05	-12311.4
822	5.9499e-05	-13058.1
823	5.9499e-05	-14804
824	5.9499e-05	-16291.4
825	5.9499e-05	-12033.7
826	5.9499e-05	-13967.3
827	5.9499e-05	-11439.1
828	5.9499e-05	-12608.4
829	5.9499e-05	-12328.7
830	5.9499e-05	-11350.2
831	5.9499e-05	-11638
832	5.9499e-05	-12567.3
833	5.9499e-05	-13168.4
834	5.9499e-05	-14999.7
835	5.9499e-05	-10783.2
836	5.9499e-05	-11583.5
837	5.9499e-05	-13489.1
838	5.9499e-05	-13364.3
839	5.9499e-05	-13430.3
840	5.9499e-05	-13076.6
841	5.9499e-05	-16933.6
842	5.9499e-05	-13341.9
843	5.9499e-05	-13992.6
844	5.9499e-05	-12171.5
845	5.9499e-05	-11639.6
846	5.9499e-05	-12320.6
847	5.9499e-05	-12595
848	5.9499e-05	-11940.4
849	5.9499e-05	-10456.9
850	5.9499e-05	-10530.5
851	5.9499e-05	-11024.9
852	5.9499e-05	-10736.8
853	5.9499e-05	-11234.3
854	5.9499e-05	-12772.2
855	5.9499e-05	-13087.3
856	5.9499e-05	-10555.5
857	5.9499e-05	-11048.7
858	5.9499e-05	-10712.9
859	5.9499e-05	-11668.7
860	5.9499e-05	-10609
861	5.9499e-05	-11939
862	5.9499e-05	-10434
863	5.9499e-05	-11293.3
864	5.9499e-05	-13843.9
865	5.9499e-05	-13589.2
866	5.9499e-05	-14828.9
867	5.9499e-05	-16199.9
868	5.9499e-05	-14595.5
869	5.9499e-05	-14385.8
870	5.9499e-05	-12963.2
871	5.9499e-05	-12922.2
872	5.9499e-05	-13443.1
873	5.9499e-05	-17173.4
874	5.9499e-05	-14804.4
875	5.9499e-05	-14677.8
876	5.9499e-05	-15973.7
877	5.9499e-05	-14181.1
878	5.9499e-05	-11698
879	5.9499e-05	-11301.8
880	5.9499e-05	-12979.6
881	5.9499e-05	-15181.1
882	5.9499e-05	-13442.9
883	5.9499e-05	-14328.2
884	5.9499e-05	-12480.2
885	5.9499e-05	-13875.7
886	5.9499e-05	-13576.6
887	5.9499e-05	-14913.8
888	5.9499e-05	-11628.2
889	5.9499e-05	-11981.6
890	5.9499e-05	-10057.9
891	5.9499e-05	-11014.7
892	5.9499e-05	-11747
893	5.9499e-05	-13678.8
894	5.9499e-05	-12277.1
895	5.9499e-05	-13539.9
896	5.9499e-05	-11846.8
897	5.9499e-05	-12652
898	5.9499e-05	-9982.48
899	5.9499e-05	-14184.3
900	5.9499e-05	-14255.5
901	5.9499e-05	-15882.1
902	5.9499e-05	-14467.8
903	5.9499e-05	-11312.4
904	5.9499e-05	-10598.3
905	5.9499e-05	-10839.8
906	5.9499e-05	-12428.6
907	5.9499e-05	-11498
908	5.9499e-05	-12182.2
909	5.9499e-05	-12091.4
910	5.9499e-05	-13798.1
911	5.9499e-05	-11156.5
912	5.9499e-05	-10983.4
913	5.9499e-05	-11405.5
914	5.9499e-05	-11542.3
915	5.9499e-05	-10977.5
916	5.9499e-05	-12953
917	5.9499e-05	-11150.1
918	5.9499e-05	-10547.7
919	5.9499e-05	-11419.3
920	5.9499e-05	-14135.3
921	5.9499e-05	-13450.5
922	5.9499e-05	-12423.9
923	5.9499e-05	-11178.3
924	5.9499e-05	-13704.2
925	5.9499e-05	-13565.1
926	5.9499e-05	-13977.7
927	5.9499e-05	-10873.9
928	5.9499e-05	-11049.2
929	5.9499e-05	-14499.8
930	5.9499e-05	-14849.1
931	5.9499e-05	-13114
932	5.9499e-05	-11449.9
933	5.9499e-05	-14842.3
934	5.9499e-05	-10641.6
935	5.9499e-05	-10877.6
936	5.9499e-05	-11608
937	5.9499e-05	-11397.5
938	5.9499e-05	-12274.1
939	5.9499e-05	-10703.1
940	5.9499e-05	-10686.1
941	5.9499e-05	-12043.3
942	5.9499e-05	-11523.9
943	5.9499e-05	-10795.9
944	5.9499e-05	-12007.3
945	5.9499e-05	-13518.6
946	5.9499e-05	-11063.4
947	5.9499e-05	-11788.4
948	5.9499e-05	-12021
949	5.9499e-05	-11675.2
950	5.9499e-05	-10719
951	5.9499e-05	-12596.8
952	5.9499e-05	-11544.4
953	5.9499e-05	-9847.37
954	5.9499e-05	-10804.8
955	5.9499e-05	-11577
956	5.9499e-05	-11152.8
957	5.9499e-05	-12132.3
958	5.9499e-05	-11762.8
959	5.9499e-05	-11306.8
960	5.9499e-05	-10607
961	5.9499e-05	-10207.2
962	5.9499e-05	-10692
963	5.9499e-05	-10403.2
964	5.9499e-05	-10993.3
965	5.9499e-05	-11571.1
966	5.9499e-05	-12776.9
967	5.9499e-05	-12521.9
968	5.9499e-05	-11230.3
969	5.9499e-05	-12721.2
970	5.9499e-05	-13969.6
971	5.9499e-05	-14465.1
972	5.9499e-05	-13340.6
973	5.9499e-05	-12140
974	5.9499e-05	-12721.7
975	5.9499e-05	-11403.9
976	5.9499e-05	-12931.9
977	5.9499e-05	-10947.4
978	5.9499e-05	-12223.8
979	5.9499e-05	-14664.6
980	5.9499e-05	-12467.2
981	5.9499e-05	-13538.5
982	5.9499e-05	-12992.4
983	5.9499e-05	-11624.7
984	5.9499e-05	-10401.9
985	5.9499e-05	-10806.2
986	5.9499e-05	-12316.5
987	5.9499e-05	-12280.5
988	5.9499e-05	-14516.6
989	5.9499e-05	-15472
990	5.9499e-05	-14549.4
991	5.9499e-05	-13538.9
992	5.9499e-05	-13477.2
993	5.9499e-05	-12018.5
994	5.9499e-05	-12193.6
995	5.9499e-05	-11605.1
996	5.9499e-05	-12555.1
997	5.9499e-05	-12357
998	5.9499e-05	-11800.7
999	5.9499e-05	-10947.2
1000	5.9499e-05	-10941.6
251	2.75281e-05	-11798.6
252	2.75281e-05	-11750.1
253	2.75281e-05	-11926.1
254	2.75281e-05	-12467.7
255	2.75281e-05	-10147
256	2.75281e-05	-11000.7
257	2.75281e-05	-12455.1
258	2.75281e-05	-12561.6
259	2.75281e-05	-13108.7
260	2.75281e-05	-11893.8
261	2.75281e-05	-10585.5
262	2.75281e-05	-10880.3
263	2.75281e-05	-13861
264	2.75281e-05	-13192.8
265	2.75281e-05	-15226.7
266	2.75281e-05	-15998.9
267	2.75281e-05	-13879.3
268	2.75281e-05	-14422.1
269	2.75281e-05	-12267.9
270	2.75281e-05	-13224.3
271	2.75281e-05	-12643.7
272	2.75281e-05	-13142.9
273	2.75281e-05	-13041.7
274	2.75281e-05	-13314.6
275	2.75281e-05	-11326.7
276	2.75281e-05	-11312.3
277	2.75281e-05	-10697.5
278	2.75281e-05	-13282.6
279	2.75281e-05	-11569
280	2.75281e-05	-11920.4
281	2.75281e-05	-11184.6
282	2.75281e-05	-12349.1
283	2.75281e-05	-12701.3
284	2.75281e-05	-13905.4
285	2.75281e-05	-11936
286	2.75281e-05	-11646.3
287	2.75281e-05	-16188.5
288	2.75281e-05	-11171.5
289	2.75281e-05	-12596.8
290	2.75281e-05	-12413.9
291	2.75281e-05	-11370.3
292	2.75281e-05	-11983
293	2.75281e-05	-11819.7
294	2.75281e-05	-15086.2
295	2.75281e-05	-13881.8
296	2.75281e-05	-13682.9
297	2.75281e-05	-11679.4
298	2.75281e-05	-15837
299	2.75281e-05	-12706.9
300	2.75281e-05	-10447.3
301	2.75281e-05	-11645.9
302	2.75281e-05	-11224.8
303	2.75281e-05	-11387
304	2.75281e-05	-12670.1
305	2.75281e-05	-12602.1
306	2.75281e-05	-10579.5
307	2.75281e-05	-10993.1
308	2.75281e-05	-12099.1
309	2.75281e-05	-11549.7
310	2.75281e-05	-12689.8
311	2.75281e-05	-11737.2
312	2.75281e-05	-13906.1
313	2.75281e-05	-13329.5
314	2.75281e-05	-14982
315	2.75281e-05	-13563.5
316	2.75281e-05	-15430.9
317	2.75281e-05	-12776.3
318	2.75281e-05	-10805.6
319	2.75281e-05	-12025
320	2.75281e-05	-10946.5
321	2.75281e-05	-13567.3
322	2.75281e-05	-11915.7
323	2.75281e-05	-9730.78
324	2.75281e-05	-12937.9
325	2.75281e-05	-12712.7
326	2.75281e-05	-13629.6
327	2.75281e-05	-12728.3
328	2.75281e-05	-14059.9
329	2.75281e-05	-14029.4
330	2.75281e-05	-11682.3
331	2.75281e-05	-10906.9
332	2.75281e-05	-10162.2
333	2.75281e-05	-11896.3
334	2.75281e-05	-12070.7
335	2.75281e-05	-13746.7
336	2.75281e-05	-10601.6
337	2.75281e-05	-13169.8
338	2.75281e-05	-12429.4
339	2.75281e-05	-11710.7
340	2.75281e-05	-13733
341	2.75281e-05	-12498.7
342	2.75281e-05	-12536.6
343	2.75281e-05	-11755
344	2.75281e-05	-10874.1
345	2.75281e-05	-10461.2
346	2.75281e-05	-12961.5
347	2.75281e-05	-13621.6
348	2.75281e-05	-13811
349	2.75281e-05	-12004.3
350	2.75281e-05	-13801.4
351	2.75281e-05	-13571.4
352	2.75281e-05	-12456.7
353	2.75281e-05	-13205.8
354	2.75281e-05	-11331.3
355	2.75281e-05	-15691.7
356	2.75281e-05	-15091.3
357	2.75281e-05	-11423.9
358	2.75281e-05	-15259.2
359	2.75281e-05	-11623.2
360	2.75281e-05	-13440.1
361	2.75281e-05	-10826
362	2.75281e-05	-12180.6
363	2.75281e-05	-11181.3
364	2.75281e-05	-10629.8
365	2.75281e-05	-15040.7
366	2.75281e-05	-15055.9
367	2.75281e-05	-15271.8
368	2.75281e-05	-12066.9
369	2.75281e-05	-13550.3
370	2.75281e-05	-13008.8
371	2.75281e-05	-12267.8
372	2.75281e-05	-13427.5
373	2.75281e-05	-14506.9
374	2.75281e-05	-11654
375	2.75281e-05	-11865.3
376	2.75281e-05	-12452.8
377	2.75281e-05	-15845.5
378	2.75281e-05	-12515.2
379	2.75281e-05	-11946.5
380	2.75281e-05	-12377.9
381	2.75281e-05	-12955.8
382	2.75281e-05	-12448.9
383	2.75281e-05	-12071
384	2.75281e-05	-12978.5
385	2.75281e-05	-11119.4
386	2.75281e-05	-10862.1
387	2.75281e-05	-10934.1
388	2.75281e-05	-11656.4
389	2.75281e-05	-12594.6
390	2.75281e-05	-12069.5
391	2.75281e-05	-11102.6
392	2.75281e-05	-11503.7
393	2.75281e-05	-10806.8
394	2.75281e-05	-12591.1
395	2.75281e-05	-11598.1
396	2.75281e-05	-11552.6
397	2.75281e-05	-10977.5
398	2.75281e-05	-11169.6
399	2.75281e-05	-10231.2
400	2.75281e-05	-10809.4
401	2.75281e-05	-10288.7
402	2.75281e-05	-11042.4
403	2.75281e-05	-14947.5
404	2.75281e-05	-10859.4
405	2.75281e-05	-17166.6
406	2.75281e-05	-11106.9
407	2.75281e-05	-11515.6
408	2.75281e-05	-14947.7
409	2.75281e-05	-11881.6
410	2.75281e-05	-11739.3
411	2.75281e-05	-13338.4
412	2.75281e-05	-12524.1
413	2.75281e-05	-13798.3
414	2.75281e-05	-14092.5
415	2.75281e-05	-14152
416	2.75281e-05	-14943
417	2.75281e-05	-13840.1
418	2.75281e-05	-15394.5
419	2.75281e-05	-13472.6
420	2.75281e-05	-14863.5
421	2.75281e-05	-15173
422	2.75281e-05	-12870.6
423	2.75281e-05	-10587.2
424	2.75281e-05	-11987.4
425	2.75281e-05	-11621.3
426	2.75281e-05	-11331.3
427	2.75281e-05	-13405.9
428	2.75281e-05	-11894.5
429	2.75281e-05	-12553.4
430	2.75281e-05	-12075.5
431	2.75281e-05	-10112.1
432	2.75281e-05	-10045.7
433	2.75281e-05	-10600.6
434	2.75281e-05	-10159.2
435	2.75281e-05	-10025.3
436	2.75281e-05	-13661.8
437	2.75281e-05	-12683.6
438	2.75281e-05	-11641.2
439	2.75281e-05	-11793.5
440	2.75281e-05	-10418.1
441	2.75281e-05	-13634.8
442	2.75281e-05	-13416.4
443	2.75281e-05	-11401.5
444	2.75281e-05	-11901.8
445	2.75281e-05	-11098
446	2.75281e-05	-12186.7
447	2.75281e-05	-12309.7
448	2.75281e-05	-16198.5
449	2.75281e-05	-12567.1
450	2.75281e-05	-11528.8
451	2.75281e-05	-11415.6
452	2.75281e-05	-10410
453	2.75281e-05	-10551.8
454	2.75281e-05	-10801.1
455	2.75281e-05	-12976.5
456	2.75281e-05	-10376.8
457	2.75281e-05	-11455.5
458	2.75281e-05	-12295.6
459	2.75281e-05	-12034.3
460	2.75281e-05	-14849.9
461	2.75281e-05	-11872.3
462	2.75281e-05	-11989
463	2.75281e-05	-12390.7
464	2.75281e-05	-11640.5
465	2.75281e-05	-10847.9
466	2.75281e-05	-13201.4
467	2.75281e-05	-14729.6
468	2.75281e-05	-11243.4
469	2.75281e-05	-11906.6
470	2.75281e-05	-13557.2
471	2.75281e-05	-10342.1
472	2.75281e-05	-11771.6
473	2.75281e-05	-12814.2
474	2.75281e-05	-11146.9
475	2.75281e-05	-10524.6
476	2.75281e-05	-11913.9
477	2.75281e-05	-10903.3
478	2.75281e-05	-9996.97
479	2.75281e-05	-11117
480	2.75281e-05	-10458.4
481	2.75281e-05	-10107.5
482	2.75281e-05	-10338.8
483	2.75281e-05	-10182.1
484	2.75281e-05	-12731.8
485	2.75281e-05	-12023.5
486	2.75281e-05	-11555.3
487	2.75281e-05	-12535.5
488	2.75281e-05	-14185
489	2.75281e-05	-11274.8
490	2.75281e-05	-12510.7
491	2.75281e-05	-11618.7
492	2.75281e-05	-10816.8
493	2.75281e-05	-10353.7
494	2.75281e-05	-12054.9
495	2.75281e-05	-13859
496	2.75281e-05	-12222.3
497	2.75281e-05	-12422.1
498	2.75281e-05	-13492.5
499	2.75281e-05	-12094.6
500	2.75281e-05	-11058.9
501	2.75281e-05	-10607.4
502	2.75281e-05	-10877.5
503	2.75281e-05	-12129.9
504	2.75281e-05	-10768.2
505	2.75281e-05	-12705.1
506	2.75281e-05	-10846.9
507	2.75281e-05	-11071.1
508	2.75281e-05	-10269.1
509	2.75281e-05	-12398.7
510	2.75281e-05	-11254.7
511	2.75281e-05	-16069.1
512	2.75281e-05	-11320.8
513	2.75281e-05	-13723.8
514	2.75281e-05	-12171.9
515	2.75281e-05	-12678.8
516	2.75281e-05	-11358.3
517	2.75281e-05	-11526.7
518	2.75281e-05	-13820.2
519	2.75281e-05	-15711.8
520	2.75281e-05	-14552.7
521	2.75281e-05	-13733.3
522	2.75281e-05	-13636.4
523	2.75281e-05	-15989.9
524	2.75281e-05	-14957.9
525	2.75281e-05	-13623.4
526	2.75281e-05	-11485.8
527	2.75281e-05	-12399.5
528	2.75281e-05	-11549.1
529	2.75281e-05	-11566.2
530	2.75281e-05	-13012.7
531	2.75281e-05	-12461.1
532	2.75281e-05	-12108
533	2.75281e-05	-12301.6
534	2.75281e-05	-11882.3
535	2.75281e-05	-16200.6
536	2.75281e-05	-17404.3
537	2.75281e-05	-13589.2
538	2.75281e-05	-12962.6
539	2.75281e-05	-12611.7
540	2.75281e-05	-13930.9
541	2.75281e-05	-11585.5
542	2.75281e-05	-12509.8
543	2.75281e-05	-15270.7
544	2.75281e-05	-12595
545	2.75281e-05	-11659.1
546	2.75281e-05	-13174.2
547	2.75281e-05	-11298.9
548	2.75281e-05	-13610.5
549	2.75281e-05	-13440.2
550	2.75281e-05	-12774.7
551	2.75281e-05	-12373.3
552	2.75281e-05	-12472.2
553	2.75281e-05	-12697.7
554	2.75281e-05	-14234.8
555	2.75281e-05	-12108.6
556	2.75281e-05	-13691.8
557	2.75281e-05	-17048.6
558	2.75281e-05	-12792.6
559	2.75281e-05	-13351
560	2.75281e-05	-11807.2
561	2.75281e-05	-11820
562	2.75281e-05	-11661.3
563	2.75281e-05	-13366.7
564	2.75281e-05	-13405.9
565	2.75281e-05	-13448.6
566	2.75281e-05	-12522.3
567	2.75281e-05	-12085.8
568	2.75281e-05	-11849.4
569	2.75281e-05	-13098.9
570	2.75281e-05	-11937.4
571	2.75281e-05	-10979.7
572	2.75281e-05	-11680.4
573	2.75281e-05	-12593
574	2.75281e-05	-12836.5
575	2.75281e-05	-11916.8
576	2.75281e-05	-10837.1
577	2.75281e-05	-11824.7
578	2.75281e-05	-10530.2
579	2.75281e-05	-10745
580	2.75281e-05	-11781.8
581	2.75281e-05	-11885.9
582	2.75281e-05	-10901.2
583	2.75281e-05	-10909.4
584	2.75281e-05	-11826.7
585	2.75281e-05	-15615.8
586	2.75281e-05	-15022.6
587	2.75281e-05	-13833
588	2.75281e-05	-17245.7
589	2.75281e-05	-16138.7
590	2.75281e-05	-12777.5
591	2.75281e-05	-13373.9
592	2.75281e-05	-12544.4
593	2.75281e-05	-12101.2
594	2.75281e-05	-12393.6
595	2.75281e-05	-12646.5
596	2.75281e-05	-12712.4
597	2.75281e-05	-14430.9
598	2.75281e-05	-14170.8
599	2.75281e-05	-12497.3
600	2.75281e-05	-16368.4
601	2.75281e-05	-14195.2
602	2.75281e-05	-14865.7
603	2.75281e-05	-11335.3
604	2.75281e-05	-11294
605	2.75281e-05	-11707.2
606	2.75281e-05	-10326.9
607	2.75281e-05	-11192.2
608	2.75281e-05	-10505.2
609	2.75281e-05	-11195.4
610	2.75281e-05	-10691.6
611	2.75281e-05	-10618.4
612	2.75281e-05	-11019.7
613	2.75281e-05	-10847.3
614	2.75281e-05	-12976.9
615	2.75281e-05	-12894.4
616	2.75281e-05	-12107.9
617	2.75281e-05	-12948.8
618	2.75281e-05	-14009.9
619	2.75281e-05	-12546.3
620	2.75281e-05	-13383.3
621	2.75281e-05	-13426.2
622	2.75281e-05	-13850.9
623	2.75281e-05	-12227.9
624	2.75281e-05	-12142.3
625	2.75281e-05	-11668.4
626	2.75281e-05	-12731
627	2.75281e-05	-13354.8
628	2.75281e-05	-11562.7
629	2.75281e-05	-12929.7
630	2.75281e-05	-11543.1
631	2.75281e-05	-14813.5
632	2.75281e-05	-14356.3
633	2.75281e-05	-13217.7
634	2.75281e-05	-12289.2
635	2.75281e-05	-11951.1
636	2.75281e-05	-14557.1
637	2.75281e-05	-15149.6
638	2.75281e-05	-12502.6
639	2.75281e-05	-12757.5
640	2.75281e-05	-12516.5
641	2.75281e-05	-12510.5
642	2.75281e-05	-11008
643	2.75281e-05	-10772.7
644	2.75281e-05	-11586.4
645	2.75281e-05	-12326.9
646	2.75281e-05	-10628.5
647	2.75281e-05	-10886
648	2.75281e-05	-10631
649	2.75281e-05	-10050.5
650	2.75281e-05	-10606.6
651	2.75281e-05	-12460.1
652	2.75281e-05	-13086.9
653	2.75281e-05	-12220.8
654	2.75281e-05	-13833.2
655	2.75281e-05	-12889.8
656	2.75281e-05	-14352.8
657	2.75281e-05	-12886.8
658	2.75281e-05	-12673.3
659	2.75281e-05	-13026.4
660	2.75281e-05	-10237.3
661	2.75281e-05	-11093
662	2.75281e-05	-11066.5
663	2.75281e-05	-10442.9
664	2.75281e-05	-11972.2
665	2.75281e-05	-10583.2
666	2.75281e-05	-10673.7
667	2.75281e-05	-15728.4
668	2.75281e-05	-11555.5
669	2.75281e-05	-12201.5
670	2.75281e-05	-10717.6
671	2.75281e-05	-11453.8
672	2.75281e-05	-11862.3
673	2.75281e-05	-11893.5
674	2.75281e-05	-11798.7
675	2.75281e-05	-13068.3
676	2.75281e-05	-12129.7
677	2.75281e-05	-10635.3
678	2.75281e-05	-11502.1
679	2.75281e-05	-11175.9
680	2.75281e-05	-10831.5
681	2.75281e-05	-12520.4
682	2.75281e-05	-11891.8
683	2.75281e-05	-10915.6
684	2.75281e-05	-11639.8
685	2.75281e-05	-10714.4
686	2.75281e-05	-10124.6
687	2.75281e-05	-10510.2
688	2.75281e-05	-11519.3
689	2.75281e-05	-11604.4
690	2.75281e-05	-11709
691	2.75281e-05	-13754.4
692	2.75281e-05	-11702.3
693	2.75281e-05	-14193.7
694	2.75281e-05	-10285.4
695	2.75281e-05	-12264
696	2.75281e-05	-11486.8
697	2.75281e-05	-13760.1
698	2.75281e-05	-15579.5
699	2.75281e-05	-14763.5
700	2.75281e-05	-14010.2
701	2.75281e-05	-11781.2
702	2.75281e-05	-13200.7
703	2.75281e-05	-11010.9
704	2.75281e-05	-13193
705	2.75281e-05	-12896.5
706	2.75281e-05	-12374.1
707	2.75281e-05	-11467.8
708	2.75281e-05	-11843.8
709	2.75281e-05	-12599.8
710	2.75281e-05	-11299.7
711	2.75281e-05	-11981.6
712	2.75281e-05	-12118.9
713	2.75281e-05	-12451.7
714	2.75281e-05	-11684.4
715	2.75281e-05	-14323
716	2.75281e-05	-12638.4
717	2.75281e-05	-13253.4
718	2.75281e-05	-11295.6
719	2.75281e-05	-12974.9
720	2.75281e-05	-12461.6
721	2.75281e-05	-11004.5
722	2.75281e-05	-11610.1
723	2.75281e-05	-10510.3
724	2.75281e-05	-10362.4
725	2.75281e-05	-11638.6
726	2.75281e-05	-11953.5
727	2.75281e-05	-12672.5
728	2.75281e-05	-11584.3
729	2.75281e-05	-13722.9
730	2.75281e-05	-13359.5
731	2.75281e-05	-12903.6
732	2.75281e-05	-11498
733	2.75281e-05	-11541.5
734	2.75281e-05	-11416.4
735	2.75281e-05	-11025.5
736	2.75281e-05	-11339.6
737	2.75281e-05	-13300.6
738	2.75281e-05	-13808.1
739	2.75281e-05	-13830.5
740	2.75281e-05	-13852.6
741	2.75281e-05	-11315
742	2.75281e-05	-11434.2
743	2.75281e-05	-15344.7
744	2.75281e-05	-15404.2
745	2.75281e-05	-11709.7
746	2.75281e-05	-12142.6
747	2.75281e-05	-11897
748	2.75281e-05	-13370.3
749	2.75281e-05	-11564
750	2.75281e-05	-10809.8
751	2.75281e-05	-11143.7
752	2.75281e-05	-12526.1
753	2.75281e-05	-11703.3
754	2.75281e-05	-11046.1
755	2.75281e-05	-11335.3
756	2.75281e-05	-14216.4
757	2.75281e-05	-14887.6
758	2.75281e-05	-16014.7
759	2.75281e-05	-12273.8
760	2.75281e-05	-10653.9
761	2.75281e-05	-10651
762	2.75281e-05	-11445.8
763	2.75281e-05	-10644.5
764	2.75281e-05	-11881.6
765	2.75281e-05	-11310.5
766	2.75281e-05	-11170.3
767	2.75281e-05	-14226.2
768	2.75281e-05	-14743.4
769	2.75281e-05	-11485.6
770	2.75281e-05	-15383
771	2.75281e-05	-12043.1
772	2.75281e-05	-13267.4
773	2.75281e-05	-12230.5
774	2.75281e-05	-10816.1
775	2.75281e-05	-12384.5
776	2.75281e-05	-10612.4
777	2.75281e-05	-12095.3
778	2.75281e-05	-11636
779	2.75281e-05	-13529.5
780	2.75281e-05	-13391
781	2.75281e-05	-15098.9
782	2.75281e-05	-12205.8
783	2.75281e-05	-12294.9
784	2.75281e-05	-10847.6
785	2.75281e-05	-11313.8
786	2.75281e-05	-11407
787	2.75281e-05	-11329.9
788	2.75281e-05	-12550.1
789	2.75281e-05	-12794.6
790	2.75281e-05	-11631.5
791	2.75281e-05	-12251.8
792	2.75281e-05	-12018.2
793	2.75281e-05	-11736.9
794	2.75281e-05	-10720.5
795	2.75281e-05	-12744
796	2.75281e-05	-10824.2
797	2.75281e-05	-11900.5
798	2.75281e-05	-11729.1
799	2.75281e-05	-12375.9
800	2.75281e-05	-12492.9
801	2.75281e-05	-11491.4
802	2.75281e-05	-13579.9
803	2.75281e-05	-13917.3
804	2.75281e-05	-11463.5
805	2.75281e-05	-15146.9
806	2.75281e-05	-13456.5
807	2.75281e-05	-11413.8
808	2.75281e-05	-11039.9
809	2.75281e-05	-11145.1
810	2.75281e-05	-11804.1
811	2.75281e-05	-13668.4
812	2.75281e-05	-14512.3
813	2.75281e-05	-10990.5
814	2.75281e-05	-12563.8
815	2.75281e-05	-12119
816	2.75281e-05	-11592
817	2.75281e-05	-10704.4
818	2.75281e-05	-10304.7
819	2.75281e-05	-11915.4
820	2.75281e-05	-11938.1
821	2.75281e-05	-10662.1
822	2.75281e-05	-10657
823	2.75281e-05	-12204.7
824	2.75281e-05	-12955.1
825	2.75281e-05	-11546
826	2.75281e-05	-13541.9
827	2.75281e-05	-11026.9
828	2.75281e-05	-11575.2
829	2.75281e-05	-12820.1
830	2.75281e-05	-13862.3
831	2.75281e-05	-10594.4
832	2.75281e-05	-15071.1
833	2.75281e-05	-10477.7
834	2.75281e-05	-11453.3
835	2.75281e-05	-12076.9
836	2.75281e-05	-12091.2
837	2.75281e-05	-12410.2
838	2.75281e-05	-14276
839	2.75281e-05	-11448.3
840	2.75281e-05	-11356.5
841	2.75281e-05	-10582
842	2.75281e-05	-11752.4
843	2.75281e-05	-11680.4
844	2.75281e-05	-11575.9
845	2.75281e-05	-16662.6
846	2.75281e-05	-11291.4
847	2.75281e-05	-12499.9
848	2.75281e-05	-13009.1
849	2.75281e-05	-11964.9
850	2.75281e-05	-12135.8
851	2.75281e-05	-14257.6
852	2.75281e-05	-11233.9
853	2.75281e-05	-14238.1
854	2.75281e-05	-10979.7
855	2.75281e-05	-11082.7
856	2.75281e-05	-11154.5
857	2.75281e-05	-11551.7
858	2.75281e-05	-11641.9
859	2.75281e-05	-12631.7
860	2.75281e-05	-10428.3
861	2.75281e-05	-11201.8
862	2.75281e-05	-11855
863	2.75281e-05	-10525.4
864	2.75281e-05	-10938.6
865	2.75281e-05	-15089.9
866	2.75281e-05	-10523.6
867	2.75281e-05	-11225.4
868	2.75281e-05	-11270.8
869	2.75281e-05	-12334.1
870	2.75281e-05	-13804.6
871	2.75281e-05	-12900
872	2.75281e-05	-11065
873	2.75281e-05	-12761.4
874	2.75281e-05	-12732.2
875	2.75281e-05	-12700.3
876	2.75281e-05	-11717
877	2.75281e-05	-10532.7
878	2.75281e-05	-11894
879	2.75281e-05	-10966.9
880	2.75281e-05	-10832.1
881	2.75281e-05	-11294.9
882	2.75281e-05	-11170
883	2.75281e-05	-12594.7
884	2.75281e-05	-10574.5
885	2.75281e-05	-10897.4
886	2.75281e-05	-13602.5
887	2.75281e-05	-12567.3
888	2.75281e-05	-14391.3
889	2.75281e-05	-11254.9
890	2.75281e-05	-12329.2
891	2.75281e-05	-11802
892	2.75281e-05	-13796.1
893	2.75281e-05	-14197.9
894	2.75281e-05	-16099.1
895	2.75281e-05	-17019.8
896	2.75281e-05	-15109.1
897	2.75281e-05	-12048.2
898	2.75281e-05	-11683.2
899	2.75281e-05	-11133.1
900	2.75281e-05	-11601.8
901	2.75281e-05	-13009.7
902	2.75281e-05	-13073.8
903	2.75281e-05	-13895
904	2.75281e-05	-12506.8
905	2.75281e-05	-12290.9
906	2.75281e-05	-11187.1
907	2.75281e-05	-14153.2
908	2.75281e-05	-14243.2
909	2.75281e-05	-12186.6
910	2.75281e-05	-11195.8
911	2.75281e-05	-12372.1
912	2.75281e-05	-11164.5
913	2.75281e-05	-10656.8
914	2.75281e-05	-10467.8
915	2.75281e-05	-15059.8
916	2.75281e-05	-11100.7
917	2.75281e-05	-11816.5
918	2.75281e-05	-13204.7
919	2.75281e-05	-12433.6
920	2.75281e-05	-13107.3
921	2.75281e-05	-11359
922	2.75281e-05	-10589.6
923	2.75281e-05	-11111.5
924	2.75281e-05	-11658.7
925	2.75281e-05	-12876.4
926	2.75281e-05	-12299.2
927	2.75281e-05	-13007.5
928	2.75281e-05	-12026.6
929	2.75281e-05	-13702.4
930	2.75281e-05	-13093.7
931	2.75281e-05	-11279.8
932	2.75281e-05	-11576.1
933	2.75281e-05	-12957.9
934	2.75281e-05	-11822
935	2.75281e-05	-13438.4
936	2.75281e-05	-12106.4
937	2.75281e-05	-11062.3
938	2.75281e-05	-12887.7
939	2.75281e-05	-11268.6
940	2.75281e-05	-11386.6
941	2.75281e-05	-11704.9
942	2.75281e-05	-10592.4
943	2.75281e-05	-11106.9
944	2.75281e-05	-11168.7
945	2.75281e-05	-12317.8
946	2.75281e-05	-12180.6
947	2.75281e-05	-12214.5
948	2.75281e-05	-10166.8
949	2.75281e-05	-10767.2
950	2.75281e-05	-11113.6
951	2.75281e-05	-13073.6
952	2.75281e-05	-14577
953	2.75281e-05	-12072.3
954	2.75281e-05	-15125.1
955	2.75281e-05	-14777.6
956	2.75281e-05	-11572.5
957	2.75281e-05	-13736.5
958	2.75281e-05	-12733.4
959	2.75281e-05	-11601.5
960	2.75281e-05	-15394.1
961	2.75281e-05	-18627.4
962	2.75281e-05	-13911.7
963	2.75281e-05	-11110.3
964	2.75281e-05	-11859.1
965	2.75281e-05	-15073.4
966	2.75281e-05	-14441.6
967	2.75281e-05	-14520.3
968	2.75281e-05	-15401.4
969	2.75281e-05	-14786.6
970	2.75281e-05	-16489.4
971	2.75281e-05	-15562.6
972	2.75281e-05	-17860.6
973	2.75281e-05	-20421.9
974	2.75281e-05	-18764.9
975	2.75281e-05	-11630.4
976	2.75281e-05	-12859.4
977	2.75281e-05	-14015.6
978	2.75281e-05	-12370.7
979	2.75281e-05	-12813
980	2.75281e-05	-12013.8
981	2.75281e-05	-11916.2
982	2.75281e-05	-11085.6
983	2.75281e-05	-14179
984	2.75281e-05	-15801.7
985	2.75281e-05	-16304.1
986	2.75281e-05	-16043.9
987	2.75281e-05	-14729.2
988	2.75281e-05	-13621.4
989	2.75281e-05	-11975.7
990	2.75281e-05	-14805.8
991	2.75281e-05	-11176.8
992	2.75281e-05	-12974.2
993	2.75281e-05	-13014.5
994	2.75281e-05	-10884.3
995	2.75281e-05	-11207.4
996	2.75281e-05	-11845
997	2.75281e-05	-11782.4
998	2.75281e-05	-13435.2
999	2.75281e-05	-12449
1000	2.75281e-05	-11025.9
251	1.10629e-05	-12051
252	1.10629e-05	-14996.6
253	1.10629e-05	-11115.4
254	1.10629e-05	-12317.3
255	1.10629e-05	-11482.8
256	1.10629e-05	-14118.7
257	1.10629e-05	-12360.6
258	1.10629e-05	-12564.1
259	1.10629e-05	-14183.2
260	1.10629e-05	-10487.4
261	1.10629e-05	-11382.6
262	1.10629e-05	-12005.1
263	1.10629e-05	-10752.7
264	1.10629e-05	-10541.2
265	1.10629e-05	-12131.8
266	1.10629e-05	-10456.8
267	1.10629e-05	-11602.3
268	1.10629e-05	-14644
269	1.10629e-05	-11204.8
270	1.10629e-05	-10803.2
271	1.10629e-05	-12316.6
272	1.10629e-05	-11870
273	1.10629e-05	-13465.7
274	1.10629e-05	-12288.2
275	1.10629e-05	-13070.1
276	1.10629e-05	-13169.9
277	1.10629e-05	-12154.5
278	1.10629e-05	-13563.9
279	1.10629e-05	-13561.5
280	1.10629e-05	-12840.6
281	1.10629e-05	-14006.5
282	1.10629e-05	-13272.1
283	1.10629e-05	-12225.6
284	1.10629e-05	-11131.8
285	1.10629e-05	-15700.7
286	1.10629e-05	-12762.4
287	1.10629e-05	-14926.6
288	1.10629e-05	-15851.9
289	1.10629e-05	-14988.5
290	1.10629e-05	-14949.2
291	1.10629e-05	-14789.5
292	1.10629e-05	-11093.3
293	1.10629e-05	-11067.2
294	1.10629e-05	-13390.6
295	1.10629e-05	-11641.2
296	1.10629e-05	-12801
297	1.10629e-05	-12232.8
298	1.10629e-05	-11590.5
299	1.10629e-05	-12730.9
300	1.10629e-05	-14843.9
301	1.10629e-05	-12953.9
302	1.10629e-05	-12663.2
303	1.10629e-05	-13496.8
304	1.10629e-05	-14186.5
305	1.10629e-05	-13353.4
306	1.10629e-05	-10854.3
307	1.10629e-05	-11795.8
308	1.10629e-05	-15190.4
309	1.10629e-05	-13164.7
310	1.10629e-05	-15778.5
311	1.10629e-05	-15446.6
312	1.10629e-05	-13814.9
313	1.10629e-05	-14594.5
314	1.10629e-05	-14128.6
315	1.10629e-05	-13627
316	1.10629e-05	-12394
317	1.10629e-05	-14916.6
318	1.10629e-05	-14015.2
319	1.10629e-05	-11897.7
320	1.10629e-05	-12393.2
321	1.10629e-05	-10763.5
322	1.10629e-05	-10369.6
323	1.10629e-05	-10798.4
324	1.10629e-05	-10720.2
325	1.10629e-05	-10562.5
326	1.10629e-05	-10321.9
327	1.10629e-05	-11805.7
328	1.10629e-05	-12456.4
329	1.10629e-05	-13003.6
330	1.10629e-05	-12962.8
331	1.10629e-05	-12223.9
332	1.10629e-05	-13131.8
333	1.10629e-05	-14364.6
334	1.10629e-05	-12077.2
335	1.10629e-05	-11681.5
336	1.10629e-05	-10824.2
337	1.10629e-05	-11496.7
338	1.10629e-05	-10009.2
339	1.10629e-05	-12684.7
340	1.10629e-05	-14446.8
341	1.10629e-05	-14525.5
342	1.10629e-05	-12752.4
343	1.10629e-05	-14836.5
344	1.10629e-05	-15820.4
345	1.10629e-05	-15481.3
346	1.10629e-05	-12369.9
347	1.10629e-05	-10748.6
348	1.10629e-05	-13764.8
349	1.10629e-05	-14493
350	1.10629e-05	-14269.4
351	1.10629e-05	-10944.3
352	1.10629e-05	-11535.1
353	1.10629e-05	-15648.2
354	1.10629e-05	-14796.5
355	1.10629e-05	-14903
356	1.10629e-05	-11004.8
357	1.10629e-05	-12041.8
358	1.10629e-05	-11194.4
359	1.10629e-05	-10885.1
360	1.10629e-05	-11001.1
361	1.10629e-05	-10722.6
362	1.10629e-05	-9920.11
363	1.10629e-05	-14062.5
364	1.10629e-05	-14279.5
365	1.10629e-05	-13048.4
366	1.10629e-05	-13333.9
367	1.10629e-05	-12461.9
368	1.10629e-05	-11729.4
369	1.10629e-05	-11894.4
370	1.10629e-05	-13455.1
371	1.10629e-05	-11173.1
372	1.10629e-05	-12665.8
373	1.10629e-05	-10895.5
374	1.10629e-05	-15289.9
375	1.10629e-05	-12301.6
376	1.10629e-05	-12280.8
377	1.10629e-05	-11210.1
378	1.10629e-05	-12077.7
379	1.10629e-05	-11421.6
380	1.10629e-05	-11575.4
381	1.10629e-05	-11832
382	1.10629e-05	-12433.1
383	1.10629e-05	-12783.7
384	1.10629e-05	-11245.6
385	1.10629e-05	-12363.3
386	1.10629e-05	-11317.5
387	1.10629e-05	-13001
388	1.10629e-05	-12565.9
389	1.10629e-05	-12036.4
390	1.10629e-05	-11835.5
391	1.10629e-05	-10441.4
392	1.10629e-05	-10321.2
393	1.10629e-05	-11259.8
394	1.10629e-05	-10896.5
395	1.10629e-05	-11612.7
396	1.10629e-05	-11686.8
397	1.10629e-05	-12421.2
398	1.10629e-05	-9585.08
399	1.10629e-05	-12081.6
400	1.10629e-05	-13314.2
401	1.10629e-05	-13336.9
402	1.10629e-05	-13174.3
403	1.10629e-05	-11632.7
404	1.10629e-05	-12085.9
405	1.10629e-05	-10644.4
406	1.10629e-05	-12088.4
407	1.10629e-05	-14314
408	1.10629e-05	-13144.2
409	1.10629e-05	-11757.7
410	1.10629e-05	-12252.9
411	1.10629e-05	-11125.9
412	1.10629e-05	-13120.5
413	1.10629e-05	-13829.8
414	1.10629e-05	-11524.2
415	1.10629e-05	-12814.5
416	1.10629e-05	-12839.1
417	1.10629e-05	-10986.3
418	1.10629e-05	-21096.3
419	1.10629e-05	-15778.5
420	1.10629e-05	-13508.5
421	1.10629e-05	-14437.1
422	1.10629e-05	-13714.4
423	1.10629e-05	-11684.1
424	1.10629e-05	-12053.7
425	1.10629e-05	-13223.4
426	1.10629e-05	-12725.1
427	1.10629e-05	-10289.8
428	1.10629e-05	-11386.7
429	1.10629e-05	-11764.9
430	1.10629e-05	-11076
431	1.10629e-05	-10722.5
432	1.10629e-05	-10585.5
433	1.10629e-05	-11915.8
434	1.10629e-05	-15709.8
435	1.10629e-05	-13290.5
436	1.10629e-05	-16041.9
437	1.10629e-05	-12356.4
438	1.10629e-05	-13392.3
439	1.10629e-05	-14017.9
440	1.10629e-05	-12475.8
441	1.10629e-05	-11908.5
442	1.10629e-05	-16602.7
443	1.10629e-05	-12002
444	1.10629e-05	-12152.8
445	1.10629e-05	-11169.3
446	1.10629e-05	-11591.5
447	1.10629e-05	-15327.9
448	1.10629e-05	-14748.9
449	1.10629e-05	-12096.1
450	1.10629e-05	-13488.3
451	1.10629e-05	-14204.1
452	1.10629e-05	-16530.7
453	1.10629e-05	-10404.9
454	1.10629e-05	-12140.9
455	1.10629e-05	-13673.4
456	1.10629e-05	-12945
457	1.10629e-05	-15369.9
458	1.10629e-05	-13935.8
459	1.10629e-05	-12233.4
460	1.10629e-05	-12923.2
461	1.10629e-05	-11257.7
462	1.10629e-05	-12359.5
463	1.10629e-05	-12942.2
464	1.10629e-05	-10892.1
465	1.10629e-05	-11132.8
466	1.10629e-05	-11366.9
467	1.10629e-05	-11971.6
468	1.10629e-05	-12696.9
469	1.10629e-05	-12729.3
470	1.10629e-05	-12943.1
471	1.10629e-05	-11743
472	1.10629e-05	-11107.3
473	1.10629e-05	-12305.8
474	1.10629e-05	-12694.5
475	1.10629e-05	-11515.2
476	1.10629e-05	-10389.6
477	1.10629e-05	-11075.7
478	1.10629e-05	-11334.5
479	1.10629e-05	-12468.9
480	1.10629e-05	-11581.9
481	1.10629e-05	-11324.3
482	1.10629e-05	-10368
483	1.10629e-05	-11099
484	1.10629e-05	-11573.2
485	1.10629e-05	-10799.8
486	1.10629e-05	-13190.6
487	1.10629e-05	-12791.3
488	1.10629e-05	-12708.8
489	1.10629e-05	-11157.9
490	1.10629e-05	-11029.5
491	1.10629e-05	-14540.4
492	1.10629e-05	-12711.3
493	1.10629e-05	-12044.5
494	1.10629e-05	-12870.4
495	1.10629e-05	-11624.4
496	1.10629e-05	-12921.9
497	1.10629e-05	-13075.7
498	1.10629e-05	-14678
499	1.10629e-05	-13417.7
500	1.10629e-05	-13822.7
501	1.10629e-05	-17395
502	1.10629e-05	-13654.3
503	1.10629e-05	-14257.8
504	1.10629e-05	-12129.3
505	1.10629e-05	-11658.9
506	1.10629e-05	-12822.1
507	1.10629e-05	-13233.5
508	1.10629e-05	-10859.2
509	1.10629e-05	-13224.1
510	1.10629e-05	-11535.7
511	1.10629e-05	-12227.9
512	1.10629e-05	-10875.1
513	1.10629e-05	-12142.3
514	1.10629e-05	-10742.1
515	1.10629e-05	-11072.5
516	1.10629e-05	-16667.4
517	1.10629e-05	-12208.8
518	1.10629e-05	-12433.7
519	1.10629e-05	-11682.2
520	1.10629e-05	-11527.1
521	1.10629e-05	-11940.6
522	1.10629e-05	-11987.8
523	1.10629e-05	-11717.9
524	1.10629e-05	-12312.5
525	1.10629e-05	-11276.3
526	1.10629e-05	-11101.3
527	1.10629e-05	-10543.7
528	1.10629e-05	-10675.5
529	1.10629e-05	-10193.9
530	1.10629e-05	-10263.3
531	1.10629e-05	-10831.2
532	1.10629e-05	-12722.9
533	1.10629e-05	-12718
534	1.10629e-05	-14044.7
535	1.10629e-05	-12164.6
536	1.10629e-05	-10946.4
537	1.10629e-05	-11543.4
538	1.10629e-05	-12020.9
539	1.10629e-05	-11775.8
540	1.10629e-05	-11673.5
541	1.10629e-05	-13939.6
542	1.10629e-05	-13709.5
543	1.10629e-05	-14282.1
544	1.10629e-05	-13365.1
545	1.10629e-05	-11757
546	1.10629e-05	-12850.8
547	1.10629e-05	-13573.7
548	1.10629e-05	-11972.4
549	1.10629e-05	-12196.6
550	1.10629e-05	-12190.1
551	1.10629e-05	-12490.7
552	1.10629e-05	-11519.3
553	1.10629e-05	-12340.6
554	1.10629e-05	-13488.6
555	1.10629e-05	-10911.1
556	1.10629e-05	-11238.5
557	1.10629e-05	-11057.7
558	1.10629e-05	-12526.8
559	1.10629e-05	-13140.9
560	1.10629e-05	-13676.4
561	1.10629e-05	-11708.9
562	1.10629e-05	-11526.6
563	1.10629e-05	-13866.9
564	1.10629e-05	-11024.5
565	1.10629e-05	-16262.5
566	1.10629e-05	-13205.6
567	1.10629e-05	-11810.4
568	1.10629e-05	-10958
569	1.10629e-05	-11867.7
570	1.10629e-05	-11988.1
571	1.10629e-05	-13002.8
572	1.10629e-05	-10909
573	1.10629e-05	-13042.1
574	1.10629e-05	-13337
575	1.10629e-05	-12858.8
576	1.10629e-05	-13143.9
577	1.10629e-05	-13537.2
578	1.10629e-05	-12577.6
579	1.10629e-05	-13148.6
580	1.10629e-05	-14014.4
581	1.10629e-05	-11117.4
582	1.10629e-05	-10500.1
583	1.10629e-05	-12028.7
584	1.10629e-05	-10754.3
585	1.10629e-05	-11288.1
586	1.10629e-05	-10617
587	1.10629e-05	-12269.7
588	1.10629e-05	-13337.1
589	1.10629e-05	-12682.4
590	1.10629e-05	-13230.1
591	1.10629e-05	-13403.1
592	1.10629e-05	-15650.8
593	1.10629e-05	-14877.5
594	1.10629e-05	-14471.8
595	1.10629e-05	-11273.6
596	1.10629e-05	-13245.9
597	1.10629e-05	-13151.3
598	1.10629e-05	-12653.8
599	1.10629e-05	-13596.7
600	1.10629e-05	-17209.4
601	1.10629e-05	-15527.5
602	1.10629e-05	-14418.5
603	1.10629e-05	-15237.6
604	1.10629e-05	-10715.2
605	1.10629e-05	-11447.7
606	1.10629e-05	-11351.1
607	1.10629e-05	-10996.9
608	1.10629e-05	-16471.3
609	1.10629e-05	-16560.1
610	1.10629e-05	-10731.9
611	1.10629e-05	-12139.9
612	1.10629e-05	-13015.3
613	1.10629e-05	-12371.2
614	1.10629e-05	-10780.9
615	1.10629e-05	-11258
616	1.10629e-05	-12265.8
617	1.10629e-05	-10814
618	1.10629e-05	-11279.9
619	1.10629e-05	-11218.8
620	1.10629e-05	-10723.1
621	1.10629e-05	-11440.9
622	1.10629e-05	-12938.7
623	1.10629e-05	-12201.4
624	1.10629e-05	-13513.7
625	1.10629e-05	-11450.6
626	1.10629e-05	-11655.6
627	1.10629e-05	-12064.1
628	1.10629e-05	-11664
629	1.10629e-05	-10780.2
630	1.10629e-05	-16321.1
631	1.10629e-05	-12207.5
632	1.10629e-05	-11237.7
633	1.10629e-05	-10530.5
634	1.10629e-05	-11717.5
635	1.10629e-05	-12214.3
636	1.10629e-05	-12005.7
637	1.10629e-05	-12080.3
638	1.10629e-05	-10423.3
639	1.10629e-05	-10021.3
640	1.10629e-05	-10288.7
641	1.10629e-05	-11181.4
642	1.10629e-05	-11150.7
643	1.10629e-05	-12380.1
644	1.10629e-05	-13379
645	1.10629e-05	-14791.4
646	1.10629e-05	-11076.2
647	1.10629e-05	-10758.4
648	1.10629e-05	-10156.5
649	1.10629e-05	-11371.3
650	1.10629e-05	-11087.1
651	1.10629e-05	-10659.4
652	1.10629e-05	-11589.7
653	1.10629e-05	-15539
654	1.10629e-05	-11800.1
655	1.10629e-05	-10524.1
656	1.10629e-05	-10622.4
657	1.10629e-05	-12166.2
658	1.10629e-05	-13220.9
659	1.10629e-05	-12091.9
660	1.10629e-05	-12159.2
661	1.10629e-05	-11424.6
662	1.10629e-05	-11471.7
663	1.10629e-05	-12447.2
664	1.10629e-05	-12922.7
665	1.10629e-05	-12759.7
666	1.10629e-05	-10119.5
667	1.10629e-05	-16147
668	1.10629e-05	-15960.8
669	1.10629e-05	-12380.1
670	1.10629e-05	-12599.7
671	1.10629e-05	-11700.9
672	1.10629e-05	-12324.7
673	1.10629e-05	-14080.9
674	1.10629e-05	-9811.12
675	1.10629e-05	-11177.5
676	1.10629e-05	-13215.8
677	1.10629e-05	-11753.3
678	1.10629e-05	-13593.3
679	1.10629e-05	-13959
680	1.10629e-05	-14673.7
681	1.10629e-05	-13943.3
682	1.10629e-05	-13704
683	1.10629e-05	-12442.2
684	1.10629e-05	-16317.8
685	1.10629e-05	-16150.7
686	1.10629e-05	-12260.4
687	1.10629e-05	-10426.6
688	1.10629e-05	-11739.8
689	1.10629e-05	-16074.2
690	1.10629e-05	-11039.7
691	1.10629e-05	-11762
692	1.10629e-05	-13419.7
693	1.10629e-05	-12469.2
694	1.10629e-05	-10453.1
695	1.10629e-05	-12929.5
696	1.10629e-05	-10924.3
697	1.10629e-05	-10243.5
698	1.10629e-05	-12514.1
699	1.10629e-05	-14871.8
700	1.10629e-05	-13329.5
701	1.10629e-05	-13552
702	1.10629e-05	-11912.9
703	1.10629e-05	-12962.5
704	1.10629e-05	-12431.4
705	1.10629e-05	-11295.3
706	1.10629e-05	-11662.7
707	1.10629e-05	-11371.1
708	1.10629e-05	-10176.4
709	1.10629e-05	-10568.7
710	1.10629e-05	-11877.8
711	1.10629e-05	-12602.5
712	1.10629e-05	-11842.8
713	1.10629e-05	-11496
714	1.10629e-05	-10849.6
715	1.10629e-05	-10939
716	1.10629e-05	-10439.6
717	1.10629e-05	-14754.2
718	1.10629e-05	-16230.3
719	1.10629e-05	-15615.4
720	1.10629e-05	-13717.4
721	1.10629e-05	-11846.1
722	1.10629e-05	-16047.3
723	1.10629e-05	-12844.8
724	1.10629e-05	-13627.9
725	1.10629e-05	-13452.5
726	1.10629e-05	-12135.9
727	1.10629e-05	-12939.6
728	1.10629e-05	-10343.8
729	1.10629e-05	-11426.8
730	1.10629e-05	-11316.8
731	1.10629e-05	-9613.79
732	1.10629e-05	-11573.6
733	1.10629e-05	-11156
734	1.10629e-05	-10601
735	1.10629e-05	-9900.64
736	1.10629e-05	-10054.8
737	1.10629e-05	-16454.5
738	1.10629e-05	-14671
739	1.10629e-05	-10008
740	1.10629e-05	-10712.2
741	1.10629e-05	-11000.6
742	1.10629e-05	-11029.9
743	1.10629e-05	-12133
744	1.10629e-05	-12157.7
745	1.10629e-05	-13327.9
746	1.10629e-05	-13566.6
747	1.10629e-05	-12942.9
748	1.10629e-05	-11405.2
749	1.10629e-05	-11235.8
750	1.10629e-05	-11580.9
751	1.10629e-05	-12283.5
752	1.10629e-05	-10433.1
753	1.10629e-05	-11336
754	1.10629e-05	-11667.6
755	1.10629e-05	-12389
756	1.10629e-05	-11321.9
757	1.10629e-05	-11307.6
758	1.10629e-05	-14090.2
759	1.10629e-05	-13839.8
760	1.10629e-05	-12483.1
761	1.10629e-05	-11211.4
762	1.10629e-05	-11043.2
763	1.10629e-05	-10127.7
764	1.10629e-05	-11890.5
765	1.10629e-05	-10942.4
766	1.10629e-05	-11630.8
767	1.10629e-05	-12148.5
768	1.10629e-05	-10904.6
769	1.10629e-05	-11224.5
770	1.10629e-05	-12202.8
771	1.10629e-05	-10481.1
772	1.10629e-05	-10701.8
773	1.10629e-05	-12374
774	1.10629e-05	-13448.3
775	1.10629e-05	-11549
776	1.10629e-05	-10117.6
777	1.10629e-05	-12393.3
778	1.10629e-05	-13749.3
779	1.10629e-05	-12873.4
780	1.10629e-05	-12169.1
781	1.10629e-05	-11762
782	1.10629e-05	-12500.6
783	1.10629e-05	-11892.7
784	1.10629e-05	-11044.5
785	1.10629e-05	-9828.87
786	1.10629e-05	-11765.1
787	1.10629e-05	-11171.5
788	1.10629e-05	-12052.4
789	1.10629e-05	-12365.8
790	1.10629e-05	-11057.6
791	1.10629e-05	-13774.2
792	1.10629e-05	-10512.1
793	1.10629e-05	-10645.9
794	1.10629e-05	-11842
795	1.10629e-05	-12384.5
796	1.10629e-05	-10873
797	1.10629e-05	-15051.3
798	1.10629e-05	-11980.4
799	1.10629e-05	-12021.7
800	1.10629e-05	-11131.7
801	1.10629e-05	-11129.6
802	1.10629e-05	-10500
803	1.10629e-05	-15423.5
804	1.10629e-05	-15317.3
805	1.10629e-05	-13888.8
806	1.10629e-05	-14394.6
807	1.10629e-05	-12344.1
808	1.10629e-05	-11432.8
809	1.10629e-05	-11232
810	1.10629e-05	-11603.2
811	1.10629e-05	-11349.9
812	1.10629e-05	-11470.9
813	1.10629e-05	-11957.1
814	1.10629e-05	-12816.7
815	1.10629e-05	-13293.4
816	1.10629e-05	-13988.4
817	1.10629e-05	-11836.6
818	1.10629e-05	-11415.5
819	1.10629e-05	-11638.3
820	1.10629e-05	-14885.9
821	1.10629e-05	-12252.5
822	1.10629e-05	-12863.4
823	1.10629e-05	-13065.9
824	1.10629e-05	-12071.6
825	1.10629e-05	-11908.5
826	1.10629e-05	-11696.8
827	1.10629e-05	-11540.2
828	1.10629e-05	-12891.3
829	1.10629e-05	-11282.2
830	1.10629e-05	-11192.3
831	1.10629e-05	-10354.4
832	1.10629e-05	-10165.9
833	1.10629e-05	-10951.1
834	1.10629e-05	-9912.91
835	1.10629e-05	-10691.5
836	1.10629e-05	-11376.6
837	1.10629e-05	-11285.4
838	1.10629e-05	-13078.8
839	1.10629e-05	-11030.4
840	1.10629e-05	-13198.5
841	1.10629e-05	-11338.9
842	1.10629e-05	-11414
843	1.10629e-05	-11236.8
844	1.10629e-05	-11757.4
845	1.10629e-05	-12185.2
846	1.10629e-05	-11703.2
847	1.10629e-05	-11537.8
848	1.10629e-05	-11074.3
849	1.10629e-05	-11687.5
850	1.10629e-05	-11729.3
851	1.10629e-05	-11094.7
852	1.10629e-05	-11682.2
853	1.10629e-05	-14416.7
854	1.10629e-05	-13283.5
855	1.10629e-05	-13747.5
856	1.10629e-05	-12468
857	1.10629e-05	-12770.7
858	1.10629e-05	-11703.4
859	1.10629e-05	-11250.4
860	1.10629e-05	-12498.3
861	1.10629e-05	-12302.6
862	1.10629e-05	-12656.5
863	1.10629e-05	-12456
864	1.10629e-05	-11351
865	1.10629e-05	-12996.2
866	1.10629e-05	-13225
867	1.10629e-05	-13953
868	1.10629e-05	-12804.2
869	1.10629e-05	-11840.8
870	1.10629e-05	-12362.7
871	1.10629e-05	-12436.7
872	1.10629e-05	-11677.6
873	1.10629e-05	-11003.1
874	1.10629e-05	-12204.8
875	1.10629e-05	-11844.6
876	1.10629e-05	-11291.4
877	1.10629e-05	-15021.6
878	1.10629e-05	-15894.1
879	1.10629e-05	-13773.9
880	1.10629e-05	-14925.3
881	1.10629e-05	-13941.5
882	1.10629e-05	-13818.2
883	1.10629e-05	-13641.7
884	1.10629e-05	-11423.6
885	1.10629e-05	-12691.9
886	1.10629e-05	-13251.4
887	1.10629e-05	-12879.2
888	1.10629e-05	-11059
889	1.10629e-05	-11944.7
890	1.10629e-05	-11999.1
891	1.10629e-05	-13298
892	1.10629e-05	-10564.2
893	1.10629e-05	-10957.5
894	1.10629e-05	-10794.5
895	1.10629e-05	-12727.8
896	1.10629e-05	-12759.9
897	1.10629e-05	-13821.8
898	1.10629e-05	-10484.4
899	1.10629e-05	-11639.2
900	1.10629e-05	-11452
901	1.10629e-05	-15534.7
902	1.10629e-05	-12137.1
903	1.10629e-05	-11390.9
904	1.10629e-05	-12438.5
905	1.10629e-05	-10567.9
906	1.10629e-05	-10241.7
907	1.10629e-05	-12385
908	1.10629e-05	-12565.3
909	1.10629e-05	-11908.2
910	1.10629e-05	-10821.3
911	1.10629e-05	-10634.3
912	1.10629e-05	-10747.2
913	1.10629e-05	-10323.7
914	1.10629e-05	-14005.3
915	1.10629e-05	-12342.2
916	1.10629e-05	-13569.9
917	1.10629e-05	-11486.3
918	1.10629e-05	-13354
919	1.10629e-05	-14861.5
920	1.10629e-05	-16459.4
921	1.10629e-05	-16461.4
922	1.10629e-05	-13897.9
923	1.10629e-05	-13247.1
924	1.10629e-05	-12444
925	1.10629e-05	-14670.4
926	1.10629e-05	-11924.5
927	1.10629e-05	-11409.2
928	1.10629e-05	-11544.4
929	1.10629e-05	-11886.6
930	1.10629e-05	-16013.2
931	1.10629e-05	-14280.4
932	1.10629e-05	-14518.6
933	1.10629e-05	-15033.4
934	1.10629e-05	-15508.3
935	1.10629e-05	-20809.8
936	1.10629e-05	-18994.6
937	1.10629e-05	-10550
938	1.10629e-05	-10406.4
939	1.10629e-05	-11258
940	1.10629e-05	-12038.9
941	1.10629e-05	-13275.8
942	1.10629e-05	-13069.7
943	1.10629e-05	-13201.9
944	1.10629e-05	-15346.2
945	1.10629e-05	-14000.2
946	1.10629e-05	-11129.4
947	1.10629e-05	-13128.6
948	1.10629e-05	-12969.6
949	1.10629e-05	-12748.9
950	1.10629e-05	-12779
951	1.10629e-05	-11932.3
952	1.10629e-05	-11245.9
953	1.10629e-05	-10949.8
954	1.10629e-05	-12948.3
955	1.10629e-05	-11543.1
956	1.10629e-05	-11440.5
957	1.10629e-05	-12124.5
958	1.10629e-05	-11752.7
959	1.10629e-05	-12124
960	1.10629e-05	-12586.6
961	1.10629e-05	-11830
962	1.10629e-05	-11964.7
963	1.10629e-05	-9995.13
964	1.10629e-05	-9913.52
965	1.10629e-05	-12329.1
966	1.10629e-05	-11883.7
967	1.10629e-05	-11891
968	1.10629e-05	-12169.9
969	1.10629e-05	-10111.7
970	1.10629e-05	-11285.1
971	1.10629e-05	-14600.2
972	1.10629e-05	-14715.4
973	1.10629e-05	-16362.3
974	1.10629e-05	-18555.9
975	1.10629e-05	-12796.8
976	1.10629e-05	-10639.7
977	1.10629e-05	-12202.4
978	1.10629e-05	-11270.6
979	1.10629e-05	-11149.1
980	1.10629e-05	-10408.5
981	1.10629e-05	-10602
982	1.10629e-05	-11766.3
983	1.10629e-05	-10928.3
984	1.10629e-05	-11210.6
985	1.10629e-05	-11350.5
986	1.10629e-05	-13035
987	1.10629e-05	-13221.7
988	1.10629e-05	-13733
989	1.10629e-05	-12999.4
990	1.10629e-05	-12666.4
991	1.10629e-05	-12475.9
992	1.10629e-05	-11839.7
993	1.10629e-05	-10797.2
994	1.10629e-05	-13372.5
995	1.10629e-05	-12694.5
996	1.10629e-05	-11979
997	1.10629e-05	-10857
998	1.10629e-05	-11040.2
999	1.10629e-05	-12140.2
1000	1.10629e-05	-13416.8
251	3.6251e-06	-12095.6
252	3.6251e-06	-12250.9
253	3.6251e-06	-12145.2
254	3.6251e-06	-11829.3
255	3.6251e-06	-12553.3
256	3.6251e-06	-13447.5
257	3.6251e-06	-12450.7
258	3.6251e-06	-12943.1
259	3.6251e-06	-11855.2
260	3.6251e-06	-10848.2
261	3.6251e-06	-10474.6
262	3.6251e-06	-10223.2
263	3.6251e-06	-11229
264	3.6251e-06	-11437.3
265	3.6251e-06	-13134.4
266	3.6251e-06	-13791
267	3.6251e-06	-14230.5
268	3.6251e-06	-11944
269	3.6251e-06	-12190.4
270	3.6251e-06	-11782.6
271	3.6251e-06	-11618.1
272	3.6251e-06	-11443.1
273	3.6251e-06	-14179.4
274	3.6251e-06	-15044.3
275	3.6251e-06	-11393.2
276	3.6251e-06	-12070.8
277	3.6251e-06	-12385
278	3.6251e-06	-11451.9
279	3.6251e-06	-13987.2
280	3.6251e-06	-12302.9
281	3.6251e-06	-12206.9
282	3.6251e-06	-11215.4
283	3.6251e-06	-12766.2
284	3.6251e-06	-11542.1
285	3.6251e-06	-11620
286	3.6251e-06	-14473.5
287	3.6251e-06	-11315.7
288	3.6251e-06	-11041.7
289	3.6251e-06	-12964.5
290	3.6251e-06	-11509
291	3.6251e-06	-11197.7
292	3.6251e-06	-11109.5
293	3.6251e-06	-10996.7
294	3.6251e-06	-11155.2
295	3.6251e-06	-13123.4
296	3.6251e-06	-13165.9
297	3.6251e-06	-13338.7
298	3.6251e-06	-10520.6
299	3.6251e-06	-13946.8
300	3.6251e-06	-13483.4
301	3.6251e-06	-12896.9
302	3.6251e-06	-14400.3
303	3.6251e-06	-13767.9
304	3.6251e-06	-13745.5
305	3.6251e-06	-11797.2
306	3.6251e-06	-11738.8
307	3.6251e-06	-11893.9
308	3.6251e-06	-12506.9
309	3.6251e-06	-12883.8
310	3.6251e-06	-11742.5
311	3.6251e-06	-10685.2
312	3.6251e-06	-11509.9
313	3.6251e-06	-12047.7
314	3.6251e-06	-11037.8
315	3.6251e-06	-11606.7
316	3.6251e-06	-11376.4
317	3.6251e-06	-12558.4
318	3.6251e-06	-14655.9
319	3.6251e-06	-17000
320	3.6251e-06	-16031.7
321	3.6251e-06	-14024.8
322	3.6251e-06	-11786.5
323	3.6251e-06	-12213.4
324	3.6251e-06	-13130.3
325	3.6251e-06	-13706.2
326	3.6251e-06	-11979.4
327	3.6251e-06	-11276.5
328	3.6251e-06	-11966.6
329	3.6251e-06	-10881.7
330	3.6251e-06	-12770.8
331	3.6251e-06	-12651.4
332	3.6251e-06	-10882.8
333	3.6251e-06	-12072.5
334	3.6251e-06	-12955.1
335	3.6251e-06	-12849
336	3.6251e-06	-12242.8
337	3.6251e-06	-11878
338	3.6251e-06	-10822.6
339	3.6251e-06	-10965.8
340	3.6251e-06	-12084
341	3.6251e-06	-11251.3
342	3.6251e-06	-11587.4
343	3.6251e-06	-12091
344	3.6251e-06	-12769.9
345	3.6251e-06	-11507.5
346	3.6251e-06	-13067.1
347	3.6251e-06	-12186.2
348	3.6251e-06	-10983.8
349	3.6251e-06	-12517.1
350	3.6251e-06	-15063.6
351	3.6251e-06	-16032.6
352	3.6251e-06	-12005
353	3.6251e-06	-14108.3
354	3.6251e-06	-14666.7
355	3.6251e-06	-12530.7
356	3.6251e-06	-15160.6
357	3.6251e-06	-12360.6
358	3.6251e-06	-13029.1
359	3.6251e-06	-10999.1
360	3.6251e-06	-12711.2
361	3.6251e-06	-14760.8
362	3.6251e-06	-13626.9
363	3.6251e-06	-10266.1
364	3.6251e-06	-11739.3
365	3.6251e-06	-14165.6
366	3.6251e-06	-16504.2
367	3.6251e-06	-14816.2
368	3.6251e-06	-13673.5
369	3.6251e-06	-14622.7
370	3.6251e-06	-14328.5
371	3.6251e-06	-11813.7
372	3.6251e-06	-13993.7
373	3.6251e-06	-11993.7
374	3.6251e-06	-11435.5
375	3.6251e-06	-11793.7
376	3.6251e-06	-14046.7
377	3.6251e-06	-11289.2
378	3.6251e-06	-11350.4
379	3.6251e-06	-11140.5
380	3.6251e-06	-12498.1
381	3.6251e-06	-12170.4
382	3.6251e-06	-12477.4
383	3.6251e-06	-11342.4
384	3.6251e-06	-11697.1
385	3.6251e-06	-11705.4
386	3.6251e-06	-11035.1
387	3.6251e-06	-11509.9
388	3.6251e-06	-10737
389	3.6251e-06	-12585.4
390	3.6251e-06	-13218.6
391	3.6251e-06	-13860.7
392	3.6251e-06	-11525
393	3.6251e-06	-11815.3
394	3.6251e-06	-12043.8
395	3.6251e-06	-11732.5
396	3.6251e-06	-11576.5
397	3.6251e-06	-11393.1
398	3.6251e-06	-11900.4
399	3.6251e-06	-12219.5
400	3.6251e-06	-12828.7
401	3.6251e-06	-12224.6
402	3.6251e-06	-12179.9
403	3.6251e-06	-12387.5
404	3.6251e-06	-14648.2
405	3.6251e-06	-15824.8
406	3.6251e-06	-14200.5
407	3.6251e-06	-13856.4
408	3.6251e-06	-11806.4
409	3.6251e-06	-11620.9
410	3.6251e-06	-15122.5
411	3.6251e-06	-11291.9
412	3.6251e-06	-10603.8
413	3.6251e-06	-10466.2
414	3.6251e-06	-11089.5
415	3.6251e-06	-12377.3
416	3.6251e-06	-16816.8
417	3.6251e-06	-11907.6
418	3.6251e-06	-13530.9
419	3.6251e-06	-12500.9
420	3.6251e-06	-12250.4
421	3.6251e-06	-14408.2
422	3.6251e-06	-12427.7
423	3.6251e-06	-13744.1
424	3.6251e-06	-12190.6
425	3.6251e-06	-11779.3
426	3.6251e-06	-10225.9
427	3.6251e-06	-10579.1
428	3.6251e-06	-10071.6
429	3.6251e-06	-10039.8
430	3.6251e-06	-10171.5
431	3.6251e-06	-12325.5
432	3.6251e-06	-13436.7
433	3.6251e-06	-11720.4
434	3.6251e-06	-11938.6
435	3.6251e-06	-13473.9
436	3.6251e-06	-11114.2
437	3.6251e-06	-13271.9
438	3.6251e-06	-11399.9
439	3.6251e-06	-10967.5
440	3.6251e-06	-11169.5
441	3.6251e-06	-12455.8
442	3.6251e-06	-12146.5
443	3.6251e-06	-19327.4
444	3.6251e-06	-14810.9
445	3.6251e-06	-14377
446	3.6251e-06	-13957.2
447	3.6251e-06	-15321.6
448	3.6251e-06	-13832
449	3.6251e-06	-17474
450	3.6251e-06	-15205.4
451	3.6251e-06	-14347.4
452	3.6251e-06	-13206.1
453	3.6251e-06	-14734.4
454	3.6251e-06	-11180
455	3.6251e-06	-13395.2
456	3.6251e-06	-12381.9
457	3.6251e-06	-13487.8
458	3.6251e-06	-11421.2
459	3.6251e-06	-11842.6
460	3.6251e-06	-11277.1
461	3.6251e-06	-11051
462	3.6251e-06	-11703.4
463	3.6251e-06	-12313.2
464	3.6251e-06	-10690.9
465	3.6251e-06	-10738.7
466	3.6251e-06	-12561.5
467	3.6251e-06	-11926.7
468	3.6251e-06	-10486.6
469	3.6251e-06	-10751
470	3.6251e-06	-12565.3
471	3.6251e-06	-12668.5
472	3.6251e-06	-14230.9
473	3.6251e-06	-14398.7
474	3.6251e-06	-12722.9
475	3.6251e-06	-13443.7
476	3.6251e-06	-12160.5
477	3.6251e-06	-12179.3
478	3.6251e-06	-11520.2
479	3.6251e-06	-14028.6
480	3.6251e-06	-14476.4
481	3.6251e-06	-12176.4
482	3.6251e-06	-12524.7
483	3.6251e-06	-12478.2
484	3.6251e-06	-12686.3
485	3.6251e-06	-13597.9
486	3.6251e-06	-13949
487	3.6251e-06	-12776.7
488	3.6251e-06	-13620.9
489	3.6251e-06	-13470.2
490	3.6251e-06	-11774.7
491	3.6251e-06	-12712.8
492	3.6251e-06	-13644.5
493	3.6251e-06	-14281.5
494	3.6251e-06	-12463.1
495	3.6251e-06	-12139.7
496	3.6251e-06	-11710.6
497	3.6251e-06	-11119
498	3.6251e-06	-12732.6
499	3.6251e-06	-10977.3
500	3.6251e-06	-12183.2
501	3.6251e-06	-11387.7
502	3.6251e-06	-13124.3
503	3.6251e-06	-13023.8
504	3.6251e-06	-10717.3
505	3.6251e-06	-11608.6
506	3.6251e-06	-12034.2
507	3.6251e-06	-11307
508	3.6251e-06	-10986.7
509	3.6251e-06	-11948.7
510	3.6251e-06	-12793.2
511	3.6251e-06	-11322.7
512	3.6251e-06	-11307.2
513	3.6251e-06	-10751.6
514	3.6251e-06	-12060.3
515	3.6251e-06	-11155
516	3.6251e-06	-11700.4
517	3.6251e-06	-11015.8
518	3.6251e-06	-11463.1
519	3.6251e-06	-10471.5
520	3.6251e-06	-11924.2
521	3.6251e-06	-14335.6
522	3.6251e-06	-12487.5
523	3.6251e-06	-11741.9
524	3.6251e-06	-11885.2
525	3.6251e-06	-13889.4
526	3.6251e-06	-14486.8
527	3.6251e-06	-13212.6
528	3.6251e-06	-11225.2
529	3.6251e-06	-14225.3
530	3.6251e-06	-15574.6
531	3.6251e-06	-15342.7
532	3.6251e-06	-17911.1
533	3.6251e-06	-14691.6
534	3.6251e-06	-15324.4
535	3.6251e-06	-13350.7
536	3.6251e-06	-11678.7
537	3.6251e-06	-10296.1
538	3.6251e-06	-10866.7
539	3.6251e-06	-10793.5
540	3.6251e-06	-11085.7
541	3.6251e-06	-10926.3
542	3.6251e-06	-11867.9
543	3.6251e-06	-11842.4
544	3.6251e-06	-11650.9
545	3.6251e-06	-11217.3
546	3.6251e-06	-12204.5
547	3.6251e-06	-13371.6
548	3.6251e-06	-11796.2
549	3.6251e-06	-12000.7
550	3.6251e-06	-10463.4
551	3.6251e-06	-12694.5
552	3.6251e-06	-12323.4
553	3.6251e-06	-11122.4
554	3.6251e-06	-12012.1
555	3.6251e-06	-11754.8
556	3.6251e-06	-10801.7
557	3.6251e-06	-13284.8
558	3.6251e-06	-11021.2
559	3.6251e-06	-12606.6
560	3.6251e-06	-13783.2
561	3.6251e-06	-11418.1
562	3.6251e-06	-12282.8
563	3.6251e-06	-12204.7
564	3.6251e-06	-11834.3
565	3.6251e-06	-10923.6
566	3.6251e-06	-12899.4
567	3.6251e-06	-12002.2
568	3.6251e-06	-12434
569	3.6251e-06	-10966.7
570	3.6251e-06	-13845.8
571	3.6251e-06	-11009.8
572	3.6251e-06	-11096.2
573	3.6251e-06	-11845.3
574	3.6251e-06	-11372.5
575	3.6251e-06	-12579.5
576	3.6251e-06	-13862.4
577	3.6251e-06	-13219.7
578	3.6251e-06	-12763.3
579	3.6251e-06	-13316.7
580	3.6251e-06	-11938.4
581	3.6251e-06	-11706.5
582	3.6251e-06	-11788.9
583	3.6251e-06	-11682.8
584	3.6251e-06	-11555.9
585	3.6251e-06	-12674.8
586	3.6251e-06	-12247.5
587	3.6251e-06	-11822.2
588	3.6251e-06	-12736.9
589	3.6251e-06	-12295.3
590	3.6251e-06	-11312.6
591	3.6251e-06	-11704.1
592	3.6251e-06	-10610.9
593	3.6251e-06	-10316.5
594	3.6251e-06	-12040.8
595	3.6251e-06	-12152.6
596	3.6251e-06	-14209
597	3.6251e-06	-12495.7
598	3.6251e-06	-12878.4
599	3.6251e-06	-13222.6
600	3.6251e-06	-13742.9
601	3.6251e-06	-13602.5
602	3.6251e-06	-12883.5
603	3.6251e-06	-11950.4
604	3.6251e-06	-12137.1
605	3.6251e-06	-11374.3
606	3.6251e-06	-12748.1
607	3.6251e-06	-11916.5
608	3.6251e-06	-12862.4
609	3.6251e-06	-13805.1
610	3.6251e-06	-13683.1
611	3.6251e-06	-12628.8
612	3.6251e-06	-16894
613	3.6251e-06	-17592.1
614	3.6251e-06	-17189.4
615	3.6251e-06	-17635.8
616	3.6251e-06	-15784.3
617	3.6251e-06	-16955.3
618	3.6251e-06	-13012.3
619	3.6251e-06	-13060.9
620	3.6251e-06	-13873.2
621	3.6251e-06	-11976
622	3.6251e-06	-11468.3
623	3.6251e-06	-12432.7
624	3.6251e-06	-11803.8
625	3.6251e-06	-11228.2
626	3.6251e-06	-12387.3
627	3.6251e-06	-13259.6
628	3.6251e-06	-12389.4
629	3.6251e-06	-12791.2
630	3.6251e-06	-11036.9
631	3.6251e-06	-11108.7
632	3.6251e-06	-9983.08
633	3.6251e-06	-11110.7
634	3.6251e-06	-10182.3
635	3.6251e-06	-10963.8
636	3.6251e-06	-9865.36
637	3.6251e-06	-11021.2
638	3.6251e-06	-13179.6
639	3.6251e-06	-11819.5
640	3.6251e-06	-12054
641	3.6251e-06	-11597.3
642	3.6251e-06	-13107.2
643	3.6251e-06	-10800.7
644	3.6251e-06	-11510.9
645	3.6251e-06	-12479
646	3.6251e-06	-12565.7
647	3.6251e-06	-12642.5
648	3.6251e-06	-12179.6
649	3.6251e-06	-11275
650	3.6251e-06	-14148.3
651	3.6251e-06	-13661.7
652	3.6251e-06	-12822.5
653	3.6251e-06	-11281.6
654	3.6251e-06	-11555.3
655	3.6251e-06	-11795.1
656	3.6251e-06	-12027.5
657	3.6251e-06	-12604.1
658	3.6251e-06	-13838.1
659	3.6251e-06	-10854.6
660	3.6251e-06	-12854.2
661	3.6251e-06	-13120.3
662	3.6251e-06	-12440.4
663	3.6251e-06	-11897.6
664	3.6251e-06	-11048.8
665	3.6251e-06	-12513.6
666	3.6251e-06	-13930.1
667	3.6251e-06	-11958
668	3.6251e-06	-13887.5
669	3.6251e-06	-14815.5
670	3.6251e-06	-19781.3
671	3.6251e-06	-14607.3
672	3.6251e-06	-16735.1
673	3.6251e-06	-15981.1
674	3.6251e-06	-15955.7
675	3.6251e-06	-12397.4
676	3.6251e-06	-12535
677	3.6251e-06	-12515.4
678	3.6251e-06	-12232.1
679	3.6251e-06	-11789.9
680	3.6251e-06	-11733.8
681	3.6251e-06	-11910.5
682	3.6251e-06	-12071
683	3.6251e-06	-13390
684	3.6251e-06	-12240.7
685	3.6251e-06	-11499.9
686	3.6251e-06	-12195.1
687	3.6251e-06	-12992.4
688	3.6251e-06	-16171.1
689	3.6251e-06	-15996.1
690	3.6251e-06	-12511.5
691	3.6251e-06	-13287.6
692	3.6251e-06	-12235.6
693	3.6251e-06	-11765.3
694	3.6251e-06	-12894
695	3.6251e-06	-11886.3
696	3.6251e-06	-14047.4
697	3.6251e-06	-13620.7
698	3.6251e-06	-13596.1
699	3.6251e-06	-14199.7
700	3.6251e-06	-12542.8
701	3.6251e-06	-13237.2
702	3.6251e-06	-11281
703	3.6251e-06	-11068.1
704	3.6251e-06	-12802.2
705	3.6251e-06	-12187.4
706	3.6251e-06	-10867.9
707	3.6251e-06	-11632.4
708	3.6251e-06	-12071.9
709	3.6251e-06	-13375.3
710	3.6251e-06	-13211.5
711	3.6251e-06	-13644.4
712	3.6251e-06	-11119.3
713	3.6251e-06	-11410.5
714	3.6251e-06	-12117.5
715	3.6251e-06	-12976.1
716	3.6251e-06	-12422.6
717	3.6251e-06	-10877.5
718	3.6251e-06	-11254.5
719	3.6251e-06	-11962.9
720	3.6251e-06	-11123.1
721	3.6251e-06	-11463.7
722	3.6251e-06	-11050
723	3.6251e-06	-10973.9
724	3.6251e-06	-13593.3
725	3.6251e-06	-14194.1
726	3.6251e-06	-12836.5
727	3.6251e-06	-11895.8
728	3.6251e-06	-13271.2
729	3.6251e-06	-11618.7
730	3.6251e-06	-15281.3
731	3.6251e-06	-14085.4
732	3.6251e-06	-14031.6
733	3.6251e-06	-15002.3
734	3.6251e-06	-11544.1
735	3.6251e-06	-14365.9
736	3.6251e-06	-14539
737	3.6251e-06	-10539.2
738	3.6251e-06	-12090.3
739	3.6251e-06	-13504
740	3.6251e-06	-11987.4
741	3.6251e-06	-11749.5
742	3.6251e-06	-11264
743	3.6251e-06	-10300.1
744	3.6251e-06	-12756.8
745	3.6251e-06	-13023.4
746	3.6251e-06	-12111
747	3.6251e-06	-13298.1
748	3.6251e-06	-13432.8
749	3.6251e-06	-16809.1
750	3.6251e-06	-12756.1
751	3.6251e-06	-15531.6
752	3.6251e-06	-12087.2
753	3.6251e-06	-11615
754	3.6251e-06	-16552.2
755	3.6251e-06	-14263
756	3.6251e-06	-14035.6
757	3.6251e-06	-13570.4
758	3.6251e-06	-11518.5
759	3.6251e-06	-11859
760	3.6251e-06	-11916.5
761	3.6251e-06	-15128.1
762	3.6251e-06	-13211.2
763	3.6251e-06	-11747.6
764	3.6251e-06	-13023.8
765	3.6251e-06	-11539.9
766	3.6251e-06	-11492.2
767	3.6251e-06	-12522.3
768	3.6251e-06	-12919.6
769	3.6251e-06	-14115
770	3.6251e-06	-13154.3
771	3.6251e-06	-13030.5
772	3.6251e-06	-12247.6
773	3.6251e-06	-11243.7
774	3.6251e-06	-11198.7
775	3.6251e-06	-11620
776	3.6251e-06	-11284.7
777	3.6251e-06	-10799.9
778	3.6251e-06	-10717.6
779	3.6251e-06	-10643.5
780	3.6251e-06	-10733.6
781	3.6251e-06	-11303
782	3.6251e-06	-11287.5
783	3.6251e-06	-10885.1
784	3.6251e-06	-12021.8
785	3.6251e-06	-13915.4
786	3.6251e-06	-14313.7
787	3.6251e-06	-14633.5
788	3.6251e-06	-14419.8
789	3.6251e-06	-12551.5
790	3.6251e-06	-13048.1
791	3.6251e-06	-12975.7
792	3.6251e-06	-12130.6
793	3.6251e-06	-12281.6
794	3.6251e-06	-12582.2
795	3.6251e-06	-12692.2
796	3.6251e-06	-11256.4
797	3.6251e-06	-11053
798	3.6251e-06	-17345.2
799	3.6251e-06	-21978.7
800	3.6251e-06	-20001.2
801	3.6251e-06	-13956.8
802	3.6251e-06	-13760.7
803	3.6251e-06	-11706.6
804	3.6251e-06	-11512.9
805	3.6251e-06	-11004.7
806	3.6251e-06	-11986.1
807	3.6251e-06	-13411.5
808	3.6251e-06	-12452.5
809	3.6251e-06	-11170.2
810	3.6251e-06	-14198.3
811	3.6251e-06	-12962.8
812	3.6251e-06	-13704.5
813	3.6251e-06	-11811
814	3.6251e-06	-11797.9
815	3.6251e-06	-12591.8
816	3.6251e-06	-15306.3
817	3.6251e-06	-15789.5
818	3.6251e-06	-15937.9
819	3.6251e-06	-12990.4
820	3.6251e-06	-12507.8
821	3.6251e-06	-12216.5
822	3.6251e-06	-12588.5
823	3.6251e-06	-12648.1
824	3.6251e-06	-11746.2
825	3.6251e-06	-12763
826	3.6251e-06	-15848.5
827	3.6251e-06	-13818.8
828	3.6251e-06	-13611.4
829	3.6251e-06	-16663.6
830	3.6251e-06	-14090.3
831	3.6251e-06	-13761.3
832	3.6251e-06	-13586
833	3.6251e-06	-12139.2
834	3.6251e-06	-13738.4
835	3.6251e-06	-12675.7
836	3.6251e-06	-13253.4
837	3.6251e-06	-14605.3
838	3.6251e-06	-11056.6
839	3.6251e-06	-10855.3
840	3.6251e-06	-11465.7
841	3.6251e-06	-11469.1
842	3.6251e-06	-11253.7
843	3.6251e-06	-11465.6
844	3.6251e-06	-11408.5
845	3.6251e-06	-12561.1
846	3.6251e-06	-12043.5
847	3.6251e-06	-11333.3
848	3.6251e-06	-13214.6
849	3.6251e-06	-11716.2
850	3.6251e-06	-12396.2
851	3.6251e-06	-13282.4
852	3.6251e-06	-14821.5
853	3.6251e-06	-14659.3
854	3.6251e-06	-14144
855	3.6251e-06	-14329.5
856	3.6251e-06	-15000.2
857	3.6251e-06	-12345.3
858	3.6251e-06	-12147.1
859	3.6251e-06	-13453.7
860	3.6251e-06	-12698.2
861	3.6251e-06	-12327.5
862	3.6251e-06	-13896.6
863	3.6251e-06	-13065.8
864	3.6251e-06	-13628.3
865	3.6251e-06	-11073.2
866	3.6251e-06	-11107.3
867	3.6251e-06	-11234.3
868	3.6251e-06	-12349.8
869	3.6251e-06	-11594.8
870	3.6251e-06	-12767.2
871	3.6251e-06	-11937.4
872	3.6251e-06	-11790.5
873	3.6251e-06	-17243.7
874	3.6251e-06	-15181.8
875	3.6251e-06	-13047.4
876	3.6251e-06	-13749.2
877	3.6251e-06	-13043.2
878	3.6251e-06	-10582.9
879	3.6251e-06	-16880
880	3.6251e-06	-13293.8
881	3.6251e-06	-16224.6
882	3.6251e-06	-11841.4
883	3.6251e-06	-13203.3
884	3.6251e-06	-11587.9
885	3.6251e-06	-14849.6
886	3.6251e-06	-14289
887	3.6251e-06	-14219.5
888	3.6251e-06	-16632.5
889	3.6251e-06	-16957.1
890	3.6251e-06	-15933.8
891	3.6251e-06	-12603.7
892	3.6251e-06	-12324.4
893	3.6251e-06	-11878.8
894	3.6251e-06	-10660.5
895	3.6251e-06	-11713
896	3.6251e-06	-14055.6
897	3.6251e-06	-14112.5
898	3.6251e-06	-12981.4
899	3.6251e-06	-10887.5
900	3.6251e-06	-12113.6
901	3.6251e-06	-11094.5
902	3.6251e-06	-11675.5
903	3.6251e-06	-11432.5
904	3.6251e-06	-11234
905	3.6251e-06	-11026
906	3.6251e-06	-12227.6
907	3.6251e-06	-11916.4
908	3.6251e-06	-10942.3
909	3.6251e-06	-13715.5
910	3.6251e-06	-13532.4
911	3.6251e-06	-14557.2
912	3.6251e-06	-12743.9
913	3.6251e-06	-10430.1
914	3.6251e-06	-10223.7
915	3.6251e-06	-11294.6
916	3.6251e-06	-10918.4
917	3.6251e-06	-11794.4
918	3.6251e-06	-11973.6
919	3.6251e-06	-12154.2
920	3.6251e-06	-12079
921	3.6251e-06	-11190.1
922	3.6251e-06	-11007.7
923	3.6251e-06	-12331
924	3.6251e-06	-10483.7
925	3.6251e-06	-11525.2
926	3.6251e-06	-9969.89
927	3.6251e-06	-13257.5
928	3.6251e-06	-13887.8
929	3.6251e-06	-12554.7
930	3.6251e-06	-12069.1
931	3.6251e-06	-10402.2
932	3.6251e-06	-10110.8
933	3.6251e-06	-11553.4
934	3.6251e-06	-11325.3
935	3.6251e-06	-11245.2
936	3.6251e-06	-10931.2
937	3.6251e-06	-10916.4
938	3.6251e-06	-13633.4
939	3.6251e-06	-11109.6
940	3.6251e-06	-10688.2
941	3.6251e-06	-10964
942	3.6251e-06	-10392.3
943	3.6251e-06	-14215.5
944	3.6251e-06	-14007.3
945	3.6251e-06	-14998.6
946	3.6251e-06	-11890.6
947	3.6251e-06	-12318.5
948	3.6251e-06	-14405.3
949	3.6251e-06	-11808
950	3.6251e-06	-11637.7
951	3.6251e-06	-12304.7
952	3.6251e-06	-12162.1
953	3.6251e-06	-12369.9
954	3.6251e-06	-12068
955	3.6251e-06	-10991.9
956	3.6251e-06	-13820.1
957	3.6251e-06	-13314
958	3.6251e-06	-12656.8
959	3.6251e-06	-11439.6
960	3.6251e-06	-12414
961	3.6251e-06	-11397.7
962	3.6251e-06	-11499
963	3.6251e-06	-11357.4
964	3.6251e-06	-11731.7
965	3.6251e-06	-10945.1
966	3.6251e-06	-12198.8
967	3.6251e-06	-11456.3
968	3.6251e-06	-11257
969	3.6251e-06	-10331.9
970	3.6251e-06	-10870.5
971	3.6251e-06	-12225
972	3.6251e-06	-11788.7
973	3.6251e-06	-13021.8
974	3.6251e-06	-12317.5
975	3.6251e-06	-17030.8
976	3.6251e-06	-16202.2
977	3.6251e-06	-14822.7
978	3.6251e-06	-12304.1
979	3.6251e-06	-12809.7
980	3.6251e-06	-13043.5
981	3.6251e-06	-12395
982	3.6251e-06	-13052.6
983	3.6251e-06	-10809.1
984	3.6251e-06	-12100.7
985	3.6251e-06	-13349.7
986	3.6251e-06	-11544.8
987	3.6251e-06	-12598.1
988	3.6251e-06	-11580.5
989	3.6251e-06	-12504.3
990	3.6251e-06	-13048.1
991	3.6251e-06	-11482.4
992	3.6251e-06	-10147.6
993	3.6251e-06	-10632
994	3.6251e-06	-11239.8
995	3.6251e-06	-12188.6
996	3.6251e-06	-14624
997	3.6251e-06	-12634.2
998	3.6251e-06	-16781.6
999	3.6251e-06	-13353
1000	3.6251e-06	-11221.7
251	8.60252e-07	-10924.2
252	8.60252e-07	-10487.3
253	8.60252e-07	-10879.6
254	8.60252e-07	-12537.1
255	8.60252e-07	-13995.8
256	8.60252e-07	-11927.9
257	8.60252e-07	-12104.8
258	8.60252e-07	-12305.1
259	8.60252e-07	-12475.1
260	8.60252e-07	-11501.6
261	8.60252e-07	-10520.2
262	8.60252e-07	-14950.2
263	8.60252e-07	-13073.7
264	8.60252e-07	-13244.4
265	8.60252e-07	-14229.1
266	8.60252e-07	-13664.3
267	8.60252e-07	-12775.3
268	8.60252e-07	-12824
269	8.60252e-07	-17254.5
270	8.60252e-07	-15240.3
271	8.60252e-07	-15067.6
272	8.60252e-07	-14146.3
273	8.60252e-07	-13514.6
274	8.60252e-07	-10169.2
275	8.60252e-07	-12020
276	8.60252e-07	-11864.4
277	8.60252e-07	-12930.4
278	8.60252e-07	-13092.7
279	8.60252e-07	-15740.3
280	8.60252e-07	-15762.9
281	8.60252e-07	-16810.9
282	8.60252e-07	-13059.9
283	8.60252e-07	-14112.4
284	8.60252e-07	-14236.8
285	8.60252e-07	-12404.5
286	8.60252e-07	-14638.7
287	8.60252e-07	-14908.9
288	8.60252e-07	-14455.4
289	8.60252e-07	-15898.6
290	8.60252e-07	-15286.7
291	8.60252e-07	-14698
292	8.60252e-07	-14152.7
293	8.60252e-07	-13976.4
294	8.60252e-07	-14883.9
295	8.60252e-07	-12306.6
296	8.60252e-07	-12173.2
297	8.60252e-07	-12705.7
298	8.60252e-07	-12395.1
299	8.60252e-07	-11282.7
300	8.60252e-07	-11699.1
301	8.60252e-07	-11779.7
302	8.60252e-07	-11278.6
303	8.60252e-07	-11393.7
304	8.60252e-07	-11577.8
305	8.60252e-07	-12189
306	8.60252e-07	-14422.4
307	8.60252e-07	-15281.6
308	8.60252e-07	-15115.7
309	8.60252e-07	-13047.4
310	8.60252e-07	-12879.9
311	8.60252e-07	-11630
312	8.60252e-07	-10626.4
313	8.60252e-07	-11674.3
314	8.60252e-07	-12367.4
315	8.60252e-07	-16991.5
316	8.60252e-07	-18026.4
317	8.60252e-07	-15213.3
318	8.60252e-07	-15685.6
319	8.60252e-07	-17025.4
320	8.60252e-07	-13467.8
321	8.60252e-07	-13412.1
322	8.60252e-07	-11326.6
323	8.60252e-07	-10979.8
324	8.60252e-07	-10155.1
325	8.60252e-07	-10750.8
326	8.60252e-07	-11884
327	8.60252e-07	-11799.8
328	8.60252e-07	-14511.1
329	8.60252e-07	-12954.5
330	8.60252e-07	-13445.6
331	8.60252e-07	-11241
332	8.60252e-07	-10899.1
333	8.60252e-07	-11562.7
334	8.60252e-07	-11290.1
335	8.60252e-07	-11028.7
336	8.60252e-07	-11988.1
337	8.60252e-07	-12099.6
338	8.60252e-07	-11936.2
339	8.60252e-07	-11946.5
340	8.60252e-07	-11994
341	8.60252e-07	-13766.1
342	8.60252e-07	-13208.7
343	8.60252e-07	-13463
344	8.60252e-07	-11740
345	8.60252e-07	-12147.3
346	8.60252e-07	-10519.9
347	8.60252e-07	-10311.3
348	8.60252e-07	-10248.7
349	8.60252e-07	-10058.8
350	8.60252e-07	-10825.3
351	8.60252e-07	-11737.5
352	8.60252e-07	-11409.7
353	8.60252e-07	-11641.9
354	8.60252e-07	-12379.1
355	8.60252e-07	-12649.7
356	8.60252e-07	-11437.9
357	8.60252e-07	-11313.9
358	8.60252e-07	-10209.4
359	8.60252e-07	-12714.6
360	8.60252e-07	-11795.8
361	8.60252e-07	-11970.9
362	8.60252e-07	-12382.9
363	8.60252e-07	-15755.1
364	8.60252e-07	-15061.6
365	8.60252e-07	-11603.9
366	8.60252e-07	-14557.2
367	8.60252e-07	-12038.4
368	8.60252e-07	-12644.3
369	8.60252e-07	-12082.4
370	8.60252e-07	-11156.9
371	8.60252e-07	-11580.1
372	8.60252e-07	-13007.6
373	8.60252e-07	-13571.6
374	8.60252e-07	-16340.8
375	8.60252e-07	-12229.9
376	8.60252e-07	-13237.6
377	8.60252e-07	-13525.1
378	8.60252e-07	-10890.7
379	8.60252e-07	-11413
380	8.60252e-07	-10646.5
381	8.60252e-07	-11093.3
382	8.60252e-07	-10083.2
383	8.60252e-07	-12461.7
384	8.60252e-07	-11597.2
385	8.60252e-07	-12446.4
386	8.60252e-07	-14428.9
387	8.60252e-07	-12424.6
388	8.60252e-07	-12295.8
389	8.60252e-07	-12057.1
390	8.60252e-07	-11999
391	8.60252e-07	-14008.4
392	8.60252e-07	-11074.5
393	8.60252e-07	-12543.2
394	8.60252e-07	-13553.2
395	8.60252e-07	-12233
396	8.60252e-07	-12248.1
397	8.60252e-07	-12579.2
398	8.60252e-07	-12771.3
399	8.60252e-07	-17167.2
400	8.60252e-07	-12908.4
401	8.60252e-07	-12538.7
402	8.60252e-07	-12503
403	8.60252e-07	-12621.8
404	8.60252e-07	-11339.4
405	8.60252e-07	-12885.4
406	8.60252e-07	-11854.1
407	8.60252e-07	-13247.4
408	8.60252e-07	-11749.8
409	8.60252e-07	-12804.7
410	8.60252e-07	-11839
411	8.60252e-07	-11501.9
412	8.60252e-07	-12957.4
413	8.60252e-07	-13394.2
414	8.60252e-07	-12066
415	8.60252e-07	-14089.5
416	8.60252e-07	-13880
417	8.60252e-07	-11136.8
418	8.60252e-07	-10820.9
419	8.60252e-07	-11205.6
420	8.60252e-07	-12366.4
421	8.60252e-07	-10412
422	8.60252e-07	-10328.3
423	8.60252e-07	-11146.2
424	8.60252e-07	-12616.1
425	8.60252e-07	-12866.4
426	8.60252e-07	-13834.6
427	8.60252e-07	-11445.8
428	8.60252e-07	-12529.8
429	8.60252e-07	-11985
430	8.60252e-07	-12232.5
431	8.60252e-07	-11427.2
432	8.60252e-07	-11036.1
433	8.60252e-07	-14216.1
434	8.60252e-07	-11495.7
435	8.60252e-07	-10755.6
436	8.60252e-07	-11249.9
437	8.60252e-07	-13550.1
438	8.60252e-07	-12417.1
439	8.60252e-07	-11745
440	8.60252e-07	-11751.9
441	8.60252e-07	-10725.9
442	8.60252e-07	-10940.9
443	8.60252e-07	-12964.5
444	8.60252e-07	-13021.9
445	8.60252e-07	-9992.9
446	8.60252e-07	-11824.9
447	8.60252e-07	-12471.3
448	8.60252e-07	-12273.5
449	8.60252e-07	-11274
450	8.60252e-07	-12935.2
451	8.60252e-07	-10776.7
452	8.60252e-07	-12095.3
453	8.60252e-07	-12723
454	8.60252e-07	-13283.5
455	8.60252e-07	-13280.5
456	8.60252e-07	-9947.58
457	8.60252e-07	-11634.6
458	8.60252e-07	-10620.5
459	8.60252e-07	-12397.7
460	8.60252e-07	-11340.8
461	8.60252e-07	-11117.9
462	8.60252e-07	-15359.6
463	8.60252e-07	-11935.9
464	8.60252e-07	-11683.4
465	8.60252e-07	-11652.4
466	8.60252e-07	-10794.8
467	8.60252e-07	-11771.4
468	8.60252e-07	-11325.7
469	8.60252e-07	-12185.3
470	8.60252e-07	-13215.7
471	8.60252e-07	-12062.2
472	8.60252e-07	-14839.3
473	8.60252e-07	-12131
474	8.60252e-07	-11154.6
475	8.60252e-07	-11504.7
476	8.60252e-07	-12531.5
477	8.60252e-07	-12469.6
478	8.60252e-07	-14037.7
479	8.60252e-07	-11413.5
480	8.60252e-07	-11683
481	8.60252e-07	-12874.2
482	8.60252e-07	-13497.6
483	8.60252e-07	-13306.5
484	8.60252e-07	-12648.1
485	8.60252e-07	-11032.9
486	8.60252e-07	-10486.2
487	8.60252e-07	-10958.8
488	8.60252e-07	-11089.2
489	8.60252e-07	-12258.4
490	8.60252e-07	-13972.4
491	8.60252e-07	-12966.5
492	8.60252e-07	-13378.1
493	8.60252e-07	-18807.6
494	8.60252e-07	-12628.5
495	8.60252e-07	-12231.3
496	8.60252e-07	-11736.9
497	8.60252e-07	-11395.7
498	8.60252e-07	-9943.63
499	8.60252e-07	-12447.5
500	8.60252e-07	-12730.3
501	8.60252e-07	-14679.7
502	8.60252e-07	-15728.3
503	8.60252e-07	-11949.4
504	8.60252e-07	-12448.5
505	8.60252e-07	-11307.7
506	8.60252e-07	-10732.4
507	8.60252e-07	-10828.5
508	8.60252e-07	-11818.6
509	8.60252e-07	-11243.9
510	8.60252e-07	-10919.9
511	8.60252e-07	-10509.6
512	8.60252e-07	-9588.11
513	8.60252e-07	-10199.2
514	8.60252e-07	-10982.4
515	8.60252e-07	-11311.4
516	8.60252e-07	-10719.7
517	8.60252e-07	-10552
518	8.60252e-07	-10546.4
519	8.60252e-07	-11655.3
520	8.60252e-07	-11539.8
521	8.60252e-07	-10860
522	8.60252e-07	-11994.7
523	8.60252e-07	-10867.1
524	8.60252e-07	-13429.3
525	8.60252e-07	-12121.9
526	8.60252e-07	-13114.2
527	8.60252e-07	-14487.5
528	8.60252e-07	-12875.4
529	8.60252e-07	-12055.5
530	8.60252e-07	-11190.6
531	8.60252e-07	-10320.4
532	8.60252e-07	-10348.6
533	8.60252e-07	-12332
534	8.60252e-07	-11671.6
535	8.60252e-07	-12086.6
536	8.60252e-07	-9928.67
537	8.60252e-07	-12436.8
538	8.60252e-07	-11872.3
539	8.60252e-07	-11676.4
540	8.60252e-07	-11899.3
541	8.60252e-07	-10766.6
542	8.60252e-07	-10636.6
543	8.60252e-07	-11501.4
544	8.60252e-07	-11463
545	8.60252e-07	-10530.3
546	8.60252e-07	-10906
547	8.60252e-07	-10887.9
548	8.60252e-07	-11349.8
549	8.60252e-07	-13215.7
550	8.60252e-07	-11316.6
551	8.60252e-07	-10808.9
552	8.60252e-07	-10180
553	8.60252e-07	-11089.7
554	8.60252e-07	-11600.1
555	8.60252e-07	-12746.7
556	8.60252e-07	-11706
557	8.60252e-07	-12896.6
558	8.60252e-07	-12664
559	8.60252e-07	-11291.3
560	8.60252e-07	-11994.1
561	8.60252e-07	-12295.6
562	8.60252e-07	-13989.3
563	8.60252e-07	-12576.7
564	8.60252e-07	-14904.6
565	8.60252e-07	-12026.3
566	8.60252e-07	-12132.3
567	8.60252e-07	-12586.4
568	8.60252e-07	-15164.9
569	8.60252e-07	-14900.2
570	8.60252e-07	-14407.9
571	8.60252e-07	-13805.5
572	8.60252e-07	-10997.8
573	8.60252e-07	-11141.6
574	8.60252e-07	-10633.9
575	8.60252e-07	-10942.2
576	8.60252e-07	-11777.5
577	8.60252e-07	-13056.7
578	8.60252e-07	-13793.8
579	8.60252e-07	-12274.6
580	8.60252e-07	-12206.9
581	8.60252e-07	-11899.9
582	8.60252e-07	-10468.4
583	8.60252e-07	-12661.6
584	8.60252e-07	-14085
585	8.60252e-07	-16065
586	8.60252e-07	-15433.4
587	8.60252e-07	-11438.7
588	8.60252e-07	-13163.1
589	8.60252e-07	-12808.8
590	8.60252e-07	-13602
591	8.60252e-07	-13525.3
592	8.60252e-07	-13497.1
593	8.60252e-07	-12141.7
594	8.60252e-07	-12574.5
595	8.60252e-07	-12173.3
596	8.60252e-07	-16071.5
597	8.60252e-07	-15153
598	8.60252e-07	-11155.6
599	8.60252e-07	-12807.5
600	8.60252e-07	-11031.8
601	8.60252e-07	-12807
602	8.60252e-07	-11927.2
603	8.60252e-07	-12855.4
604	8.60252e-07	-11531.3
605	8.60252e-07	-13469.8
606	8.60252e-07	-13874.4
607	8.60252e-07	-13310.4
608	8.60252e-07	-14024
609	8.60252e-07	-14537.9
610	8.60252e-07	-14443.5
611	8.60252e-07	-11341.4
612	8.60252e-07	-13194.5
613	8.60252e-07	-11597
614	8.60252e-07	-12581.8
615	8.60252e-07	-10902.6
616	8.60252e-07	-11457.4
617	8.60252e-07	-12137.6
618	8.60252e-07	-11882.2
619	8.60252e-07	-11815
620	8.60252e-07	-12671.4
621	8.60252e-07	-12823.5
622	8.60252e-07	-12075
623	8.60252e-07	-11127.5
624	8.60252e-07	-11212.5
625	8.60252e-07	-12778.5
626	8.60252e-07	-11177.7
627	8.60252e-07	-11643.7
628	8.60252e-07	-11882.2
629	8.60252e-07	-14911.4
630	8.60252e-07	-14798.4
631	8.60252e-07	-13531.1
632	8.60252e-07	-16275.6
633	8.60252e-07	-16725.6
634	8.60252e-07	-15450
635	8.60252e-07	-13464.5
636	8.60252e-07	-12795.8
637	8.60252e-07	-14901.9
638	8.60252e-07	-13022.3
639	8.60252e-07	-11963.9
640	8.60252e-07	-12469.7
641	8.60252e-07	-13184.2
642	8.60252e-07	-10890.9
643	8.60252e-07	-12310.2
644	8.60252e-07	-12055.2
645	8.60252e-07	-11479.4
646	8.60252e-07	-12068.9
647	8.60252e-07	-12318.4
648	8.60252e-07	-13011.6
649	8.60252e-07	-13918
650	8.60252e-07	-11549.5
651	8.60252e-07	-12086.7
652	8.60252e-07	-11020
653	8.60252e-07	-11076.7
654	8.60252e-07	-15669.9
655	8.60252e-07	-14839
656	8.60252e-07	-11594.9
657	8.60252e-07	-11495.6
658	8.60252e-07	-12026.9
659	8.60252e-07	-10841.8
660	8.60252e-07	-11482.1
661	8.60252e-07	-12721.9
662	8.60252e-07	-12532.4
663	8.60252e-07	-13227.2
664	8.60252e-07	-15312.6
665	8.60252e-07	-14232
666	8.60252e-07	-12771.9
667	8.60252e-07	-13068.8
668	8.60252e-07	-14154.1
669	8.60252e-07	-16197.1
670	8.60252e-07	-13594.3
671	8.60252e-07	-11228.6
672	8.60252e-07	-11677.5
673	8.60252e-07	-10270.3
674	8.60252e-07	-12613.8
675	8.60252e-07	-11491.6
676	8.60252e-07	-12123.2
677	8.60252e-07	-14137.8
678	8.60252e-07	-15320.4
679	8.60252e-07	-11273.5
680	8.60252e-07	-11512.6
681	8.60252e-07	-12098.9
682	8.60252e-07	-12721.5
683	8.60252e-07	-12973
684	8.60252e-07	-10162
685	8.60252e-07	-10997.5
686	8.60252e-07	-9913.95
687	8.60252e-07	-10507.9
688	8.60252e-07	-11375.8
689	8.60252e-07	-12494.8
690	8.60252e-07	-12509.3
691	8.60252e-07	-13791.8
692	8.60252e-07	-14472.4
693	8.60252e-07	-12483
694	8.60252e-07	-11790.1
695	8.60252e-07	-11182.2
696	8.60252e-07	-10945.1
697	8.60252e-07	-10367.6
698	8.60252e-07	-11832
699	8.60252e-07	-11378.4
700	8.60252e-07	-11747.5
701	8.60252e-07	-12137
702	8.60252e-07	-10082.1
703	8.60252e-07	-12662.2
704	8.60252e-07	-13728.9
705	8.60252e-07	-11650.4
706	8.60252e-07	-12034.3
707	8.60252e-07	-12144.3
708	8.60252e-07	-11002.7
709	8.60252e-07	-10781.5
710	8.60252e-07	-10064.3
711	8.60252e-07	-9993.54
712	8.60252e-07	-11294.5
713	8.60252e-07	-11303.5
714	8.60252e-07	-12005.1
715	8.60252e-07	-13548.4
716	8.60252e-07	-11816.6
717	8.60252e-07	-13575.3
718	8.60252e-07	-13168.2
719	8.60252e-07	-11574
720	8.60252e-07	-12935.4
721	8.60252e-07	-10791.3
722	8.60252e-07	-11675.2
723	8.60252e-07	-12071.1
724	8.60252e-07	-11923.5
725	8.60252e-07	-12495.1
726	8.60252e-07	-17749.1
727	8.60252e-07	-12607.2
728	8.60252e-07	-12864.2
729	8.60252e-07	-11061.4
730	8.60252e-07	-11781.8
731	8.60252e-07	-14821
732	8.60252e-07	-12212.7
733	8.60252e-07	-11509.1
734	8.60252e-07	-13087.5
735	8.60252e-07	-12756.2
736	8.60252e-07	-12157.1
737	8.60252e-07	-16325.4
738	8.60252e-07	-16790.2
739	8.60252e-07	-16984.2
740	8.60252e-07	-11490.2
741	8.60252e-07	-14265.6
742	8.60252e-07	-11203.4
743	8.60252e-07	-10815.6
744	8.60252e-07	-11294.4
745	8.60252e-07	-11716.5
746	8.60252e-07	-11221.8
747	8.60252e-07	-11563.1
748	8.60252e-07	-11647.6
749	8.60252e-07	-11976.7
750	8.60252e-07	-13071
751	8.60252e-07	-14601.1
752	8.60252e-07	-15315.5
753	8.60252e-07	-14841.6
754	8.60252e-07	-11207.2
755	8.60252e-07	-12207.6
756	8.60252e-07	-12937.6
757	8.60252e-07	-12265
758	8.60252e-07	-13831.6
759	8.60252e-07	-13401.2
760	8.60252e-07	-11874.8
761	8.60252e-07	-11195.7
762	8.60252e-07	-12824.1
763	8.60252e-07	-11943.8
764	8.60252e-07	-11911.1
765	8.60252e-07	-12042.8
766	8.60252e-07	-10455.3
767	8.60252e-07	-11813.7
768	8.60252e-07	-11741.6
769	8.60252e-07	-13621.6
770	8.60252e-07	-11041.5
771	8.60252e-07	-11401.6
772	8.60252e-07	-11258.1
773	8.60252e-07	-11184.4
774	8.60252e-07	-12904.6
775	8.60252e-07	-13821.7
776	8.60252e-07	-12418.5
777	8.60252e-07	-11026.4
778	8.60252e-07	-10654.9
779	8.60252e-07	-10990.7
780	8.60252e-07	-13671.1
781	8.60252e-07	-10834.6
782	8.60252e-07	-10403.1
783	8.60252e-07	-11141.2
784	8.60252e-07	-12431.8
785	8.60252e-07	-13359.4
786	8.60252e-07	-11081.3
787	8.60252e-07	-11298.5
788	8.60252e-07	-12583.8
789	8.60252e-07	-14361.3
790	8.60252e-07	-13617.6
791	8.60252e-07	-14650.8
792	8.60252e-07	-14975
793	8.60252e-07	-11705.8
794	8.60252e-07	-11891.6
795	8.60252e-07	-12396.5
796	8.60252e-07	-12588.6
797	8.60252e-07	-16033.7
798	8.60252e-07	-13381.2
799	8.60252e-07	-12726.2
800	8.60252e-07	-11433
801	8.60252e-07	-11668
802	8.60252e-07	-11040.9
803	8.60252e-07	-12557.2
804	8.60252e-07	-13635.9
805	8.60252e-07	-12934.2
806	8.60252e-07	-11041.3
807	8.60252e-07	-10665
808	8.60252e-07	-11417
809	8.60252e-07	-11417.8
810	8.60252e-07	-12368.5
811	8.60252e-07	-12416.2
812	8.60252e-07	-12648.2
813	8.60252e-07	-11240.4
814	8.60252e-07	-12990.7
815	8.60252e-07	-13070
816	8.60252e-07	-12160.6
817	8.60252e-07	-12610.9
818	8.60252e-07	-13391.9
819	8.60252e-07	-13142.5
820	8.60252e-07	-12588.8
821	8.60252e-07	-11592.2
822	8.60252e-07	-11996.5
823	8.60252e-07	-11958.8
824	8.60252e-07	-12859.9
825	8.60252e-07	-11763
826	8.60252e-07	-13991
827	8.60252e-07	-14355
828	8.60252e-07	-11506.5
829	8.60252e-07	-11112.4
830	8.60252e-07	-13609.6
831	8.60252e-07	-12580.9
832	8.60252e-07	-12156.5
833	8.60252e-07	-11388.9
834	8.60252e-07	-12235.4
835	8.60252e-07	-13070.8
836	8.60252e-07	-12621.3
837	8.60252e-07	-12351.6
838	8.60252e-07	-20120.3
839	8.60252e-07	-12034.6
840	8.60252e-07	-11803.5
841	8.60252e-07	-10908.5
842	8.60252e-07	-10541.7
843	8.60252e-07	-10784.1
844	8.60252e-07	-12910.3
845	8.60252e-07	-14902.8
846	8.60252e-07	-14517.9
847	8.60252e-07	-14170.3
848	8.60252e-07	-13402.3
849	8.60252e-07	-12745.7
850	8.60252e-07	-13098.3
851	8.60252e-07	-13077.1
852	8.60252e-07	-13934.9
853	8.60252e-07	-14641.7
854	8.60252e-07	-12799.1
855	8.60252e-07	-12221
856	8.60252e-07	-12565
857	8.60252e-07	-11762.3
858	8.60252e-07	-13550.1
859	8.60252e-07	-12485.6
860	8.60252e-07	-13357.6
861	8.60252e-07	-11543.8
862	8.60252e-07	-10616.4
863	8.60252e-07	-10874.4
864	8.60252e-07	-10410.7
865	8.60252e-07	-12538.7
866	8.60252e-07	-13284
867	8.60252e-07	-11771.5
868	8.60252e-07	-12117.6
869	8.60252e-07	-13075.6
870	8.60252e-07	-13796.1
871	8.60252e-07	-12910.4
872	8.60252e-07	-11126.4
873	8.60252e-07	-11154.3
874	8.60252e-07	-12549.6
875	8.60252e-07	-13615.3
876	8.60252e-07	-13456.1
877	8.60252e-07	-13943.9
878	8.60252e-07	-13902.9
879	8.60252e-07	-12306.3
880	8.60252e-07	-12236.9
881	8.60252e-07	-14227.9
882	8.60252e-07	-16045.3
883	8.60252e-07	-12444.6
884	8.60252e-07	-11586.1
885	8.60252e-07	-11087.3
886	8.60252e-07	-12191.4
887	8.60252e-07	-12944
888	8.60252e-07	-13585.9
889	8.60252e-07	-10204.6
890	8.60252e-07	-10265.6
891	8.60252e-07	-10398.4
892	8.60252e-07	-11570
893	8.60252e-07	-12814.7
894	8.60252e-07	-12741.5
895	8.60252e-07	-11470.5
896	8.60252e-07	-12653.3
897	8.60252e-07	-11924.4
898	8.60252e-07	-12993
899	8.60252e-07	-16693
900	8.60252e-07	-15368.5
901	8.60252e-07	-13406.1
902	8.60252e-07	-16177.5
903	8.60252e-07	-17097.4
904	8.60252e-07	-12688.7
905	8.60252e-07	-14518.6
906	8.60252e-07	-13294.5
907	8.60252e-07	-12037.7
908	8.60252e-07	-10764.8
909	8.60252e-07	-10603.4
910	8.60252e-07	-11246.8
911	8.60252e-07	-11755.1
912	8.60252e-07	-10973.6
913	8.60252e-07	-11952.3
914	8.60252e-07	-12716.3
915	8.60252e-07	-12337.1
916	8.60252e-07	-12630
917	8.60252e-07	-11610.8
918	8.60252e-07	-10480.2
919	8.60252e-07	-11716.4
920	8.60252e-07	-10328.3
921	8.60252e-07	-10281.4
922	8.60252e-07	-11646.9
923	8.60252e-07	-12065.7
924	8.60252e-07	-15834.9
925	8.60252e-07	-15795.4
926	8.60252e-07	-14112.3
927	8.60252e-07	-14424.6
928	8.60252e-07	-12899.5
929	8.60252e-07	-12853.3
930	8.60252e-07	-12211.7
931	8.60252e-07	-11593.3
932	8.60252e-07	-12294.3
933	8.60252e-07	-10715
934	8.60252e-07	-11062.1
935	8.60252e-07	-13889.7
936	8.60252e-07	-11210.2
937	8.60252e-07	-11923.8
938	8.60252e-07	-13265.7
939	8.60252e-07	-16410
940	8.60252e-07	-14349.5
941	8.60252e-07	-14112.4
942	8.60252e-07	-14392.1
943	8.60252e-07	-12515.8
944	8.60252e-07	-12060.4
945	8.60252e-07	-12444.2
946	8.60252e-07	-11962.4
947	8.60252e-07	-10752.6
948	8.60252e-07	-10707.3
949	8.60252e-07	-12674.8
950	8.60252e-07	-10970.7
951	8.60252e-07	-11849.9
952	8.60252e-07	-12036.5
953	8.60252e-07	-11985.4
954	8.60252e-07	-15842.2
955	8.60252e-07	-14536.7
956	8.60252e-07	-11668.9
957	8.60252e-07	-11175.4
958	8.60252e-07	-12329.2
959	8.60252e-07	-14310.4
960	8.60252e-07	-13430.5
961	8.60252e-07	-13244.6
962	8.60252e-07	-13244.2
963	8.60252e-07	-12587.7
964	8.60252e-07	-13585.3
965	8.60252e-07	-12751.5
966	8.60252e-07	-13643.2
967	8.60252e-07	-13916.7
968	8.60252e-07	-14251
969	8.60252e-07	-17912.1
970	8.60252e-07	-20185.5
971	8.60252e-07	-19516.3
972	8.60252e-07	-18853.8
973	8.60252e-07	-18499.8
974	8.60252e-07	-12818.8
975	8.60252e-07	-15300.5
976	8.60252e-07	-14278.5
977	8.60252e-07	-13030.6
978	8.60252e-07	-12566.9
979	8.60252e-07	-10510.8
980	8.60252e-07	-10751.8
981	8.60252e-07	-11528.4
982	8.60252e-07	-12921.9
983	8.60252e-07	-12087.9
984	8.60252e-07	-10330.9
985	8.60252e-07	-10805.4
986	8.60252e-07	-11165.8
987	8.60252e-07	-11153.5
988	8.60252e-07	-11213.7
989	8.60252e-07	-12185.1
990	8.60252e-07	-12238.4
991	8.60252e-07	-13031.5
992	8.60252e-07	-13488.5
993	8.60252e-07	-11139.7
994	8.60252e-07	-12735.7
995	8.60252e-07	-13439.3
996	8.60252e-07	-11474.7
997	8.60252e-07	-12261
998	8.60252e-07	-10309.1
999	8.60252e-07	-16980
1000	8.60252e-07	-15965.4
251	1.13284e-07	-12832.8
252	1.13284e-07	-11983
253	1.13284e-07	-12831.8
254	1.13284e-07	-12714.2
255	1.13284e-07	-12828
256	1.13284e-07	-12649.1
257	1.13284e-07	-11190
258	1.13284e-07	-11737.5
259	1.13284e-07	-10827.6
260	1.13284e-07	-12848.2
261	1.13284e-07	-16605.1
262	1.13284e-07	-12307.9
263	1.13284e-07	-10775.9
264	1.13284e-07	-10840.2
265	1.13284e-07	-12678
266	1.13284e-07	-12808
267	1.13284e-07	-13440.4
268	1.13284e-07	-10859.2
269	1.13284e-07	-11008.5
270	1.13284e-07	-11119.7
271	1.13284e-07	-14059.8
272	1.13284e-07	-14562.3
273	1.13284e-07	-13312
274	1.13284e-07	-12896.5
275	1.13284e-07	-11953.7
276	1.13284e-07	-12098.3
277	1.13284e-07	-10879.3
278	1.13284e-07	-11035
279	1.13284e-07	-11692.6
280	1.13284e-07	-13637.9
281	1.13284e-07	-13061.8
282	1.13284e-07	-10273.6
283	1.13284e-07	-11011.8
284	1.13284e-07	-11943.5
285	1.13284e-07	-12406.4
286	1.13284e-07	-10840.6
287	1.13284e-07	-11395.7
288	1.13284e-07	-12826.8
289	1.13284e-07	-12314.6
290	1.13284e-07	-14091.3
291	1.13284e-07	-12914.8
292	1.13284e-07	-13657.9
293	1.13284e-07	-12715.6
294	1.13284e-07	-14271.9
295	1.13284e-07	-12143.7
296	1.13284e-07	-11887.2
297	1.13284e-07	-12025.9
298	1.13284e-07	-10117.9
299	1.13284e-07	-11873.8
300	1.13284e-07	-9913.49
301	1.13284e-07	-11070.4
302	1.13284e-07	-11449.9
303	1.13284e-07	-13231.6
304	1.13284e-07	-14119
305	1.13284e-07	-12491
306	1.13284e-07	-10552.5
307	1.13284e-07	-11094.5
308	1.13284e-07	-12873.2
309	1.13284e-07	-9666.64
310	1.13284e-07	-14714.9
311	1.13284e-07	-9786.49
312	1.13284e-07	-12206.7
313	1.13284e-07	-12618.6
314	1.13284e-07	-11215
315	1.13284e-07	-11226
316	1.13284e-07	-10229.7
317	1.13284e-07	-11710
318	1.13284e-07	-12357.9
319	1.13284e-07	-12925.5
320	1.13284e-07	-12582.8
321	1.13284e-07	-13627.9
322	1.13284e-07	-13671.9
323	1.13284e-07	-12699.6
324	1.13284e-07	-10778.2
325	1.13284e-07	-17729
326	1.13284e-07	-12613.6
327	1.13284e-07	-13778.9
328	1.13284e-07	-14161.5
329	1.13284e-07	-14666.7
330	1.13284e-07	-13818.7
331	1.13284e-07	-13389.7
332	1.13284e-07	-13381.8
333	1.13284e-07	-13727.8
334	1.13284e-07	-15469
335	1.13284e-07	-14790
336	1.13284e-07	-19734.1
337	1.13284e-07	-19766.7
338	1.13284e-07	-14590.6
339	1.13284e-07	-13277.4
340	1.13284e-07	-13275
341	1.13284e-07	-11026.5
342	1.13284e-07	-11298.6
343	1.13284e-07	-10676.9
344	1.13284e-07	-11941.9
345	1.13284e-07	-10879.6
346	1.13284e-07	-10687.6
347	1.13284e-07	-13686.9
348	1.13284e-07	-14911.5
349	1.13284e-07	-11766.7
350	1.13284e-07	-11201.6
351	1.13284e-07	-11093
352	1.13284e-07	-11168.4
353	1.13284e-07	-11060.6
354	1.13284e-07	-10249.2
355	1.13284e-07	-10964.2
356	1.13284e-07	-10895.2
357	1.13284e-07	-12647.7
358	1.13284e-07	-13964.4
359	1.13284e-07	-13271.2
360	1.13284e-07	-11931.8
361	1.13284e-07	-14063.9
362	1.13284e-07	-15414.2
363	1.13284e-07	-12687.8
364	1.13284e-07	-15242.2
365	1.13284e-07	-13013.2
366	1.13284e-07	-13491.2
367	1.13284e-07	-11725.8
368	1.13284e-07	-11999.4
369	1.13284e-07	-15065.5
370	1.13284e-07	-13282.8
371	1.13284e-07	-12252.7
372	1.13284e-07	-10740.7
373	1.13284e-07	-10412.9
374	1.13284e-07	-10329.5
375	1.13284e-07	-11863.5
376	1.13284e-07	-11342.9
377	1.13284e-07	-11564.9
378	1.13284e-07	-9797.05
379	1.13284e-07	-13117.1
380	1.13284e-07	-12205.4
381	1.13284e-07	-12211.4
382	1.13284e-07	-11542.9
383	1.13284e-07	-11185
384	1.13284e-07	-10906.1
385	1.13284e-07	-12751.6
386	1.13284e-07	-16492.2
387	1.13284e-07	-10533.3
388	1.13284e-07	-10627.5
389	1.13284e-07	-12639
390	1.13284e-07	-14541.3
391	1.13284e-07	-14594.3
392	1.13284e-07	-11501.1
393	1.13284e-07	-11270.3
394	1.13284e-07	-12446.4
395	1.13284e-07	-13016.3
396	1.13284e-07	-14488.5
397	1.13284e-07	-14647.7
398	1.13284e-07	-14734.3
399	1.13284e-07	-11638.7
400	1.13284e-07	-12468.4
401	1.13284e-07	-12743.2
402	1.13284e-07	-11381
403	1.13284e-07	-11370.5
404	1.13284e-07	-10977.4
405	1.13284e-07	-12133
406	1.13284e-07	-12756
407	1.13284e-07	-11178.3
408	1.13284e-07	-11161.4
409	1.13284e-07	-13358.1
410	1.13284e-07	-12268.8
411	1.13284e-07	-13541.2
412	1.13284e-07	-13600.6
413	1.13284e-07	-13636.6
414	1.13284e-07	-12220.7
415	1.13284e-07	-12629.6
416	1.13284e-07	-11865.6
417	1.13284e-07	-11263
418	1.13284e-07	-12810.6
419	1.13284e-07	-10577.9
420	1.13284e-07	-10597.4
421	1.13284e-07	-11974.7
422	1.13284e-07	-13461.4
423	1.13284e-07	-10439.3
424	1.13284e-07	-11350.4
425	1.13284e-07	-13191.5
426	1.13284e-07	-12045.5
427	1.13284e-07	-10843.8
428	1.13284e-07	-12352.8
429	1.13284e-07	-16366.7
430	1.13284e-07	-15273.1
431	1.13284e-07	-13568.8
432	1.13284e-07	-12194.2
433	1.13284e-07	-13156.4
434	1.13284e-07	-14432.2
435	1.13284e-07	-17665.2
436	1.13284e-07	-12665.6
437	1.13284e-07	-12735.3
438	1.13284e-07	-11277.2
439	1.13284e-07	-10531.5
440	1.13284e-07	-11371.8
441	1.13284e-07	-10719.2
442	1.13284e-07	-12403.9
443	1.13284e-07	-11974
444	1.13284e-07	-11639.5
445	1.13284e-07	-11864.3
446	1.13284e-07	-12142.6
447	1.13284e-07	-11191.2
448	1.13284e-07	-12082.5
449	1.13284e-07	-13683.8
450	1.13284e-07	-17623.7
451	1.13284e-07	-16215.3
452	1.13284e-07	-14748.6
453	1.13284e-07	-12184.8
454	1.13284e-07	-12013.1
455	1.13284e-07	-10891.7
456	1.13284e-07	-12616
457	1.13284e-07	-11128.3
458	1.13284e-07	-16192
459	1.13284e-07	-12167.6
460	1.13284e-07	-10742.8
461	1.13284e-07	-10408.2
462	1.13284e-07	-11424.9
463	1.13284e-07	-11330.8
464	1.13284e-07	-11063.4
465	1.13284e-07	-10439.1
466	1.13284e-07	-10386.9
467	1.13284e-07	-10484.3
468	1.13284e-07	-10806
469	1.13284e-07	-10995.8
470	1.13284e-07	-12533.4
471	1.13284e-07	-11480.9
472	1.13284e-07	-10999.5
473	1.13284e-07	-11047.2
474	1.13284e-07	-11429.8
475	1.13284e-07	-11846.2
476	1.13284e-07	-10733.3
477	1.13284e-07	-12781
478	1.13284e-07	-21157.5
479	1.13284e-07	-13134.5
480	1.13284e-07	-13478.8
481	1.13284e-07	-12492.4
482	1.13284e-07	-13422.4
483	1.13284e-07	-10274.8
484	1.13284e-07	-10816.2
485	1.13284e-07	-13998.6
486	1.13284e-07	-14009.5
487	1.13284e-07	-11072.4
488	1.13284e-07	-12142.4
489	1.13284e-07	-11721.3
490	1.13284e-07	-11589
491	1.13284e-07	-12197.1
492	1.13284e-07	-10446
493	1.13284e-07	-10440
494	1.13284e-07	-11378.3
495	1.13284e-07	-12671.2
496	1.13284e-07	-10516.4
497	1.13284e-07	-10823.9
498	1.13284e-07	-11522.5
499	1.13284e-07	-10825.2
500	1.13284e-07	-11626.2
501	1.13284e-07	-12162.5
502	1.13284e-07	-10476.5
503	1.13284e-07	-14462
504	1.13284e-07	-14222.1
505	1.13284e-07	-15008.5
506	1.13284e-07	-13451.6
507	1.13284e-07	-13404.2
508	1.13284e-07	-11334
509	1.13284e-07	-10489
510	1.13284e-07	-12520.5
511	1.13284e-07	-13903.9
512	1.13284e-07	-11451.6
513	1.13284e-07	-13370
514	1.13284e-07	-16276.4
515	1.13284e-07	-15212
516	1.13284e-07	-14690.7
517	1.13284e-07	-15943.9
518	1.13284e-07	-17342.3
519	1.13284e-07	-18013.1
520	1.13284e-07	-12592
521	1.13284e-07	-13370
522	1.13284e-07	-13580.7
523	1.13284e-07	-11099.2
524	1.13284e-07	-11581.8
525	1.13284e-07	-10873.5
526	1.13284e-07	-14375.7
527	1.13284e-07	-14133.3
528	1.13284e-07	-10965.8
529	1.13284e-07	-11218.8
530	1.13284e-07	-13925.4
531	1.13284e-07	-13407.6
532	1.13284e-07	-12087.7
533	1.13284e-07	-12768.1
534	1.13284e-07	-12049.7
535	1.13284e-07	-11974.5
536	1.13284e-07	-11380.1
537	1.13284e-07	-11655.4
538	1.13284e-07	-12070.4
539	1.13284e-07	-12977.6
540	1.13284e-07	-12280.1
541	1.13284e-07	-13218.8
542	1.13284e-07	-14456.8
543	1.13284e-07	-13213.4
544	1.13284e-07	-12807.7
545	1.13284e-07	-12168.8
546	1.13284e-07	-12174.2
547	1.13284e-07	-11865
548	1.13284e-07	-11221.7
549	1.13284e-07	-11520.5
550	1.13284e-07	-11387.8
551	1.13284e-07	-12147.1
552	1.13284e-07	-10743.9
553	1.13284e-07	-10844.9
554	1.13284e-07	-11178.1
555	1.13284e-07	-10479.2
556	1.13284e-07	-11448.6
557	1.13284e-07	-12865.8
558	1.13284e-07	-12460.1
559	1.13284e-07	-12644
560	1.13284e-07	-12112.7
561	1.13284e-07	-12954.6
562	1.13284e-07	-13379.9
563	1.13284e-07	-11230.9
564	1.13284e-07	-11188.9
565	1.13284e-07	-15800.5
566	1.13284e-07	-16523.1
567	1.13284e-07	-12431.1
568	1.13284e-07	-11330.3
569	1.13284e-07	-10470.3
570	1.13284e-07	-10926.3
571	1.13284e-07	-11239.9
572	1.13284e-07	-11292
573	1.13284e-07	-14401.3
574	1.13284e-07	-13706.4
575	1.13284e-07	-12845.5
576	1.13284e-07	-18311.2
577	1.13284e-07	-10285.7
578	1.13284e-07	-15010.6
579	1.13284e-07	-12857.6
580	1.13284e-07	-12549.8
581	1.13284e-07	-12971.6
582	1.13284e-07	-13196.4
583	1.13284e-07	-16790.5
584	1.13284e-07	-11545
585	1.13284e-07	-11517.6
586	1.13284e-07	-11220
587	1.13284e-07	-12159
588	1.13284e-07	-11282.4
589	1.13284e-07	-10702.6
590	1.13284e-07	-11898.9
591	1.13284e-07	-13403.7
592	1.13284e-07	-11952.6
593	1.13284e-07	-11874.1
594	1.13284e-07	-11335.2
595	1.13284e-07	-14681.7
596	1.13284e-07	-13954.1
597	1.13284e-07	-14524.2
598	1.13284e-07	-11994.9
599	1.13284e-07	-11053.2
600	1.13284e-07	-14971.3
601	1.13284e-07	-14834.1
602	1.13284e-07	-12681.3
603	1.13284e-07	-12033.8
604	1.13284e-07	-10941
605	1.13284e-07	-12178.4
606	1.13284e-07	-13496.2
607	1.13284e-07	-10678.4
608	1.13284e-07	-10913.4
609	1.13284e-07	-12271.1
610	1.13284e-07	-10979.4
611	1.13284e-07	-10624.9
612	1.13284e-07	-10917.4
613	1.13284e-07	-10845.6
614	1.13284e-07	-10756.4
615	1.13284e-07	-12158.8
616	1.13284e-07	-11772.4
617	1.13284e-07	-11603.2
618	1.13284e-07	-10383
619	1.13284e-07	-12332.3
620	1.13284e-07	-11520
621	1.13284e-07	-13256.5
622	1.13284e-07	-15969.8
623	1.13284e-07	-15682.4
624	1.13284e-07	-16492.9
625	1.13284e-07	-11510.8
626	1.13284e-07	-13434.8
627	1.13284e-07	-15157.9
628	1.13284e-07	-13263.6
629	1.13284e-07	-12410.2
630	1.13284e-07	-11916.1
631	1.13284e-07	-12057.6
632	1.13284e-07	-12478
633	1.13284e-07	-14779.5
634	1.13284e-07	-13830.1
635	1.13284e-07	-12468
636	1.13284e-07	-12233.2
637	1.13284e-07	-11761.3
638	1.13284e-07	-14027.8
639	1.13284e-07	-14255.5
640	1.13284e-07	-15545
641	1.13284e-07	-10806.1
642	1.13284e-07	-11953.5
643	1.13284e-07	-11985.7
644	1.13284e-07	-13588.8
645	1.13284e-07	-12903.6
646	1.13284e-07	-12093.1
647	1.13284e-07	-10922.9
648	1.13284e-07	-10950.4
649	1.13284e-07	-10500.7
650	1.13284e-07	-12057.1
651	1.13284e-07	-13099.6
652	1.13284e-07	-15634.3
653	1.13284e-07	-15162.2
654	1.13284e-07	-15315.2
655	1.13284e-07	-12999.6
656	1.13284e-07	-13519.3
657	1.13284e-07	-17012.4
658	1.13284e-07	-16083.4
659	1.13284e-07	-14106.2
660	1.13284e-07	-13384.4
661	1.13284e-07	-12520.1
662	1.13284e-07	-11820.7
663	1.13284e-07	-11773.1
664	1.13284e-07	-11603.3
665	1.13284e-07	-12342.6
666	1.13284e-07	-10646.5
667	1.13284e-07	-13003.9
668	1.13284e-07	-11714.8
669	1.13284e-07	-15105.3
670	1.13284e-07	-13667.2
671	1.13284e-07	-14842.6
672	1.13284e-07	-12700
673	1.13284e-07	-13265.7
674	1.13284e-07	-12136.1
675	1.13284e-07	-14947
676	1.13284e-07	-12918.4
677	1.13284e-07	-13089.2
678	1.13284e-07	-10877.7
679	1.13284e-07	-10483.7
680	1.13284e-07	-11197.2
681	1.13284e-07	-11117.2
682	1.13284e-07	-12203.2
683	1.13284e-07	-13054.2
684	1.13284e-07	-13462.5
685	1.13284e-07	-12205.5
686	1.13284e-07	-14684.1
687	1.13284e-07	-12522
688	1.13284e-07	-11303.4
689	1.13284e-07	-13863.8
690	1.13284e-07	-13685.9
691	1.13284e-07	-15027.9
692	1.13284e-07	-15028.2
693	1.13284e-07	-13617.4
694	1.13284e-07	-10532.2
695	1.13284e-07	-11984.8
696	1.13284e-07	-11369.7
697	1.13284e-07	-10452.4
698	1.13284e-07	-16290.4
699	1.13284e-07	-12791.3
700	1.13284e-07	-12118.1
701	1.13284e-07	-12344.8
702	1.13284e-07	-14641.4
703	1.13284e-07	-13440.9
704	1.13284e-07	-11161.4
705	1.13284e-07	-12328.3
706	1.13284e-07	-11553.7
707	1.13284e-07	-12493.1
708	1.13284e-07	-11295.2
709	1.13284e-07	-12416.4
710	1.13284e-07	-12649.7
711	1.13284e-07	-12138.8
712	1.13284e-07	-11114.6
713	1.13284e-07	-11293.1
714	1.13284e-07	-15752.4
715	1.13284e-07	-14553.2
716	1.13284e-07	-13687.8
717	1.13284e-07	-12682.3
718	1.13284e-07	-11787.1
719	1.13284e-07	-11721.6
720	1.13284e-07	-11945.7
721	1.13284e-07	-11190.9
722	1.13284e-07	-11248
723	1.13284e-07	-15400.3
724	1.13284e-07	-10859.2
725	1.13284e-07	-11926.3
726	1.13284e-07	-11480.6
727	1.13284e-07	-13624.9
728	1.13284e-07	-13923.9
729	1.13284e-07	-11842.5
730	1.13284e-07	-10682.1
731	1.13284e-07	-12189.2
732	1.13284e-07	-14807.5
733	1.13284e-07	-16748.6
734	1.13284e-07	-17776.9
735	1.13284e-07	-15544.3
736	1.13284e-07	-15688
737	1.13284e-07	-15316.1
738	1.13284e-07	-15391.6
739	1.13284e-07	-15439.6
740	1.13284e-07	-16107
741	1.13284e-07	-16235.2
742	1.13284e-07	-16759.2
743	1.13284e-07	-11952.9
744	1.13284e-07	-11838.3
745	1.13284e-07	-12241
746	1.13284e-07	-10726.5
747	1.13284e-07	-12770.8
748	1.13284e-07	-11760.9
749	1.13284e-07	-11651.4
750	1.13284e-07	-11421.8
751	1.13284e-07	-12011.8
752	1.13284e-07	-11502.2
753	1.13284e-07	-13997.4
754	1.13284e-07	-13957.8
755	1.13284e-07	-14097.8
756	1.13284e-07	-11824.6
757	1.13284e-07	-11905.8
758	1.13284e-07	-12307.3
759	1.13284e-07	-12350
760	1.13284e-07	-13090.9
761	1.13284e-07	-12309.1
762	1.13284e-07	-12419.8
763	1.13284e-07	-13023.9
764	1.13284e-07	-17603.2
765	1.13284e-07	-17293.7
766	1.13284e-07	-13586.2
767	1.13284e-07	-13561.9
768	1.13284e-07	-13249.7
769	1.13284e-07	-15370.4
770	1.13284e-07	-12957.7
771	1.13284e-07	-14322.7
772	1.13284e-07	-16778.6
773	1.13284e-07	-12344.8
774	1.13284e-07	-13490.8
775	1.13284e-07	-10523.7
776	1.13284e-07	-12250.6
777	1.13284e-07	-11155.7
778	1.13284e-07	-12122.7
779	1.13284e-07	-13151.6
780	1.13284e-07	-11065.1
781	1.13284e-07	-11237.9
782	1.13284e-07	-11332.2
783	1.13284e-07	-12960.1
784	1.13284e-07	-13998
785	1.13284e-07	-13622.1
786	1.13284e-07	-14499.3
787	1.13284e-07	-13120.6
788	1.13284e-07	-13272.7
789	1.13284e-07	-13063.7
790	1.13284e-07	-13600.7
791	1.13284e-07	-12797.9
792	1.13284e-07	-12371.9
793	1.13284e-07	-11948.6
794	1.13284e-07	-11561.2
795	1.13284e-07	-12416.9
796	1.13284e-07	-13135.7
797	1.13284e-07	-13978.6
798	1.13284e-07	-16028.1
799	1.13284e-07	-12907.8
800	1.13284e-07	-13319.2
801	1.13284e-07	-12613.5
802	1.13284e-07	-13041.9
803	1.13284e-07	-12138.2
804	1.13284e-07	-11772.7
805	1.13284e-07	-11299
806	1.13284e-07	-12573.3
807	1.13284e-07	-11572.2
808	1.13284e-07	-11228.2
809	1.13284e-07	-11270.3
810	1.13284e-07	-12766.7
811	1.13284e-07	-11628.7
812	1.13284e-07	-12944.3
813	1.13284e-07	-10907
814	1.13284e-07	-12484.9
815	1.13284e-07	-13474.1
816	1.13284e-07	-12307
817	1.13284e-07	-12149.4
818	1.13284e-07	-12230.1
819	1.13284e-07	-11114.2
820	1.13284e-07	-11254.1
821	1.13284e-07	-12898.2
822	1.13284e-07	-12410.2
823	1.13284e-07	-12500.8
824	1.13284e-07	-12357.7
825	1.13284e-07	-12405.5
826	1.13284e-07	-11231.2
827	1.13284e-07	-11072.6
828	1.13284e-07	-10850.7
829	1.13284e-07	-12088
830	1.13284e-07	-12138.4
831	1.13284e-07	-11027
832	1.13284e-07	-14285.4
833	1.13284e-07	-11834.2
834	1.13284e-07	-12781.8
835	1.13284e-07	-10784.9
836	1.13284e-07	-12522.5
837	1.13284e-07	-10994.7
838	1.13284e-07	-13555.4
839	1.13284e-07	-14020.8
840	1.13284e-07	-12628.7
841	1.13284e-07	-11645.3
842	1.13284e-07	-12920.7
843	1.13284e-07	-12168.7
844	1.13284e-07	-12115.4
845	1.13284e-07	-13219.6
846	1.13284e-07	-12794.7
847	1.13284e-07	-11570.5
848	1.13284e-07	-10344.5
849	1.13284e-07	-12160.4
850	1.13284e-07	-13543.5
851	1.13284e-07	-14637.6
852	1.13284e-07	-11837.6
853	1.13284e-07	-11251.7
854	1.13284e-07	-11018.9
855	1.13284e-07	-13374.9
856	1.13284e-07	-11778.2
857	1.13284e-07	-12154.1
858	1.13284e-07	-13071.8
859	1.13284e-07	-10266.4
860	1.13284e-07	-10522.6
861	1.13284e-07	-10605.8
862	1.13284e-07	-11020.6
863	1.13284e-07	-12168.2
864	1.13284e-07	-14270.1
865	1.13284e-07	-14699.1
866	1.13284e-07	-13732.2
867	1.13284e-07	-12212.2
868	1.13284e-07	-12477.6
869	1.13284e-07	-11327
870	1.13284e-07	-11205.7
871	1.13284e-07	-12400.5
872	1.13284e-07	-10536
873	1.13284e-07	-11795
874	1.13284e-07	-12007.7
875	1.13284e-07	-11301.7
876	1.13284e-07	-12240.2
877	1.13284e-07	-10479
878	1.13284e-07	-11978.5
879	1.13284e-07	-10721.9
880	1.13284e-07	-10437.9
881	1.13284e-07	-10692
882	1.13284e-07	-11540.2
883	1.13284e-07	-13776.2
884	1.13284e-07	-12737.1
885	1.13284e-07	-12653.6
886	1.13284e-07	-11062.7
887	1.13284e-07	-12584.2
888	1.13284e-07	-13088.7
889	1.13284e-07	-12855.7
890	1.13284e-07	-13277.2
891	1.13284e-07	-12712.9
892	1.13284e-07	-13589.1
893	1.13284e-07	-13516.3
894	1.13284e-07	-13903.6
895	1.13284e-07	-9850.93
896	1.13284e-07	-10814.7
897	1.13284e-07	-11077.6
898	1.13284e-07	-12335.7
899	1.13284e-07	-11366.3
900	1.13284e-07	-11479.3
901	1.13284e-07	-12715.4
902	1.13284e-07	-11958.2
903	1.13284e-07	-11979.8
904	1.13284e-07	-13975.1
905	1.13284e-07	-15230.7
906	1.13284e-07	-14029.4
907	1.13284e-07	-12594.3
908	1.13284e-07	-12589.4
909	1.13284e-07	-12494
910	1.13284e-07	-12456.4
911	1.13284e-07	-10362.6
912	1.13284e-07	-12560.4
913	1.13284e-07	-11664
914	1.13284e-07	-11960
915	1.13284e-07	-14469.1
916	1.13284e-07	-11591.9
917	1.13284e-07	-12207.1
918	1.13284e-07	-11294.9
919	1.13284e-07	-13280.9
920	1.13284e-07	-13929
921	1.13284e-07	-12510.4
922	1.13284e-07	-13716.3
923	1.13284e-07	-12079.4
924	1.13284e-07	-12680.6
925	1.13284e-07	-10201.3
926	1.13284e-07	-9886.05
927	1.13284e-07	-11167.2
928	1.13284e-07	-11969.9
929	1.13284e-07	-12049.3
930	1.13284e-07	-11194.1
931	1.13284e-07	-11373.8
932	1.13284e-07	-10734.9
933	1.13284e-07	-11218.2
934	1.13284e-07	-12115.2
935	1.13284e-07	-12229.9
936	1.13284e-07	-11805.9
937	1.13284e-07	-14362.8
938	1.13284e-07	-12946.7
939	1.13284e-07	-11660.7
940	1.13284e-07	-12305.3
941	1.13284e-07	-14803
942	1.13284e-07	-13690.1
943	1.13284e-07	-12132.7
944	1.13284e-07	-13899.8
945	1.13284e-07	-12673.6
946	1.13284e-07	-14817.9
947	1.13284e-07	-12302.1
948	1.13284e-07	-11028.3
949	1.13284e-07	-11673.2
950	1.13284e-07	-12499.5
951	1.13284e-07	-10565.2
952	1.13284e-07	-12238.9
953	1.13284e-07	-12175.4
954	1.13284e-07	-11864.4
955	1.13284e-07	-13197.3
956	1.13284e-07	-12374.2
957	1.13284e-07	-11664.5
958	1.13284e-07	-11868.4
959	1.13284e-07	-10508.7
960	1.13284e-07	-10430.3
961	1.13284e-07	-10469.3
962	1.13284e-07	-12772
963	1.13284e-07	-12521.9
964	1.13284e-07	-10966.4
965	1.13284e-07	-11315.8
966	1.13284e-07	-10980.5
967	1.13284e-07	-13490.5
968	1.13284e-07	-13471.9
969	1.13284e-07	-13823.4
970	1.13284e-07	-13060.5
971	1.13284e-07	-15289.6
972	1.13284e-07	-12490.2
973	1.13284e-07	-11538.4
974	1.13284e-07	-10940.1
975	1.13284e-07	-12315.6
976	1.13284e-07	-12176.4
977	1.13284e-07	-13866.6
978	1.13284e-07	-15711.3
979	1.13284e-07	-12528.7
980	1.13284e-07	-11442.1
981	1.13284e-07	-11303.6
982	1.13284e-07	-14022.4
983	1.13284e-07	-13149
984	1.13284e-07	-12117.1
985	1.13284e-07	-15433.8
986	1.13284e-07	-15382.6
987	1.13284e-07	-14709
988	1.13284e-07	-15397.6
989	1.13284e-07	-15610.7
990	1.13284e-07	-15501
991	1.13284e-07	-13428.1
992	1.13284e-07	-13723.3
993	1.13284e-07	-12112
994	1.13284e-07	-12222.8
995	1.13284e-07	-12382.7
996	1.13284e-07	-14419.5
997	1.13284e-07	-12642.7
998	1.13284e-07	-11300.1
999	1.13284e-07	-13237.9
1000	1.13284e-07	-13623.8
251	3.54013e-09	-15297.1
252	3.54013e-09	-14559.7
253	3.54013e-09	-13229.5
254	3.54013e-09	-13961.2
255	3.54013e-09	-13870.2
256	3.54013e-09	-11991
257	3.54013e-09	-14134.4
258	3.54013e-09	-15507.3
259	3.54013e-09	-14323.3
260	3.54013e-09	-12908.6
261	3.54013e-09	-11074.5
262	3.54013e-09	-10711.7
263	3.54013e-09	-11670.6
264	3.54013e-09	-11896.5
265	3.54013e-09	-13208.1
266	3.54013e-09	-14373.9
267	3.54013e-09	-13325.3
268	3.54013e-09	-13676.9
269	3.54013e-09	-11227.8
270	3.54013e-09	-11092.6
271	3.54013e-09	-11372.5
272	3.54013e-09	-11131.4
273	3.54013e-09	-12432.3
274	3.54013e-09	-13577.2
275	3.54013e-09	-12236.5
276	3.54013e-09	-12423.8
277	3.54013e-09	-12070.3
278	3.54013e-09	-12721.9
279	3.54013e-09	-14469.6
280	3.54013e-09	-16783.8
281	3.54013e-09	-17162.3
282	3.54013e-09	-17133
283	3.54013e-09	-13001.5
284	3.54013e-09	-13200.8
285	3.54013e-09	-11741.6
286	3.54013e-09	-10958.1
287	3.54013e-09	-11076
288	3.54013e-09	-12224.8
289	3.54013e-09	-12160.4
290	3.54013e-09	-12952.8
291	3.54013e-09	-10732.2
292	3.54013e-09	-10901.1
293	3.54013e-09	-11144.9
294	3.54013e-09	-13978.1
295	3.54013e-09	-12776.3
296	3.54013e-09	-17807.7
297	3.54013e-09	-18633.3
298	3.54013e-09	-14373.2
299	3.54013e-09	-15159.1
300	3.54013e-09	-13235.3
301	3.54013e-09	-12951.8
302	3.54013e-09	-11656.8
303	3.54013e-09	-11222.8
304	3.54013e-09	-11845.1
305	3.54013e-09	-10901.5
306	3.54013e-09	-11340.4
307	3.54013e-09	-13181.1
308	3.54013e-09	-13957.6
309	3.54013e-09	-12828.5
310	3.54013e-09	-11289.7
311	3.54013e-09	-11758.7
312	3.54013e-09	-12177.2
313	3.54013e-09	-11990.2
314	3.54013e-09	-12608
315	3.54013e-09	-12295.6
316	3.54013e-09	-12683.1
317	3.54013e-09	-13432.3
318	3.54013e-09	-12914.8
319	3.54013e-09	-11827.5
320	3.54013e-09	-11816.7
321	3.54013e-09	-12724.9
322	3.54013e-09	-15140.1
323	3.54013e-09	-11651.5
324	3.54013e-09	-13046.8
325	3.54013e-09	-13786
326	3.54013e-09	-12127.5
327	3.54013e-09	-11346.1
328	3.54013e-09	-10712.1
329	3.54013e-09	-11706.5
330	3.54013e-09	-14137.9
331	3.54013e-09	-14130.8
332	3.54013e-09	-12436.8
333	3.54013e-09	-12621.5
334	3.54013e-09	-12782.1
335	3.54013e-09	-10560.6
336	3.54013e-09	-11152.4
337	3.54013e-09	-11456
338	3.54013e-09	-11561.8
339	3.54013e-09	-11308
340	3.54013e-09	-12848.4
341	3.54013e-09	-14661.2
342	3.54013e-09	-12289.5
343	3.54013e-09	-9831.2
344	3.54013e-09	-9933.26
345	3.54013e-09	-10481.6
346	3.54013e-09	-10089.4
347	3.54013e-09	-11105.4
348	3.54013e-09	-12088.1
349	3.54013e-09	-11080.9
350	3.54013e-09	-10581.8
351	3.54013e-09	-13028.4
352	3.54013e-09	-11359.2
353	3.54013e-09	-10538.3
354	3.54013e-09	-12172.5
355	3.54013e-09	-11758.7
356	3.54013e-09	-11719.2
357	3.54013e-09	-13703.5
358	3.54013e-09	-12344.9
359	3.54013e-09	-10808.1
360	3.54013e-09	-11204.4
361	3.54013e-09	-11528.9
362	3.54013e-09	-12430.8
363	3.54013e-09	-11654.1
364	3.54013e-09	-12187.6
365	3.54013e-09	-11351.8
366	3.54013e-09	-12261.9
367	3.54013e-09	-11214.6
368	3.54013e-09	-10431.9
369	3.54013e-09	-10769.3
370	3.54013e-09	-12391.2
371	3.54013e-09	-15258.5
372	3.54013e-09	-14420.4
373	3.54013e-09	-12454.2
374	3.54013e-09	-17939.2
375	3.54013e-09	-12582.7
376	3.54013e-09	-11960.3
377	3.54013e-09	-10390.7
378	3.54013e-09	-12167.7
379	3.54013e-09	-13603.1
380	3.54013e-09	-18891.6
381	3.54013e-09	-20857.7
382	3.54013e-09	-17735.9
383	3.54013e-09	-22050.2
384	3.54013e-09	-15870.6
385	3.54013e-09	-11074.5
386	3.54013e-09	-12623.9
387	3.54013e-09	-9983.82
388	3.54013e-09	-10638.4
389	3.54013e-09	-11716.8
390	3.54013e-09	-11466.8
391	3.54013e-09	-11466.3
392	3.54013e-09	-12406.8
393	3.54013e-09	-12272.3
394	3.54013e-09	-11281.3
395	3.54013e-09	-11173.3
396	3.54013e-09	-13376.8
397	3.54013e-09	-15044.2
398	3.54013e-09	-13286.4
399	3.54013e-09	-12313.6
400	3.54013e-09	-13122.9
401	3.54013e-09	-11901.6
402	3.54013e-09	-11140.2
403	3.54013e-09	-11101.4
404	3.54013e-09	-10494.7
405	3.54013e-09	-11254.1
406	3.54013e-09	-10459.8
407	3.54013e-09	-10789.9
408	3.54013e-09	-10469.3
409	3.54013e-09	-10776.3
410	3.54013e-09	-10891.2
411	3.54013e-09	-11920.6
412	3.54013e-09	-11709.1
413	3.54013e-09	-12171.9
414	3.54013e-09	-11159.5
415	3.54013e-09	-11543.1
416	3.54013e-09	-11808.9
417	3.54013e-09	-11480.8
418	3.54013e-09	-11657.7
419	3.54013e-09	-13252.9
420	3.54013e-09	-13857
421	3.54013e-09	-13505.4
422	3.54013e-09	-12803.3
423	3.54013e-09	-14455.3
424	3.54013e-09	-15029.2
425	3.54013e-09	-12795.8
426	3.54013e-09	-12072.2
427	3.54013e-09	-12480.7
428	3.54013e-09	-12122.1
429	3.54013e-09	-12851.9
430	3.54013e-09	-11714
431	3.54013e-09	-13166.9
432	3.54013e-09	-15521
433	3.54013e-09	-11960.7
434	3.54013e-09	-11260.6
435	3.54013e-09	-10839.1
436	3.54013e-09	-10835.5
437	3.54013e-09	-11324.3
438	3.54013e-09	-11615.9
439	3.54013e-09	-12522
440	3.54013e-09	-13367.8
441	3.54013e-09	-11367
442	3.54013e-09	-11685.2
443	3.54013e-09	-12365.5
444	3.54013e-09	-14154.3
445	3.54013e-09	-13783.1
446	3.54013e-09	-15096.2
447	3.54013e-09	-14488.4
448	3.54013e-09	-15094.9
449	3.54013e-09	-12265.2
450	3.54013e-09	-14244.7
451	3.54013e-09	-14114.5
452	3.54013e-09	-18357.2
453	3.54013e-09	-18525.9
454	3.54013e-09	-15376.6
455	3.54013e-09	-13433.8
456	3.54013e-09	-12074.3
457	3.54013e-09	-11204.5
458	3.54013e-09	-10773.4
459	3.54013e-09	-13502.6
460	3.54013e-09	-12397.4
461	3.54013e-09	-11621.5
462	3.54013e-09	-11870.2
463	3.54013e-09	-13176
464	3.54013e-09	-10263.1
465	3.54013e-09	-12607.9
466	3.54013e-09	-14507
467	3.54013e-09	-14100.4
468	3.54013e-09	-12641.1
469	3.54013e-09	-12192.7
470	3.54013e-09	-12205.3
471	3.54013e-09	-14166.2
472	3.54013e-09	-15132.7
473	3.54013e-09	-11414.2
474	3.54013e-09	-10638.9
475	3.54013e-09	-11174.4
476	3.54013e-09	-12224.9
477	3.54013e-09	-12144.7
478	3.54013e-09	-12776.9
479	3.54013e-09	-14180.8
480	3.54013e-09	-12566.1
481	3.54013e-09	-12341.7
482	3.54013e-09	-11486.5
483	3.54013e-09	-11656.1
484	3.54013e-09	-12138.9
485	3.54013e-09	-12192.3
486	3.54013e-09	-10804.9
487	3.54013e-09	-10549.1
488	3.54013e-09	-10614.9
489	3.54013e-09	-12572
490	3.54013e-09	-11195.2
491	3.54013e-09	-22589.2
492	3.54013e-09	-13009.3
493	3.54013e-09	-13460.8
494	3.54013e-09	-16796.7
495	3.54013e-09	-11967.5
496	3.54013e-09	-11223.5
497	3.54013e-09	-11246.7
498	3.54013e-09	-10561.4
499	3.54013e-09	-12732.4
500	3.54013e-09	-11091.9
501	3.54013e-09	-11896.3
502	3.54013e-09	-11209.1
503	3.54013e-09	-12602.5
504	3.54013e-09	-13054
505	3.54013e-09	-13279.3
506	3.54013e-09	-11945.6
507	3.54013e-09	-11671.1
508	3.54013e-09	-14382.5
509	3.54013e-09	-11434
510	3.54013e-09	-11529.4
511	3.54013e-09	-11226.8
512	3.54013e-09	-11804.1
513	3.54013e-09	-9855.97
514	3.54013e-09	-10688.5
515	3.54013e-09	-11365.7
516	3.54013e-09	-11224.8
517	3.54013e-09	-9762.51
518	3.54013e-09	-14525.1
519	3.54013e-09	-12088.4
520	3.54013e-09	-12251.7
521	3.54013e-09	-12038.9
522	3.54013e-09	-12871.9
523	3.54013e-09	-12427.6
524	3.54013e-09	-12124.8
525	3.54013e-09	-10368.9
526	3.54013e-09	-12332.7
527	3.54013e-09	-12914.9
528	3.54013e-09	-14922.5
529	3.54013e-09	-14171.1
530	3.54013e-09	-11308.6
531	3.54013e-09	-10989.7
532	3.54013e-09	-12791.3
533	3.54013e-09	-11923.4
534	3.54013e-09	-12105.4
535	3.54013e-09	-12934.5
536	3.54013e-09	-13112.5
537	3.54013e-09	-11737.9
538	3.54013e-09	-11159.3
539	3.54013e-09	-10516.3
540	3.54013e-09	-12312.2
541	3.54013e-09	-11552.9
542	3.54013e-09	-14074.1
543	3.54013e-09	-13174.1
544	3.54013e-09	-13100.4
545	3.54013e-09	-12178
546	3.54013e-09	-14276.1
547	3.54013e-09	-14372.3
548	3.54013e-09	-14564.7
549	3.54013e-09	-13661.6
550	3.54013e-09	-17386.1
551	3.54013e-09	-12870.1
552	3.54013e-09	-12732.2
553	3.54013e-09	-11877.3
554	3.54013e-09	-10117.3
555	3.54013e-09	-12429.3
556	3.54013e-09	-13541.2
557	3.54013e-09	-12595.3
558	3.54013e-09	-13442
559	3.54013e-09	-11595.3
560	3.54013e-09	-10666.2
561	3.54013e-09	-10317.5
562	3.54013e-09	-10880.6
563	3.54013e-09	-13377.4
564	3.54013e-09	-13430.6
565	3.54013e-09	-20452.6
566	3.54013e-09	-11167.4
567	3.54013e-09	-11087.7
568	3.54013e-09	-11623.7
569	3.54013e-09	-10882.8
570	3.54013e-09	-10600.7
571	3.54013e-09	-10722.2
572	3.54013e-09	-11624.1
573	3.54013e-09	-11682.3
574	3.54013e-09	-12242.8
575	3.54013e-09	-13372.1
576	3.54013e-09	-12959.6
577	3.54013e-09	-12154.7
578	3.54013e-09	-11542.5
579	3.54013e-09	-11550.1
580	3.54013e-09	-13415.4
581	3.54013e-09	-11337
582	3.54013e-09	-12491.4
583	3.54013e-09	-12095.9
584	3.54013e-09	-14785
585	3.54013e-09	-12731.4
586	3.54013e-09	-13265.8
587	3.54013e-09	-11120.1
588	3.54013e-09	-11273.2
589	3.54013e-09	-10171.7
590	3.54013e-09	-11569.7
591	3.54013e-09	-11543.1
592	3.54013e-09	-10716.4
593	3.54013e-09	-13970.8
594	3.54013e-09	-13189.7
595	3.54013e-09	-12940.3
596	3.54013e-09	-11543.4
597	3.54013e-09	-11310.3
598	3.54013e-09	-13739.8
599	3.54013e-09	-11229.1
600	3.54013e-09	-13217.8
601	3.54013e-09	-14905.6
602	3.54013e-09	-12956.8
603	3.54013e-09	-12988.1
604	3.54013e-09	-10226.6
605	3.54013e-09	-12669.5
606	3.54013e-09	-13047.6
607	3.54013e-09	-12260.6
608	3.54013e-09	-11973.4
609	3.54013e-09	-12615.1
610	3.54013e-09	-13526.5
611	3.54013e-09	-14807.6
612	3.54013e-09	-12275.2
613	3.54013e-09	-15965.7
614	3.54013e-09	-12531.4
615	3.54013e-09	-13501.4
616	3.54013e-09	-13444.8
617	3.54013e-09	-14387.3
618	3.54013e-09	-11723.3
619	3.54013e-09	-11481.8
620	3.54013e-09	-12497.4
621	3.54013e-09	-12247
622	3.54013e-09	-13752.1
623	3.54013e-09	-14409.4
624	3.54013e-09	-15157.4
625	3.54013e-09	-13021.3
626	3.54013e-09	-12572.9
627	3.54013e-09	-14524.9
628	3.54013e-09	-13746.8
629	3.54013e-09	-14669.6
630	3.54013e-09	-13839.4
631	3.54013e-09	-11815.9
632	3.54013e-09	-11420.6
633	3.54013e-09	-12892.3
634	3.54013e-09	-13325.7
635	3.54013e-09	-16730.2
636	3.54013e-09	-17680
637	3.54013e-09	-17428.5
638	3.54013e-09	-17334.3
639	3.54013e-09	-12708.2
640	3.54013e-09	-13226.5
641	3.54013e-09	-12386.7
642	3.54013e-09	-11949.5
643	3.54013e-09	-11754.7
644	3.54013e-09	-12275.1
645	3.54013e-09	-9923.47
646	3.54013e-09	-10427.9
647	3.54013e-09	-10573.6
648	3.54013e-09	-11404
649	3.54013e-09	-14027.9
650	3.54013e-09	-13655.6
651	3.54013e-09	-13969.4
652	3.54013e-09	-12433.2
653	3.54013e-09	-13013.3
654	3.54013e-09	-13469.2
655	3.54013e-09	-11513.8
656	3.54013e-09	-14685.2
657	3.54013e-09	-12894
658	3.54013e-09	-12506.4
659	3.54013e-09	-14669.8
660	3.54013e-09	-14225.7
661	3.54013e-09	-15097.2
662	3.54013e-09	-13378.6
663	3.54013e-09	-11687.8
664	3.54013e-09	-11441
665	3.54013e-09	-10284.7
666	3.54013e-09	-10817.5
667	3.54013e-09	-9941.24
668	3.54013e-09	-10380.8
669	3.54013e-09	-11099.1
670	3.54013e-09	-12120.8
671	3.54013e-09	-12717
672	3.54013e-09	-15921.9
673	3.54013e-09	-13382.3
674	3.54013e-09	-13512.4
675	3.54013e-09	-10272.9
676	3.54013e-09	-10713.9
677	3.54013e-09	-13680.9
678	3.54013e-09	-13218.8
679	3.54013e-09	-13748.4
680	3.54013e-09	-14992.5
681	3.54013e-09	-15394.9
682	3.54013e-09	-14261.2
683	3.54013e-09	-14920.5
684	3.54013e-09	-10142.3
685	3.54013e-09	-14388.9
686	3.54013e-09	-10811.6
687	3.54013e-09	-10734.1
688	3.54013e-09	-10537.5
689	3.54013e-09	-10795.2
690	3.54013e-09	-10210.2
691	3.54013e-09	-11745.3
692	3.54013e-09	-11550
693	3.54013e-09	-10971
694	3.54013e-09	-12315.8
695	3.54013e-09	-13568.7
696	3.54013e-09	-13126.2
697	3.54013e-09	-10790.3
698	3.54013e-09	-10886.6
699	3.54013e-09	-11421.6
700	3.54013e-09	-12154.6
701	3.54013e-09	-12337.7
702	3.54013e-09	-13734.2
703	3.54013e-09	-13157.7
704	3.54013e-09	-12514.9
705	3.54013e-09	-11932
706	3.54013e-09	-12574.6
707	3.54013e-09	-12090.2
708	3.54013e-09	-11740.4
709	3.54013e-09	-15035.1
710	3.54013e-09	-14705.5
711	3.54013e-09	-11757.8
712	3.54013e-09	-11601.1
713	3.54013e-09	-10702.7
714	3.54013e-09	-11419.3
715	3.54013e-09	-10550.7
716	3.54013e-09	-11271.5
717	3.54013e-09	-12171.2
718	3.54013e-09	-11070.9
719	3.54013e-09	-12512.5
720	3.54013e-09	-11725.1
721	3.54013e-09	-10827
722	3.54013e-09	-11937
723	3.54013e-09	-10887
724	3.54013e-09	-11308.7
725	3.54013e-09	-10564.5
726	3.54013e-09	-10827
727	3.54013e-09	-13596.7
728	3.54013e-09	-12676.2
729	3.54013e-09	-14166.5
730	3.54013e-09	-15643.1
731	3.54013e-09	-13331.9
732	3.54013e-09	-12821.1
733	3.54013e-09	-11301.1
734	3.54013e-09	-10996.3
735	3.54013e-09	-11753.6
736	3.54013e-09	-12368.3
737	3.54013e-09	-11646.6
738	3.54013e-09	-12266.5
739	3.54013e-09	-11966.1
740	3.54013e-09	-12676.3
741	3.54013e-09	-15521.3
742	3.54013e-09	-12775.2
743	3.54013e-09	-13049
744	3.54013e-09	-11989.1
745	3.54013e-09	-11689.8
746	3.54013e-09	-12757
747	3.54013e-09	-12226.5
748	3.54013e-09	-10996.7
749	3.54013e-09	-10893
750	3.54013e-09	-11612
751	3.54013e-09	-11209.4
752	3.54013e-09	-10579.9
753	3.54013e-09	-12130
754	3.54013e-09	-12351.3
755	3.54013e-09	-11724.7
756	3.54013e-09	-12781.3
757	3.54013e-09	-11611.5
758	3.54013e-09	-16277
759	3.54013e-09	-16410.7
760	3.54013e-09	-10596.6
761	3.54013e-09	-10357.9
762	3.54013e-09	-10064.1
763	3.54013e-09	-9884.94
764	3.54013e-09	-10157.2
765	3.54013e-09	-10388.4
766	3.54013e-09	-12327.1
767	3.54013e-09	-14367.9
768	3.54013e-09	-12147
769	3.54013e-09	-10681.5
770	3.54013e-09	-10512.8
771	3.54013e-09	-11390.5
772	3.54013e-09	-11148.7
773	3.54013e-09	-14974.2
774	3.54013e-09	-15473.8
775	3.54013e-09	-15212.7
776	3.54013e-09	-15489.6
777	3.54013e-09	-11530.1
778	3.54013e-09	-12302.7
779	3.54013e-09	-11493.3
780	3.54013e-09	-13937.9
781	3.54013e-09	-12985.3
782	3.54013e-09	-13395.8
783	3.54013e-09	-12468.5
784	3.54013e-09	-13014.5
785	3.54013e-09	-12760.9
786	3.54013e-09	-14253.4
787	3.54013e-09	-12407.9
788	3.54013e-09	-14937.3
789	3.54013e-09	-11397.5
790	3.54013e-09	-11347.7
791	3.54013e-09	-11433.1
792	3.54013e-09	-11803.5
793	3.54013e-09	-11439.2
794	3.54013e-09	-13964.3
795	3.54013e-09	-15498.7
796	3.54013e-09	-15801.9
797	3.54013e-09	-16074.9
798	3.54013e-09	-15377.4
799	3.54013e-09	-15604.8
800	3.54013e-09	-15450.9
801	3.54013e-09	-12568.4
802	3.54013e-09	-12076.2
803	3.54013e-09	-14029
804	3.54013e-09	-13830.6
805	3.54013e-09	-12692.2
806	3.54013e-09	-13689.2
807	3.54013e-09	-14745
808	3.54013e-09	-14470.7
809	3.54013e-09	-11519.3
810	3.54013e-09	-10075
811	3.54013e-09	-10889.3
812	3.54013e-09	-11834.2
813	3.54013e-09	-11655.3
814	3.54013e-09	-12770.1
815	3.54013e-09	-11755.5
816	3.54013e-09	-10998.6
817	3.54013e-09	-12054.4
818	3.54013e-09	-11778.8
819	3.54013e-09	-11880.9
820	3.54013e-09	-12275.3
821	3.54013e-09	-14237.1
822	3.54013e-09	-12150.4
823	3.54013e-09	-13361.6
824	3.54013e-09	-12077.8
825	3.54013e-09	-12906
826	3.54013e-09	-15316.3
827	3.54013e-09	-11989.6
828	3.54013e-09	-14596.2
829	3.54013e-09	-12615.6
830	3.54013e-09	-11875.1
831	3.54013e-09	-12382.9
832	3.54013e-09	-10979.6
833	3.54013e-09	-11269
834	3.54013e-09	-10011.7
835	3.54013e-09	-11737.1
836	3.54013e-09	-10843.9
837	3.54013e-09	-10376
838	3.54013e-09	-11112
839	3.54013e-09	-13792.8
840	3.54013e-09	-14491.4
841	3.54013e-09	-11776.1
842	3.54013e-09	-11914.6
843	3.54013e-09	-12725.1
844	3.54013e-09	-12249.4
845	3.54013e-09	-11207.9
846	3.54013e-09	-12938.3
847	3.54013e-09	-13356.4
848	3.54013e-09	-12443.1
849	3.54013e-09	-11368.6
850	3.54013e-09	-12440.7
851	3.54013e-09	-10820.8
852	3.54013e-09	-10532.8
853	3.54013e-09	-11651.7
854	3.54013e-09	-12612.5
855	3.54013e-09	-12483.8
856	3.54013e-09	-12951.9
857	3.54013e-09	-13436.6
858	3.54013e-09	-16912.2
859	3.54013e-09	-11435.6
860	3.54013e-09	-11969.8
861	3.54013e-09	-12279.4
862	3.54013e-09	-9397.26
863	3.54013e-09	-9718.23
864	3.54013e-09	-10954.4
865	3.54013e-09	-10369.8
866	3.54013e-09	-10559.6
867	3.54013e-09	-10546.8
868	3.54013e-09	-12431.7
869	3.54013e-09	-12372.5
870	3.54013e-09	-10636
871	3.54013e-09	-10072.6
872	3.54013e-09	-12116.7
873	3.54013e-09	-10838.8
874	3.54013e-09	-10180.1
875	3.54013e-09	-13220.5
876	3.54013e-09	-14146.7
877	3.54013e-09	-12512.4
878	3.54013e-09	-13109.3
879	3.54013e-09	-11256.6
880	3.54013e-09	-11602.1
881	3.54013e-09	-10035.4
882	3.54013e-09	-12977.1
883	3.54013e-09	-13692.5
884	3.54013e-09	-13487.6
885	3.54013e-09	-10737.5
886	3.54013e-09	-11582.8
887	3.54013e-09	-12397.7
888	3.54013e-09	-13715.4
889	3.54013e-09	-14037.3
890	3.54013e-09	-14430.3
891	3.54013e-09	-14446.6
892	3.54013e-09	-18259.4
893	3.54013e-09	-16494.1
894	3.54013e-09	-13188.6
895	3.54013e-09	-12671.5
896	3.54013e-09	-10991.6
897	3.54013e-09	-12105
898	3.54013e-09	-12908.8
899	3.54013e-09	-15937.3
900	3.54013e-09	-10997.8
901	3.54013e-09	-10556.4
902	3.54013e-09	-13237.9
903	3.54013e-09	-11055.1
904	3.54013e-09	-17119.3
905	3.54013e-09	-17479.5
906	3.54013e-09	-16825.9
907	3.54013e-09	-16133.4
908	3.54013e-09	-12357.3
909	3.54013e-09	-12365.6
910	3.54013e-09	-11812.5
911	3.54013e-09	-11497.4
912	3.54013e-09	-11617.2
913	3.54013e-09	-9600.06
914	3.54013e-09	-10717.1
915	3.54013e-09	-12107.3
916	3.54013e-09	-11083.2
917	3.54013e-09	-11627.8
918	3.54013e-09	-13617.6
919	3.54013e-09	-12138.1
920	3.54013e-09	-11626.3
921	3.54013e-09	-10759.5
922	3.54013e-09	-12648.6
923	3.54013e-09	-12668.7
924	3.54013e-09	-13032.7
925	3.54013e-09	-12078.3
926	3.54013e-09	-11035.1
927	3.54013e-09	-11172
928	3.54013e-09	-9806.4
929	3.54013e-09	-11397.6
930	3.54013e-09	-11203.7
931	3.54013e-09	-11240.3
932	3.54013e-09	-11721.6
933	3.54013e-09	-12185.5
934	3.54013e-09	-11514.3
935	3.54013e-09	-10774.5
936	3.54013e-09	-11807.7
937	3.54013e-09	-11792.6
938	3.54013e-09	-15107.1
939	3.54013e-09	-14278.8
940	3.54013e-09	-12435.9
941	3.54013e-09	-13107.5
942	3.54013e-09	-14287.9
943	3.54013e-09	-12480.9
944	3.54013e-09	-11596.1
945	3.54013e-09	-11164.8
946	3.54013e-09	-13541.1
947	3.54013e-09	-12747.2
948	3.54013e-09	-14037.4
949	3.54013e-09	-15805.6
950	3.54013e-09	-12363.2
951	3.54013e-09	-10637.2
952	3.54013e-09	-11106.7
953	3.54013e-09	-12667
954	3.54013e-09	-13678.6
955	3.54013e-09	-13135.8
956	3.54013e-09	-13436.2
957	3.54013e-09	-12815.8
958	3.54013e-09	-13087.7
959	3.54013e-09	-11759
960	3.54013e-09	-13170
961	3.54013e-09	-12181.2
962	3.54013e-09	-10751.7
963	3.54013e-09	-11033.5
964	3.54013e-09	-9688.42
965	3.54013e-09	-10369.8
966	3.54013e-09	-13987.3
967	3.54013e-09	-12920.3
968	3.54013e-09	-11657.3
969	3.54013e-09	-12069
970	3.54013e-09	-12153.2
971	3.54013e-09	-11189.2
972	3.54013e-09	-11699.7
973	3.54013e-09	-10662.4
974	3.54013e-09	-13240.7
975	3.54013e-09	-13229.9
976	3.54013e-09	-10653.1
977	3.54013e-09	-12423.3
978	3.54013e-09	-10400.5
979	3.54013e-09	-13092.1
980	3.54013e-09	-14734.5
981	3.54013e-09	-11133.9
982	3.54013e-09	-11875.5
983	3.54013e-09	-10659.1
984	3.54013e-09	-10399.5
985	3.54013e-09	-11756.6
986	3.54013e-09	-13509.9
987	3.54013e-09	-12967.8
988	3.54013e-09	-12967.1
989	3.54013e-09	-13637
990	3.54013e-09	-11304.2
991	3.54013e-09	-11839.4
992	3.54013e-09	-12461.3
993	3.54013e-09	-12267.7
994	3.54013e-09	-10591.1
995	3.54013e-09	-11780.5
996	3.54013e-09	-12455.6
997	3.54013e-09	-12058.7
998	3.54013e-09	-11593.7
999	3.54013e-09	-12667.7
1000	3.54013e-09	-15192.4
251	1.16658e-302	-13507.1
252	1.16658e-302	-11787.1
253	1.16658e-302	-11945.6
254	1.16658e-302	-11611.4
255	1.16658e-302	-12237.3
256	1.16658e-302	-11445.7
257	1.16658e-302	-10468.7
258	1.16658e-302	-11530.7
259	1.16658e-302	-11846.6
260	1.16658e-302	-12807
261	1.16658e-302	-11219.4
262	1.16658e-302	-11402.9
263	1.16658e-302	-13008.7
264	1.16658e-302	-11821.6
265	1.16658e-302	-11886.3
266	1.16658e-302	-11634.5
267	1.16658e-302	-12193.8
268	1.16658e-302	-11281.9
269	1.16658e-302	-11782.5
270	1.16658e-302	-12337.4
271	1.16658e-302	-12311.1
272	1.16658e-302	-12045.1
273	1.16658e-302	-12220.1
274	1.16658e-302	-10679.7
275	1.16658e-302	-11046.6
276	1.16658e-302	-12745.1
277	1.16658e-302	-13628.6
278	1.16658e-302	-13151.3
279	1.16658e-302	-12070.4
280	1.16658e-302	-13105.5
281	1.16658e-302	-13260.3
282	1.16658e-302	-12729.8
283	1.16658e-302	-13389.7
284	1.16658e-302	-13915.5
285	1.16658e-302	-14272.3
286	1.16658e-302	-13866.4
287	1.16658e-302	-14090.1
288	1.16658e-302	-11439.3
289	1.16658e-302	-10643.3
290	1.16658e-302	-13087.4
291	1.16658e-302	-10096.4
292	1.16658e-302	-10623.4
293	1.16658e-302	-14611.6
294	1.16658e-302	-16537.4
295	1.16658e-302	-12150.7
296	1.16658e-302	-11502.6
297	1.16658e-302	-11798.6
298	1.16658e-302	-11412.6
299	1.16658e-302	-12670.2
300	1.16658e-302	-13257.4
301	1.16658e-302	-11309.8
302	1.16658e-302	-11276.8
303	1.16658e-302	-12395.1
304	1.16658e-302	-12922.3
305	1.16658e-302	-11197.2
306	1.16658e-302	-11026.8
307	1.16658e-302	-11005.3
308	1.16658e-302	-10913.5
309	1.16658e-302	-12574.5
310	1.16658e-302	-13244.5
311	1.16658e-302	-13606.9
312	1.16658e-302	-11488.9
313	1.16658e-302	-11288.6
314	1.16658e-302	-11417.9
315	1.16658e-302	-10916.2
316	1.16658e-302	-12150.4
317	1.16658e-302	-14361.7
318	1.16658e-302	-11322.6
319	1.16658e-302	-11703.7
320	1.16658e-302	-11131.7
321	1.16658e-302	-14250.2
322	1.16658e-302	-10491
323	1.16658e-302	-11683.8
324	1.16658e-302	-10964.8
325	1.16658e-302	-12786.9
326	1.16658e-302	-10565.1
327	1.16658e-302	-11376.4
328	1.16658e-302	-13378.9
329	1.16658e-302	-9885.9
330	1.16658e-302	-11696.9
331	1.16658e-302	-11265.6
332	1.16658e-302	-12310.4
333	1.16658e-302	-10933.6
334	1.16658e-302	-11151.9
335	1.16658e-302	-11129.6
336	1.16658e-302	-15592
337	1.16658e-302	-16783
338	1.16658e-302	-15850.5
339	1.16658e-302	-12790.2
340	1.16658e-302	-13766.2
341	1.16658e-302	-13102.3
342	1.16658e-302	-11432.9
343	1.16658e-302	-15155.5
344	1.16658e-302	-13477.1
345	1.16658e-302	-14122.5
346	1.16658e-302	-12776.8
347	1.16658e-302	-12760.3
348	1.16658e-302	-10974.7
349	1.16658e-302	-13901.4
350	1.16658e-302	-12813.6
351	1.16658e-302	-11667.1
352	1.16658e-302	-13205.1
353	1.16658e-302	-12594
354	1.16658e-302	-11033.5
355	1.16658e-302	-12260.9
356	1.16658e-302	-12639.5
357	1.16658e-302	-10618.7
358	1.16658e-302	-11082.5
359	1.16658e-302	-13520.1
360	1.16658e-302	-11170.8
361	1.16658e-302	-11376.9
362	1.16658e-302	-14404.9
363	1.16658e-302	-12707.5
364	1.16658e-302	-11666.1
365	1.16658e-302	-13342.9
366	1.16658e-302	-11319.7
367	1.16658e-302	-13650
368	1.16658e-302	-14252
369	1.16658e-302	-12459.8
370	1.16658e-302	-13205.4
371	1.16658e-302	-11413.2
372	1.16658e-302	-10717.2
373	1.16658e-302	-12475.3
374	1.16658e-302	-11193.4
375	1.16658e-302	-10647.4
376	1.16658e-302	-12834.7
377	1.16658e-302	-13137.8
378	1.16658e-302	-13499.5
379	1.16658e-302	-11943.6
380	1.16658e-302	-12168.4
381	1.16658e-302	-11294.2
382	1.16658e-302	-11852.3
383	1.16658e-302	-11141.8
384	1.16658e-302	-13397.7
385	1.16658e-302	-10983.5
386	1.16658e-302	-11241.3
387	1.16658e-302	-11750.1
388	1.16658e-302	-12993.9
389	1.16658e-302	-10553.8
390	1.16658e-302	-10272.3
391	1.16658e-302	-14611.3
392	1.16658e-302	-11579.3
393	1.16658e-302	-11554.6
394	1.16658e-302	-9795.71
395	1.16658e-302	-13059
396	1.16658e-302	-11267.6
397	1.16658e-302	-11472
398	1.16658e-302	-12010.8
399	1.16658e-302	-11808.6
400	1.16658e-302	-12548.1
401	1.16658e-302	-12722.1
402	1.16658e-302	-12243.7
403	1.16658e-302	-12531.4
404	1.16658e-302	-11845.7
405	1.16658e-302	-11863.8
406	1.16658e-302	-11499.4
407	1.16658e-302	-10877.7
408	1.16658e-302	-13470.3
409	1.16658e-302	-13008.7
410	1.16658e-302	-12860.7
411	1.16658e-302	-12600.3
412	1.16658e-302	-11768.6
413	1.16658e-302	-11463.9
414	1.16658e-302	-11113.4
415	1.16658e-302	-11092.1
416	1.16658e-302	-11521.2
417	1.16658e-302	-11357.8
418	1.16658e-302	-11471.5
419	1.16658e-302	-11436.2
420	1.16658e-302	-13469.2
421	1.16658e-302	-12562.9
422	1.16658e-302	-13278.6
423	1.16658e-302	-14063.2
424	1.16658e-302	-14027.3
425	1.16658e-302	-16589.5
426	1.16658e-302	-13281.8
427	1.16658e-302	-11052.7
428	1.16658e-302	-12316.7
429	1.16658e-302	-9879.01
430	1.16658e-302	-11003.5
431	1.16658e-302	-11758.2
432	1.16658e-302	-11383.9
433	1.16658e-302	-11306.3
434	1.16658e-302	-12705.5
435	1.16658e-302	-16649.6
436	1.16658e-302	-11139.2
437	1.16658e-302	-12469.1
438	1.16658e-302	-12179.1
439	1.16658e-302	-14146.9
440	1.16658e-302	-15989.6
441	1.16658e-302	-13443.4
442	1.16658e-302	-12648.5
443	1.16658e-302	-14470.8
444	1.16658e-302	-11729.1
445	1.16658e-302	-11649.7
446	1.16658e-302	-10148.9
447	1.16658e-302	-13661.3
448	1.16658e-302	-12618.5
449	1.16658e-302	-12634
450	1.16658e-302	-11685.6
451	1.16658e-302	-12538.1
452	1.16658e-302	-13130.9
453	1.16658e-302	-10369.5
454	1.16658e-302	-10956.9
455	1.16658e-302	-12693
456	1.16658e-302	-12722.8
457	1.16658e-302	-11771.3
458	1.16658e-302	-12138.6
459	1.16658e-302	-14452.6
460	1.16658e-302	-15278.2
461	1.16658e-302	-14360.4
462	1.16658e-302	-16432.4
463	1.16658e-302	-15490.5
464	1.16658e-302	-13894.9
465	1.16658e-302	-14797.6
466	1.16658e-302	-14272.3
467	1.16658e-302	-14369.3
468	1.16658e-302	-11870.2
469	1.16658e-302	-11297
470	1.16658e-302	-11493.3
471	1.16658e-302	-15139
472	1.16658e-302	-12320.2
473	1.16658e-302	-11275.1
474	1.16658e-302	-13369.6
475	1.16658e-302	-10539.1
476	1.16658e-302	-12513
477	1.16658e-302	-12417.4
478	1.16658e-302	-14216.3
479	1.16658e-302	-14700.4
480	1.16658e-302	-23058.2
481	1.16658e-302	-18442.5
482	1.16658e-302	-14590.5
483	1.16658e-302	-12740.3
484	1.16658e-302	-12666.4
485	1.16658e-302	-11599.1
486	1.16658e-302	-11015
487	1.16658e-302	-11146.2
488	1.16658e-302	-10246.6
489	1.16658e-302	-10213.2
490	1.16658e-302	-12048.6
491	1.16658e-302	-12946.8
492	1.16658e-302	-13319.9
493	1.16658e-302	-10679.7
494	1.16658e-302	-11516
495	1.16658e-302	-13230.3
496	1.16658e-302	-10616
497	1.16658e-302	-14314.3
498	1.16658e-302	-10384.3
499	1.16658e-302	-10768.9
500	1.16658e-302	-13143.8
501	1.16658e-302	-14321.9
502	1.16658e-302	-14630.6
503	1.16658e-302	-11212.7
504	1.16658e-302	-12418.9
505	1.16658e-302	-11795.1
506	1.16658e-302	-13479.3
507	1.16658e-302	-12354.4
508	1.16658e-302	-10854.8
509	1.16658e-302	-10988.7
510	1.16658e-302	-12435.2
511	1.16658e-302	-13268.2
512	1.16658e-302	-12711.9
513	1.16658e-302	-10754.5
514	1.16658e-302	-12004.6
515	1.16658e-302	-17024.3
516	1.16658e-302	-12567.5
517	1.16658e-302	-11410.9
518	1.16658e-302	-10192.2
519	1.16658e-302	-11840
520	1.16658e-302	-12580.7
521	1.16658e-302	-10295.4
522	1.16658e-302	-12337
523	1.16658e-302	-13376.5
524	1.16658e-302	-12144.8
525	1.16658e-302	-11714.7
526	1.16658e-302	-15209.4
527	1.16658e-302	-11525.3
528	1.16658e-302	-14498.5
529	1.16658e-302	-14273.5
530	1.16658e-302	-13687.7
531	1.16658e-302	-14169.8
532	1.16658e-302	-12490.3
533	1.16658e-302	-10331.8
534	1.16658e-302	-12273.2
535	1.16658e-302	-10648.3
536	1.16658e-302	-11956
537	1.16658e-302	-12182.3
538	1.16658e-302	-13261.3
539	1.16658e-302	-11870.4
540	1.16658e-302	-11258.2
541	1.16658e-302	-12796.8
542	1.16658e-302	-11856
543	1.16658e-302	-11797
544	1.16658e-302	-12215.2
545	1.16658e-302	-12187.1
546	1.16658e-302	-11764.2
547	1.16658e-302	-10499.7
548	1.16658e-302	-13025.5
549	1.16658e-302	-12714.2
550	1.16658e-302	-12918.1
551	1.16658e-302	-14469.6
552	1.16658e-302	-13900.3
553	1.16658e-302	-12440.7
554	1.16658e-302	-14024.1
555	1.16658e-302	-12512.4
556	1.16658e-302	-11747.4
557	1.16658e-302	-12791.2
558	1.16658e-302	-12735.2
559	1.16658e-302	-15130.5
560	1.16658e-302	-10740.4
561	1.16658e-302	-11687
562	1.16658e-302	-13052
563	1.16658e-302	-12070.2
564	1.16658e-302	-12806
565	1.16658e-302	-13946.3
566	1.16658e-302	-11429
567	1.16658e-302	-14236.8
568	1.16658e-302	-14198
569	1.16658e-302	-14324.7
570	1.16658e-302	-13307.9
571	1.16658e-302	-12142.3
572	1.16658e-302	-11408
573	1.16658e-302	-11350.9
574	1.16658e-302	-11126.7
575	1.16658e-302	-12928.9
576	1.16658e-302	-13325.8
577	1.16658e-302	-13792.5
578	1.16658e-302	-11343.4
579	1.16658e-302	-10018.6
580	1.16658e-302	-10762.3
581	1.16658e-302	-10510
582	1.16658e-302	-10673.5
583	1.16658e-302	-10121.9
584	1.16658e-302	-12534.4
585	1.16658e-302	-13552.7
586	1.16658e-302	-13253.8
587	1.16658e-302	-11987.2
588	1.16658e-302	-14771.9
589	1.16658e-302	-11321.9
590	1.16658e-302	-11743.9
591	1.16658e-302	-12286.3
592	1.16658e-302	-11190.7
593	1.16658e-302	-12438.5
594	1.16658e-302	-10798.4
595	1.16658e-302	-10352.7
596	1.16658e-302	-11209.9
597	1.16658e-302	-12521.6
598	1.16658e-302	-12060.4
599	1.16658e-302	-11223.3
600	1.16658e-302	-11196.5
601	1.16658e-302	-12460.3
602	1.16658e-302	-12512.7
603	1.16658e-302	-11911.5
604	1.16658e-302	-11748.5
605	1.16658e-302	-12468.3
606	1.16658e-302	-12730.9
607	1.16658e-302	-11772.9
608	1.16658e-302	-10398
609	1.16658e-302	-13772.2
610	1.16658e-302	-11466.6
611	1.16658e-302	-10790.3
612	1.16658e-302	-10596.2
613	1.16658e-302	-10781.2
614	1.16658e-302	-10698.3
615	1.16658e-302	-12149.1
616	1.16658e-302	-12514
617	1.16658e-302	-12868.2
618	1.16658e-302	-11791.3
619	1.16658e-302	-12127.8
620	1.16658e-302	-13505
621	1.16658e-302	-12271.2
622	1.16658e-302	-13276
623	1.16658e-302	-10809.9
624	1.16658e-302	-12103.4
625	1.16658e-302	-12791.1
626	1.16658e-302	-14783.8
627	1.16658e-302	-13525.3
628	1.16658e-302	-14312.3
629	1.16658e-302	-13906.7
630	1.16658e-302	-11041.7
631	1.16658e-302	-11183.3
632	1.16658e-302	-10874.9
633	1.16658e-302	-9618.21
634	1.16658e-302	-10112.4
635	1.16658e-302	-10543.9
636	1.16658e-302	-13450.1
637	1.16658e-302	-12512.8
638	1.16658e-302	-13226.8
639	1.16658e-302	-13098.9
640	1.16658e-302	-11892.9
641	1.16658e-302	-11744.7
642	1.16658e-302	-11292.8
643	1.16658e-302	-10746.5
644	1.16658e-302	-11777.3
645	1.16658e-302	-12334.2
646	1.16658e-302	-11448.4
647	1.16658e-302	-14061.5
648	1.16658e-302	-12895.9
649	1.16658e-302	-11760.4
650	1.16658e-302	-11363.6
651	1.16658e-302	-11210.3
652	1.16658e-302	-12878.5
653	1.16658e-302	-11997.9
654	1.16658e-302	-12041.2
655	1.16658e-302	-12515.4
656	1.16658e-302	-13496.4
657	1.16658e-302	-14911.6
658	1.16658e-302	-16214.5
659	1.16658e-302	-15645.9
660	1.16658e-302	-21467.9
661	1.16658e-302	-19219.4
662	1.16658e-302	-14807.2
663	1.16658e-302	-15928.1
664	1.16658e-302	-12096.5
665	1.16658e-302	-11703.8
666	1.16658e-302	-11835.9
667	1.16658e-302	-13299
668	1.16658e-302	-12142.2
669	1.16658e-302	-15169.3
670	1.16658e-302	-15588.1
671	1.16658e-302	-14061.3
672	1.16658e-302	-13357.4
673	1.16658e-302	-13027.3
674	1.16658e-302	-11101.7
675	1.16658e-302	-11559.5
676	1.16658e-302	-13920.9
677	1.16658e-302	-12050.6
678	1.16658e-302	-11873.3
679	1.16658e-302	-11245.4
680	1.16658e-302	-12665.9
681	1.16658e-302	-13491.6
682	1.16658e-302	-13429.6
683	1.16658e-302	-12928.1
684	1.16658e-302	-16336.7
685	1.16658e-302	-16311.6
686	1.16658e-302	-15799.6
687	1.16658e-302	-12217.5
688	1.16658e-302	-12719.1
689	1.16658e-302	-11770.2
690	1.16658e-302	-11690.9
691	1.16658e-302	-10919.4
692	1.16658e-302	-13397.2
693	1.16658e-302	-11237.2
694	1.16658e-302	-11648
695	1.16658e-302	-13333.6
696	1.16658e-302	-14166.6
697	1.16658e-302	-13659.1
698	1.16658e-302	-11997.1
699	1.16658e-302	-14200.3
700	1.16658e-302	-14475.2
701	1.16658e-302	-12945.1
702	1.16658e-302	-12272.3
703	1.16658e-302	-12717.5
704	1.16658e-302	-11788.7
705	1.16658e-302	-11849.7
706	1.16658e-302	-14227.8
707	1.16658e-302	-15651.4
708	1.16658e-302	-10783.4
709	1.16658e-302	-10737.7
710	1.16658e-302	-11131
711	1.16658e-302	-13319.5
712	1.16658e-302	-14828.2
713	1.16658e-302	-14663.2
714	1.16658e-302	-13703.4
715	1.16658e-302	-12331.2
716	1.16658e-302	-12868.7
717	1.16658e-302	-12683.2
718	1.16658e-302	-11875
719	1.16658e-302	-12442.2
720	1.16658e-302	-12405
721	1.16658e-302	-10978.7
722	1.16658e-302	-11144.9
723	1.16658e-302	-12890.5
724	1.16658e-302	-12931
725	1.16658e-302	-11670.3
726	1.16658e-302	-13255.2
727	1.16658e-302	-14911.4
728	1.16658e-302	-11831.6
729	1.16658e-302	-11726.2
730	1.16658e-302	-11611.7
731	1.16658e-302	-10617.3
732	1.16658e-302	-10834.4
733	1.16658e-302	-12561.6
734	1.16658e-302	-12053.5
735	1.16658e-302	-11454.8
736	1.16658e-302	-11953.6
737	1.16658e-302	-11949.1
738	1.16658e-302	-15320.8
739	1.16658e-302	-15577.2
740	1.16658e-302	-17703.2
741	1.16658e-302	-12384.7
742	1.16658e-302	-12003.9
743	1.16658e-302	-9689.54
744	1.16658e-302	-10343.6
745	1.16658e-302	-11658.2
746	1.16658e-302	-14119.5
747	1.16658e-302	-15306.2
748	1.16658e-302	-10880.9
749	1.16658e-302	-10346.2
750	1.16658e-302	-10583.4
751	1.16658e-302	-11708.1
752	1.16658e-302	-13700.7
753	1.16658e-302	-13661.1
754	1.16658e-302	-14961.6
755	1.16658e-302	-11702.9
756	1.16658e-302	-11077.8
757	1.16658e-302	-12886.7
758	1.16658e-302	-11024.3
759	1.16658e-302	-13062.2
760	1.16658e-302	-11638.5
761	1.16658e-302	-11168
762	1.16658e-302	-11275.1
763	1.16658e-302	-11680.9
764	1.16658e-302	-10345.7
765	1.16658e-302	-11612.9
766	1.16658e-302	-10842.9
767	1.16658e-302	-11359.6
768	1.16658e-302	-11887.4
769	1.16658e-302	-11989.6
770	1.16658e-302	-11645.5
771	1.16658e-302	-11491.4
772	1.16658e-302	-11663.7
773	1.16658e-302	-11237.9
774	1.16658e-302	-11229.2
775	1.16658e-302	-11562.6
776	1.16658e-302	-12452.5
777	1.16658e-302	-10960.6
778	1.16658e-302	-12348.3
779	1.16658e-302	-12929.7
780	1.16658e-302	-11136.4
781	1.16658e-302	-11899.1
782	1.16658e-302	-14557.7
783	1.16658e-302	-15380.2
784	1.16658e-302	-13846.6
785	1.16658e-302	-13982.2
786	1.16658e-302	-13692
787	1.16658e-302	-13771.8
788	1.16658e-302	-13076.2
789	1.16658e-302	-11485.9
790	1.16658e-302	-12022.6
791	1.16658e-302	-11775.5
792	1.16658e-302	-11662.2
793	1.16658e-302	-12978.3
794	1.16658e-302	-12147.7
795	1.16658e-302	-16740.7
796	1.16658e-302	-11307.9
797	1.16658e-302	-10540
798	1.16658e-302	-12678.6
799	1.16658e-302	-13974.3
800	1.16658e-302	-13131.1
801	1.16658e-302	-11481.2
802	1.16658e-302	-10921.4
803	1.16658e-302	-12297.8
804	1.16658e-302	-11201.1
805	1.16658e-302	-11982.5
806	1.16658e-302	-14326.5
807	1.16658e-302	-12444.2
808	1.16658e-302	-12473.1
809	1.16658e-302	-12054.5
810	1.16658e-302	-12622.5
811	1.16658e-302	-15087.6
812	1.16658e-302	-13505.3
813	1.16658e-302	-11151.8
814	1.16658e-302	-15321.1
815	1.16658e-302	-12147.7
816	1.16658e-302	-13144.8
817	1.16658e-302	-13325.1
818	1.16658e-302	-17218.7
819	1.16658e-302	-13181.6
820	1.16658e-302	-14420
821	1.16658e-302	-16217.5
822	1.16658e-302	-14513.2
823	1.16658e-302	-11484.2
824	1.16658e-302	-13445
825	1.16658e-302	-12488.6
826	1.16658e-302	-16273.4
827	1.16658e-302	-13448
828	1.16658e-302	-13198.4
829	1.16658e-302	-11111.1
830	1.16658e-302	-11675.7
831	1.16658e-302	-13632.8
832	1.16658e-302	-13717.9
833	1.16658e-302	-12778.3
834	1.16658e-302	-14141.4
835	1.16658e-302	-13103.5
836	1.16658e-302	-14055.5
837	1.16658e-302	-11667.4
838	1.16658e-302	-11975.5
839	1.16658e-302	-10535.7
840	1.16658e-302	-10485.7
841	1.16658e-302	-13478
842	1.16658e-302	-13223.7
843	1.16658e-302	-11737.6
844	1.16658e-302	-14213.2
845	1.16658e-302	-11958.9
846	1.16658e-302	-11110.5
847	1.16658e-302	-10576.9
848	1.16658e-302	-12849.6
849	1.16658e-302	-11422
850	1.16658e-302	-14718.1
851	1.16658e-302	-14668
852	1.16658e-302	-14028.5
853	1.16658e-302	-11469
854	1.16658e-302	-14030.4
855	1.16658e-302	-14010.5
856	1.16658e-302	-12750.4
857	1.16658e-302	-11695.7
858	1.16658e-302	-12409.6
859	1.16658e-302	-14743.4
860	1.16658e-302	-14160.5
861	1.16658e-302	-14688.3
862	1.16658e-302	-12776.3
863	1.16658e-302	-12956.5
864	1.16658e-302	-12929
865	1.16658e-302	-12706.6
866	1.16658e-302	-14648.6
867	1.16658e-302	-18037
868	1.16658e-302	-13817.3
869	1.16658e-302	-12528.9
870	1.16658e-302	-13167.5
871	1.16658e-302	-12002.8
872	1.16658e-302	-13219.9
873	1.16658e-302	-13165.1
874	1.16658e-302	-13752.2
875	1.16658e-302	-12468.1
876	1.16658e-302	-11139.4
877	1.16658e-302	-12579.5
878	1.16658e-302	-14421.2
879	1.16658e-302	-13959
880	1.16658e-302	-12553.3
881	1.16658e-302	-13771.5
882	1.16658e-302	-14324.8
883	1.16658e-302	-12521
884	1.16658e-302	-16678.1
885	1.16658e-302	-19159.3
886	1.16658e-302	-17224.6
887	1.16658e-302	-14396.1
888	1.16658e-302	-12814.1
889	1.16658e-302	-11988.2
890	1.16658e-302	-14501.5
891	1.16658e-302	-12383.6
892	1.16658e-302	-12103.7
893	1.16658e-302	-13580.1
894	1.16658e-302	-13036.8
895	1.16658e-302	-12477.3
896	1.16658e-302	-15629
897	1.16658e-302	-10795
898	1.16658e-302	-12158.7
899	1.16658e-302	-11735.2
900	1.16658e-302	-12793.1
901	1.16658e-302	-10457.2
902	1.16658e-302	-12573.8
903	1.16658e-302	-12712.8
904	1.16658e-302	-13912.5
905	1.16658e-302	-12336.6
906	1.16658e-302	-12314.8
907	1.16658e-302	-12804.8
908	1.16658e-302	-12767.8
909	1.16658e-302	-12848.9
910	1.16658e-302	-14609
911	1.16658e-302	-12401.3
912	1.16658e-302	-14222.9
913	1.16658e-302	-14804.3
914	1.16658e-302	-12077.6
915	1.16658e-302	-14359.2
916	1.16658e-302	-12737.7
917	1.16658e-302	-12889.4
918	1.16658e-302	-10795.8
919	1.16658e-302	-10955.6
920	1.16658e-302	-11392
921	1.16658e-302	-13744.5
922	1.16658e-302	-14865.4
923	1.16658e-302	-12287.3
924	1.16658e-302	-13283.6
925	1.16658e-302	-12371.8
926	1.16658e-302	-12316.2
927	1.16658e-302	-12737.9
928	1.16658e-302	-12655.9
929	1.16658e-302	-13157.4
930	1.16658e-302	-12266.2
931	1.16658e-302	-13402.3
932	1.16658e-302	-12120.2
933	1.16658e-302	-13817.4
934	1.16658e-302	-12059.3
935	1.16658e-302	-11895.9
936	1.16658e-302	-11356.6
937	1.16658e-302	-13235.2
938	1.16658e-302	-13524
939	1.16658e-302	-12468.3
940	1.16658e-302	-12416.3
941	1.16658e-302	-13723.6
942	1.16658e-302	-13996.9
943	1.16658e-302	-15282.2
944	1.16658e-302	-12204.4
945	1.16658e-302	-10201.9
946	1.16658e-302	-10655.3
947	1.16658e-302	-11017.4
948	1.16658e-302	-12406.6
949	1.16658e-302	-12533.5
950	1.16658e-302	-10638.4
951	1.16658e-302	-10772.4
952	1.16658e-302	-11772.5
953	1.16658e-302	-13024.2
954	1.16658e-302	-14690.2
955	1.16658e-302	-15307.3
956	1.16658e-302	-14014.1
957	1.16658e-302	-14100.6
958	1.16658e-302	-14662.9
959	1.16658e-302	-12424.9
960	1.16658e-302	-11719.4
961	1.16658e-302	-12483.5
962	1.16658e-302	-11367.6
963	1.16658e-302	-11810.5
964	1.16658e-302	-11594.6
965	1.16658e-302	-10810.8
966	1.16658e-302	-13027.7
967	1.16658e-302	-11836.8
968	1.16658e-302	-13157
969	1.16658e-302	-13239.1
970	1.16658e-302	-14255.3
971	1.16658e-302	-11550.7
972	1.16658e-302	-13603.3
973	1.16658e-302	-12886.3
974	1.16658e-302	-10469.5
975	1.16658e-302	-11424.8
976	1.16658e-302	-11725.1
977	1.16658e-302	-11812.4
978	1.16658e-302	-13938.3
979	1.16658e-302	-13809.7
980	1.16658e-302	-13435.3
981	1.16658e-302	-13843
982	1.16658e-302	-13153.6
983	1.16658e-302	-13361.8
984	1.16658e-302	-15010.3
985	1.16658e-302	-15221.2
986	1.16658e-302	-13729.5
987	1.16658e-302	-11997.7
988	1.16658e-302	-12018.8
989	1.16658e-302	-11328.3
990	1.16658e-302	-10694.1
991	1.16658e-302	-10299.2
992	1.16658e-302	-10872.1
993	1.16658e-302	-12863.7
994	1.16658e-302	-12417.6
995	1.16658e-302	-15236.3
996	1.16658e-302	-14878.9
997	1.16658e-302	-13748.4
998	1.16658e-302	-15967.6
999	1.16658e-302	-13666.2
1000	1.16658e-302	-13250
