state	power	likelihood
251	1	-8002.76
252	1	-7999.8
253	1	-8005.19
254	1	-8008.4
255	1	-8008.25
256	1	-8000.4
257	1	-8000.45
258	1	-7999.78
259	1	-8001.22
260	1	-7998.85
261	1	-7995.5
262	1	-8001.4
263	1	-8006.2
264	1	-8006.31
265	1	-8009.06
266	1	-8005.56
267	1	-8000.41
268	1	-7999.11
269	1	-7999.63
270	1	-7996.39
271	1	-7997.99
272	1	-8002.44
273	1	-7996.67
274	1	-7997.09
275	1	-7996.44
276	1	-7998.65
277	1	-7998.13
278	1	-8001.28
279	1	-7998.71
280	1	-7998.37
281	1	-8002.31
282	1	-8004.2
283	1	-8002.24
284	1	-8003.2
285	1	-7998.78
286	1	-8003.47
287	1	-7999.89
288	1	-7996.74
289	1	-7996.04
290	1	-7995.5
291	1	-7996.77
292	1	-7997.4
293	1	-7998.16
294	1	-8002.74
295	1	-8001.81
296	1	-8005.26
297	1	-7999.37
298	1	-8001.98
299	1	-8001.24
300	1	-8000.56
301	1	-7997.26
302	1	-7999.18
303	1	-8000.98
304	1	-8002.46
305	1	-8000.79
306	1	-8006.87
307	1	-8008.02
308	1	-8004.72
309	1	-8007.68
310	1	-8012.92
311	1	-8014.44
312	1	-8008.11
313	1	-8007.78
314	1	-8003.84
315	1	-8003.42
316	1	-8002.14
317	1	-8001.42
318	1	-7999.66
319	1	-7994.2
320	1	-7995.64
321	1	-7997.42
322	1	-8000.37
323	1	-7998.73
324	1	-7995.92
325	1	-8002.03
326	1	-8000.6
327	1	-7998.04
328	1	-7997.91
329	1	-7997.03
330	1	-7997.26
331	1	-7997.83
332	1	-8000.27
333	1	-7996.53
334	1	-8003.38
335	1	-8005.3
336	1	-8006.96
337	1	-8003.35
338	1	-8004.78
339	1	-8004.88
340	1	-8007.2
341	1	-8001.62
342	1	-8006.71
343	1	-8002.22
344	1	-8003.76
345	1	-8002.32
346	1	-8006.27
347	1	-8005.81
348	1	-8003.31
349	1	-8000.12
350	1	-8010.62
351	1	-8003.79
352	1	-8009.22
353	1	-8000.61
354	1	-8003.11
355	1	-8001.71
356	1	-8007.84
357	1	-8007.17
358	1	-8008.65
359	1	-8003.33
360	1	-8002.36
361	1	-8007.16
362	1	-8011.21
363	1	-8006.41
364	1	-8006.72
365	1	-8002.62
366	1	-8002.06
367	1	-8001.08
368	1	-7996.94
369	1	-8000.15
370	1	-7999.58
371	1	-7997.41
372	1	-7997.42
373	1	-7999
374	1	-7998.85
375	1	-8001.32
376	1	-8003.95
377	1	-8003.39
378	1	-8002.97
379	1	-8002.2
380	1	-7997.58
381	1	-8000.2
382	1	-8004.99
383	1	-8001.13
384	1	-8004.67
385	1	-7998.8
386	1	-7998.74
387	1	-7995.17
388	1	-7996.71
389	1	-7997.54
390	1	-8002.39
391	1	-8000.37
392	1	-7996.66
393	1	-7995.5
394	1	-7996.16
395	1	-7994.99
396	1	-8000.76
397	1	-7997.62
398	1	-8001.41
399	1	-8004.21
400	1	-8000.37
401	1	-7999.18
402	1	-8000.49
403	1	-7999.55
404	1	-7999.18
405	1	-7998.83
406	1	-8003.35
407	1	-7999.18
408	1	-8001.25
409	1	-8002.18
410	1	-8002.17
411	1	-8000.63
412	1	-8004.86
413	1	-8001.9
414	1	-8006.61
415	1	-8010.43
416	1	-8004.82
417	1	-7999.82
418	1	-8003.17
419	1	-8001.21
420	1	-8000.12
421	1	-7999.19
422	1	-7997.21
423	1	-7996.39
424	1	-7996.45
425	1	-7997.7
426	1	-7998
427	1	-8000.56
428	1	-8001.64
429	1	-8005.38
430	1	-8003.59
431	1	-8009.65
432	1	-8012.03
433	1	-8012.02
434	1	-8018.27
435	1	-8016.8
436	1	-8012.86
437	1	-8007.4
438	1	-8009.51
439	1	-7996.86
440	1	-7997.41
441	1	-8000.69
442	1	-8003.76
443	1	-8003.95
444	1	-8009.47
445	1	-8009.16
446	1	-8017.01
447	1	-8013.17
448	1	-7996.43
449	1	-7996.05
450	1	-7995.09
451	1	-7995.89
452	1	-7997.7
453	1	-7997.61
454	1	-7997.8
455	1	-7995.15
456	1	-7997.04
457	1	-7998.74
458	1	-7997.92
459	1	-8000.22
460	1	-7999.24
461	1	-7998.26
462	1	-7999.85
463	1	-8001.16
464	1	-7996.83
465	1	-7999.3
466	1	-8004.96
467	1	-8002.9
468	1	-8003.04
469	1	-8005.85
470	1	-8003.87
471	1	-7997.21
472	1	-8001.14
473	1	-8005.3
474	1	-8007.92
475	1	-8003.08
476	1	-8005.86
477	1	-8005.46
478	1	-8007.1
479	1	-8010.83
480	1	-8007.2
481	1	-8003.36
482	1	-7999.48
483	1	-7997.69
484	1	-7997.66
485	1	-8001.04
486	1	-7997.26
487	1	-7995.9
488	1	-7995.93
489	1	-7996.21
490	1	-8001.72
491	1	-8004.78
492	1	-8004.42
493	1	-7999.21
494	1	-8000.54
495	1	-8002.12
496	1	-8000.17
497	1	-8001.19
498	1	-8001.85
499	1	-7999.83
500	1	-8000.58
501	1	-7997.53
502	1	-7999.08
503	1	-8001
504	1	-8010.97
505	1	-7996.34
506	1	-8001.44
507	1	-7996.97
508	1	-7995.12
509	1	-8001.27
510	1	-7997.23
511	1	-7996.54
512	1	-8005.26
513	1	-7999.44
514	1	-7998.65
515	1	-8006.67
516	1	-8006.41
517	1	-8004.75
518	1	-8001.64
519	1	-8006.42
520	1	-8008.14
521	1	-8005.68
522	1	-8001
523	1	-8000.1
524	1	-8000.63
525	1	-8005.6
526	1	-8000.71
527	1	-7999.42
528	1	-7997.08
529	1	-7996.61
530	1	-7997.97
531	1	-7999.67
532	1	-7998.04
533	1	-7995.44
534	1	-8001.04
535	1	-8001.66
536	1	-8004.06
537	1	-8000.16
538	1	-8000.6
539	1	-8001.61
540	1	-8004.71
541	1	-8009.64
542	1	-8011.59
543	1	-8005.23
544	1	-8006.14
545	1	-8004.31
546	1	-8007.54
547	1	-8006.48
548	1	-8005.49
549	1	-8006.81
550	1	-7998.7
551	1	-7997.6
552	1	-8001.8
553	1	-7996.22
554	1	-8002.37
555	1	-8005.45
556	1	-8005.01
557	1	-8004.62
558	1	-8002.04
559	1	-8005.07
560	1	-8001.35
561	1	-7999.34
562	1	-7999.52
563	1	-7996.79
564	1	-8003.83
565	1	-8001.97
566	1	-8000.66
567	1	-7995.87
568	1	-7999.4
569	1	-7994.42
570	1	-7998.25
571	1	-7999.44
572	1	-7998.39
573	1	-8000.15
574	1	-8001.75
575	1	-8000.48
576	1	-8002.19
577	1	-8003.91
578	1	-8008.11
579	1	-8003.83
580	1	-8003.2
581	1	-8002.15
582	1	-7999.96
583	1	-8003.84
584	1	-8005.54
585	1	-8005.27
586	1	-8002.77
587	1	-8000.27
588	1	-8002.6
589	1	-8002.14
590	1	-7999.38
591	1	-8004.39
592	1	-7998.61
593	1	-7996.83
594	1	-7999.56
595	1	-7997.92
596	1	-8000.25
597	1	-8000.36
598	1	-8000.4
599	1	-8001.3
600	1	-7996.17
601	1	-7998.07
602	1	-7995.56
603	1	-7998.51
604	1	-7998.69
605	1	-7997.89
606	1	-7998.51
607	1	-7996.2
608	1	-7995.83
609	1	-7994.51
610	1	-8001.18
611	1	-8003.8
612	1	-8004.8
613	1	-8006.57
614	1	-8003.32
615	1	-8001.41
616	1	-8000.9
617	1	-8006.24
618	1	-7995.98
619	1	-7992.19
620	1	-8000.21
621	1	-7997.07
622	1	-7994.66
623	1	-8000.73
624	1	-8000.47
625	1	-8003.43
626	1	-8007.95
627	1	-8004.75
628	1	-8003.23
629	1	-7998.3
630	1	-7994.47
631	1	-7995.08
632	1	-7993.21
633	1	-7994.21
634	1	-7998.26
635	1	-7998.49
636	1	-7998.71
637	1	-7997.2
638	1	-7998.38
639	1	-7994.66
640	1	-7996.87
641	1	-8000.87
642	1	-8002.2
643	1	-8002.14
644	1	-8004.1
645	1	-8004.06
646	1	-8008.01
647	1	-8003.16
648	1	-8002.65
649	1	-8006.73
650	1	-8010.06
651	1	-8010.29
652	1	-8016.19
653	1	-8010.83
654	1	-8009.41
655	1	-8003.04
656	1	-8002.68
657	1	-8004.34
658	1	-7998.51
659	1	-7999.82
660	1	-8001.57
661	1	-8000.16
662	1	-8000.99
663	1	-8002.22
664	1	-7998.69
665	1	-8001.29
666	1	-8001.27
667	1	-7998.76
668	1	-8003.4
669	1	-8000.27
670	1	-8000.37
671	1	-8001.93
672	1	-7998.97
673	1	-7999.25
674	1	-7997
675	1	-7999.5
676	1	-8003.47
677	1	-8004.02
678	1	-8005.6
679	1	-8004.14
680	1	-8002.23
681	1	-8002.36
682	1	-8004.6
683	1	-8001.29
684	1	-8001.46
685	1	-8000.32
686	1	-8001.91
687	1	-8008.17
688	1	-8004.51
689	1	-8000.03
690	1	-8004.08
691	1	-8003.74
692	1	-8000.54
693	1	-7998.08
694	1	-7998.72
695	1	-8005.28
696	1	-8001.39
697	1	-8004.81
698	1	-8001.91
699	1	-8002.03
700	1	-8004.81
701	1	-8003.79
702	1	-7999.14
703	1	-8001.06
704	1	-7996.15
705	1	-7995.79
706	1	-7993.95
707	1	-7997.55
708	1	-7993.64
709	1	-7994.63
710	1	-8003.09
711	1	-7999.01
712	1	-7998.09
713	1	-7999.79
714	1	-8001.83
715	1	-8000.98
716	1	-8003.02
717	1	-8003.79
718	1	-8003.21
719	1	-8002.72
720	1	-8004.21
721	1	-7998.84
722	1	-8006.31
723	1	-7997.2
724	1	-8002.14
725	1	-8002.2
726	1	-7999.32
727	1	-7998.2
728	1	-7998.95
729	1	-8000.35
730	1	-7999.62
731	1	-8006.59
732	1	-8005.81
733	1	-8006.98
734	1	-7998.43
735	1	-7999.78
736	1	-8001.73
737	1	-8001.8
738	1	-8004.12
739	1	-8006.08
740	1	-8004.81
741	1	-7998.19
742	1	-7997.53
743	1	-8000.33
744	1	-7997.02
745	1	-7997.23
746	1	-8001.09
747	1	-7999.94
748	1	-8003.96
749	1	-8007.38
750	1	-8006.85
751	1	-8009.1
752	1	-8003.13
753	1	-8007.59
754	1	-7998.64
755	1	-7997.77
756	1	-7997.04
757	1	-7996.89
758	1	-8000.87
759	1	-8002.49
760	1	-8002.69
761	1	-8001.01
762	1	-8007.8
763	1	-8008.29
764	1	-8003.87
765	1	-8006.34
766	1	-8001.64
767	1	-8004.72
768	1	-8015.39
769	1	-8017.86
770	1	-8012.48
771	1	-8018.51
772	1	-8015.29
773	1	-8020.48
774	1	-8010.67
775	1	-8004.37
776	1	-8003.54
777	1	-7998.91
778	1	-8005.03
779	1	-7999.87
780	1	-8007.45
781	1	-8009.62
782	1	-8011.13
783	1	-8014.09
784	1	-8010.63
785	1	-8000.31
786	1	-8005.12
787	1	-7998.06
788	1	-8000.12
789	1	-8006.22
790	1	-8005.38
791	1	-8005.01
792	1	-8000.27
793	1	-7997.28
794	1	-7999.27
795	1	-7999.37
796	1	-7997.18
797	1	-8000.65
798	1	-8008.76
799	1	-8000.43
800	1	-7999.65
801	1	-7999.53
802	1	-8000.74
803	1	-8000.31
804	1	-8001.57
805	1	-8006.01
806	1	-8005.38
807	1	-8005.7
808	1	-8000.66
809	1	-8001.61
810	1	-8002.9
811	1	-7998.49
812	1	-8002.82
813	1	-8008.64
814	1	-8000.54
815	1	-8000.83
816	1	-8004.03
817	1	-7998.79
818	1	-7999.64
819	1	-8000.3
820	1	-7996.52
821	1	-7998.3
822	1	-8000.23
823	1	-7998.19
824	1	-8000.99
825	1	-7996.71
826	1	-7998.39
827	1	-8001.67
828	1	-8005.75
829	1	-8003.77
830	1	-7998.01
831	1	-8001.92
832	1	-8001.67
833	1	-8008.8
834	1	-8008.3
835	1	-8014.2
836	1	-8008.71
837	1	-8005.38
838	1	-8014.29
839	1	-8016.92
840	1	-8018.73
841	1	-8014.59
842	1	-8006.08
843	1	-8004.55
844	1	-8004.63
845	1	-8006.68
846	1	-8008.03
847	1	-8001.61
848	1	-8008.28
849	1	-8009.16
850	1	-8011.38
851	1	-8009.27
852	1	-8008.83
853	1	-8004.9
854	1	-7997.04
855	1	-8000.34
856	1	-7996.54
857	1	-8002.47
858	1	-8000.37
859	1	-8002.15
860	1	-7996.15
861	1	-7994.26
862	1	-7998.04
863	1	-8006.02
864	1	-8009.65
865	1	-8001.57
866	1	-8002.62
867	1	-8002.85
868	1	-8002.56
869	1	-7998.22
870	1	-7999.15
871	1	-8014.94
872	1	-8010.47
873	1	-8003.56
874	1	-8006.79
875	1	-8003.7
876	1	-8005.51
877	1	-8002.51
878	1	-8007.17
879	1	-8006.12
880	1	-8003.16
881	1	-8003.15
882	1	-8002.35
883	1	-8000.79
884	1	-8002.56
885	1	-8002.45
886	1	-8000.9
887	1	-8001.35
888	1	-8004.95
889	1	-8005.34
890	1	-8001.79
891	1	-8006.75
892	1	-8004.88
893	1	-7998.38
894	1	-7999.25
895	1	-7999.07
896	1	-8000.14
897	1	-8001.96
898	1	-7999.97
899	1	-8004.68
900	1	-8002.78
901	1	-8004.95
902	1	-8002.67
903	1	-8002.85
904	1	-8009.55
905	1	-8009.25
906	1	-8004.62
907	1	-8004.31
908	1	-7997.59
909	1	-7997.97
910	1	-7995.19
911	1	-7996.54
912	1	-8001.65
913	1	-8003.71
914	1	-8006.57
915	1	-8007.66
916	1	-8004.7
917	1	-8008.45
918	1	-8004.98
919	1	-8005.46
920	1	-8004.72
921	1	-8000.09
922	1	-8001.17
923	1	-8002.82
924	1	-8001.63
925	1	-8000.16
926	1	-8013.22
927	1	-8006.21
928	1	-8004.64
929	1	-7997.65
930	1	-7999.42
931	1	-8003.1
932	1	-8006.4
933	1	-8006.38
934	1	-8009.22
935	1	-7999.43
936	1	-7999.43
937	1	-7995.65
938	1	-7999.91
939	1	-8003.14
940	1	-8005.7
941	1	-8006.49
942	1	-8001.78
943	1	-8003.81
944	1	-8004.93
945	1	-8007.1
946	1	-8012.53
947	1	-8003.01
948	1	-8003.08
949	1	-8005.02
950	1	-8003.09
951	1	-8009.07
952	1	-8001.77
953	1	-8003.46
954	1	-8005.15
955	1	-8000.06
956	1	-8002.74
957	1	-8004.06
958	1	-8004.83
959	1	-8006.5
960	1	-8002.84
961	1	-8002.04
962	1	-8008.12
963	1	-8013.79
964	1	-8006.11
965	1	-8002.31
966	1	-8003.18
967	1	-8008.19
968	1	-8008.41
969	1	-8000.72
970	1	-8003.09
971	1	-8002.62
972	1	-8004.7
973	1	-8001.22
974	1	-8005.33
975	1	-7998.25
976	1	-8001.72
977	1	-8000.11
978	1	-7995.58
979	1	-7997.78
980	1	-7996.98
981	1	-7995.45
982	1	-7996.86
983	1	-7999.36
984	1	-8000.4
985	1	-8001.27
986	1	-7997.71
987	1	-8001.14
988	1	-8000.69
989	1	-7999.45
990	1	-8004.91
991	1	-8005.32
992	1	-7997.62
993	1	-8002.36
994	1	-8007.45
995	1	-8002.59
996	1	-8009.32
997	1	-8010.73
998	1	-8011.22
999	1	-8012.94
1000	1	-8010.95
251	0.90204	-8004.5
252	0.90204	-8005.84
253	0.90204	-8012.19
254	0.90204	-8005.32
255	0.90204	-8007.53
256	0.90204	-8006.33
257	0.90204	-7998.87
258	0.90204	-8000.89
259	0.90204	-8002.78
260	0.90204	-8003.65
261	0.90204	-8002.74
262	0.90204	-8003.65
263	0.90204	-8000.28
264	0.90204	-8004.96
265	0.90204	-8012.66
266	0.90204	-8006.53
267	0.90204	-8004.71
268	0.90204	-8009.26
269	0.90204	-8005.51
270	0.90204	-8001.34
271	0.90204	-8004.4
272	0.90204	-8008.82
273	0.90204	-8013.58
274	0.90204	-8006.29
275	0.90204	-8000.85
276	0.90204	-8002.5
277	0.90204	-8001.4
278	0.90204	-8005.66
279	0.90204	-8005.28
280	0.90204	-8013.6
281	0.90204	-8010.89
282	0.90204	-8016.75
283	0.90204	-8009.38
284	0.90204	-8013.21
285	0.90204	-8011.3
286	0.90204	-8009.48
287	0.90204	-8008.02
288	0.90204	-8012.99
289	0.90204	-8015.75
290	0.90204	-8014.91
291	0.90204	-8025.18
292	0.90204	-8029.53
293	0.90204	-8022.38
294	0.90204	-8013.57
295	0.90204	-8002.49
296	0.90204	-7999.14
297	0.90204	-7997.52
298	0.90204	-8008.9
299	0.90204	-8006.26
300	0.90204	-8008.02
301	0.90204	-8005.87
302	0.90204	-8008.12
303	0.90204	-8005.15
304	0.90204	-8006.47
305	0.90204	-8006.55
306	0.90204	-8003.09
307	0.90204	-8004.04
308	0.90204	-8004.46
309	0.90204	-8003.55
310	0.90204	-8002.09
311	0.90204	-8013.66
312	0.90204	-8012.06
313	0.90204	-8024.65
314	0.90204	-8026.75
315	0.90204	-8025.02
316	0.90204	-8016.74
317	0.90204	-8007.8
318	0.90204	-8001.77
319	0.90204	-8001.97
320	0.90204	-8001.17
321	0.90204	-8001.76
322	0.90204	-7999.9
323	0.90204	-8002.77
324	0.90204	-8001.43
325	0.90204	-8000.59
326	0.90204	-8002.26
327	0.90204	-8002.85
328	0.90204	-8006.85
329	0.90204	-8005.61
330	0.90204	-8009.09
331	0.90204	-8007.25
332	0.90204	-8005.2
333	0.90204	-8002.36
334	0.90204	-8000.59
335	0.90204	-7997.79
336	0.90204	-8003.54
337	0.90204	-8001.66
338	0.90204	-8002.71
339	0.90204	-8012.51
340	0.90204	-8012.17
341	0.90204	-8013.12
342	0.90204	-8008.91
343	0.90204	-8007.67
344	0.90204	-8004.98
345	0.90204	-7999.1
346	0.90204	-8000.51
347	0.90204	-7999.84
348	0.90204	-8002.88
349	0.90204	-8010.29
350	0.90204	-8011.38
351	0.90204	-8006.92
352	0.90204	-8006.85
353	0.90204	-8006.11
354	0.90204	-8005.57
355	0.90204	-8005.58
356	0.90204	-8008.42
357	0.90204	-8007.35
358	0.90204	-8007.77
359	0.90204	-8009.08
360	0.90204	-8001.73
361	0.90204	-8002.91
362	0.90204	-8011.77
363	0.90204	-8010.13
364	0.90204	-8007.56
365	0.90204	-8002.66
366	0.90204	-8007.94
367	0.90204	-8008.6
368	0.90204	-8004.01
369	0.90204	-8004.58
370	0.90204	-8009.01
371	0.90204	-8011.05
372	0.90204	-8016.72
373	0.90204	-8013.22
374	0.90204	-8008.71
375	0.90204	-8012.27
376	0.90204	-8011.08
377	0.90204	-8007.58
378	0.90204	-8005.78
379	0.90204	-8001.45
380	0.90204	-8000.97
381	0.90204	-8005.16
382	0.90204	-8001.08
383	0.90204	-7999.44
384	0.90204	-7996.42
385	0.90204	-7998
386	0.90204	-8001.28
387	0.90204	-7998.68
388	0.90204	-7996.98
389	0.90204	-8003.9
390	0.90204	-8004.93
391	0.90204	-8000.83
392	0.90204	-7998.65
393	0.90204	-7999.38
394	0.90204	-8000.96
395	0.90204	-8002.4
396	0.90204	-8002.04
397	0.90204	-8002.21
398	0.90204	-8000.35
399	0.90204	-7997.59
400	0.90204	-7999.49
401	0.90204	-8000.14
402	0.90204	-7997.86
403	0.90204	-7997.23
404	0.90204	-8006.04
405	0.90204	-7996.84
406	0.90204	-8000.25
407	0.90204	-8002.54
408	0.90204	-8007.96
409	0.90204	-8009.91
410	0.90204	-8002.62
411	0.90204	-8005.88
412	0.90204	-8009.51
413	0.90204	-8006.28
414	0.90204	-8001.03
415	0.90204	-7998.47
416	0.90204	-8005.65
417	0.90204	-8003.59
418	0.90204	-8001.1
419	0.90204	-8002.15
420	0.90204	-8008.65
421	0.90204	-8002.01
422	0.90204	-8003.98
423	0.90204	-8001
424	0.90204	-8001.09
425	0.90204	-8003.33
426	0.90204	-8007.24
427	0.90204	-8003.59
428	0.90204	-8009.94
429	0.90204	-8008.89
430	0.90204	-8005.34
431	0.90204	-8006.05
432	0.90204	-8003.16
433	0.90204	-8002.22
434	0.90204	-8002.64
435	0.90204	-7999.88
436	0.90204	-7997.19
437	0.90204	-7999.72
438	0.90204	-7997.15
439	0.90204	-8006.44
440	0.90204	-7997.06
441	0.90204	-7999.01
442	0.90204	-7999.25
443	0.90204	-8003.28
444	0.90204	-8003.56
445	0.90204	-7998.67
446	0.90204	-7998.03
447	0.90204	-8003.06
448	0.90204	-8002.75
449	0.90204	-8007.16
450	0.90204	-8007.51
451	0.90204	-8008.37
452	0.90204	-8006.82
453	0.90204	-8016.53
454	0.90204	-8014.72
455	0.90204	-8019.84
456	0.90204	-8012.89
457	0.90204	-8016.91
458	0.90204	-8011.01
459	0.90204	-8004.02
460	0.90204	-8009.17
461	0.90204	-8010.63
462	0.90204	-8011.08
463	0.90204	-8011.34
464	0.90204	-8015.9
465	0.90204	-8016.94
466	0.90204	-8020.24
467	0.90204	-8016.89
468	0.90204	-8013.83
469	0.90204	-8021.21
470	0.90204	-8014.73
471	0.90204	-8015.56
472	0.90204	-8019.72
473	0.90204	-8014.84
474	0.90204	-8006.17
475	0.90204	-7999.96
476	0.90204	-8001.69
477	0.90204	-8009.52
478	0.90204	-8010.71
479	0.90204	-8003.83
480	0.90204	-8007.86
481	0.90204	-8009.52
482	0.90204	-8007.87
483	0.90204	-8007.03
484	0.90204	-8010.81
485	0.90204	-8005.91
486	0.90204	-8003
487	0.90204	-8012
488	0.90204	-8010.8
489	0.90204	-8019.59
490	0.90204	-8013.75
491	0.90204	-8019.88
492	0.90204	-8012.46
493	0.90204	-8016.7
494	0.90204	-8006.25
495	0.90204	-8005.73
496	0.90204	-8000.32
497	0.90204	-8004.6
498	0.90204	-8004.9
499	0.90204	-8009.5
500	0.90204	-8005.76
501	0.90204	-8004.09
502	0.90204	-8001.83
503	0.90204	-7999.51
504	0.90204	-8003.79
505	0.90204	-8006.89
506	0.90204	-8006.04
507	0.90204	-8001.32
508	0.90204	-8013.23
509	0.90204	-8013.55
510	0.90204	-8020.48
511	0.90204	-8016.94
512	0.90204	-8007.73
513	0.90204	-8010.02
514	0.90204	-8000.85
515	0.90204	-7999.38
516	0.90204	-8006.06
517	0.90204	-8009.1
518	0.90204	-8002.48
519	0.90204	-8002.17
520	0.90204	-7997.75
521	0.90204	-8005.37
522	0.90204	-8004.03
523	0.90204	-8003.45
524	0.90204	-8006.03
525	0.90204	-8007.67
526	0.90204	-8007.5
527	0.90204	-8003.55
528	0.90204	-8004.83
529	0.90204	-8009.36
530	0.90204	-8006.38
531	0.90204	-8011.23
532	0.90204	-8011.09
533	0.90204	-8015.23
534	0.90204	-8008.18
535	0.90204	-8007.79
536	0.90204	-8014.3
537	0.90204	-8011.85
538	0.90204	-8015.91
539	0.90204	-8008.4
540	0.90204	-8004.06
541	0.90204	-7998.23
542	0.90204	-8001.04
543	0.90204	-8003.08
544	0.90204	-8002.79
545	0.90204	-8000.5
546	0.90204	-8002.71
547	0.90204	-7997.91
548	0.90204	-8003.38
549	0.90204	-7996.27
550	0.90204	-7998.07
551	0.90204	-7998.2
552	0.90204	-8002.06
553	0.90204	-8005.51
554	0.90204	-8009.79
555	0.90204	-8012.45
556	0.90204	-8011.75
557	0.90204	-8005.62
558	0.90204	-7999.51
559	0.90204	-7995.11
560	0.90204	-8001.18
561	0.90204	-8002.95
562	0.90204	-8009.02
563	0.90204	-8015.99
564	0.90204	-8010.78
565	0.90204	-8013.67
566	0.90204	-8004.66
567	0.90204	-8002.93
568	0.90204	-8004.8
569	0.90204	-8000.96
570	0.90204	-7997.11
571	0.90204	-7997.25
572	0.90204	-8000.34
573	0.90204	-8000.26
574	0.90204	-8004.44
575	0.90204	-8001.62
576	0.90204	-8003.95
577	0.90204	-8000.75
578	0.90204	-8001.57
579	0.90204	-7999.64
580	0.90204	-8000.5
581	0.90204	-7999.46
582	0.90204	-7999.21
583	0.90204	-8002.96
584	0.90204	-8010.81
585	0.90204	-8011.43
586	0.90204	-8008.74
587	0.90204	-8008.9
588	0.90204	-8003.54
589	0.90204	-8005.51
590	0.90204	-8000.65
591	0.90204	-8005.43
592	0.90204	-8010.59
593	0.90204	-8007.31
594	0.90204	-8007.22
595	0.90204	-8013.57
596	0.90204	-8004.79
597	0.90204	-8003.5
598	0.90204	-8009.02
599	0.90204	-8006.52
600	0.90204	-8008.42
601	0.90204	-8012.32
602	0.90204	-8010.51
603	0.90204	-8004.31
604	0.90204	-8005.06
605	0.90204	-8001.3
606	0.90204	-8000.33
607	0.90204	-8001.43
608	0.90204	-8005.23
609	0.90204	-8002.23
610	0.90204	-7994.54
611	0.90204	-8004.49
612	0.90204	-8002.96
613	0.90204	-8000.66
614	0.90204	-8001.98
615	0.90204	-8007.11
616	0.90204	-8010.7
617	0.90204	-8007.59
618	0.90204	-8004.62
619	0.90204	-8003.72
620	0.90204	-8005
621	0.90204	-8005.79
622	0.90204	-8009.45
623	0.90204	-8005.12
624	0.90204	-8006.33
625	0.90204	-8002.64
626	0.90204	-8003.37
627	0.90204	-8000.81
628	0.90204	-8000.4
629	0.90204	-7999.69
630	0.90204	-8000.14
631	0.90204	-8010.22
632	0.90204	-8009.24
633	0.90204	-8005.78
634	0.90204	-8005.78
635	0.90204	-7997.64
636	0.90204	-7996.52
637	0.90204	-8004.17
638	0.90204	-8000.42
639	0.90204	-7998.52
640	0.90204	-7999.06
641	0.90204	-8002.16
642	0.90204	-8000.18
643	0.90204	-7991.05
644	0.90204	-8001.09
645	0.90204	-7999.79
646	0.90204	-8006.53
647	0.90204	-8001.72
648	0.90204	-7999.1
649	0.90204	-8004.86
650	0.90204	-8001.79
651	0.90204	-7999.81
652	0.90204	-7998.88
653	0.90204	-7998.42
654	0.90204	-8001.46
655	0.90204	-8008.39
656	0.90204	-7996.33
657	0.90204	-7996.07
658	0.90204	-8000.65
659	0.90204	-7999.69
660	0.90204	-8000.33
661	0.90204	-8010.7
662	0.90204	-8005.04
663	0.90204	-8006.56
664	0.90204	-8006.76
665	0.90204	-8013.76
666	0.90204	-8015.82
667	0.90204	-8012
668	0.90204	-8008.86
669	0.90204	-8012.97
670	0.90204	-8011.64
671	0.90204	-8009.81
672	0.90204	-8005.79
673	0.90204	-8007.27
674	0.90204	-8007.4
675	0.90204	-8002.06
676	0.90204	-8005.55
677	0.90204	-8003.62
678	0.90204	-8003.44
679	0.90204	-8004.05
680	0.90204	-8010.02
681	0.90204	-8006.54
682	0.90204	-8010.14
683	0.90204	-8010.34
684	0.90204	-8005.94
685	0.90204	-8004.11
686	0.90204	-8004.99
687	0.90204	-7998.67
688	0.90204	-8003.55
689	0.90204	-7999.56
690	0.90204	-8003.98
691	0.90204	-8006.78
692	0.90204	-8007.86
693	0.90204	-8004.48
694	0.90204	-8005.95
695	0.90204	-8006.96
696	0.90204	-8007.88
697	0.90204	-8002.28
698	0.90204	-8001.4
699	0.90204	-8006.52
700	0.90204	-8006.61
701	0.90204	-8009.06
702	0.90204	-8007.29
703	0.90204	-8002.51
704	0.90204	-8000.93
705	0.90204	-7999.63
706	0.90204	-8001.86
707	0.90204	-8000.76
708	0.90204	-8009.77
709	0.90204	-8006.78
710	0.90204	-8009.6
711	0.90204	-8008.75
712	0.90204	-8011.15
713	0.90204	-8006.89
714	0.90204	-8004
715	0.90204	-8008.28
716	0.90204	-8017.15
717	0.90204	-8002.23
718	0.90204	-8003.27
719	0.90204	-8005.35
720	0.90204	-8002.41
721	0.90204	-8005.16
722	0.90204	-8003.75
723	0.90204	-7999.78
724	0.90204	-8000.66
725	0.90204	-8003.64
726	0.90204	-8004.22
727	0.90204	-8011.46
728	0.90204	-8017.52
729	0.90204	-8013.46
730	0.90204	-8010.7
731	0.90204	-8011.88
732	0.90204	-8009.53
733	0.90204	-8006.13
734	0.90204	-8008.32
735	0.90204	-8010.7
736	0.90204	-8011.88
737	0.90204	-8004.11
738	0.90204	-8001.82
739	0.90204	-8008.74
740	0.90204	-8001.36
741	0.90204	-7999.98
742	0.90204	-7999.56
743	0.90204	-8003.01
744	0.90204	-8001.06
745	0.90204	-8006.37
746	0.90204	-8010.98
747	0.90204	-8005.84
748	0.90204	-8007.49
749	0.90204	-8011.4
750	0.90204	-8000.09
751	0.90204	-8013.36
752	0.90204	-8009.01
753	0.90204	-8002.84
754	0.90204	-8005.08
755	0.90204	-8004.02
756	0.90204	-8000.92
757	0.90204	-8001.28
758	0.90204	-8005.4
759	0.90204	-8004.66
760	0.90204	-8001.24
761	0.90204	-8005.76
762	0.90204	-8010.82
763	0.90204	-8001.84
764	0.90204	-8010.17
765	0.90204	-8013.1
766	0.90204	-8010.08
767	0.90204	-8009.75
768	0.90204	-8009.48
769	0.90204	-8007.62
770	0.90204	-8009.76
771	0.90204	-8003.36
772	0.90204	-8002.72
773	0.90204	-8007.1
774	0.90204	-8012.85
775	0.90204	-8008.65
776	0.90204	-8015.2
777	0.90204	-8004.07
778	0.90204	-8008.16
779	0.90204	-8011.41
780	0.90204	-8010.68
781	0.90204	-8012.12
782	0.90204	-8006.87
783	0.90204	-8002.09
784	0.90204	-8002.36
785	0.90204	-8004.58
786	0.90204	-8004.55
787	0.90204	-8005.8
788	0.90204	-8010.34
789	0.90204	-8009.63
790	0.90204	-8007.71
791	0.90204	-8009.48
792	0.90204	-8005.35
793	0.90204	-8000.58
794	0.90204	-7997.68
795	0.90204	-7993.2
796	0.90204	-7992.59
797	0.90204	-7998.25
798	0.90204	-7997.15
799	0.90204	-8003.32
800	0.90204	-8005.52
801	0.90204	-8001.58
802	0.90204	-8000.16
803	0.90204	-7999.8
804	0.90204	-7998.61
805	0.90204	-8001.84
806	0.90204	-7999.01
807	0.90204	-7999.31
808	0.90204	-7997.52
809	0.90204	-8004.31
810	0.90204	-8009.11
811	0.90204	-8008.85
812	0.90204	-8007.3
813	0.90204	-7998.47
814	0.90204	-8000.47
815	0.90204	-7995.46
816	0.90204	-8001.3
817	0.90204	-8001.29
818	0.90204	-8000.9
819	0.90204	-7998.18
820	0.90204	-8000.72
821	0.90204	-8000.5
822	0.90204	-8005.85
823	0.90204	-8014.78
824	0.90204	-8011.45
825	0.90204	-8017.6
826	0.90204	-8009.25
827	0.90204	-8005.52
828	0.90204	-8003
829	0.90204	-8002.7
830	0.90204	-8004.08
831	0.90204	-7998.74
832	0.90204	-7999.95
833	0.90204	-8000.66
834	0.90204	-7998.36
835	0.90204	-8006.39
836	0.90204	-8004.85
837	0.90204	-8000.97
838	0.90204	-8002.08
839	0.90204	-8007.02
840	0.90204	-8009.82
841	0.90204	-8009.08
842	0.90204	-8001.13
843	0.90204	-8013.54
844	0.90204	-8008.15
845	0.90204	-8003.22
846	0.90204	-8005.21
847	0.90204	-8006.29
848	0.90204	-7999.75
849	0.90204	-8002.64
850	0.90204	-8008.73
851	0.90204	-8003.48
852	0.90204	-8008.21
853	0.90204	-8012.95
854	0.90204	-8001.92
855	0.90204	-8013.01
856	0.90204	-8009.44
857	0.90204	-8007.85
858	0.90204	-8009.34
859	0.90204	-8011.27
860	0.90204	-8009.85
861	0.90204	-8008.68
862	0.90204	-8010.12
863	0.90204	-8003.94
864	0.90204	-8000.7
865	0.90204	-8002.52
866	0.90204	-8003
867	0.90204	-8008.42
868	0.90204	-8019.92
869	0.90204	-8017.97
870	0.90204	-8006
871	0.90204	-8003.47
872	0.90204	-8005.53
873	0.90204	-8003.7
874	0.90204	-8008.18
875	0.90204	-8009.53
876	0.90204	-8000.35
877	0.90204	-8001.59
878	0.90204	-7996.71
879	0.90204	-7999.46
880	0.90204	-8003.09
881	0.90204	-8011.55
882	0.90204	-8006.89
883	0.90204	-8011.1
884	0.90204	-8005.75
885	0.90204	-8009.37
886	0.90204	-8017.31
887	0.90204	-8005.52
888	0.90204	-8005
889	0.90204	-8010.5
890	0.90204	-8012.27
891	0.90204	-8001.94
892	0.90204	-8003.16
893	0.90204	-8001.02
894	0.90204	-8007.1
895	0.90204	-8005.22
896	0.90204	-8008.91
897	0.90204	-8007.45
898	0.90204	-8003.59
899	0.90204	-8002.84
900	0.90204	-7998.21
901	0.90204	-7998.5
902	0.90204	-8002.4
903	0.90204	-8001.79
904	0.90204	-8009.74
905	0.90204	-8012.09
906	0.90204	-8009.32
907	0.90204	-8006.24
908	0.90204	-8011.01
909	0.90204	-8014.23
910	0.90204	-8020.42
911	0.90204	-8013.76
912	0.90204	-8009.82
913	0.90204	-8011.24
914	0.90204	-8020.86
915	0.90204	-8016.09
916	0.90204	-8014.62
917	0.90204	-8013.2
918	0.90204	-8023.85
919	0.90204	-8017.75
920	0.90204	-8016
921	0.90204	-8012.55
922	0.90204	-8012.94
923	0.90204	-8005.2
924	0.90204	-8008.37
925	0.90204	-8010.25
926	0.90204	-8003.52
927	0.90204	-8011.75
928	0.90204	-8012.49
929	0.90204	-8006.56
930	0.90204	-8008.73
931	0.90204	-8005.16
932	0.90204	-8002.27
933	0.90204	-8009.95
934	0.90204	-8009.98
935	0.90204	-8001.65
936	0.90204	-7996.14
937	0.90204	-8001.8
938	0.90204	-7998.58
939	0.90204	-7999.77
940	0.90204	-7995.73
941	0.90204	-7997.97
942	0.90204	-7997.12
943	0.90204	-7996.94
944	0.90204	-8001.31
945	0.90204	-7999.17
946	0.90204	-7994.95
947	0.90204	-7995.8
948	0.90204	-8003.81
949	0.90204	-8006.26
950	0.90204	-7999.89
951	0.90204	-8004.38
952	0.90204	-8007.07
953	0.90204	-8004.39
954	0.90204	-8006.08
955	0.90204	-8001.81
956	0.90204	-8007.26
957	0.90204	-8013.99
958	0.90204	-8013.28
959	0.90204	-8011.03
960	0.90204	-8004.89
961	0.90204	-8008.1
962	0.90204	-8008
963	0.90204	-8017.17
964	0.90204	-8013.42
965	0.90204	-8011.95
966	0.90204	-8017.75
967	0.90204	-8011.51
968	0.90204	-8015.61
969	0.90204	-8017.98
970	0.90204	-8009.69
971	0.90204	-8005.82
972	0.90204	-8005.19
973	0.90204	-8012.27
974	0.90204	-8006.88
975	0.90204	-8008.9
976	0.90204	-8000.03
977	0.90204	-8002.39
978	0.90204	-7999.73
979	0.90204	-8003.16
980	0.90204	-8007.31
981	0.90204	-8001.11
982	0.90204	-7997.24
983	0.90204	-7995.9
984	0.90204	-8005.2
985	0.90204	-8012.36
986	0.90204	-8002.77
987	0.90204	-8002.1
988	0.90204	-7992.58
989	0.90204	-8004.37
990	0.90204	-8006.75
991	0.90204	-8009.75
992	0.90204	-8001.22
993	0.90204	-8005.26
994	0.90204	-8004.07
995	0.90204	-8007.95
996	0.90204	-8003.27
997	0.90204	-7998.35
998	0.90204	-7998.89
999	0.90204	-8001.44
1000	0.90204	-8010.98
251	0.811912	-8018.35
252	0.811912	-8015.52
253	0.811912	-8004.68
254	0.811912	-8003.23
255	0.811912	-8001.07
256	0.811912	-8001.33
257	0.811912	-8004.24
258	0.811912	-8009.56
259	0.811912	-8006.59
260	0.811912	-8008.15
261	0.811912	-8010.09
262	0.811912	-8009.64
263	0.811912	-8006.65
264	0.811912	-8008.37
265	0.811912	-8015.24
266	0.811912	-8009.14
267	0.811912	-8018.87
268	0.811912	-8010.33
269	0.811912	-8013.68
270	0.811912	-8015.24
271	0.811912	-8016.87
272	0.811912	-8013.12
273	0.811912	-8013.77
274	0.811912	-8006.85
275	0.811912	-8004.47
276	0.811912	-8011.53
277	0.811912	-8007.25
278	0.811912	-8004.7
279	0.811912	-8007.54
280	0.811912	-8009.82
281	0.811912	-8007.84
282	0.811912	-8005.11
283	0.811912	-8015.44
284	0.811912	-8017.47
285	0.811912	-8007.62
286	0.811912	-8013.44
287	0.811912	-8011.24
288	0.811912	-8007.82
289	0.811912	-8012.98
290	0.811912	-8014.92
291	0.811912	-8030.43
292	0.811912	-8016.09
293	0.811912	-8008.35
294	0.811912	-8014.14
295	0.811912	-7997.55
296	0.811912	-7995.5
297	0.811912	-7998.02
298	0.811912	-8005.95
299	0.811912	-8012.75
300	0.811912	-8011.13
301	0.811912	-8002.87
302	0.811912	-8004.82
303	0.811912	-8015.79
304	0.811912	-8012.15
305	0.811912	-8008.58
306	0.811912	-8004.22
307	0.811912	-8003.25
308	0.811912	-8003.99
309	0.811912	-8002.69
310	0.811912	-7999.96
311	0.811912	-7999.38
312	0.811912	-8009.22
313	0.811912	-8008.73
314	0.811912	-8002.34
315	0.811912	-7998.74
316	0.811912	-8004.3
317	0.811912	-8011.01
318	0.811912	-8006.65
319	0.811912	-7995.78
320	0.811912	-7995.14
321	0.811912	-8003.8
322	0.811912	-8000.56
323	0.811912	-7997.5
324	0.811912	-7998.45
325	0.811912	-8003.91
326	0.811912	-7998.28
327	0.811912	-8003.62
328	0.811912	-8005
329	0.811912	-8006.47
330	0.811912	-7994.23
331	0.811912	-7994.9
332	0.811912	-8004.6
333	0.811912	-8010.21
334	0.811912	-8004.2
335	0.811912	-8007.42
336	0.811912	-8004
337	0.811912	-8000.99
338	0.811912	-8007
339	0.811912	-8006.18
340	0.811912	-8008.07
341	0.811912	-8009.92
342	0.811912	-8019.91
343	0.811912	-8016.24
344	0.811912	-8010.99
345	0.811912	-8012.79
346	0.811912	-8016.81
347	0.811912	-8015.47
348	0.811912	-8013.02
349	0.811912	-8005.41
350	0.811912	-8001
351	0.811912	-8003.04
352	0.811912	-8000.16
353	0.811912	-8001.86
354	0.811912	-8003.45
355	0.811912	-8006.7
356	0.811912	-8008.43
357	0.811912	-8004.98
358	0.811912	-8009.33
359	0.811912	-8011.25
360	0.811912	-8012.94
361	0.811912	-8011.67
362	0.811912	-8012.52
363	0.811912	-8002.75
364	0.811912	-8002.03
365	0.811912	-8004.31
366	0.811912	-8001.42
367	0.811912	-8003.1
368	0.811912	-8007.8
369	0.811912	-8004.61
370	0.811912	-8002.84
371	0.811912	-7998.86
372	0.811912	-8010.38
373	0.811912	-8019.1
374	0.811912	-8005.67
375	0.811912	-8001.29
376	0.811912	-7999.93
377	0.811912	-8003.66
378	0.811912	-7998.48
379	0.811912	-7999.36
380	0.811912	-8010.96
381	0.811912	-8008.3
382	0.811912	-8005.35
383	0.811912	-8011.37
384	0.811912	-8011.35
385	0.811912	-8010.18
386	0.811912	-8007.73
387	0.811912	-8011.48
388	0.811912	-8005.35
389	0.811912	-8009.35
390	0.811912	-8003.42
391	0.811912	-8008.88
392	0.811912	-8009.32
393	0.811912	-8004.23
394	0.811912	-8009.66
395	0.811912	-8007.1
396	0.811912	-8014.34
397	0.811912	-8010.84
398	0.811912	-8007.21
399	0.811912	-8004.82
400	0.811912	-7999.05
401	0.811912	-8000.32
402	0.811912	-8000.85
403	0.811912	-7997.48
404	0.811912	-8003.37
405	0.811912	-7994.89
406	0.811912	-7999.57
407	0.811912	-8002.19
408	0.811912	-7996.74
409	0.811912	-8003.95
410	0.811912	-8009.39
411	0.811912	-8001.5
412	0.811912	-8002.67
413	0.811912	-8004.69
414	0.811912	-8007.06
415	0.811912	-8004.88
416	0.811912	-8013.97
417	0.811912	-8020.05
418	0.811912	-8016.39
419	0.811912	-8010.19
420	0.811912	-8005.73
421	0.811912	-8002.2
422	0.811912	-8003.02
423	0.811912	-8006.52
424	0.811912	-8004.55
425	0.811912	-8005.34
426	0.811912	-7998.97
427	0.811912	-8001.89
428	0.811912	-8009.19
429	0.811912	-8010.63
430	0.811912	-8010.95
431	0.811912	-8005.48
432	0.811912	-8008.2
433	0.811912	-8005.99
434	0.811912	-8009
435	0.811912	-8006.15
436	0.811912	-8006.13
437	0.811912	-8000.06
438	0.811912	-8001.23
439	0.811912	-8003.45
440	0.811912	-8006.2
441	0.811912	-8014.26
442	0.811912	-8001.14
443	0.811912	-8002.09
444	0.811912	-8003.23
445	0.811912	-8004.84
446	0.811912	-8006.22
447	0.811912	-8007.32
448	0.811912	-8004.7
449	0.811912	-8004.45
450	0.811912	-8009.32
451	0.811912	-8004.3
452	0.811912	-7995.27
453	0.811912	-7995.64
454	0.811912	-8001.47
455	0.811912	-8004.47
456	0.811912	-8003.38
457	0.811912	-8007.86
458	0.811912	-8009.17
459	0.811912	-8006.02
460	0.811912	-8007.68
461	0.811912	-8021.75
462	0.811912	-8018.08
463	0.811912	-8015.28
464	0.811912	-8011.84
465	0.811912	-8014.63
466	0.811912	-8009.88
467	0.811912	-8010.03
468	0.811912	-8014.23
469	0.811912	-8014.85
470	0.811912	-8011.48
471	0.811912	-8001.85
472	0.811912	-8002.56
473	0.811912	-8001.91
474	0.811912	-8002.73
475	0.811912	-8005.1
476	0.811912	-8004.56
477	0.811912	-7997.15
478	0.811912	-7998.54
479	0.811912	-7999.3
480	0.811912	-8003.81
481	0.811912	-7999.24
482	0.811912	-8010.58
483	0.811912	-8005.59
484	0.811912	-8005.42
485	0.811912	-8010.79
486	0.811912	-8007.26
487	0.811912	-8008.13
488	0.811912	-8012.53
489	0.811912	-8008.52
490	0.811912	-8002.3
491	0.811912	-8006.18
492	0.811912	-7999.97
493	0.811912	-8000.13
494	0.811912	-8007.5
495	0.811912	-8009.55
496	0.811912	-8013.42
497	0.811912	-8011.18
498	0.811912	-8002.52
499	0.811912	-7999.72
500	0.811912	-8002.61
501	0.811912	-8005.76
502	0.811912	-8014.5
503	0.811912	-8013.65
504	0.811912	-8010
505	0.811912	-8014.87
506	0.811912	-8012.21
507	0.811912	-8018.23
508	0.811912	-8010.54
509	0.811912	-8015.02
510	0.811912	-8016.47
511	0.811912	-8017.46
512	0.811912	-8019.8
513	0.811912	-8009.31
514	0.811912	-8009.23
515	0.811912	-8015
516	0.811912	-8003.24
517	0.811912	-8001.68
518	0.811912	-8003.86
519	0.811912	-8007.55
520	0.811912	-8006.83
521	0.811912	-8012.35
522	0.811912	-8006.63
523	0.811912	-8006.71
524	0.811912	-8010.03
525	0.811912	-8012.23
526	0.811912	-8017.55
527	0.811912	-8012.68
528	0.811912	-8000.92
529	0.811912	-8003.88
530	0.811912	-7997.76
531	0.811912	-7996.28
532	0.811912	-8003.59
533	0.811912	-8004.83
534	0.811912	-8006.6
535	0.811912	-8009.2
536	0.811912	-8015.71
537	0.811912	-8012.91
538	0.811912	-8007.23
539	0.811912	-8013.52
540	0.811912	-8019.46
541	0.811912	-8018.73
542	0.811912	-8012.19
543	0.811912	-8020.22
544	0.811912	-8010.15
545	0.811912	-7998.92
546	0.811912	-8002.22
547	0.811912	-7999.73
548	0.811912	-7997.97
549	0.811912	-7997.11
550	0.811912	-8003.69
551	0.811912	-7999.26
552	0.811912	-8000.77
553	0.811912	-8007.82
554	0.811912	-8015.51
555	0.811912	-8014.49
556	0.811912	-8015.3
557	0.811912	-8011.71
558	0.811912	-8011.9
559	0.811912	-8018.4
560	0.811912	-8014.98
561	0.811912	-8017.76
562	0.811912	-8016.02
563	0.811912	-8013.39
564	0.811912	-8018.02
565	0.811912	-8012.52
566	0.811912	-8016.08
567	0.811912	-8014.89
568	0.811912	-8007.81
569	0.811912	-8003.89
570	0.811912	-8005.3
571	0.811912	-8009.3
572	0.811912	-8004.77
573	0.811912	-8005.65
574	0.811912	-8003.48
575	0.811912	-8016.74
576	0.811912	-8030.04
577	0.811912	-8032.65
578	0.811912	-8024.86
579	0.811912	-8021.84
580	0.811912	-8024.16
581	0.811912	-8022.94
582	0.811912	-8020.7
583	0.811912	-8018.23
584	0.811912	-8025.99
585	0.811912	-8014.23
586	0.811912	-8025.6
587	0.811912	-8019.04
588	0.811912	-8020.64
589	0.811912	-8015.61
590	0.811912	-8016.9
591	0.811912	-8018.31
592	0.811912	-8014.33
593	0.811912	-8006.52
594	0.811912	-8016.58
595	0.811912	-8009.16
596	0.811912	-8016.12
597	0.811912	-8011.67
598	0.811912	-8012.89
599	0.811912	-8011.28
600	0.811912	-8003.62
601	0.811912	-8000.58
602	0.811912	-8005.02
603	0.811912	-8008.04
604	0.811912	-8009.68
605	0.811912	-8007.25
606	0.811912	-8004.43
607	0.811912	-8006.39
608	0.811912	-8009.74
609	0.811912	-8017.01
610	0.811912	-8014.76
611	0.811912	-8012.77
612	0.811912	-8010.92
613	0.811912	-8017.42
614	0.811912	-8012.25
615	0.811912	-8008.76
616	0.811912	-8006.02
617	0.811912	-8004.21
618	0.811912	-8008.42
619	0.811912	-8003.73
620	0.811912	-8003.45
621	0.811912	-8009.6
622	0.811912	-8005.92
623	0.811912	-8004.31
624	0.811912	-8006.25
625	0.811912	-8010.75
626	0.811912	-8007.67
627	0.811912	-8002.25
628	0.811912	-8002.63
629	0.811912	-8011.76
630	0.811912	-8014.34
631	0.811912	-8004.91
632	0.811912	-8011.81
633	0.811912	-8010.29
634	0.811912	-8011.6
635	0.811912	-8008.84
636	0.811912	-8002.87
637	0.811912	-8003.41
638	0.811912	-7996.79
639	0.811912	-8000.4
640	0.811912	-7999.34
641	0.811912	-8008.85
642	0.811912	-8002.56
643	0.811912	-8000.88
644	0.811912	-7996.78
645	0.811912	-7997.4
646	0.811912	-8005.94
647	0.811912	-8016.01
648	0.811912	-8008.1
649	0.811912	-8010.52
650	0.811912	-8005.29
651	0.811912	-8005.62
652	0.811912	-8005.66
653	0.811912	-7999.14
654	0.811912	-8009.27
655	0.811912	-8014.79
656	0.811912	-8014.1
657	0.811912	-8014.29
658	0.811912	-8015.51
659	0.811912	-8011.73
660	0.811912	-8013.21
661	0.811912	-8006.23
662	0.811912	-8001.36
663	0.811912	-8000.35
664	0.811912	-7999.47
665	0.811912	-8000.76
666	0.811912	-8003.27
667	0.811912	-8008.42
668	0.811912	-8011.61
669	0.811912	-8013.26
670	0.811912	-8006.28
671	0.811912	-8012.31
672	0.811912	-8008.34
673	0.811912	-8017.29
674	0.811912	-8014.02
675	0.811912	-8008.81
676	0.811912	-8005.97
677	0.811912	-8010.13
678	0.811912	-8009.42
679	0.811912	-8012.69
680	0.811912	-8010.24
681	0.811912	-8008.64
682	0.811912	-8008.01
683	0.811912	-8006.28
684	0.811912	-8002.62
685	0.811912	-8000.36
686	0.811912	-7999.41
687	0.811912	-8003.25
688	0.811912	-8004.07
689	0.811912	-8007.31
690	0.811912	-8008.39
691	0.811912	-8003.45
692	0.811912	-8001.81
693	0.811912	-8001.72
694	0.811912	-8005.17
695	0.811912	-8006.76
696	0.811912	-8004.12
697	0.811912	-8004.48
698	0.811912	-8004.81
699	0.811912	-8001.59
700	0.811912	-8005.81
701	0.811912	-8007.05
702	0.811912	-8006.55
703	0.811912	-8010.57
704	0.811912	-8009.96
705	0.811912	-8007.27
706	0.811912	-8003.98
707	0.811912	-8004.81
708	0.811912	-8004.79
709	0.811912	-8006.82
710	0.811912	-8002.85
711	0.811912	-8004.89
712	0.811912	-8001.37
713	0.811912	-8007.07
714	0.811912	-8009.56
715	0.811912	-8014.18
716	0.811912	-8003.05
717	0.811912	-7995.2
718	0.811912	-8000.73
719	0.811912	-8009.66
720	0.811912	-8012.22
721	0.811912	-8012.2
722	0.811912	-8003.1
723	0.811912	-8006.53
724	0.811912	-8002.49
725	0.811912	-8004.07
726	0.811912	-8009.62
727	0.811912	-8009.94
728	0.811912	-8010
729	0.811912	-8007.92
730	0.811912	-8007.38
731	0.811912	-8008.15
732	0.811912	-8002.29
733	0.811912	-8004.51
734	0.811912	-8009.19
735	0.811912	-8009.16
736	0.811912	-8023.44
737	0.811912	-8022.59
738	0.811912	-8018.59
739	0.811912	-8009.09
740	0.811912	-8005.72
741	0.811912	-8005.77
742	0.811912	-8006.24
743	0.811912	-8003.13
744	0.811912	-8001.82
745	0.811912	-8009.43
746	0.811912	-8007.16
747	0.811912	-8000.42
748	0.811912	-7999.93
749	0.811912	-7998.31
750	0.811912	-8004.22
751	0.811912	-8001.2
752	0.811912	-8005.38
753	0.811912	-8009.42
754	0.811912	-8009.64
755	0.811912	-8007.08
756	0.811912	-8004.73
757	0.811912	-8005.92
758	0.811912	-8004.25
759	0.811912	-8005.38
760	0.811912	-8004.4
761	0.811912	-8003.38
762	0.811912	-8007.2
763	0.811912	-8012.85
764	0.811912	-8008.6
765	0.811912	-8008.49
766	0.811912	-8006.47
767	0.811912	-8005.39
768	0.811912	-8013.39
769	0.811912	-8004.22
770	0.811912	-8007.89
771	0.811912	-8009.92
772	0.811912	-8009.96
773	0.811912	-8011.49
774	0.811912	-8005.41
775	0.811912	-8002.18
776	0.811912	-8002.55
777	0.811912	-8002.04
778	0.811912	-8004.78
779	0.811912	-8005.95
780	0.811912	-8006.54
781	0.811912	-8011.42
782	0.811912	-8008.14
783	0.811912	-8007.18
784	0.811912	-8004.15
785	0.811912	-8003.73
786	0.811912	-8009.57
787	0.811912	-8009.98
788	0.811912	-8014.96
789	0.811912	-8003.29
790	0.811912	-8001.85
791	0.811912	-8002.6
792	0.811912	-8012.33
793	0.811912	-8018.55
794	0.811912	-8025.1
795	0.811912	-8010.33
796	0.811912	-8010.37
797	0.811912	-8004.67
798	0.811912	-8004.63
799	0.811912	-8010.7
800	0.811912	-7999.6
801	0.811912	-8000.95
802	0.811912	-8002.52
803	0.811912	-8005.69
804	0.811912	-8008.33
805	0.811912	-8023.83
806	0.811912	-8011.21
807	0.811912	-8014.27
808	0.811912	-8016.22
809	0.811912	-8008.09
810	0.811912	-8005.15
811	0.811912	-8007.06
812	0.811912	-8008
813	0.811912	-8016.08
814	0.811912	-8011.06
815	0.811912	-8009.92
816	0.811912	-8004.41
817	0.811912	-8012.11
818	0.811912	-8009.63
819	0.811912	-8003.33
820	0.811912	-8001.96
821	0.811912	-8002.78
822	0.811912	-8000.79
823	0.811912	-8001.56
824	0.811912	-8001.39
825	0.811912	-8008.42
826	0.811912	-8007.75
827	0.811912	-8010.23
828	0.811912	-8001.38
829	0.811912	-7998.86
830	0.811912	-7999.83
831	0.811912	-8015.73
832	0.811912	-8010.87
833	0.811912	-8004.66
834	0.811912	-8008.42
835	0.811912	-8006.8
836	0.811912	-8008.98
837	0.811912	-8006.4
838	0.811912	-8001.56
839	0.811912	-8004.35
840	0.811912	-8004.82
841	0.811912	-8006.89
842	0.811912	-8009.06
843	0.811912	-8012.99
844	0.811912	-8012.19
845	0.811912	-8011.14
846	0.811912	-8003.48
847	0.811912	-8005.08
848	0.811912	-8004.74
849	0.811912	-8008.69
850	0.811912	-8004.41
851	0.811912	-8000.51
852	0.811912	-8002.21
853	0.811912	-8007.04
854	0.811912	-8007.08
855	0.811912	-8008.21
856	0.811912	-8013.05
857	0.811912	-8004.41
858	0.811912	-8002.55
859	0.811912	-8006.19
860	0.811912	-8003.85
861	0.811912	-8007.82
862	0.811912	-8008.7
863	0.811912	-8004.95
864	0.811912	-8009.34
865	0.811912	-7998.36
866	0.811912	-8002.68
867	0.811912	-8006.38
868	0.811912	-8017.3
869	0.811912	-8020.74
870	0.811912	-8016.73
871	0.811912	-8006.58
872	0.811912	-8003.64
873	0.811912	-8008.42
874	0.811912	-8000.78
875	0.811912	-7998.31
876	0.811912	-8003.07
877	0.811912	-8006.5
878	0.811912	-8004.83
879	0.811912	-8007.09
880	0.811912	-8017.68
881	0.811912	-8009.24
882	0.811912	-8013.35
883	0.811912	-7998.77
884	0.811912	-8000.89
885	0.811912	-8002.4
886	0.811912	-8000.26
887	0.811912	-8001.72
888	0.811912	-7995.9
889	0.811912	-7993.4
890	0.811912	-8000.13
891	0.811912	-8002.63
892	0.811912	-8006.99
893	0.811912	-8003.89
894	0.811912	-8008.17
895	0.811912	-8001.86
896	0.811912	-8002.75
897	0.811912	-8003.84
898	0.811912	-8003.53
899	0.811912	-8002.97
900	0.811912	-8002
901	0.811912	-8012.97
902	0.811912	-8010.37
903	0.811912	-8008.7
904	0.811912	-8012.19
905	0.811912	-8007.94
906	0.811912	-8012.8
907	0.811912	-8008.32
908	0.811912	-8004.92
909	0.811912	-8008.7
910	0.811912	-8007.24
911	0.811912	-8008.81
912	0.811912	-7999.65
913	0.811912	-8001.73
914	0.811912	-7999.66
915	0.811912	-8002.8
916	0.811912	-8009.59
917	0.811912	-8012.91
918	0.811912	-8014.52
919	0.811912	-8008.8
920	0.811912	-8005.77
921	0.811912	-8004.1
922	0.811912	-8003.78
923	0.811912	-8002.25
924	0.811912	-8006.21
925	0.811912	-8003.92
926	0.811912	-8003.58
927	0.811912	-8006.81
928	0.811912	-8000.95
929	0.811912	-7998.75
930	0.811912	-8004.21
931	0.811912	-8007.43
932	0.811912	-8004.89
933	0.811912	-8009.78
934	0.811912	-8002.02
935	0.811912	-8013.81
936	0.811912	-8014.37
937	0.811912	-8011.25
938	0.811912	-8011.28
939	0.811912	-8008.4
940	0.811912	-8007.06
941	0.811912	-8004.15
942	0.811912	-8009.16
943	0.811912	-8010.05
944	0.811912	-8003.86
945	0.811912	-8006.93
946	0.811912	-8008.01
947	0.811912	-8009.09
948	0.811912	-8008.27
949	0.811912	-8014.17
950	0.811912	-8010.01
951	0.811912	-8006.27
952	0.811912	-8008.81
953	0.811912	-8005.13
954	0.811912	-8009.81
955	0.811912	-8008.82
956	0.811912	-8011.43
957	0.811912	-8005.95
958	0.811912	-8002.44
959	0.811912	-8008.75
960	0.811912	-8000.31
961	0.811912	-8001.19
962	0.811912	-8005.18
963	0.811912	-8004.77
964	0.811912	-8005.12
965	0.811912	-8004.73
966	0.811912	-8001.48
967	0.811912	-8000.02
968	0.811912	-8002.95
969	0.811912	-7996.19
970	0.811912	-8009.54
971	0.811912	-8011.44
972	0.811912	-8001.43
973	0.811912	-8003.74
974	0.811912	-8002.31
975	0.811912	-8006.57
976	0.811912	-8004.51
977	0.811912	-8014.81
978	0.811912	-8015.15
979	0.811912	-8012.12
980	0.811912	-8003.12
981	0.811912	-7998.54
982	0.811912	-7996.46
983	0.811912	-8000.07
984	0.811912	-8012.82
985	0.811912	-8003.08
986	0.811912	-8009.51
987	0.811912	-8003.31
988	0.811912	-8001.8
989	0.811912	-8000.72
990	0.811912	-7995.47
991	0.811912	-8002.55
992	0.811912	-8003.33
993	0.811912	-8004.54
994	0.811912	-8008.23
995	0.811912	-8004.78
996	0.811912	-8002.74
997	0.811912	-8000.42
998	0.811912	-8006.46
999	0.811912	-8008.13
1000	0.811912	-8012.13
251	0.729136	-8007.92
252	0.729136	-8015.56
253	0.729136	-8012.41
254	0.729136	-8007.86
255	0.729136	-8015.35
256	0.729136	-8013.18
257	0.729136	-8003.32
258	0.729136	-8010.18
259	0.729136	-8003.15
260	0.729136	-8013.27
261	0.729136	-8011.65
262	0.729136	-8013.49
263	0.729136	-8014.35
264	0.729136	-8025.39
265	0.729136	-8008.95
266	0.729136	-8016.58
267	0.729136	-8024.63
268	0.729136	-8020.21
269	0.729136	-8018.47
270	0.729136	-8021.51
271	0.729136	-8020.78
272	0.729136	-8008.8
273	0.729136	-8013.29
274	0.729136	-8014.23
275	0.729136	-8009.42
276	0.729136	-8023.06
277	0.729136	-8014.19
278	0.729136	-8015.64
279	0.729136	-8010.64
280	0.729136	-8012.76
281	0.729136	-8021.95
282	0.729136	-8016.58
283	0.729136	-8016.23
284	0.729136	-8016.8
285	0.729136	-8012.38
286	0.729136	-8013.52
287	0.729136	-8011.86
288	0.729136	-8008.46
289	0.729136	-8007.07
290	0.729136	-8007.21
291	0.729136	-8011.34
292	0.729136	-8012.66
293	0.729136	-8016.12
294	0.729136	-8013.69
295	0.729136	-8002.39
296	0.729136	-8005.24
297	0.729136	-8004.56
298	0.729136	-8005.65
299	0.729136	-8004.25
300	0.729136	-8007.73
301	0.729136	-8017.56
302	0.729136	-8014.08
303	0.729136	-8015.26
304	0.729136	-8009.12
305	0.729136	-8015.3
306	0.729136	-8014.89
307	0.729136	-8026.1
308	0.729136	-8014.02
309	0.729136	-8018.24
310	0.729136	-8015.35
311	0.729136	-8005.3
312	0.729136	-8008.1
313	0.729136	-8001.68
314	0.729136	-8006.59
315	0.729136	-8002.38
316	0.729136	-8007.17
317	0.729136	-8002.12
318	0.729136	-7997.84
319	0.729136	-7998.29
320	0.729136	-8011.3
321	0.729136	-8003.05
322	0.729136	-8003.35
323	0.729136	-8004.61
324	0.729136	-8001.47
325	0.729136	-8003.63
326	0.729136	-8009.79
327	0.729136	-8016.84
328	0.729136	-8016.42
329	0.729136	-8008.25
330	0.729136	-8009.36
331	0.729136	-8011.42
332	0.729136	-8014.1
333	0.729136	-8009.34
334	0.729136	-8012.64
335	0.729136	-8014.81
336	0.729136	-8014.4
337	0.729136	-8010.88
338	0.729136	-8004.94
339	0.729136	-8004.44
340	0.729136	-8009.05
341	0.729136	-8010.53
342	0.729136	-8015.36
343	0.729136	-8011.8
344	0.729136	-8012.11
345	0.729136	-8008.64
346	0.729136	-8011.71
347	0.729136	-8007.44
348	0.729136	-8006.25
349	0.729136	-8012.78
350	0.729136	-8023.54
351	0.729136	-8007.05
352	0.729136	-8011.92
353	0.729136	-8017.8
354	0.729136	-8015.37
355	0.729136	-8012.43
356	0.729136	-8008.93
357	0.729136	-8008.01
358	0.729136	-8006.53
359	0.729136	-8021.12
360	0.729136	-8021.6
361	0.729136	-8025.95
362	0.729136	-8014.63
363	0.729136	-8010.17
364	0.729136	-8020.54
365	0.729136	-8008.14
366	0.729136	-8013.14
367	0.729136	-8018.62
368	0.729136	-8018.1
369	0.729136	-8015.43
370	0.729136	-8008.85
371	0.729136	-8007.35
372	0.729136	-8008.29
373	0.729136	-8017.74
374	0.729136	-8008.19
375	0.729136	-8005.89
376	0.729136	-8009.47
377	0.729136	-8011.7
378	0.729136	-8007.07
379	0.729136	-8012.19
380	0.729136	-8014.7
381	0.729136	-8010.36
382	0.729136	-8010.8
383	0.729136	-8007.57
384	0.729136	-8013.15
385	0.729136	-8012.14
386	0.729136	-8011.64
387	0.729136	-8012.83
388	0.729136	-8019.39
389	0.729136	-8016.27
390	0.729136	-8021.68
391	0.729136	-8027.82
392	0.729136	-8022.21
393	0.729136	-8021.05
394	0.729136	-8014.5
395	0.729136	-8018.37
396	0.729136	-8006.8
397	0.729136	-8005.32
398	0.729136	-8012.79
399	0.729136	-8012.32
400	0.729136	-8010.95
401	0.729136	-8007.67
402	0.729136	-8004.86
403	0.729136	-8001.74
404	0.729136	-8013.02
405	0.729136	-8002.67
406	0.729136	-8005.44
407	0.729136	-8002.73
408	0.729136	-8003.58
409	0.729136	-8005.06
410	0.729136	-8006.9
411	0.729136	-8007.36
412	0.729136	-8009.1
413	0.729136	-8007.81
414	0.729136	-8014.17
415	0.729136	-8025.28
416	0.729136	-8022.33
417	0.729136	-8024.1
418	0.729136	-8029.01
419	0.729136	-8018.55
420	0.729136	-8015.81
421	0.729136	-8018.76
422	0.729136	-8016.83
423	0.729136	-8017.16
424	0.729136	-8019.59
425	0.729136	-8016.19
426	0.729136	-8005.87
427	0.729136	-7997.54
428	0.729136	-8002.99
429	0.729136	-8010.87
430	0.729136	-8008.55
431	0.729136	-8016.75
432	0.729136	-8014.1
433	0.729136	-8011.32
434	0.729136	-8015.2
435	0.729136	-8009.07
436	0.729136	-8009.11
437	0.729136	-8008.56
438	0.729136	-8012.26
439	0.729136	-8012.55
440	0.729136	-8010.01
441	0.729136	-8009.69
442	0.729136	-8005.34
443	0.729136	-8007.01
444	0.729136	-8007.07
445	0.729136	-8005.02
446	0.729136	-8013.38
447	0.729136	-8013.91
448	0.729136	-8014.25
449	0.729136	-8015.45
450	0.729136	-8006.17
451	0.729136	-8005.56
452	0.729136	-8004.78
453	0.729136	-8005.28
454	0.729136	-8003.01
455	0.729136	-8005.53
456	0.729136	-8005.2
457	0.729136	-7999.36
458	0.729136	-8002.13
459	0.729136	-8002.82
460	0.729136	-8008.37
461	0.729136	-8011.06
462	0.729136	-8003.34
463	0.729136	-8010.88
464	0.729136	-8009.5
465	0.729136	-8004.25
466	0.729136	-8010.8
467	0.729136	-8007.69
468	0.729136	-8006.22
469	0.729136	-8007.37
470	0.729136	-8006.37
471	0.729136	-8016.04
472	0.729136	-8017.41
473	0.729136	-8016.42
474	0.729136	-8009.54
475	0.729136	-8006.44
476	0.729136	-8004.35
477	0.729136	-8006.79
478	0.729136	-8006.67
479	0.729136	-8009.45
480	0.729136	-8010.31
481	0.729136	-8007.84
482	0.729136	-8012.82
483	0.729136	-8018.18
484	0.729136	-8022.05
485	0.729136	-8010.28
486	0.729136	-8009.97
487	0.729136	-8012.35
488	0.729136	-8007.13
489	0.729136	-8012.55
490	0.729136	-8002.73
491	0.729136	-8015.22
492	0.729136	-8013.31
493	0.729136	-8005.39
494	0.729136	-8006.45
495	0.729136	-8012.93
496	0.729136	-8008.67
497	0.729136	-8008.05
498	0.729136	-8011.2
499	0.729136	-8012.55
500	0.729136	-8009.8
501	0.729136	-8010.29
502	0.729136	-8005.87
503	0.729136	-8003.49
504	0.729136	-8003.88
505	0.729136	-8006
506	0.729136	-8009.06
507	0.729136	-8015.37
508	0.729136	-8019.43
509	0.729136	-8014.21
510	0.729136	-8005.13
511	0.729136	-8006.29
512	0.729136	-8003.43
513	0.729136	-8002.57
514	0.729136	-8004.54
515	0.729136	-8001.06
516	0.729136	-8001.32
517	0.729136	-7998.92
518	0.729136	-8004.36
519	0.729136	-8012.55
520	0.729136	-8009.53
521	0.729136	-8010.94
522	0.729136	-8019.07
523	0.729136	-8027.16
524	0.729136	-8022.46
525	0.729136	-8023.77
526	0.729136	-8025.92
527	0.729136	-8022.76
528	0.729136	-8020.56
529	0.729136	-8016.66
530	0.729136	-8008.32
531	0.729136	-8012.73
532	0.729136	-8017
533	0.729136	-8012.84
534	0.729136	-8019.61
535	0.729136	-8011.35
536	0.729136	-8012.96
537	0.729136	-8010.6
538	0.729136	-8001.81
539	0.729136	-8002.74
540	0.729136	-8009.57
541	0.729136	-8013
542	0.729136	-8020.2
543	0.729136	-8011.84
544	0.729136	-8015.64
545	0.729136	-8015.43
546	0.729136	-8009.27
547	0.729136	-8009.11
548	0.729136	-8009.16
549	0.729136	-8011.93
550	0.729136	-8010.86
551	0.729136	-8008.22
552	0.729136	-8006.88
553	0.729136	-8009.76
554	0.729136	-8012.88
555	0.729136	-8012.96
556	0.729136	-8010.34
557	0.729136	-8008.33
558	0.729136	-8015.22
559	0.729136	-8012.82
560	0.729136	-8007.42
561	0.729136	-8013.21
562	0.729136	-8014.71
563	0.729136	-8008.76
564	0.729136	-8010.88
565	0.729136	-8010.5
566	0.729136	-8008.47
567	0.729136	-8006.91
568	0.729136	-8007.21
569	0.729136	-8006.93
570	0.729136	-8002.7
571	0.729136	-8001.07
572	0.729136	-8009
573	0.729136	-8000.94
574	0.729136	-7999.84
575	0.729136	-8008.71
576	0.729136	-8000.03
577	0.729136	-8006.01
578	0.729136	-8003.45
579	0.729136	-8006.74
580	0.729136	-8006.12
581	0.729136	-8006.75
582	0.729136	-8006.63
583	0.729136	-8014.04
584	0.729136	-8010.28
585	0.729136	-8004.19
586	0.729136	-8013.42
587	0.729136	-8005.67
588	0.729136	-8005.87
589	0.729136	-8012.79
590	0.729136	-8008.88
591	0.729136	-8009.96
592	0.729136	-8005.06
593	0.729136	-8010.09
594	0.729136	-8010.18
595	0.729136	-8005.87
596	0.729136	-8003.1
597	0.729136	-8001.23
598	0.729136	-8003.94
599	0.729136	-8004.06
600	0.729136	-8015.03
601	0.729136	-8015.41
602	0.729136	-8017.51
603	0.729136	-8020.41
604	0.729136	-8027.77
605	0.729136	-8029.16
606	0.729136	-8023.34
607	0.729136	-8015.74
608	0.729136	-8008.16
609	0.729136	-8006.42
610	0.729136	-8006.16
611	0.729136	-8011.08
612	0.729136	-8021.18
613	0.729136	-8015.83
614	0.729136	-8009.86
615	0.729136	-8012.99
616	0.729136	-8006.38
617	0.729136	-7997.84
618	0.729136	-8003.22
619	0.729136	-8006.66
620	0.729136	-8018.16
621	0.729136	-8009.03
622	0.729136	-8016.74
623	0.729136	-8014.56
624	0.729136	-8018.82
625	0.729136	-8018.56
626	0.729136	-8016.56
627	0.729136	-8014.65
628	0.729136	-8008.05
629	0.729136	-8008.89
630	0.729136	-8008.22
631	0.729136	-8014.08
632	0.729136	-8006.5
633	0.729136	-8005.22
634	0.729136	-8002.74
635	0.729136	-8012.08
636	0.729136	-8015.82
637	0.729136	-8017.63
638	0.729136	-8014.2
639	0.729136	-8020.66
640	0.729136	-8019.73
641	0.729136	-8013.01
642	0.729136	-8010.59
643	0.729136	-8016.46
644	0.729136	-8011.64
645	0.729136	-8017.4
646	0.729136	-8020.14
647	0.729136	-8018.12
648	0.729136	-8017.79
649	0.729136	-8021.81
650	0.729136	-8024.63
651	0.729136	-8018.65
652	0.729136	-8024.17
653	0.729136	-8007.97
654	0.729136	-8018.67
655	0.729136	-8006.52
656	0.729136	-8007.32
657	0.729136	-7998.94
658	0.729136	-8003.7
659	0.729136	-8005.22
660	0.729136	-8002.74
661	0.729136	-8008.76
662	0.729136	-8002.3
663	0.729136	-8013.44
664	0.729136	-8017.29
665	0.729136	-8003.44
666	0.729136	-8012.44
667	0.729136	-8011.13
668	0.729136	-8014.88
669	0.729136	-8000.86
670	0.729136	-8009.14
671	0.729136	-8002.52
672	0.729136	-8007.18
673	0.729136	-8005.25
674	0.729136	-8006.53
675	0.729136	-8018.08
676	0.729136	-8013.02
677	0.729136	-8017.52
678	0.729136	-8018.45
679	0.729136	-8012.68
680	0.729136	-8010.58
681	0.729136	-8005.62
682	0.729136	-8003.81
683	0.729136	-8003.11
684	0.729136	-8000.13
685	0.729136	-8006.86
686	0.729136	-8009.39
687	0.729136	-8009.28
688	0.729136	-8006.72
689	0.729136	-8007.96
690	0.729136	-8002.58
691	0.729136	-8007.72
692	0.729136	-8005.03
693	0.729136	-8011.79
694	0.729136	-8010.8
695	0.729136	-8003.94
696	0.729136	-8009.74
697	0.729136	-8007.07
698	0.729136	-8004.55
699	0.729136	-8011.77
700	0.729136	-8012.23
701	0.729136	-8010.64
702	0.729136	-8005.03
703	0.729136	-8006.59
704	0.729136	-8002.94
705	0.729136	-8005.7
706	0.729136	-8005.04
707	0.729136	-8009.28
708	0.729136	-8014.83
709	0.729136	-8015.27
710	0.729136	-8003.99
711	0.729136	-8005.98
712	0.729136	-8002.51
713	0.729136	-8016.07
714	0.729136	-8011.07
715	0.729136	-8007.23
716	0.729136	-8003.5
717	0.729136	-8005.04
718	0.729136	-8010.63
719	0.729136	-8015.85
720	0.729136	-8012.78
721	0.729136	-8010.54
722	0.729136	-8015.56
723	0.729136	-8011.56
724	0.729136	-8012.71
725	0.729136	-8021.06
726	0.729136	-8013.61
727	0.729136	-8021
728	0.729136	-8022.67
729	0.729136	-8009.88
730	0.729136	-8020.43
731	0.729136	-8016.94
732	0.729136	-8012.4
733	0.729136	-8009.81
734	0.729136	-8006.45
735	0.729136	-8006.51
736	0.729136	-8009.53
737	0.729136	-8008.18
738	0.729136	-8013.31
739	0.729136	-8005.23
740	0.729136	-8008.77
741	0.729136	-8010.93
742	0.729136	-8012.14
743	0.729136	-8017.12
744	0.729136	-8012.1
745	0.729136	-8015.73
746	0.729136	-8022.97
747	0.729136	-8012.78
748	0.729136	-8018.83
749	0.729136	-8020.91
750	0.729136	-8013.77
751	0.729136	-8012.17
752	0.729136	-8005.71
753	0.729136	-8006.91
754	0.729136	-8008.17
755	0.729136	-8012.63
756	0.729136	-8011.6
757	0.729136	-8010.03
758	0.729136	-8004.61
759	0.729136	-8001.98
760	0.729136	-8007.52
761	0.729136	-8014.46
762	0.729136	-8016.26
763	0.729136	-8022.09
764	0.729136	-8017.76
765	0.729136	-8018.87
766	0.729136	-8023.05
767	0.729136	-8018.1
768	0.729136	-8015.92
769	0.729136	-8022.54
770	0.729136	-8027.18
771	0.729136	-8016.82
772	0.729136	-8016.22
773	0.729136	-8004.66
774	0.729136	-8003.61
775	0.729136	-8003.11
776	0.729136	-8002.56
777	0.729136	-8011.9
778	0.729136	-8013.9
779	0.729136	-8017.5
780	0.729136	-8010.94
781	0.729136	-8007.49
782	0.729136	-8002.33
783	0.729136	-8010.17
784	0.729136	-8008.73
785	0.729136	-8001.06
786	0.729136	-8003.77
787	0.729136	-8001.17
788	0.729136	-8004.89
789	0.729136	-8010.08
790	0.729136	-8006.31
791	0.729136	-8001.08
792	0.729136	-7996.52
793	0.729136	-7999.62
794	0.729136	-8003.77
795	0.729136	-8008.11
796	0.729136	-8001.45
797	0.729136	-8000.02
798	0.729136	-8007.58
799	0.729136	-8005.94
800	0.729136	-8009.35
801	0.729136	-8006.15
802	0.729136	-8007.44
803	0.729136	-8008.07
804	0.729136	-8007.84
805	0.729136	-8009.58
806	0.729136	-8006.63
807	0.729136	-8007.27
808	0.729136	-8011.8
809	0.729136	-8007.03
810	0.729136	-8007.55
811	0.729136	-8007.11
812	0.729136	-8007.78
813	0.729136	-8006.65
814	0.729136	-8005.84
815	0.729136	-8006.95
816	0.729136	-8004.25
817	0.729136	-8001.98
818	0.729136	-8002.92
819	0.729136	-8002.22
820	0.729136	-8004.97
821	0.729136	-8000.84
822	0.729136	-8003.28
823	0.729136	-8007.29
824	0.729136	-8003.3
825	0.729136	-8005.21
826	0.729136	-8008.11
827	0.729136	-8020.17
828	0.729136	-8011.43
829	0.729136	-8007.46
830	0.729136	-8012.92
831	0.729136	-8009.13
832	0.729136	-8015.55
833	0.729136	-8009.1
834	0.729136	-8002.81
835	0.729136	-8001.82
836	0.729136	-8006.51
837	0.729136	-8003.97
838	0.729136	-8004.19
839	0.729136	-8005.31
840	0.729136	-8010.15
841	0.729136	-8014.72
842	0.729136	-8015.84
843	0.729136	-8010.07
844	0.729136	-8012.94
845	0.729136	-8010.49
846	0.729136	-8004.78
847	0.729136	-8003.93
848	0.729136	-8001.51
849	0.729136	-7999
850	0.729136	-8007.04
851	0.729136	-8005.3
852	0.729136	-8015.7
853	0.729136	-8010.09
854	0.729136	-8010.75
855	0.729136	-8010.6
856	0.729136	-8008.85
857	0.729136	-8008.44
858	0.729136	-8009.9
859	0.729136	-8009.99
860	0.729136	-8010.97
861	0.729136	-8020.68
862	0.729136	-8013.06
863	0.729136	-8005.11
864	0.729136	-8014.07
865	0.729136	-8007.08
866	0.729136	-8006.08
867	0.729136	-8019.9
868	0.729136	-8008.86
869	0.729136	-8017.37
870	0.729136	-8006.55
871	0.729136	-8008.95
872	0.729136	-8011.4
873	0.729136	-8017.09
874	0.729136	-8018.21
875	0.729136	-8021.58
876	0.729136	-8034.85
877	0.729136	-8026.39
878	0.729136	-8023.37
879	0.729136	-8017.14
880	0.729136	-8014.65
881	0.729136	-8015.22
882	0.729136	-8015.63
883	0.729136	-8019.74
884	0.729136	-8021.21
885	0.729136	-8013.73
886	0.729136	-8017.23
887	0.729136	-8010.1
888	0.729136	-8007.99
889	0.729136	-8005.97
890	0.729136	-8003.84
891	0.729136	-8008.09
892	0.729136	-8002.79
893	0.729136	-7999.69
894	0.729136	-7999.83
895	0.729136	-8005.4
896	0.729136	-8008.16
897	0.729136	-8013.5
898	0.729136	-8012.13
899	0.729136	-8012.05
900	0.729136	-8010.16
901	0.729136	-8008.71
902	0.729136	-8006.61
903	0.729136	-8003.57
904	0.729136	-8006.55
905	0.729136	-8007.47
906	0.729136	-8004.66
907	0.729136	-8013.61
908	0.729136	-8017.96
909	0.729136	-8013.23
910	0.729136	-8012.69
911	0.729136	-8012.54
912	0.729136	-8011.64
913	0.729136	-8017.19
914	0.729136	-8008.07
915	0.729136	-8011.59
916	0.729136	-8013.84
917	0.729136	-8016.75
918	0.729136	-8007.94
919	0.729136	-8003.66
920	0.729136	-8009.98
921	0.729136	-8001.68
922	0.729136	-8002.44
923	0.729136	-8000.19
924	0.729136	-8004.42
925	0.729136	-8002.83
926	0.729136	-8008.19
927	0.729136	-8012.91
928	0.729136	-8010.52
929	0.729136	-8012.97
930	0.729136	-8007.1
931	0.729136	-8003.43
932	0.729136	-8004.62
933	0.729136	-7999.72
934	0.729136	-8014
935	0.729136	-8009.68
936	0.729136	-8010.17
937	0.729136	-8016.43
938	0.729136	-8022.69
939	0.729136	-8016.38
940	0.729136	-8019.82
941	0.729136	-8017.88
942	0.729136	-8011.85
943	0.729136	-8017.55
944	0.729136	-8019.52
945	0.729136	-8026.55
946	0.729136	-8024.07
947	0.729136	-8024.39
948	0.729136	-8022.11
949	0.729136	-8019.45
950	0.729136	-8008.17
951	0.729136	-8009.83
952	0.729136	-8004.67
953	0.729136	-8019.98
954	0.729136	-8017.28
955	0.729136	-8010.53
956	0.729136	-8010.79
957	0.729136	-8007.09
958	0.729136	-8010.47
959	0.729136	-8026.99
960	0.729136	-8010.96
961	0.729136	-8010.19
962	0.729136	-8014.44
963	0.729136	-8018.23
964	0.729136	-8011.48
965	0.729136	-8012.57
966	0.729136	-8003.4
967	0.729136	-8009.54
968	0.729136	-8020.54
969	0.729136	-8015.45
970	0.729136	-8012
971	0.729136	-8013.18
972	0.729136	-8023.24
973	0.729136	-8014.91
974	0.729136	-8005.55
975	0.729136	-8004.47
976	0.729136	-8008.86
977	0.729136	-8007.16
978	0.729136	-8014.11
979	0.729136	-8015.9
980	0.729136	-8015.1
981	0.729136	-8019.88
982	0.729136	-8008.78
983	0.729136	-8015.26
984	0.729136	-8009.63
985	0.729136	-8011.01
986	0.729136	-8007.05
987	0.729136	-8000.71
988	0.729136	-8009.33
989	0.729136	-8016.46
990	0.729136	-8025.9
991	0.729136	-8030.36
992	0.729136	-8025.13
993	0.729136	-8033.76
994	0.729136	-8034.54
995	0.729136	-8018.31
996	0.729136	-8022.89
997	0.729136	-8020.43
998	0.729136	-8011.27
999	0.729136	-8008.44
1000	0.729136	-8008.71
251	0.653254	-8007.62
252	0.653254	-8010.91
253	0.653254	-8011.67
254	0.653254	-8011.79
255	0.653254	-8021.99
256	0.653254	-8021.45
257	0.653254	-8011.04
258	0.653254	-8006.83
259	0.653254	-8011.73
260	0.653254	-8012.47
261	0.653254	-8015.57
262	0.653254	-8010.32
263	0.653254	-8015.01
264	0.653254	-8011.66
265	0.653254	-8006.01
266	0.653254	-7998.71
267	0.653254	-8003.96
268	0.653254	-8010.77
269	0.653254	-7997.82
270	0.653254	-7999.29
271	0.653254	-8002.98
272	0.653254	-8006.49
273	0.653254	-8005.92
274	0.653254	-8011.91
275	0.653254	-8015.17
276	0.653254	-8016.69
277	0.653254	-8018.01
278	0.653254	-8017.13
279	0.653254	-8011.75
280	0.653254	-8015.56
281	0.653254	-8015.08
282	0.653254	-8019.37
283	0.653254	-8019.05
284	0.653254	-8017.82
285	0.653254	-8011.59
286	0.653254	-8006.6
287	0.653254	-8011.85
288	0.653254	-8013.11
289	0.653254	-8005.75
290	0.653254	-8013.7
291	0.653254	-8012.79
292	0.653254	-8005.97
293	0.653254	-8003.82
294	0.653254	-8005.99
295	0.653254	-8006.51
296	0.653254	-8006.58
297	0.653254	-8006.17
298	0.653254	-8004.88
299	0.653254	-8012.18
300	0.653254	-8008.51
301	0.653254	-8007.52
302	0.653254	-8002.09
303	0.653254	-8012.67
304	0.653254	-8016.88
305	0.653254	-8014.14
306	0.653254	-8013.38
307	0.653254	-8014.15
308	0.653254	-8015.44
309	0.653254	-8009.27
310	0.653254	-8012.69
311	0.653254	-8010.14
312	0.653254	-8009.75
313	0.653254	-8004.63
314	0.653254	-8003.72
315	0.653254	-8010.88
316	0.653254	-8012.87
317	0.653254	-8019.64
318	0.653254	-8027.98
319	0.653254	-8020.63
320	0.653254	-8009.42
321	0.653254	-8016.83
322	0.653254	-8007.1
323	0.653254	-8023.16
324	0.653254	-8029.76
325	0.653254	-8023.5
326	0.653254	-8016.78
327	0.653254	-8021.42
328	0.653254	-8007.78
329	0.653254	-8006.22
330	0.653254	-8015.01
331	0.653254	-8013.75
332	0.653254	-8010.4
333	0.653254	-8008.65
334	0.653254	-8010.9
335	0.653254	-8015.55
336	0.653254	-8018.41
337	0.653254	-8011.19
338	0.653254	-8016.01
339	0.653254	-8016.7
340	0.653254	-8016.63
341	0.653254	-8014.95
342	0.653254	-8021.48
343	0.653254	-8019.27
344	0.653254	-8023.64
345	0.653254	-8018.59
346	0.653254	-8009.74
347	0.653254	-8008.67
348	0.653254	-8011.43
349	0.653254	-8008.94
350	0.653254	-8008.97
351	0.653254	-8008.87
352	0.653254	-8006.95
353	0.653254	-7997.16
354	0.653254	-8003.38
355	0.653254	-8011.37
356	0.653254	-8019.04
357	0.653254	-8021.33
358	0.653254	-8024.92
359	0.653254	-8021.16
360	0.653254	-8025.64
361	0.653254	-8019.77
362	0.653254	-8006.89
363	0.653254	-8002.52
364	0.653254	-8007.75
365	0.653254	-8004.63
366	0.653254	-8009.4
367	0.653254	-8020.3
368	0.653254	-8015.48
369	0.653254	-8018.34
370	0.653254	-8013.33
371	0.653254	-8004.87
372	0.653254	-8010.49
373	0.653254	-8010.35
374	0.653254	-8009.76
375	0.653254	-8006.99
376	0.653254	-8007.52
377	0.653254	-8007.16
378	0.653254	-8014.29
379	0.653254	-8023.05
380	0.653254	-8024.69
381	0.653254	-8020.75
382	0.653254	-8023.54
383	0.653254	-8034.89
384	0.653254	-8025.02
385	0.653254	-8013.63
386	0.653254	-8013.38
387	0.653254	-8013.07
388	0.653254	-8016.59
389	0.653254	-8018.22
390	0.653254	-8004.4
391	0.653254	-8012.26
392	0.653254	-8014.93
393	0.653254	-8007.79
394	0.653254	-8018.79
395	0.653254	-8005.3
396	0.653254	-8008.01
397	0.653254	-8005.8
398	0.653254	-8004.09
399	0.653254	-8006.63
400	0.653254	-8016.43
401	0.653254	-8010.42
402	0.653254	-8016.98
403	0.653254	-8007.3
404	0.653254	-8009.68
405	0.653254	-8019.35
406	0.653254	-8012.43
407	0.653254	-8010.86
408	0.653254	-8009.42
409	0.653254	-8017.04
410	0.653254	-8008.5
411	0.653254	-8003.22
412	0.653254	-8002.48
413	0.653254	-8004.77
414	0.653254	-8010.21
415	0.653254	-8007.7
416	0.653254	-8012.46
417	0.653254	-8013.63
418	0.653254	-8007.28
419	0.653254	-8004.97
420	0.653254	-8003.57
421	0.653254	-8008
422	0.653254	-8011.41
423	0.653254	-8012.04
424	0.653254	-8012.81
425	0.653254	-8011.7
426	0.653254	-8014.66
427	0.653254	-8018.04
428	0.653254	-8015.49
429	0.653254	-8010.11
430	0.653254	-8011.11
431	0.653254	-8005.93
432	0.653254	-8016.19
433	0.653254	-8008.82
434	0.653254	-8023.07
435	0.653254	-8022.15
436	0.653254	-8017.39
437	0.653254	-8018.01
438	0.653254	-8013.38
439	0.653254	-8016.2
440	0.653254	-8018.35
441	0.653254	-8009.45
442	0.653254	-8008.4
443	0.653254	-8007.29
444	0.653254	-8005.45
445	0.653254	-8008.2
446	0.653254	-8007.46
447	0.653254	-8007.55
448	0.653254	-8014.12
449	0.653254	-8006.34
450	0.653254	-8003.34
451	0.653254	-8010.55
452	0.653254	-8006.46
453	0.653254	-8001.59
454	0.653254	-8026.61
455	0.653254	-8024.46
456	0.653254	-8023.73
457	0.653254	-8019.88
458	0.653254	-8020.27
459	0.653254	-8016.49
460	0.653254	-8021.98
461	0.653254	-8015.73
462	0.653254	-8021.32
463	0.653254	-8021.09
464	0.653254	-8026.27
465	0.653254	-8024.42
466	0.653254	-8019.88
467	0.653254	-8020.41
468	0.653254	-8022.55
469	0.653254	-8011.69
470	0.653254	-8021.26
471	0.653254	-8016.94
472	0.653254	-8015
473	0.653254	-8025.66
474	0.653254	-8017.72
475	0.653254	-8016.46
476	0.653254	-8023.69
477	0.653254	-8020.37
478	0.653254	-8023.22
479	0.653254	-8011.76
480	0.653254	-8006.48
481	0.653254	-8004.15
482	0.653254	-8014.01
483	0.653254	-8009.11
484	0.653254	-8024.11
485	0.653254	-8020.64
486	0.653254	-8021.4
487	0.653254	-8020.53
488	0.653254	-8014.99
489	0.653254	-8016.13
490	0.653254	-8023.37
491	0.653254	-8024.99
492	0.653254	-8026.65
493	0.653254	-8014.76
494	0.653254	-8017.6
495	0.653254	-8025.09
496	0.653254	-8012.72
497	0.653254	-8013.74
498	0.653254	-8012.16
499	0.653254	-8012.97
500	0.653254	-8010.63
501	0.653254	-8011.86
502	0.653254	-8014.13
503	0.653254	-8008.83
504	0.653254	-8014.48
505	0.653254	-8006.95
506	0.653254	-8006.54
507	0.653254	-8013.08
508	0.653254	-8018.19
509	0.653254	-8008.64
510	0.653254	-8005.92
511	0.653254	-8012.71
512	0.653254	-8016.1
513	0.653254	-8006.78
514	0.653254	-8006.09
515	0.653254	-8007.59
516	0.653254	-8006.42
517	0.653254	-8010.51
518	0.653254	-8006.7
519	0.653254	-8006.77
520	0.653254	-8015.49
521	0.653254	-8019.85
522	0.653254	-8014.78
523	0.653254	-8017.27
524	0.653254	-8021.83
525	0.653254	-8025.95
526	0.653254	-8023.49
527	0.653254	-8018.04
528	0.653254	-8024.98
529	0.653254	-8020.26
530	0.653254	-8022.59
531	0.653254	-8017.73
532	0.653254	-8024.47
533	0.653254	-8023.96
534	0.653254	-8022.22
535	0.653254	-8016.63
536	0.653254	-8014.45
537	0.653254	-8013.57
538	0.653254	-8012.97
539	0.653254	-8016.57
540	0.653254	-8009.92
541	0.653254	-8007.1
542	0.653254	-8010.79
543	0.653254	-8013.45
544	0.653254	-8020.8
545	0.653254	-8022.59
546	0.653254	-8018.53
547	0.653254	-8008.9
548	0.653254	-8011.53
549	0.653254	-8016.27
550	0.653254	-8017.18
551	0.653254	-8011.1
552	0.653254	-8021.19
553	0.653254	-8020.39
554	0.653254	-8006.49
555	0.653254	-8010.95
556	0.653254	-8023.14
557	0.653254	-8021.3
558	0.653254	-8027.38
559	0.653254	-8028.11
560	0.653254	-8024.24
561	0.653254	-8025.07
562	0.653254	-8018.38
563	0.653254	-8020.6
564	0.653254	-8028.8
565	0.653254	-8013.2
566	0.653254	-8024.73
567	0.653254	-8028.96
568	0.653254	-8024.67
569	0.653254	-8028.06
570	0.653254	-8019.95
571	0.653254	-8028.76
572	0.653254	-8026.79
573	0.653254	-8028.64
574	0.653254	-8017.06
575	0.653254	-8017.63
576	0.653254	-8013.74
577	0.653254	-8014.29
578	0.653254	-8007.56
579	0.653254	-8014.83
580	0.653254	-8012.24
581	0.653254	-8013.68
582	0.653254	-8012.7
583	0.653254	-8012.76
584	0.653254	-8014.57
585	0.653254	-8017.51
586	0.653254	-8016.86
587	0.653254	-8024.09
588	0.653254	-8030.95
589	0.653254	-8032.05
590	0.653254	-8039.52
591	0.653254	-8026.21
592	0.653254	-8021.17
593	0.653254	-8017.14
594	0.653254	-8016.14
595	0.653254	-8015.77
596	0.653254	-8006.95
597	0.653254	-8008.27
598	0.653254	-8003.22
599	0.653254	-8014.03
600	0.653254	-8004.18
601	0.653254	-8007.66
602	0.653254	-8008.97
603	0.653254	-8012.59
604	0.653254	-8005.86
605	0.653254	-8009.94
606	0.653254	-8015.5
607	0.653254	-8011.36
608	0.653254	-8013.91
609	0.653254	-8012.19
610	0.653254	-8012.14
611	0.653254	-8021.72
612	0.653254	-8019.46
613	0.653254	-8019.71
614	0.653254	-8017.81
615	0.653254	-8021.6
616	0.653254	-8017.29
617	0.653254	-8027
618	0.653254	-8031.46
619	0.653254	-8026.23
620	0.653254	-8015.7
621	0.653254	-8033.03
622	0.653254	-8020.49
623	0.653254	-8017.81
624	0.653254	-8007.55
625	0.653254	-8001.34
626	0.653254	-8001.71
627	0.653254	-8007.48
628	0.653254	-8023.43
629	0.653254	-8014.58
630	0.653254	-8005.77
631	0.653254	-8009.01
632	0.653254	-8011.34
633	0.653254	-8011.35
634	0.653254	-8010.28
635	0.653254	-8009.52
636	0.653254	-8012.42
637	0.653254	-8012.8
638	0.653254	-8009.16
639	0.653254	-8007.7
640	0.653254	-8006.27
641	0.653254	-8012.28
642	0.653254	-8011.84
643	0.653254	-8014.72
644	0.653254	-8016.15
645	0.653254	-8011.86
646	0.653254	-8009.32
647	0.653254	-8006.83
648	0.653254	-8012.7
649	0.653254	-8013.77
650	0.653254	-8015.76
651	0.653254	-8017.41
652	0.653254	-8015.69
653	0.653254	-8025.71
654	0.653254	-8031.44
655	0.653254	-8026.57
656	0.653254	-8021.82
657	0.653254	-8015.93
658	0.653254	-8014.13
659	0.653254	-8020.93
660	0.653254	-8011.16
661	0.653254	-8013.17
662	0.653254	-8007.22
663	0.653254	-8003.11
664	0.653254	-8010.16
665	0.653254	-8009.12
666	0.653254	-8016.37
667	0.653254	-8017.97
668	0.653254	-8025.57
669	0.653254	-8045.12
670	0.653254	-8030.22
671	0.653254	-8026.23
672	0.653254	-8025.25
673	0.653254	-8016.74
674	0.653254	-8023.35
675	0.653254	-8013.94
676	0.653254	-8021.35
677	0.653254	-8015.14
678	0.653254	-8023.64
679	0.653254	-8023.54
680	0.653254	-8018.68
681	0.653254	-8024.66
682	0.653254	-8022.26
683	0.653254	-8035.15
684	0.653254	-8017.58
685	0.653254	-8013.88
686	0.653254	-8019.18
687	0.653254	-8020
688	0.653254	-8010.31
689	0.653254	-8006.42
690	0.653254	-8008.7
691	0.653254	-8010.48
692	0.653254	-8004.73
693	0.653254	-8003.71
694	0.653254	-8003.98
695	0.653254	-8010.88
696	0.653254	-8022.74
697	0.653254	-8021.97
698	0.653254	-8011.28
699	0.653254	-8010.19
700	0.653254	-8006.52
701	0.653254	-8013.08
702	0.653254	-8004.73
703	0.653254	-8014.08
704	0.653254	-8007.44
705	0.653254	-8007.8
706	0.653254	-8009.03
707	0.653254	-8016.03
708	0.653254	-8013.55
709	0.653254	-8014.6
710	0.653254	-8024.23
711	0.653254	-8018.51
712	0.653254	-8012.51
713	0.653254	-8012.34
714	0.653254	-8014.27
715	0.653254	-8010.95
716	0.653254	-8015.65
717	0.653254	-8004.9
718	0.653254	-8006.6
719	0.653254	-8005.96
720	0.653254	-8012.65
721	0.653254	-8012.16
722	0.653254	-8008.84
723	0.653254	-8010.72
724	0.653254	-8012.61
725	0.653254	-8011.89
726	0.653254	-8009.61
727	0.653254	-8010.97
728	0.653254	-8006.97
729	0.653254	-8009.4
730	0.653254	-8005.47
731	0.653254	-8010.56
732	0.653254	-8022.67
733	0.653254	-8012.54
734	0.653254	-8004.62
735	0.653254	-8011.47
736	0.653254	-8007.17
737	0.653254	-8009.9
738	0.653254	-8019.43
739	0.653254	-8015.3
740	0.653254	-8013.84
741	0.653254	-8018.36
742	0.653254	-8018.91
743	0.653254	-8014.04
744	0.653254	-8017.81
745	0.653254	-8010.15
746	0.653254	-8008.68
747	0.653254	-8011.32
748	0.653254	-8007.43
749	0.653254	-8006.69
750	0.653254	-8011.51
751	0.653254	-8017.3
752	0.653254	-8012.72
753	0.653254	-8021.33
754	0.653254	-8014.33
755	0.653254	-8010.28
756	0.653254	-8013.38
757	0.653254	-8012.95
758	0.653254	-8010.75
759	0.653254	-8021.6
760	0.653254	-8017.84
761	0.653254	-8030.16
762	0.653254	-8019.23
763	0.653254	-8015.01
764	0.653254	-8023.9
765	0.653254	-8011.4
766	0.653254	-8015.89
767	0.653254	-8020.87
768	0.653254	-8014.34
769	0.653254	-8017.77
770	0.653254	-8019.32
771	0.653254	-8022.45
772	0.653254	-8019.21
773	0.653254	-8025.58
774	0.653254	-8011.92
775	0.653254	-8018.37
776	0.653254	-8012.21
777	0.653254	-8011.14
778	0.653254	-8023.98
779	0.653254	-8010.96
780	0.653254	-8016.54
781	0.653254	-8017.49
782	0.653254	-8014.04
783	0.653254	-8011.31
784	0.653254	-8004.91
785	0.653254	-8006.08
786	0.653254	-8014.37
787	0.653254	-8013.62
788	0.653254	-8015.22
789	0.653254	-8010.72
790	0.653254	-8014.95
791	0.653254	-8013.87
792	0.653254	-8007.6
793	0.653254	-8003.56
794	0.653254	-8002.98
795	0.653254	-8003.38
796	0.653254	-8009.65
797	0.653254	-8005.63
798	0.653254	-8000.47
799	0.653254	-8005.3
800	0.653254	-8001.25
801	0.653254	-8008.53
802	0.653254	-8011.09
803	0.653254	-8009.51
804	0.653254	-8007.79
805	0.653254	-8005.52
806	0.653254	-8004.2
807	0.653254	-8013.33
808	0.653254	-8012.95
809	0.653254	-8020.07
810	0.653254	-8010.4
811	0.653254	-8011.54
812	0.653254	-8025.16
813	0.653254	-8015.15
814	0.653254	-8013.33
815	0.653254	-8007.95
816	0.653254	-8007.17
817	0.653254	-8012.61
818	0.653254	-8013.19
819	0.653254	-8008.44
820	0.653254	-8003.78
821	0.653254	-8011.12
822	0.653254	-8016.94
823	0.653254	-8017.44
824	0.653254	-8014.53
825	0.653254	-8016.25
826	0.653254	-8022.45
827	0.653254	-8016.88
828	0.653254	-8028.07
829	0.653254	-8014.42
830	0.653254	-8007.3
831	0.653254	-8002.05
832	0.653254	-8009.78
833	0.653254	-8015.46
834	0.653254	-8015.12
835	0.653254	-8015.33
836	0.653254	-8020.51
837	0.653254	-8024.25
838	0.653254	-8024.74
839	0.653254	-8021.97
840	0.653254	-8027.17
841	0.653254	-8031.74
842	0.653254	-8033.19
843	0.653254	-8024.39
844	0.653254	-8014.09
845	0.653254	-8024.59
846	0.653254	-8010.55
847	0.653254	-8007.75
848	0.653254	-8008.04
849	0.653254	-8016.1
850	0.653254	-8011.96
851	0.653254	-8020.14
852	0.653254	-8016.58
853	0.653254	-8011.45
854	0.653254	-8013.78
855	0.653254	-8012.07
856	0.653254	-8011.3
857	0.653254	-8018.57
858	0.653254	-8015.48
859	0.653254	-8020
860	0.653254	-8010.02
861	0.653254	-8011.43
862	0.653254	-8010.4
863	0.653254	-8023.13
864	0.653254	-8027.82
865	0.653254	-8031.49
866	0.653254	-8023.63
867	0.653254	-8017.88
868	0.653254	-8016.82
869	0.653254	-8012.83
870	0.653254	-8008.8
871	0.653254	-8015.43
872	0.653254	-8017.44
873	0.653254	-8017.53
874	0.653254	-8013.68
875	0.653254	-8019.71
876	0.653254	-8020.5
877	0.653254	-8012.14
878	0.653254	-8014.57
879	0.653254	-8017.19
880	0.653254	-8017.74
881	0.653254	-8016.38
882	0.653254	-8008.42
883	0.653254	-8004.75
884	0.653254	-8002.65
885	0.653254	-8007.29
886	0.653254	-8010.6
887	0.653254	-8003.12
888	0.653254	-8006.24
889	0.653254	-8006.66
890	0.653254	-8006.19
891	0.653254	-8011.5
892	0.653254	-8010.75
893	0.653254	-8007.29
894	0.653254	-8014.07
895	0.653254	-8013.6
896	0.653254	-8004.12
897	0.653254	-8011.57
898	0.653254	-8007.11
899	0.653254	-8007.52
900	0.653254	-8003.35
901	0.653254	-8000.41
902	0.653254	-8007.78
903	0.653254	-8008.69
904	0.653254	-8008.83
905	0.653254	-8012.06
906	0.653254	-8018.53
907	0.653254	-8005.3
908	0.653254	-8005.86
909	0.653254	-8013.84
910	0.653254	-8012.19
911	0.653254	-8009.93
912	0.653254	-8019.8
913	0.653254	-8012.77
914	0.653254	-8018.13
915	0.653254	-8031.33
916	0.653254	-8024.74
917	0.653254	-8019.9
918	0.653254	-8021.3
919	0.653254	-8021.74
920	0.653254	-8027.61
921	0.653254	-8016.68
922	0.653254	-8013.44
923	0.653254	-8015.68
924	0.653254	-8009.25
925	0.653254	-8012.7
926	0.653254	-8010.78
927	0.653254	-8016.37
928	0.653254	-8013.09
929	0.653254	-8017.4
930	0.653254	-8017.15
931	0.653254	-8013.6
932	0.653254	-8016.91
933	0.653254	-8009.01
934	0.653254	-8011.03
935	0.653254	-8013.8
936	0.653254	-8020.45
937	0.653254	-8008.88
938	0.653254	-8014.03
939	0.653254	-8020.7
940	0.653254	-8014.89
941	0.653254	-8015.7
942	0.653254	-8025.74
943	0.653254	-8025.92
944	0.653254	-8031.06
945	0.653254	-8030.53
946	0.653254	-8026.23
947	0.653254	-8022.02
948	0.653254	-8021.39
949	0.653254	-8008.5
950	0.653254	-8021.75
951	0.653254	-8007.65
952	0.653254	-8014.67
953	0.653254	-8010.91
954	0.653254	-8010.4
955	0.653254	-8021.05
956	0.653254	-8010.64
957	0.653254	-8013.44
958	0.653254	-8010.14
959	0.653254	-8012.58
960	0.653254	-8012.08
961	0.653254	-8010.83
962	0.653254	-8025.01
963	0.653254	-8022.94
964	0.653254	-8025.28
965	0.653254	-8025.65
966	0.653254	-8018.22
967	0.653254	-8015.76
968	0.653254	-8011.66
969	0.653254	-8010.1
970	0.653254	-8010.35
971	0.653254	-8013.1
972	0.653254	-8004.81
973	0.653254	-8007.99
974	0.653254	-8022.53
975	0.653254	-8022.33
976	0.653254	-8008.6
977	0.653254	-8016.65
978	0.653254	-8018.47
979	0.653254	-8013.2
980	0.653254	-8007.78
981	0.653254	-7999.92
982	0.653254	-8002.55
983	0.653254	-8013.86
984	0.653254	-8011.93
985	0.653254	-8005.19
986	0.653254	-8010.59
987	0.653254	-8009.82
988	0.653254	-8005.42
989	0.653254	-8011.81
990	0.653254	-8016.9
991	0.653254	-8015.89
992	0.653254	-8012.98
993	0.653254	-8024.89
994	0.653254	-8008.31
995	0.653254	-8009.04
996	0.653254	-8010.83
997	0.653254	-8012.52
998	0.653254	-8016.29
999	0.653254	-8002.83
1000	0.653254	-8011.94
251	0.583825	-8027.26
252	0.583825	-8015.11
253	0.583825	-8018.18
254	0.583825	-8020.44
255	0.583825	-8020.35
256	0.583825	-8021.36
257	0.583825	-8020.92
258	0.583825	-8020.03
259	0.583825	-8028.59
260	0.583825	-8019.66
261	0.583825	-8018.16
262	0.583825	-8013.59
263	0.583825	-8005.2
264	0.583825	-8018.68
265	0.583825	-8014.31
266	0.583825	-8012.2
267	0.583825	-8024.63
268	0.583825	-8028.49
269	0.583825	-8013.42
270	0.583825	-8006.91
271	0.583825	-8015.87
272	0.583825	-8013.3
273	0.583825	-8016.34
274	0.583825	-8025.8
275	0.583825	-8015.3
276	0.583825	-8029.15
277	0.583825	-8023.52
278	0.583825	-8024.48
279	0.583825	-8004.28
280	0.583825	-8010.9
281	0.583825	-8009.7
282	0.583825	-8012.97
283	0.583825	-8009.89
284	0.583825	-8020.74
285	0.583825	-8014.91
286	0.583825	-8031.44
287	0.583825	-8026.79
288	0.583825	-8019.94
289	0.583825	-8011.81
290	0.583825	-8019.19
291	0.583825	-8019.48
292	0.583825	-8021.81
293	0.583825	-8013.8
294	0.583825	-8014.96
295	0.583825	-8019.03
296	0.583825	-8022.9
297	0.583825	-8028
298	0.583825	-8023.44
299	0.583825	-8020.73
300	0.583825	-8023.84
301	0.583825	-8010.8
302	0.583825	-8013.06
303	0.583825	-8024.65
304	0.583825	-8023.86
305	0.583825	-8023.98
306	0.583825	-8016.09
307	0.583825	-8025.41
308	0.583825	-8026.1
309	0.583825	-8014.21
310	0.583825	-8014.34
311	0.583825	-8012.8
312	0.583825	-8008.14
313	0.583825	-8014.91
314	0.583825	-8024.15
315	0.583825	-8025.61
316	0.583825	-8026.14
317	0.583825	-8026.7
318	0.583825	-8019.62
319	0.583825	-8018.16
320	0.583825	-8018.71
321	0.583825	-8020.99
322	0.583825	-8017.45
323	0.583825	-8019.85
324	0.583825	-8030.48
325	0.583825	-8012.78
326	0.583825	-8009.02
327	0.583825	-8015.91
328	0.583825	-8015.72
329	0.583825	-8036.6
330	0.583825	-8029.16
331	0.583825	-8026.88
332	0.583825	-8021.01
333	0.583825	-8016.7
334	0.583825	-8011.97
335	0.583825	-8003.84
336	0.583825	-8017.17
337	0.583825	-8016.36
338	0.583825	-8017.1
339	0.583825	-8028.53
340	0.583825	-8027.86
341	0.583825	-8041.72
342	0.583825	-8050.48
343	0.583825	-8035.26
344	0.583825	-8021.61
345	0.583825	-8010.34
346	0.583825	-8006.44
347	0.583825	-8010.94
348	0.583825	-8010.86
349	0.583825	-8032.31
350	0.583825	-8040.91
351	0.583825	-8019.81
352	0.583825	-8016.39
353	0.583825	-8013.14
354	0.583825	-8006.81
355	0.583825	-8011.51
356	0.583825	-8020.51
357	0.583825	-8019.88
358	0.583825	-8032.94
359	0.583825	-8018.79
360	0.583825	-8022.67
361	0.583825	-8018.4
362	0.583825	-8019.11
363	0.583825	-8008.98
364	0.583825	-8016.05
365	0.583825	-8012.09
366	0.583825	-8015.59
367	0.583825	-8017.11
368	0.583825	-8014.85
369	0.583825	-8023.19
370	0.583825	-8025.09
371	0.583825	-8023.51
372	0.583825	-8023.32
373	0.583825	-8012.36
374	0.583825	-8006.28
375	0.583825	-8019.35
376	0.583825	-8009.01
377	0.583825	-8008.28
378	0.583825	-8010.41
379	0.583825	-8015.37
380	0.583825	-8011.3
381	0.583825	-8012.58
382	0.583825	-8014.33
383	0.583825	-8016.28
384	0.583825	-8018.2
385	0.583825	-8013.41
386	0.583825	-8019.05
387	0.583825	-8009.47
388	0.583825	-8010.91
389	0.583825	-8015.44
390	0.583825	-8015.93
391	0.583825	-8018
392	0.583825	-8016.62
393	0.583825	-8020.58
394	0.583825	-8022.65
395	0.583825	-8029.02
396	0.583825	-8034.94
397	0.583825	-8020.71
398	0.583825	-8018.13
399	0.583825	-8014.7
400	0.583825	-8015.84
401	0.583825	-8011.55
402	0.583825	-8008.63
403	0.583825	-8023.01
404	0.583825	-8022.84
405	0.583825	-8019.4
406	0.583825	-8024.46
407	0.583825	-8017.67
408	0.583825	-8022.51
409	0.583825	-8010.7
410	0.583825	-8020.13
411	0.583825	-8019.34
412	0.583825	-8014.07
413	0.583825	-8020.63
414	0.583825	-8016.67
415	0.583825	-8008.62
416	0.583825	-8008.33
417	0.583825	-8015.81
418	0.583825	-8015.93
419	0.583825	-8005.38
420	0.583825	-8003.47
421	0.583825	-8001.95
422	0.583825	-8007.8
423	0.583825	-8000.39
424	0.583825	-8006.57
425	0.583825	-8013.67
426	0.583825	-8010.19
427	0.583825	-8022.3
428	0.583825	-8011.09
429	0.583825	-8012.64
430	0.583825	-8008.72
431	0.583825	-8011.73
432	0.583825	-8012.7
433	0.583825	-8016.25
434	0.583825	-8013.59
435	0.583825	-8009.66
436	0.583825	-8009.38
437	0.583825	-8007.53
438	0.583825	-7999.65
439	0.583825	-8005.7
440	0.583825	-8005.03
441	0.583825	-8002.93
442	0.583825	-8010.33
443	0.583825	-8001.73
444	0.583825	-8001.13
445	0.583825	-7997.6
446	0.583825	-8015.71
447	0.583825	-8010.48
448	0.583825	-8014.11
449	0.583825	-8020.11
450	0.583825	-8016.57
451	0.583825	-8014.36
452	0.583825	-8016.92
453	0.583825	-8013.8
454	0.583825	-8016.13
455	0.583825	-8023.88
456	0.583825	-8028.45
457	0.583825	-8031.49
458	0.583825	-8031.9
459	0.583825	-8034.05
460	0.583825	-8018.9
461	0.583825	-8014.64
462	0.583825	-8013.1
463	0.583825	-8016.38
464	0.583825	-8020.91
465	0.583825	-8024.32
466	0.583825	-8024.35
467	0.583825	-8015.97
468	0.583825	-8020.4
469	0.583825	-8012.67
470	0.583825	-8004.31
471	0.583825	-8007.52
472	0.583825	-8009.33
473	0.583825	-8012.58
474	0.583825	-8003.89
475	0.583825	-8008.2
476	0.583825	-8019.41
477	0.583825	-8022.12
478	0.583825	-8037.57
479	0.583825	-8020.23
480	0.583825	-8028.71
481	0.583825	-8032.63
482	0.583825	-8023.16
483	0.583825	-8024.67
484	0.583825	-8025.79
485	0.583825	-8019.53
486	0.583825	-8027.75
487	0.583825	-8028.97
488	0.583825	-8031.92
489	0.583825	-8026.96
490	0.583825	-8016.02
491	0.583825	-8021.33
492	0.583825	-8014.08
493	0.583825	-8017.87
494	0.583825	-8017.45
495	0.583825	-8018.48
496	0.583825	-8016.04
497	0.583825	-8018.62
498	0.583825	-8015.3
499	0.583825	-8024.54
500	0.583825	-8018.72
501	0.583825	-8015.12
502	0.583825	-8018.58
503	0.583825	-8023.4
504	0.583825	-8033.88
505	0.583825	-8019.99
506	0.583825	-8024.78
507	0.583825	-8034.55
508	0.583825	-8026.73
509	0.583825	-8016.55
510	0.583825	-8025.4
511	0.583825	-8018.85
512	0.583825	-8016.66
513	0.583825	-8020.33
514	0.583825	-8025.25
515	0.583825	-8025.09
516	0.583825	-8020.04
517	0.583825	-8029.14
518	0.583825	-8023.67
519	0.583825	-8035.55
520	0.583825	-8023.72
521	0.583825	-8015.02
522	0.583825	-8008.36
523	0.583825	-8009.32
524	0.583825	-8021.02
525	0.583825	-8017.04
526	0.583825	-8018.69
527	0.583825	-8024.75
528	0.583825	-8027.41
529	0.583825	-8021.21
530	0.583825	-8012.75
531	0.583825	-8022.61
532	0.583825	-8015.48
533	0.583825	-8011.27
534	0.583825	-8010.33
535	0.583825	-8014.21
536	0.583825	-8012.89
537	0.583825	-8022.91
538	0.583825	-8021.94
539	0.583825	-8020.98
540	0.583825	-8007.96
541	0.583825	-8004.09
542	0.583825	-8009.21
543	0.583825	-8008.53
544	0.583825	-8008.71
545	0.583825	-8015.78
546	0.583825	-8013.3
547	0.583825	-8007.78
548	0.583825	-8021.4
549	0.583825	-8023.39
550	0.583825	-8024.64
551	0.583825	-8032.98
552	0.583825	-8034.64
553	0.583825	-8030.71
554	0.583825	-8028.63
555	0.583825	-8022.6
556	0.583825	-8015.94
557	0.583825	-8016.1
558	0.583825	-8024.5
559	0.583825	-8020.41
560	0.583825	-8013.8
561	0.583825	-8022.11
562	0.583825	-8014.04
563	0.583825	-8024.14
564	0.583825	-8018.81
565	0.583825	-8010.35
566	0.583825	-8025.17
567	0.583825	-8025.6
568	0.583825	-8023.63
569	0.583825	-8020.08
570	0.583825	-8027.84
571	0.583825	-8019.83
572	0.583825	-8028.04
573	0.583825	-8015.69
574	0.583825	-8019.23
575	0.583825	-8012.94
576	0.583825	-8015.39
577	0.583825	-8018.74
578	0.583825	-8015.54
579	0.583825	-8019.46
580	0.583825	-8015.62
581	0.583825	-8014.84
582	0.583825	-8008.7
583	0.583825	-8000.18
584	0.583825	-8005.32
585	0.583825	-8010.4
586	0.583825	-8010.46
587	0.583825	-8011.99
588	0.583825	-8009.37
589	0.583825	-8009.94
590	0.583825	-8015.1
591	0.583825	-8011.61
592	0.583825	-8012.4
593	0.583825	-8014.9
594	0.583825	-8023.48
595	0.583825	-8033.72
596	0.583825	-8035.5
597	0.583825	-8036.83
598	0.583825	-8035.74
599	0.583825	-8044.5
600	0.583825	-8034.64
601	0.583825	-8021.34
602	0.583825	-8023.52
603	0.583825	-8016.26
604	0.583825	-8019.17
605	0.583825	-8017.22
606	0.583825	-8023.94
607	0.583825	-8033.8
608	0.583825	-8025.94
609	0.583825	-8024.45
610	0.583825	-8029.34
611	0.583825	-8024.15
612	0.583825	-8022.79
613	0.583825	-8028.08
614	0.583825	-8026.03
615	0.583825	-8026.51
616	0.583825	-8031.06
617	0.583825	-8039.45
618	0.583825	-8024.81
619	0.583825	-8024.54
620	0.583825	-8023.77
621	0.583825	-8023.57
622	0.583825	-8014.87
623	0.583825	-8012.75
624	0.583825	-8015.91
625	0.583825	-8022.75
626	0.583825	-8015.28
627	0.583825	-8015.16
628	0.583825	-8019.12
629	0.583825	-8020.23
630	0.583825	-8017.5
631	0.583825	-8016.34
632	0.583825	-8017.61
633	0.583825	-8016.44
634	0.583825	-8008.37
635	0.583825	-8014.01
636	0.583825	-8025.15
637	0.583825	-8013.51
638	0.583825	-8017.75
639	0.583825	-8016.88
640	0.583825	-8015.43
641	0.583825	-8012.55
642	0.583825	-8021.29
643	0.583825	-8014.93
644	0.583825	-8007.01
645	0.583825	-8018.08
646	0.583825	-8021
647	0.583825	-8026.79
648	0.583825	-8018.52
649	0.583825	-8015.43
650	0.583825	-8018.02
651	0.583825	-8010.83
652	0.583825	-8009.83
653	0.583825	-8011.89
654	0.583825	-8006.31
655	0.583825	-8005.35
656	0.583825	-8009.16
657	0.583825	-8006.23
658	0.583825	-8001.41
659	0.583825	-8009.21
660	0.583825	-8010.17
661	0.583825	-8015.97
662	0.583825	-8023.64
663	0.583825	-8025.41
664	0.583825	-8029.18
665	0.583825	-8030.05
666	0.583825	-8025.18
667	0.583825	-8016.67
668	0.583825	-8013
669	0.583825	-8009.53
670	0.583825	-8012.97
671	0.583825	-8009.1
672	0.583825	-8013.88
673	0.583825	-8030.02
674	0.583825	-8029.02
675	0.583825	-8015.39
676	0.583825	-8010.06
677	0.583825	-8005.29
678	0.583825	-8007.01
679	0.583825	-8019.73
680	0.583825	-8015.06
681	0.583825	-8014.25
682	0.583825	-8002.31
683	0.583825	-8005.09
684	0.583825	-8020.63
685	0.583825	-8017.09
686	0.583825	-8013.42
687	0.583825	-8009.62
688	0.583825	-8015.12
689	0.583825	-8014.85
690	0.583825	-8019.57
691	0.583825	-8017.47
692	0.583825	-8022.33
693	0.583825	-8021.72
694	0.583825	-8027.75
695	0.583825	-8027.32
696	0.583825	-8028.94
697	0.583825	-8030.5
698	0.583825	-8013.44
699	0.583825	-8015.94
700	0.583825	-8024.81
701	0.583825	-8020.74
702	0.583825	-8022.59
703	0.583825	-8017.82
704	0.583825	-8010.81
705	0.583825	-8015.88
706	0.583825	-8012.45
707	0.583825	-8016.1
708	0.583825	-8015.86
709	0.583825	-8012.26
710	0.583825	-8008.45
711	0.583825	-8024.38
712	0.583825	-8016.76
713	0.583825	-8018.39
714	0.583825	-8024.79
715	0.583825	-8018.32
716	0.583825	-8009.59
717	0.583825	-8005.66
718	0.583825	-8017.19
719	0.583825	-8019.59
720	0.583825	-8019.5
721	0.583825	-8026.45
722	0.583825	-8033.66
723	0.583825	-8031.47
724	0.583825	-8020.56
725	0.583825	-8023.35
726	0.583825	-8022.27
727	0.583825	-8015.12
728	0.583825	-8019.24
729	0.583825	-8011.14
730	0.583825	-8014.34
731	0.583825	-8024.45
732	0.583825	-8025.87
733	0.583825	-8020.47
734	0.583825	-8014.95
735	0.583825	-8008.16
736	0.583825	-8010.63
737	0.583825	-8016.7
738	0.583825	-8018.86
739	0.583825	-8009.59
740	0.583825	-8013.01
741	0.583825	-8010.74
742	0.583825	-8023.19
743	0.583825	-8018.41
744	0.583825	-8020.17
745	0.583825	-8019.19
746	0.583825	-8020.57
747	0.583825	-8019.59
748	0.583825	-8015.66
749	0.583825	-8017.04
750	0.583825	-8008.88
751	0.583825	-8006.99
752	0.583825	-8018.74
753	0.583825	-8022.19
754	0.583825	-8025.47
755	0.583825	-8026.73
756	0.583825	-8027.86
757	0.583825	-8029.67
758	0.583825	-8023.3
759	0.583825	-8023.95
760	0.583825	-8019.24
761	0.583825	-8021.93
762	0.583825	-8031.37
763	0.583825	-8017.91
764	0.583825	-8015.45
765	0.583825	-8014.74
766	0.583825	-8020.58
767	0.583825	-8016.05
768	0.583825	-8018.35
769	0.583825	-8019.39
770	0.583825	-8013.52
771	0.583825	-8020.92
772	0.583825	-8014.05
773	0.583825	-8017.84
774	0.583825	-8010.04
775	0.583825	-8019.34
776	0.583825	-8014.65
777	0.583825	-8005.85
778	0.583825	-8003.88
779	0.583825	-8003.77
780	0.583825	-8010.18
781	0.583825	-8006.68
782	0.583825	-8012.28
783	0.583825	-8012.08
784	0.583825	-8009.81
785	0.583825	-8013.31
786	0.583825	-8016.28
787	0.583825	-7998.05
788	0.583825	-8000.41
789	0.583825	-8009.77
790	0.583825	-8008.26
791	0.583825	-8013.34
792	0.583825	-8018.94
793	0.583825	-8005.33
794	0.583825	-8014.35
795	0.583825	-8012.88
796	0.583825	-8020.99
797	0.583825	-8009.97
798	0.583825	-8007.34
799	0.583825	-8004.34
800	0.583825	-8017.34
801	0.583825	-8010.45
802	0.583825	-8008.88
803	0.583825	-8011.49
804	0.583825	-8015.47
805	0.583825	-8012.03
806	0.583825	-8026.41
807	0.583825	-8015.17
808	0.583825	-8009.09
809	0.583825	-8005.44
810	0.583825	-8010.61
811	0.583825	-8011.88
812	0.583825	-8012.44
813	0.583825	-8015.62
814	0.583825	-8011.95
815	0.583825	-8015.25
816	0.583825	-8015.73
817	0.583825	-8020.09
818	0.583825	-8030.29
819	0.583825	-8030.32
820	0.583825	-8043.18
821	0.583825	-8040.95
822	0.583825	-8027.45
823	0.583825	-8024.57
824	0.583825	-8026.19
825	0.583825	-8022.33
826	0.583825	-8020.38
827	0.583825	-8021.07
828	0.583825	-8024.83
829	0.583825	-8027.28
830	0.583825	-8031.74
831	0.583825	-8017.19
832	0.583825	-8023.3
833	0.583825	-8030.77
834	0.583825	-8020.76
835	0.583825	-8020.6
836	0.583825	-8040.16
837	0.583825	-8032.73
838	0.583825	-8029.75
839	0.583825	-8024.28
840	0.583825	-8025.19
841	0.583825	-8027.04
842	0.583825	-8028.66
843	0.583825	-8018.5
844	0.583825	-8021.95
845	0.583825	-8015.59
846	0.583825	-8027.97
847	0.583825	-8016.3
848	0.583825	-8034.62
849	0.583825	-8026.54
850	0.583825	-8010.12
851	0.583825	-8029.1
852	0.583825	-8017.93
853	0.583825	-8017.39
854	0.583825	-8018.62
855	0.583825	-8019.46
856	0.583825	-8023.63
857	0.583825	-8019.04
858	0.583825	-8014.95
859	0.583825	-8010.59
860	0.583825	-8010.89
861	0.583825	-8008.44
862	0.583825	-8012.36
863	0.583825	-8026.24
864	0.583825	-8022.64
865	0.583825	-8014.59
866	0.583825	-8011.23
867	0.583825	-8007.08
868	0.583825	-8003.69
869	0.583825	-8012.29
870	0.583825	-8012.09
871	0.583825	-8014.42
872	0.583825	-8011.1
873	0.583825	-8016.58
874	0.583825	-8016.96
875	0.583825	-8017.72
876	0.583825	-8021.8
877	0.583825	-8018.65
878	0.583825	-8034.91
879	0.583825	-8037.17
880	0.583825	-8037.89
881	0.583825	-8029.95
882	0.583825	-8030.74
883	0.583825	-8025.04
884	0.583825	-8030.33
885	0.583825	-8040.7
886	0.583825	-8035.07
887	0.583825	-8022.03
888	0.583825	-8028.36
889	0.583825	-8027.79
890	0.583825	-8015.86
891	0.583825	-8011.55
892	0.583825	-8016.94
893	0.583825	-8012.9
894	0.583825	-8011
895	0.583825	-8016.32
896	0.583825	-8006.14
897	0.583825	-8009.25
898	0.583825	-8008.36
899	0.583825	-8007.8
900	0.583825	-8007.92
901	0.583825	-8010.39
902	0.583825	-8012.66
903	0.583825	-8014.12
904	0.583825	-8012.37
905	0.583825	-8009.54
906	0.583825	-8011.77
907	0.583825	-8010.65
908	0.583825	-8014.38
909	0.583825	-8017.73
910	0.583825	-8016.63
911	0.583825	-8020.04
912	0.583825	-8008.47
913	0.583825	-8019.54
914	0.583825	-8025.17
915	0.583825	-8017.23
916	0.583825	-8019.36
917	0.583825	-8012.03
918	0.583825	-8012.06
919	0.583825	-8018.39
920	0.583825	-8020.17
921	0.583825	-8019.39
922	0.583825	-8019.85
923	0.583825	-8011.79
924	0.583825	-8015.22
925	0.583825	-8021.61
926	0.583825	-8017.45
927	0.583825	-8017.88
928	0.583825	-8022.25
929	0.583825	-8025.35
930	0.583825	-8023.63
931	0.583825	-8025.35
932	0.583825	-8034.34
933	0.583825	-8038.52
934	0.583825	-8019.5
935	0.583825	-8016
936	0.583825	-8016.21
937	0.583825	-8020.23
938	0.583825	-8014.01
939	0.583825	-8015.64
940	0.583825	-8021.22
941	0.583825	-8017.66
942	0.583825	-8013.64
943	0.583825	-8016.86
944	0.583825	-8016.96
945	0.583825	-8015.48
946	0.583825	-8023.36
947	0.583825	-8027.34
948	0.583825	-8023.44
949	0.583825	-8020.34
950	0.583825	-8023.19
951	0.583825	-8021.96
952	0.583825	-8029.28
953	0.583825	-8023.07
954	0.583825	-8026.98
955	0.583825	-8027.02
956	0.583825	-8030.47
957	0.583825	-8027.62
958	0.583825	-8020.49
959	0.583825	-8013.03
960	0.583825	-8021.48
961	0.583825	-8017.5
962	0.583825	-8018.72
963	0.583825	-8020.26
964	0.583825	-8009.94
965	0.583825	-8018.08
966	0.583825	-8015.34
967	0.583825	-8016.93
968	0.583825	-8027.67
969	0.583825	-8026.86
970	0.583825	-8017.63
971	0.583825	-8006.66
972	0.583825	-8009.22
973	0.583825	-8013.68
974	0.583825	-8012.86
975	0.583825	-8015.26
976	0.583825	-8022.06
977	0.583825	-8017.39
978	0.583825	-8004.82
979	0.583825	-8015.54
980	0.583825	-8010.04
981	0.583825	-8008.63
982	0.583825	-8018.38
983	0.583825	-8023.73
984	0.583825	-8014.4
985	0.583825	-8003.55
986	0.583825	-8007.11
987	0.583825	-8004.3
988	0.583825	-8009.62
989	0.583825	-8024.98
990	0.583825	-8020.28
991	0.583825	-8030.71
992	0.583825	-8027.28
993	0.583825	-8018.47
994	0.583825	-8017.94
995	0.583825	-8010.9
996	0.583825	-8016.69
997	0.583825	-8019.88
998	0.583825	-8014.4
999	0.583825	-8013.03
1000	0.583825	-8018.46
251	0.520429	-8041.35
252	0.520429	-8038.53
253	0.520429	-8023.4
254	0.520429	-8014.91
255	0.520429	-8025.64
256	0.520429	-8020.7
257	0.520429	-8028.86
258	0.520429	-8018.72
259	0.520429	-8020.38
260	0.520429	-8026.62
261	0.520429	-8020.17
262	0.520429	-8028.33
263	0.520429	-8020.13
264	0.520429	-8014.98
265	0.520429	-8011.26
266	0.520429	-8008.59
267	0.520429	-8010.25
268	0.520429	-8016.57
269	0.520429	-8020.23
270	0.520429	-8013.35
271	0.520429	-8005.48
272	0.520429	-8009.1
273	0.520429	-8018.19
274	0.520429	-8015.96
275	0.520429	-8012.17
276	0.520429	-8021.94
277	0.520429	-8019.85
278	0.520429	-8019.94
279	0.520429	-8028.36
280	0.520429	-8033.13
281	0.520429	-8033.45
282	0.520429	-8035.56
283	0.520429	-8034.81
284	0.520429	-8028.49
285	0.520429	-8029.21
286	0.520429	-8035.19
287	0.520429	-8032.03
288	0.520429	-8036.6
289	0.520429	-8030.34
290	0.520429	-8047.84
291	0.520429	-8053.67
292	0.520429	-8028.27
293	0.520429	-8021.28
294	0.520429	-8013.46
295	0.520429	-8015.43
296	0.520429	-8010.62
297	0.520429	-8011.26
298	0.520429	-8009.88
299	0.520429	-8012.76
300	0.520429	-8027.32
301	0.520429	-8017.89
302	0.520429	-8016.33
303	0.520429	-8015.24
304	0.520429	-8015.36
305	0.520429	-8037.35
306	0.520429	-8026.35
307	0.520429	-8031.7
308	0.520429	-8033.72
309	0.520429	-8015.78
310	0.520429	-8020.51
311	0.520429	-8022.21
312	0.520429	-8023.86
313	0.520429	-8013.1
314	0.520429	-7998.85
315	0.520429	-8005.18
316	0.520429	-8009.96
317	0.520429	-8011.32
318	0.520429	-8011.73
319	0.520429	-8012.14
320	0.520429	-8009.9
321	0.520429	-8024.56
322	0.520429	-8010.41
323	0.520429	-8008.46
324	0.520429	-8010.41
325	0.520429	-8003.47
326	0.520429	-8005.81
327	0.520429	-8003.89
328	0.520429	-8018.22
329	0.520429	-8035.13
330	0.520429	-8022.43
331	0.520429	-8020.51
332	0.520429	-8019.08
333	0.520429	-8019.04
334	0.520429	-8026.11
335	0.520429	-8024.19
336	0.520429	-8020.87
337	0.520429	-8025.25
338	0.520429	-8026.02
339	0.520429	-8027.84
340	0.520429	-8031.07
341	0.520429	-8029.4
342	0.520429	-8036.44
343	0.520429	-8020.92
344	0.520429	-8033.61
345	0.520429	-8026.81
346	0.520429	-8023.63
347	0.520429	-8022.51
348	0.520429	-8024.62
349	0.520429	-8021.11
350	0.520429	-8027.56
351	0.520429	-8025.55
352	0.520429	-8019.62
353	0.520429	-8029.44
354	0.520429	-8037.38
355	0.520429	-8029.42
356	0.520429	-8029.68
357	0.520429	-8032.49
358	0.520429	-8030.93
359	0.520429	-8021.12
360	0.520429	-8032.76
361	0.520429	-8038.15
362	0.520429	-8037.4
363	0.520429	-8020.79
364	0.520429	-8042.22
365	0.520429	-8048.24
366	0.520429	-8030.23
367	0.520429	-8019.29
368	0.520429	-8020.23
369	0.520429	-8012.58
370	0.520429	-8008.84
371	0.520429	-8012.4
372	0.520429	-8013.05
373	0.520429	-8022.3
374	0.520429	-8012.73
375	0.520429	-8013.21
376	0.520429	-8020.6
377	0.520429	-8023.12
378	0.520429	-8030.12
379	0.520429	-8023.59
380	0.520429	-8016.35
381	0.520429	-8019.24
382	0.520429	-8023.04
383	0.520429	-8012.78
384	0.520429	-8021.65
385	0.520429	-8033.36
386	0.520429	-8015
387	0.520429	-8024.05
388	0.520429	-8015.15
389	0.520429	-8011.77
390	0.520429	-8021.95
391	0.520429	-8037.51
392	0.520429	-8031.04
393	0.520429	-8030.75
394	0.520429	-8040.25
395	0.520429	-8023.2
396	0.520429	-8015.52
397	0.520429	-8017.75
398	0.520429	-8020.41
399	0.520429	-8018.38
400	0.520429	-8016.4
401	0.520429	-8033.69
402	0.520429	-8018.79
403	0.520429	-8019.11
404	0.520429	-8020.42
405	0.520429	-8027.07
406	0.520429	-8024.74
407	0.520429	-8012.53
408	0.520429	-8023.61
409	0.520429	-8024.92
410	0.520429	-8030.94
411	0.520429	-8026.28
412	0.520429	-8040.92
413	0.520429	-8028.52
414	0.520429	-8023.94
415	0.520429	-8035.63
416	0.520429	-8032.4
417	0.520429	-8030.92
418	0.520429	-8024.19
419	0.520429	-8040.95
420	0.520429	-8033.53
421	0.520429	-8030.74
422	0.520429	-8032.83
423	0.520429	-8032.11
424	0.520429	-8028.27
425	0.520429	-8037.82
426	0.520429	-8042.34
427	0.520429	-8041.91
428	0.520429	-8038.42
429	0.520429	-8032.23
430	0.520429	-8017.03
431	0.520429	-8016.05
432	0.520429	-8010.14
433	0.520429	-8014.79
434	0.520429	-8012.25
435	0.520429	-8014.1
436	0.520429	-8019.46
437	0.520429	-8012.91
438	0.520429	-8022.91
439	0.520429	-8031.67
440	0.520429	-8022.06
441	0.520429	-8014.78
442	0.520429	-8016.36
443	0.520429	-8011.31
444	0.520429	-8009.37
445	0.520429	-8002.28
446	0.520429	-8011.71
447	0.520429	-8011.73
448	0.520429	-8022.81
449	0.520429	-8027.75
450	0.520429	-8022.39
451	0.520429	-8027.24
452	0.520429	-8028.39
453	0.520429	-8020.96
454	0.520429	-8022.28
455	0.520429	-8024.53
456	0.520429	-8030.14
457	0.520429	-8028.09
458	0.520429	-8031.28
459	0.520429	-8025.08
460	0.520429	-8027.13
461	0.520429	-8033.97
462	0.520429	-8043.93
463	0.520429	-8035.96
464	0.520429	-8034.66
465	0.520429	-8045.01
466	0.520429	-8034.75
467	0.520429	-8038.84
468	0.520429	-8035.68
469	0.520429	-8035.46
470	0.520429	-8030.82
471	0.520429	-8029.74
472	0.520429	-8037.33
473	0.520429	-8023.56
474	0.520429	-8040.28
475	0.520429	-8021.45
476	0.520429	-8022.71
477	0.520429	-8034.71
478	0.520429	-8031.24
479	0.520429	-8029.35
480	0.520429	-8032.52
481	0.520429	-8036.84
482	0.520429	-8031.07
483	0.520429	-8023.82
484	0.520429	-8017.97
485	0.520429	-8029.61
486	0.520429	-8015.23
487	0.520429	-8016.05
488	0.520429	-8021.87
489	0.520429	-8017.34
490	0.520429	-8016.34
491	0.520429	-8020.67
492	0.520429	-8024.12
493	0.520429	-8032.75
494	0.520429	-8047.35
495	0.520429	-8040.29
496	0.520429	-8034.3
497	0.520429	-8014.64
498	0.520429	-8025.01
499	0.520429	-8022.49
500	0.520429	-8010.06
501	0.520429	-8011.21
502	0.520429	-8014.97
503	0.520429	-8015.3
504	0.520429	-8033.54
505	0.520429	-8033.27
506	0.520429	-8029.87
507	0.520429	-8036.65
508	0.520429	-8029.16
509	0.520429	-8038.26
510	0.520429	-8039.32
511	0.520429	-8037.3
512	0.520429	-8031.3
513	0.520429	-8025.9
514	0.520429	-8015.75
515	0.520429	-8016.04
516	0.520429	-8027.55
517	0.520429	-8028.61
518	0.520429	-8027.16
519	0.520429	-8018.97
520	0.520429	-8015.51
521	0.520429	-8019.92
522	0.520429	-8019.74
523	0.520429	-8024.7
524	0.520429	-8029.03
525	0.520429	-8018.44
526	0.520429	-8034
527	0.520429	-8020.35
528	0.520429	-8025.96
529	0.520429	-8030.39
530	0.520429	-8032.66
531	0.520429	-8023.45
532	0.520429	-8023.32
533	0.520429	-8016.97
534	0.520429	-8014.89
535	0.520429	-8026.08
536	0.520429	-8021.29
537	0.520429	-8020.21
538	0.520429	-8014.44
539	0.520429	-8018.22
540	0.520429	-8034.59
541	0.520429	-8020.16
542	0.520429	-8017.36
543	0.520429	-8021.97
544	0.520429	-8035.54
545	0.520429	-8027.58
546	0.520429	-8020.87
547	0.520429	-8011.45
548	0.520429	-8013.57
549	0.520429	-8021.83
550	0.520429	-8025.4
551	0.520429	-8015.85
552	0.520429	-8019.58
553	0.520429	-8011.46
554	0.520429	-8025.47
555	0.520429	-8023.04
556	0.520429	-8041.57
557	0.520429	-8032.95
558	0.520429	-8026.85
559	0.520429	-8031.17
560	0.520429	-8024.06
561	0.520429	-8024.38
562	0.520429	-8026.47
563	0.520429	-8031.6
564	0.520429	-8035.87
565	0.520429	-8024.31
566	0.520429	-8032.84
567	0.520429	-8029.45
568	0.520429	-8031.43
569	0.520429	-8022.72
570	0.520429	-8017.83
571	0.520429	-8022.77
572	0.520429	-8015.44
573	0.520429	-8022.81
574	0.520429	-8020
575	0.520429	-8030.72
576	0.520429	-8020.04
577	0.520429	-8028.9
578	0.520429	-8026.32
579	0.520429	-8029.5
580	0.520429	-8036.07
581	0.520429	-8049.58
582	0.520429	-8034.38
583	0.520429	-8030.02
584	0.520429	-8032.62
585	0.520429	-8031.99
586	0.520429	-8014.21
587	0.520429	-8021.6
588	0.520429	-8034.35
589	0.520429	-8022.85
590	0.520429	-8020.13
591	0.520429	-8017.27
592	0.520429	-8018.5
593	0.520429	-8013.08
594	0.520429	-8013.33
595	0.520429	-8012.93
596	0.520429	-8006.45
597	0.520429	-8017.05
598	0.520429	-8007.06
599	0.520429	-8004.12
600	0.520429	-8004.47
601	0.520429	-8022.64
602	0.520429	-8034.41
603	0.520429	-8019.26
604	0.520429	-8025.15
605	0.520429	-8020.84
606	0.520429	-8020.03
607	0.520429	-8018.23
608	0.520429	-8019.03
609	0.520429	-8014.15
610	0.520429	-8017.84
611	0.520429	-8020.14
612	0.520429	-8025.22
613	0.520429	-8032.6
614	0.520429	-8031.87
615	0.520429	-8034.3
616	0.520429	-8031.96
617	0.520429	-8022.66
618	0.520429	-8030.84
619	0.520429	-8024.95
620	0.520429	-8017.43
621	0.520429	-8004.63
622	0.520429	-8025.92
623	0.520429	-8015.97
624	0.520429	-8013.69
625	0.520429	-8007.97
626	0.520429	-8023.54
627	0.520429	-8010.19
628	0.520429	-8006.37
629	0.520429	-8010.24
630	0.520429	-8006.26
631	0.520429	-8013.04
632	0.520429	-8024.93
633	0.520429	-8026.02
634	0.520429	-8022.17
635	0.520429	-8017.58
636	0.520429	-8026.57
637	0.520429	-8021.92
638	0.520429	-8025.45
639	0.520429	-8021.06
640	0.520429	-8014.5
641	0.520429	-8014.96
642	0.520429	-8024.15
643	0.520429	-8022.71
644	0.520429	-8026.7
645	0.520429	-8025.52
646	0.520429	-8033.74
647	0.520429	-8012.23
648	0.520429	-8014.98
649	0.520429	-8021.89
650	0.520429	-8018.14
651	0.520429	-8007.98
652	0.520429	-8006.55
653	0.520429	-8000.61
654	0.520429	-8001.4
655	0.520429	-8005.53
656	0.520429	-8008.27
657	0.520429	-7998.88
658	0.520429	-8007.51
659	0.520429	-8014.38
660	0.520429	-8012.3
661	0.520429	-8008.1
662	0.520429	-8006.26
663	0.520429	-8008.51
664	0.520429	-8012.69
665	0.520429	-8025.3
666	0.520429	-8016.89
667	0.520429	-8028.63
668	0.520429	-8023.14
669	0.520429	-8022.48
670	0.520429	-8017.34
671	0.520429	-8007.49
672	0.520429	-8014.34
673	0.520429	-8012.79
674	0.520429	-8020.39
675	0.520429	-8017.44
676	0.520429	-8017.04
677	0.520429	-8018.71
678	0.520429	-8013.01
679	0.520429	-8014.41
680	0.520429	-8023.33
681	0.520429	-8013.98
682	0.520429	-8018.85
683	0.520429	-8030.04
684	0.520429	-8028.61
685	0.520429	-8030.9
686	0.520429	-8026.4
687	0.520429	-8020.49
688	0.520429	-8026.93
689	0.520429	-8033.51
690	0.520429	-8021.12
691	0.520429	-8021.95
692	0.520429	-8023.83
693	0.520429	-8029.06
694	0.520429	-8025.37
695	0.520429	-8022.02
696	0.520429	-8025.48
697	0.520429	-8018.72
698	0.520429	-8012.69
699	0.520429	-8024.98
700	0.520429	-8024.76
701	0.520429	-8015.97
702	0.520429	-8022
703	0.520429	-8020.65
704	0.520429	-8021.49
705	0.520429	-8028.83
706	0.520429	-8033.18
707	0.520429	-8041.88
708	0.520429	-8031.77
709	0.520429	-8032.99
710	0.520429	-8035.32
711	0.520429	-8023.13
712	0.520429	-8017.07
713	0.520429	-8006.33
714	0.520429	-8010.24
715	0.520429	-8014.53
716	0.520429	-8010.23
717	0.520429	-8015.63
718	0.520429	-8015.33
719	0.520429	-8011.58
720	0.520429	-8016.4
721	0.520429	-8009.75
722	0.520429	-8009.02
723	0.520429	-8003.93
724	0.520429	-8011.1
725	0.520429	-8006.06
726	0.520429	-8003.75
727	0.520429	-8020.16
728	0.520429	-8014.66
729	0.520429	-8019.58
730	0.520429	-8033.39
731	0.520429	-8020.65
732	0.520429	-8013.55
733	0.520429	-8019.08
734	0.520429	-8027.2
735	0.520429	-8017.43
736	0.520429	-8017.47
737	0.520429	-8021.82
738	0.520429	-8025.83
739	0.520429	-8039.37
740	0.520429	-8036.82
741	0.520429	-8035.71
742	0.520429	-8036.54
743	0.520429	-8027.11
744	0.520429	-8014.57
745	0.520429	-8016.47
746	0.520429	-8015.08
747	0.520429	-8008.55
748	0.520429	-8008.47
749	0.520429	-8017.87
750	0.520429	-8017.9
751	0.520429	-8018.66
752	0.520429	-8014.93
753	0.520429	-8019.93
754	0.520429	-8023.46
755	0.520429	-8015.64
756	0.520429	-8012.02
757	0.520429	-8014.11
758	0.520429	-8025.14
759	0.520429	-8022.75
760	0.520429	-8020.37
761	0.520429	-8022.79
762	0.520429	-8017.13
763	0.520429	-8024.93
764	0.520429	-8032.44
765	0.520429	-8036.6
766	0.520429	-8044.24
767	0.520429	-8024.61
768	0.520429	-8024.27
769	0.520429	-8024.5
770	0.520429	-8017.23
771	0.520429	-8018.91
772	0.520429	-8018.13
773	0.520429	-8023.15
774	0.520429	-8014.16
775	0.520429	-8018.54
776	0.520429	-8028.51
777	0.520429	-8029.18
778	0.520429	-8029.77
779	0.520429	-8025.86
780	0.520429	-8020.09
781	0.520429	-8008.92
782	0.520429	-8026.43
783	0.520429	-8028.12
784	0.520429	-8028.24
785	0.520429	-8023.43
786	0.520429	-8012.72
787	0.520429	-8006.26
788	0.520429	-8006.99
789	0.520429	-8021.78
790	0.520429	-8023.22
791	0.520429	-8023.56
792	0.520429	-8015.66
793	0.520429	-8027.99
794	0.520429	-8029.47
795	0.520429	-8016.51
796	0.520429	-8007.16
797	0.520429	-8009.19
798	0.520429	-8021.17
799	0.520429	-8031.55
800	0.520429	-8006.74
801	0.520429	-8022.74
802	0.520429	-8029.97
803	0.520429	-8028.66
804	0.520429	-8025.89
805	0.520429	-8027.42
806	0.520429	-8021.66
807	0.520429	-8033.29
808	0.520429	-8044.91
809	0.520429	-8036.19
810	0.520429	-8033.06
811	0.520429	-8008.72
812	0.520429	-8013.53
813	0.520429	-8020.96
814	0.520429	-8019.95
815	0.520429	-8022.02
816	0.520429	-8027.7
817	0.520429	-8024.79
818	0.520429	-8032.27
819	0.520429	-8030.34
820	0.520429	-8024.09
821	0.520429	-8027.11
822	0.520429	-8023.93
823	0.520429	-8022.85
824	0.520429	-8020.53
825	0.520429	-8021.01
826	0.520429	-8011.97
827	0.520429	-8018.6
828	0.520429	-8015.83
829	0.520429	-8016
830	0.520429	-8016.51
831	0.520429	-8012.47
832	0.520429	-8020.88
833	0.520429	-8013.74
834	0.520429	-8022.58
835	0.520429	-8019.65
836	0.520429	-8020.95
837	0.520429	-8011.14
838	0.520429	-8017.29
839	0.520429	-8021.62
840	0.520429	-8004.12
841	0.520429	-8009.01
842	0.520429	-8023.26
843	0.520429	-8015.69
844	0.520429	-8016.59
845	0.520429	-8014.83
846	0.520429	-8018.91
847	0.520429	-8012.48
848	0.520429	-8008.74
849	0.520429	-8016.13
850	0.520429	-8022.45
851	0.520429	-8012.36
852	0.520429	-8017.97
853	0.520429	-8020.7
854	0.520429	-8020.87
855	0.520429	-8024.41
856	0.520429	-8022.88
857	0.520429	-8023.04
858	0.520429	-8030.77
859	0.520429	-8026.88
860	0.520429	-8017.4
861	0.520429	-8025.89
862	0.520429	-8021.42
863	0.520429	-8021.68
864	0.520429	-8022.01
865	0.520429	-8024.47
866	0.520429	-8021.99
867	0.520429	-8027.33
868	0.520429	-8023.07
869	0.520429	-8011.65
870	0.520429	-8022.23
871	0.520429	-8007.43
872	0.520429	-8012.51
873	0.520429	-8014.96
874	0.520429	-8015.45
875	0.520429	-8020.89
876	0.520429	-8029.3
877	0.520429	-8023.25
878	0.520429	-8017.31
879	0.520429	-8013.14
880	0.520429	-8018.94
881	0.520429	-8029.2
882	0.520429	-8013.84
883	0.520429	-8015.3
884	0.520429	-8016.16
885	0.520429	-8020.89
886	0.520429	-8013.04
887	0.520429	-8028.52
888	0.520429	-8025.76
889	0.520429	-8020.24
890	0.520429	-8015.64
891	0.520429	-8017.13
892	0.520429	-8016.5
893	0.520429	-8015.68
894	0.520429	-8019.12
895	0.520429	-8015.15
896	0.520429	-8013.85
897	0.520429	-8018.89
898	0.520429	-8017.03
899	0.520429	-8007.79
900	0.520429	-8013.5
901	0.520429	-8022.35
902	0.520429	-8014.12
903	0.520429	-8025.32
904	0.520429	-8023.16
905	0.520429	-8021.36
906	0.520429	-8013.09
907	0.520429	-8014.22
908	0.520429	-8020.07
909	0.520429	-8026.7
910	0.520429	-8024.47
911	0.520429	-8023.43
912	0.520429	-8030.1
913	0.520429	-8021.63
914	0.520429	-8027.45
915	0.520429	-8021.63
916	0.520429	-8012.92
917	0.520429	-8014.41
918	0.520429	-8019.83
919	0.520429	-8016.82
920	0.520429	-7997.19
921	0.520429	-7998.32
922	0.520429	-8005.57
923	0.520429	-8024.32
924	0.520429	-8026.58
925	0.520429	-8014.24
926	0.520429	-8016.57
927	0.520429	-8013.24
928	0.520429	-8007.79
929	0.520429	-8006.82
930	0.520429	-8011.54
931	0.520429	-8014.99
932	0.520429	-8015.99
933	0.520429	-8021.02
934	0.520429	-8010.89
935	0.520429	-8017.95
936	0.520429	-8017.57
937	0.520429	-8029.79
938	0.520429	-8017.03
939	0.520429	-8011.29
940	0.520429	-8012.44
941	0.520429	-8007.8
942	0.520429	-8007.77
943	0.520429	-8008.19
944	0.520429	-8006.23
945	0.520429	-8012.62
946	0.520429	-8021.21
947	0.520429	-8026.93
948	0.520429	-8016.73
949	0.520429	-8009.74
950	0.520429	-8022.97
951	0.520429	-8021.33
952	0.520429	-8009.96
953	0.520429	-8020.98
954	0.520429	-8024.24
955	0.520429	-8013.25
956	0.520429	-8019.39
957	0.520429	-8011.95
958	0.520429	-8009.83
959	0.520429	-8012.41
960	0.520429	-8007.72
961	0.520429	-8029.66
962	0.520429	-8031.37
963	0.520429	-8028.17
964	0.520429	-8019.41
965	0.520429	-8033.17
966	0.520429	-8030.51
967	0.520429	-8035.1
968	0.520429	-8032.78
969	0.520429	-8037.11
970	0.520429	-8028.22
971	0.520429	-8025.66
972	0.520429	-8028.01
973	0.520429	-8030.25
974	0.520429	-8036.76
975	0.520429	-8022.51
976	0.520429	-8026.09
977	0.520429	-8022.65
978	0.520429	-8015.41
979	0.520429	-8016.24
980	0.520429	-8021.21
981	0.520429	-8041.5
982	0.520429	-8041.34
983	0.520429	-8034.89
984	0.520429	-8035.79
985	0.520429	-8031.19
986	0.520429	-8027.16
987	0.520429	-8011.02
988	0.520429	-8013.87
989	0.520429	-8008.44
990	0.520429	-8011.29
991	0.520429	-8017.95
992	0.520429	-8007.4
993	0.520429	-8011.16
994	0.520429	-8019.17
995	0.520429	-8027.47
996	0.520429	-8015.22
997	0.520429	-8017.22
998	0.520429	-8002.2
999	0.520429	-8010.4
1000	0.520429	-8010.83
251	0.462664	-8040.23
252	0.462664	-8032.18
253	0.462664	-8038.27
254	0.462664	-8037.41
255	0.462664	-8033.92
256	0.462664	-8045.95
257	0.462664	-8043.67
258	0.462664	-8033.41
259	0.462664	-8017.47
260	0.462664	-8023.48
261	0.462664	-8030.03
262	0.462664	-8023.54
263	0.462664	-8042.38
264	0.462664	-8035.62
265	0.462664	-8020.64
266	0.462664	-8007.51
267	0.462664	-8014.48
268	0.462664	-8021.39
269	0.462664	-8014.08
270	0.462664	-8027.68
271	0.462664	-8022.08
272	0.462664	-8015.09
273	0.462664	-8039.56
274	0.462664	-8038.84
275	0.462664	-8021.7
276	0.462664	-8018.19
277	0.462664	-8019.88
278	0.462664	-8043.94
279	0.462664	-8041.45
280	0.462664	-8039.73
281	0.462664	-8054.56
282	0.462664	-8048.07
283	0.462664	-8065.78
284	0.462664	-8044.76
285	0.462664	-8052.35
286	0.462664	-8020.19
287	0.462664	-8031.97
288	0.462664	-8028
289	0.462664	-8018.79
290	0.462664	-8019.32
291	0.462664	-8028.11
292	0.462664	-8024.27
293	0.462664	-8042.82
294	0.462664	-8028.02
295	0.462664	-8019.95
296	0.462664	-8035.22
297	0.462664	-8040.86
298	0.462664	-8040.92
299	0.462664	-8030.97
300	0.462664	-8019.66
301	0.462664	-8019.63
302	0.462664	-8032.9
303	0.462664	-8021.29
304	0.462664	-8020.18
305	0.462664	-8023.67
306	0.462664	-8041.67
307	0.462664	-8032.78
308	0.462664	-8029.93
309	0.462664	-8032.72
310	0.462664	-8031.43
311	0.462664	-8038.73
312	0.462664	-8027.6
313	0.462664	-8044.73
314	0.462664	-8050.24
315	0.462664	-8054.07
316	0.462664	-8038.95
317	0.462664	-8025.9
318	0.462664	-8027.46
319	0.462664	-8025.51
320	0.462664	-8028.58
321	0.462664	-8034.05
322	0.462664	-8025.97
323	0.462664	-8027.71
324	0.462664	-8022.61
325	0.462664	-8019.51
326	0.462664	-8017.51
327	0.462664	-8029.31
328	0.462664	-8028.63
329	0.462664	-8020.93
330	0.462664	-8034.36
331	0.462664	-8027.02
332	0.462664	-8031.2
333	0.462664	-8032.75
334	0.462664	-8030.15
335	0.462664	-8019.94
336	0.462664	-8028.79
337	0.462664	-8025.83
338	0.462664	-8027.65
339	0.462664	-8058.31
340	0.462664	-8054.32
341	0.462664	-8047.23
342	0.462664	-8035.48
343	0.462664	-8028.61
344	0.462664	-8031.92
345	0.462664	-8031.23
346	0.462664	-8041.54
347	0.462664	-8053.53
348	0.462664	-8037.32
349	0.462664	-8049.72
350	0.462664	-8021.12
351	0.462664	-8020.07
352	0.462664	-8030.6
353	0.462664	-8019.04
354	0.462664	-8022.76
355	0.462664	-8020.81
356	0.462664	-8024.75
357	0.462664	-8026.52
358	0.462664	-8016.3
359	0.462664	-8024.6
360	0.462664	-8019.18
361	0.462664	-8017.9
362	0.462664	-8024.45
363	0.462664	-8037.6
364	0.462664	-8027.49
365	0.462664	-8019.56
366	0.462664	-8011.88
367	0.462664	-8033.64
368	0.462664	-8032.22
369	0.462664	-8027.54
370	0.462664	-8017.75
371	0.462664	-8025.3
372	0.462664	-8015.79
373	0.462664	-8028.61
374	0.462664	-8031.22
375	0.462664	-8027.11
376	0.462664	-8021.5
377	0.462664	-8036.53
378	0.462664	-8031.21
379	0.462664	-8032.42
380	0.462664	-8036.43
381	0.462664	-8042.29
382	0.462664	-8030.62
383	0.462664	-8033.31
384	0.462664	-8046.9
385	0.462664	-8051.17
386	0.462664	-8031.4
387	0.462664	-8023.85
388	0.462664	-8026.58
389	0.462664	-8018.46
390	0.462664	-8024.46
391	0.462664	-8024.08
392	0.462664	-8035.6
393	0.462664	-8029.71
394	0.462664	-8026.39
395	0.462664	-8024.63
396	0.462664	-8024.58
397	0.462664	-8044.27
398	0.462664	-8029.74
399	0.462664	-8034.81
400	0.462664	-8039.91
401	0.462664	-8034.7
402	0.462664	-8030.39
403	0.462664	-8044.45
404	0.462664	-8025.69
405	0.462664	-8030.79
406	0.462664	-8027.5
407	0.462664	-8016.67
408	0.462664	-8023.4
409	0.462664	-8032.18
410	0.462664	-8029.77
411	0.462664	-8042.14
412	0.462664	-8041.72
413	0.462664	-8024.91
414	0.462664	-8030.78
415	0.462664	-8028.14
416	0.462664	-8021.83
417	0.462664	-8021.37
418	0.462664	-8015.61
419	0.462664	-8026.67
420	0.462664	-8033.66
421	0.462664	-8041.98
422	0.462664	-8058.49
423	0.462664	-8062.02
424	0.462664	-8026.4
425	0.462664	-8031.92
426	0.462664	-8024.17
427	0.462664	-8036.61
428	0.462664	-8011.37
429	0.462664	-8018.86
430	0.462664	-8021.87
431	0.462664	-8026.59
432	0.462664	-8029.03
433	0.462664	-8026.22
434	0.462664	-8019.74
435	0.462664	-8025.37
436	0.462664	-8022.82
437	0.462664	-8026.43
438	0.462664	-8021.94
439	0.462664	-8014.93
440	0.462664	-8007.84
441	0.462664	-8009.94
442	0.462664	-8013.87
443	0.462664	-8019.89
444	0.462664	-8019.72
445	0.462664	-8022.45
446	0.462664	-8023.8
447	0.462664	-8017.32
448	0.462664	-8022.12
449	0.462664	-8017.93
450	0.462664	-8025.92
451	0.462664	-8022.94
452	0.462664	-8023.35
453	0.462664	-8022.62
454	0.462664	-8036.54
455	0.462664	-8008.91
456	0.462664	-8014.75
457	0.462664	-8017.86
458	0.462664	-8027.51
459	0.462664	-8022.26
460	0.462664	-8018.04
461	0.462664	-8014
462	0.462664	-8021.42
463	0.462664	-8014.69
464	0.462664	-8017.96
465	0.462664	-8024.84
466	0.462664	-8013.64
467	0.462664	-8019.04
468	0.462664	-8034.67
469	0.462664	-8028.35
470	0.462664	-8020.75
471	0.462664	-8023.47
472	0.462664	-8017.78
473	0.462664	-8026.87
474	0.462664	-8031.89
475	0.462664	-8036.17
476	0.462664	-8035.47
477	0.462664	-8037.4
478	0.462664	-8035.2
479	0.462664	-8018.19
480	0.462664	-8015.09
481	0.462664	-8012.96
482	0.462664	-8020.49
483	0.462664	-8016.36
484	0.462664	-8011.36
485	0.462664	-8024.45
486	0.462664	-8008.06
487	0.462664	-8014.09
488	0.462664	-8020.1
489	0.462664	-8019.49
490	0.462664	-8031.51
491	0.462664	-8012.15
492	0.462664	-8021.91
493	0.462664	-8021.75
494	0.462664	-8034.68
495	0.462664	-8025.84
496	0.462664	-8023.46
497	0.462664	-8029.33
498	0.462664	-8039.31
499	0.462664	-8023.22
500	0.462664	-8034.76
501	0.462664	-8034.88
502	0.462664	-8021.73
503	0.462664	-8021.91
504	0.462664	-8023.81
505	0.462664	-8022.46
506	0.462664	-8023.16
507	0.462664	-8021.58
508	0.462664	-8022.52
509	0.462664	-8026.13
510	0.462664	-8033.54
511	0.462664	-8048.01
512	0.462664	-8035.42
513	0.462664	-8039.56
514	0.462664	-8025.92
515	0.462664	-8032.73
516	0.462664	-8030.97
517	0.462664	-8024.08
518	0.462664	-8020.97
519	0.462664	-8034.94
520	0.462664	-8022.87
521	0.462664	-8017.13
522	0.462664	-8017.74
523	0.462664	-8017.8
524	0.462664	-8025.54
525	0.462664	-8013.79
526	0.462664	-8022
527	0.462664	-8020.45
528	0.462664	-8016.36
529	0.462664	-8028.25
530	0.462664	-8029.92
531	0.462664	-8031.65
532	0.462664	-8022.69
533	0.462664	-8022.19
534	0.462664	-8037.76
535	0.462664	-8022.51
536	0.462664	-8025.66
537	0.462664	-8026.29
538	0.462664	-8025.38
539	0.462664	-8022.73
540	0.462664	-8033.22
541	0.462664	-8028.22
542	0.462664	-8027.9
543	0.462664	-8030.06
544	0.462664	-8022.05
545	0.462664	-8017.3
546	0.462664	-8027.73
547	0.462664	-8026.55
548	0.462664	-8023.46
549	0.462664	-8035.46
550	0.462664	-8032.73
551	0.462664	-8043.22
552	0.462664	-8015.06
553	0.462664	-8014.61
554	0.462664	-8023.34
555	0.462664	-8030.66
556	0.462664	-8020.22
557	0.462664	-8018.69
558	0.462664	-8024.33
559	0.462664	-8017.68
560	0.462664	-8030.47
561	0.462664	-8026.85
562	0.462664	-8027.8
563	0.462664	-8029.08
564	0.462664	-8032.65
565	0.462664	-8028.43
566	0.462664	-8030.19
567	0.462664	-8018.05
568	0.462664	-8023.07
569	0.462664	-8022.29
570	0.462664	-8030.18
571	0.462664	-8030.82
572	0.462664	-8036.25
573	0.462664	-8031.88
574	0.462664	-8033.32
575	0.462664	-8025.83
576	0.462664	-8026.84
577	0.462664	-8026.94
578	0.462664	-8034.99
579	0.462664	-8029.43
580	0.462664	-8034.56
581	0.462664	-8030.36
582	0.462664	-8032.33
583	0.462664	-8027.72
584	0.462664	-8019.22
585	0.462664	-8018.83
586	0.462664	-8026.67
587	0.462664	-8030.26
588	0.462664	-8031.71
589	0.462664	-8040.2
590	0.462664	-8040.81
591	0.462664	-8040.73
592	0.462664	-8047.61
593	0.462664	-8039.73
594	0.462664	-8031.37
595	0.462664	-8034.81
596	0.462664	-8026.69
597	0.462664	-8016.45
598	0.462664	-8013.8
599	0.462664	-8026.97
600	0.462664	-8019.15
601	0.462664	-8014
602	0.462664	-8014.5
603	0.462664	-8021.83
604	0.462664	-8025.89
605	0.462664	-8025.51
606	0.462664	-8024.11
607	0.462664	-8020.17
608	0.462664	-8015.97
609	0.462664	-8009.38
610	0.462664	-8014.09
611	0.462664	-8015.04
612	0.462664	-8015.43
613	0.462664	-8019.9
614	0.462664	-8003.94
615	0.462664	-8014.05
616	0.462664	-8027.93
617	0.462664	-8028.38
618	0.462664	-8016.1
619	0.462664	-8019.15
620	0.462664	-8034.96
621	0.462664	-8029.1
622	0.462664	-8031.05
623	0.462664	-8031.43
624	0.462664	-8027.46
625	0.462664	-8028.09
626	0.462664	-8028.28
627	0.462664	-8053.96
628	0.462664	-8039.57
629	0.462664	-8039.41
630	0.462664	-8039.2
631	0.462664	-8023.93
632	0.462664	-8035.42
633	0.462664	-8033.57
634	0.462664	-8038.77
635	0.462664	-8041.52
636	0.462664	-8039.39
637	0.462664	-8050.51
638	0.462664	-8034.33
639	0.462664	-8033.98
640	0.462664	-8029.96
641	0.462664	-8026.43
642	0.462664	-8014.61
643	0.462664	-8015.69
644	0.462664	-8026.32
645	0.462664	-8031.02
646	0.462664	-8028.05
647	0.462664	-8015.44
648	0.462664	-8015.02
649	0.462664	-8017.8
650	0.462664	-8016.7
651	0.462664	-8010.02
652	0.462664	-8007.94
653	0.462664	-8029.59
654	0.462664	-8027.31
655	0.462664	-8032.51
656	0.462664	-8029.32
657	0.462664	-8041.48
658	0.462664	-8040.68
659	0.462664	-8044.85
660	0.462664	-8028.59
661	0.462664	-8017.07
662	0.462664	-8022.6
663	0.462664	-8016.85
664	0.462664	-8020.75
665	0.462664	-8023.54
666	0.462664	-8018.31
667	0.462664	-8024.7
668	0.462664	-8020.4
669	0.462664	-8021.75
670	0.462664	-8028.98
671	0.462664	-8043.54
672	0.462664	-8026.97
673	0.462664	-8010.54
674	0.462664	-8020.68
675	0.462664	-8043.81
676	0.462664	-8024.89
677	0.462664	-8029.78
678	0.462664	-8032.84
679	0.462664	-8020.07
680	0.462664	-8019.07
681	0.462664	-8008.35
682	0.462664	-8010.56
683	0.462664	-8018.21
684	0.462664	-8018.32
685	0.462664	-8032.44
686	0.462664	-8020.97
687	0.462664	-8013.48
688	0.462664	-8018.22
689	0.462664	-8037.79
690	0.462664	-8030.25
691	0.462664	-8033.74
692	0.462664	-8038.33
693	0.462664	-8028.81
694	0.462664	-8041.18
695	0.462664	-8045.41
696	0.462664	-8035.53
697	0.462664	-8037.85
698	0.462664	-8033.05
699	0.462664	-8055.68
700	0.462664	-8043.77
701	0.462664	-8030.94
702	0.462664	-8026.48
703	0.462664	-8019.9
704	0.462664	-8019.83
705	0.462664	-8012.61
706	0.462664	-8017.68
707	0.462664	-8018.45
708	0.462664	-8018.6
709	0.462664	-8022.35
710	0.462664	-8024.37
711	0.462664	-8025.99
712	0.462664	-8025.19
713	0.462664	-8021.16
714	0.462664	-8014.88
715	0.462664	-8020.76
716	0.462664	-8027.79
717	0.462664	-8010.61
718	0.462664	-8018.93
719	0.462664	-8040.6
720	0.462664	-8033.24
721	0.462664	-8023.74
722	0.462664	-8023.63
723	0.462664	-8023.62
724	0.462664	-8031.33
725	0.462664	-8025.96
726	0.462664	-8026.84
727	0.462664	-8044.17
728	0.462664	-8032.01
729	0.462664	-8038.98
730	0.462664	-8025.77
731	0.462664	-8025.54
732	0.462664	-8036.68
733	0.462664	-8042.61
734	0.462664	-8030.87
735	0.462664	-8022.36
736	0.462664	-8019.84
737	0.462664	-8008.72
738	0.462664	-8028.36
739	0.462664	-8042.35
740	0.462664	-8022.37
741	0.462664	-8037.48
742	0.462664	-8031.69
743	0.462664	-8024.35
744	0.462664	-8018.98
745	0.462664	-8010.3
746	0.462664	-8024.32
747	0.462664	-8030.06
748	0.462664	-8023.41
749	0.462664	-8036.37
750	0.462664	-8025.96
751	0.462664	-8034.34
752	0.462664	-8035.36
753	0.462664	-8028.96
754	0.462664	-8027.24
755	0.462664	-8030.6
756	0.462664	-8028.43
757	0.462664	-8045.06
758	0.462664	-8036.59
759	0.462664	-8028.71
760	0.462664	-8032.31
761	0.462664	-8028.91
762	0.462664	-8035.66
763	0.462664	-8035.09
764	0.462664	-8018.81
765	0.462664	-8032.24
766	0.462664	-8030.93
767	0.462664	-8022.27
768	0.462664	-8026.68
769	0.462664	-8032.11
770	0.462664	-8022.69
771	0.462664	-8020.13
772	0.462664	-8040.4
773	0.462664	-8021.91
774	0.462664	-8022.7
775	0.462664	-8045.9
776	0.462664	-8027.29
777	0.462664	-8012.92
778	0.462664	-8017.13
779	0.462664	-8022.13
780	0.462664	-8017.22
781	0.462664	-8026.4
782	0.462664	-8016.35
783	0.462664	-8019.06
784	0.462664	-8018.78
785	0.462664	-8027.47
786	0.462664	-8017.51
787	0.462664	-8015.27
788	0.462664	-8025.28
789	0.462664	-8016.56
790	0.462664	-8017.43
791	0.462664	-8017.87
792	0.462664	-8015.44
793	0.462664	-8021.68
794	0.462664	-8027.68
795	0.462664	-8012.46
796	0.462664	-8035.04
797	0.462664	-8035.06
798	0.462664	-8034.99
799	0.462664	-8032.74
800	0.462664	-8017.16
801	0.462664	-8012.84
802	0.462664	-8016.34
803	0.462664	-8017.35
804	0.462664	-8019.25
805	0.462664	-8024.44
806	0.462664	-8023.76
807	0.462664	-8022.1
808	0.462664	-8026.66
809	0.462664	-8032.8
810	0.462664	-8041.2
811	0.462664	-8036.35
812	0.462664	-8028.53
813	0.462664	-8040.96
814	0.462664	-8017.58
815	0.462664	-8011.44
816	0.462664	-8019.15
817	0.462664	-8023.93
818	0.462664	-8035.08
819	0.462664	-8042.04
820	0.462664	-8040.9
821	0.462664	-8028.92
822	0.462664	-8036.15
823	0.462664	-8032.25
824	0.462664	-8018.52
825	0.462664	-8048.6
826	0.462664	-8036.32
827	0.462664	-8029.58
828	0.462664	-8014.41
829	0.462664	-8022.21
830	0.462664	-8033.51
831	0.462664	-8030.16
832	0.462664	-8028.01
833	0.462664	-8026.4
834	0.462664	-8024.29
835	0.462664	-8028.69
836	0.462664	-8036.55
837	0.462664	-8029.07
838	0.462664	-8036.25
839	0.462664	-8033.22
840	0.462664	-8036.31
841	0.462664	-8033.21
842	0.462664	-8029.27
843	0.462664	-8030.86
844	0.462664	-8027.68
845	0.462664	-8026.77
846	0.462664	-8041.95
847	0.462664	-8041.27
848	0.462664	-8035.94
849	0.462664	-8029.47
850	0.462664	-8025.64
851	0.462664	-8043.14
852	0.462664	-8036.79
853	0.462664	-8026.55
854	0.462664	-8026.94
855	0.462664	-8024.35
856	0.462664	-8027.44
857	0.462664	-8034.04
858	0.462664	-8024.06
859	0.462664	-8041.95
860	0.462664	-8039.39
861	0.462664	-8047.72
862	0.462664	-8035.14
863	0.462664	-8034.89
864	0.462664	-8033.28
865	0.462664	-8034.17
866	0.462664	-8033.03
867	0.462664	-8037.52
868	0.462664	-8026.76
869	0.462664	-8024.13
870	0.462664	-8027.36
871	0.462664	-8025.47
872	0.462664	-8032.33
873	0.462664	-8022.4
874	0.462664	-8016.59
875	0.462664	-8010.13
876	0.462664	-8031.24
877	0.462664	-8027.27
878	0.462664	-8028.01
879	0.462664	-8031.25
880	0.462664	-8019.62
881	0.462664	-8010.53
882	0.462664	-8038.34
883	0.462664	-8026
884	0.462664	-8035.96
885	0.462664	-8016.61
886	0.462664	-8020.49
887	0.462664	-8020.52
888	0.462664	-8029.82
889	0.462664	-8035.01
890	0.462664	-8030.8
891	0.462664	-8021.94
892	0.462664	-8031.32
893	0.462664	-8017.13
894	0.462664	-8021.85
895	0.462664	-8010.05
896	0.462664	-8010.66
897	0.462664	-8016.1
898	0.462664	-8022.3
899	0.462664	-8020.35
900	0.462664	-8036.15
901	0.462664	-8049.2
902	0.462664	-8035.21
903	0.462664	-8039.26
904	0.462664	-8033.42
905	0.462664	-8041.9
906	0.462664	-8027.69
907	0.462664	-8031.53
908	0.462664	-8028.37
909	0.462664	-8027.52
910	0.462664	-8032.04
911	0.462664	-8021.9
912	0.462664	-8009.82
913	0.462664	-8022.43
914	0.462664	-8016.01
915	0.462664	-8023.3
916	0.462664	-8020
917	0.462664	-8011.19
918	0.462664	-8017.98
919	0.462664	-8008.35
920	0.462664	-8014.59
921	0.462664	-8008.93
922	0.462664	-8008.79
923	0.462664	-8014.53
924	0.462664	-8013.71
925	0.462664	-8015.09
926	0.462664	-8016.46
927	0.462664	-8015.13
928	0.462664	-8019.95
929	0.462664	-8031.34
930	0.462664	-8021.66
931	0.462664	-8028.91
932	0.462664	-8019.03
933	0.462664	-8029.16
934	0.462664	-8035.9
935	0.462664	-8024.95
936	0.462664	-8028.66
937	0.462664	-8020.8
938	0.462664	-8025.12
939	0.462664	-8028.11
940	0.462664	-8015.47
941	0.462664	-8020.52
942	0.462664	-8015.3
943	0.462664	-8009.96
944	0.462664	-8017.72
945	0.462664	-8012.81
946	0.462664	-8014.57
947	0.462664	-8009.96
948	0.462664	-8017.39
949	0.462664	-8025.51
950	0.462664	-8024.27
951	0.462664	-8032.22
952	0.462664	-8021.05
953	0.462664	-8028.27
954	0.462664	-8033.78
955	0.462664	-8021.18
956	0.462664	-8023.55
957	0.462664	-8024.9
958	0.462664	-8024.86
959	0.462664	-8020.67
960	0.462664	-8032.99
961	0.462664	-8019.86
962	0.462664	-8022.25
963	0.462664	-8026.38
964	0.462664	-8030.55
965	0.462664	-8029.06
966	0.462664	-8022.94
967	0.462664	-8021.16
968	0.462664	-8026.83
969	0.462664	-8026.53
970	0.462664	-8029.61
971	0.462664	-8030.51
972	0.462664	-8016.37
973	0.462664	-8025.5
974	0.462664	-8025.2
975	0.462664	-8023.19
976	0.462664	-8037.38
977	0.462664	-8026.76
978	0.462664	-8023.55
979	0.462664	-8014.85
980	0.462664	-8024.77
981	0.462664	-8020.72
982	0.462664	-8016.56
983	0.462664	-8026.75
984	0.462664	-8042.12
985	0.462664	-8044.44
986	0.462664	-8026.7
987	0.462664	-8030.06
988	0.462664	-8021.74
989	0.462664	-8033.36
990	0.462664	-8018.03
991	0.462664	-8016.64
992	0.462664	-8025.56
993	0.462664	-8025.04
994	0.462664	-8026.97
995	0.462664	-8022.75
996	0.462664	-8029.98
997	0.462664	-8025.7
998	0.462664	-8030.79
999	0.462664	-8028.1
1000	0.462664	-8043.81
251	0.410146	-8058.96
252	0.410146	-8075.71
253	0.410146	-8031.15
254	0.410146	-8023.05
255	0.410146	-8023.81
256	0.410146	-8019.8
257	0.410146	-8027.98
258	0.410146	-8030.72
259	0.410146	-8012.29
260	0.410146	-8029.26
261	0.410146	-8049.02
262	0.410146	-8060.95
263	0.410146	-8042.83
264	0.410146	-8046.54
265	0.410146	-8049.17
266	0.410146	-8058.33
267	0.410146	-8048.81
268	0.410146	-8037.44
269	0.410146	-8032.14
270	0.410146	-8041.91
271	0.410146	-8046.71
272	0.410146	-8059.14
273	0.410146	-8050.94
274	0.410146	-8057.02
275	0.410146	-8044.72
276	0.410146	-8031.27
277	0.410146	-8032.79
278	0.410146	-8051.64
279	0.410146	-8043.62
280	0.410146	-8020.45
281	0.410146	-8027.73
282	0.410146	-8034.12
283	0.410146	-8029.42
284	0.410146	-8028.62
285	0.410146	-8046.83
286	0.410146	-8031.82
287	0.410146	-8043.74
288	0.410146	-8044.79
289	0.410146	-8032.83
290	0.410146	-8046.24
291	0.410146	-8039.16
292	0.410146	-8052.81
293	0.410146	-8032.87
294	0.410146	-8033.72
295	0.410146	-8031.23
296	0.410146	-8027.56
297	0.410146	-8018.86
298	0.410146	-8020.91
299	0.410146	-8022.86
300	0.410146	-8031.41
301	0.410146	-8027.87
302	0.410146	-8025.21
303	0.410146	-8017.21
304	0.410146	-8013.24
305	0.410146	-8028.75
306	0.410146	-8019.36
307	0.410146	-8010.9
308	0.410146	-8021.35
309	0.410146	-8047.34
310	0.410146	-8058.28
311	0.410146	-8036.21
312	0.410146	-8025.6
313	0.410146	-8029.75
314	0.410146	-8038.34
315	0.410146	-8033.03
316	0.410146	-8036.79
317	0.410146	-8029.07
318	0.410146	-8047.24
319	0.410146	-8047.24
320	0.410146	-8032.68
321	0.410146	-8036.09
322	0.410146	-8046.58
323	0.410146	-8038.14
324	0.410146	-8043.02
325	0.410146	-8042.29
326	0.410146	-8039.61
327	0.410146	-8038.84
328	0.410146	-8036.5
329	0.410146	-8020.75
330	0.410146	-8018.09
331	0.410146	-8023.02
332	0.410146	-8044.63
333	0.410146	-8035.76
334	0.410146	-8041.71
335	0.410146	-8025.21
336	0.410146	-8031.27
337	0.410146	-8031.31
338	0.410146	-8028.46
339	0.410146	-8025.91
340	0.410146	-8038.5
341	0.410146	-8039.08
342	0.410146	-8053.48
343	0.410146	-8041.17
344	0.410146	-8050.04
345	0.410146	-8031.45
346	0.410146	-8031.51
347	0.410146	-8036.24
348	0.410146	-8035.76
349	0.410146	-8021.63
350	0.410146	-8009.54
351	0.410146	-8027.14
352	0.410146	-8045.56
353	0.410146	-8028.87
354	0.410146	-8041.16
355	0.410146	-8035.62
356	0.410146	-8035.78
357	0.410146	-8028.97
358	0.410146	-8037.98
359	0.410146	-8022
360	0.410146	-8025.55
361	0.410146	-8032.3
362	0.410146	-8037.01
363	0.410146	-8050.46
364	0.410146	-8038.82
365	0.410146	-8034.58
366	0.410146	-8032.79
367	0.410146	-8042.1
368	0.410146	-8033.53
369	0.410146	-8032.86
370	0.410146	-8051.96
371	0.410146	-8049.5
372	0.410146	-8053.82
373	0.410146	-8053.55
374	0.410146	-8048.46
375	0.410146	-8037.53
376	0.410146	-8037.97
377	0.410146	-8042.56
378	0.410146	-8043.72
379	0.410146	-8041.94
380	0.410146	-8046.58
381	0.410146	-8027.03
382	0.410146	-8019.15
383	0.410146	-8023.24
384	0.410146	-8022.89
385	0.410146	-8028.48
386	0.410146	-8036.04
387	0.410146	-8034.24
388	0.410146	-8030.42
389	0.410146	-8035.94
390	0.410146	-8046.83
391	0.410146	-8046.41
392	0.410146	-8039.52
393	0.410146	-8039.87
394	0.410146	-8036.78
395	0.410146	-8041.39
396	0.410146	-8032.59
397	0.410146	-8019.26
398	0.410146	-8023.33
399	0.410146	-8020.75
400	0.410146	-8018.38
401	0.410146	-8014.39
402	0.410146	-8013.65
403	0.410146	-8030.97
404	0.410146	-8037.34
405	0.410146	-8052.92
406	0.410146	-8044.55
407	0.410146	-8042.39
408	0.410146	-8065.63
409	0.410146	-8035.73
410	0.410146	-8027.09
411	0.410146	-8030.57
412	0.410146	-8043.49
413	0.410146	-8040.29
414	0.410146	-8038.02
415	0.410146	-8036.02
416	0.410146	-8053.21
417	0.410146	-8046.98
418	0.410146	-8030.96
419	0.410146	-8030.32
420	0.410146	-8040.78
421	0.410146	-8045.81
422	0.410146	-8027.17
423	0.410146	-8029.78
424	0.410146	-8017.14
425	0.410146	-8018.97
426	0.410146	-8023.18
427	0.410146	-8023.3
428	0.410146	-8026.22
429	0.410146	-8038.72
430	0.410146	-8025.33
431	0.410146	-8025.9
432	0.410146	-8026.26
433	0.410146	-8019.99
434	0.410146	-8034.4
435	0.410146	-8019.33
436	0.410146	-8026.4
437	0.410146	-8028.86
438	0.410146	-8027.29
439	0.410146	-8027.08
440	0.410146	-8038.18
441	0.410146	-8025.86
442	0.410146	-8037.15
443	0.410146	-8029.96
444	0.410146	-8035.71
445	0.410146	-8030.06
446	0.410146	-8027.58
447	0.410146	-8037.9
448	0.410146	-8034.14
449	0.410146	-8037.65
450	0.410146	-8040.81
451	0.410146	-8057.58
452	0.410146	-8052.47
453	0.410146	-8039.31
454	0.410146	-8033.11
455	0.410146	-8015.07
456	0.410146	-8028.38
457	0.410146	-8037.8
458	0.410146	-8028.19
459	0.410146	-8030.54
460	0.410146	-8029.04
461	0.410146	-8031.9
462	0.410146	-8045.85
463	0.410146	-8037.35
464	0.410146	-8053.04
465	0.410146	-8063.47
466	0.410146	-8055.13
467	0.410146	-8049.68
468	0.410146	-8045.91
469	0.410146	-8036
470	0.410146	-8042.03
471	0.410146	-8025.02
472	0.410146	-8036.42
473	0.410146	-8037.43
474	0.410146	-8045.02
475	0.410146	-8046.37
476	0.410146	-8021
477	0.410146	-8010.4
478	0.410146	-8014.77
479	0.410146	-8014.25
480	0.410146	-8022.79
481	0.410146	-8046.8
482	0.410146	-8047.68
483	0.410146	-8044.83
484	0.410146	-8035.81
485	0.410146	-8027.5
486	0.410146	-8027.51
487	0.410146	-8029.61
488	0.410146	-8023.37
489	0.410146	-8024.52
490	0.410146	-8028.54
491	0.410146	-8037.28
492	0.410146	-8014.72
493	0.410146	-8025.75
494	0.410146	-8029.35
495	0.410146	-8029.3
496	0.410146	-8024.11
497	0.410146	-8030.96
498	0.410146	-8038.7
499	0.410146	-8043.27
500	0.410146	-8036.37
501	0.410146	-8040.6
502	0.410146	-8040.23
503	0.410146	-8033.35
504	0.410146	-8032.77
505	0.410146	-8049.98
506	0.410146	-8033.8
507	0.410146	-8032.53
508	0.410146	-8031.82
509	0.410146	-8043.57
510	0.410146	-8041.37
511	0.410146	-8037.58
512	0.410146	-8042.16
513	0.410146	-8038.61
514	0.410146	-8037.99
515	0.410146	-8045.84
516	0.410146	-8035.74
517	0.410146	-8023.04
518	0.410146	-8030.49
519	0.410146	-8034.59
520	0.410146	-8025.97
521	0.410146	-8025.48
522	0.410146	-8020.75
523	0.410146	-8039.28
524	0.410146	-8029.51
525	0.410146	-8041.52
526	0.410146	-8037.78
527	0.410146	-8051.72
528	0.410146	-8037.12
529	0.410146	-8051.55
530	0.410146	-8033.88
531	0.410146	-8030.04
532	0.410146	-8031.22
533	0.410146	-8037.69
534	0.410146	-8035.42
535	0.410146	-8038.59
536	0.410146	-8038.36
537	0.410146	-8020.45
538	0.410146	-8025.99
539	0.410146	-8024.54
540	0.410146	-8014.81
541	0.410146	-8016.69
542	0.410146	-8020.27
543	0.410146	-8017.09
544	0.410146	-8015.85
545	0.410146	-8024.42
546	0.410146	-8024.15
547	0.410146	-8037.56
548	0.410146	-8029.89
549	0.410146	-8041.95
550	0.410146	-8033.39
551	0.410146	-8032.37
552	0.410146	-8043.17
553	0.410146	-8022.58
554	0.410146	-8023.64
555	0.410146	-8014.74
556	0.410146	-8032.03
557	0.410146	-8026.28
558	0.410146	-8033.08
559	0.410146	-8042.26
560	0.410146	-8046.05
561	0.410146	-8040.64
562	0.410146	-8036.71
563	0.410146	-8036.81
564	0.410146	-8037.37
565	0.410146	-8035.55
566	0.410146	-8030.9
567	0.410146	-8038
568	0.410146	-8041.87
569	0.410146	-8024.56
570	0.410146	-8044.46
571	0.410146	-8044.8
572	0.410146	-8025.71
573	0.410146	-8017.99
574	0.410146	-8028.79
575	0.410146	-8028.2
576	0.410146	-8029.44
577	0.410146	-8035.91
578	0.410146	-8025.17
579	0.410146	-8035.19
580	0.410146	-8029.44
581	0.410146	-8042.8
582	0.410146	-8043.05
583	0.410146	-8044.85
584	0.410146	-8038.95
585	0.410146	-8040.45
586	0.410146	-8032.19
587	0.410146	-8038.44
588	0.410146	-8031.6
589	0.410146	-8037.84
590	0.410146	-8019.38
591	0.410146	-8023.36
592	0.410146	-8024.49
593	0.410146	-8014.85
594	0.410146	-8024.7
595	0.410146	-8031.91
596	0.410146	-8041.87
597	0.410146	-8029.68
598	0.410146	-8029.26
599	0.410146	-8033.99
600	0.410146	-8020.81
601	0.410146	-8021.3
602	0.410146	-8036.97
603	0.410146	-8046.22
604	0.410146	-8046.07
605	0.410146	-8048.24
606	0.410146	-8032.01
607	0.410146	-8057.05
608	0.410146	-8035.53
609	0.410146	-8023.22
610	0.410146	-8046.25
611	0.410146	-8044.5
612	0.410146	-8042.69
613	0.410146	-8055.8
614	0.410146	-8061.57
615	0.410146	-8028.01
616	0.410146	-8026.79
617	0.410146	-8032.37
618	0.410146	-8042.96
619	0.410146	-8034.27
620	0.410146	-8033.76
621	0.410146	-8018.55
622	0.410146	-8038.62
623	0.410146	-8032.19
624	0.410146	-8024.51
625	0.410146	-8021
626	0.410146	-8011.59
627	0.410146	-8009.24
628	0.410146	-8013.86
629	0.410146	-8019.47
630	0.410146	-8023.55
631	0.410146	-8034.5
632	0.410146	-8026.94
633	0.410146	-8034.04
634	0.410146	-8033.48
635	0.410146	-8026.23
636	0.410146	-8011.59
637	0.410146	-8018.57
638	0.410146	-8039.46
639	0.410146	-8053.08
640	0.410146	-8047.03
641	0.410146	-8042.73
642	0.410146	-8046.44
643	0.410146	-8028.33
644	0.410146	-8032.44
645	0.410146	-8031.56
646	0.410146	-8016.79
647	0.410146	-8032.28
648	0.410146	-8036.98
649	0.410146	-8041.96
650	0.410146	-8032.46
651	0.410146	-8026.03
652	0.410146	-8035.37
653	0.410146	-8032.12
654	0.410146	-8023.54
655	0.410146	-8044.88
656	0.410146	-8049.93
657	0.410146	-8059.62
658	0.410146	-8032.38
659	0.410146	-8039.61
660	0.410146	-8036.08
661	0.410146	-8022.48
662	0.410146	-8018.22
663	0.410146	-8022.54
664	0.410146	-8028.4
665	0.410146	-8022.12
666	0.410146	-8026.82
667	0.410146	-8032.82
668	0.410146	-8035.76
669	0.410146	-8018.44
670	0.410146	-8028.05
671	0.410146	-8033.14
672	0.410146	-8037.83
673	0.410146	-8050.11
674	0.410146	-8050.45
675	0.410146	-8059.02
676	0.410146	-8023.37
677	0.410146	-8029.05
678	0.410146	-8040
679	0.410146	-8027.21
680	0.410146	-8026.79
681	0.410146	-8036.67
682	0.410146	-8043.69
683	0.410146	-8045.2
684	0.410146	-8032.91
685	0.410146	-8025.4
686	0.410146	-8019.45
687	0.410146	-8029.48
688	0.410146	-8016.46
689	0.410146	-8014.62
690	0.410146	-8013.09
691	0.410146	-8015.34
692	0.410146	-8026.77
693	0.410146	-8018.42
694	0.410146	-8026.39
695	0.410146	-8041.94
696	0.410146	-8038.61
697	0.410146	-8050.32
698	0.410146	-8042.95
699	0.410146	-8034.27
700	0.410146	-8031.14
701	0.410146	-8025.83
702	0.410146	-8036.89
703	0.410146	-8042.05
704	0.410146	-8031.79
705	0.410146	-8047.13
706	0.410146	-8033.55
707	0.410146	-8038.46
708	0.410146	-8044.78
709	0.410146	-8034.25
710	0.410146	-8035.32
711	0.410146	-8057.54
712	0.410146	-8053.76
713	0.410146	-8057.13
714	0.410146	-8048.57
715	0.410146	-8057.12
716	0.410146	-8057.09
717	0.410146	-8068.94
718	0.410146	-8046.95
719	0.410146	-8032.27
720	0.410146	-8033.83
721	0.410146	-8039.1
722	0.410146	-8035.65
723	0.410146	-8027.41
724	0.410146	-8031.76
725	0.410146	-8023.12
726	0.410146	-8023.54
727	0.410146	-8025.16
728	0.410146	-8026.94
729	0.410146	-8023.83
730	0.410146	-8049.23
731	0.410146	-8042.22
732	0.410146	-8051.03
733	0.410146	-8036.76
734	0.410146	-8031.91
735	0.410146	-8033.8
736	0.410146	-8019.95
737	0.410146	-8033.5
738	0.410146	-8023.95
739	0.410146	-8019.57
740	0.410146	-8032.98
741	0.410146	-8026.22
742	0.410146	-8012.45
743	0.410146	-8035.41
744	0.410146	-8023.45
745	0.410146	-8027.49
746	0.410146	-8023.12
747	0.410146	-8025.32
748	0.410146	-8062.6
749	0.410146	-8034.57
750	0.410146	-8037.39
751	0.410146	-8031.26
752	0.410146	-8040.66
753	0.410146	-8047.99
754	0.410146	-8043.89
755	0.410146	-8034.83
756	0.410146	-8019.71
757	0.410146	-8025.77
758	0.410146	-8021.83
759	0.410146	-8028.26
760	0.410146	-8030.54
761	0.410146	-8025.02
762	0.410146	-8015.32
763	0.410146	-8027.73
764	0.410146	-8029.64
765	0.410146	-8040.82
766	0.410146	-8041.22
767	0.410146	-8038.45
768	0.410146	-8030.9
769	0.410146	-8024.01
770	0.410146	-8024.83
771	0.410146	-8036.39
772	0.410146	-8030.03
773	0.410146	-8029.91
774	0.410146	-8021.12
775	0.410146	-8003.33
776	0.410146	-8017.92
777	0.410146	-8028.32
778	0.410146	-8029.19
779	0.410146	-8036.89
780	0.410146	-8025.28
781	0.410146	-8022.12
782	0.410146	-8034.05
783	0.410146	-8022.93
784	0.410146	-8014.91
785	0.410146	-8022.27
786	0.410146	-8031.5
787	0.410146	-8054
788	0.410146	-8027.88
789	0.410146	-8038.9
790	0.410146	-8028.2
791	0.410146	-8028.11
792	0.410146	-8026.33
793	0.410146	-8039.72
794	0.410146	-8049.79
795	0.410146	-8068.83
796	0.410146	-8048.79
797	0.410146	-8042.49
798	0.410146	-8057.19
799	0.410146	-8041.24
800	0.410146	-8029.54
801	0.410146	-8025.42
802	0.410146	-8029.49
803	0.410146	-8018.06
804	0.410146	-8027.65
805	0.410146	-8036.86
806	0.410146	-8054
807	0.410146	-8039.42
808	0.410146	-8039.58
809	0.410146	-8039.92
810	0.410146	-8037.9
811	0.410146	-8055.89
812	0.410146	-8055.54
813	0.410146	-8042.84
814	0.410146	-8048.76
815	0.410146	-8040.06
816	0.410146	-8029.9
817	0.410146	-8020.28
818	0.410146	-8029.11
819	0.410146	-8016.61
820	0.410146	-8019.41
821	0.410146	-8032.96
822	0.410146	-8032.09
823	0.410146	-8024.25
824	0.410146	-8029.4
825	0.410146	-8025.38
826	0.410146	-8018.97
827	0.410146	-8014.68
828	0.410146	-8005.32
829	0.410146	-8010.24
830	0.410146	-8008.53
831	0.410146	-8025.94
832	0.410146	-8015.79
833	0.410146	-8017.78
834	0.410146	-8033.97
835	0.410146	-8044.02
836	0.410146	-8054.84
837	0.410146	-8046.76
838	0.410146	-8034.68
839	0.410146	-8035.67
840	0.410146	-8035.65
841	0.410146	-8031.45
842	0.410146	-8023.28
843	0.410146	-8022.08
844	0.410146	-8016.34
845	0.410146	-8033.01
846	0.410146	-8019.89
847	0.410146	-8023.95
848	0.410146	-8022.74
849	0.410146	-8029.2
850	0.410146	-8029.09
851	0.410146	-8039.89
852	0.410146	-8031.69
853	0.410146	-8038.46
854	0.410146	-8027.23
855	0.410146	-8022.28
856	0.410146	-8014.9
857	0.410146	-8033.51
858	0.410146	-8026.63
859	0.410146	-8028.75
860	0.410146	-8025.37
861	0.410146	-8026.95
862	0.410146	-8021.42
863	0.410146	-8026.66
864	0.410146	-8015.69
865	0.410146	-8031.54
866	0.410146	-8032.45
867	0.410146	-8027.57
868	0.410146	-8032.84
869	0.410146	-8025.26
870	0.410146	-8011.58
871	0.410146	-8012.05
872	0.410146	-8028.54
873	0.410146	-8017.77
874	0.410146	-8029.83
875	0.410146	-8042.02
876	0.410146	-8025.37
877	0.410146	-8035.07
878	0.410146	-8018.57
879	0.410146	-8031.88
880	0.410146	-8023.79
881	0.410146	-8024.73
882	0.410146	-8024.22
883	0.410146	-8023.51
884	0.410146	-8044.27
885	0.410146	-8032.03
886	0.410146	-8037.39
887	0.410146	-8047.52
888	0.410146	-8043.04
889	0.410146	-8035.93
890	0.410146	-8021.11
891	0.410146	-8038.26
892	0.410146	-8025.9
893	0.410146	-8034.94
894	0.410146	-8028.03
895	0.410146	-8038.87
896	0.410146	-8021.1
897	0.410146	-8014.1
898	0.410146	-8017.82
899	0.410146	-8015.56
900	0.410146	-8016.1
901	0.410146	-8017.19
902	0.410146	-8025.8
903	0.410146	-8018.72
904	0.410146	-8021.2
905	0.410146	-8041.64
906	0.410146	-8034.01
907	0.410146	-8023.9
908	0.410146	-8029.13
909	0.410146	-8033.93
910	0.410146	-8029.88
911	0.410146	-8020.4
912	0.410146	-8030.67
913	0.410146	-8031.99
914	0.410146	-8020.67
915	0.410146	-8033.32
916	0.410146	-8028.43
917	0.410146	-8021.72
918	0.410146	-8021.15
919	0.410146	-8034.8
920	0.410146	-8037.33
921	0.410146	-8065.44
922	0.410146	-8052.58
923	0.410146	-8030.7
924	0.410146	-8041.08
925	0.410146	-8038.82
926	0.410146	-8047.89
927	0.410146	-8037.54
928	0.410146	-8041.4
929	0.410146	-8022.17
930	0.410146	-8030.27
931	0.410146	-8013.42
932	0.410146	-8024.11
933	0.410146	-8015.59
934	0.410146	-8014.44
935	0.410146	-8019.11
936	0.410146	-8031.55
937	0.410146	-8028.87
938	0.410146	-8034.05
939	0.410146	-8033.25
940	0.410146	-8033.63
941	0.410146	-8034.25
942	0.410146	-8027.42
943	0.410146	-8043.46
944	0.410146	-8041.36
945	0.410146	-8030.11
946	0.410146	-8025.36
947	0.410146	-8018.93
948	0.410146	-8042.74
949	0.410146	-8038.74
950	0.410146	-8037.79
951	0.410146	-8037.06
952	0.410146	-8048.19
953	0.410146	-8043.44
954	0.410146	-8045.11
955	0.410146	-8008.04
956	0.410146	-8019.98
957	0.410146	-8015.76
958	0.410146	-8015.21
959	0.410146	-8024.66
960	0.410146	-8011.71
961	0.410146	-8023.24
962	0.410146	-8042.18
963	0.410146	-8025.14
964	0.410146	-8016.7
965	0.410146	-8023.08
966	0.410146	-8035.89
967	0.410146	-8028.17
968	0.410146	-8024.09
969	0.410146	-8038.38
970	0.410146	-8029.92
971	0.410146	-8016.43
972	0.410146	-8022.81
973	0.410146	-8020.33
974	0.410146	-8039.21
975	0.410146	-8018.1
976	0.410146	-8016.06
977	0.410146	-8015.51
978	0.410146	-8013.43
979	0.410146	-8020.65
980	0.410146	-8026.23
981	0.410146	-8013.53
982	0.410146	-8022.37
983	0.410146	-8020.09
984	0.410146	-8027.41
985	0.410146	-8046.54
986	0.410146	-8037.19
987	0.410146	-8034.37
988	0.410146	-8031.03
989	0.410146	-8022.94
990	0.410146	-8020.36
991	0.410146	-8029.8
992	0.410146	-8052.83
993	0.410146	-8031.97
994	0.410146	-8032.38
995	0.410146	-8030.65
996	0.410146	-8025.81
997	0.410146	-8044.42
998	0.410146	-8039.1
999	0.410146	-8024.8
1000	0.410146	-8037.98
251	0.36251	-8051.21
252	0.36251	-8041
253	0.36251	-8029.18
254	0.36251	-8026.01
255	0.36251	-8033.1
256	0.36251	-8048.2
257	0.36251	-8058.72
258	0.36251	-8038.07
259	0.36251	-8026.26
260	0.36251	-8033.09
261	0.36251	-8033.13
262	0.36251	-8034.92
263	0.36251	-8017.16
264	0.36251	-8022.47
265	0.36251	-8028.8
266	0.36251	-8025.61
267	0.36251	-8040.31
268	0.36251	-8026.15
269	0.36251	-8030.35
270	0.36251	-8046.69
271	0.36251	-8051.5
272	0.36251	-8032.45
273	0.36251	-8029.88
274	0.36251	-8025.32
275	0.36251	-8041.16
276	0.36251	-8029.31
277	0.36251	-8022.37
278	0.36251	-8025.3
279	0.36251	-8030.92
280	0.36251	-8051.74
281	0.36251	-8049.23
282	0.36251	-8034
283	0.36251	-8030.99
284	0.36251	-8049.13
285	0.36251	-8048.78
286	0.36251	-8038.04
287	0.36251	-8039.58
288	0.36251	-8024.82
289	0.36251	-8026.59
290	0.36251	-8023.59
291	0.36251	-8037.43
292	0.36251	-8039.43
293	0.36251	-8050.54
294	0.36251	-8060.42
295	0.36251	-8064.93
296	0.36251	-8056.65
297	0.36251	-8056.78
298	0.36251	-8050.99
299	0.36251	-8050.9
300	0.36251	-8055.68
301	0.36251	-8057.3
302	0.36251	-8043.27
303	0.36251	-8059.25
304	0.36251	-8055.87
305	0.36251	-8042.14
306	0.36251	-8040.28
307	0.36251	-8028.42
308	0.36251	-8026.3
309	0.36251	-8053.83
310	0.36251	-8046.89
311	0.36251	-8041.36
312	0.36251	-8048.87
313	0.36251	-8047.87
314	0.36251	-8045.75
315	0.36251	-8031.62
316	0.36251	-8052.23
317	0.36251	-8059.87
318	0.36251	-8057.88
319	0.36251	-8048.32
320	0.36251	-8050.44
321	0.36251	-8053.62
322	0.36251	-8029.73
323	0.36251	-8048.21
324	0.36251	-8063.47
325	0.36251	-8035.15
326	0.36251	-8018.75
327	0.36251	-8043.9
328	0.36251	-8044.17
329	0.36251	-8042.5
330	0.36251	-8026.77
331	0.36251	-8027.02
332	0.36251	-8035.54
333	0.36251	-8026.83
334	0.36251	-8028.61
335	0.36251	-8041.96
336	0.36251	-8040.18
337	0.36251	-8035.72
338	0.36251	-8030.39
339	0.36251	-8040.47
340	0.36251	-8034.07
341	0.36251	-8029.78
342	0.36251	-8033.59
343	0.36251	-8025.12
344	0.36251	-8028.88
345	0.36251	-8051.84
346	0.36251	-8049.88
347	0.36251	-8060.61
348	0.36251	-8047.52
349	0.36251	-8028.98
350	0.36251	-8048.75
351	0.36251	-8045.58
352	0.36251	-8063.62
353	0.36251	-8042.97
354	0.36251	-8064.21
355	0.36251	-8044.33
356	0.36251	-8038.33
357	0.36251	-8038.38
358	0.36251	-8046.04
359	0.36251	-8050.66
360	0.36251	-8057.91
361	0.36251	-8057.02
362	0.36251	-8059.96
363	0.36251	-8053.5
364	0.36251	-8025.85
365	0.36251	-8037.85
366	0.36251	-8028.89
367	0.36251	-8020.14
368	0.36251	-8029.82
369	0.36251	-8027.48
370	0.36251	-8028.92
371	0.36251	-8014.58
372	0.36251	-8011.76
373	0.36251	-8016.04
374	0.36251	-8027.51
375	0.36251	-8009.51
376	0.36251	-8034.91
377	0.36251	-8041.31
378	0.36251	-8027.51
379	0.36251	-8022.85
380	0.36251	-8014.65
381	0.36251	-8021.1
382	0.36251	-8025.07
383	0.36251	-8023.18
384	0.36251	-8026.83
385	0.36251	-8032.29
386	0.36251	-8027.14
387	0.36251	-8056.71
388	0.36251	-8065.5
389	0.36251	-8068.25
390	0.36251	-8045.96
391	0.36251	-8057.2
392	0.36251	-8062.41
393	0.36251	-8066.33
394	0.36251	-8039.79
395	0.36251	-8049.18
396	0.36251	-8036.67
397	0.36251	-8056.37
398	0.36251	-8035.89
399	0.36251	-8036.32
400	0.36251	-8025.43
401	0.36251	-8040.35
402	0.36251	-8042.73
403	0.36251	-8028.29
404	0.36251	-8028.6
405	0.36251	-8031.21
406	0.36251	-8026.23
407	0.36251	-8010.72
408	0.36251	-8022.65
409	0.36251	-8038.25
410	0.36251	-8025.9
411	0.36251	-8042.7
412	0.36251	-8049.21
413	0.36251	-8035.16
414	0.36251	-8031.44
415	0.36251	-8040.25
416	0.36251	-8046.99
417	0.36251	-8045.87
418	0.36251	-8039.82
419	0.36251	-8042.52
420	0.36251	-8043.7
421	0.36251	-8036.41
422	0.36251	-8032.17
423	0.36251	-8029.73
424	0.36251	-8021.77
425	0.36251	-8025.41
426	0.36251	-8033.45
427	0.36251	-8019.32
428	0.36251	-8039.63
429	0.36251	-8063.15
430	0.36251	-8037.4
431	0.36251	-8038.91
432	0.36251	-8050.8
433	0.36251	-8044.56
434	0.36251	-8052.88
435	0.36251	-8042.82
436	0.36251	-8034.71
437	0.36251	-8050.59
438	0.36251	-8036.13
439	0.36251	-8037.3
440	0.36251	-8035.05
441	0.36251	-8045.18
442	0.36251	-8036.54
443	0.36251	-8025.19
444	0.36251	-8028.9
445	0.36251	-8028.19
446	0.36251	-8037.59
447	0.36251	-8029.45
448	0.36251	-8033.33
449	0.36251	-8035.39
450	0.36251	-8034.57
451	0.36251	-8020.42
452	0.36251	-8013.41
453	0.36251	-8027.8
454	0.36251	-8043.65
455	0.36251	-8037.72
456	0.36251	-8055.09
457	0.36251	-8028.02
458	0.36251	-8030.92
459	0.36251	-8038.23
460	0.36251	-8039.71
461	0.36251	-8051.73
462	0.36251	-8049.5
463	0.36251	-8046.83
464	0.36251	-8045.74
465	0.36251	-8024.3
466	0.36251	-8040.96
467	0.36251	-8041.27
468	0.36251	-8027.38
469	0.36251	-8046.53
470	0.36251	-8029.29
471	0.36251	-8025.57
472	0.36251	-8025.38
473	0.36251	-8035.61
474	0.36251	-8046.67
475	0.36251	-8040.89
476	0.36251	-8048.18
477	0.36251	-8053.91
478	0.36251	-8042.72
479	0.36251	-8034.45
480	0.36251	-8028.69
481	0.36251	-8033.25
482	0.36251	-8055.83
483	0.36251	-8055.28
484	0.36251	-8045.33
485	0.36251	-8044.79
486	0.36251	-8038.79
487	0.36251	-8047.45
488	0.36251	-8054.99
489	0.36251	-8036.33
490	0.36251	-8051.74
491	0.36251	-8041.5
492	0.36251	-8038.92
493	0.36251	-8054.84
494	0.36251	-8033.07
495	0.36251	-8053.26
496	0.36251	-8035.42
497	0.36251	-8029.46
498	0.36251	-8031.25
499	0.36251	-8046.55
500	0.36251	-8070.66
501	0.36251	-8049.29
502	0.36251	-8049.86
503	0.36251	-8042.27
504	0.36251	-8044.39
505	0.36251	-8044.23
506	0.36251	-8048.06
507	0.36251	-8057.86
508	0.36251	-8060.43
509	0.36251	-8076.57
510	0.36251	-8041.3
511	0.36251	-8041.12
512	0.36251	-8066.19
513	0.36251	-8058.79
514	0.36251	-8051.6
515	0.36251	-8050.63
516	0.36251	-8040.67
517	0.36251	-8028.53
518	0.36251	-8032.32
519	0.36251	-8032.85
520	0.36251	-8023.49
521	0.36251	-8040.7
522	0.36251	-8031.93
523	0.36251	-8030.39
524	0.36251	-8032.53
525	0.36251	-8024.4
526	0.36251	-8033.51
527	0.36251	-8059.78
528	0.36251	-8051.63
529	0.36251	-8061.8
530	0.36251	-8064.72
531	0.36251	-8052.57
532	0.36251	-8041.99
533	0.36251	-8053.51
534	0.36251	-8041.71
535	0.36251	-8045.99
536	0.36251	-8036.54
537	0.36251	-8023.83
538	0.36251	-8029.57
539	0.36251	-8042.5
540	0.36251	-8046.39
541	0.36251	-8043.21
542	0.36251	-8033.88
543	0.36251	-8033.18
544	0.36251	-8034.21
545	0.36251	-8044.27
546	0.36251	-8041.7
547	0.36251	-8043.81
548	0.36251	-8050.7
549	0.36251	-8035.32
550	0.36251	-8045.73
551	0.36251	-8037.49
552	0.36251	-8032.19
553	0.36251	-8039.42
554	0.36251	-8042.09
555	0.36251	-8039.22
556	0.36251	-8059.98
557	0.36251	-8070.3
558	0.36251	-8036.65
559	0.36251	-8048.56
560	0.36251	-8033.15
561	0.36251	-8039.75
562	0.36251	-8039
563	0.36251	-8034.72
564	0.36251	-8038.53
565	0.36251	-8044.44
566	0.36251	-8039.93
567	0.36251	-8056.82
568	0.36251	-8030.44
569	0.36251	-8043.71
570	0.36251	-8049.97
571	0.36251	-8063.56
572	0.36251	-8031.52
573	0.36251	-8047.1
574	0.36251	-8020.7
575	0.36251	-8032.19
576	0.36251	-8048.68
577	0.36251	-8040.42
578	0.36251	-8035.08
579	0.36251	-8040.94
580	0.36251	-8040.22
581	0.36251	-8043.17
582	0.36251	-8043.79
583	0.36251	-8039.94
584	0.36251	-8039.18
585	0.36251	-8042.11
586	0.36251	-8045.73
587	0.36251	-8060.05
588	0.36251	-8050.01
589	0.36251	-8034.94
590	0.36251	-8042.85
591	0.36251	-8026.15
592	0.36251	-8060.73
593	0.36251	-8052.36
594	0.36251	-8032.37
595	0.36251	-8038.41
596	0.36251	-8058.93
597	0.36251	-8045.05
598	0.36251	-8042.74
599	0.36251	-8046.28
600	0.36251	-8037.32
601	0.36251	-8042.29
602	0.36251	-8031.05
603	0.36251	-8031.26
604	0.36251	-8047.61
605	0.36251	-8046.09
606	0.36251	-8031.82
607	0.36251	-8026.37
608	0.36251	-8025.52
609	0.36251	-8022.81
610	0.36251	-8025.19
611	0.36251	-8020.84
612	0.36251	-8014.16
613	0.36251	-8035.21
614	0.36251	-8049.12
615	0.36251	-8028.31
616	0.36251	-8034.43
617	0.36251	-8048.1
618	0.36251	-8047.95
619	0.36251	-8053.7
620	0.36251	-8058.3
621	0.36251	-8057.29
622	0.36251	-8057.52
623	0.36251	-8059.47
624	0.36251	-8030.7
625	0.36251	-8047.77
626	0.36251	-8040.79
627	0.36251	-8067.79
628	0.36251	-8044.01
629	0.36251	-8049.16
630	0.36251	-8050.33
631	0.36251	-8050.17
632	0.36251	-8053.38
633	0.36251	-8040.28
634	0.36251	-8033.86
635	0.36251	-8042.92
636	0.36251	-8027.14
637	0.36251	-8025.36
638	0.36251	-8023.75
639	0.36251	-8036.5
640	0.36251	-8031.89
641	0.36251	-8039.43
642	0.36251	-8030.17
643	0.36251	-8032.86
644	0.36251	-8045.36
645	0.36251	-8038.36
646	0.36251	-8044.9
647	0.36251	-8033.14
648	0.36251	-8062.98
649	0.36251	-8057.27
650	0.36251	-8065.07
651	0.36251	-8035.95
652	0.36251	-8047.33
653	0.36251	-8036.94
654	0.36251	-8046.31
655	0.36251	-8035.85
656	0.36251	-8044.25
657	0.36251	-8034.9
658	0.36251	-8033.89
659	0.36251	-8034.84
660	0.36251	-8033.46
661	0.36251	-8031.7
662	0.36251	-8042.97
663	0.36251	-8026.38
664	0.36251	-8034.43
665	0.36251	-8030.49
666	0.36251	-8020.01
667	0.36251	-8019.97
668	0.36251	-8026.93
669	0.36251	-8030.74
670	0.36251	-8027.84
671	0.36251	-8036.86
672	0.36251	-8029.12
673	0.36251	-8040.79
674	0.36251	-8047.92
675	0.36251	-8058.71
676	0.36251	-8043.54
677	0.36251	-8044.42
678	0.36251	-8051.13
679	0.36251	-8048.19
680	0.36251	-8058.5
681	0.36251	-8045.22
682	0.36251	-8057.35
683	0.36251	-8073.28
684	0.36251	-8069.6
685	0.36251	-8067.11
686	0.36251	-8043.05
687	0.36251	-8030.79
688	0.36251	-8036.68
689	0.36251	-8045.9
690	0.36251	-8043.3
691	0.36251	-8044.89
692	0.36251	-8045.47
693	0.36251	-8028.58
694	0.36251	-8020.27
695	0.36251	-8040.59
696	0.36251	-8048.13
697	0.36251	-8041.11
698	0.36251	-8036.92
699	0.36251	-8037.02
700	0.36251	-8030.28
701	0.36251	-8038.9
702	0.36251	-8025.69
703	0.36251	-8022.58
704	0.36251	-8043.67
705	0.36251	-8048.02
706	0.36251	-8037.41
707	0.36251	-8043.11
708	0.36251	-8055.31
709	0.36251	-8045.7
710	0.36251	-8033.58
711	0.36251	-8044.08
712	0.36251	-8031.55
713	0.36251	-8019.11
714	0.36251	-8018.46
715	0.36251	-8029.67
716	0.36251	-8018.13
717	0.36251	-8006.34
718	0.36251	-8016.28
719	0.36251	-8015.96
720	0.36251	-8023.61
721	0.36251	-8032.08
722	0.36251	-8051.77
723	0.36251	-8031.42
724	0.36251	-8043.37
725	0.36251	-8024.11
726	0.36251	-8042.24
727	0.36251	-8039.67
728	0.36251	-8037.81
729	0.36251	-8043.57
730	0.36251	-8054.03
731	0.36251	-8054.92
732	0.36251	-8056.04
733	0.36251	-8044.71
734	0.36251	-8047.63
735	0.36251	-8066.07
736	0.36251	-8070.82
737	0.36251	-8053.81
738	0.36251	-8035.27
739	0.36251	-8023.47
740	0.36251	-8020.01
741	0.36251	-8033.72
742	0.36251	-8035.63
743	0.36251	-8032.43
744	0.36251	-8039.26
745	0.36251	-8049.1
746	0.36251	-8036.47
747	0.36251	-8045.94
748	0.36251	-8047.64
749	0.36251	-8051.14
750	0.36251	-8068.51
751	0.36251	-8054.9
752	0.36251	-8049.72
753	0.36251	-8055.79
754	0.36251	-8055.76
755	0.36251	-8047.95
756	0.36251	-8058.79
757	0.36251	-8053.9
758	0.36251	-8043.81
759	0.36251	-8025.65
760	0.36251	-8033.99
761	0.36251	-8031.91
762	0.36251	-8034.24
763	0.36251	-8046.23
764	0.36251	-8040.22
765	0.36251	-8032.2
766	0.36251	-8031.18
767	0.36251	-8025.67
768	0.36251	-8017.41
769	0.36251	-8034.55
770	0.36251	-8040.85
771	0.36251	-8055.79
772	0.36251	-8039.71
773	0.36251	-8059.45
774	0.36251	-8052.71
775	0.36251	-8050.95
776	0.36251	-8042.24
777	0.36251	-8044.91
778	0.36251	-8042.73
779	0.36251	-8055.7
780	0.36251	-8053.79
781	0.36251	-8052.73
782	0.36251	-8054.58
783	0.36251	-8036.63
784	0.36251	-8032.73
785	0.36251	-8040.93
786	0.36251	-8043.96
787	0.36251	-8040.52
788	0.36251	-8033.31
789	0.36251	-8053.69
790	0.36251	-8057.28
791	0.36251	-8059.86
792	0.36251	-8052.93
793	0.36251	-8042.13
794	0.36251	-8050.64
795	0.36251	-8050.27
796	0.36251	-8038.48
797	0.36251	-8049.63
798	0.36251	-8055.03
799	0.36251	-8050.91
800	0.36251	-8066.77
801	0.36251	-8034
802	0.36251	-8038.19
803	0.36251	-8034.04
804	0.36251	-8036.1
805	0.36251	-8028.02
806	0.36251	-8017.73
807	0.36251	-8022.11
808	0.36251	-8016.71
809	0.36251	-8027.62
810	0.36251	-8036.01
811	0.36251	-8028.92
812	0.36251	-8030.22
813	0.36251	-8031.7
814	0.36251	-8037.73
815	0.36251	-8026.6
816	0.36251	-8039.99
817	0.36251	-8038.16
818	0.36251	-8051.21
819	0.36251	-8057.11
820	0.36251	-8048.53
821	0.36251	-8035.45
822	0.36251	-8042.88
823	0.36251	-8032.1
824	0.36251	-8039.35
825	0.36251	-8037
826	0.36251	-8030.17
827	0.36251	-8045.05
828	0.36251	-8032.18
829	0.36251	-8022.62
830	0.36251	-8025.07
831	0.36251	-8020.15
832	0.36251	-8017.7
833	0.36251	-8031.61
834	0.36251	-8030
835	0.36251	-8022.73
836	0.36251	-8043.47
837	0.36251	-8044.57
838	0.36251	-8063.83
839	0.36251	-8057.31
840	0.36251	-8044.1
841	0.36251	-8037.51
842	0.36251	-8059.51
843	0.36251	-8049.97
844	0.36251	-8035.21
845	0.36251	-8041.12
846	0.36251	-8044.85
847	0.36251	-8042.73
848	0.36251	-8045.23
849	0.36251	-8046.11
850	0.36251	-8044.69
851	0.36251	-8039.7
852	0.36251	-8038.59
853	0.36251	-8036.54
854	0.36251	-8028.74
855	0.36251	-8031.51
856	0.36251	-8037.35
857	0.36251	-8047.95
858	0.36251	-8051.15
859	0.36251	-8076.05
860	0.36251	-8052.66
861	0.36251	-8058.28
862	0.36251	-8063.45
863	0.36251	-8048.27
864	0.36251	-8049.03
865	0.36251	-8051.38
866	0.36251	-8052.8
867	0.36251	-8031.22
868	0.36251	-8037.53
869	0.36251	-8040.02
870	0.36251	-8044.3
871	0.36251	-8040.62
872	0.36251	-8056.77
873	0.36251	-8052.96
874	0.36251	-8057.51
875	0.36251	-8063.7
876	0.36251	-8052.6
877	0.36251	-8053.17
878	0.36251	-8052.27
879	0.36251	-8046.87
880	0.36251	-8052.97
881	0.36251	-8048.82
882	0.36251	-8044.19
883	0.36251	-8047.91
884	0.36251	-8056.2
885	0.36251	-8037.51
886	0.36251	-8045.65
887	0.36251	-8042.61
888	0.36251	-8046.02
889	0.36251	-8047.88
890	0.36251	-8053.71
891	0.36251	-8046.27
892	0.36251	-8054.29
893	0.36251	-8038.35
894	0.36251	-8034.05
895	0.36251	-8040.05
896	0.36251	-8051.15
897	0.36251	-8032.71
898	0.36251	-8032.49
899	0.36251	-8029.34
900	0.36251	-8033.43
901	0.36251	-8040.63
902	0.36251	-8051.97
903	0.36251	-8048.98
904	0.36251	-8039.58
905	0.36251	-8017.64
906	0.36251	-8010.44
907	0.36251	-8028.08
908	0.36251	-8020.51
909	0.36251	-8016.89
910	0.36251	-8011.32
911	0.36251	-8039.42
912	0.36251	-8040.03
913	0.36251	-8036.22
914	0.36251	-8038.65
915	0.36251	-8055.12
916	0.36251	-8040.38
917	0.36251	-8060.37
918	0.36251	-8081.11
919	0.36251	-8057.14
920	0.36251	-8065.86
921	0.36251	-8046.59
922	0.36251	-8041.8
923	0.36251	-8051.42
924	0.36251	-8045.65
925	0.36251	-8038.29
926	0.36251	-8026.28
927	0.36251	-8036.07
928	0.36251	-8061.13
929	0.36251	-8059.83
930	0.36251	-8055.08
931	0.36251	-8053.41
932	0.36251	-8055.14
933	0.36251	-8048.65
934	0.36251	-8040.03
935	0.36251	-8070.71
936	0.36251	-8052.49
937	0.36251	-8043.73
938	0.36251	-8019.74
939	0.36251	-8031.51
940	0.36251	-8029.77
941	0.36251	-8036.05
942	0.36251	-8038.48
943	0.36251	-8047.47
944	0.36251	-8032.84
945	0.36251	-8027.83
946	0.36251	-8034.82
947	0.36251	-8045.33
948	0.36251	-8042.2
949	0.36251	-8037.52
950	0.36251	-8039.16
951	0.36251	-8034.97
952	0.36251	-8016.62
953	0.36251	-8031.86
954	0.36251	-8024.85
955	0.36251	-8030.66
956	0.36251	-8049.73
957	0.36251	-8044.91
958	0.36251	-8045.25
959	0.36251	-8041.99
960	0.36251	-8022.92
961	0.36251	-8029.58
962	0.36251	-8034.57
963	0.36251	-8036.58
964	0.36251	-8034.54
965	0.36251	-8037.48
966	0.36251	-8056.24
967	0.36251	-8041.14
968	0.36251	-8034.42
969	0.36251	-8040.27
970	0.36251	-8043.99
971	0.36251	-8043.47
972	0.36251	-8028.44
973	0.36251	-8030.97
974	0.36251	-8032.9
975	0.36251	-8024.47
976	0.36251	-8029.25
977	0.36251	-8038.84
978	0.36251	-8035.15
979	0.36251	-8027.34
980	0.36251	-8040.22
981	0.36251	-8036.67
982	0.36251	-8058.16
983	0.36251	-8066.22
984	0.36251	-8062.9
985	0.36251	-8060.98
986	0.36251	-8070.77
987	0.36251	-8089.49
988	0.36251	-8095.56
989	0.36251	-8049.42
990	0.36251	-8064.15
991	0.36251	-8050.19
992	0.36251	-8049.57
993	0.36251	-8050.48
994	0.36251	-8039.25
995	0.36251	-8045.37
996	0.36251	-8047.58
997	0.36251	-8040.87
998	0.36251	-8033.36
999	0.36251	-8054.43
1000	0.36251	-8033.86
251	0.319406	-8036.68
252	0.319406	-8044.94
253	0.319406	-8042.22
254	0.319406	-8068.05
255	0.319406	-8056.18
256	0.319406	-8057.54
257	0.319406	-8068.83
258	0.319406	-8064.9
259	0.319406	-8082.86
260	0.319406	-8091.41
261	0.319406	-8081.3
262	0.319406	-8100.12
263	0.319406	-8070.13
264	0.319406	-8061.65
265	0.319406	-8043.22
266	0.319406	-8032.27
267	0.319406	-8034.24
268	0.319406	-8059.67
269	0.319406	-8046.66
270	0.319406	-8042.28
271	0.319406	-8038.33
272	0.319406	-8031.95
273	0.319406	-8059.84
274	0.319406	-8057.67
275	0.319406	-8058.87
276	0.319406	-8049.47
277	0.319406	-8057.08
278	0.319406	-8045.55
279	0.319406	-8053.07
280	0.319406	-8085.49
281	0.319406	-8060.91
282	0.319406	-8071.33
283	0.319406	-8040.5
284	0.319406	-8046.1
285	0.319406	-8039.21
286	0.319406	-8052.98
287	0.319406	-8045.52
288	0.319406	-8040.33
289	0.319406	-8027.21
290	0.319406	-8030.74
291	0.319406	-8036.98
292	0.319406	-8054.51
293	0.319406	-8046.6
294	0.319406	-8034.03
295	0.319406	-8067.85
296	0.319406	-8060.84
297	0.319406	-8037.34
298	0.319406	-8030.53
299	0.319406	-8026.68
300	0.319406	-8049.9
301	0.319406	-8050.12
302	0.319406	-8045.13
303	0.319406	-8061.23
304	0.319406	-8046.99
305	0.319406	-8039.25
306	0.319406	-8041.66
307	0.319406	-8047.02
308	0.319406	-8049.68
309	0.319406	-8053.32
310	0.319406	-8058.15
311	0.319406	-8061.3
312	0.319406	-8057.41
313	0.319406	-8063.03
314	0.319406	-8079.09
315	0.319406	-8057.03
316	0.319406	-8056.43
317	0.319406	-8042.48
318	0.319406	-8042.1
319	0.319406	-8040.44
320	0.319406	-8043.34
321	0.319406	-8046.26
322	0.319406	-8037.09
323	0.319406	-8043.68
324	0.319406	-8036.38
325	0.319406	-8052.98
326	0.319406	-8054.69
327	0.319406	-8047.14
328	0.319406	-8050.55
329	0.319406	-8044.66
330	0.319406	-8072.66
331	0.319406	-8051.76
332	0.319406	-8051.35
333	0.319406	-8036.82
334	0.319406	-8047.61
335	0.319406	-8037.71
336	0.319406	-8049.07
337	0.319406	-8048.69
338	0.319406	-8036.13
339	0.319406	-8049.96
340	0.319406	-8033.59
341	0.319406	-8042.08
342	0.319406	-8035.01
343	0.319406	-8059.97
344	0.319406	-8038.75
345	0.319406	-8031.21
346	0.319406	-8033.18
347	0.319406	-8036.35
348	0.319406	-8056.62
349	0.319406	-8037.74
350	0.319406	-8041.49
351	0.319406	-8028.87
352	0.319406	-8038.63
353	0.319406	-8037.11
354	0.319406	-8052.28
355	0.319406	-8069.87
356	0.319406	-8100.85
357	0.319406	-8109.16
358	0.319406	-8053.81
359	0.319406	-8045.73
360	0.319406	-8042.5
361	0.319406	-8027.65
362	0.319406	-8035.36
363	0.319406	-8034.67
364	0.319406	-8050.52
365	0.319406	-8057.6
366	0.319406	-8041.94
367	0.319406	-8041.72
368	0.319406	-8022.42
369	0.319406	-8054.16
370	0.319406	-8060.67
371	0.319406	-8072.56
372	0.319406	-8055.19
373	0.319406	-8031.85
374	0.319406	-8038.13
375	0.319406	-8053.77
376	0.319406	-8060.51
377	0.319406	-8060.56
378	0.319406	-8040.33
379	0.319406	-8032.73
380	0.319406	-8054.42
381	0.319406	-8027.23
382	0.319406	-8033.42
383	0.319406	-8026.25
384	0.319406	-8045.82
385	0.319406	-8045.73
386	0.319406	-8048.21
387	0.319406	-8037.36
388	0.319406	-8049.55
389	0.319406	-8055.87
390	0.319406	-8050.14
391	0.319406	-8037.8
392	0.319406	-8044.94
393	0.319406	-8050.47
394	0.319406	-8037.89
395	0.319406	-8036.57
396	0.319406	-8034.76
397	0.319406	-8038.86
398	0.319406	-8036.19
399	0.319406	-8040.82
400	0.319406	-8035.3
401	0.319406	-8051.1
402	0.319406	-8054.23
403	0.319406	-8052.31
404	0.319406	-8062.06
405	0.319406	-8065.18
406	0.319406	-8057.02
407	0.319406	-8045.13
408	0.319406	-8038.51
409	0.319406	-8068.4
410	0.319406	-8037.8
411	0.319406	-8057.68
412	0.319406	-8064.18
413	0.319406	-8036.15
414	0.319406	-8048.19
415	0.319406	-8033.87
416	0.319406	-8045.82
417	0.319406	-8051.89
418	0.319406	-8048.58
419	0.319406	-8041.84
420	0.319406	-8034.32
421	0.319406	-8041.07
422	0.319406	-8032.32
423	0.319406	-8046.86
424	0.319406	-8041.77
425	0.319406	-8063.94
426	0.319406	-8058.55
427	0.319406	-8067.63
428	0.319406	-8060.93
429	0.319406	-8059.2
430	0.319406	-8075.18
431	0.319406	-8078.74
432	0.319406	-8081.76
433	0.319406	-8082.73
434	0.319406	-8074.66
435	0.319406	-8076.69
436	0.319406	-8069.15
437	0.319406	-8045.59
438	0.319406	-8053.81
439	0.319406	-8041.91
440	0.319406	-8062.35
441	0.319406	-8060.32
442	0.319406	-8045.78
443	0.319406	-8050.43
444	0.319406	-8038.61
445	0.319406	-8046.43
446	0.319406	-8051.82
447	0.319406	-8056.34
448	0.319406	-8056.04
449	0.319406	-8030.52
450	0.319406	-8031.43
451	0.319406	-8046.02
452	0.319406	-8059.54
453	0.319406	-8061
454	0.319406	-8057.56
455	0.319406	-8094.64
456	0.319406	-8079.83
457	0.319406	-8056.95
458	0.319406	-8055.97
459	0.319406	-8045.07
460	0.319406	-8071.54
461	0.319406	-8034.23
462	0.319406	-8040.86
463	0.319406	-8040.28
464	0.319406	-8052.66
465	0.319406	-8062.31
466	0.319406	-8061.64
467	0.319406	-8043.47
468	0.319406	-8029.31
469	0.319406	-8047
470	0.319406	-8038.09
471	0.319406	-8027.01
472	0.319406	-8024.32
473	0.319406	-8056.53
474	0.319406	-8030.24
475	0.319406	-8042.24
476	0.319406	-8039.28
477	0.319406	-8045.54
478	0.319406	-8043.63
479	0.319406	-8029.31
480	0.319406	-8054.61
481	0.319406	-8054.71
482	0.319406	-8036.01
483	0.319406	-8041.98
484	0.319406	-8047.13
485	0.319406	-8042.27
486	0.319406	-8050.87
487	0.319406	-8051.01
488	0.319406	-8043.87
489	0.319406	-8043.81
490	0.319406	-8047.89
491	0.319406	-8062.17
492	0.319406	-8040.88
493	0.319406	-8046.1
494	0.319406	-8034.91
495	0.319406	-8034.03
496	0.319406	-8044.65
497	0.319406	-8052.74
498	0.319406	-8048.19
499	0.319406	-8061.94
500	0.319406	-8067.64
501	0.319406	-8072.58
502	0.319406	-8079.88
503	0.319406	-8075.24
504	0.319406	-8072.51
505	0.319406	-8073.04
506	0.319406	-8066.36
507	0.319406	-8072.08
508	0.319406	-8048.39
509	0.319406	-8046.47
510	0.319406	-8057.63
511	0.319406	-8054.11
512	0.319406	-8036.73
513	0.319406	-8040.28
514	0.319406	-8035.26
515	0.319406	-8042.88
516	0.319406	-8037.72
517	0.319406	-8033.82
518	0.319406	-8059.61
519	0.319406	-8030.69
520	0.319406	-8026.28
521	0.319406	-8026.74
522	0.319406	-8045.08
523	0.319406	-8043.58
524	0.319406	-8042.3
525	0.319406	-8036.04
526	0.319406	-8040.45
527	0.319406	-8041.18
528	0.319406	-8045.15
529	0.319406	-8048.53
530	0.319406	-8055.65
531	0.319406	-8059.42
532	0.319406	-8048.4
533	0.319406	-8054.37
534	0.319406	-8051.92
535	0.319406	-8032.77
536	0.319406	-8052.27
537	0.319406	-8036.88
538	0.319406	-8028
539	0.319406	-8039.18
540	0.319406	-8050.67
541	0.319406	-8043.66
542	0.319406	-8034.4
543	0.319406	-8036.49
544	0.319406	-8035.27
545	0.319406	-8038.46
546	0.319406	-8037.35
547	0.319406	-8018.7
548	0.319406	-8029.26
549	0.319406	-8020.9
550	0.319406	-8038.98
551	0.319406	-8050.53
552	0.319406	-8057.07
553	0.319406	-8068.35
554	0.319406	-8052.49
555	0.319406	-8056.24
556	0.319406	-8046.29
557	0.319406	-8052.51
558	0.319406	-8053.83
559	0.319406	-8063.34
560	0.319406	-8032.58
561	0.319406	-8038
562	0.319406	-8039.78
563	0.319406	-8055.2
564	0.319406	-8024.73
565	0.319406	-8046.32
566	0.319406	-8043.96
567	0.319406	-8050.74
568	0.319406	-8044.75
569	0.319406	-8049.24
570	0.319406	-8057.2
571	0.319406	-8058.8
572	0.319406	-8037.9
573	0.319406	-8062.45
574	0.319406	-8059.94
575	0.319406	-8058.38
576	0.319406	-8040.63
577	0.319406	-8050.32
578	0.319406	-8048.72
579	0.319406	-8034.6
580	0.319406	-8043.6
581	0.319406	-8053.91
582	0.319406	-8041.67
583	0.319406	-8050.33
584	0.319406	-8046.82
585	0.319406	-8048.81
586	0.319406	-8048.98
587	0.319406	-8048.82
588	0.319406	-8056.05
589	0.319406	-8050.64
590	0.319406	-8039.55
591	0.319406	-8023.56
592	0.319406	-8019.32
593	0.319406	-8042.09
594	0.319406	-8038.41
595	0.319406	-8027.01
596	0.319406	-8030.52
597	0.319406	-8025.94
598	0.319406	-8043.4
599	0.319406	-8030.92
600	0.319406	-8045.45
601	0.319406	-8050.18
602	0.319406	-8054.47
603	0.319406	-8042.88
604	0.319406	-8034.25
605	0.319406	-8046.12
606	0.319406	-8039.77
607	0.319406	-8032.38
608	0.319406	-8033.28
609	0.319406	-8038.53
610	0.319406	-8040.86
611	0.319406	-8075.56
612	0.319406	-8056.93
613	0.319406	-8038.22
614	0.319406	-8053.41
615	0.319406	-8065.49
616	0.319406	-8050.12
617	0.319406	-8025.31
618	0.319406	-8040.5
619	0.319406	-8070.17
620	0.319406	-8084.39
621	0.319406	-8078.86
622	0.319406	-8044.81
623	0.319406	-8058.9
624	0.319406	-8044.01
625	0.319406	-8031.72
626	0.319406	-8028.05
627	0.319406	-8027.6
628	0.319406	-8031.24
629	0.319406	-8044.95
630	0.319406	-8046.34
631	0.319406	-8056.79
632	0.319406	-8042.97
633	0.319406	-8065.78
634	0.319406	-8037.01
635	0.319406	-8032.03
636	0.319406	-8050.23
637	0.319406	-8037.65
638	0.319406	-8030.95
639	0.319406	-8047.3
640	0.319406	-8039.57
641	0.319406	-8038.24
642	0.319406	-8043.25
643	0.319406	-8043.46
644	0.319406	-8034.99
645	0.319406	-8044.91
646	0.319406	-8036.29
647	0.319406	-8039.57
648	0.319406	-8044.71
649	0.319406	-8059.21
650	0.319406	-8043.03
651	0.319406	-8036.33
652	0.319406	-8036.81
653	0.319406	-8036
654	0.319406	-8028.2
655	0.319406	-8030
656	0.319406	-8044.15
657	0.319406	-8028.85
658	0.319406	-8051.8
659	0.319406	-8030.84
660	0.319406	-8036.58
661	0.319406	-8059.65
662	0.319406	-8036.9
663	0.319406	-8066.03
664	0.319406	-8068.22
665	0.319406	-8061.39
666	0.319406	-8060.74
667	0.319406	-8044.47
668	0.319406	-8029.04
669	0.319406	-8040.5
670	0.319406	-8035.49
671	0.319406	-8068.97
672	0.319406	-8057.55
673	0.319406	-8044.78
674	0.319406	-8067.68
675	0.319406	-8055.5
676	0.319406	-8047.94
677	0.319406	-8057.71
678	0.319406	-8030.18
679	0.319406	-8038.73
680	0.319406	-8046.45
681	0.319406	-8039.3
682	0.319406	-8024.4
683	0.319406	-8028.61
684	0.319406	-8050.61
685	0.319406	-8034.9
686	0.319406	-8022.28
687	0.319406	-8039.57
688	0.319406	-8037.56
689	0.319406	-8051.92
690	0.319406	-8048.8
691	0.319406	-8038
692	0.319406	-8047.8
693	0.319406	-8070.83
694	0.319406	-8058.42
695	0.319406	-8079.72
696	0.319406	-8060.56
697	0.319406	-8076.31
698	0.319406	-8064.43
699	0.319406	-8064.91
700	0.319406	-8038.1
701	0.319406	-8043.64
702	0.319406	-8045.27
703	0.319406	-8066.33
704	0.319406	-8058.01
705	0.319406	-8068.35
706	0.319406	-8038.13
707	0.319406	-8039.59
708	0.319406	-8050.56
709	0.319406	-8054.64
710	0.319406	-8039.76
711	0.319406	-8036.58
712	0.319406	-8043.61
713	0.319406	-8053.89
714	0.319406	-8029.71
715	0.319406	-8037.5
716	0.319406	-8033.82
717	0.319406	-8034.73
718	0.319406	-8048.15
719	0.319406	-8034.09
720	0.319406	-8039.49
721	0.319406	-8025.51
722	0.319406	-8026.15
723	0.319406	-8030.91
724	0.319406	-8046.95
725	0.319406	-8041.44
726	0.319406	-8041.88
727	0.319406	-8042.99
728	0.319406	-8045.73
729	0.319406	-8058.39
730	0.319406	-8039.02
731	0.319406	-8040.88
732	0.319406	-8033.78
733	0.319406	-8041.5
734	0.319406	-8028.89
735	0.319406	-8054.7
736	0.319406	-8048.93
737	0.319406	-8060.93
738	0.319406	-8043.3
739	0.319406	-8041.97
740	0.319406	-8033.86
741	0.319406	-8039.41
742	0.319406	-8032.59
743	0.319406	-8031.74
744	0.319406	-8044.42
745	0.319406	-8030.15
746	0.319406	-8028.85
747	0.319406	-8054.84
748	0.319406	-8037.93
749	0.319406	-8071.68
750	0.319406	-8030.36
751	0.319406	-8044.65
752	0.319406	-8051.33
753	0.319406	-8053.04
754	0.319406	-8064.2
755	0.319406	-8045.13
756	0.319406	-8038.87
757	0.319406	-8035.74
758	0.319406	-8051.52
759	0.319406	-8081.89
760	0.319406	-8058.08
761	0.319406	-8053.18
762	0.319406	-8053.85
763	0.319406	-8048.11
764	0.319406	-8048.92
765	0.319406	-8032.75
766	0.319406	-8032.38
767	0.319406	-8038.04
768	0.319406	-8034.47
769	0.319406	-8074.36
770	0.319406	-8074
771	0.319406	-8063.78
772	0.319406	-8040.63
773	0.319406	-8032.84
774	0.319406	-8038.36
775	0.319406	-8020.3
776	0.319406	-8028.95
777	0.319406	-8035.83
778	0.319406	-8046.82
779	0.319406	-8048.14
780	0.319406	-8076.32
781	0.319406	-8049.58
782	0.319406	-8057.11
783	0.319406	-8050.25
784	0.319406	-8040.99
785	0.319406	-8044.53
786	0.319406	-8042.11
787	0.319406	-8055.22
788	0.319406	-8052.26
789	0.319406	-8046.55
790	0.319406	-8064.64
791	0.319406	-8047.61
792	0.319406	-8061.19
793	0.319406	-8045.96
794	0.319406	-8030.31
795	0.319406	-8050.14
796	0.319406	-8036.27
797	0.319406	-8049
798	0.319406	-8063.19
799	0.319406	-8071.39
800	0.319406	-8080.61
801	0.319406	-8094.66
802	0.319406	-8061.33
803	0.319406	-8069.57
804	0.319406	-8073.3
805	0.319406	-8042.72
806	0.319406	-8036.9
807	0.319406	-8027.58
808	0.319406	-8034.41
809	0.319406	-8061.7
810	0.319406	-8055.82
811	0.319406	-8051.47
812	0.319406	-8056.55
813	0.319406	-8061.18
814	0.319406	-8049.16
815	0.319406	-8028.6
816	0.319406	-8043.79
817	0.319406	-8043.44
818	0.319406	-8065.99
819	0.319406	-8044.68
820	0.319406	-8052.6
821	0.319406	-8079.04
822	0.319406	-8070.23
823	0.319406	-8051.42
824	0.319406	-8042.24
825	0.319406	-8039.58
826	0.319406	-8049.91
827	0.319406	-8048.87
828	0.319406	-8046.09
829	0.319406	-8040.82
830	0.319406	-8037.66
831	0.319406	-8030.19
832	0.319406	-8048.37
833	0.319406	-8075.58
834	0.319406	-8070.37
835	0.319406	-8063.17
836	0.319406	-8056.52
837	0.319406	-8046.61
838	0.319406	-8059.3
839	0.319406	-8058.91
840	0.319406	-8055.08
841	0.319406	-8052.65
842	0.319406	-8051.67
843	0.319406	-8073.44
844	0.319406	-8049.52
845	0.319406	-8056.67
846	0.319406	-8037.58
847	0.319406	-8038.52
848	0.319406	-8022.56
849	0.319406	-8056.95
850	0.319406	-8048.5
851	0.319406	-8055.46
852	0.319406	-8060.05
853	0.319406	-8057.4
854	0.319406	-8038.54
855	0.319406	-8032.91
856	0.319406	-8037.39
857	0.319406	-8053.52
858	0.319406	-8050.74
859	0.319406	-8062.45
860	0.319406	-8035.02
861	0.319406	-8024.04
862	0.319406	-8064.28
863	0.319406	-8050.17
864	0.319406	-8043.44
865	0.319406	-8026.33
866	0.319406	-8010.06
867	0.319406	-8019.16
868	0.319406	-8035.86
869	0.319406	-8035.35
870	0.319406	-8050.84
871	0.319406	-8035.32
872	0.319406	-8045.94
873	0.319406	-8040.82
874	0.319406	-8028.65
875	0.319406	-8039.37
876	0.319406	-8051.29
877	0.319406	-8050.45
878	0.319406	-8039.44
879	0.319406	-8034.77
880	0.319406	-8031.29
881	0.319406	-8039.06
882	0.319406	-8047.93
883	0.319406	-8051.86
884	0.319406	-8041.13
885	0.319406	-8033.24
886	0.319406	-8032.69
887	0.319406	-8037.59
888	0.319406	-8042.55
889	0.319406	-8045.93
890	0.319406	-8058.96
891	0.319406	-8043.59
892	0.319406	-8045.53
893	0.319406	-8067.07
894	0.319406	-8056.15
895	0.319406	-8070.63
896	0.319406	-8060.44
897	0.319406	-8075.4
898	0.319406	-8052.45
899	0.319406	-8060.28
900	0.319406	-8043.96
901	0.319406	-8038.5
902	0.319406	-8021.43
903	0.319406	-8036.36
904	0.319406	-8027.84
905	0.319406	-8049.43
906	0.319406	-8047.03
907	0.319406	-8056.62
908	0.319406	-8031.74
909	0.319406	-8047.04
910	0.319406	-8030.41
911	0.319406	-8031.23
912	0.319406	-8021.1
913	0.319406	-8025.66
914	0.319406	-8045.07
915	0.319406	-8046.27
916	0.319406	-8042.53
917	0.319406	-8043.15
918	0.319406	-8043.72
919	0.319406	-8050.1
920	0.319406	-8089.28
921	0.319406	-8085.91
922	0.319406	-8063.76
923	0.319406	-8043.5
924	0.319406	-8041.58
925	0.319406	-8039.31
926	0.319406	-8033.3
927	0.319406	-8049.28
928	0.319406	-8028.2
929	0.319406	-8029.81
930	0.319406	-8044.43
931	0.319406	-8052.21
932	0.319406	-8034.73
933	0.319406	-8047.81
934	0.319406	-8065.67
935	0.319406	-8057.69
936	0.319406	-8059.87
937	0.319406	-8086.2
938	0.319406	-8038.1
939	0.319406	-8028.35
940	0.319406	-8021.34
941	0.319406	-8036.7
942	0.319406	-8048.01
943	0.319406	-8048.85
944	0.319406	-8029.3
945	0.319406	-8028.6
946	0.319406	-8026.64
947	0.319406	-8030.53
948	0.319406	-8073.98
949	0.319406	-8044.45
950	0.319406	-8034.42
951	0.319406	-8029.68
952	0.319406	-8029.14
953	0.319406	-8026.5
954	0.319406	-8034.46
955	0.319406	-8049.84
956	0.319406	-8054.15
957	0.319406	-8058.18
958	0.319406	-8047.85
959	0.319406	-8053.85
960	0.319406	-8046.56
961	0.319406	-8039.93
962	0.319406	-8054.19
963	0.319406	-8057.67
964	0.319406	-8057.04
965	0.319406	-8058.32
966	0.319406	-8053.1
967	0.319406	-8060.87
968	0.319406	-8067.54
969	0.319406	-8066.19
970	0.319406	-8040.28
971	0.319406	-8047.45
972	0.319406	-8071.47
973	0.319406	-8061.1
974	0.319406	-8081.51
975	0.319406	-8033.01
976	0.319406	-8061.03
977	0.319406	-8076.11
978	0.319406	-8061.53
979	0.319406	-8054.89
980	0.319406	-8052.95
981	0.319406	-8052.93
982	0.319406	-8039.72
983	0.319406	-8057.46
984	0.319406	-8046.46
985	0.319406	-8061.8
986	0.319406	-8042.04
987	0.319406	-8055.73
988	0.319406	-8046.69
989	0.319406	-8043.66
990	0.319406	-8037.09
991	0.319406	-8028.09
992	0.319406	-8023.24
993	0.319406	-8053.33
994	0.319406	-8023.43
995	0.319406	-8031.6
996	0.319406	-8045.57
997	0.319406	-8062.52
998	0.319406	-8047.91
999	0.319406	-8059.86
1000	0.319406	-8025.36
251	0.280503	-8053.75
252	0.280503	-8048.34
253	0.280503	-8063.55
254	0.280503	-8072.71
255	0.280503	-8045.59
256	0.280503	-8070.48
257	0.280503	-8051.93
258	0.280503	-8071.93
259	0.280503	-8073.28
260	0.280503	-8069.79
261	0.280503	-8076.7
262	0.280503	-8060.31
263	0.280503	-8067.53
264	0.280503	-8071.34
265	0.280503	-8071.94
266	0.280503	-8067.4
267	0.280503	-8076.12
268	0.280503	-8081.26
269	0.280503	-8066.31
270	0.280503	-8062.06
271	0.280503	-8052.15
272	0.280503	-8039.27
273	0.280503	-8041.91
274	0.280503	-8032.26
275	0.280503	-8061.68
276	0.280503	-8060.56
277	0.280503	-8060.04
278	0.280503	-8062.87
279	0.280503	-8048.1
280	0.280503	-8071.61
281	0.280503	-8065.35
282	0.280503	-8056.54
283	0.280503	-8065.28
284	0.280503	-8063.38
285	0.280503	-8065.86
286	0.280503	-8060.66
287	0.280503	-8058.96
288	0.280503	-8054.13
289	0.280503	-8063.14
290	0.280503	-8059.76
291	0.280503	-8050.83
292	0.280503	-8045.87
293	0.280503	-8037.24
294	0.280503	-8051.12
295	0.280503	-8049.96
296	0.280503	-8038.09
297	0.280503	-8020
298	0.280503	-8023.85
299	0.280503	-8025.26
300	0.280503	-8028.16
301	0.280503	-8037.97
302	0.280503	-8019.5
303	0.280503	-8037.73
304	0.280503	-8058.58
305	0.280503	-8087.72
306	0.280503	-8114.08
307	0.280503	-8062.86
308	0.280503	-8056.1
309	0.280503	-8039.07
310	0.280503	-8027.67
311	0.280503	-8050.01
312	0.280503	-8039.59
313	0.280503	-8022.61
314	0.280503	-8028.65
315	0.280503	-8032.36
316	0.280503	-8066.28
317	0.280503	-8063.17
318	0.280503	-8064.19
319	0.280503	-8048.23
320	0.280503	-8064.53
321	0.280503	-8087.94
322	0.280503	-8041.09
323	0.280503	-8059.8
324	0.280503	-8059.88
325	0.280503	-8034.64
326	0.280503	-8034.29
327	0.280503	-8041.15
328	0.280503	-8060.08
329	0.280503	-8082.9
330	0.280503	-8094.23
331	0.280503	-8060.65
332	0.280503	-8063.84
333	0.280503	-8053.65
334	0.280503	-8095.88
335	0.280503	-8074.96
336	0.280503	-8044.31
337	0.280503	-8048.95
338	0.280503	-8050.79
339	0.280503	-8052.9
340	0.280503	-8046.73
341	0.280503	-8035.59
342	0.280503	-8036.11
343	0.280503	-8026.95
344	0.280503	-8051.84
345	0.280503	-8048.87
346	0.280503	-8052.02
347	0.280503	-8073.12
348	0.280503	-8067.67
349	0.280503	-8049.06
350	0.280503	-8062.45
351	0.280503	-8054.72
352	0.280503	-8038.64
353	0.280503	-8044.37
354	0.280503	-8045.06
355	0.280503	-8067.6
356	0.280503	-8066.45
357	0.280503	-8045.77
358	0.280503	-8054.9
359	0.280503	-8064.47
360	0.280503	-8074.92
361	0.280503	-8073.77
362	0.280503	-8062.88
363	0.280503	-8038.41
364	0.280503	-8054.61
365	0.280503	-8060.06
366	0.280503	-8069.85
367	0.280503	-8080.31
368	0.280503	-8086.15
369	0.280503	-8073.73
370	0.280503	-8053.38
371	0.280503	-8083.31
372	0.280503	-8062.33
373	0.280503	-8069.54
374	0.280503	-8074.4
375	0.280503	-8062.06
376	0.280503	-8053.21
377	0.280503	-8054.05
378	0.280503	-8079.3
379	0.280503	-8066.63
380	0.280503	-8068.69
381	0.280503	-8067.4
382	0.280503	-8090.54
383	0.280503	-8064.03
384	0.280503	-8056.47
385	0.280503	-8059.92
386	0.280503	-8052.12
387	0.280503	-8041.16
388	0.280503	-8053.93
389	0.280503	-8062.32
390	0.280503	-8048.08
391	0.280503	-8067.98
392	0.280503	-8069.69
393	0.280503	-8029.69
394	0.280503	-8035.06
395	0.280503	-8042.32
396	0.280503	-8055.03
397	0.280503	-8049.25
398	0.280503	-8043.09
399	0.280503	-8051.33
400	0.280503	-8053.87
401	0.280503	-8030.82
402	0.280503	-8036.53
403	0.280503	-8057.69
404	0.280503	-8067.65
405	0.280503	-8065.02
406	0.280503	-8051.05
407	0.280503	-8054.05
408	0.280503	-8047.11
409	0.280503	-8056.56
410	0.280503	-8048.9
411	0.280503	-8059.94
412	0.280503	-8078.61
413	0.280503	-8051.45
414	0.280503	-8043.64
415	0.280503	-8053.2
416	0.280503	-8070.06
417	0.280503	-8052.51
418	0.280503	-8054.77
419	0.280503	-8062.41
420	0.280503	-8052.62
421	0.280503	-8070.85
422	0.280503	-8050.46
423	0.280503	-8037.63
424	0.280503	-8045.37
425	0.280503	-8051.21
426	0.280503	-8064.45
427	0.280503	-8057.5
428	0.280503	-8069.61
429	0.280503	-8076
430	0.280503	-8064.71
431	0.280503	-8058.88
432	0.280503	-8037.43
433	0.280503	-8057.26
434	0.280503	-8048.4
435	0.280503	-8044.37
436	0.280503	-8084.57
437	0.280503	-8070.51
438	0.280503	-8059.16
439	0.280503	-8069.92
440	0.280503	-8059.33
441	0.280503	-8072.02
442	0.280503	-8058.45
443	0.280503	-8074.51
444	0.280503	-8043.03
445	0.280503	-8044.12
446	0.280503	-8058.73
447	0.280503	-8044.11
448	0.280503	-8048.46
449	0.280503	-8046.83
450	0.280503	-8026.55
451	0.280503	-8030.01
452	0.280503	-8051.37
453	0.280503	-8026.86
454	0.280503	-8041.35
455	0.280503	-8043.66
456	0.280503	-8069.43
457	0.280503	-8060.5
458	0.280503	-8043.47
459	0.280503	-8029.96
460	0.280503	-8048.87
461	0.280503	-8044.54
462	0.280503	-8062.71
463	0.280503	-8072.06
464	0.280503	-8060.18
465	0.280503	-8039.62
466	0.280503	-8030.86
467	0.280503	-8048.47
468	0.280503	-8053.78
469	0.280503	-8047.44
470	0.280503	-8029.31
471	0.280503	-8029.26
472	0.280503	-8030.37
473	0.280503	-8032.39
474	0.280503	-8037.43
475	0.280503	-8044.66
476	0.280503	-8044.68
477	0.280503	-8044.8
478	0.280503	-8054.15
479	0.280503	-8049.54
480	0.280503	-8041.05
481	0.280503	-8030.55
482	0.280503	-8034.52
483	0.280503	-8047.58
484	0.280503	-8032.86
485	0.280503	-8052.61
486	0.280503	-8033.73
487	0.280503	-8049.59
488	0.280503	-8045.15
489	0.280503	-8044.22
490	0.280503	-8040.91
491	0.280503	-8054.45
492	0.280503	-8058.87
493	0.280503	-8044.54
494	0.280503	-8050.19
495	0.280503	-8049.55
496	0.280503	-8059.74
497	0.280503	-8056.08
498	0.280503	-8043.92
499	0.280503	-8049.28
500	0.280503	-8049.97
501	0.280503	-8063.27
502	0.280503	-8058.6
503	0.280503	-8054.23
504	0.280503	-8069.81
505	0.280503	-8059.52
506	0.280503	-8051.37
507	0.280503	-8038.01
508	0.280503	-8039.38
509	0.280503	-8048.61
510	0.280503	-8049.05
511	0.280503	-8054.43
512	0.280503	-8055.56
513	0.280503	-8078.23
514	0.280503	-8067.7
515	0.280503	-8066.73
516	0.280503	-8089.68
517	0.280503	-8082.94
518	0.280503	-8064.7
519	0.280503	-8049.36
520	0.280503	-8069.06
521	0.280503	-8076.2
522	0.280503	-8062.69
523	0.280503	-8053.71
524	0.280503	-8067.99
525	0.280503	-8067.65
526	0.280503	-8061.07
527	0.280503	-8058.52
528	0.280503	-8050.16
529	0.280503	-8042.01
530	0.280503	-8064.4
531	0.280503	-8057.77
532	0.280503	-8047.19
533	0.280503	-8060.27
534	0.280503	-8059.09
535	0.280503	-8038.17
536	0.280503	-8077.24
537	0.280503	-8064.11
538	0.280503	-8059.54
539	0.280503	-8062.08
540	0.280503	-8039.29
541	0.280503	-8034.35
542	0.280503	-8051.33
543	0.280503	-8051.4
544	0.280503	-8064.17
545	0.280503	-8044.01
546	0.280503	-8049.86
547	0.280503	-8043.25
548	0.280503	-8048.72
549	0.280503	-8074.38
550	0.280503	-8068.35
551	0.280503	-8081
552	0.280503	-8061.44
553	0.280503	-8055.78
554	0.280503	-8065.18
555	0.280503	-8067.46
556	0.280503	-8073.09
557	0.280503	-8069.55
558	0.280503	-8056.05
559	0.280503	-8065.97
560	0.280503	-8071.36
561	0.280503	-8085.67
562	0.280503	-8073.51
563	0.280503	-8054.7
564	0.280503	-8048.01
565	0.280503	-8089.39
566	0.280503	-8051.06
567	0.280503	-8042.43
568	0.280503	-8043.86
569	0.280503	-8051.75
570	0.280503	-8051.53
571	0.280503	-8042.01
572	0.280503	-8047.27
573	0.280503	-8072.71
574	0.280503	-8072.97
575	0.280503	-8085.66
576	0.280503	-8082.89
577	0.280503	-8093.98
578	0.280503	-8075.93
579	0.280503	-8056.39
580	0.280503	-8073.67
581	0.280503	-8076.54
582	0.280503	-8069.06
583	0.280503	-8082.53
584	0.280503	-8062.75
585	0.280503	-8038.49
586	0.280503	-8045.95
587	0.280503	-8053.38
588	0.280503	-8041.07
589	0.280503	-8039.54
590	0.280503	-8039.49
591	0.280503	-8055.23
592	0.280503	-8086.62
593	0.280503	-8070.67
594	0.280503	-8069.7
595	0.280503	-8076.24
596	0.280503	-8071.81
597	0.280503	-8078.16
598	0.280503	-8085.22
599	0.280503	-8059.61
600	0.280503	-8058.02
601	0.280503	-8057.64
602	0.280503	-8047.95
603	0.280503	-8058.25
604	0.280503	-8064.03
605	0.280503	-8030.54
606	0.280503	-8044.04
607	0.280503	-8030.23
608	0.280503	-8032.02
609	0.280503	-8055.98
610	0.280503	-8058
611	0.280503	-8057.32
612	0.280503	-8041.45
613	0.280503	-8049.16
614	0.280503	-8052.32
615	0.280503	-8078.02
616	0.280503	-8068.94
617	0.280503	-8059.6
618	0.280503	-8053.44
619	0.280503	-8053.79
620	0.280503	-8050.13
621	0.280503	-8076.07
622	0.280503	-8077.11
623	0.280503	-8071.29
624	0.280503	-8061.31
625	0.280503	-8041.82
626	0.280503	-8064.2
627	0.280503	-8044.38
628	0.280503	-8055.17
629	0.280503	-8044.94
630	0.280503	-8048.66
631	0.280503	-8057.27
632	0.280503	-8081.9
633	0.280503	-8086.18
634	0.280503	-8057.25
635	0.280503	-8063.39
636	0.280503	-8049.79
637	0.280503	-8051.24
638	0.280503	-8046.31
639	0.280503	-8057.47
640	0.280503	-8046.73
641	0.280503	-8037.58
642	0.280503	-8033.96
643	0.280503	-8027.59
644	0.280503	-8045.24
645	0.280503	-8065.35
646	0.280503	-8064.52
647	0.280503	-8046.73
648	0.280503	-8049.9
649	0.280503	-8061.54
650	0.280503	-8036.68
651	0.280503	-8041.58
652	0.280503	-8056.67
653	0.280503	-8074.48
654	0.280503	-8056.75
655	0.280503	-8086.71
656	0.280503	-8064.55
657	0.280503	-8054.48
658	0.280503	-8038.65
659	0.280503	-8053.75
660	0.280503	-8044.64
661	0.280503	-8058.13
662	0.280503	-8066.3
663	0.280503	-8057.84
664	0.280503	-8051.48
665	0.280503	-8067.54
666	0.280503	-8070.65
667	0.280503	-8073.17
668	0.280503	-8065.07
669	0.280503	-8049.58
670	0.280503	-8036.81
671	0.280503	-8028.59
672	0.280503	-8047.85
673	0.280503	-8075.79
674	0.280503	-8074.32
675	0.280503	-8079.75
676	0.280503	-8062.27
677	0.280503	-8048.44
678	0.280503	-8030.22
679	0.280503	-8048.56
680	0.280503	-8023.8
681	0.280503	-8041.89
682	0.280503	-8043.02
683	0.280503	-8044.43
684	0.280503	-8051.32
685	0.280503	-8059.13
686	0.280503	-8094.74
687	0.280503	-8070.66
688	0.280503	-8071.91
689	0.280503	-8070.99
690	0.280503	-8038.49
691	0.280503	-8027.2
692	0.280503	-8044.34
693	0.280503	-8060.12
694	0.280503	-8035.27
695	0.280503	-8022.88
696	0.280503	-8043.4
697	0.280503	-8039.1
698	0.280503	-8036.36
699	0.280503	-8029.36
700	0.280503	-8026.45
701	0.280503	-8028.81
702	0.280503	-8067.46
703	0.280503	-8051.25
704	0.280503	-8058.54
705	0.280503	-8068.52
706	0.280503	-8076.32
707	0.280503	-8056.39
708	0.280503	-8065.92
709	0.280503	-8075.07
710	0.280503	-8086.24
711	0.280503	-8060.75
712	0.280503	-8052.91
713	0.280503	-8060.97
714	0.280503	-8045.25
715	0.280503	-8073.5
716	0.280503	-8066.09
717	0.280503	-8080.32
718	0.280503	-8047.33
719	0.280503	-8059.86
720	0.280503	-8047.47
721	0.280503	-8044.16
722	0.280503	-8103.86
723	0.280503	-8072.92
724	0.280503	-8079.14
725	0.280503	-8065.39
726	0.280503	-8049.65
727	0.280503	-8045.21
728	0.280503	-8050.95
729	0.280503	-8039.95
730	0.280503	-8040.12
731	0.280503	-8044.53
732	0.280503	-8068.89
733	0.280503	-8064.82
734	0.280503	-8037.85
735	0.280503	-8031.86
736	0.280503	-8035.06
737	0.280503	-8035.96
738	0.280503	-8042.94
739	0.280503	-8046.64
740	0.280503	-8060.41
741	0.280503	-8044.5
742	0.280503	-8070.97
743	0.280503	-8059.19
744	0.280503	-8044.4
745	0.280503	-8055.03
746	0.280503	-8058.92
747	0.280503	-8052.76
748	0.280503	-8038.51
749	0.280503	-8044.5
750	0.280503	-8035.95
751	0.280503	-8042.17
752	0.280503	-8051.29
753	0.280503	-8094.44
754	0.280503	-8077.57
755	0.280503	-8058.64
756	0.280503	-8034.4
757	0.280503	-8036.64
758	0.280503	-8035.59
759	0.280503	-8051.3
760	0.280503	-8078.28
761	0.280503	-8070.49
762	0.280503	-8050.45
763	0.280503	-8053.15
764	0.280503	-8053.71
765	0.280503	-8073.81
766	0.280503	-8083.3
767	0.280503	-8098.01
768	0.280503	-8106.66
769	0.280503	-8087.35
770	0.280503	-8082.85
771	0.280503	-8068.67
772	0.280503	-8056.49
773	0.280503	-8065.32
774	0.280503	-8066.76
775	0.280503	-8071.67
776	0.280503	-8041.08
777	0.280503	-8050.09
778	0.280503	-8030.89
779	0.280503	-8029.88
780	0.280503	-8044.63
781	0.280503	-8047.49
782	0.280503	-8062.67
783	0.280503	-8076.35
784	0.280503	-8051.39
785	0.280503	-8057
786	0.280503	-8048.63
787	0.280503	-8062.53
788	0.280503	-8048.03
789	0.280503	-8058.34
790	0.280503	-8053.24
791	0.280503	-8027.89
792	0.280503	-8054.54
793	0.280503	-8054.92
794	0.280503	-8032.12
795	0.280503	-8028.56
796	0.280503	-8037.62
797	0.280503	-8045.89
798	0.280503	-8050.37
799	0.280503	-8043.61
800	0.280503	-8045.44
801	0.280503	-8049.52
802	0.280503	-8062.02
803	0.280503	-8050.19
804	0.280503	-8058.77
805	0.280503	-8071.19
806	0.280503	-8071.31
807	0.280503	-8086.29
808	0.280503	-8039.09
809	0.280503	-8043.2
810	0.280503	-8055.92
811	0.280503	-8062.82
812	0.280503	-8088.11
813	0.280503	-8078.58
814	0.280503	-8067.01
815	0.280503	-8058.91
816	0.280503	-8049.7
817	0.280503	-8039.18
818	0.280503	-8036.1
819	0.280503	-8054.38
820	0.280503	-8039.19
821	0.280503	-8051.3
822	0.280503	-8059.48
823	0.280503	-8076.6
824	0.280503	-8071.05
825	0.280503	-8055.75
826	0.280503	-8056.1
827	0.280503	-8074.55
828	0.280503	-8055.01
829	0.280503	-8048.78
830	0.280503	-8057.75
831	0.280503	-8063.26
832	0.280503	-8054.87
833	0.280503	-8068.11
834	0.280503	-8067.01
835	0.280503	-8074.25
836	0.280503	-8043.41
837	0.280503	-8033.18
838	0.280503	-8034.04
839	0.280503	-8041.38
840	0.280503	-8025.78
841	0.280503	-8026.94
842	0.280503	-8022.74
843	0.280503	-8028.23
844	0.280503	-8023.89
845	0.280503	-8046.66
846	0.280503	-8040.73
847	0.280503	-8052.49
848	0.280503	-8057.64
849	0.280503	-8085.88
850	0.280503	-8065.11
851	0.280503	-8067.31
852	0.280503	-8043.77
853	0.280503	-8055.08
854	0.280503	-8056.7
855	0.280503	-8058.9
856	0.280503	-8080.04
857	0.280503	-8084.5
858	0.280503	-8097.62
859	0.280503	-8090.06
860	0.280503	-8074.57
861	0.280503	-8068.2
862	0.280503	-8050.02
863	0.280503	-8050.38
864	0.280503	-8039.74
865	0.280503	-8068.58
866	0.280503	-8056.71
867	0.280503	-8034.45
868	0.280503	-8033.99
869	0.280503	-8040.66
870	0.280503	-8034.51
871	0.280503	-8048.58
872	0.280503	-8080.76
873	0.280503	-8042.64
874	0.280503	-8060.52
875	0.280503	-8061.49
876	0.280503	-8065.82
877	0.280503	-8037.76
878	0.280503	-8041.48
879	0.280503	-8058.27
880	0.280503	-8080.04
881	0.280503	-8067.65
882	0.280503	-8054.51
883	0.280503	-8069.12
884	0.280503	-8044.47
885	0.280503	-8046.95
886	0.280503	-8053.22
887	0.280503	-8046.9
888	0.280503	-8038.73
889	0.280503	-8042.55
890	0.280503	-8045.73
891	0.280503	-8060.82
892	0.280503	-8035.62
893	0.280503	-8031.34
894	0.280503	-8025.42
895	0.280503	-8035.33
896	0.280503	-8062.19
897	0.280503	-8069.73
898	0.280503	-8062.68
899	0.280503	-8051.63
900	0.280503	-8055.71
901	0.280503	-8043.5
902	0.280503	-8077.73
903	0.280503	-8068.21
904	0.280503	-8072.28
905	0.280503	-8066.2
906	0.280503	-8046.07
907	0.280503	-8033.05
908	0.280503	-8048.49
909	0.280503	-8037.04
910	0.280503	-8036.61
911	0.280503	-8038.82
912	0.280503	-8034.28
913	0.280503	-8033.28
914	0.280503	-8039.13
915	0.280503	-8028.45
916	0.280503	-8038.8
917	0.280503	-8032.78
918	0.280503	-8057.22
919	0.280503	-8062.41
920	0.280503	-8034.52
921	0.280503	-8051.7
922	0.280503	-8043.59
923	0.280503	-8067.83
924	0.280503	-8064.16
925	0.280503	-8054.04
926	0.280503	-8050.06
927	0.280503	-8048.15
928	0.280503	-8057.25
929	0.280503	-8056.1
930	0.280503	-8053.32
931	0.280503	-8070.22
932	0.280503	-8070.19
933	0.280503	-8053.54
934	0.280503	-8062.17
935	0.280503	-8058.12
936	0.280503	-8055.69
937	0.280503	-8065.89
938	0.280503	-8065.27
939	0.280503	-8074.73
940	0.280503	-8049.59
941	0.280503	-8062.79
942	0.280503	-8060.14
943	0.280503	-8056.78
944	0.280503	-8092.38
945	0.280503	-8072.16
946	0.280503	-8077.27
947	0.280503	-8093.91
948	0.280503	-8089.03
949	0.280503	-8061.88
950	0.280503	-8048.41
951	0.280503	-8050.21
952	0.280503	-8064.23
953	0.280503	-8085.67
954	0.280503	-8053.77
955	0.280503	-8044.38
956	0.280503	-8063.97
957	0.280503	-8053.14
958	0.280503	-8085.73
959	0.280503	-8077.72
960	0.280503	-8056.86
961	0.280503	-8063.76
962	0.280503	-8045.72
963	0.280503	-8040.71
964	0.280503	-8053.81
965	0.280503	-8059.35
966	0.280503	-8037.81
967	0.280503	-8050.91
968	0.280503	-8082.56
969	0.280503	-8063.56
970	0.280503	-8078.8
971	0.280503	-8083.74
972	0.280503	-8070.07
973	0.280503	-8067.11
974	0.280503	-8052.15
975	0.280503	-8045.66
976	0.280503	-8057.59
977	0.280503	-8055.91
978	0.280503	-8041.78
979	0.280503	-8087.23
980	0.280503	-8074.41
981	0.280503	-8069.57
982	0.280503	-8058.8
983	0.280503	-8044.6
984	0.280503	-8041.62
985	0.280503	-8044.06
986	0.280503	-8054.39
987	0.280503	-8049.41
988	0.280503	-8030.17
989	0.280503	-8039.53
990	0.280503	-8044.54
991	0.280503	-8028.52
992	0.280503	-8028.86
993	0.280503	-8039.23
994	0.280503	-8042.35
995	0.280503	-8059.26
996	0.280503	-8050.21
997	0.280503	-8033.55
998	0.280503	-8031.48
999	0.280503	-8055.59
1000	0.280503	-8054.41
251	0.245487	-8056.37
252	0.245487	-8021.39
253	0.245487	-8052.06
254	0.245487	-8048.8
255	0.245487	-8075.04
256	0.245487	-8071.05
257	0.245487	-8056.85
258	0.245487	-8065
259	0.245487	-8053.77
260	0.245487	-8048.21
261	0.245487	-8064.94
262	0.245487	-8063.21
263	0.245487	-8074.25
264	0.245487	-8084.27
265	0.245487	-8065.67
266	0.245487	-8082.35
267	0.245487	-8090.03
268	0.245487	-8062.64
269	0.245487	-8078.46
270	0.245487	-8055.41
271	0.245487	-8060.02
272	0.245487	-8087.58
273	0.245487	-8063.25
274	0.245487	-8051.23
275	0.245487	-8064.82
276	0.245487	-8043.35
277	0.245487	-8062.55
278	0.245487	-8082.09
279	0.245487	-8086.45
280	0.245487	-8090.66
281	0.245487	-8096.37
282	0.245487	-8081.98
283	0.245487	-8102.59
284	0.245487	-8107.54
285	0.245487	-8114.11
286	0.245487	-8090.46
287	0.245487	-8093.98
288	0.245487	-8055.41
289	0.245487	-8088.1
290	0.245487	-8070.7
291	0.245487	-8085.35
292	0.245487	-8056.46
293	0.245487	-8059.67
294	0.245487	-8064.85
295	0.245487	-8061.54
296	0.245487	-8084.38
297	0.245487	-8074.9
298	0.245487	-8066.19
299	0.245487	-8050.95
300	0.245487	-8065.08
301	0.245487	-8083.55
302	0.245487	-8083.7
303	0.245487	-8057.67
304	0.245487	-8055.95
305	0.245487	-8066.54
306	0.245487	-8100.18
307	0.245487	-8090.83
308	0.245487	-8058.5
309	0.245487	-8049.39
310	0.245487	-8083.17
311	0.245487	-8082.51
312	0.245487	-8074.27
313	0.245487	-8078.9
314	0.245487	-8071.4
315	0.245487	-8059.12
316	0.245487	-8052.42
317	0.245487	-8045.74
318	0.245487	-8044.37
319	0.245487	-8058.69
320	0.245487	-8060.44
321	0.245487	-8088.8
322	0.245487	-8097.93
323	0.245487	-8084.89
324	0.245487	-8038.7
325	0.245487	-8062.11
326	0.245487	-8062.37
327	0.245487	-8068.86
328	0.245487	-8051.32
329	0.245487	-8052.54
330	0.245487	-8073.38
331	0.245487	-8051.71
332	0.245487	-8060.35
333	0.245487	-8062.19
334	0.245487	-8068.02
335	0.245487	-8063.64
336	0.245487	-8077.57
337	0.245487	-8074.47
338	0.245487	-8045.76
339	0.245487	-8063.95
340	0.245487	-8066.29
341	0.245487	-8062.53
342	0.245487	-8055.71
343	0.245487	-8044.63
344	0.245487	-8050.17
345	0.245487	-8068.73
346	0.245487	-8047.13
347	0.245487	-8063.4
348	0.245487	-8041.29
349	0.245487	-8054.89
350	0.245487	-8075.01
351	0.245487	-8063.28
352	0.245487	-8043.85
353	0.245487	-8064.97
354	0.245487	-8051.83
355	0.245487	-8066.82
356	0.245487	-8055.63
357	0.245487	-8051.71
358	0.245487	-8064.77
359	0.245487	-8062.65
360	0.245487	-8074.07
361	0.245487	-8048.76
362	0.245487	-8042.92
363	0.245487	-8049.2
364	0.245487	-8036.17
365	0.245487	-8041.39
366	0.245487	-8064.45
367	0.245487	-8048.06
368	0.245487	-8035.44
369	0.245487	-8050.51
370	0.245487	-8051.78
371	0.245487	-8082.1
372	0.245487	-8036.63
373	0.245487	-8080.09
374	0.245487	-8074.56
375	0.245487	-8070.6
376	0.245487	-8084.18
377	0.245487	-8061.24
378	0.245487	-8094.38
379	0.245487	-8080.81
380	0.245487	-8083.41
381	0.245487	-8073.74
382	0.245487	-8082.32
383	0.245487	-8075.78
384	0.245487	-8041.86
385	0.245487	-8054.18
386	0.245487	-8063.61
387	0.245487	-8092.23
388	0.245487	-8087.97
389	0.245487	-8088.68
390	0.245487	-8095.29
391	0.245487	-8096.73
392	0.245487	-8076.09
393	0.245487	-8087.7
394	0.245487	-8059.93
395	0.245487	-8067.39
396	0.245487	-8068.03
397	0.245487	-8073.36
398	0.245487	-8040.08
399	0.245487	-8032.66
400	0.245487	-8055.39
401	0.245487	-8043.56
402	0.245487	-8065.98
403	0.245487	-8045.36
404	0.245487	-8064.41
405	0.245487	-8064.93
406	0.245487	-8031.22
407	0.245487	-8028.91
408	0.245487	-8036.63
409	0.245487	-8046.82
410	0.245487	-8051.64
411	0.245487	-8062.92
412	0.245487	-8059.24
413	0.245487	-8056.56
414	0.245487	-8085.66
415	0.245487	-8076.57
416	0.245487	-8065.87
417	0.245487	-8071.28
418	0.245487	-8074.5
419	0.245487	-8075.04
420	0.245487	-8076.48
421	0.245487	-8066.69
422	0.245487	-8057.45
423	0.245487	-8042.25
424	0.245487	-8042.36
425	0.245487	-8041.8
426	0.245487	-8029.46
427	0.245487	-8045.67
428	0.245487	-8070.12
429	0.245487	-8058.58
430	0.245487	-8057.31
431	0.245487	-8079.92
432	0.245487	-8080.65
433	0.245487	-8073.41
434	0.245487	-8081.12
435	0.245487	-8047.74
436	0.245487	-8064.53
437	0.245487	-8063.01
438	0.245487	-8069.08
439	0.245487	-8072.43
440	0.245487	-8067.84
441	0.245487	-8073.22
442	0.245487	-8073.35
443	0.245487	-8078.88
444	0.245487	-8076.25
445	0.245487	-8074.64
446	0.245487	-8065.43
447	0.245487	-8067.17
448	0.245487	-8103.24
449	0.245487	-8083.92
450	0.245487	-8067.04
451	0.245487	-8082.45
452	0.245487	-8095.18
453	0.245487	-8058.45
454	0.245487	-8052.12
455	0.245487	-8050.17
456	0.245487	-8057.69
457	0.245487	-8068.62
458	0.245487	-8049.83
459	0.245487	-8052.45
460	0.245487	-8055.34
461	0.245487	-8060.05
462	0.245487	-8063.07
463	0.245487	-8065.68
464	0.245487	-8056.81
465	0.245487	-8070.27
466	0.245487	-8074.58
467	0.245487	-8059.21
468	0.245487	-8055.59
469	0.245487	-8048.51
470	0.245487	-8034.58
471	0.245487	-8052.78
472	0.245487	-8069.33
473	0.245487	-8051.92
474	0.245487	-8071.6
475	0.245487	-8093.48
476	0.245487	-8063.24
477	0.245487	-8068.34
478	0.245487	-8058.34
479	0.245487	-8063.5
480	0.245487	-8065.41
481	0.245487	-8078.57
482	0.245487	-8085.57
483	0.245487	-8089.13
484	0.245487	-8079.52
485	0.245487	-8096.78
486	0.245487	-8097.54
487	0.245487	-8075.14
488	0.245487	-8095.97
489	0.245487	-8076.52
490	0.245487	-8043.17
491	0.245487	-8071.32
492	0.245487	-8060.7
493	0.245487	-8044.5
494	0.245487	-8064.88
495	0.245487	-8058.5
496	0.245487	-8043.37
497	0.245487	-8065.32
498	0.245487	-8051.28
499	0.245487	-8041.46
500	0.245487	-8046.33
501	0.245487	-8052.64
502	0.245487	-8059.2
503	0.245487	-8052.35
504	0.245487	-8033.96
505	0.245487	-8044.59
506	0.245487	-8054.05
507	0.245487	-8059
508	0.245487	-8046.41
509	0.245487	-8074.69
510	0.245487	-8058.78
511	0.245487	-8065.9
512	0.245487	-8062.25
513	0.245487	-8051.19
514	0.245487	-8064.91
515	0.245487	-8043.93
516	0.245487	-8065.38
517	0.245487	-8061.75
518	0.245487	-8044.46
519	0.245487	-8086
520	0.245487	-8073.34
521	0.245487	-8064.63
522	0.245487	-8073.62
523	0.245487	-8092.01
524	0.245487	-8058.76
525	0.245487	-8061.81
526	0.245487	-8054.12
527	0.245487	-8051.8
528	0.245487	-8056.42
529	0.245487	-8050.29
530	0.245487	-8043.69
531	0.245487	-8050.23
532	0.245487	-8044.95
533	0.245487	-8058.69
534	0.245487	-8065.56
535	0.245487	-8074.11
536	0.245487	-8083.16
537	0.245487	-8054.79
538	0.245487	-8087.74
539	0.245487	-8133.66
540	0.245487	-8140.07
541	0.245487	-8096.47
542	0.245487	-8077.56
543	0.245487	-8057.67
544	0.245487	-8083.84
545	0.245487	-8074.75
546	0.245487	-8080.77
547	0.245487	-8092.81
548	0.245487	-8100.3
549	0.245487	-8084.55
550	0.245487	-8115.92
551	0.245487	-8094.26
552	0.245487	-8101.35
553	0.245487	-8086.33
554	0.245487	-8061.98
555	0.245487	-8076.34
556	0.245487	-8072.66
557	0.245487	-8064.8
558	0.245487	-8046.67
559	0.245487	-8043.61
560	0.245487	-8033.83
561	0.245487	-8022.82
562	0.245487	-8034.13
563	0.245487	-8051.42
564	0.245487	-8057.73
565	0.245487	-8095.79
566	0.245487	-8082.92
567	0.245487	-8082.98
568	0.245487	-8084.51
569	0.245487	-8080.74
570	0.245487	-8089.45
571	0.245487	-8046.11
572	0.245487	-8053.72
573	0.245487	-8066.16
574	0.245487	-8051.92
575	0.245487	-8083.78
576	0.245487	-8035.84
577	0.245487	-8071.84
578	0.245487	-8050.04
579	0.245487	-8058.29
580	0.245487	-8068.97
581	0.245487	-8048.07
582	0.245487	-8041.03
583	0.245487	-8038.65
584	0.245487	-8053.75
585	0.245487	-8053.9
586	0.245487	-8055.96
587	0.245487	-8059.69
588	0.245487	-8072.04
589	0.245487	-8083.4
590	0.245487	-8067.35
591	0.245487	-8057.22
592	0.245487	-8054.78
593	0.245487	-8104.03
594	0.245487	-8083.95
595	0.245487	-8076.81
596	0.245487	-8051.68
597	0.245487	-8042.01
598	0.245487	-8061.16
599	0.245487	-8075.11
600	0.245487	-8064.43
601	0.245487	-8041.15
602	0.245487	-8030.23
603	0.245487	-8055.75
604	0.245487	-8048.47
605	0.245487	-8046.04
606	0.245487	-8046.73
607	0.245487	-8047.54
608	0.245487	-8061.47
609	0.245487	-8058.09
610	0.245487	-8061.06
611	0.245487	-8060.31
612	0.245487	-8075.57
613	0.245487	-8084.36
614	0.245487	-8088.02
615	0.245487	-8047.29
616	0.245487	-8068.71
617	0.245487	-8068.01
618	0.245487	-8062.02
619	0.245487	-8073.88
620	0.245487	-8063.72
621	0.245487	-8067.69
622	0.245487	-8048.76
623	0.245487	-8056.3
624	0.245487	-8046.13
625	0.245487	-8069.04
626	0.245487	-8057.06
627	0.245487	-8041.31
628	0.245487	-8037.25
629	0.245487	-8036.84
630	0.245487	-8062.57
631	0.245487	-8069.8
632	0.245487	-8069.95
633	0.245487	-8053.29
634	0.245487	-8047.34
635	0.245487	-8049.64
636	0.245487	-8066.93
637	0.245487	-8053.72
638	0.245487	-8062.84
639	0.245487	-8062.5
640	0.245487	-8066.29
641	0.245487	-8059.45
642	0.245487	-8050.23
643	0.245487	-8045.78
644	0.245487	-8052.86
645	0.245487	-8060.98
646	0.245487	-8043.79
647	0.245487	-8057.97
648	0.245487	-8046.23
649	0.245487	-8065.71
650	0.245487	-8038.42
651	0.245487	-8050.35
652	0.245487	-8060.49
653	0.245487	-8029.7
654	0.245487	-8039.01
655	0.245487	-8074.32
656	0.245487	-8077.2
657	0.245487	-8064.77
658	0.245487	-8068.15
659	0.245487	-8051.54
660	0.245487	-8081.31
661	0.245487	-8079.45
662	0.245487	-8090.74
663	0.245487	-8054.65
664	0.245487	-8072.71
665	0.245487	-8071.23
666	0.245487	-8061.37
667	0.245487	-8052.04
668	0.245487	-8085.14
669	0.245487	-8085.38
670	0.245487	-8057.28
671	0.245487	-8053.2
672	0.245487	-8042.35
673	0.245487	-8034.09
674	0.245487	-8057.48
675	0.245487	-8048.41
676	0.245487	-8045.72
677	0.245487	-8047.43
678	0.245487	-8053.3
679	0.245487	-8063.5
680	0.245487	-8049.48
681	0.245487	-8057.4
682	0.245487	-8048.08
683	0.245487	-8046.97
684	0.245487	-8036.67
685	0.245487	-8039.57
686	0.245487	-8071.58
687	0.245487	-8054.98
688	0.245487	-8044.84
689	0.245487	-8043.63
690	0.245487	-8073.55
691	0.245487	-8047.56
692	0.245487	-8075.06
693	0.245487	-8060.52
694	0.245487	-8046.98
695	0.245487	-8041.19
696	0.245487	-8033.23
697	0.245487	-8050.95
698	0.245487	-8059.52
699	0.245487	-8067.05
700	0.245487	-8071.03
701	0.245487	-8056.45
702	0.245487	-8064.48
703	0.245487	-8063.78
704	0.245487	-8072.69
705	0.245487	-8082.65
706	0.245487	-8073.77
707	0.245487	-8093.67
708	0.245487	-8095.62
709	0.245487	-8083.64
710	0.245487	-8057.84
711	0.245487	-8084.5
712	0.245487	-8078.5
713	0.245487	-8100.19
714	0.245487	-8083.04
715	0.245487	-8082.52
716	0.245487	-8050.39
717	0.245487	-8046.02
718	0.245487	-8040.64
719	0.245487	-8039.85
720	0.245487	-8036.4
721	0.245487	-8038.35
722	0.245487	-8055.88
723	0.245487	-8069.97
724	0.245487	-8090.33
725	0.245487	-8078.29
726	0.245487	-8072.97
727	0.245487	-8065.93
728	0.245487	-8046.05
729	0.245487	-8057.2
730	0.245487	-8074.09
731	0.245487	-8071.05
732	0.245487	-8064.76
733	0.245487	-8052.51
734	0.245487	-8064.79
735	0.245487	-8041.21
736	0.245487	-8055.72
737	0.245487	-8067.01
738	0.245487	-8045.86
739	0.245487	-8030.65
740	0.245487	-8069.93
741	0.245487	-8094.25
742	0.245487	-8048.77
743	0.245487	-8047.87
744	0.245487	-8068.18
745	0.245487	-8064.18
746	0.245487	-8041.06
747	0.245487	-8049.68
748	0.245487	-8028.17
749	0.245487	-8054.83
750	0.245487	-8065.61
751	0.245487	-8066.86
752	0.245487	-8044.22
753	0.245487	-8072.05
754	0.245487	-8052.36
755	0.245487	-8068.7
756	0.245487	-8095.21
757	0.245487	-8107.95
758	0.245487	-8070.07
759	0.245487	-8064.84
760	0.245487	-8060.32
761	0.245487	-8070.61
762	0.245487	-8079.66
763	0.245487	-8066.38
764	0.245487	-8067.27
765	0.245487	-8074.01
766	0.245487	-8071.81
767	0.245487	-8081.26
768	0.245487	-8065.1
769	0.245487	-8076.46
770	0.245487	-8077.75
771	0.245487	-8065.37
772	0.245487	-8067.38
773	0.245487	-8059.54
774	0.245487	-8062.75
775	0.245487	-8051.76
776	0.245487	-8040.99
777	0.245487	-8043.48
778	0.245487	-8072.16
779	0.245487	-8060.31
780	0.245487	-8077.5
781	0.245487	-8067.72
782	0.245487	-8059.82
783	0.245487	-8049.87
784	0.245487	-8038.11
785	0.245487	-8055.49
786	0.245487	-8056.86
787	0.245487	-8064.8
788	0.245487	-8050.31
789	0.245487	-8053.68
790	0.245487	-8057.28
791	0.245487	-8033.41
792	0.245487	-8036.67
793	0.245487	-8041.2
794	0.245487	-8056.23
795	0.245487	-8037.09
796	0.245487	-8055.3
797	0.245487	-8058.85
798	0.245487	-8087.36
799	0.245487	-8091.77
800	0.245487	-8083.63
801	0.245487	-8070.72
802	0.245487	-8068.31
803	0.245487	-8070.05
804	0.245487	-8062.62
805	0.245487	-8064.2
806	0.245487	-8065.25
807	0.245487	-8062.21
808	0.245487	-8080.2
809	0.245487	-8077.27
810	0.245487	-8081.11
811	0.245487	-8128.06
812	0.245487	-8112.3
813	0.245487	-8113.34
814	0.245487	-8112.56
815	0.245487	-8083.89
816	0.245487	-8061.73
817	0.245487	-8077.27
818	0.245487	-8062.33
819	0.245487	-8055.96
820	0.245487	-8050.58
821	0.245487	-8071.14
822	0.245487	-8051.99
823	0.245487	-8066.08
824	0.245487	-8063.49
825	0.245487	-8046.33
826	0.245487	-8046.83
827	0.245487	-8063.81
828	0.245487	-8059.26
829	0.245487	-8035.2
830	0.245487	-8044.65
831	0.245487	-8053.11
832	0.245487	-8070.89
833	0.245487	-8079.92
834	0.245487	-8075
835	0.245487	-8079.69
836	0.245487	-8086.78
837	0.245487	-8091.74
838	0.245487	-8071.49
839	0.245487	-8045.76
840	0.245487	-8074.14
841	0.245487	-8042.16
842	0.245487	-8085.16
843	0.245487	-8059.79
844	0.245487	-8059.22
845	0.245487	-8065.64
846	0.245487	-8050.55
847	0.245487	-8052.07
848	0.245487	-8057.26
849	0.245487	-8043.89
850	0.245487	-8063.04
851	0.245487	-8044.77
852	0.245487	-8039.7
853	0.245487	-8028.22
854	0.245487	-8058.1
855	0.245487	-8055.36
856	0.245487	-8056.97
857	0.245487	-8049.96
858	0.245487	-8059.97
859	0.245487	-8078.74
860	0.245487	-8051.2
861	0.245487	-8061.57
862	0.245487	-8060.68
863	0.245487	-8052.22
864	0.245487	-8054.65
865	0.245487	-8073.01
866	0.245487	-8055.85
867	0.245487	-8069.24
868	0.245487	-8054.2
869	0.245487	-8051.54
870	0.245487	-8053.45
871	0.245487	-8050.41
872	0.245487	-8027.59
873	0.245487	-8040.9
874	0.245487	-8039.29
875	0.245487	-8036.55
876	0.245487	-8038.66
877	0.245487	-8028.5
878	0.245487	-8042.61
879	0.245487	-8059.88
880	0.245487	-8057.61
881	0.245487	-8060.55
882	0.245487	-8053.84
883	0.245487	-8062.23
884	0.245487	-8047.76
885	0.245487	-8069.22
886	0.245487	-8072.57
887	0.245487	-8078.64
888	0.245487	-8063.59
889	0.245487	-8064.92
890	0.245487	-8059.02
891	0.245487	-8056.1
892	0.245487	-8070.79
893	0.245487	-8103.27
894	0.245487	-8066.35
895	0.245487	-8060.6
896	0.245487	-8057.84
897	0.245487	-8059.54
898	0.245487	-8070.59
899	0.245487	-8061.73
900	0.245487	-8052.81
901	0.245487	-8043.79
902	0.245487	-8061.68
903	0.245487	-8110.7
904	0.245487	-8120.39
905	0.245487	-8087.01
906	0.245487	-8047.87
907	0.245487	-8100.47
908	0.245487	-8071.48
909	0.245487	-8081.22
910	0.245487	-8075.13
911	0.245487	-8070.69
912	0.245487	-8062.8
913	0.245487	-8050.16
914	0.245487	-8067.66
915	0.245487	-8068.59
916	0.245487	-8058.35
917	0.245487	-8058.32
918	0.245487	-8079.79
919	0.245487	-8106.93
920	0.245487	-8075.15
921	0.245487	-8067.12
922	0.245487	-8074.34
923	0.245487	-8066.29
924	0.245487	-8051.2
925	0.245487	-8068.09
926	0.245487	-8039.85
927	0.245487	-8050.1
928	0.245487	-8069.62
929	0.245487	-8096.23
930	0.245487	-8087.76
931	0.245487	-8039.72
932	0.245487	-8031.26
933	0.245487	-8043.96
934	0.245487	-8046.07
935	0.245487	-8056.27
936	0.245487	-8031.16
937	0.245487	-8056.66
938	0.245487	-8049.06
939	0.245487	-8043.17
940	0.245487	-8068.29
941	0.245487	-8063.81
942	0.245487	-8048.9
943	0.245487	-8069.71
944	0.245487	-8053.68
945	0.245487	-8052.67
946	0.245487	-8045.48
947	0.245487	-8062.68
948	0.245487	-8059.75
949	0.245487	-8069.99
950	0.245487	-8060.49
951	0.245487	-8085.86
952	0.245487	-8073.28
953	0.245487	-8042.96
954	0.245487	-8071.89
955	0.245487	-8056.42
956	0.245487	-8062.39
957	0.245487	-8052.14
958	0.245487	-8074.02
959	0.245487	-8073.04
960	0.245487	-8064.45
961	0.245487	-8052.77
962	0.245487	-8066.98
963	0.245487	-8070.09
964	0.245487	-8046.87
965	0.245487	-8068.74
966	0.245487	-8070.02
967	0.245487	-8087.52
968	0.245487	-8087.37
969	0.245487	-8109.58
970	0.245487	-8063.99
971	0.245487	-8075.06
972	0.245487	-8081.23
973	0.245487	-8089.26
974	0.245487	-8054.71
975	0.245487	-8052.27
976	0.245487	-8048.65
977	0.245487	-8059.55
978	0.245487	-8039.87
979	0.245487	-8058.02
980	0.245487	-8070.5
981	0.245487	-8071.52
982	0.245487	-8091.21
983	0.245487	-8081.44
984	0.245487	-8065.57
985	0.245487	-8068.47
986	0.245487	-8077.33
987	0.245487	-8089.19
988	0.245487	-8075.57
989	0.245487	-8064.79
990	0.245487	-8064.23
991	0.245487	-8074.95
992	0.245487	-8096.83
993	0.245487	-8118.21
994	0.245487	-8112.65
995	0.245487	-8122.92
996	0.245487	-8093.46
997	0.245487	-8094.58
998	0.245487	-8087.39
999	0.245487	-8104.37
1000	0.245487	-8073.4
251	0.214058	-8088.26
252	0.214058	-8067.07
253	0.214058	-8059.71
254	0.214058	-8055.56
255	0.214058	-8069.91
256	0.214058	-8071.03
257	0.214058	-8070.34
258	0.214058	-8098.94
259	0.214058	-8075
260	0.214058	-8076.22
261	0.214058	-8103.66
262	0.214058	-8097.37
263	0.214058	-8104.12
264	0.214058	-8101.55
265	0.214058	-8101.8
266	0.214058	-8106.02
267	0.214058	-8083.02
268	0.214058	-8123.02
269	0.214058	-8098.22
270	0.214058	-8093.34
271	0.214058	-8070.19
272	0.214058	-8083.19
273	0.214058	-8075.58
274	0.214058	-8095.26
275	0.214058	-8080.85
276	0.214058	-8082.47
277	0.214058	-8065.09
278	0.214058	-8058.41
279	0.214058	-8056.78
280	0.214058	-8062.7
281	0.214058	-8084.32
282	0.214058	-8094.48
283	0.214058	-8094.1
284	0.214058	-8071.4
285	0.214058	-8069.92
286	0.214058	-8043.06
287	0.214058	-8067.82
288	0.214058	-8083.29
289	0.214058	-8080.07
290	0.214058	-8087.34
291	0.214058	-8086.35
292	0.214058	-8081.98
293	0.214058	-8097.37
294	0.214058	-8104.71
295	0.214058	-8090.04
296	0.214058	-8069.75
297	0.214058	-8094.65
298	0.214058	-8111.45
299	0.214058	-8072.02
300	0.214058	-8091.73
301	0.214058	-8065.07
302	0.214058	-8058.28
303	0.214058	-8083.46
304	0.214058	-8072.28
305	0.214058	-8096.94
306	0.214058	-8068.22
307	0.214058	-8060.16
308	0.214058	-8050.05
309	0.214058	-8061.66
310	0.214058	-8065.6
311	0.214058	-8081.2
312	0.214058	-8071.7
313	0.214058	-8079.05
314	0.214058	-8096.54
315	0.214058	-8080.15
316	0.214058	-8062.48
317	0.214058	-8066.97
318	0.214058	-8074.34
319	0.214058	-8088.26
320	0.214058	-8071.98
321	0.214058	-8065.08
322	0.214058	-8075.19
323	0.214058	-8076.57
324	0.214058	-8059.44
325	0.214058	-8067.85
326	0.214058	-8083.4
327	0.214058	-8085.81
328	0.214058	-8087.16
329	0.214058	-8079.43
330	0.214058	-8076.61
331	0.214058	-8089
332	0.214058	-8054.47
333	0.214058	-8053.28
334	0.214058	-8051.08
335	0.214058	-8056.6
336	0.214058	-8073.84
337	0.214058	-8055.59
338	0.214058	-8059.79
339	0.214058	-8055.6
340	0.214058	-8061.6
341	0.214058	-8067.39
342	0.214058	-8058.97
343	0.214058	-8048.99
344	0.214058	-8068.96
345	0.214058	-8053.19
346	0.214058	-8043.4
347	0.214058	-8063.25
348	0.214058	-8050.67
349	0.214058	-8060.7
350	0.214058	-8051.75
351	0.214058	-8070.91
352	0.214058	-8065.35
353	0.214058	-8034.48
354	0.214058	-8033.78
355	0.214058	-8042.14
356	0.214058	-8051.37
357	0.214058	-8058.81
358	0.214058	-8049.28
359	0.214058	-8038.8
360	0.214058	-8056.9
361	0.214058	-8070.44
362	0.214058	-8096.64
363	0.214058	-8069.23
364	0.214058	-8069.82
365	0.214058	-8047.85
366	0.214058	-8066.88
367	0.214058	-8056.45
368	0.214058	-8068.56
369	0.214058	-8072.52
370	0.214058	-8077.87
371	0.214058	-8084.76
372	0.214058	-8112.27
373	0.214058	-8111.52
374	0.214058	-8088.58
375	0.214058	-8112.59
376	0.214058	-8083.89
377	0.214058	-8064.76
378	0.214058	-8057.67
379	0.214058	-8049.07
380	0.214058	-8067.64
381	0.214058	-8064.01
382	0.214058	-8104.22
383	0.214058	-8077.97
384	0.214058	-8108.34
385	0.214058	-8093.88
386	0.214058	-8063.95
387	0.214058	-8052.91
388	0.214058	-8089.98
389	0.214058	-8063.9
390	0.214058	-8047.63
391	0.214058	-8068.82
392	0.214058	-8065.4
393	0.214058	-8082.39
394	0.214058	-8089.72
395	0.214058	-8096.24
396	0.214058	-8072.61
397	0.214058	-8105.84
398	0.214058	-8090.01
399	0.214058	-8067.11
400	0.214058	-8119.9
401	0.214058	-8080.67
402	0.214058	-8075.81
403	0.214058	-8055.88
404	0.214058	-8063.25
405	0.214058	-8055.19
406	0.214058	-8058.56
407	0.214058	-8054.44
408	0.214058	-8049.54
409	0.214058	-8073.14
410	0.214058	-8081
411	0.214058	-8034.27
412	0.214058	-8074.07
413	0.214058	-8045.93
414	0.214058	-8051.87
415	0.214058	-8076.79
416	0.214058	-8064.79
417	0.214058	-8050.99
418	0.214058	-8055.11
419	0.214058	-8083.79
420	0.214058	-8089
421	0.214058	-8068.76
422	0.214058	-8091.85
423	0.214058	-8076.44
424	0.214058	-8095.9
425	0.214058	-8082.73
426	0.214058	-8079.62
427	0.214058	-8088.83
428	0.214058	-8078.75
429	0.214058	-8089.57
430	0.214058	-8084.56
431	0.214058	-8055.12
432	0.214058	-8077.68
433	0.214058	-8049.94
434	0.214058	-8049.42
435	0.214058	-8063.74
436	0.214058	-8075.4
437	0.214058	-8066.45
438	0.214058	-8060.47
439	0.214058	-8053.56
440	0.214058	-8051.86
441	0.214058	-8084.5
442	0.214058	-8087.61
443	0.214058	-8093.48
444	0.214058	-8096.8
445	0.214058	-8103.03
446	0.214058	-8082.67
447	0.214058	-8070.46
448	0.214058	-8065.9
449	0.214058	-8102.63
450	0.214058	-8111.76
451	0.214058	-8092.13
452	0.214058	-8068.66
453	0.214058	-8078.74
454	0.214058	-8072.45
455	0.214058	-8061.87
456	0.214058	-8077.13
457	0.214058	-8101.6
458	0.214058	-8049.86
459	0.214058	-8059.45
460	0.214058	-8070.54
461	0.214058	-8117.01
462	0.214058	-8102.88
463	0.214058	-8109.9
464	0.214058	-8099.26
465	0.214058	-8076.94
466	0.214058	-8070.58
467	0.214058	-8087.9
468	0.214058	-8096.05
469	0.214058	-8096.67
470	0.214058	-8099.69
471	0.214058	-8094.01
472	0.214058	-8092.06
473	0.214058	-8111.35
474	0.214058	-8114.22
475	0.214058	-8097.74
476	0.214058	-8080.06
477	0.214058	-8089.25
478	0.214058	-8079.47
479	0.214058	-8044.7
480	0.214058	-8058.35
481	0.214058	-8077.43
482	0.214058	-8083.77
483	0.214058	-8061.17
484	0.214058	-8088.05
485	0.214058	-8057.31
486	0.214058	-8059.04
487	0.214058	-8066.77
488	0.214058	-8078.48
489	0.214058	-8093.99
490	0.214058	-8115.84
491	0.214058	-8093.53
492	0.214058	-8078.49
493	0.214058	-8092.01
494	0.214058	-8118.68
495	0.214058	-8123.22
496	0.214058	-8102.61
497	0.214058	-8093.59
498	0.214058	-8117.03
499	0.214058	-8104.94
500	0.214058	-8075.42
501	0.214058	-8078.16
502	0.214058	-8077.12
503	0.214058	-8096.88
504	0.214058	-8119.36
505	0.214058	-8091.46
506	0.214058	-8081.48
507	0.214058	-8074.56
508	0.214058	-8083.63
509	0.214058	-8110.53
510	0.214058	-8079.86
511	0.214058	-8083.43
512	0.214058	-8098.66
513	0.214058	-8103.65
514	0.214058	-8066.04
515	0.214058	-8081.58
516	0.214058	-8058
517	0.214058	-8061.4
518	0.214058	-8050.55
519	0.214058	-8066
520	0.214058	-8071.64
521	0.214058	-8075.98
522	0.214058	-8090.69
523	0.214058	-8077.72
524	0.214058	-8075.04
525	0.214058	-8074.49
526	0.214058	-8092.48
527	0.214058	-8082.54
528	0.214058	-8064.55
529	0.214058	-8090.9
530	0.214058	-8061.5
531	0.214058	-8075.34
532	0.214058	-8059.61
533	0.214058	-8070.95
534	0.214058	-8059.67
535	0.214058	-8072.18
536	0.214058	-8072.43
537	0.214058	-8042.45
538	0.214058	-8055.66
539	0.214058	-8056.35
540	0.214058	-8062.49
541	0.214058	-8076.72
542	0.214058	-8055.24
543	0.214058	-8059.92
544	0.214058	-8072.16
545	0.214058	-8063.99
546	0.214058	-8096.94
547	0.214058	-8073.4
548	0.214058	-8075.8
549	0.214058	-8119.65
550	0.214058	-8080.04
551	0.214058	-8104.2
552	0.214058	-8093.61
553	0.214058	-8113.42
554	0.214058	-8114.55
555	0.214058	-8107.26
556	0.214058	-8083.28
557	0.214058	-8078.61
558	0.214058	-8084.36
559	0.214058	-8087.28
560	0.214058	-8099.11
561	0.214058	-8119.21
562	0.214058	-8074.51
563	0.214058	-8072.29
564	0.214058	-8108.99
565	0.214058	-8071.75
566	0.214058	-8122.74
567	0.214058	-8086.24
568	0.214058	-8065.87
569	0.214058	-8073.26
570	0.214058	-8092.79
571	0.214058	-8103.74
572	0.214058	-8096.93
573	0.214058	-8076.48
574	0.214058	-8065.92
575	0.214058	-8061.46
576	0.214058	-8051.98
577	0.214058	-8061.18
578	0.214058	-8079.23
579	0.214058	-8067.15
580	0.214058	-8093.77
581	0.214058	-8106.77
582	0.214058	-8090.8
583	0.214058	-8085.26
584	0.214058	-8097.24
585	0.214058	-8100.77
586	0.214058	-8077.38
587	0.214058	-8074.74
588	0.214058	-8079.52
589	0.214058	-8092.3
590	0.214058	-8054.63
591	0.214058	-8109.06
592	0.214058	-8138.51
593	0.214058	-8110.28
594	0.214058	-8073.67
595	0.214058	-8076.08
596	0.214058	-8093.22
597	0.214058	-8069.04
598	0.214058	-8054.87
599	0.214058	-8068.78
600	0.214058	-8072.08
601	0.214058	-8054.62
602	0.214058	-8070.97
603	0.214058	-8090.27
604	0.214058	-8080.29
605	0.214058	-8084.15
606	0.214058	-8081.4
607	0.214058	-8110.44
608	0.214058	-8088.63
609	0.214058	-8083.24
610	0.214058	-8089.75
611	0.214058	-8087.67
612	0.214058	-8103.43
613	0.214058	-8054.12
614	0.214058	-8062.3
615	0.214058	-8059.63
616	0.214058	-8057.95
617	0.214058	-8071.46
618	0.214058	-8090.23
619	0.214058	-8072.55
620	0.214058	-8054.22
621	0.214058	-8066.72
622	0.214058	-8057.78
623	0.214058	-8060.44
624	0.214058	-8068.25
625	0.214058	-8045.14
626	0.214058	-8080.64
627	0.214058	-8094.03
628	0.214058	-8076.11
629	0.214058	-8106.91
630	0.214058	-8090.69
631	0.214058	-8122.44
632	0.214058	-8059.3
633	0.214058	-8051.95
634	0.214058	-8046.63
635	0.214058	-8040.03
636	0.214058	-8126.51
637	0.214058	-8139.1
638	0.214058	-8085.56
639	0.214058	-8096.4
640	0.214058	-8066.68
641	0.214058	-8074.61
642	0.214058	-8073.16
643	0.214058	-8075.38
644	0.214058	-8084.67
645	0.214058	-8073.44
646	0.214058	-8074.3
647	0.214058	-8083.87
648	0.214058	-8068.22
649	0.214058	-8070.54
650	0.214058	-8081.99
651	0.214058	-8093.95
652	0.214058	-8061.37
653	0.214058	-8067.18
654	0.214058	-8064.53
655	0.214058	-8079.16
656	0.214058	-8091.84
657	0.214058	-8113.48
658	0.214058	-8111.69
659	0.214058	-8090.42
660	0.214058	-8103.48
661	0.214058	-8092.59
662	0.214058	-8103.52
663	0.214058	-8130.87
664	0.214058	-8060.2
665	0.214058	-8067.55
666	0.214058	-8090.36
667	0.214058	-8106.36
668	0.214058	-8083.17
669	0.214058	-8082.99
670	0.214058	-8054.84
671	0.214058	-8049.4
672	0.214058	-8060.55
673	0.214058	-8053.54
674	0.214058	-8081.87
675	0.214058	-8088.36
676	0.214058	-8083.2
677	0.214058	-8064.22
678	0.214058	-8076.05
679	0.214058	-8082.39
680	0.214058	-8031.11
681	0.214058	-8050.33
682	0.214058	-8083.39
683	0.214058	-8116.69
684	0.214058	-8082.04
685	0.214058	-8060.23
686	0.214058	-8092.64
687	0.214058	-8091.97
688	0.214058	-8064.97
689	0.214058	-8067.54
690	0.214058	-8075.04
691	0.214058	-8063.37
692	0.214058	-8066.21
693	0.214058	-8076.42
694	0.214058	-8065.5
695	0.214058	-8097.88
696	0.214058	-8088.18
697	0.214058	-8051.29
698	0.214058	-8045.82
699	0.214058	-8117.98
700	0.214058	-8118.35
701	0.214058	-8107.32
702	0.214058	-8114.86
703	0.214058	-8093.36
704	0.214058	-8093.8
705	0.214058	-8086.4
706	0.214058	-8083.01
707	0.214058	-8073.99
708	0.214058	-8068.58
709	0.214058	-8054.62
710	0.214058	-8070.02
711	0.214058	-8055.77
712	0.214058	-8075.55
713	0.214058	-8086.09
714	0.214058	-8085.11
715	0.214058	-8055.49
716	0.214058	-8057.68
717	0.214058	-8065.76
718	0.214058	-8079.64
719	0.214058	-8058.72
720	0.214058	-8079.17
721	0.214058	-8090.16
722	0.214058	-8094.57
723	0.214058	-8045.48
724	0.214058	-8070.91
725	0.214058	-8084.11
726	0.214058	-8075.04
727	0.214058	-8080.29
728	0.214058	-8073.23
729	0.214058	-8069.45
730	0.214058	-8086.5
731	0.214058	-8070.75
732	0.214058	-8049.77
733	0.214058	-8058.84
734	0.214058	-8043.34
735	0.214058	-8063.08
736	0.214058	-8054.16
737	0.214058	-8065.26
738	0.214058	-8066.3
739	0.214058	-8102.53
740	0.214058	-8092.14
741	0.214058	-8077.56
742	0.214058	-8071.9
743	0.214058	-8085.41
744	0.214058	-8096.56
745	0.214058	-8102.82
746	0.214058	-8096.16
747	0.214058	-8087.99
748	0.214058	-8079.61
749	0.214058	-8115.75
750	0.214058	-8101.56
751	0.214058	-8091.15
752	0.214058	-8101.9
753	0.214058	-8078.48
754	0.214058	-8093.79
755	0.214058	-8091.01
756	0.214058	-8098.95
757	0.214058	-8109.69
758	0.214058	-8104.33
759	0.214058	-8089.54
760	0.214058	-8067.78
761	0.214058	-8071.03
762	0.214058	-8089.9
763	0.214058	-8083.29
764	0.214058	-8089.91
765	0.214058	-8078.99
766	0.214058	-8090.98
767	0.214058	-8119.1
768	0.214058	-8116.66
769	0.214058	-8103.28
770	0.214058	-8107.45
771	0.214058	-8108.33
772	0.214058	-8092
773	0.214058	-8087.2
774	0.214058	-8055.31
775	0.214058	-8050.44
776	0.214058	-8070.83
777	0.214058	-8080.66
778	0.214058	-8079.89
779	0.214058	-8056.28
780	0.214058	-8083.41
781	0.214058	-8090.64
782	0.214058	-8078.53
783	0.214058	-8075.02
784	0.214058	-8063.07
785	0.214058	-8099.52
786	0.214058	-8075.44
787	0.214058	-8107.17
788	0.214058	-8126.19
789	0.214058	-8099.27
790	0.214058	-8105.1
791	0.214058	-8098.41
792	0.214058	-8081.86
793	0.214058	-8076.92
794	0.214058	-8074.03
795	0.214058	-8066.38
796	0.214058	-8074.75
797	0.214058	-8074.78
798	0.214058	-8108.8
799	0.214058	-8101.05
800	0.214058	-8100.97
801	0.214058	-8104.64
802	0.214058	-8098.58
803	0.214058	-8095.74
804	0.214058	-8061.75
805	0.214058	-8062.16
806	0.214058	-8070.64
807	0.214058	-8053.49
808	0.214058	-8069.82
809	0.214058	-8086.58
810	0.214058	-8102.96
811	0.214058	-8106.09
812	0.214058	-8092.92
813	0.214058	-8080.9
814	0.214058	-8113.45
815	0.214058	-8114.1
816	0.214058	-8100.28
817	0.214058	-8089.82
818	0.214058	-8106.61
819	0.214058	-8105.87
820	0.214058	-8110.72
821	0.214058	-8116.68
822	0.214058	-8098.26
823	0.214058	-8122.62
824	0.214058	-8131.15
825	0.214058	-8124.23
826	0.214058	-8101.99
827	0.214058	-8086.43
828	0.214058	-8061.98
829	0.214058	-8066.23
830	0.214058	-8072.5
831	0.214058	-8119.98
832	0.214058	-8076.27
833	0.214058	-8073.02
834	0.214058	-8060.26
835	0.214058	-8059.31
836	0.214058	-8056.23
837	0.214058	-8043.25
838	0.214058	-8050.8
839	0.214058	-8079.7
840	0.214058	-8078.92
841	0.214058	-8074.54
842	0.214058	-8072.12
843	0.214058	-8081.68
844	0.214058	-8090.09
845	0.214058	-8105.97
846	0.214058	-8071.28
847	0.214058	-8102.39
848	0.214058	-8110.02
849	0.214058	-8074.32
850	0.214058	-8073.11
851	0.214058	-8076.74
852	0.214058	-8086.28
853	0.214058	-8098.38
854	0.214058	-8093.47
855	0.214058	-8107.43
856	0.214058	-8074.22
857	0.214058	-8101.97
858	0.214058	-8100.51
859	0.214058	-8110.78
860	0.214058	-8115.5
861	0.214058	-8102.44
862	0.214058	-8096.36
863	0.214058	-8080.41
864	0.214058	-8083.14
865	0.214058	-8100.54
866	0.214058	-8109.31
867	0.214058	-8082.72
868	0.214058	-8071.96
869	0.214058	-8113.89
870	0.214058	-8093.01
871	0.214058	-8099.36
872	0.214058	-8117.15
873	0.214058	-8114.73
874	0.214058	-8077.25
875	0.214058	-8089.57
876	0.214058	-8093.15
877	0.214058	-8109.07
878	0.214058	-8141.16
879	0.214058	-8080.81
880	0.214058	-8058.97
881	0.214058	-8080.71
882	0.214058	-8087.7
883	0.214058	-8104.22
884	0.214058	-8112.48
885	0.214058	-8116.37
886	0.214058	-8119.23
887	0.214058	-8051.03
888	0.214058	-8060.18
889	0.214058	-8058.44
890	0.214058	-8068.69
891	0.214058	-8066.62
892	0.214058	-8064.85
893	0.214058	-8102.82
894	0.214058	-8048.89
895	0.214058	-8067.07
896	0.214058	-8057.72
897	0.214058	-8072.09
898	0.214058	-8068.73
899	0.214058	-8058.7
900	0.214058	-8077.41
901	0.214058	-8085.38
902	0.214058	-8078.03
903	0.214058	-8063.97
904	0.214058	-8074.32
905	0.214058	-8073.1
906	0.214058	-8078.49
907	0.214058	-8079.8
908	0.214058	-8078.08
909	0.214058	-8076.66
910	0.214058	-8079.94
911	0.214058	-8110.92
912	0.214058	-8087.71
913	0.214058	-8081.17
914	0.214058	-8075.65
915	0.214058	-8086.28
916	0.214058	-8077.86
917	0.214058	-8077.34
918	0.214058	-8069.39
919	0.214058	-8072.64
920	0.214058	-8082.22
921	0.214058	-8083.25
922	0.214058	-8072.71
923	0.214058	-8054.32
924	0.214058	-8071.48
925	0.214058	-8054.72
926	0.214058	-8095.57
927	0.214058	-8076.38
928	0.214058	-8087.7
929	0.214058	-8117.03
930	0.214058	-8082.79
931	0.214058	-8069.93
932	0.214058	-8059.76
933	0.214058	-8061.88
934	0.214058	-8053.64
935	0.214058	-8038.21
936	0.214058	-8042.29
937	0.214058	-8060.92
938	0.214058	-8061.96
939	0.214058	-8035.65
940	0.214058	-8065.1
941	0.214058	-8060.2
942	0.214058	-8066.66
943	0.214058	-8095.02
944	0.214058	-8067.14
945	0.214058	-8077.4
946	0.214058	-8096.16
947	0.214058	-8045.74
948	0.214058	-8076.31
949	0.214058	-8071.73
950	0.214058	-8067.58
951	0.214058	-8086.81
952	0.214058	-8078.99
953	0.214058	-8081.76
954	0.214058	-8095.29
955	0.214058	-8074.11
956	0.214058	-8117.69
957	0.214058	-8082.66
958	0.214058	-8073.33
959	0.214058	-8083.79
960	0.214058	-8049.65
961	0.214058	-8077.87
962	0.214058	-8082.66
963	0.214058	-8100.31
964	0.214058	-8088.45
965	0.214058	-8071.58
966	0.214058	-8065.71
967	0.214058	-8103.92
968	0.214058	-8088.88
969	0.214058	-8110.95
970	0.214058	-8082.78
971	0.214058	-8076.78
972	0.214058	-8077.65
973	0.214058	-8113.58
974	0.214058	-8076.04
975	0.214058	-8087.4
976	0.214058	-8081.31
977	0.214058	-8073.83
978	0.214058	-8089.84
979	0.214058	-8075.56
980	0.214058	-8107.03
981	0.214058	-8074.31
982	0.214058	-8099.94
983	0.214058	-8067.31
984	0.214058	-8081.82
985	0.214058	-8090.23
986	0.214058	-8078.7
987	0.214058	-8059.46
988	0.214058	-8071.29
989	0.214058	-8083.44
990	0.214058	-8081.01
991	0.214058	-8070.69
992	0.214058	-8081.18
993	0.214058	-8091.31
994	0.214058	-8055.51
995	0.214058	-8047.95
996	0.214058	-8065.82
997	0.214058	-8094.42
998	0.214058	-8092.78
999	0.214058	-8108.34
1000	0.214058	-8110.02
251	0.185935	-8111.77
252	0.185935	-8101.29
253	0.185935	-8080.53
254	0.185935	-8064.96
255	0.185935	-8045.4
256	0.185935	-8053.95
257	0.185935	-8091.75
258	0.185935	-8066.23
259	0.185935	-8087.47
260	0.185935	-8097.91
261	0.185935	-8080.77
262	0.185935	-8080.57
263	0.185935	-8088.19
264	0.185935	-8083.85
265	0.185935	-8072.85
266	0.185935	-8080.78
267	0.185935	-8098.58
268	0.185935	-8119.48
269	0.185935	-8116.28
270	0.185935	-8101.03
271	0.185935	-8093.67
272	0.185935	-8092.46
273	0.185935	-8120.78
274	0.185935	-8109.64
275	0.185935	-8084.16
276	0.185935	-8086.44
277	0.185935	-8078.75
278	0.185935	-8078.26
279	0.185935	-8091.78
280	0.185935	-8078.6
281	0.185935	-8112.87
282	0.185935	-8110.79
283	0.185935	-8090.92
284	0.185935	-8107.18
285	0.185935	-8098.17
286	0.185935	-8130.89
287	0.185935	-8106.85
288	0.185935	-8090.99
289	0.185935	-8080.89
290	0.185935	-8100.42
291	0.185935	-8114.07
292	0.185935	-8075.13
293	0.185935	-8095.98
294	0.185935	-8098.33
295	0.185935	-8138.25
296	0.185935	-8152.93
297	0.185935	-8128.1
298	0.185935	-8140.46
299	0.185935	-8142.87
300	0.185935	-8157.76
301	0.185935	-8184.37
302	0.185935	-8103.77
303	0.185935	-8104.01
304	0.185935	-8132.49
305	0.185935	-8076.15
306	0.185935	-8136.49
307	0.185935	-8164.12
308	0.185935	-8129.65
309	0.185935	-8106.94
310	0.185935	-8077.46
311	0.185935	-8090.2
312	0.185935	-8107.64
313	0.185935	-8098.69
314	0.185935	-8094.45
315	0.185935	-8083.2
316	0.185935	-8088.95
317	0.185935	-8085.47
318	0.185935	-8078.62
319	0.185935	-8094.06
320	0.185935	-8075.06
321	0.185935	-8070.44
322	0.185935	-8082.93
323	0.185935	-8089.71
324	0.185935	-8109.63
325	0.185935	-8108.3
326	0.185935	-8089.04
327	0.185935	-8091.74
328	0.185935	-8100.83
329	0.185935	-8089.38
330	0.185935	-8088.55
331	0.185935	-8093.63
332	0.185935	-8113.47
333	0.185935	-8120.67
334	0.185935	-8069.55
335	0.185935	-8074.58
336	0.185935	-8065.93
337	0.185935	-8114.68
338	0.185935	-8102.08
339	0.185935	-8083.97
340	0.185935	-8079.03
341	0.185935	-8069.43
342	0.185935	-8078.92
343	0.185935	-8077.18
344	0.185935	-8079.13
345	0.185935	-8092.64
346	0.185935	-8083.21
347	0.185935	-8127.77
348	0.185935	-8100.62
349	0.185935	-8061.51
350	0.185935	-8078.02
351	0.185935	-8071.98
352	0.185935	-8099.41
353	0.185935	-8099.73
354	0.185935	-8118.49
355	0.185935	-8086.9
356	0.185935	-8102.58
357	0.185935	-8106.51
358	0.185935	-8070.06
359	0.185935	-8064.6
360	0.185935	-8051.05
361	0.185935	-8056.43
362	0.185935	-8090.19
363	0.185935	-8078.1
364	0.185935	-8076.47
365	0.185935	-8094.76
366	0.185935	-8108.82
367	0.185935	-8053.38
368	0.185935	-8066.71
369	0.185935	-8066.16
370	0.185935	-8049.86
371	0.185935	-8052.1
372	0.185935	-8064.73
373	0.185935	-8069.52
374	0.185935	-8042.78
375	0.185935	-8083.39
376	0.185935	-8084.42
377	0.185935	-8077.16
378	0.185935	-8085.92
379	0.185935	-8087.12
380	0.185935	-8104.62
381	0.185935	-8080.56
382	0.185935	-8108.65
383	0.185935	-8106.96
384	0.185935	-8075.86
385	0.185935	-8071.43
386	0.185935	-8102.99
387	0.185935	-8077.58
388	0.185935	-8097.59
389	0.185935	-8101.9
390	0.185935	-8120.09
391	0.185935	-8078.4
392	0.185935	-8091.33
393	0.185935	-8071.64
394	0.185935	-8089.59
395	0.185935	-8087.05
396	0.185935	-8122.06
397	0.185935	-8086.51
398	0.185935	-8070.13
399	0.185935	-8093.65
400	0.185935	-8078.96
401	0.185935	-8086.56
402	0.185935	-8101.5
403	0.185935	-8104.81
404	0.185935	-8147.39
405	0.185935	-8146.28
406	0.185935	-8154.5
407	0.185935	-8140.3
408	0.185935	-8117.77
409	0.185935	-8117.59
410	0.185935	-8143.92
411	0.185935	-8110.59
412	0.185935	-8117.09
413	0.185935	-8118.22
414	0.185935	-8129.81
415	0.185935	-8094.21
416	0.185935	-8120.85
417	0.185935	-8104.39
418	0.185935	-8137.89
419	0.185935	-8114.92
420	0.185935	-8136.58
421	0.185935	-8146.93
422	0.185935	-8145.49
423	0.185935	-8083.87
424	0.185935	-8086.51
425	0.185935	-8087.6
426	0.185935	-8121.1
427	0.185935	-8131.03
428	0.185935	-8141.14
429	0.185935	-8110.01
430	0.185935	-8096.33
431	0.185935	-8101.39
432	0.185935	-8127.16
433	0.185935	-8091.99
434	0.185935	-8098.8
435	0.185935	-8119.2
436	0.185935	-8103.22
437	0.185935	-8100.23
438	0.185935	-8117.27
439	0.185935	-8110.25
440	0.185935	-8099.83
441	0.185935	-8080.59
442	0.185935	-8096.25
443	0.185935	-8084.75
444	0.185935	-8090.52
445	0.185935	-8108.36
446	0.185935	-8084.48
447	0.185935	-8095.86
448	0.185935	-8091.31
449	0.185935	-8097.01
450	0.185935	-8147.08
451	0.185935	-8132.99
452	0.185935	-8116.39
453	0.185935	-8084.59
454	0.185935	-8081.85
455	0.185935	-8087.51
456	0.185935	-8091.4
457	0.185935	-8096.03
458	0.185935	-8079.4
459	0.185935	-8070.52
460	0.185935	-8109.87
461	0.185935	-8101.14
462	0.185935	-8103.92
463	0.185935	-8100.01
464	0.185935	-8061.97
465	0.185935	-8087.85
466	0.185935	-8082.72
467	0.185935	-8056.14
468	0.185935	-8047.08
469	0.185935	-8074.54
470	0.185935	-8075.31
471	0.185935	-8081.56
472	0.185935	-8079.01
473	0.185935	-8092.68
474	0.185935	-8089.77
475	0.185935	-8057.77
476	0.185935	-8098.97
477	0.185935	-8103.91
478	0.185935	-8088.15
479	0.185935	-8088.48
480	0.185935	-8092.66
481	0.185935	-8075.46
482	0.185935	-8056.97
483	0.185935	-8053.85
484	0.185935	-8095.07
485	0.185935	-8100.23
486	0.185935	-8111.99
487	0.185935	-8079.19
488	0.185935	-8060.27
489	0.185935	-8061.82
490	0.185935	-8086.64
491	0.185935	-8088.24
492	0.185935	-8073.54
493	0.185935	-8054.37
494	0.185935	-8092.13
495	0.185935	-8098.62
496	0.185935	-8128.23
497	0.185935	-8079.68
498	0.185935	-8096.52
499	0.185935	-8099.83
500	0.185935	-8103.03
501	0.185935	-8112.17
502	0.185935	-8136.28
503	0.185935	-8086.62
504	0.185935	-8118.26
505	0.185935	-8121.81
506	0.185935	-8111.79
507	0.185935	-8128.75
508	0.185935	-8087.53
509	0.185935	-8092.64
510	0.185935	-8107.3
511	0.185935	-8068
512	0.185935	-8099.78
513	0.185935	-8053.8
514	0.185935	-8075.83
515	0.185935	-8083.75
516	0.185935	-8099.9
517	0.185935	-8059.36
518	0.185935	-8093.03
519	0.185935	-8111.75
520	0.185935	-8144.91
521	0.185935	-8074.61
522	0.185935	-8049.72
523	0.185935	-8072.5
524	0.185935	-8062.8
525	0.185935	-8099.94
526	0.185935	-8124.24
527	0.185935	-8094.51
528	0.185935	-8085.38
529	0.185935	-8073.08
530	0.185935	-8067.43
531	0.185935	-8119.41
532	0.185935	-8137.12
533	0.185935	-8109.77
534	0.185935	-8095.35
535	0.185935	-8102.15
536	0.185935	-8092.02
537	0.185935	-8111.93
538	0.185935	-8099.34
539	0.185935	-8101.51
540	0.185935	-8071.85
541	0.185935	-8089.8
542	0.185935	-8100.44
543	0.185935	-8111.38
544	0.185935	-8098.69
545	0.185935	-8110.68
546	0.185935	-8118.58
547	0.185935	-8110.65
548	0.185935	-8124.87
549	0.185935	-8098.48
550	0.185935	-8128.85
551	0.185935	-8099.89
552	0.185935	-8083.18
553	0.185935	-8073.96
554	0.185935	-8073.14
555	0.185935	-8074.81
556	0.185935	-8060.46
557	0.185935	-8099.18
558	0.185935	-8071.14
559	0.185935	-8065.27
560	0.185935	-8073.98
561	0.185935	-8106.61
562	0.185935	-8108.77
563	0.185935	-8110.5
564	0.185935	-8129.38
565	0.185935	-8120.83
566	0.185935	-8151.84
567	0.185935	-8164.73
568	0.185935	-8118.21
569	0.185935	-8119.73
570	0.185935	-8129.59
571	0.185935	-8139
572	0.185935	-8112.98
573	0.185935	-8101.67
574	0.185935	-8090.38
575	0.185935	-8102.92
576	0.185935	-8078.98
577	0.185935	-8087.33
578	0.185935	-8115.87
579	0.185935	-8067.46
580	0.185935	-8063.62
581	0.185935	-8060.95
582	0.185935	-8061.02
583	0.185935	-8096.44
584	0.185935	-8070.79
585	0.185935	-8091.81
586	0.185935	-8106.46
587	0.185935	-8124.89
588	0.185935	-8083.89
589	0.185935	-8075.65
590	0.185935	-8078.92
591	0.185935	-8064.45
592	0.185935	-8078.05
593	0.185935	-8058.83
594	0.185935	-8064.79
595	0.185935	-8065.34
596	0.185935	-8078.07
597	0.185935	-8071.8
598	0.185935	-8082.66
599	0.185935	-8071.64
600	0.185935	-8066.12
601	0.185935	-8064.03
602	0.185935	-8099.1
603	0.185935	-8093.82
604	0.185935	-8066.95
605	0.185935	-8063.83
606	0.185935	-8124.75
607	0.185935	-8091.5
608	0.185935	-8080.51
609	0.185935	-8110.42
610	0.185935	-8124.62
611	0.185935	-8124.34
612	0.185935	-8133.81
613	0.185935	-8145.43
614	0.185935	-8100.58
615	0.185935	-8062.3
616	0.185935	-8071.19
617	0.185935	-8083.74
618	0.185935	-8097.43
619	0.185935	-8108.22
620	0.185935	-8107.1
621	0.185935	-8097.82
622	0.185935	-8099.47
623	0.185935	-8067.66
624	0.185935	-8062.87
625	0.185935	-8080.22
626	0.185935	-8046.25
627	0.185935	-8050.85
628	0.185935	-8073.32
629	0.185935	-8045.23
630	0.185935	-8104.76
631	0.185935	-8089.22
632	0.185935	-8123.81
633	0.185935	-8100.49
634	0.185935	-8069.99
635	0.185935	-8083.93
636	0.185935	-8086.14
637	0.185935	-8074.51
638	0.185935	-8078.07
639	0.185935	-8105.13
640	0.185935	-8071.37
641	0.185935	-8038.31
642	0.185935	-8063.49
643	0.185935	-8069.03
644	0.185935	-8068.75
645	0.185935	-8074.39
646	0.185935	-8113.22
647	0.185935	-8087.23
648	0.185935	-8088.84
649	0.185935	-8077.88
650	0.185935	-8052.86
651	0.185935	-8085.93
652	0.185935	-8077.08
653	0.185935	-8097.6
654	0.185935	-8074.66
655	0.185935	-8059.58
656	0.185935	-8061.69
657	0.185935	-8060
658	0.185935	-8054.48
659	0.185935	-8069.69
660	0.185935	-8127.24
661	0.185935	-8102.7
662	0.185935	-8076.92
663	0.185935	-8124.7
664	0.185935	-8134.22
665	0.185935	-8097.81
666	0.185935	-8067.43
667	0.185935	-8089.14
668	0.185935	-8087.43
669	0.185935	-8090.13
670	0.185935	-8063.32
671	0.185935	-8089.37
672	0.185935	-8074.07
673	0.185935	-8055.34
674	0.185935	-8074.17
675	0.185935	-8081.21
676	0.185935	-8097.6
677	0.185935	-8110.18
678	0.185935	-8074.15
679	0.185935	-8092.69
680	0.185935	-8118.7
681	0.185935	-8136.16
682	0.185935	-8068
683	0.185935	-8072.58
684	0.185935	-8134.52
685	0.185935	-8120.19
686	0.185935	-8080.01
687	0.185935	-8112.77
688	0.185935	-8095.15
689	0.185935	-8093.83
690	0.185935	-8091.15
691	0.185935	-8119.49
692	0.185935	-8102.14
693	0.185935	-8091.05
694	0.185935	-8113.05
695	0.185935	-8116.19
696	0.185935	-8112.03
697	0.185935	-8104.83
698	0.185935	-8096.62
699	0.185935	-8097.33
700	0.185935	-8087.83
701	0.185935	-8097.02
702	0.185935	-8074.6
703	0.185935	-8090.2
704	0.185935	-8058.62
705	0.185935	-8073.11
706	0.185935	-8052.47
707	0.185935	-8109.94
708	0.185935	-8087.23
709	0.185935	-8086.58
710	0.185935	-8111.63
711	0.185935	-8063.38
712	0.185935	-8068.94
713	0.185935	-8078.3
714	0.185935	-8058.07
715	0.185935	-8074.88
716	0.185935	-8113.11
717	0.185935	-8093.4
718	0.185935	-8074.52
719	0.185935	-8079.98
720	0.185935	-8104.66
721	0.185935	-8133.98
722	0.185935	-8092.59
723	0.185935	-8113.3
724	0.185935	-8104.16
725	0.185935	-8099.89
726	0.185935	-8087.05
727	0.185935	-8111.99
728	0.185935	-8103.4
729	0.185935	-8063.22
730	0.185935	-8085.88
731	0.185935	-8118.91
732	0.185935	-8085.31
733	0.185935	-8098.08
734	0.185935	-8106.52
735	0.185935	-8121.33
736	0.185935	-8116.03
737	0.185935	-8113.27
738	0.185935	-8135.77
739	0.185935	-8130.26
740	0.185935	-8123.64
741	0.185935	-8124.75
742	0.185935	-8128.89
743	0.185935	-8113.99
744	0.185935	-8073.49
745	0.185935	-8102.87
746	0.185935	-8119.61
747	0.185935	-8129.78
748	0.185935	-8107.94
749	0.185935	-8110.55
750	0.185935	-8116.98
751	0.185935	-8119.41
752	0.185935	-8147.41
753	0.185935	-8120.44
754	0.185935	-8164.59
755	0.185935	-8101.47
756	0.185935	-8079.34
757	0.185935	-8073.57
758	0.185935	-8083.98
759	0.185935	-8119.23
760	0.185935	-8094.67
761	0.185935	-8087.56
762	0.185935	-8117.41
763	0.185935	-8141.25
764	0.185935	-8152.99
765	0.185935	-8181.61
766	0.185935	-8111.72
767	0.185935	-8102.41
768	0.185935	-8113.99
769	0.185935	-8088.26
770	0.185935	-8090.78
771	0.185935	-8071.21
772	0.185935	-8063.26
773	0.185935	-8086.4
774	0.185935	-8102.03
775	0.185935	-8094.62
776	0.185935	-8111.52
777	0.185935	-8082.9
778	0.185935	-8077
779	0.185935	-8068.61
780	0.185935	-8041.2
781	0.185935	-8068.99
782	0.185935	-8104.68
783	0.185935	-8125.92
784	0.185935	-8078.39
785	0.185935	-8093.45
786	0.185935	-8095.99
787	0.185935	-8103.69
788	0.185935	-8086.95
789	0.185935	-8080.78
790	0.185935	-8070.92
791	0.185935	-8070.06
792	0.185935	-8062.51
793	0.185935	-8077.53
794	0.185935	-8063.53
795	0.185935	-8107.33
796	0.185935	-8170.34
797	0.185935	-8105.6
798	0.185935	-8116.84
799	0.185935	-8118.33
800	0.185935	-8083.36
801	0.185935	-8080.8
802	0.185935	-8106.62
803	0.185935	-8108.3
804	0.185935	-8134.85
805	0.185935	-8096.33
806	0.185935	-8130.74
807	0.185935	-8074.76
808	0.185935	-8138.03
809	0.185935	-8103.02
810	0.185935	-8106.17
811	0.185935	-8083.59
812	0.185935	-8089.1
813	0.185935	-8086.99
814	0.185935	-8087.86
815	0.185935	-8060.83
816	0.185935	-8051.18
817	0.185935	-8058.27
818	0.185935	-8091.1
819	0.185935	-8085.24
820	0.185935	-8113.15
821	0.185935	-8067.16
822	0.185935	-8088.86
823	0.185935	-8100.21
824	0.185935	-8119.39
825	0.185935	-8117.72
826	0.185935	-8099.64
827	0.185935	-8111.74
828	0.185935	-8110.16
829	0.185935	-8108.06
830	0.185935	-8091.85
831	0.185935	-8123.16
832	0.185935	-8116.86
833	0.185935	-8119.97
834	0.185935	-8108.73
835	0.185935	-8118.91
836	0.185935	-8112.58
837	0.185935	-8081.46
838	0.185935	-8106.64
839	0.185935	-8095.53
840	0.185935	-8111.52
841	0.185935	-8077.17
842	0.185935	-8086.49
843	0.185935	-8081.54
844	0.185935	-8051.03
845	0.185935	-8044.96
846	0.185935	-8056.91
847	0.185935	-8093.91
848	0.185935	-8123.02
849	0.185935	-8123.7
850	0.185935	-8103.91
851	0.185935	-8127.02
852	0.185935	-8076.49
853	0.185935	-8103.94
854	0.185935	-8101.99
855	0.185935	-8085.64
856	0.185935	-8093.08
857	0.185935	-8118.29
858	0.185935	-8127.7
859	0.185935	-8093.37
860	0.185935	-8114.52
861	0.185935	-8078.59
862	0.185935	-8074.49
863	0.185935	-8067.09
864	0.185935	-8086.97
865	0.185935	-8093.4
866	0.185935	-8098.94
867	0.185935	-8091.98
868	0.185935	-8086.51
869	0.185935	-8100.05
870	0.185935	-8124.34
871	0.185935	-8111.22
872	0.185935	-8119.86
873	0.185935	-8088.52
874	0.185935	-8122.98
875	0.185935	-8132.01
876	0.185935	-8102.74
877	0.185935	-8142.03
878	0.185935	-8120.59
879	0.185935	-8154.36
880	0.185935	-8128.17
881	0.185935	-8148.21
882	0.185935	-8130.21
883	0.185935	-8082.31
884	0.185935	-8106.55
885	0.185935	-8106.14
886	0.185935	-8069.43
887	0.185935	-8100.66
888	0.185935	-8093.56
889	0.185935	-8068.91
890	0.185935	-8097.65
891	0.185935	-8088.26
892	0.185935	-8110.28
893	0.185935	-8092.41
894	0.185935	-8067.81
895	0.185935	-8092.92
896	0.185935	-8100.54
897	0.185935	-8091.26
898	0.185935	-8152.66
899	0.185935	-8136.48
900	0.185935	-8090.55
901	0.185935	-8062.17
902	0.185935	-8051.18
903	0.185935	-8043.31
904	0.185935	-8052.61
905	0.185935	-8067.6
906	0.185935	-8078.51
907	0.185935	-8086.65
908	0.185935	-8090.77
909	0.185935	-8092.52
910	0.185935	-8086.69
911	0.185935	-8114.87
912	0.185935	-8083.28
913	0.185935	-8071.37
914	0.185935	-8109.28
915	0.185935	-8079.29
916	0.185935	-8059.92
917	0.185935	-8076.26
918	0.185935	-8073.15
919	0.185935	-8078.88
920	0.185935	-8103.63
921	0.185935	-8079.72
922	0.185935	-8093.45
923	0.185935	-8091.59
924	0.185935	-8084.65
925	0.185935	-8076.04
926	0.185935	-8097.85
927	0.185935	-8085.46
928	0.185935	-8091.62
929	0.185935	-8121.92
930	0.185935	-8108.97
931	0.185935	-8106.63
932	0.185935	-8106.2
933	0.185935	-8127.66
934	0.185935	-8178.89
935	0.185935	-8135.59
936	0.185935	-8131.37
937	0.185935	-8122.2
938	0.185935	-8113.09
939	0.185935	-8089.23
940	0.185935	-8092.58
941	0.185935	-8097.2
942	0.185935	-8082.08
943	0.185935	-8075.72
944	0.185935	-8075.6
945	0.185935	-8085.63
946	0.185935	-8130.26
947	0.185935	-8122.04
948	0.185935	-8085.3
949	0.185935	-8125.57
950	0.185935	-8129.14
951	0.185935	-8121.22
952	0.185935	-8141.1
953	0.185935	-8093.17
954	0.185935	-8122.19
955	0.185935	-8117.56
956	0.185935	-8107.11
957	0.185935	-8102.74
958	0.185935	-8099.95
959	0.185935	-8097.81
960	0.185935	-8095.45
961	0.185935	-8101.76
962	0.185935	-8082.95
963	0.185935	-8062.79
964	0.185935	-8063.56
965	0.185935	-8034.61
966	0.185935	-8117.22
967	0.185935	-8091.5
968	0.185935	-8107.54
969	0.185935	-8090.54
970	0.185935	-8107.88
971	0.185935	-8122.68
972	0.185935	-8072.03
973	0.185935	-8073.58
974	0.185935	-8114.54
975	0.185935	-8091.18
976	0.185935	-8135.53
977	0.185935	-8097.43
978	0.185935	-8117.05
979	0.185935	-8080.06
980	0.185935	-8107.75
981	0.185935	-8082.73
982	0.185935	-8071.06
983	0.185935	-8069.25
984	0.185935	-8071.17
985	0.185935	-8078.6
986	0.185935	-8100.39
987	0.185935	-8074.06
988	0.185935	-8069.86
989	0.185935	-8093.73
990	0.185935	-8111.37
991	0.185935	-8142.25
992	0.185935	-8132.8
993	0.185935	-8125.2
994	0.185935	-8115.24
995	0.185935	-8091.91
996	0.185935	-8099.06
997	0.185935	-8066.66
998	0.185935	-8089.55
999	0.185935	-8088.12
1000	0.185935	-8083.77
251	0.160847	-8095.4
252	0.160847	-8069.83
253	0.160847	-8104.7
254	0.160847	-8080.43
255	0.160847	-8065.55
256	0.160847	-8119.84
257	0.160847	-8075.61
258	0.160847	-8074.78
259	0.160847	-8108.65
260	0.160847	-8107.48
261	0.160847	-8111.79
262	0.160847	-8109.52
263	0.160847	-8101.34
264	0.160847	-8089.85
265	0.160847	-8124.92
266	0.160847	-8139.61
267	0.160847	-8128.59
268	0.160847	-8091.84
269	0.160847	-8131.88
270	0.160847	-8077.03
271	0.160847	-8101.36
272	0.160847	-8095.31
273	0.160847	-8076.42
274	0.160847	-8086.13
275	0.160847	-8097.96
276	0.160847	-8102.72
277	0.160847	-8092.06
278	0.160847	-8076.79
279	0.160847	-8072.69
280	0.160847	-8079.01
281	0.160847	-8061.24
282	0.160847	-8106.42
283	0.160847	-8106.9
284	0.160847	-8095.09
285	0.160847	-8073.86
286	0.160847	-8086.76
287	0.160847	-8104.6
288	0.160847	-8095.54
289	0.160847	-8136
290	0.160847	-8115.08
291	0.160847	-8138.13
292	0.160847	-8124.02
293	0.160847	-8131.65
294	0.160847	-8113.92
295	0.160847	-8112.87
296	0.160847	-8108.67
297	0.160847	-8131.87
298	0.160847	-8138.08
299	0.160847	-8137.9
300	0.160847	-8120.06
301	0.160847	-8106.17
302	0.160847	-8081.98
303	0.160847	-8072.88
304	0.160847	-8082.37
305	0.160847	-8129.55
306	0.160847	-8101.27
307	0.160847	-8128.19
308	0.160847	-8095.43
309	0.160847	-8086.95
310	0.160847	-8074.42
311	0.160847	-8085.81
312	0.160847	-8077.26
313	0.160847	-8086.08
314	0.160847	-8111.69
315	0.160847	-8102.96
316	0.160847	-8071.17
317	0.160847	-8072.32
318	0.160847	-8066.21
319	0.160847	-8080.04
320	0.160847	-8133.01
321	0.160847	-8147.27
322	0.160847	-8097.82
323	0.160847	-8071.27
324	0.160847	-8084.78
325	0.160847	-8064.73
326	0.160847	-8083.87
327	0.160847	-8119.55
328	0.160847	-8091.89
329	0.160847	-8060.48
330	0.160847	-8081.36
331	0.160847	-8083.32
332	0.160847	-8122.12
333	0.160847	-8075.37
334	0.160847	-8058.87
335	0.160847	-8051.56
336	0.160847	-8100.77
337	0.160847	-8111.44
338	0.160847	-8185.04
339	0.160847	-8109.42
340	0.160847	-8071.93
341	0.160847	-8114.9
342	0.160847	-8108.43
343	0.160847	-8137.33
344	0.160847	-8126.27
345	0.160847	-8153.43
346	0.160847	-8110.97
347	0.160847	-8079.75
348	0.160847	-8084.13
349	0.160847	-8094.97
350	0.160847	-8085.01
351	0.160847	-8132.49
352	0.160847	-8125.75
353	0.160847	-8108.47
354	0.160847	-8127.57
355	0.160847	-8109.96
356	0.160847	-8112.55
357	0.160847	-8101.07
358	0.160847	-8095.54
359	0.160847	-8098.82
360	0.160847	-8148.1
361	0.160847	-8100.49
362	0.160847	-8115.42
363	0.160847	-8107.95
364	0.160847	-8090.59
365	0.160847	-8075.61
366	0.160847	-8105.7
367	0.160847	-8122.29
368	0.160847	-8082.66
369	0.160847	-8094.5
370	0.160847	-8094.35
371	0.160847	-8139.73
372	0.160847	-8144.85
373	0.160847	-8146.02
374	0.160847	-8109.64
375	0.160847	-8109.09
376	0.160847	-8129.45
377	0.160847	-8137.05
378	0.160847	-8129.41
379	0.160847	-8106.56
380	0.160847	-8112.84
381	0.160847	-8150.29
382	0.160847	-8137.86
383	0.160847	-8109.44
384	0.160847	-8088.75
385	0.160847	-8112.56
386	0.160847	-8078.22
387	0.160847	-8079.52
388	0.160847	-8061.8
389	0.160847	-8074.05
390	0.160847	-8074.83
391	0.160847	-8080.7
392	0.160847	-8099.19
393	0.160847	-8101.14
394	0.160847	-8143.07
395	0.160847	-8153.69
396	0.160847	-8158.39
397	0.160847	-8138.84
398	0.160847	-8155.25
399	0.160847	-8151.83
400	0.160847	-8115.24
401	0.160847	-8159.81
402	0.160847	-8125.57
403	0.160847	-8115.18
404	0.160847	-8126.76
405	0.160847	-8080.56
406	0.160847	-8124.51
407	0.160847	-8127.99
408	0.160847	-8134.28
409	0.160847	-8133.78
410	0.160847	-8121.03
411	0.160847	-8092.8
412	0.160847	-8123.79
413	0.160847	-8120.88
414	0.160847	-8122.92
415	0.160847	-8140.01
416	0.160847	-8123.18
417	0.160847	-8123.57
418	0.160847	-8100.04
419	0.160847	-8113.28
420	0.160847	-8109.56
421	0.160847	-8104.1
422	0.160847	-8109.94
423	0.160847	-8107.95
424	0.160847	-8110.82
425	0.160847	-8089.39
426	0.160847	-8098.52
427	0.160847	-8088.48
428	0.160847	-8125.3
429	0.160847	-8092.62
430	0.160847	-8123.95
431	0.160847	-8117.99
432	0.160847	-8115.04
433	0.160847	-8165.13
434	0.160847	-8154.42
435	0.160847	-8168.57
436	0.160847	-8163.12
437	0.160847	-8139.37
438	0.160847	-8111.25
439	0.160847	-8087.2
440	0.160847	-8144.64
441	0.160847	-8143.44
442	0.160847	-8115.3
443	0.160847	-8102.72
444	0.160847	-8092.44
445	0.160847	-8109.76
446	0.160847	-8158.49
447	0.160847	-8153.71
448	0.160847	-8120.37
449	0.160847	-8159.02
450	0.160847	-8132.52
451	0.160847	-8116.76
452	0.160847	-8122.83
453	0.160847	-8105.6
454	0.160847	-8124.52
455	0.160847	-8111.28
456	0.160847	-8141.79
457	0.160847	-8125.85
458	0.160847	-8088.76
459	0.160847	-8122.22
460	0.160847	-8126.12
461	0.160847	-8130.25
462	0.160847	-8116.36
463	0.160847	-8111.43
464	0.160847	-8097.26
465	0.160847	-8088.32
466	0.160847	-8086.96
467	0.160847	-8097.14
468	0.160847	-8100.55
469	0.160847	-8103.18
470	0.160847	-8112.56
471	0.160847	-8109.79
472	0.160847	-8090.35
473	0.160847	-8104.16
474	0.160847	-8102.27
475	0.160847	-8144.16
476	0.160847	-8142.9
477	0.160847	-8062.22
478	0.160847	-8095.77
479	0.160847	-8095.33
480	0.160847	-8105.96
481	0.160847	-8132.74
482	0.160847	-8095.7
483	0.160847	-8078.14
484	0.160847	-8077.21
485	0.160847	-8107.7
486	0.160847	-8076.33
487	0.160847	-8093.64
488	0.160847	-8060.61
489	0.160847	-8079.05
490	0.160847	-8104.46
491	0.160847	-8066.49
492	0.160847	-8029.07
493	0.160847	-8054.52
494	0.160847	-8066.7
495	0.160847	-8071.64
496	0.160847	-8080.9
497	0.160847	-8088.56
498	0.160847	-8085.19
499	0.160847	-8091.96
500	0.160847	-8118.58
501	0.160847	-8146.86
502	0.160847	-8169.94
503	0.160847	-8167.8
504	0.160847	-8148.75
505	0.160847	-8133.53
506	0.160847	-8125.7
507	0.160847	-8093.39
508	0.160847	-8103.22
509	0.160847	-8105.02
510	0.160847	-8103.99
511	0.160847	-8101.09
512	0.160847	-8131.97
513	0.160847	-8103.04
514	0.160847	-8146.46
515	0.160847	-8124.97
516	0.160847	-8152.24
517	0.160847	-8146.53
518	0.160847	-8114.19
519	0.160847	-8101.07
520	0.160847	-8098.91
521	0.160847	-8150.68
522	0.160847	-8128.21
523	0.160847	-8131.68
524	0.160847	-8137.59
525	0.160847	-8103.85
526	0.160847	-8134.35
527	0.160847	-8082.49
528	0.160847	-8095.6
529	0.160847	-8087.14
530	0.160847	-8103.26
531	0.160847	-8090.29
532	0.160847	-8090.77
533	0.160847	-8124.53
534	0.160847	-8111.98
535	0.160847	-8153.32
536	0.160847	-8100.26
537	0.160847	-8094.12
538	0.160847	-8138.64
539	0.160847	-8145.59
540	0.160847	-8161.65
541	0.160847	-8142.99
542	0.160847	-8146.22
543	0.160847	-8124.28
544	0.160847	-8155.17
545	0.160847	-8117.08
546	0.160847	-8112.65
547	0.160847	-8084.37
548	0.160847	-8080.94
549	0.160847	-8090.81
550	0.160847	-8122.08
551	0.160847	-8075.41
552	0.160847	-8082.18
553	0.160847	-8156.13
554	0.160847	-8125.28
555	0.160847	-8097.08
556	0.160847	-8091.31
557	0.160847	-8087.23
558	0.160847	-8094.74
559	0.160847	-8072.61
560	0.160847	-8099.47
561	0.160847	-8127.76
562	0.160847	-8114.43
563	0.160847	-8107.59
564	0.160847	-8125.08
565	0.160847	-8120.08
566	0.160847	-8116.62
567	0.160847	-8094.55
568	0.160847	-8084.93
569	0.160847	-8122.31
570	0.160847	-8135.65
571	0.160847	-8109.41
572	0.160847	-8150.82
573	0.160847	-8167.3
574	0.160847	-8121.01
575	0.160847	-8131.86
576	0.160847	-8073.62
577	0.160847	-8117.09
578	0.160847	-8111.81
579	0.160847	-8121.62
580	0.160847	-8081.54
581	0.160847	-8093.01
582	0.160847	-8130.41
583	0.160847	-8135.24
584	0.160847	-8124.6
585	0.160847	-8122.97
586	0.160847	-8125.75
587	0.160847	-8122.98
588	0.160847	-8113.65
589	0.160847	-8086.88
590	0.160847	-8072.88
591	0.160847	-8099.18
592	0.160847	-8079.97
593	0.160847	-8070.67
594	0.160847	-8086.52
595	0.160847	-8071.48
596	0.160847	-8119.88
597	0.160847	-8094.09
598	0.160847	-8099.35
599	0.160847	-8090.01
600	0.160847	-8104.95
601	0.160847	-8100.26
602	0.160847	-8108.44
603	0.160847	-8100.11
604	0.160847	-8111.73
605	0.160847	-8128.09
606	0.160847	-8114.11
607	0.160847	-8113.86
608	0.160847	-8088.48
609	0.160847	-8096.41
610	0.160847	-8094.61
611	0.160847	-8088.56
612	0.160847	-8106.07
613	0.160847	-8095.93
614	0.160847	-8076.76
615	0.160847	-8090.75
616	0.160847	-8126.36
617	0.160847	-8086.76
618	0.160847	-8072.27
619	0.160847	-8067.76
620	0.160847	-8082.7
621	0.160847	-8101.26
622	0.160847	-8109.96
623	0.160847	-8100.69
624	0.160847	-8129.91
625	0.160847	-8097.31
626	0.160847	-8110.17
627	0.160847	-8096.02
628	0.160847	-8109.24
629	0.160847	-8082.13
630	0.160847	-8114.48
631	0.160847	-8122.37
632	0.160847	-8088.55
633	0.160847	-8096.99
634	0.160847	-8155.06
635	0.160847	-8137.45
636	0.160847	-8128.15
637	0.160847	-8099.26
638	0.160847	-8117.17
639	0.160847	-8094.06
640	0.160847	-8088.04
641	0.160847	-8120.09
642	0.160847	-8091.47
643	0.160847	-8100.79
644	0.160847	-8119.07
645	0.160847	-8135.1
646	0.160847	-8126.06
647	0.160847	-8122.03
648	0.160847	-8115.22
649	0.160847	-8096.37
650	0.160847	-8118.3
651	0.160847	-8159.67
652	0.160847	-8100.6
653	0.160847	-8117.49
654	0.160847	-8059.16
655	0.160847	-8060.6
656	0.160847	-8052.19
657	0.160847	-8080.19
658	0.160847	-8097.1
659	0.160847	-8107.86
660	0.160847	-8115.92
661	0.160847	-8107.61
662	0.160847	-8104.72
663	0.160847	-8098.02
664	0.160847	-8092.11
665	0.160847	-8110.3
666	0.160847	-8081.17
667	0.160847	-8098.57
668	0.160847	-8107
669	0.160847	-8131.74
670	0.160847	-8150.09
671	0.160847	-8135.64
672	0.160847	-8149.43
673	0.160847	-8112.82
674	0.160847	-8116.32
675	0.160847	-8086.49
676	0.160847	-8095.06
677	0.160847	-8086.91
678	0.160847	-8159.49
679	0.160847	-8096.4
680	0.160847	-8075.16
681	0.160847	-8107.69
682	0.160847	-8110.38
683	0.160847	-8101.19
684	0.160847	-8070.99
685	0.160847	-8083.98
686	0.160847	-8066.26
687	0.160847	-8038.73
688	0.160847	-8042.04
689	0.160847	-8049.72
690	0.160847	-8064.24
691	0.160847	-8087.32
692	0.160847	-8074.09
693	0.160847	-8096.23
694	0.160847	-8125.83
695	0.160847	-8130.5
696	0.160847	-8152.57
697	0.160847	-8115.02
698	0.160847	-8104.8
699	0.160847	-8096.22
700	0.160847	-8104.2
701	0.160847	-8110.08
702	0.160847	-8116.28
703	0.160847	-8125.97
704	0.160847	-8137.79
705	0.160847	-8163.92
706	0.160847	-8130.24
707	0.160847	-8134.93
708	0.160847	-8136.44
709	0.160847	-8108.4
710	0.160847	-8162.97
711	0.160847	-8174.7
712	0.160847	-8131.83
713	0.160847	-8098.6
714	0.160847	-8123.23
715	0.160847	-8132.07
716	0.160847	-8097.98
717	0.160847	-8135.95
718	0.160847	-8116.76
719	0.160847	-8120.59
720	0.160847	-8144.79
721	0.160847	-8090.89
722	0.160847	-8087.16
723	0.160847	-8118.96
724	0.160847	-8136.01
725	0.160847	-8129.2
726	0.160847	-8060.12
727	0.160847	-8120.89
728	0.160847	-8161.36
729	0.160847	-8160.3
730	0.160847	-8135.53
731	0.160847	-8127.93
732	0.160847	-8147.81
733	0.160847	-8167.14
734	0.160847	-8167.06
735	0.160847	-8148.35
736	0.160847	-8170.78
737	0.160847	-8183.36
738	0.160847	-8131.05
739	0.160847	-8134.04
740	0.160847	-8167.66
741	0.160847	-8151.64
742	0.160847	-8124.62
743	0.160847	-8177.33
744	0.160847	-8178.16
745	0.160847	-8131.86
746	0.160847	-8142.67
747	0.160847	-8134.33
748	0.160847	-8137.24
749	0.160847	-8125.43
750	0.160847	-8112.55
751	0.160847	-8122.4
752	0.160847	-8142.36
753	0.160847	-8138.86
754	0.160847	-8190.72
755	0.160847	-8109.56
756	0.160847	-8089.91
757	0.160847	-8120.19
758	0.160847	-8102.07
759	0.160847	-8113.34
760	0.160847	-8152.41
761	0.160847	-8133.42
762	0.160847	-8139.75
763	0.160847	-8091.06
764	0.160847	-8109.78
765	0.160847	-8132.75
766	0.160847	-8117.98
767	0.160847	-8152.78
768	0.160847	-8171.09
769	0.160847	-8084.64
770	0.160847	-8087.95
771	0.160847	-8078.33
772	0.160847	-8106.92
773	0.160847	-8078.33
774	0.160847	-8088.96
775	0.160847	-8139.17
776	0.160847	-8166.91
777	0.160847	-8143.58
778	0.160847	-8123.01
779	0.160847	-8125.91
780	0.160847	-8088.14
781	0.160847	-8102.58
782	0.160847	-8094.38
783	0.160847	-8115.45
784	0.160847	-8129.58
785	0.160847	-8095.07
786	0.160847	-8105.54
787	0.160847	-8136.85
788	0.160847	-8101.85
789	0.160847	-8071.45
790	0.160847	-8096.26
791	0.160847	-8117.15
792	0.160847	-8139.37
793	0.160847	-8108.87
794	0.160847	-8113.07
795	0.160847	-8122.96
796	0.160847	-8152.54
797	0.160847	-8102.25
798	0.160847	-8096.16
799	0.160847	-8121.19
800	0.160847	-8142.5
801	0.160847	-8125.28
802	0.160847	-8154.58
803	0.160847	-8122.58
804	0.160847	-8093.57
805	0.160847	-8135.11
806	0.160847	-8118.22
807	0.160847	-8076.36
808	0.160847	-8105.06
809	0.160847	-8139.89
810	0.160847	-8106.08
811	0.160847	-8085.08
812	0.160847	-8100.86
813	0.160847	-8098.8
814	0.160847	-8121.7
815	0.160847	-8110.75
816	0.160847	-8106.98
817	0.160847	-8105.62
818	0.160847	-8150.99
819	0.160847	-8125.07
820	0.160847	-8075.71
821	0.160847	-8100.51
822	0.160847	-8119.03
823	0.160847	-8123.63
824	0.160847	-8091.62
825	0.160847	-8073.8
826	0.160847	-8104.65
827	0.160847	-8109.91
828	0.160847	-8108.71
829	0.160847	-8152.13
830	0.160847	-8095.62
831	0.160847	-8111.6
832	0.160847	-8112.06
833	0.160847	-8137.2
834	0.160847	-8122.64
835	0.160847	-8102.98
836	0.160847	-8075.22
837	0.160847	-8087.1
838	0.160847	-8066.17
839	0.160847	-8119.42
840	0.160847	-8108.07
841	0.160847	-8123.8
842	0.160847	-8103.21
843	0.160847	-8070.17
844	0.160847	-8086.68
845	0.160847	-8089.91
846	0.160847	-8081.73
847	0.160847	-8137.28
848	0.160847	-8138.37
849	0.160847	-8110.05
850	0.160847	-8098.28
851	0.160847	-8100.02
852	0.160847	-8095.86
853	0.160847	-8097.91
854	0.160847	-8110.9
855	0.160847	-8082.37
856	0.160847	-8069.89
857	0.160847	-8079.48
858	0.160847	-8070.76
859	0.160847	-8079.28
860	0.160847	-8090.66
861	0.160847	-8082.8
862	0.160847	-8108.38
863	0.160847	-8122.77
864	0.160847	-8176.48
865	0.160847	-8092.87
866	0.160847	-8089.96
867	0.160847	-8093.18
868	0.160847	-8113.55
869	0.160847	-8088.59
870	0.160847	-8088.99
871	0.160847	-8067.42
872	0.160847	-8089.53
873	0.160847	-8092.35
874	0.160847	-8103.57
875	0.160847	-8136.09
876	0.160847	-8105.6
877	0.160847	-8114.39
878	0.160847	-8085.23
879	0.160847	-8077.7
880	0.160847	-8105.91
881	0.160847	-8100.14
882	0.160847	-8066.92
883	0.160847	-8119.28
884	0.160847	-8116.63
885	0.160847	-8137.07
886	0.160847	-8089.58
887	0.160847	-8067.55
888	0.160847	-8108.44
889	0.160847	-8111.23
890	0.160847	-8090.05
891	0.160847	-8069.37
892	0.160847	-8074.93
893	0.160847	-8105.47
894	0.160847	-8073.26
895	0.160847	-8071.28
896	0.160847	-8080.31
897	0.160847	-8082.92
898	0.160847	-8101.2
899	0.160847	-8087.45
900	0.160847	-8140.34
901	0.160847	-8141.93
902	0.160847	-8126.74
903	0.160847	-8130.61
904	0.160847	-8192.84
905	0.160847	-8128.93
906	0.160847	-8122.61
907	0.160847	-8133.63
908	0.160847	-8115.11
909	0.160847	-8104.58
910	0.160847	-8120.96
911	0.160847	-8152.85
912	0.160847	-8118.25
913	0.160847	-8157.59
914	0.160847	-8144.64
915	0.160847	-8109.08
916	0.160847	-8083.18
917	0.160847	-8119.13
918	0.160847	-8110.49
919	0.160847	-8117.49
920	0.160847	-8118.91
921	0.160847	-8101.32
922	0.160847	-8104.58
923	0.160847	-8110.35
924	0.160847	-8082.34
925	0.160847	-8091.03
926	0.160847	-8066.27
927	0.160847	-8098.51
928	0.160847	-8117.52
929	0.160847	-8145.14
930	0.160847	-8108.95
931	0.160847	-8168.12
932	0.160847	-8152.82
933	0.160847	-8102.42
934	0.160847	-8083.32
935	0.160847	-8125.36
936	0.160847	-8131.78
937	0.160847	-8077.86
938	0.160847	-8124.05
939	0.160847	-8103.4
940	0.160847	-8112.94
941	0.160847	-8088.8
942	0.160847	-8064.79
943	0.160847	-8060.8
944	0.160847	-8082.66
945	0.160847	-8067.13
946	0.160847	-8070.93
947	0.160847	-8106.63
948	0.160847	-8087.81
949	0.160847	-8080.54
950	0.160847	-8048.62
951	0.160847	-8084.16
952	0.160847	-8097.75
953	0.160847	-8127.67
954	0.160847	-8137.23
955	0.160847	-8098.74
956	0.160847	-8106.74
957	0.160847	-8147.69
958	0.160847	-8127.29
959	0.160847	-8119.61
960	0.160847	-8102.06
961	0.160847	-8119.96
962	0.160847	-8115.17
963	0.160847	-8085.97
964	0.160847	-8104.72
965	0.160847	-8106.93
966	0.160847	-8073.09
967	0.160847	-8079.11
968	0.160847	-8095.57
969	0.160847	-8142.14
970	0.160847	-8147
971	0.160847	-8100.43
972	0.160847	-8094.18
973	0.160847	-8115.42
974	0.160847	-8132.65
975	0.160847	-8125.54
976	0.160847	-8123.04
977	0.160847	-8099.42
978	0.160847	-8109.75
979	0.160847	-8119.53
980	0.160847	-8099.04
981	0.160847	-8105.06
982	0.160847	-8140.49
983	0.160847	-8153.2
984	0.160847	-8126.98
985	0.160847	-8090.28
986	0.160847	-8126.92
987	0.160847	-8098.97
988	0.160847	-8114.45
989	0.160847	-8108.53
990	0.160847	-8123.4
991	0.160847	-8140.91
992	0.160847	-8121.1
993	0.160847	-8095.45
994	0.160847	-8093.85
995	0.160847	-8100.95
996	0.160847	-8115.11
997	0.160847	-8083.85
998	0.160847	-8090.26
999	0.160847	-8071.68
1000	0.160847	-8090.26
251	0.138544	-8126.61
252	0.138544	-8162.15
253	0.138544	-8144.53
254	0.138544	-8089.54
255	0.138544	-8094.53
256	0.138544	-8132.69
257	0.138544	-8089.5
258	0.138544	-8124.9
259	0.138544	-8069.98
260	0.138544	-8126.19
261	0.138544	-8105.04
262	0.138544	-8105.98
263	0.138544	-8108.28
264	0.138544	-8112.84
265	0.138544	-8137.46
266	0.138544	-8089.37
267	0.138544	-8077.01
268	0.138544	-8098.16
269	0.138544	-8085.7
270	0.138544	-8090.73
271	0.138544	-8114.01
272	0.138544	-8130.87
273	0.138544	-8102.78
274	0.138544	-8127.94
275	0.138544	-8101.91
276	0.138544	-8137.86
277	0.138544	-8130.01
278	0.138544	-8161.63
279	0.138544	-8124.78
280	0.138544	-8119.4
281	0.138544	-8088.56
282	0.138544	-8132.45
283	0.138544	-8139.52
284	0.138544	-8133.12
285	0.138544	-8109.62
286	0.138544	-8074.15
287	0.138544	-8058.93
288	0.138544	-8104.41
289	0.138544	-8126.75
290	0.138544	-8137.16
291	0.138544	-8147.6
292	0.138544	-8135.09
293	0.138544	-8147.15
294	0.138544	-8121.26
295	0.138544	-8121.66
296	0.138544	-8122.84
297	0.138544	-8157.77
298	0.138544	-8111.02
299	0.138544	-8110.85
300	0.138544	-8121.71
301	0.138544	-8132.94
302	0.138544	-8192.4
303	0.138544	-8186.53
304	0.138544	-8133.3
305	0.138544	-8131.02
306	0.138544	-8116.9
307	0.138544	-8135.17
308	0.138544	-8120.57
309	0.138544	-8145.68
310	0.138544	-8139.25
311	0.138544	-8133.67
312	0.138544	-8115.25
313	0.138544	-8148.34
314	0.138544	-8120.4
315	0.138544	-8121.47
316	0.138544	-8093.2
317	0.138544	-8100.69
318	0.138544	-8106.98
319	0.138544	-8172.66
320	0.138544	-8199.1
321	0.138544	-8140.51
322	0.138544	-8137.27
323	0.138544	-8103.08
324	0.138544	-8143.93
325	0.138544	-8131.38
326	0.138544	-8127.02
327	0.138544	-8195.15
328	0.138544	-8135.68
329	0.138544	-8160.34
330	0.138544	-8130.97
331	0.138544	-8150.75
332	0.138544	-8127.41
333	0.138544	-8134.58
334	0.138544	-8113.47
335	0.138544	-8089.18
336	0.138544	-8105.35
337	0.138544	-8123.71
338	0.138544	-8141.02
339	0.138544	-8109.66
340	0.138544	-8126.81
341	0.138544	-8129.08
342	0.138544	-8133.17
343	0.138544	-8148.75
344	0.138544	-8169.12
345	0.138544	-8083.93
346	0.138544	-8095.05
347	0.138544	-8151.91
348	0.138544	-8166.04
349	0.138544	-8156.61
350	0.138544	-8152.37
351	0.138544	-8172.4
352	0.138544	-8153.75
353	0.138544	-8126
354	0.138544	-8116.61
355	0.138544	-8120.94
356	0.138544	-8116.23
357	0.138544	-8107.01
358	0.138544	-8098.53
359	0.138544	-8126.66
360	0.138544	-8162.29
361	0.138544	-8139.45
362	0.138544	-8167.45
363	0.138544	-8138.74
364	0.138544	-8119.44
365	0.138544	-8130.03
366	0.138544	-8147.63
367	0.138544	-8155.07
368	0.138544	-8164.53
369	0.138544	-8161.79
370	0.138544	-8161.15
371	0.138544	-8195.71
372	0.138544	-8177.74
373	0.138544	-8138.62
374	0.138544	-8156.48
375	0.138544	-8164.16
376	0.138544	-8174.65
377	0.138544	-8182.93
378	0.138544	-8164.25
379	0.138544	-8119.43
380	0.138544	-8121.27
381	0.138544	-8112.79
382	0.138544	-8165.06
383	0.138544	-8122.38
384	0.138544	-8105.06
385	0.138544	-8147.52
386	0.138544	-8187.98
387	0.138544	-8160.76
388	0.138544	-8173.49
389	0.138544	-8149.7
390	0.138544	-8085.37
391	0.138544	-8109.78
392	0.138544	-8118.11
393	0.138544	-8154.7
394	0.138544	-8175.74
395	0.138544	-8157.53
396	0.138544	-8160.77
397	0.138544	-8118.36
398	0.138544	-8120.99
399	0.138544	-8143.92
400	0.138544	-8196.89
401	0.138544	-8123.35
402	0.138544	-8166.43
403	0.138544	-8151.24
404	0.138544	-8117.61
405	0.138544	-8163.39
406	0.138544	-8138.59
407	0.138544	-8153.49
408	0.138544	-8162.32
409	0.138544	-8181.34
410	0.138544	-8156.79
411	0.138544	-8175.56
412	0.138544	-8158.65
413	0.138544	-8146.37
414	0.138544	-8121.75
415	0.138544	-8111.04
416	0.138544	-8144.76
417	0.138544	-8183.05
418	0.138544	-8168.46
419	0.138544	-8182.22
420	0.138544	-8129.52
421	0.138544	-8152.86
422	0.138544	-8178.14
423	0.138544	-8161.91
424	0.138544	-8110.05
425	0.138544	-8129.52
426	0.138544	-8116.94
427	0.138544	-8114.48
428	0.138544	-8120.89
429	0.138544	-8099.21
430	0.138544	-8084.18
431	0.138544	-8135.39
432	0.138544	-8129.73
433	0.138544	-8113.58
434	0.138544	-8123.85
435	0.138544	-8118.1
436	0.138544	-8137.51
437	0.138544	-8139.44
438	0.138544	-8136.78
439	0.138544	-8073.98
440	0.138544	-8075.1
441	0.138544	-8085.16
442	0.138544	-8080.52
443	0.138544	-8090.83
444	0.138544	-8114.86
445	0.138544	-8134.84
446	0.138544	-8081.15
447	0.138544	-8086.55
448	0.138544	-8099.5
449	0.138544	-8087.24
450	0.138544	-8076.01
451	0.138544	-8095.01
452	0.138544	-8088.42
453	0.138544	-8112.64
454	0.138544	-8138.76
455	0.138544	-8108.95
456	0.138544	-8123.01
457	0.138544	-8129.89
458	0.138544	-8116.02
459	0.138544	-8113.56
460	0.138544	-8103.94
461	0.138544	-8088.03
462	0.138544	-8086.75
463	0.138544	-8144.73
464	0.138544	-8130.19
465	0.138544	-8180.91
466	0.138544	-8251.14
467	0.138544	-8211.87
468	0.138544	-8156.33
469	0.138544	-8098.62
470	0.138544	-8154.27
471	0.138544	-8151.84
472	0.138544	-8117.79
473	0.138544	-8101.76
474	0.138544	-8102.85
475	0.138544	-8125.61
476	0.138544	-8096.09
477	0.138544	-8096.45
478	0.138544	-8119.64
479	0.138544	-8165.75
480	0.138544	-8106.16
481	0.138544	-8131.62
482	0.138544	-8145.47
483	0.138544	-8133.25
484	0.138544	-8151.77
485	0.138544	-8138.14
486	0.138544	-8136.23
487	0.138544	-8135.45
488	0.138544	-8134.18
489	0.138544	-8111.46
490	0.138544	-8128.5
491	0.138544	-8092.75
492	0.138544	-8088.7
493	0.138544	-8124.87
494	0.138544	-8078.55
495	0.138544	-8133.97
496	0.138544	-8136.98
497	0.138544	-8149.46
498	0.138544	-8121.22
499	0.138544	-8085.31
500	0.138544	-8096.22
501	0.138544	-8067.47
502	0.138544	-8115.68
503	0.138544	-8184.85
504	0.138544	-8167.74
505	0.138544	-8184
506	0.138544	-8158.74
507	0.138544	-8145.9
508	0.138544	-8171.04
509	0.138544	-8146.88
510	0.138544	-8111.14
511	0.138544	-8106.14
512	0.138544	-8093.21
513	0.138544	-8070.97
514	0.138544	-8076.04
515	0.138544	-8131.88
516	0.138544	-8107.3
517	0.138544	-8077.49
518	0.138544	-8119.47
519	0.138544	-8159.64
520	0.138544	-8190.3
521	0.138544	-8158.84
522	0.138544	-8143.24
523	0.138544	-8135.82
524	0.138544	-8162.19
525	0.138544	-8161.99
526	0.138544	-8135.83
527	0.138544	-8118.88
528	0.138544	-8134.74
529	0.138544	-8127.65
530	0.138544	-8119.25
531	0.138544	-8114.92
532	0.138544	-8143.44
533	0.138544	-8113.19
534	0.138544	-8103.8
535	0.138544	-8125.02
536	0.138544	-8126.34
537	0.138544	-8133.32
538	0.138544	-8110.62
539	0.138544	-8140.87
540	0.138544	-8136.85
541	0.138544	-8131.59
542	0.138544	-8147.33
543	0.138544	-8146.07
544	0.138544	-8132.06
545	0.138544	-8108.93
546	0.138544	-8124.31
547	0.138544	-8122.77
548	0.138544	-8067.39
549	0.138544	-8070.15
550	0.138544	-8104.83
551	0.138544	-8088.24
552	0.138544	-8097.8
553	0.138544	-8106.68
554	0.138544	-8142.93
555	0.138544	-8126.98
556	0.138544	-8140.58
557	0.138544	-8147.27
558	0.138544	-8145.69
559	0.138544	-8138.73
560	0.138544	-8110.4
561	0.138544	-8131.9
562	0.138544	-8130.22
563	0.138544	-8159.37
564	0.138544	-8099.28
565	0.138544	-8126.36
566	0.138544	-8149.27
567	0.138544	-8166.97
568	0.138544	-8150.33
569	0.138544	-8145.89
570	0.138544	-8132.85
571	0.138544	-8119.86
572	0.138544	-8153.62
573	0.138544	-8165.31
574	0.138544	-8147.65
575	0.138544	-8120.47
576	0.138544	-8134.44
577	0.138544	-8074.01
578	0.138544	-8092.83
579	0.138544	-8134.35
580	0.138544	-8111.05
581	0.138544	-8074.43
582	0.138544	-8064.27
583	0.138544	-8098.91
584	0.138544	-8102.86
585	0.138544	-8080.84
586	0.138544	-8090.47
587	0.138544	-8118.02
588	0.138544	-8102.89
589	0.138544	-8146.06
590	0.138544	-8062.17
591	0.138544	-8090.56
592	0.138544	-8082.33
593	0.138544	-8067.11
594	0.138544	-8107.54
595	0.138544	-8064.19
596	0.138544	-8130.78
597	0.138544	-8135.69
598	0.138544	-8161.61
599	0.138544	-8151.44
600	0.138544	-8149.24
601	0.138544	-8102.7
602	0.138544	-8113.27
603	0.138544	-8135.47
604	0.138544	-8133.34
605	0.138544	-8185.46
606	0.138544	-8143.04
607	0.138544	-8164.66
608	0.138544	-8135.2
609	0.138544	-8082.62
610	0.138544	-8087.54
611	0.138544	-8092.81
612	0.138544	-8074.1
613	0.138544	-8099.24
614	0.138544	-8104.63
615	0.138544	-8089.23
616	0.138544	-8115.6
617	0.138544	-8095.64
618	0.138544	-8097.17
619	0.138544	-8095.18
620	0.138544	-8113.24
621	0.138544	-8135.23
622	0.138544	-8153.97
623	0.138544	-8098.56
624	0.138544	-8072.35
625	0.138544	-8072.35
626	0.138544	-8117.61
627	0.138544	-8123.7
628	0.138544	-8123.36
629	0.138544	-8144.03
630	0.138544	-8151.14
631	0.138544	-8143.91
632	0.138544	-8151.7
633	0.138544	-8162.84
634	0.138544	-8127.42
635	0.138544	-8091.95
636	0.138544	-8127.71
637	0.138544	-8178.36
638	0.138544	-8140.3
639	0.138544	-8154.57
640	0.138544	-8127.89
641	0.138544	-8149.28
642	0.138544	-8145.96
643	0.138544	-8142.54
644	0.138544	-8120.51
645	0.138544	-8126.37
646	0.138544	-8132.81
647	0.138544	-8152.7
648	0.138544	-8173.22
649	0.138544	-8130.84
650	0.138544	-8126.45
651	0.138544	-8110.78
652	0.138544	-8112.18
653	0.138544	-8111.83
654	0.138544	-8092.09
655	0.138544	-8091.41
656	0.138544	-8059.34
657	0.138544	-8133.55
658	0.138544	-8111.39
659	0.138544	-8196.14
660	0.138544	-8132.31
661	0.138544	-8121.42
662	0.138544	-8134.28
663	0.138544	-8156.44
664	0.138544	-8191.57
665	0.138544	-8188.42
666	0.138544	-8190.87
667	0.138544	-8154.96
668	0.138544	-8160.65
669	0.138544	-8207.61
670	0.138544	-8182.32
671	0.138544	-8225.61
672	0.138544	-8215.05
673	0.138544	-8178.43
674	0.138544	-8102.4
675	0.138544	-8105.37
676	0.138544	-8115.71
677	0.138544	-8131.87
678	0.138544	-8103.08
679	0.138544	-8125.39
680	0.138544	-8121.98
681	0.138544	-8105.52
682	0.138544	-8107.75
683	0.138544	-8120.14
684	0.138544	-8127.33
685	0.138544	-8162.94
686	0.138544	-8150.38
687	0.138544	-8106.49
688	0.138544	-8132.14
689	0.138544	-8090.42
690	0.138544	-8105.63
691	0.138544	-8141.56
692	0.138544	-8122.53
693	0.138544	-8134.64
694	0.138544	-8114.28
695	0.138544	-8099.55
696	0.138544	-8143.47
697	0.138544	-8125.8
698	0.138544	-8151.66
699	0.138544	-8168.43
700	0.138544	-8162.17
701	0.138544	-8148.4
702	0.138544	-8092.33
703	0.138544	-8123.54
704	0.138544	-8139.29
705	0.138544	-8109.55
706	0.138544	-8129.25
707	0.138544	-8098.57
708	0.138544	-8117.14
709	0.138544	-8131.71
710	0.138544	-8198.3
711	0.138544	-8159.76
712	0.138544	-8125.22
713	0.138544	-8184.45
714	0.138544	-8077.83
715	0.138544	-8105.65
716	0.138544	-8145.85
717	0.138544	-8121.12
718	0.138544	-8106.76
719	0.138544	-8096.78
720	0.138544	-8117.16
721	0.138544	-8136.31
722	0.138544	-8146.02
723	0.138544	-8151.54
724	0.138544	-8148.84
725	0.138544	-8141.86
726	0.138544	-8108.09
727	0.138544	-8099.27
728	0.138544	-8128.91
729	0.138544	-8165.73
730	0.138544	-8184.03
731	0.138544	-8146.86
732	0.138544	-8130.61
733	0.138544	-8150.04
734	0.138544	-8137.52
735	0.138544	-8142.06
736	0.138544	-8146.86
737	0.138544	-8154.69
738	0.138544	-8171.03
739	0.138544	-8134.61
740	0.138544	-8150.91
741	0.138544	-8192.38
742	0.138544	-8167.49
743	0.138544	-8143.55
744	0.138544	-8176.25
745	0.138544	-8118.67
746	0.138544	-8129.54
747	0.138544	-8223.81
748	0.138544	-8185.98
749	0.138544	-8147.99
750	0.138544	-8141.26
751	0.138544	-8153.9
752	0.138544	-8102.1
753	0.138544	-8138.56
754	0.138544	-8110.56
755	0.138544	-8114.09
756	0.138544	-8115.2
757	0.138544	-8121.48
758	0.138544	-8168.29
759	0.138544	-8172.36
760	0.138544	-8143.75
761	0.138544	-8142.17
762	0.138544	-8095.72
763	0.138544	-8123.32
764	0.138544	-8114.77
765	0.138544	-8100.68
766	0.138544	-8127.34
767	0.138544	-8119.64
768	0.138544	-8142.89
769	0.138544	-8103.92
770	0.138544	-8136.71
771	0.138544	-8109.05
772	0.138544	-8147.06
773	0.138544	-8147.99
774	0.138544	-8105.1
775	0.138544	-8129.01
776	0.138544	-8115.86
777	0.138544	-8063.85
778	0.138544	-8101.58
779	0.138544	-8101.25
780	0.138544	-8151.27
781	0.138544	-8102.11
782	0.138544	-8098.4
783	0.138544	-8082.58
784	0.138544	-8123.31
785	0.138544	-8131.42
786	0.138544	-8139.33
787	0.138544	-8137.06
788	0.138544	-8091.12
789	0.138544	-8139.74
790	0.138544	-8098.69
791	0.138544	-8091.91
792	0.138544	-8191.78
793	0.138544	-8077.39
794	0.138544	-8099.22
795	0.138544	-8101.45
796	0.138544	-8129.03
797	0.138544	-8125.55
798	0.138544	-8123.05
799	0.138544	-8141.42
800	0.138544	-8209.04
801	0.138544	-8158.3
802	0.138544	-8175.27
803	0.138544	-8116.33
804	0.138544	-8107.26
805	0.138544	-8124.94
806	0.138544	-8142.67
807	0.138544	-8125.92
808	0.138544	-8148.46
809	0.138544	-8080.81
810	0.138544	-8103.24
811	0.138544	-8183.56
812	0.138544	-8114.14
813	0.138544	-8111.59
814	0.138544	-8138.66
815	0.138544	-8210.53
816	0.138544	-8198.16
817	0.138544	-8183.71
818	0.138544	-8194.12
819	0.138544	-8106.7
820	0.138544	-8157.13
821	0.138544	-8131.31
822	0.138544	-8106.93
823	0.138544	-8109.44
824	0.138544	-8084.68
825	0.138544	-8081.72
826	0.138544	-8084.76
827	0.138544	-8064.77
828	0.138544	-8092.14
829	0.138544	-8133.46
830	0.138544	-8097.95
831	0.138544	-8140.97
832	0.138544	-8106.75
833	0.138544	-8095.96
834	0.138544	-8090.43
835	0.138544	-8130.36
836	0.138544	-8139.95
837	0.138544	-8106.59
838	0.138544	-8144.18
839	0.138544	-8115.06
840	0.138544	-8132.83
841	0.138544	-8136.8
842	0.138544	-8173.7
843	0.138544	-8115.44
844	0.138544	-8099.53
845	0.138544	-8087.49
846	0.138544	-8170.12
847	0.138544	-8116.52
848	0.138544	-8162.63
849	0.138544	-8124.33
850	0.138544	-8085.58
851	0.138544	-8125.21
852	0.138544	-8108.44
853	0.138544	-8127.85
854	0.138544	-8111.08
855	0.138544	-8161.82
856	0.138544	-8159.77
857	0.138544	-8117.51
858	0.138544	-8146.98
859	0.138544	-8215.82
860	0.138544	-8161.58
861	0.138544	-8147.19
862	0.138544	-8153.75
863	0.138544	-8126.31
864	0.138544	-8124.02
865	0.138544	-8137.65
866	0.138544	-8127.87
867	0.138544	-8123.59
868	0.138544	-8183.99
869	0.138544	-8210.07
870	0.138544	-8189.7
871	0.138544	-8161.54
872	0.138544	-8167.35
873	0.138544	-8195.64
874	0.138544	-8153.71
875	0.138544	-8120.49
876	0.138544	-8096.49
877	0.138544	-8137.73
878	0.138544	-8100.43
879	0.138544	-8113.54
880	0.138544	-8156.25
881	0.138544	-8134
882	0.138544	-8151.77
883	0.138544	-8124.51
884	0.138544	-8141.56
885	0.138544	-8143.26
886	0.138544	-8125.58
887	0.138544	-8140.07
888	0.138544	-8151.16
889	0.138544	-8108.99
890	0.138544	-8083.15
891	0.138544	-8121.63
892	0.138544	-8123.97
893	0.138544	-8136.62
894	0.138544	-8108.94
895	0.138544	-8122.42
896	0.138544	-8125.53
897	0.138544	-8138.09
898	0.138544	-8164.75
899	0.138544	-8150.8
900	0.138544	-8121.48
901	0.138544	-8135.07
902	0.138544	-8137.75
903	0.138544	-8143.17
904	0.138544	-8180.69
905	0.138544	-8141.42
906	0.138544	-8170.94
907	0.138544	-8148.22
908	0.138544	-8169.4
909	0.138544	-8158.71
910	0.138544	-8146.32
911	0.138544	-8160
912	0.138544	-8126.49
913	0.138544	-8140.17
914	0.138544	-8165.53
915	0.138544	-8149.38
916	0.138544	-8178.06
917	0.138544	-8154.24
918	0.138544	-8146.26
919	0.138544	-8148.47
920	0.138544	-8152.55
921	0.138544	-8128.15
922	0.138544	-8127.35
923	0.138544	-8097.15
924	0.138544	-8132.32
925	0.138544	-8147.44
926	0.138544	-8173.03
927	0.138544	-8141.83
928	0.138544	-8168.98
929	0.138544	-8189.21
930	0.138544	-8197.05
931	0.138544	-8130.95
932	0.138544	-8163.85
933	0.138544	-8158.36
934	0.138544	-8105.33
935	0.138544	-8134.88
936	0.138544	-8147.7
937	0.138544	-8124.35
938	0.138544	-8129.22
939	0.138544	-8167.29
940	0.138544	-8173.17
941	0.138544	-8159.82
942	0.138544	-8142.79
943	0.138544	-8084.5
944	0.138544	-8127.84
945	0.138544	-8102.08
946	0.138544	-8106.43
947	0.138544	-8117.79
948	0.138544	-8075.05
949	0.138544	-8096.28
950	0.138544	-8125.26
951	0.138544	-8095.42
952	0.138544	-8080.65
953	0.138544	-8099.87
954	0.138544	-8081.71
955	0.138544	-8093.44
956	0.138544	-8102.6
957	0.138544	-8091.97
958	0.138544	-8105.61
959	0.138544	-8086.35
960	0.138544	-8126.4
961	0.138544	-8121.35
962	0.138544	-8124.12
963	0.138544	-8104.59
964	0.138544	-8107.32
965	0.138544	-8084.16
966	0.138544	-8121.54
967	0.138544	-8094.19
968	0.138544	-8067.02
969	0.138544	-8119.99
970	0.138544	-8133.82
971	0.138544	-8151.27
972	0.138544	-8149.37
973	0.138544	-8105.56
974	0.138544	-8116.62
975	0.138544	-8094.19
976	0.138544	-8070.07
977	0.138544	-8114.62
978	0.138544	-8119.35
979	0.138544	-8165.69
980	0.138544	-8159.6
981	0.138544	-8141.1
982	0.138544	-8106.85
983	0.138544	-8121.05
984	0.138544	-8078.17
985	0.138544	-8095.47
986	0.138544	-8087.83
987	0.138544	-8073.97
988	0.138544	-8110.16
989	0.138544	-8123.89
990	0.138544	-8117.91
991	0.138544	-8110.66
992	0.138544	-8182.52
993	0.138544	-8144.16
994	0.138544	-8138.77
995	0.138544	-8136.52
996	0.138544	-8135.62
997	0.138544	-8143.05
998	0.138544	-8114.82
999	0.138544	-8122.26
1000	0.138544	-8091.14
251	0.118787	-8180.67
252	0.118787	-8176.82
253	0.118787	-8166.45
254	0.118787	-8141.92
255	0.118787	-8145.21
256	0.118787	-8149.36
257	0.118787	-8135.77
258	0.118787	-8126.98
259	0.118787	-8156.46
260	0.118787	-8172.43
261	0.118787	-8173.35
262	0.118787	-8155
263	0.118787	-8147.6
264	0.118787	-8174.25
265	0.118787	-8119.75
266	0.118787	-8074.16
267	0.118787	-8094.96
268	0.118787	-8105.36
269	0.118787	-8183.04
270	0.118787	-8164.92
271	0.118787	-8192.58
272	0.118787	-8140.3
273	0.118787	-8127.66
274	0.118787	-8136.4
275	0.118787	-8113.68
276	0.118787	-8156.46
277	0.118787	-8166.15
278	0.118787	-8219.09
279	0.118787	-8236.43
280	0.118787	-8152.17
281	0.118787	-8112.42
282	0.118787	-8227.23
283	0.118787	-8196.06
284	0.118787	-8192.43
285	0.118787	-8167.3
286	0.118787	-8148.4
287	0.118787	-8127.2
288	0.118787	-8151.98
289	0.118787	-8164.56
290	0.118787	-8203.6
291	0.118787	-8161.94
292	0.118787	-8245.63
293	0.118787	-8155.06
294	0.118787	-8144.81
295	0.118787	-8108.2
296	0.118787	-8121.2
297	0.118787	-8140.42
298	0.118787	-8127.53
299	0.118787	-8106.2
300	0.118787	-8159.23
301	0.118787	-8170.96
302	0.118787	-8145.69
303	0.118787	-8139.28
304	0.118787	-8165.52
305	0.118787	-8144.29
306	0.118787	-8180.87
307	0.118787	-8119.18
308	0.118787	-8143.93
309	0.118787	-8244.89
310	0.118787	-8189.22
311	0.118787	-8173.41
312	0.118787	-8178.34
313	0.118787	-8158.42
314	0.118787	-8204.84
315	0.118787	-8146.13
316	0.118787	-8134.59
317	0.118787	-8111.72
318	0.118787	-8104
319	0.118787	-8136.18
320	0.118787	-8225.27
321	0.118787	-8111.8
322	0.118787	-8098.45
323	0.118787	-8157.06
324	0.118787	-8124.7
325	0.118787	-8086.67
326	0.118787	-8085.03
327	0.118787	-8081.07
328	0.118787	-8102.59
329	0.118787	-8118.21
330	0.118787	-8151.15
331	0.118787	-8137.59
332	0.118787	-8148.28
333	0.118787	-8193.39
334	0.118787	-8161.05
335	0.118787	-8141.45
336	0.118787	-8177.88
337	0.118787	-8190.71
338	0.118787	-8190.87
339	0.118787	-8166.09
340	0.118787	-8148.25
341	0.118787	-8191.83
342	0.118787	-8202.02
343	0.118787	-8166.59
344	0.118787	-8184.38
345	0.118787	-8108.96
346	0.118787	-8067.69
347	0.118787	-8088.15
348	0.118787	-8067.47
349	0.118787	-8108.38
350	0.118787	-8167.47
351	0.118787	-8190.98
352	0.118787	-8113.43
353	0.118787	-8155.06
354	0.118787	-8115.72
355	0.118787	-8104.69
356	0.118787	-8118.88
357	0.118787	-8163.8
358	0.118787	-8156.06
359	0.118787	-8200.45
360	0.118787	-8267.83
361	0.118787	-8175.17
362	0.118787	-8147.16
363	0.118787	-8107.12
364	0.118787	-8135.46
365	0.118787	-8120.82
366	0.118787	-8139.48
367	0.118787	-8205.2
368	0.118787	-8153.01
369	0.118787	-8194.56
370	0.118787	-8118.62
371	0.118787	-8122.9
372	0.118787	-8116.63
373	0.118787	-8144.17
374	0.118787	-8110.64
375	0.118787	-8154.05
376	0.118787	-8131.83
377	0.118787	-8180.39
378	0.118787	-8173.56
379	0.118787	-8173.71
380	0.118787	-8160.68
381	0.118787	-8141.65
382	0.118787	-8136.61
383	0.118787	-8127.76
384	0.118787	-8123.7
385	0.118787	-8131.17
386	0.118787	-8122.62
387	0.118787	-8135.65
388	0.118787	-8115.22
389	0.118787	-8121.38
390	0.118787	-8152.5
391	0.118787	-8149.09
392	0.118787	-8168.99
393	0.118787	-8123.44
394	0.118787	-8163.14
395	0.118787	-8136.21
396	0.118787	-8111.51
397	0.118787	-8124.67
398	0.118787	-8143.43
399	0.118787	-8115.66
400	0.118787	-8133.42
401	0.118787	-8124.57
402	0.118787	-8146.68
403	0.118787	-8130.04
404	0.118787	-8164.48
405	0.118787	-8240.9
406	0.118787	-8249.76
407	0.118787	-8243.19
408	0.118787	-8211.56
409	0.118787	-8171.37
410	0.118787	-8137.55
411	0.118787	-8119.51
412	0.118787	-8211.31
413	0.118787	-8171.57
414	0.118787	-8152.7
415	0.118787	-8149.22
416	0.118787	-8134.96
417	0.118787	-8150.8
418	0.118787	-8187.43
419	0.118787	-8205.28
420	0.118787	-8197.52
421	0.118787	-8208.79
422	0.118787	-8249.9
423	0.118787	-8210.69
424	0.118787	-8154.09
425	0.118787	-8157.73
426	0.118787	-8160.12
427	0.118787	-8190.69
428	0.118787	-8210.03
429	0.118787	-8145.86
430	0.118787	-8131.32
431	0.118787	-8203
432	0.118787	-8214.72
433	0.118787	-8144.2
434	0.118787	-8142.66
435	0.118787	-8131.47
436	0.118787	-8112.23
437	0.118787	-8101.25
438	0.118787	-8156.01
439	0.118787	-8186.1
440	0.118787	-8113.76
441	0.118787	-8103.69
442	0.118787	-8095.36
443	0.118787	-8119.57
444	0.118787	-8121.96
445	0.118787	-8145.76
446	0.118787	-8127.81
447	0.118787	-8156.19
448	0.118787	-8123.01
449	0.118787	-8138.95
450	0.118787	-8118.54
451	0.118787	-8122.82
452	0.118787	-8148.61
453	0.118787	-8184.28
454	0.118787	-8143.37
455	0.118787	-8163.93
456	0.118787	-8131.41
457	0.118787	-8159.58
458	0.118787	-8221.76
459	0.118787	-8200.48
460	0.118787	-8185.56
461	0.118787	-8220.57
462	0.118787	-8162.02
463	0.118787	-8179.68
464	0.118787	-8113.17
465	0.118787	-8127.27
466	0.118787	-8119.24
467	0.118787	-8116
468	0.118787	-8131.73
469	0.118787	-8147.09
470	0.118787	-8111.79
471	0.118787	-8105.64
472	0.118787	-8121.63
473	0.118787	-8165.68
474	0.118787	-8158.35
475	0.118787	-8140.71
476	0.118787	-8246.91
477	0.118787	-8247.98
478	0.118787	-8257.29
479	0.118787	-8191.62
480	0.118787	-8209.06
481	0.118787	-8180.41
482	0.118787	-8151.67
483	0.118787	-8191.73
484	0.118787	-8129.05
485	0.118787	-8166.83
486	0.118787	-8184.99
487	0.118787	-8157.01
488	0.118787	-8145.23
489	0.118787	-8178.74
490	0.118787	-8234.78
491	0.118787	-8176.95
492	0.118787	-8173.25
493	0.118787	-8193.87
494	0.118787	-8165.76
495	0.118787	-8139.58
496	0.118787	-8104.26
497	0.118787	-8087.41
498	0.118787	-8167.66
499	0.118787	-8177.69
500	0.118787	-8145.63
501	0.118787	-8093.61
502	0.118787	-8134.95
503	0.118787	-8176.63
504	0.118787	-8121
505	0.118787	-8180.43
506	0.118787	-8170.79
507	0.118787	-8165.92
508	0.118787	-8102.82
509	0.118787	-8115.32
510	0.118787	-8125.61
511	0.118787	-8140.31
512	0.118787	-8135.49
513	0.118787	-8105.88
514	0.118787	-8121.88
515	0.118787	-8139.61
516	0.118787	-8156.39
517	0.118787	-8138.33
518	0.118787	-8145.74
519	0.118787	-8084.99
520	0.118787	-8149.68
521	0.118787	-8144.82
522	0.118787	-8134.07
523	0.118787	-8134.17
524	0.118787	-8107.52
525	0.118787	-8114.31
526	0.118787	-8113.15
527	0.118787	-8187.53
528	0.118787	-8172.71
529	0.118787	-8174.33
530	0.118787	-8166.71
531	0.118787	-8169.92
532	0.118787	-8175.8
533	0.118787	-8164.85
534	0.118787	-8126.2
535	0.118787	-8130.02
536	0.118787	-8146.59
537	0.118787	-8156.58
538	0.118787	-8125.02
539	0.118787	-8116.09
540	0.118787	-8145.7
541	0.118787	-8104.65
542	0.118787	-8079.14
543	0.118787	-8128.17
544	0.118787	-8162.58
545	0.118787	-8176.94
546	0.118787	-8195.68
547	0.118787	-8194.94
548	0.118787	-8154.74
549	0.118787	-8159.71
550	0.118787	-8147.4
551	0.118787	-8144.89
552	0.118787	-8129.27
553	0.118787	-8154.54
554	0.118787	-8151.42
555	0.118787	-8195.8
556	0.118787	-8193.71
557	0.118787	-8117.92
558	0.118787	-8155.46
559	0.118787	-8131.44
560	0.118787	-8157.57
561	0.118787	-8166.86
562	0.118787	-8192.95
563	0.118787	-8176.57
564	0.118787	-8204.27
565	0.118787	-8129.16
566	0.118787	-8163.68
567	0.118787	-8097.18
568	0.118787	-8103.04
569	0.118787	-8128.57
570	0.118787	-8096.53
571	0.118787	-8158.12
572	0.118787	-8202.77
573	0.118787	-8158.27
574	0.118787	-8188.79
575	0.118787	-8286.66
576	0.118787	-8212.11
577	0.118787	-8153.39
578	0.118787	-8143
579	0.118787	-8120.38
580	0.118787	-8106.28
581	0.118787	-8118.27
582	0.118787	-8119.59
583	0.118787	-8194.43
584	0.118787	-8224.04
585	0.118787	-8145.45
586	0.118787	-8154.43
587	0.118787	-8190.26
588	0.118787	-8158.59
589	0.118787	-8158.36
590	0.118787	-8128.21
591	0.118787	-8101.69
592	0.118787	-8078.79
593	0.118787	-8089.22
594	0.118787	-8099.15
595	0.118787	-8099.34
596	0.118787	-8159.93
597	0.118787	-8143.72
598	0.118787	-8162.58
599	0.118787	-8268.92
600	0.118787	-8186.28
601	0.118787	-8070.98
602	0.118787	-8105.82
603	0.118787	-8088.68
604	0.118787	-8140.93
605	0.118787	-8080.29
606	0.118787	-8102.74
607	0.118787	-8087.69
608	0.118787	-8093.53
609	0.118787	-8107.48
610	0.118787	-8195.75
611	0.118787	-8210.38
612	0.118787	-8170.94
613	0.118787	-8177.97
614	0.118787	-8149.37
615	0.118787	-8134.32
616	0.118787	-8133.35
617	0.118787	-8137.99
618	0.118787	-8139.73
619	0.118787	-8097.97
620	0.118787	-8096.13
621	0.118787	-8113.84
622	0.118787	-8138.55
623	0.118787	-8149.77
624	0.118787	-8179.9
625	0.118787	-8159.31
626	0.118787	-8160.58
627	0.118787	-8182.03
628	0.118787	-8143.28
629	0.118787	-8128.21
630	0.118787	-8111.96
631	0.118787	-8098.72
632	0.118787	-8080.53
633	0.118787	-8118.09
634	0.118787	-8139.46
635	0.118787	-8174.87
636	0.118787	-8198.65
637	0.118787	-8192.51
638	0.118787	-8165.67
639	0.118787	-8183.49
640	0.118787	-8168.08
641	0.118787	-8152.61
642	0.118787	-8170.92
643	0.118787	-8157.19
644	0.118787	-8182.88
645	0.118787	-8126.01
646	0.118787	-8150.01
647	0.118787	-8168.09
648	0.118787	-8182.75
649	0.118787	-8094.78
650	0.118787	-8104.9
651	0.118787	-8119.03
652	0.118787	-8137.94
653	0.118787	-8124.66
654	0.118787	-8126.22
655	0.118787	-8142.51
656	0.118787	-8146.69
657	0.118787	-8148.82
658	0.118787	-8161.79
659	0.118787	-8217.02
660	0.118787	-8155.4
661	0.118787	-8193.9
662	0.118787	-8209.67
663	0.118787	-8172.91
664	0.118787	-8181.41
665	0.118787	-8175.97
666	0.118787	-8210.23
667	0.118787	-8152.98
668	0.118787	-8150.76
669	0.118787	-8131.54
670	0.118787	-8167.05
671	0.118787	-8187.96
672	0.118787	-8170.89
673	0.118787	-8110.19
674	0.118787	-8136.88
675	0.118787	-8128.86
676	0.118787	-8148.19
677	0.118787	-8143.65
678	0.118787	-8142.63
679	0.118787	-8129.55
680	0.118787	-8087.51
681	0.118787	-8103.82
682	0.118787	-8084.04
683	0.118787	-8154.12
684	0.118787	-8184.76
685	0.118787	-8129.69
686	0.118787	-8110.59
687	0.118787	-8180.9
688	0.118787	-8146.69
689	0.118787	-8169.7
690	0.118787	-8123.98
691	0.118787	-8193.34
692	0.118787	-8144.75
693	0.118787	-8145.75
694	0.118787	-8116.65
695	0.118787	-8136.01
696	0.118787	-8205.79
697	0.118787	-8236.34
698	0.118787	-8175.76
699	0.118787	-8145.58
700	0.118787	-8139.39
701	0.118787	-8173.51
702	0.118787	-8139.98
703	0.118787	-8183.44
704	0.118787	-8184.47
705	0.118787	-8220.78
706	0.118787	-8114.08
707	0.118787	-8149.83
708	0.118787	-8154.27
709	0.118787	-8143.3
710	0.118787	-8100.85
711	0.118787	-8107.88
712	0.118787	-8105.46
713	0.118787	-8123.09
714	0.118787	-8157.44
715	0.118787	-8169.33
716	0.118787	-8189.5
717	0.118787	-8197.35
718	0.118787	-8205.86
719	0.118787	-8153.44
720	0.118787	-8130.73
721	0.118787	-8176.9
722	0.118787	-8203.4
723	0.118787	-8146.29
724	0.118787	-8194.85
725	0.118787	-8165.4
726	0.118787	-8180.93
727	0.118787	-8135.08
728	0.118787	-8187.34
729	0.118787	-8118.42
730	0.118787	-8096.54
731	0.118787	-8167.35
732	0.118787	-8144.04
733	0.118787	-8125.48
734	0.118787	-8138.59
735	0.118787	-8133.74
736	0.118787	-8132.74
737	0.118787	-8105.97
738	0.118787	-8124.51
739	0.118787	-8119.97
740	0.118787	-8132.87
741	0.118787	-8098.44
742	0.118787	-8166.75
743	0.118787	-8134.74
744	0.118787	-8123.18
745	0.118787	-8113.89
746	0.118787	-8127.57
747	0.118787	-8174.16
748	0.118787	-8166.67
749	0.118787	-8211.49
750	0.118787	-8164.72
751	0.118787	-8079.22
752	0.118787	-8098.09
753	0.118787	-8200.34
754	0.118787	-8236.16
755	0.118787	-8118.2
756	0.118787	-8149.69
757	0.118787	-8154.13
758	0.118787	-8119.3
759	0.118787	-8114.92
760	0.118787	-8123.27
761	0.118787	-8140.47
762	0.118787	-8106.26
763	0.118787	-8208.24
764	0.118787	-8138.56
765	0.118787	-8127.95
766	0.118787	-8116.02
767	0.118787	-8098.15
768	0.118787	-8103.88
769	0.118787	-8160.85
770	0.118787	-8222.71
771	0.118787	-8233.4
772	0.118787	-8200.13
773	0.118787	-8138.55
774	0.118787	-8141.18
775	0.118787	-8122.71
776	0.118787	-8160.32
777	0.118787	-8183.39
778	0.118787	-8159.22
779	0.118787	-8186.61
780	0.118787	-8178.94
781	0.118787	-8182.77
782	0.118787	-8207.01
783	0.118787	-8196.71
784	0.118787	-8191.37
785	0.118787	-8223.11
786	0.118787	-8167.47
787	0.118787	-8185.08
788	0.118787	-8197.26
789	0.118787	-8175.97
790	0.118787	-8133.48
791	0.118787	-8152.17
792	0.118787	-8145.64
793	0.118787	-8134.48
794	0.118787	-8137.05
795	0.118787	-8135.39
796	0.118787	-8110.23
797	0.118787	-8110.68
798	0.118787	-8129
799	0.118787	-8164.27
800	0.118787	-8178.83
801	0.118787	-8179.49
802	0.118787	-8132.54
803	0.118787	-8133.91
804	0.118787	-8169.76
805	0.118787	-8156.23
806	0.118787	-8152.43
807	0.118787	-8168.04
808	0.118787	-8163.9
809	0.118787	-8159.31
810	0.118787	-8199.7
811	0.118787	-8163.09
812	0.118787	-8192.05
813	0.118787	-8279.58
814	0.118787	-8187.48
815	0.118787	-8176.45
816	0.118787	-8162.01
817	0.118787	-8194.4
818	0.118787	-8125.16
819	0.118787	-8112.27
820	0.118787	-8096.68
821	0.118787	-8116.03
822	0.118787	-8091.87
823	0.118787	-8128.19
824	0.118787	-8157.33
825	0.118787	-8128.8
826	0.118787	-8120.03
827	0.118787	-8102.84
828	0.118787	-8116.15
829	0.118787	-8101.01
830	0.118787	-8102.16
831	0.118787	-8156.39
832	0.118787	-8139.62
833	0.118787	-8158.36
834	0.118787	-8259.45
835	0.118787	-8156.63
836	0.118787	-8088.52
837	0.118787	-8100.14
838	0.118787	-8101.82
839	0.118787	-8131.73
840	0.118787	-8116.64
841	0.118787	-8159.26
842	0.118787	-8216.14
843	0.118787	-8206.41
844	0.118787	-8241.47
845	0.118787	-8203.44
846	0.118787	-8191.01
847	0.118787	-8173.13
848	0.118787	-8191.63
849	0.118787	-8206.73
850	0.118787	-8250.3
851	0.118787	-8177.53
852	0.118787	-8139.71
853	0.118787	-8119.41
854	0.118787	-8098.47
855	0.118787	-8106.3
856	0.118787	-8107.93
857	0.118787	-8103.5
858	0.118787	-8117.4
859	0.118787	-8120.76
860	0.118787	-8184.86
861	0.118787	-8142.73
862	0.118787	-8165.1
863	0.118787	-8160.76
864	0.118787	-8177.99
865	0.118787	-8139.83
866	0.118787	-8123.02
867	0.118787	-8125.15
868	0.118787	-8143.47
869	0.118787	-8125.16
870	0.118787	-8118.43
871	0.118787	-8122.53
872	0.118787	-8167.52
873	0.118787	-8101.71
874	0.118787	-8174.83
875	0.118787	-8228.77
876	0.118787	-8173.23
877	0.118787	-8169.6
878	0.118787	-8126.03
879	0.118787	-8185.63
880	0.118787	-8126.13
881	0.118787	-8155.46
882	0.118787	-8177.16
883	0.118787	-8123.92
884	0.118787	-8129.25
885	0.118787	-8151.28
886	0.118787	-8179.96
887	0.118787	-8148.77
888	0.118787	-8117.17
889	0.118787	-8118.85
890	0.118787	-8143.27
891	0.118787	-8113.94
892	0.118787	-8116.54
893	0.118787	-8086.33
894	0.118787	-8151.55
895	0.118787	-8228.58
896	0.118787	-8204
897	0.118787	-8192.35
898	0.118787	-8157.26
899	0.118787	-8069.38
900	0.118787	-8139.79
901	0.118787	-8112.37
902	0.118787	-8124.82
903	0.118787	-8136.3
904	0.118787	-8160.93
905	0.118787	-8176.24
906	0.118787	-8146.83
907	0.118787	-8155.34
908	0.118787	-8194.45
909	0.118787	-8166.08
910	0.118787	-8174.31
911	0.118787	-8154.96
912	0.118787	-8153.13
913	0.118787	-8154.46
914	0.118787	-8159.31
915	0.118787	-8151.39
916	0.118787	-8175.54
917	0.118787	-8211.27
918	0.118787	-8196.31
919	0.118787	-8242.18
920	0.118787	-8181.43
921	0.118787	-8157.93
922	0.118787	-8191.98
923	0.118787	-8226.88
924	0.118787	-8197.47
925	0.118787	-8184.14
926	0.118787	-8163.57
927	0.118787	-8191.72
928	0.118787	-8148.67
929	0.118787	-8160.22
930	0.118787	-8100.28
931	0.118787	-8156.14
932	0.118787	-8223.25
933	0.118787	-8256.21
934	0.118787	-8190.59
935	0.118787	-8214.33
936	0.118787	-8123.49
937	0.118787	-8132.46
938	0.118787	-8128.47
939	0.118787	-8166.97
940	0.118787	-8209.33
941	0.118787	-8175.22
942	0.118787	-8148.8
943	0.118787	-8196.1
944	0.118787	-8173.14
945	0.118787	-8161.62
946	0.118787	-8140.64
947	0.118787	-8183.19
948	0.118787	-8151.02
949	0.118787	-8199.43
950	0.118787	-8120.3
951	0.118787	-8121.24
952	0.118787	-8184.97
953	0.118787	-8155.04
954	0.118787	-8152.47
955	0.118787	-8155.18
956	0.118787	-8139.13
957	0.118787	-8132.04
958	0.118787	-8146.49
959	0.118787	-8140.43
960	0.118787	-8118.72
961	0.118787	-8154.83
962	0.118787	-8148.2
963	0.118787	-8170.44
964	0.118787	-8151.94
965	0.118787	-8180.17
966	0.118787	-8184.98
967	0.118787	-8208.91
968	0.118787	-8186.1
969	0.118787	-8187.56
970	0.118787	-8159.92
971	0.118787	-8178.45
972	0.118787	-8123.83
973	0.118787	-8160.01
974	0.118787	-8199.41
975	0.118787	-8156.56
976	0.118787	-8155.37
977	0.118787	-8145.19
978	0.118787	-8106.7
979	0.118787	-8120.85
980	0.118787	-8102.78
981	0.118787	-8097.4
982	0.118787	-8157.91
983	0.118787	-8145.79
984	0.118787	-8118.43
985	0.118787	-8147.99
986	0.118787	-8140.94
987	0.118787	-8176.27
988	0.118787	-8234.11
989	0.118787	-8202.96
990	0.118787	-8179.37
991	0.118787	-8185.42
992	0.118787	-8172.8
993	0.118787	-8172.61
994	0.118787	-8169.42
995	0.118787	-8106.44
996	0.118787	-8117.85
997	0.118787	-8133.53
998	0.118787	-8098.25
999	0.118787	-8104.06
1000	0.118787	-8118.05
251	0.101351	-8197.36
252	0.101351	-8226.42
253	0.101351	-8180.94
254	0.101351	-8228.99
255	0.101351	-8226.46
256	0.101351	-8291.94
257	0.101351	-8224.12
258	0.101351	-8209.92
259	0.101351	-8196.36
260	0.101351	-8197.76
261	0.101351	-8193.73
262	0.101351	-8273.59
263	0.101351	-8173.35
264	0.101351	-8183.34
265	0.101351	-8190.4
266	0.101351	-8136.7
267	0.101351	-8171.89
268	0.101351	-8204.85
269	0.101351	-8223.36
270	0.101351	-8187.29
271	0.101351	-8186.55
272	0.101351	-8209.86
273	0.101351	-8205.95
274	0.101351	-8227.72
275	0.101351	-8245.76
276	0.101351	-8172.27
277	0.101351	-8132.63
278	0.101351	-8117.58
279	0.101351	-8153.01
280	0.101351	-8174.51
281	0.101351	-8165.58
282	0.101351	-8148.98
283	0.101351	-8150.07
284	0.101351	-8175.02
285	0.101351	-8217.87
286	0.101351	-8173.25
287	0.101351	-8213.7
288	0.101351	-8185.17
289	0.101351	-8149.74
290	0.101351	-8165.31
291	0.101351	-8147.66
292	0.101351	-8187
293	0.101351	-8214.4
294	0.101351	-8187.57
295	0.101351	-8180.05
296	0.101351	-8247.27
297	0.101351	-8223.64
298	0.101351	-8203.84
299	0.101351	-8195.35
300	0.101351	-8158.16
301	0.101351	-8183.93
302	0.101351	-8171.57
303	0.101351	-8220.15
304	0.101351	-8279.16
305	0.101351	-8255.54
306	0.101351	-8285.51
307	0.101351	-8174.11
308	0.101351	-8282.71
309	0.101351	-8142.64
310	0.101351	-8149.4
311	0.101351	-8237.24
312	0.101351	-8189.13
313	0.101351	-8210.08
314	0.101351	-8247.32
315	0.101351	-8298.11
316	0.101351	-8293.8
317	0.101351	-8222.63
318	0.101351	-8234.43
319	0.101351	-8200.97
320	0.101351	-8183.05
321	0.101351	-8251.33
322	0.101351	-8251.33
323	0.101351	-8178.25
324	0.101351	-8134.32
325	0.101351	-8154.08
326	0.101351	-8245.04
327	0.101351	-8122.46
328	0.101351	-8114
329	0.101351	-8130.34
330	0.101351	-8180.57
331	0.101351	-8195.66
332	0.101351	-8205.86
333	0.101351	-8229
334	0.101351	-8203.85
335	0.101351	-8212.92
336	0.101351	-8281
337	0.101351	-8245.9
338	0.101351	-8153.58
339	0.101351	-8093.96
340	0.101351	-8131.18
341	0.101351	-8161.26
342	0.101351	-8219.27
343	0.101351	-8286.22
344	0.101351	-8211.31
345	0.101351	-8206.14
346	0.101351	-8204.78
347	0.101351	-8231.43
348	0.101351	-8242.69
349	0.101351	-8188.35
350	0.101351	-8200.4
351	0.101351	-8202.13
352	0.101351	-8237.44
353	0.101351	-8244.44
354	0.101351	-8230.36
355	0.101351	-8185.84
356	0.101351	-8229.57
357	0.101351	-8151.64
358	0.101351	-8162.28
359	0.101351	-8163.41
360	0.101351	-8174.41
361	0.101351	-8136.96
362	0.101351	-8161.63
363	0.101351	-8156.92
364	0.101351	-8128.45
365	0.101351	-8141.68
366	0.101351	-8195.86
367	0.101351	-8181.07
368	0.101351	-8211.89
369	0.101351	-8237.63
370	0.101351	-8242.8
371	0.101351	-8148.24
372	0.101351	-8205.49
373	0.101351	-8188.29
374	0.101351	-8198.56
375	0.101351	-8193.24
376	0.101351	-8218.68
377	0.101351	-8135.76
378	0.101351	-8124.94
379	0.101351	-8196.48
380	0.101351	-8252.76
381	0.101351	-8147.59
382	0.101351	-8167.53
383	0.101351	-8160.96
384	0.101351	-8149.73
385	0.101351	-8223.99
386	0.101351	-8217.55
387	0.101351	-8219.89
388	0.101351	-8204.92
389	0.101351	-8206.97
390	0.101351	-8195.85
391	0.101351	-8191.84
392	0.101351	-8175.05
393	0.101351	-8143.9
394	0.101351	-8136.24
395	0.101351	-8148.85
396	0.101351	-8176.53
397	0.101351	-8182.1
398	0.101351	-8165.97
399	0.101351	-8189.85
400	0.101351	-8126.15
401	0.101351	-8123.06
402	0.101351	-8114.85
403	0.101351	-8158.02
404	0.101351	-8108.87
405	0.101351	-8091.64
406	0.101351	-8083.9
407	0.101351	-8110.31
408	0.101351	-8110.95
409	0.101351	-8119.57
410	0.101351	-8105.83
411	0.101351	-8169.04
412	0.101351	-8111.63
413	0.101351	-8111.76
414	0.101351	-8110.33
415	0.101351	-8136.22
416	0.101351	-8186.45
417	0.101351	-8113.55
418	0.101351	-8129.73
419	0.101351	-8137.83
420	0.101351	-8130.29
421	0.101351	-8123.39
422	0.101351	-8171.36
423	0.101351	-8208.73
424	0.101351	-8225.6
425	0.101351	-8211.88
426	0.101351	-8251.06
427	0.101351	-8268.25
428	0.101351	-8212.22
429	0.101351	-8225.47
430	0.101351	-8205.01
431	0.101351	-8244.47
432	0.101351	-8163.78
433	0.101351	-8135.06
434	0.101351	-8168.15
435	0.101351	-8206.25
436	0.101351	-8199.51
437	0.101351	-8140.81
438	0.101351	-8188.35
439	0.101351	-8142.26
440	0.101351	-8131.36
441	0.101351	-8139.75
442	0.101351	-8194.42
443	0.101351	-8200.61
444	0.101351	-8137.84
445	0.101351	-8163.41
446	0.101351	-8179.77
447	0.101351	-8163.32
448	0.101351	-8140.14
449	0.101351	-8160.13
450	0.101351	-8195.76
451	0.101351	-8091.3
452	0.101351	-8103.53
453	0.101351	-8151.2
454	0.101351	-8181.77
455	0.101351	-8255.05
456	0.101351	-8169.64
457	0.101351	-8140.48
458	0.101351	-8152.16
459	0.101351	-8218.72
460	0.101351	-8173.14
461	0.101351	-8154.83
462	0.101351	-8172.87
463	0.101351	-8175.22
464	0.101351	-8192.29
465	0.101351	-8230.91
466	0.101351	-8224.93
467	0.101351	-8174.05
468	0.101351	-8220.12
469	0.101351	-8261.33
470	0.101351	-8160.08
471	0.101351	-8281.47
472	0.101351	-8166.75
473	0.101351	-8223.79
474	0.101351	-8299.3
475	0.101351	-8235.71
476	0.101351	-8207.45
477	0.101351	-8227.07
478	0.101351	-8186.89
479	0.101351	-8255.54
480	0.101351	-8209.58
481	0.101351	-8216.83
482	0.101351	-8170.27
483	0.101351	-8138.47
484	0.101351	-8168.09
485	0.101351	-8127.56
486	0.101351	-8083.37
487	0.101351	-8168.55
488	0.101351	-8104.23
489	0.101351	-8153.04
490	0.101351	-8079.79
491	0.101351	-8138.27
492	0.101351	-8151.1
493	0.101351	-8199.57
494	0.101351	-8220.26
495	0.101351	-8198.05
496	0.101351	-8210.64
497	0.101351	-8168.85
498	0.101351	-8169.49
499	0.101351	-8179.85
500	0.101351	-8170.44
501	0.101351	-8139.9
502	0.101351	-8181.78
503	0.101351	-8266.96
504	0.101351	-8193.1
505	0.101351	-8156.57
506	0.101351	-8097.79
507	0.101351	-8094.57
508	0.101351	-8119.03
509	0.101351	-8099.71
510	0.101351	-8128.15
511	0.101351	-8121.9
512	0.101351	-8160.03
513	0.101351	-8249.5
514	0.101351	-8241.39
515	0.101351	-8152.04
516	0.101351	-8150.6
517	0.101351	-8156.41
518	0.101351	-8129.59
519	0.101351	-8261.45
520	0.101351	-8254.3
521	0.101351	-8209.75
522	0.101351	-8262
523	0.101351	-8183.02
524	0.101351	-8203.12
525	0.101351	-8153.45
526	0.101351	-8129.96
527	0.101351	-8179.19
528	0.101351	-8134
529	0.101351	-8149.12
530	0.101351	-8165.37
531	0.101351	-8170.42
532	0.101351	-8158.13
533	0.101351	-8199.56
534	0.101351	-8180.33
535	0.101351	-8267.82
536	0.101351	-8240.06
537	0.101351	-8224.86
538	0.101351	-8206.41
539	0.101351	-8216.56
540	0.101351	-8165.12
541	0.101351	-8148.95
542	0.101351	-8148.46
543	0.101351	-8212.8
544	0.101351	-8205.05
545	0.101351	-8274.64
546	0.101351	-8194.35
547	0.101351	-8155.16
548	0.101351	-8235.5
549	0.101351	-8207.25
550	0.101351	-8169.53
551	0.101351	-8110.41
552	0.101351	-8161.71
553	0.101351	-8163.73
554	0.101351	-8192.9
555	0.101351	-8146.96
556	0.101351	-8160.55
557	0.101351	-8124.08
558	0.101351	-8206.01
559	0.101351	-8162.66
560	0.101351	-8188.85
561	0.101351	-8138.68
562	0.101351	-8116.05
563	0.101351	-8150.63
564	0.101351	-8220.1
565	0.101351	-8196.85
566	0.101351	-8227.12
567	0.101351	-8210.78
568	0.101351	-8214.48
569	0.101351	-8144.56
570	0.101351	-8174.17
571	0.101351	-8139.47
572	0.101351	-8183.95
573	0.101351	-8174.48
574	0.101351	-8126.33
575	0.101351	-8114.54
576	0.101351	-8133.29
577	0.101351	-8155.47
578	0.101351	-8165.51
579	0.101351	-8193.17
580	0.101351	-8216.7
581	0.101351	-8288.95
582	0.101351	-8208.59
583	0.101351	-8207.62
584	0.101351	-8213.04
585	0.101351	-8143
586	0.101351	-8153.63
587	0.101351	-8201.65
588	0.101351	-8244.28
589	0.101351	-8145.27
590	0.101351	-8119.88
591	0.101351	-8161.66
592	0.101351	-8134.31
593	0.101351	-8128.26
594	0.101351	-8172.51
595	0.101351	-8189.18
596	0.101351	-8175.1
597	0.101351	-8174.57
598	0.101351	-8149
599	0.101351	-8165.08
600	0.101351	-8132.94
601	0.101351	-8115.03
602	0.101351	-8204.11
603	0.101351	-8204.07
604	0.101351	-8238.5
605	0.101351	-8176.38
606	0.101351	-8149.68
607	0.101351	-8161.56
608	0.101351	-8170.3
609	0.101351	-8167.98
610	0.101351	-8152.51
611	0.101351	-8164.53
612	0.101351	-8162.4
613	0.101351	-8124.18
614	0.101351	-8250.88
615	0.101351	-8176.87
616	0.101351	-8184.84
617	0.101351	-8187.45
618	0.101351	-8178.89
619	0.101351	-8156.09
620	0.101351	-8135.56
621	0.101351	-8182.51
622	0.101351	-8233.76
623	0.101351	-8166.74
624	0.101351	-8206.99
625	0.101351	-8166.38
626	0.101351	-8200.34
627	0.101351	-8112.35
628	0.101351	-8126.42
629	0.101351	-8156.11
630	0.101351	-8152.89
631	0.101351	-8242.31
632	0.101351	-8256.4
633	0.101351	-8202.63
634	0.101351	-8205.14
635	0.101351	-8159.2
636	0.101351	-8112.64
637	0.101351	-8137
638	0.101351	-8172.43
639	0.101351	-8208.29
640	0.101351	-8161.62
641	0.101351	-8145.7
642	0.101351	-8128.94
643	0.101351	-8153.26
644	0.101351	-8248.35
645	0.101351	-8222.47
646	0.101351	-8254.78
647	0.101351	-8173.46
648	0.101351	-8108.63
649	0.101351	-8144.75
650	0.101351	-8151.87
651	0.101351	-8156.22
652	0.101351	-8189.69
653	0.101351	-8247.85
654	0.101351	-8106.17
655	0.101351	-8103.72
656	0.101351	-8133.15
657	0.101351	-8152.52
658	0.101351	-8155.56
659	0.101351	-8145.02
660	0.101351	-8149.93
661	0.101351	-8113.92
662	0.101351	-8199.58
663	0.101351	-8181.21
664	0.101351	-8159.23
665	0.101351	-8188.87
666	0.101351	-8160.6
667	0.101351	-8167.92
668	0.101351	-8230.33
669	0.101351	-8252.1
670	0.101351	-8211.66
671	0.101351	-8270.77
672	0.101351	-8224.72
673	0.101351	-8197.27
674	0.101351	-8147.11
675	0.101351	-8178.85
676	0.101351	-8157
677	0.101351	-8130.91
678	0.101351	-8197.84
679	0.101351	-8192.51
680	0.101351	-8133.35
681	0.101351	-8159.89
682	0.101351	-8202.07
683	0.101351	-8205.61
684	0.101351	-8210.9
685	0.101351	-8257.29
686	0.101351	-8232.65
687	0.101351	-8232.46
688	0.101351	-8217.17
689	0.101351	-8205.41
690	0.101351	-8153.89
691	0.101351	-8137.46
692	0.101351	-8244.44
693	0.101351	-8171.07
694	0.101351	-8174.95
695	0.101351	-8191.42
696	0.101351	-8164.44
697	0.101351	-8203.42
698	0.101351	-8177.11
699	0.101351	-8135.99
700	0.101351	-8126.87
701	0.101351	-8200.91
702	0.101351	-8204.9
703	0.101351	-8170.95
704	0.101351	-8144.51
705	0.101351	-8180.59
706	0.101351	-8150.06
707	0.101351	-8189.03
708	0.101351	-8125.56
709	0.101351	-8147.7
710	0.101351	-8226.56
711	0.101351	-8197.84
712	0.101351	-8198.08
713	0.101351	-8237.54
714	0.101351	-8280.04
715	0.101351	-8215.91
716	0.101351	-8213.26
717	0.101351	-8171.4
718	0.101351	-8191.8
719	0.101351	-8166.63
720	0.101351	-8195.23
721	0.101351	-8158.62
722	0.101351	-8212.97
723	0.101351	-8224.75
724	0.101351	-8193.72
725	0.101351	-8220.09
726	0.101351	-8156.78
727	0.101351	-8147.05
728	0.101351	-8269.52
729	0.101351	-8234.29
730	0.101351	-8246.93
731	0.101351	-8263.29
732	0.101351	-8223.54
733	0.101351	-8190.06
734	0.101351	-8155.75
735	0.101351	-8153.56
736	0.101351	-8134.67
737	0.101351	-8156.93
738	0.101351	-8143.15
739	0.101351	-8139.42
740	0.101351	-8185.45
741	0.101351	-8150.67
742	0.101351	-8173.51
743	0.101351	-8222.27
744	0.101351	-8129.88
745	0.101351	-8145.71
746	0.101351	-8159.48
747	0.101351	-8181.32
748	0.101351	-8145.66
749	0.101351	-8285.42
750	0.101351	-8229.53
751	0.101351	-8199.05
752	0.101351	-8166.54
753	0.101351	-8209.44
754	0.101351	-8121.45
755	0.101351	-8168.37
756	0.101351	-8111.5
757	0.101351	-8144.79
758	0.101351	-8109.81
759	0.101351	-8100.78
760	0.101351	-8114.7
761	0.101351	-8111.03
762	0.101351	-8137.17
763	0.101351	-8156.03
764	0.101351	-8175.09
765	0.101351	-8171.7
766	0.101351	-8205.22
767	0.101351	-8156.2
768	0.101351	-8119.98
769	0.101351	-8133.67
770	0.101351	-8171.84
771	0.101351	-8173.41
772	0.101351	-8200.15
773	0.101351	-8190.35
774	0.101351	-8196.02
775	0.101351	-8157.98
776	0.101351	-8193.45
777	0.101351	-8161.38
778	0.101351	-8231.96
779	0.101351	-8178.81
780	0.101351	-8174.59
781	0.101351	-8118.84
782	0.101351	-8164.38
783	0.101351	-8113.11
784	0.101351	-8114.17
785	0.101351	-8214.3
786	0.101351	-8170.04
787	0.101351	-8193.5
788	0.101351	-8129.2
789	0.101351	-8192.62
790	0.101351	-8218.1
791	0.101351	-8210.7
792	0.101351	-8151.13
793	0.101351	-8147.29
794	0.101351	-8163.02
795	0.101351	-8205.56
796	0.101351	-8247.36
797	0.101351	-8161.41
798	0.101351	-8231.92
799	0.101351	-8212.67
800	0.101351	-8192.39
801	0.101351	-8214.17
802	0.101351	-8277.08
803	0.101351	-8262.63
804	0.101351	-8259.32
805	0.101351	-8230.07
806	0.101351	-8151.03
807	0.101351	-8151.31
808	0.101351	-8165.44
809	0.101351	-8150.13
810	0.101351	-8236.2
811	0.101351	-8169.33
812	0.101351	-8178.79
813	0.101351	-8177.53
814	0.101351	-8194.39
815	0.101351	-8188.93
816	0.101351	-8198.17
817	0.101351	-8201.61
818	0.101351	-8192.13
819	0.101351	-8215.09
820	0.101351	-8184.38
821	0.101351	-8234.21
822	0.101351	-8148.76
823	0.101351	-8162.85
824	0.101351	-8157.35
825	0.101351	-8127.43
826	0.101351	-8144.35
827	0.101351	-8142.55
828	0.101351	-8221.59
829	0.101351	-8190.35
830	0.101351	-8139.2
831	0.101351	-8155.01
832	0.101351	-8120.53
833	0.101351	-8115.5
834	0.101351	-8123.01
835	0.101351	-8191
836	0.101351	-8183.12
837	0.101351	-8222.08
838	0.101351	-8196.37
839	0.101351	-8177.72
840	0.101351	-8148.91
841	0.101351	-8100.97
842	0.101351	-8125.09
843	0.101351	-8158
844	0.101351	-8130.31
845	0.101351	-8152.66
846	0.101351	-8159.65
847	0.101351	-8153.13
848	0.101351	-8195.26
849	0.101351	-8117.02
850	0.101351	-8149.17
851	0.101351	-8144.72
852	0.101351	-8103.19
853	0.101351	-8179.29
854	0.101351	-8193.8
855	0.101351	-8211.47
856	0.101351	-8225.29
857	0.101351	-8201.41
858	0.101351	-8172.99
859	0.101351	-8230.77
860	0.101351	-8185.52
861	0.101351	-8262.43
862	0.101351	-8188.62
863	0.101351	-8257.05
864	0.101351	-8226.23
865	0.101351	-8215.57
866	0.101351	-8168.67
867	0.101351	-8235.92
868	0.101351	-8202.1
869	0.101351	-8168.03
870	0.101351	-8150.66
871	0.101351	-8173.14
872	0.101351	-8157.04
873	0.101351	-8144.62
874	0.101351	-8234.15
875	0.101351	-8196.8
876	0.101351	-8159.88
877	0.101351	-8178.2
878	0.101351	-8195.97
879	0.101351	-8211.49
880	0.101351	-8291.04
881	0.101351	-8199.61
882	0.101351	-8108.63
883	0.101351	-8160.75
884	0.101351	-8124.17
885	0.101351	-8199.12
886	0.101351	-8163.84
887	0.101351	-8192.61
888	0.101351	-8137.44
889	0.101351	-8137.8
890	0.101351	-8131.49
891	0.101351	-8133.5
892	0.101351	-8146.15
893	0.101351	-8198.38
894	0.101351	-8209.96
895	0.101351	-8186.34
896	0.101351	-8187.81
897	0.101351	-8246.11
898	0.101351	-8169.45
899	0.101351	-8241.34
900	0.101351	-8169.86
901	0.101351	-8183.14
902	0.101351	-8217.61
903	0.101351	-8289.09
904	0.101351	-8161.93
905	0.101351	-8154.92
906	0.101351	-8179.58
907	0.101351	-8171.55
908	0.101351	-8222.07
909	0.101351	-8152.48
910	0.101351	-8205.66
911	0.101351	-8122.34
912	0.101351	-8138.87
913	0.101351	-8220.55
914	0.101351	-8167.61
915	0.101351	-8163.87
916	0.101351	-8252.09
917	0.101351	-8212.45
918	0.101351	-8257.42
919	0.101351	-8215.19
920	0.101351	-8176.56
921	0.101351	-8154.1
922	0.101351	-8170.95
923	0.101351	-8200.5
924	0.101351	-8168.93
925	0.101351	-8163.1
926	0.101351	-8135.39
927	0.101351	-8112.1
928	0.101351	-8124.06
929	0.101351	-8143.98
930	0.101351	-8154.46
931	0.101351	-8123.45
932	0.101351	-8139.67
933	0.101351	-8178.53
934	0.101351	-8184.33
935	0.101351	-8176.18
936	0.101351	-8168.46
937	0.101351	-8211.74
938	0.101351	-8170.28
939	0.101351	-8184.7
940	0.101351	-8162.42
941	0.101351	-8200.23
942	0.101351	-8181.56
943	0.101351	-8206.06
944	0.101351	-8183.11
945	0.101351	-8182.46
946	0.101351	-8218.85
947	0.101351	-8182.31
948	0.101351	-8233.39
949	0.101351	-8233.94
950	0.101351	-8258.79
951	0.101351	-8193.65
952	0.101351	-8166.15
953	0.101351	-8141.38
954	0.101351	-8179.69
955	0.101351	-8118.05
956	0.101351	-8123.37
957	0.101351	-8155.79
958	0.101351	-8139.97
959	0.101351	-8168.74
960	0.101351	-8159.55
961	0.101351	-8255.5
962	0.101351	-8230.64
963	0.101351	-8240.76
964	0.101351	-8224.01
965	0.101351	-8208.03
966	0.101351	-8173.67
967	0.101351	-8156.37
968	0.101351	-8116.45
969	0.101351	-8141.69
970	0.101351	-8190.84
971	0.101351	-8155.77
972	0.101351	-8224.24
973	0.101351	-8206.59
974	0.101351	-8215.62
975	0.101351	-8195.3
976	0.101351	-8233.17
977	0.101351	-8144.42
978	0.101351	-8136.18
979	0.101351	-8082.73
980	0.101351	-8113.73
981	0.101351	-8159.49
982	0.101351	-8184.47
983	0.101351	-8174.96
984	0.101351	-8164.04
985	0.101351	-8142.82
986	0.101351	-8176.95
987	0.101351	-8138.06
988	0.101351	-8092.06
989	0.101351	-8093.8
990	0.101351	-8144.06
991	0.101351	-8140.56
992	0.101351	-8127.12
993	0.101351	-8158.81
994	0.101351	-8231.63
995	0.101351	-8178.44
996	0.101351	-8173.52
997	0.101351	-8156.1
998	0.101351	-8172.08
999	0.101351	-8212.29
1000	0.101351	-8143.21
251	0.0860252	-8239.84
252	0.0860252	-8188.79
253	0.0860252	-8224.43
254	0.0860252	-8241.81
255	0.0860252	-8227.64
256	0.0860252	-8209.8
257	0.0860252	-8232.02
258	0.0860252	-8207.12
259	0.0860252	-8172.37
260	0.0860252	-8154.27
261	0.0860252	-8229.57
262	0.0860252	-8216.28
263	0.0860252	-8232.32
264	0.0860252	-8240.26
265	0.0860252	-8209.09
266	0.0860252	-8165.83
267	0.0860252	-8166.05
268	0.0860252	-8124.2
269	0.0860252	-8144.63
270	0.0860252	-8202.27
271	0.0860252	-8220.93
272	0.0860252	-8241.31
273	0.0860252	-8187.36
274	0.0860252	-8245.9
275	0.0860252	-8199.4
276	0.0860252	-8216.02
277	0.0860252	-8288.16
278	0.0860252	-8284.22
279	0.0860252	-8302.17
280	0.0860252	-8297.55
281	0.0860252	-8190.66
282	0.0860252	-8246.55
283	0.0860252	-8207.21
284	0.0860252	-8192.68
285	0.0860252	-8186.58
286	0.0860252	-8177.21
287	0.0860252	-8263.81
288	0.0860252	-8285.89
289	0.0860252	-8241.16
290	0.0860252	-8155.94
291	0.0860252	-8126.12
292	0.0860252	-8196.53
293	0.0860252	-8186.86
294	0.0860252	-8175.55
295	0.0860252	-8210.36
296	0.0860252	-8236.35
297	0.0860252	-8231.04
298	0.0860252	-8192.72
299	0.0860252	-8236.78
300	0.0860252	-8192.78
301	0.0860252	-8167.05
302	0.0860252	-8148.65
303	0.0860252	-8208.45
304	0.0860252	-8229.86
305	0.0860252	-8140.98
306	0.0860252	-8221.12
307	0.0860252	-8246.2
308	0.0860252	-8199.87
309	0.0860252	-8248.99
310	0.0860252	-8208.38
311	0.0860252	-8252.92
312	0.0860252	-8221.19
313	0.0860252	-8238.96
314	0.0860252	-8233.38
315	0.0860252	-8236.82
316	0.0860252	-8303.3
317	0.0860252	-8259.66
318	0.0860252	-8251.09
319	0.0860252	-8184.72
320	0.0860252	-8239.88
321	0.0860252	-8263.79
322	0.0860252	-8325.17
323	0.0860252	-8213.41
324	0.0860252	-8202.63
325	0.0860252	-8163.93
326	0.0860252	-8185.03
327	0.0860252	-8339.45
328	0.0860252	-8261.42
329	0.0860252	-8236.45
330	0.0860252	-8151.76
331	0.0860252	-8222.34
332	0.0860252	-8211.62
333	0.0860252	-8296.8
334	0.0860252	-8175.03
335	0.0860252	-8197.3
336	0.0860252	-8251.77
337	0.0860252	-8210.29
338	0.0860252	-8251.67
339	0.0860252	-8246.63
340	0.0860252	-8272.49
341	0.0860252	-8216.19
342	0.0860252	-8260.56
343	0.0860252	-8200.02
344	0.0860252	-8242.46
345	0.0860252	-8269.76
346	0.0860252	-8268.07
347	0.0860252	-8252.58
348	0.0860252	-8246.18
349	0.0860252	-8195.47
350	0.0860252	-8187.99
351	0.0860252	-8214.73
352	0.0860252	-8182.74
353	0.0860252	-8237.57
354	0.0860252	-8243.05
355	0.0860252	-8152.11
356	0.0860252	-8203.3
357	0.0860252	-8155.64
358	0.0860252	-8202.23
359	0.0860252	-8194.35
360	0.0860252	-8219.42
361	0.0860252	-8264.23
362	0.0860252	-8183.76
363	0.0860252	-8193.55
364	0.0860252	-8221.57
365	0.0860252	-8241.72
366	0.0860252	-8225.07
367	0.0860252	-8176.84
368	0.0860252	-8202.88
369	0.0860252	-8164.3
370	0.0860252	-8234.76
371	0.0860252	-8152.09
372	0.0860252	-8179.46
373	0.0860252	-8203.26
374	0.0860252	-8199.87
375	0.0860252	-8234.48
376	0.0860252	-8184.13
377	0.0860252	-8158.88
378	0.0860252	-8119.75
379	0.0860252	-8166.23
380	0.0860252	-8156.1
381	0.0860252	-8142.33
382	0.0860252	-8142.07
383	0.0860252	-8178.61
384	0.0860252	-8202.93
385	0.0860252	-8240.7
386	0.0860252	-8137.26
387	0.0860252	-8198.66
388	0.0860252	-8161.42
389	0.0860252	-8214.59
390	0.0860252	-8256.79
391	0.0860252	-8196.68
392	0.0860252	-8257.2
393	0.0860252	-8246.27
394	0.0860252	-8191.56
395	0.0860252	-8153.21
396	0.0860252	-8192.13
397	0.0860252	-8237.82
398	0.0860252	-8305.95
399	0.0860252	-8230.74
400	0.0860252	-8224.87
401	0.0860252	-8185.85
402	0.0860252	-8201.28
403	0.0860252	-8228.55
404	0.0860252	-8213.23
405	0.0860252	-8224.04
406	0.0860252	-8200.16
407	0.0860252	-8173.2
408	0.0860252	-8251.64
409	0.0860252	-8211.24
410	0.0860252	-8230.67
411	0.0860252	-8223.44
412	0.0860252	-8185.26
413	0.0860252	-8216.84
414	0.0860252	-8239.09
415	0.0860252	-8226.23
416	0.0860252	-8263.71
417	0.0860252	-8165.31
418	0.0860252	-8201.01
419	0.0860252	-8235.95
420	0.0860252	-8289.55
421	0.0860252	-8263.73
422	0.0860252	-8212.34
423	0.0860252	-8217.01
424	0.0860252	-8253.9
425	0.0860252	-8210.67
426	0.0860252	-8265.34
427	0.0860252	-8270.51
428	0.0860252	-8210.69
429	0.0860252	-8201.2
430	0.0860252	-8225.08
431	0.0860252	-8263.42
432	0.0860252	-8235.85
433	0.0860252	-8282.97
434	0.0860252	-8269.16
435	0.0860252	-8257.77
436	0.0860252	-8237.08
437	0.0860252	-8299.62
438	0.0860252	-8302.15
439	0.0860252	-8275.77
440	0.0860252	-8311.67
441	0.0860252	-8257.38
442	0.0860252	-8135.99
443	0.0860252	-8139.77
444	0.0860252	-8118.86
445	0.0860252	-8176.51
446	0.0860252	-8181.2
447	0.0860252	-8191.21
448	0.0860252	-8252.65
449	0.0860252	-8197.68
450	0.0860252	-8190.78
451	0.0860252	-8201.09
452	0.0860252	-8225.04
453	0.0860252	-8251.57
454	0.0860252	-8208.91
455	0.0860252	-8259.57
456	0.0860252	-8197.12
457	0.0860252	-8192.17
458	0.0860252	-8198.72
459	0.0860252	-8263.8
460	0.0860252	-8202.99
461	0.0860252	-8202.72
462	0.0860252	-8233.98
463	0.0860252	-8199.28
464	0.0860252	-8189.07
465	0.0860252	-8169.38
466	0.0860252	-8162.1
467	0.0860252	-8212.59
468	0.0860252	-8155.92
469	0.0860252	-8231.77
470	0.0860252	-8270.97
471	0.0860252	-8176.36
472	0.0860252	-8165.8
473	0.0860252	-8198
474	0.0860252	-8177.27
475	0.0860252	-8122
476	0.0860252	-8175.61
477	0.0860252	-8147.33
478	0.0860252	-8181.34
479	0.0860252	-8226.04
480	0.0860252	-8369.86
481	0.0860252	-8284.61
482	0.0860252	-8270.89
483	0.0860252	-8224.8
484	0.0860252	-8200.06
485	0.0860252	-8266.95
486	0.0860252	-8263.72
487	0.0860252	-8307.97
488	0.0860252	-8214.53
489	0.0860252	-8234.54
490	0.0860252	-8255.15
491	0.0860252	-8244.83
492	0.0860252	-8219.06
493	0.0860252	-8144.95
494	0.0860252	-8191.78
495	0.0860252	-8202.96
496	0.0860252	-8220.37
497	0.0860252	-8236.42
498	0.0860252	-8179.02
499	0.0860252	-8198.67
500	0.0860252	-8168.35
501	0.0860252	-8149.4
502	0.0860252	-8189.04
503	0.0860252	-8217.23
504	0.0860252	-8168.09
505	0.0860252	-8183.19
506	0.0860252	-8119.29
507	0.0860252	-8146.52
508	0.0860252	-8177.22
509	0.0860252	-8170.32
510	0.0860252	-8146.32
511	0.0860252	-8209.86
512	0.0860252	-8259.05
513	0.0860252	-8301.26
514	0.0860252	-8206.1
515	0.0860252	-8183.65
516	0.0860252	-8205.28
517	0.0860252	-8150.26
518	0.0860252	-8200.88
519	0.0860252	-8225.71
520	0.0860252	-8251.47
521	0.0860252	-8258.47
522	0.0860252	-8167.05
523	0.0860252	-8111.89
524	0.0860252	-8230.94
525	0.0860252	-8237.91
526	0.0860252	-8241.43
527	0.0860252	-8185.31
528	0.0860252	-8236.15
529	0.0860252	-8203.8
530	0.0860252	-8121.09
531	0.0860252	-8140.37
532	0.0860252	-8156.44
533	0.0860252	-8196.59
534	0.0860252	-8207.86
535	0.0860252	-8271.71
536	0.0860252	-8267.68
537	0.0860252	-8257.89
538	0.0860252	-8143.4
539	0.0860252	-8162.81
540	0.0860252	-8208.58
541	0.0860252	-8162.61
542	0.0860252	-8171.81
543	0.0860252	-8157.64
544	0.0860252	-8176.63
545	0.0860252	-8178.66
546	0.0860252	-8172.86
547	0.0860252	-8196.94
548	0.0860252	-8261.79
549	0.0860252	-8173.65
550	0.0860252	-8253.76
551	0.0860252	-8239.93
552	0.0860252	-8178.2
553	0.0860252	-8203.14
554	0.0860252	-8170.45
555	0.0860252	-8227.95
556	0.0860252	-8242.02
557	0.0860252	-8274.84
558	0.0860252	-8246.54
559	0.0860252	-8263.02
560	0.0860252	-8232.48
561	0.0860252	-8198.67
562	0.0860252	-8212.25
563	0.0860252	-8214.35
564	0.0860252	-8242.74
565	0.0860252	-8280.42
566	0.0860252	-8305.74
567	0.0860252	-8297.98
568	0.0860252	-8238.09
569	0.0860252	-8187.97
570	0.0860252	-8265.16
571	0.0860252	-8164.35
572	0.0860252	-8172.15
573	0.0860252	-8213.33
574	0.0860252	-8219.24
575	0.0860252	-8219.33
576	0.0860252	-8214.63
577	0.0860252	-8194.94
578	0.0860252	-8120.3
579	0.0860252	-8205.4
580	0.0860252	-8187.59
581	0.0860252	-8201.69
582	0.0860252	-8190.99
583	0.0860252	-8252.17
584	0.0860252	-8217.94
585	0.0860252	-8246.2
586	0.0860252	-8190.11
587	0.0860252	-8235.11
588	0.0860252	-8240.34
589	0.0860252	-8241.34
590	0.0860252	-8138.41
591	0.0860252	-8232.5
592	0.0860252	-8224.59
593	0.0860252	-8166.05
594	0.0860252	-8235.19
595	0.0860252	-8257.2
596	0.0860252	-8217.45
597	0.0860252	-8168.98
598	0.0860252	-8214.37
599	0.0860252	-8194.58
600	0.0860252	-8205.32
601	0.0860252	-8240.03
602	0.0860252	-8193.8
603	0.0860252	-8275.21
604	0.0860252	-8175.43
605	0.0860252	-8203.59
606	0.0860252	-8269.03
607	0.0860252	-8232.49
608	0.0860252	-8240.41
609	0.0860252	-8206.67
610	0.0860252	-8213.29
611	0.0860252	-8193.77
612	0.0860252	-8237.03
613	0.0860252	-8264.88
614	0.0860252	-8228.73
615	0.0860252	-8175.04
616	0.0860252	-8180.43
617	0.0860252	-8166.72
618	0.0860252	-8170.9
619	0.0860252	-8190.33
620	0.0860252	-8176.79
621	0.0860252	-8168.48
622	0.0860252	-8148.61
623	0.0860252	-8164.51
624	0.0860252	-8171.3
625	0.0860252	-8241.89
626	0.0860252	-8241.64
627	0.0860252	-8234.46
628	0.0860252	-8217.89
629	0.0860252	-8227.06
630	0.0860252	-8278.56
631	0.0860252	-8261.66
632	0.0860252	-8164.99
633	0.0860252	-8178.78
634	0.0860252	-8204.3
635	0.0860252	-8288.47
636	0.0860252	-8271.97
637	0.0860252	-8133.31
638	0.0860252	-8171.47
639	0.0860252	-8154.76
640	0.0860252	-8154.35
641	0.0860252	-8227.9
642	0.0860252	-8318.52
643	0.0860252	-8264.99
644	0.0860252	-8195.71
645	0.0860252	-8236.58
646	0.0860252	-8257.48
647	0.0860252	-8206.26
648	0.0860252	-8213.53
649	0.0860252	-8203.47
650	0.0860252	-8224.62
651	0.0860252	-8125.86
652	0.0860252	-8157.23
653	0.0860252	-8265.25
654	0.0860252	-8303.76
655	0.0860252	-8125.66
656	0.0860252	-8182.29
657	0.0860252	-8163.9
658	0.0860252	-8219.87
659	0.0860252	-8190.4
660	0.0860252	-8188.37
661	0.0860252	-8212.55
662	0.0860252	-8185.37
663	0.0860252	-8164.62
664	0.0860252	-8126.23
665	0.0860252	-8108.99
666	0.0860252	-8182.53
667	0.0860252	-8221.05
668	0.0860252	-8238.16
669	0.0860252	-8170.52
670	0.0860252	-8169.69
671	0.0860252	-8159.94
672	0.0860252	-8204.18
673	0.0860252	-8255.43
674	0.0860252	-8251.22
675	0.0860252	-8215.77
676	0.0860252	-8214.49
677	0.0860252	-8249.43
678	0.0860252	-8244.72
679	0.0860252	-8244.51
680	0.0860252	-8200.99
681	0.0860252	-8262.33
682	0.0860252	-8166.65
683	0.0860252	-8239.99
684	0.0860252	-8231.96
685	0.0860252	-8213.58
686	0.0860252	-8158.32
687	0.0860252	-8201.33
688	0.0860252	-8207.66
689	0.0860252	-8264.61
690	0.0860252	-8224.34
691	0.0860252	-8189.07
692	0.0860252	-8208.03
693	0.0860252	-8218.9
694	0.0860252	-8178.66
695	0.0860252	-8236.49
696	0.0860252	-8175.34
697	0.0860252	-8140.67
698	0.0860252	-8152.61
699	0.0860252	-8161.34
700	0.0860252	-8193.88
701	0.0860252	-8179.88
702	0.0860252	-8165.12
703	0.0860252	-8170.25
704	0.0860252	-8187.08
705	0.0860252	-8186.29
706	0.0860252	-8221.23
707	0.0860252	-8204.35
708	0.0860252	-8172.16
709	0.0860252	-8211.1
710	0.0860252	-8219.55
711	0.0860252	-8231.09
712	0.0860252	-8192.95
713	0.0860252	-8153.38
714	0.0860252	-8185.68
715	0.0860252	-8276.73
716	0.0860252	-8232.79
717	0.0860252	-8192.63
718	0.0860252	-8280.11
719	0.0860252	-8252.28
720	0.0860252	-8222.63
721	0.0860252	-8255.94
722	0.0860252	-8263.81
723	0.0860252	-8218.35
724	0.0860252	-8158.32
725	0.0860252	-8195.06
726	0.0860252	-8288.89
727	0.0860252	-8241.1
728	0.0860252	-8215.82
729	0.0860252	-8194.39
730	0.0860252	-8193.21
731	0.0860252	-8255.46
732	0.0860252	-8233.27
733	0.0860252	-8241.06
734	0.0860252	-8184.84
735	0.0860252	-8210.13
736	0.0860252	-8196.79
737	0.0860252	-8225.46
738	0.0860252	-8180.97
739	0.0860252	-8200.97
740	0.0860252	-8219.61
741	0.0860252	-8256.16
742	0.0860252	-8223.59
743	0.0860252	-8292.3
744	0.0860252	-8242.62
745	0.0860252	-8166.2
746	0.0860252	-8220.44
747	0.0860252	-8207.6
748	0.0860252	-8224.69
749	0.0860252	-8269.39
750	0.0860252	-8241.07
751	0.0860252	-8283.58
752	0.0860252	-8315.94
753	0.0860252	-8244
754	0.0860252	-8191.89
755	0.0860252	-8153.23
756	0.0860252	-8195.93
757	0.0860252	-8178.33
758	0.0860252	-8157.58
759	0.0860252	-8174.25
760	0.0860252	-8149.09
761	0.0860252	-8232.17
762	0.0860252	-8199.39
763	0.0860252	-8189.65
764	0.0860252	-8132.44
765	0.0860252	-8165.58
766	0.0860252	-8183.59
767	0.0860252	-8198.81
768	0.0860252	-8215.42
769	0.0860252	-8198.08
770	0.0860252	-8216.97
771	0.0860252	-8225.69
772	0.0860252	-8197.78
773	0.0860252	-8261.19
774	0.0860252	-8215.36
775	0.0860252	-8264.57
776	0.0860252	-8234.48
777	0.0860252	-8211.12
778	0.0860252	-8146.14
779	0.0860252	-8170.56
780	0.0860252	-8213.27
781	0.0860252	-8196.58
782	0.0860252	-8171.98
783	0.0860252	-8173.67
784	0.0860252	-8185.45
785	0.0860252	-8281.98
786	0.0860252	-8252.24
787	0.0860252	-8267.43
788	0.0860252	-8186.23
789	0.0860252	-8133.34
790	0.0860252	-8140.88
791	0.0860252	-8159.37
792	0.0860252	-8135.66
793	0.0860252	-8119.17
794	0.0860252	-8129.46
795	0.0860252	-8163.83
796	0.0860252	-8208.25
797	0.0860252	-8193.18
798	0.0860252	-8206.07
799	0.0860252	-8171.06
800	0.0860252	-8175.51
801	0.0860252	-8280.94
802	0.0860252	-8225.93
803	0.0860252	-8216.92
804	0.0860252	-8165.6
805	0.0860252	-8128.92
806	0.0860252	-8129.35
807	0.0860252	-8160.81
808	0.0860252	-8199.12
809	0.0860252	-8135.77
810	0.0860252	-8196.48
811	0.0860252	-8122.74
812	0.0860252	-8175.08
813	0.0860252	-8227.22
814	0.0860252	-8212.42
815	0.0860252	-8255.17
816	0.0860252	-8257.8
817	0.0860252	-8204.09
818	0.0860252	-8183.6
819	0.0860252	-8164.5
820	0.0860252	-8256.09
821	0.0860252	-8191.9
822	0.0860252	-8207.56
823	0.0860252	-8181.16
824	0.0860252	-8209.57
825	0.0860252	-8260.91
826	0.0860252	-8222.46
827	0.0860252	-8127.09
828	0.0860252	-8188.2
829	0.0860252	-8170.53
830	0.0860252	-8209.67
831	0.0860252	-8207.69
832	0.0860252	-8190.14
833	0.0860252	-8123.29
834	0.0860252	-8168.65
835	0.0860252	-8176.46
836	0.0860252	-8221.8
837	0.0860252	-8191.44
838	0.0860252	-8225.64
839	0.0860252	-8198.59
840	0.0860252	-8195.19
841	0.0860252	-8201.03
842	0.0860252	-8304.63
843	0.0860252	-8388.09
844	0.0860252	-8299.03
845	0.0860252	-8213.84
846	0.0860252	-8115.58
847	0.0860252	-8164
848	0.0860252	-8177.43
849	0.0860252	-8238.82
850	0.0860252	-8333.79
851	0.0860252	-8250.94
852	0.0860252	-8198.62
853	0.0860252	-8216.05
854	0.0860252	-8235.24
855	0.0860252	-8222.96
856	0.0860252	-8190.26
857	0.0860252	-8133.9
858	0.0860252	-8103.35
859	0.0860252	-8193.83
860	0.0860252	-8222.98
861	0.0860252	-8252.3
862	0.0860252	-8257.27
863	0.0860252	-8284.82
864	0.0860252	-8278.95
865	0.0860252	-8268.08
866	0.0860252	-8315.79
867	0.0860252	-8298.46
868	0.0860252	-8334.71
869	0.0860252	-8206.24
870	0.0860252	-8242.15
871	0.0860252	-8247.68
872	0.0860252	-8282.61
873	0.0860252	-8363.44
874	0.0860252	-8290.98
875	0.0860252	-8183.04
876	0.0860252	-8238.58
877	0.0860252	-8215.65
878	0.0860252	-8193.71
879	0.0860252	-8135.86
880	0.0860252	-8158.46
881	0.0860252	-8148.35
882	0.0860252	-8145.35
883	0.0860252	-8139.29
884	0.0860252	-8148.49
885	0.0860252	-8172.68
886	0.0860252	-8182.8
887	0.0860252	-8201.63
888	0.0860252	-8184.56
889	0.0860252	-8171.78
890	0.0860252	-8229.48
891	0.0860252	-8129.84
892	0.0860252	-8155.83
893	0.0860252	-8119.61
894	0.0860252	-8140.33
895	0.0860252	-8110.22
896	0.0860252	-8145.23
897	0.0860252	-8150.87
898	0.0860252	-8181.77
899	0.0860252	-8174.79
900	0.0860252	-8179.07
901	0.0860252	-8158.98
902	0.0860252	-8153.16
903	0.0860252	-8223.35
904	0.0860252	-8209.5
905	0.0860252	-8212.23
906	0.0860252	-8189.61
907	0.0860252	-8139.34
908	0.0860252	-8181.36
909	0.0860252	-8228.19
910	0.0860252	-8144.38
911	0.0860252	-8136.14
912	0.0860252	-8137.45
913	0.0860252	-8174.44
914	0.0860252	-8227.4
915	0.0860252	-8247.28
916	0.0860252	-8190.85
917	0.0860252	-8174.22
918	0.0860252	-8134.45
919	0.0860252	-8136.51
920	0.0860252	-8203.41
921	0.0860252	-8126.56
922	0.0860252	-8174.9
923	0.0860252	-8141.44
924	0.0860252	-8162.14
925	0.0860252	-8192.05
926	0.0860252	-8184.8
927	0.0860252	-8167.06
928	0.0860252	-8215.01
929	0.0860252	-8240.88
930	0.0860252	-8220.37
931	0.0860252	-8274.31
932	0.0860252	-8233.33
933	0.0860252	-8168.3
934	0.0860252	-8165.14
935	0.0860252	-8202.22
936	0.0860252	-8223.2
937	0.0860252	-8180.45
938	0.0860252	-8237.37
939	0.0860252	-8204.22
940	0.0860252	-8206.69
941	0.0860252	-8163.71
942	0.0860252	-8200.38
943	0.0860252	-8215.32
944	0.0860252	-8200.23
945	0.0860252	-8189.35
946	0.0860252	-8225.96
947	0.0860252	-8164.24
948	0.0860252	-8198.68
949	0.0860252	-8170.98
950	0.0860252	-8194.03
951	0.0860252	-8168.62
952	0.0860252	-8193.82
953	0.0860252	-8218.08
954	0.0860252	-8290.49
955	0.0860252	-8263.89
956	0.0860252	-8269.71
957	0.0860252	-8265.42
958	0.0860252	-8210.56
959	0.0860252	-8257.44
960	0.0860252	-8229.09
961	0.0860252	-8193.48
962	0.0860252	-8253.07
963	0.0860252	-8126.9
964	0.0860252	-8088.68
965	0.0860252	-8204.77
966	0.0860252	-8185.69
967	0.0860252	-8171.88
968	0.0860252	-8195.54
969	0.0860252	-8214.77
970	0.0860252	-8198.02
971	0.0860252	-8182.13
972	0.0860252	-8195.73
973	0.0860252	-8192.3
974	0.0860252	-8210.76
975	0.0860252	-8241.64
976	0.0860252	-8260.48
977	0.0860252	-8217.46
978	0.0860252	-8210.65
979	0.0860252	-8175.39
980	0.0860252	-8177.17
981	0.0860252	-8196.29
982	0.0860252	-8257.21
983	0.0860252	-8157.38
984	0.0860252	-8132.67
985	0.0860252	-8128.24
986	0.0860252	-8224.86
987	0.0860252	-8197.96
988	0.0860252	-8254.64
989	0.0860252	-8212.6
990	0.0860252	-8168.1
991	0.0860252	-8199.21
992	0.0860252	-8205.16
993	0.0860252	-8172.42
994	0.0860252	-8243.5
995	0.0860252	-8291.41
996	0.0860252	-8179.13
997	0.0860252	-8223.37
998	0.0860252	-8215.53
999	0.0860252	-8178.48
1000	0.0860252	-8165.52
251	0.0726122	-8244.45
252	0.0726122	-8321.55
253	0.0726122	-8295.94
254	0.0726122	-8254.18
255	0.0726122	-8208.35
256	0.0726122	-8193.5
257	0.0726122	-8176.66
258	0.0726122	-8195.23
259	0.0726122	-8173.11
260	0.0726122	-8110.3
261	0.0726122	-8142.48
262	0.0726122	-8149.61
263	0.0726122	-8266.29
264	0.0726122	-8311.39
265	0.0726122	-8200.9
266	0.0726122	-8274.68
267	0.0726122	-8297.78
268	0.0726122	-8314.51
269	0.0726122	-8229.75
270	0.0726122	-8244.15
271	0.0726122	-8259.54
272	0.0726122	-8365.73
273	0.0726122	-8238.2
274	0.0726122	-8248.38
275	0.0726122	-8282.69
276	0.0726122	-8301.84
277	0.0726122	-8245.11
278	0.0726122	-8246.62
279	0.0726122	-8224.02
280	0.0726122	-8231.66
281	0.0726122	-8247.83
282	0.0726122	-8241.59
283	0.0726122	-8258.5
284	0.0726122	-8204.32
285	0.0726122	-8285.13
286	0.0726122	-8228.4
287	0.0726122	-8236.26
288	0.0726122	-8252.85
289	0.0726122	-8288.69
290	0.0726122	-8241.71
291	0.0726122	-8216.27
292	0.0726122	-8250.44
293	0.0726122	-8184.49
294	0.0726122	-8181.33
295	0.0726122	-8196.19
296	0.0726122	-8191.58
297	0.0726122	-8193.47
298	0.0726122	-8212.14
299	0.0726122	-8287.25
300	0.0726122	-8316.94
301	0.0726122	-8267.62
302	0.0726122	-8267.06
303	0.0726122	-8270.98
304	0.0726122	-8325.15
305	0.0726122	-8251.57
306	0.0726122	-8301.94
307	0.0726122	-8257.69
308	0.0726122	-8275.14
309	0.0726122	-8263.09
310	0.0726122	-8187.31
311	0.0726122	-8287.95
312	0.0726122	-8255.69
313	0.0726122	-8175.87
314	0.0726122	-8189.93
315	0.0726122	-8287.51
316	0.0726122	-8259.25
317	0.0726122	-8229.74
318	0.0726122	-8187.34
319	0.0726122	-8187.96
320	0.0726122	-8165.01
321	0.0726122	-8192.92
322	0.0726122	-8218.33
323	0.0726122	-8199.11
324	0.0726122	-8280.61
325	0.0726122	-8256.56
326	0.0726122	-8150.22
327	0.0726122	-8183.84
328	0.0726122	-8167.94
329	0.0726122	-8124.78
330	0.0726122	-8156.49
331	0.0726122	-8232.98
332	0.0726122	-8159.23
333	0.0726122	-8162.34
334	0.0726122	-8129.25
335	0.0726122	-8163.51
336	0.0726122	-8150.46
337	0.0726122	-8241.88
338	0.0726122	-8215.39
339	0.0726122	-8219.41
340	0.0726122	-8233.26
341	0.0726122	-8225.03
342	0.0726122	-8222.11
343	0.0726122	-8277.25
344	0.0726122	-8234.51
345	0.0726122	-8162.02
346	0.0726122	-8126.39
347	0.0726122	-8141.14
348	0.0726122	-8146.59
349	0.0726122	-8246.87
350	0.0726122	-8294.74
351	0.0726122	-8302.74
352	0.0726122	-8283.08
353	0.0726122	-8211.85
354	0.0726122	-8330.61
355	0.0726122	-8290.29
356	0.0726122	-8272.65
357	0.0726122	-8284.77
358	0.0726122	-8191.4
359	0.0726122	-8224.16
360	0.0726122	-8262.55
361	0.0726122	-8186.21
362	0.0726122	-8244.73
363	0.0726122	-8294.83
364	0.0726122	-8331.8
365	0.0726122	-8267.79
366	0.0726122	-8272.87
367	0.0726122	-8252.99
368	0.0726122	-8180.61
369	0.0726122	-8234.45
370	0.0726122	-8227.41
371	0.0726122	-8254.87
372	0.0726122	-8284.93
373	0.0726122	-8299.24
374	0.0726122	-8265.1
375	0.0726122	-8197.99
376	0.0726122	-8221.57
377	0.0726122	-8237.92
378	0.0726122	-8230.06
379	0.0726122	-8231.81
380	0.0726122	-8276.64
381	0.0726122	-8212.47
382	0.0726122	-8238.63
383	0.0726122	-8173.95
384	0.0726122	-8264
385	0.0726122	-8280.68
386	0.0726122	-8299.57
387	0.0726122	-8251.25
388	0.0726122	-8242.16
389	0.0726122	-8241.39
390	0.0726122	-8330.48
391	0.0726122	-8226.46
392	0.0726122	-8226.26
393	0.0726122	-8240.23
394	0.0726122	-8326.26
395	0.0726122	-8275.06
396	0.0726122	-8224.74
397	0.0726122	-8220
398	0.0726122	-8333.96
399	0.0726122	-8217.83
400	0.0726122	-8252.99
401	0.0726122	-8259.57
402	0.0726122	-8271.15
403	0.0726122	-8375.42
404	0.0726122	-8355.26
405	0.0726122	-8234.4
406	0.0726122	-8192.2
407	0.0726122	-8225.28
408	0.0726122	-8258.02
409	0.0726122	-8325.82
410	0.0726122	-8279.23
411	0.0726122	-8209.33
412	0.0726122	-8170.91
413	0.0726122	-8189.21
414	0.0726122	-8236.49
415	0.0726122	-8266.51
416	0.0726122	-8257.1
417	0.0726122	-8242.05
418	0.0726122	-8302.06
419	0.0726122	-8271
420	0.0726122	-8188.02
421	0.0726122	-8255.17
422	0.0726122	-8223.18
423	0.0726122	-8293.88
424	0.0726122	-8258.81
425	0.0726122	-8309.54
426	0.0726122	-8215.85
427	0.0726122	-8157.7
428	0.0726122	-8246.69
429	0.0726122	-8199.06
430	0.0726122	-8221.39
431	0.0726122	-8250.82
432	0.0726122	-8189.48
433	0.0726122	-8268.6
434	0.0726122	-8382.46
435	0.0726122	-8268.28
436	0.0726122	-8213.13
437	0.0726122	-8317.27
438	0.0726122	-8260.91
439	0.0726122	-8249.25
440	0.0726122	-8157.58
441	0.0726122	-8187.35
442	0.0726122	-8221.15
443	0.0726122	-8263.17
444	0.0726122	-8256.84
445	0.0726122	-8211.61
446	0.0726122	-8234.96
447	0.0726122	-8286.65
448	0.0726122	-8332.98
449	0.0726122	-8284.12
450	0.0726122	-8259.97
451	0.0726122	-8308.52
452	0.0726122	-8210.13
453	0.0726122	-8181.87
454	0.0726122	-8178.82
455	0.0726122	-8203.33
456	0.0726122	-8221.12
457	0.0726122	-8197.54
458	0.0726122	-8198.1
459	0.0726122	-8316.14
460	0.0726122	-8277.92
461	0.0726122	-8260.5
462	0.0726122	-8317.64
463	0.0726122	-8297.62
464	0.0726122	-8311.92
465	0.0726122	-8330.77
466	0.0726122	-8297.79
467	0.0726122	-8318.99
468	0.0726122	-8324.83
469	0.0726122	-8326.68
470	0.0726122	-8271.91
471	0.0726122	-8202.87
472	0.0726122	-8220.81
473	0.0726122	-8271.46
474	0.0726122	-8298.93
475	0.0726122	-8200.44
476	0.0726122	-8170.34
477	0.0726122	-8204.28
478	0.0726122	-8263.3
479	0.0726122	-8181.75
480	0.0726122	-8210.98
481	0.0726122	-8195.97
482	0.0726122	-8176.74
483	0.0726122	-8238.35
484	0.0726122	-8210.2
485	0.0726122	-8225.43
486	0.0726122	-8208.89
487	0.0726122	-8183.22
488	0.0726122	-8184.68
489	0.0726122	-8240.35
490	0.0726122	-8267.95
491	0.0726122	-8193.78
492	0.0726122	-8244.25
493	0.0726122	-8331.99
494	0.0726122	-8242.61
495	0.0726122	-8219.71
496	0.0726122	-8243.93
497	0.0726122	-8262.29
498	0.0726122	-8277.82
499	0.0726122	-8310.26
500	0.0726122	-8204.42
501	0.0726122	-8302.97
502	0.0726122	-8309.55
503	0.0726122	-8209.66
504	0.0726122	-8348.88
505	0.0726122	-8271.3
506	0.0726122	-8241.46
507	0.0726122	-8335.06
508	0.0726122	-8276.78
509	0.0726122	-8220.65
510	0.0726122	-8264.22
511	0.0726122	-8271.83
512	0.0726122	-8182.41
513	0.0726122	-8220.66
514	0.0726122	-8287.41
515	0.0726122	-8311.87
516	0.0726122	-8280.29
517	0.0726122	-8228.97
518	0.0726122	-8232.03
519	0.0726122	-8171.7
520	0.0726122	-8198.17
521	0.0726122	-8151.73
522	0.0726122	-8252.25
523	0.0726122	-8293.66
524	0.0726122	-8250.69
525	0.0726122	-8165.12
526	0.0726122	-8121.11
527	0.0726122	-8182.84
528	0.0726122	-8231.29
529	0.0726122	-8309.41
530	0.0726122	-8229.35
531	0.0726122	-8241.72
532	0.0726122	-8351.78
533	0.0726122	-8222.68
534	0.0726122	-8196.16
535	0.0726122	-8224.51
536	0.0726122	-8251.44
537	0.0726122	-8234.87
538	0.0726122	-8204.6
539	0.0726122	-8229.93
540	0.0726122	-8214.84
541	0.0726122	-8178.21
542	0.0726122	-8203.45
543	0.0726122	-8241.41
544	0.0726122	-8218.74
545	0.0726122	-8254.89
546	0.0726122	-8164.35
547	0.0726122	-8285.69
548	0.0726122	-8275.47
549	0.0726122	-8342.27
550	0.0726122	-8287.95
551	0.0726122	-8303.84
552	0.0726122	-8360.7
553	0.0726122	-8301.34
554	0.0726122	-8233.25
555	0.0726122	-8237.92
556	0.0726122	-8185.5
557	0.0726122	-8254.08
558	0.0726122	-8240.11
559	0.0726122	-8202.3
560	0.0726122	-8240.74
561	0.0726122	-8291.3
562	0.0726122	-8263.98
563	0.0726122	-8267.7
564	0.0726122	-8310.72
565	0.0726122	-8310.06
566	0.0726122	-8298.23
567	0.0726122	-8263.15
568	0.0726122	-8226.02
569	0.0726122	-8248.4
570	0.0726122	-8245.69
571	0.0726122	-8301.65
572	0.0726122	-8291.26
573	0.0726122	-8339.31
574	0.0726122	-8287.64
575	0.0726122	-8304.12
576	0.0726122	-8179.13
577	0.0726122	-8278.11
578	0.0726122	-8232.83
579	0.0726122	-8208.44
580	0.0726122	-8150.19
581	0.0726122	-8136.13
582	0.0726122	-8342.99
583	0.0726122	-8287.63
584	0.0726122	-8266.52
585	0.0726122	-8273.52
586	0.0726122	-8270.41
587	0.0726122	-8235.92
588	0.0726122	-8207.15
589	0.0726122	-8173.89
590	0.0726122	-8187.49
591	0.0726122	-8157.18
592	0.0726122	-8207.44
593	0.0726122	-8286.38
594	0.0726122	-8246.39
595	0.0726122	-8236.14
596	0.0726122	-8195.95
597	0.0726122	-8197.99
598	0.0726122	-8254.33
599	0.0726122	-8296.1
600	0.0726122	-8228.74
601	0.0726122	-8220.77
602	0.0726122	-8235.02
603	0.0726122	-8179.77
604	0.0726122	-8253.98
605	0.0726122	-8234.06
606	0.0726122	-8153.73
607	0.0726122	-8224.86
608	0.0726122	-8247.63
609	0.0726122	-8248.89
610	0.0726122	-8265.92
611	0.0726122	-8203.41
612	0.0726122	-8232.83
613	0.0726122	-8229.69
614	0.0726122	-8260.73
615	0.0726122	-8183.94
616	0.0726122	-8222.79
617	0.0726122	-8253.7
618	0.0726122	-8200.95
619	0.0726122	-8233.36
620	0.0726122	-8314.31
621	0.0726122	-8366.28
622	0.0726122	-8231.21
623	0.0726122	-8277.76
624	0.0726122	-8224.55
625	0.0726122	-8304.54
626	0.0726122	-8291.4
627	0.0726122	-8294.1
628	0.0726122	-8222.72
629	0.0726122	-8202.6
630	0.0726122	-8188.58
631	0.0726122	-8286.84
632	0.0726122	-8281.56
633	0.0726122	-8271.35
634	0.0726122	-8272.11
635	0.0726122	-8410
636	0.0726122	-8259.97
637	0.0726122	-8191.15
638	0.0726122	-8175.19
639	0.0726122	-8213.92
640	0.0726122	-8168.46
641	0.0726122	-8209.39
642	0.0726122	-8283.98
643	0.0726122	-8288.85
644	0.0726122	-8306.09
645	0.0726122	-8338.63
646	0.0726122	-8311.57
647	0.0726122	-8234.5
648	0.0726122	-8274.11
649	0.0726122	-8275.56
650	0.0726122	-8300.35
651	0.0726122	-8320.95
652	0.0726122	-8330.54
653	0.0726122	-8419.2
654	0.0726122	-8416.74
655	0.0726122	-8331.83
656	0.0726122	-8324.75
657	0.0726122	-8266.36
658	0.0726122	-8262.8
659	0.0726122	-8222.33
660	0.0726122	-8196.24
661	0.0726122	-8269.22
662	0.0726122	-8208.68
663	0.0726122	-8243.19
664	0.0726122	-8220.65
665	0.0726122	-8186.78
666	0.0726122	-8253.82
667	0.0726122	-8260.49
668	0.0726122	-8321.23
669	0.0726122	-8384.7
670	0.0726122	-8409.52
671	0.0726122	-8306.88
672	0.0726122	-8332.39
673	0.0726122	-8288.22
674	0.0726122	-8302.45
675	0.0726122	-8280.02
676	0.0726122	-8253.92
677	0.0726122	-8241.29
678	0.0726122	-8194.31
679	0.0726122	-8199.52
680	0.0726122	-8248.25
681	0.0726122	-8256.44
682	0.0726122	-8267.78
683	0.0726122	-8259.76
684	0.0726122	-8192.05
685	0.0726122	-8205.65
686	0.0726122	-8207.87
687	0.0726122	-8261.67
688	0.0726122	-8324.17
689	0.0726122	-8271.63
690	0.0726122	-8295.26
691	0.0726122	-8237.69
692	0.0726122	-8227.22
693	0.0726122	-8242.25
694	0.0726122	-8265.19
695	0.0726122	-8258.82
696	0.0726122	-8284.26
697	0.0726122	-8268.2
698	0.0726122	-8196.33
699	0.0726122	-8179.7
700	0.0726122	-8135.32
701	0.0726122	-8204.37
702	0.0726122	-8192.71
703	0.0726122	-8223.95
704	0.0726122	-8299.17
705	0.0726122	-8228.26
706	0.0726122	-8227.05
707	0.0726122	-8332.64
708	0.0726122	-8219.71
709	0.0726122	-8241.59
710	0.0726122	-8261.7
711	0.0726122	-8305.9
712	0.0726122	-8224.76
713	0.0726122	-8196.46
714	0.0726122	-8261.11
715	0.0726122	-8238.13
716	0.0726122	-8297.68
717	0.0726122	-8167.8
718	0.0726122	-8209.49
719	0.0726122	-8167.08
720	0.0726122	-8200.79
721	0.0726122	-8353.13
722	0.0726122	-8210.22
723	0.0726122	-8233.02
724	0.0726122	-8182.67
725	0.0726122	-8270.43
726	0.0726122	-8187.09
727	0.0726122	-8197.77
728	0.0726122	-8211.5
729	0.0726122	-8102.85
730	0.0726122	-8144.94
731	0.0726122	-8163.88
732	0.0726122	-8139.93
733	0.0726122	-8144.13
734	0.0726122	-8256.87
735	0.0726122	-8271.97
736	0.0726122	-8243.72
737	0.0726122	-8245.88
738	0.0726122	-8222.86
739	0.0726122	-8200.06
740	0.0726122	-8229.33
741	0.0726122	-8195
742	0.0726122	-8193.15
743	0.0726122	-8226.27
744	0.0726122	-8151.89
745	0.0726122	-8130.64
746	0.0726122	-8281.55
747	0.0726122	-8185.67
748	0.0726122	-8272.41
749	0.0726122	-8322.49
750	0.0726122	-8281.93
751	0.0726122	-8242.94
752	0.0726122	-8243.15
753	0.0726122	-8285.89
754	0.0726122	-8270.28
755	0.0726122	-8187
756	0.0726122	-8227.91
757	0.0726122	-8225.63
758	0.0726122	-8191.62
759	0.0726122	-8317.39
760	0.0726122	-8296.67
761	0.0726122	-8245.9
762	0.0726122	-8319.1
763	0.0726122	-8336.53
764	0.0726122	-8347.13
765	0.0726122	-8242.51
766	0.0726122	-8287.19
767	0.0726122	-8215.45
768	0.0726122	-8313.88
769	0.0726122	-8252.87
770	0.0726122	-8226.35
771	0.0726122	-8266.12
772	0.0726122	-8287.19
773	0.0726122	-8234.16
774	0.0726122	-8245.78
775	0.0726122	-8218.18
776	0.0726122	-8183.14
777	0.0726122	-8199.37
778	0.0726122	-8245.07
779	0.0726122	-8240.64
780	0.0726122	-8286.81
781	0.0726122	-8202.06
782	0.0726122	-8235.76
783	0.0726122	-8265.44
784	0.0726122	-8234.4
785	0.0726122	-8175.49
786	0.0726122	-8146.26
787	0.0726122	-8120.6
788	0.0726122	-8200.46
789	0.0726122	-8200.23
790	0.0726122	-8177.24
791	0.0726122	-8152.97
792	0.0726122	-8144.24
793	0.0726122	-8293.24
794	0.0726122	-8329.94
795	0.0726122	-8252.9
796	0.0726122	-8215.51
797	0.0726122	-8168.63
798	0.0726122	-8226.78
799	0.0726122	-8282.62
800	0.0726122	-8247.85
801	0.0726122	-8225.6
802	0.0726122	-8147.46
803	0.0726122	-8133.64
804	0.0726122	-8194.16
805	0.0726122	-8139.22
806	0.0726122	-8158.49
807	0.0726122	-8234.69
808	0.0726122	-8173.53
809	0.0726122	-8194.39
810	0.0726122	-8258.93
811	0.0726122	-8237.02
812	0.0726122	-8203.69
813	0.0726122	-8266.07
814	0.0726122	-8173.36
815	0.0726122	-8259.44
816	0.0726122	-8301.94
817	0.0726122	-8178.06
818	0.0726122	-8202.86
819	0.0726122	-8167.99
820	0.0726122	-8189.44
821	0.0726122	-8200.9
822	0.0726122	-8169.75
823	0.0726122	-8208.51
824	0.0726122	-8198.15
825	0.0726122	-8215.35
826	0.0726122	-8240.13
827	0.0726122	-8315.81
828	0.0726122	-8349.77
829	0.0726122	-8252
830	0.0726122	-8167.13
831	0.0726122	-8218.97
832	0.0726122	-8252.05
833	0.0726122	-8228.2
834	0.0726122	-8234.36
835	0.0726122	-8260.43
836	0.0726122	-8240.62
837	0.0726122	-8255.94
838	0.0726122	-8284.59
839	0.0726122	-8259.7
840	0.0726122	-8256.35
841	0.0726122	-8304.43
842	0.0726122	-8186.33
843	0.0726122	-8230.31
844	0.0726122	-8289.76
845	0.0726122	-8293.44
846	0.0726122	-8235.25
847	0.0726122	-8204.49
848	0.0726122	-8239.88
849	0.0726122	-8262
850	0.0726122	-8278.84
851	0.0726122	-8251.83
852	0.0726122	-8263.28
853	0.0726122	-8224.99
854	0.0726122	-8204.95
855	0.0726122	-8255.13
856	0.0726122	-8233.71
857	0.0726122	-8340.78
858	0.0726122	-8353.09
859	0.0726122	-8425.49
860	0.0726122	-8336.65
861	0.0726122	-8443.69
862	0.0726122	-8352.52
863	0.0726122	-8293.97
864	0.0726122	-8312.85
865	0.0726122	-8399.84
866	0.0726122	-8379.2
867	0.0726122	-8266.32
868	0.0726122	-8183.69
869	0.0726122	-8180.41
870	0.0726122	-8318.6
871	0.0726122	-8262.67
872	0.0726122	-8305.48
873	0.0726122	-8214.06
874	0.0726122	-8235.32
875	0.0726122	-8215.5
876	0.0726122	-8356.2
877	0.0726122	-8264.21
878	0.0726122	-8331.74
879	0.0726122	-8253.35
880	0.0726122	-8293.36
881	0.0726122	-8247.09
882	0.0726122	-8206.42
883	0.0726122	-8220.83
884	0.0726122	-8254.67
885	0.0726122	-8266.59
886	0.0726122	-8305.31
887	0.0726122	-8322.94
888	0.0726122	-8345.95
889	0.0726122	-8299.78
890	0.0726122	-8241.07
891	0.0726122	-8232.66
892	0.0726122	-8233.91
893	0.0726122	-8154.25
894	0.0726122	-8261.8
895	0.0726122	-8275.8
896	0.0726122	-8239.92
897	0.0726122	-8248.51
898	0.0726122	-8240.3
899	0.0726122	-8253.75
900	0.0726122	-8282.29
901	0.0726122	-8358.47
902	0.0726122	-8292.56
903	0.0726122	-8326.47
904	0.0726122	-8308.75
905	0.0726122	-8284.79
906	0.0726122	-8373.53
907	0.0726122	-8241.02
908	0.0726122	-8211.39
909	0.0726122	-8168.23
910	0.0726122	-8236.61
911	0.0726122	-8204.2
912	0.0726122	-8209.4
913	0.0726122	-8162.22
914	0.0726122	-8217.12
915	0.0726122	-8252
916	0.0726122	-8213.72
917	0.0726122	-8223.23
918	0.0726122	-8109.64
919	0.0726122	-8171.96
920	0.0726122	-8213.05
921	0.0726122	-8276.63
922	0.0726122	-8233.27
923	0.0726122	-8290.94
924	0.0726122	-8302.75
925	0.0726122	-8250.28
926	0.0726122	-8317.98
927	0.0726122	-8274.16
928	0.0726122	-8342.61
929	0.0726122	-8321.26
930	0.0726122	-8339.8
931	0.0726122	-8322.66
932	0.0726122	-8333.72
933	0.0726122	-8246.74
934	0.0726122	-8278.11
935	0.0726122	-8204.45
936	0.0726122	-8193.36
937	0.0726122	-8253.79
938	0.0726122	-8215.42
939	0.0726122	-8195.42
940	0.0726122	-8225.26
941	0.0726122	-8278.31
942	0.0726122	-8211.03
943	0.0726122	-8233.61
944	0.0726122	-8248.84
945	0.0726122	-8266.05
946	0.0726122	-8167.78
947	0.0726122	-8225.44
948	0.0726122	-8232.14
949	0.0726122	-8282.03
950	0.0726122	-8178.76
951	0.0726122	-8222.97
952	0.0726122	-8196.86
953	0.0726122	-8242.49
954	0.0726122	-8171.1
955	0.0726122	-8246.74
956	0.0726122	-8295.11
957	0.0726122	-8329.88
958	0.0726122	-8251.95
959	0.0726122	-8231.09
960	0.0726122	-8236.04
961	0.0726122	-8286.47
962	0.0726122	-8205.4
963	0.0726122	-8233
964	0.0726122	-8327.66
965	0.0726122	-8383.03
966	0.0726122	-8233.47
967	0.0726122	-8269.96
968	0.0726122	-8329.43
969	0.0726122	-8314.47
970	0.0726122	-8212.32
971	0.0726122	-8179.55
972	0.0726122	-8270.69
973	0.0726122	-8246.38
974	0.0726122	-8237.71
975	0.0726122	-8125.05
976	0.0726122	-8187.83
977	0.0726122	-8203.31
978	0.0726122	-8261.21
979	0.0726122	-8186.61
980	0.0726122	-8212.46
981	0.0726122	-8264.37
982	0.0726122	-8254.33
983	0.0726122	-8357.2
984	0.0726122	-8201.71
985	0.0726122	-8178.4
986	0.0726122	-8247.63
987	0.0726122	-8321.95
988	0.0726122	-8354.04
989	0.0726122	-8213.29
990	0.0726122	-8248.62
991	0.0726122	-8317.44
992	0.0726122	-8332.34
993	0.0726122	-8276.73
994	0.0726122	-8241.87
995	0.0726122	-8256.98
996	0.0726122	-8255.81
997	0.0726122	-8248.11
998	0.0726122	-8227.16
999	0.0726122	-8231.32
1000	0.0726122	-8221.92
251	0.060927	-8232.28
252	0.060927	-8209.38
253	0.060927	-8211.9
254	0.060927	-8368.51
255	0.060927	-8311.7
256	0.060927	-8384.28
257	0.060927	-8247.4
258	0.060927	-8286.28
259	0.060927	-8289.31
260	0.060927	-8309.11
261	0.060927	-8314.52
262	0.060927	-8321.58
263	0.060927	-8355.27
264	0.060927	-8297.71
265	0.060927	-8219.28
266	0.060927	-8258.51
267	0.060927	-8297.3
268	0.060927	-8220.48
269	0.060927	-8285.41
270	0.060927	-8259.3
271	0.060927	-8279.71
272	0.060927	-8332.19
273	0.060927	-8366.88
274	0.060927	-8337.39
275	0.060927	-8381.21
276	0.060927	-8324.33
277	0.060927	-8356.92
278	0.060927	-8206.88
279	0.060927	-8287.41
280	0.060927	-8286.1
281	0.060927	-8320.38
282	0.060927	-8284.43
283	0.060927	-8322.69
284	0.060927	-8270.74
285	0.060927	-8378.95
286	0.060927	-8322.26
287	0.060927	-8262.56
288	0.060927	-8307.18
289	0.060927	-8342.8
290	0.060927	-8354.82
291	0.060927	-8298.76
292	0.060927	-8264.04
293	0.060927	-8361.22
294	0.060927	-8192.55
295	0.060927	-8310.81
296	0.060927	-8325.14
297	0.060927	-8300.5
298	0.060927	-8285.97
299	0.060927	-8244.41
300	0.060927	-8250.23
301	0.060927	-8357.9
302	0.060927	-8178.4
303	0.060927	-8160.99
304	0.060927	-8169.12
305	0.060927	-8182.1
306	0.060927	-8223.74
307	0.060927	-8193.92
308	0.060927	-8211.03
309	0.060927	-8320.69
310	0.060927	-8321.43
311	0.060927	-8179.43
312	0.060927	-8256.52
313	0.060927	-8243.48
314	0.060927	-8222.19
315	0.060927	-8263.02
316	0.060927	-8244.66
317	0.060927	-8209.37
318	0.060927	-8212.4
319	0.060927	-8177.04
320	0.060927	-8246.71
321	0.060927	-8289.49
322	0.060927	-8275.66
323	0.060927	-8330.2
324	0.060927	-8324.76
325	0.060927	-8177.5
326	0.060927	-8239.6
327	0.060927	-8252.12
328	0.060927	-8316.91
329	0.060927	-8297.48
330	0.060927	-8206.4
331	0.060927	-8204.31
332	0.060927	-8250.86
333	0.060927	-8276.57
334	0.060927	-8234.26
335	0.060927	-8212.25
336	0.060927	-8277.04
337	0.060927	-8231.44
338	0.060927	-8280.18
339	0.060927	-8179.46
340	0.060927	-8260.19
341	0.060927	-8236.11
342	0.060927	-8237.32
343	0.060927	-8232.28
344	0.060927	-8218.07
345	0.060927	-8248.67
346	0.060927	-8250.64
347	0.060927	-8228.11
348	0.060927	-8250.96
349	0.060927	-8343.16
350	0.060927	-8340.67
351	0.060927	-8336.96
352	0.060927	-8318.28
353	0.060927	-8374.79
354	0.060927	-8390.23
355	0.060927	-8287.93
356	0.060927	-8244.37
357	0.060927	-8312.8
358	0.060927	-8213.47
359	0.060927	-8269.63
360	0.060927	-8323.69
361	0.060927	-8406.33
362	0.060927	-8389.74
363	0.060927	-8277.92
364	0.060927	-8225.69
365	0.060927	-8260.69
366	0.060927	-8267.49
367	0.060927	-8302.99
368	0.060927	-8270.08
369	0.060927	-8278.36
370	0.060927	-8247.72
371	0.060927	-8278.69
372	0.060927	-8205.78
373	0.060927	-8374.81
374	0.060927	-8340.76
375	0.060927	-8274.74
376	0.060927	-8262.44
377	0.060927	-8339.71
378	0.060927	-8180.45
379	0.060927	-8260.54
380	0.060927	-8332.68
381	0.060927	-8303.37
382	0.060927	-8297.52
383	0.060927	-8199.84
384	0.060927	-8223
385	0.060927	-8242.89
386	0.060927	-8252.73
387	0.060927	-8230.29
388	0.060927	-8340.91
389	0.060927	-8266.76
390	0.060927	-8269.41
391	0.060927	-8269.77
392	0.060927	-8245.74
393	0.060927	-8246.63
394	0.060927	-8316.1
395	0.060927	-8338.78
396	0.060927	-8381.43
397	0.060927	-8329.83
398	0.060927	-8431.09
399	0.060927	-8269.46
400	0.060927	-8272.56
401	0.060927	-8253.15
402	0.060927	-8275.85
403	0.060927	-8140.13
404	0.060927	-8178.4
405	0.060927	-8151.56
406	0.060927	-8186.76
407	0.060927	-8188.71
408	0.060927	-8137.82
409	0.060927	-8204.16
410	0.060927	-8280.44
411	0.060927	-8238.27
412	0.060927	-8269.33
413	0.060927	-8282.65
414	0.060927	-8272.12
415	0.060927	-8289.03
416	0.060927	-8254
417	0.060927	-8331.07
418	0.060927	-8310.3
419	0.060927	-8346.59
420	0.060927	-8275.82
421	0.060927	-8258.58
422	0.060927	-8405.78
423	0.060927	-8325.24
424	0.060927	-8296.56
425	0.060927	-8241.11
426	0.060927	-8303.54
427	0.060927	-8265.64
428	0.060927	-8253.89
429	0.060927	-8221.55
430	0.060927	-8335.09
431	0.060927	-8236.87
432	0.060927	-8229.42
433	0.060927	-8221.64
434	0.060927	-8272.11
435	0.060927	-8238.9
436	0.060927	-8243.4
437	0.060927	-8255.46
438	0.060927	-8309.92
439	0.060927	-8337.85
440	0.060927	-8353.52
441	0.060927	-8295.94
442	0.060927	-8239.59
443	0.060927	-8294.86
444	0.060927	-8259.36
445	0.060927	-8266.68
446	0.060927	-8237.58
447	0.060927	-8261.74
448	0.060927	-8197.08
449	0.060927	-8236.41
450	0.060927	-8211.4
451	0.060927	-8233.65
452	0.060927	-8321.11
453	0.060927	-8304.46
454	0.060927	-8316.58
455	0.060927	-8309.95
456	0.060927	-8306.48
457	0.060927	-8358.24
458	0.060927	-8271.92
459	0.060927	-8220.79
460	0.060927	-8255.07
461	0.060927	-8201.01
462	0.060927	-8254.67
463	0.060927	-8299.28
464	0.060927	-8265.57
465	0.060927	-8286.86
466	0.060927	-8369.85
467	0.060927	-8363.1
468	0.060927	-8439.28
469	0.060927	-8394.03
470	0.060927	-8396.14
471	0.060927	-8296.46
472	0.060927	-8289.85
473	0.060927	-8326.1
474	0.060927	-8298.07
475	0.060927	-8338.08
476	0.060927	-8278.12
477	0.060927	-8277.36
478	0.060927	-8213.85
479	0.060927	-8295.86
480	0.060927	-8308.94
481	0.060927	-8397.45
482	0.060927	-8374
483	0.060927	-8376.66
484	0.060927	-8357.03
485	0.060927	-8390.43
486	0.060927	-8318.54
487	0.060927	-8247.38
488	0.060927	-8201.64
489	0.060927	-8314.71
490	0.060927	-8288
491	0.060927	-8323.47
492	0.060927	-8323.81
493	0.060927	-8228.72
494	0.060927	-8321.72
495	0.060927	-8259.11
496	0.060927	-8201.06
497	0.060927	-8298.86
498	0.060927	-8297.5
499	0.060927	-8311.06
500	0.060927	-8246.23
501	0.060927	-8207.24
502	0.060927	-8267.86
503	0.060927	-8222.24
504	0.060927	-8244.83
505	0.060927	-8255.53
506	0.060927	-8177.94
507	0.060927	-8292.95
508	0.060927	-8352.52
509	0.060927	-8260.52
510	0.060927	-8383.75
511	0.060927	-8262.07
512	0.060927	-8283.61
513	0.060927	-8330.33
514	0.060927	-8318.18
515	0.060927	-8286.81
516	0.060927	-8309.89
517	0.060927	-8228.53
518	0.060927	-8190.99
519	0.060927	-8254.71
520	0.060927	-8328.53
521	0.060927	-8234.27
522	0.060927	-8254.37
523	0.060927	-8323.61
524	0.060927	-8308.67
525	0.060927	-8299.97
526	0.060927	-8245.14
527	0.060927	-8272.45
528	0.060927	-8220.47
529	0.060927	-8358.51
530	0.060927	-8309.36
531	0.060927	-8244.95
532	0.060927	-8231.1
533	0.060927	-8259.69
534	0.060927	-8232.37
535	0.060927	-8229.88
536	0.060927	-8250.67
537	0.060927	-8249.21
538	0.060927	-8220.8
539	0.060927	-8277.12
540	0.060927	-8213.58
541	0.060927	-8291.14
542	0.060927	-8361.73
543	0.060927	-8350.19
544	0.060927	-8363.49
545	0.060927	-8307.64
546	0.060927	-8328.12
547	0.060927	-8211.7
548	0.060927	-8270.26
549	0.060927	-8278.43
550	0.060927	-8298.33
551	0.060927	-8315.7
552	0.060927	-8274.17
553	0.060927	-8368.06
554	0.060927	-8436.06
555	0.060927	-8274.81
556	0.060927	-8289.63
557	0.060927	-8177.52
558	0.060927	-8137.8
559	0.060927	-8207.95
560	0.060927	-8218.19
561	0.060927	-8181.31
562	0.060927	-8156.71
563	0.060927	-8162.83
564	0.060927	-8148.13
565	0.060927	-8230.03
566	0.060927	-8291.33
567	0.060927	-8222.2
568	0.060927	-8461.3
569	0.060927	-8350.08
570	0.060927	-8353.98
571	0.060927	-8359.06
572	0.060927	-8365.22
573	0.060927	-8429.16
574	0.060927	-8336.6
575	0.060927	-8204.08
576	0.060927	-8217.14
577	0.060927	-8154.08
578	0.060927	-8349.87
579	0.060927	-8315.59
580	0.060927	-8286.92
581	0.060927	-8331.36
582	0.060927	-8434.26
583	0.060927	-8336.55
584	0.060927	-8260.34
585	0.060927	-8251.97
586	0.060927	-8333.58
587	0.060927	-8277.19
588	0.060927	-8266.84
589	0.060927	-8334.85
590	0.060927	-8233.87
591	0.060927	-8181.59
592	0.060927	-8202.62
593	0.060927	-8175.11
594	0.060927	-8255.31
595	0.060927	-8234.87
596	0.060927	-8312.45
597	0.060927	-8326.83
598	0.060927	-8298.82
599	0.060927	-8184.49
600	0.060927	-8255.58
601	0.060927	-8326.25
602	0.060927	-8208.99
603	0.060927	-8321.69
604	0.060927	-8401.1
605	0.060927	-8434.48
606	0.060927	-8393.04
607	0.060927	-8348.69
608	0.060927	-8372.31
609	0.060927	-8359.46
610	0.060927	-8211.8
611	0.060927	-8247.47
612	0.060927	-8221.84
613	0.060927	-8180.01
614	0.060927	-8241.92
615	0.060927	-8246.26
616	0.060927	-8173.01
617	0.060927	-8203.33
618	0.060927	-8229.65
619	0.060927	-8343.3
620	0.060927	-8410.84
621	0.060927	-8439.38
622	0.060927	-8328.8
623	0.060927	-8321.7
624	0.060927	-8327.14
625	0.060927	-8360.78
626	0.060927	-8319.69
627	0.060927	-8320.95
628	0.060927	-8344.77
629	0.060927	-8288
630	0.060927	-8286.55
631	0.060927	-8210.01
632	0.060927	-8198.38
633	0.060927	-8209.07
634	0.060927	-8176.5
635	0.060927	-8258.8
636	0.060927	-8294.51
637	0.060927	-8300.88
638	0.060927	-8428.07
639	0.060927	-8251.89
640	0.060927	-8278.5
641	0.060927	-8304.2
642	0.060927	-8264.9
643	0.060927	-8352.34
644	0.060927	-8285.4
645	0.060927	-8253.5
646	0.060927	-8265.02
647	0.060927	-8330.48
648	0.060927	-8290.06
649	0.060927	-8431.07
650	0.060927	-8345.59
651	0.060927	-8353.2
652	0.060927	-8347.89
653	0.060927	-8320.42
654	0.060927	-8305.13
655	0.060927	-8418.08
656	0.060927	-8365
657	0.060927	-8278.94
658	0.060927	-8298.83
659	0.060927	-8194.63
660	0.060927	-8245.55
661	0.060927	-8211.02
662	0.060927	-8307.81
663	0.060927	-8263.74
664	0.060927	-8309.95
665	0.060927	-8390.26
666	0.060927	-8313.01
667	0.060927	-8300.48
668	0.060927	-8280.5
669	0.060927	-8322.76
670	0.060927	-8289.86
671	0.060927	-8369.28
672	0.060927	-8349.22
673	0.060927	-8311.96
674	0.060927	-8283.57
675	0.060927	-8366.78
676	0.060927	-8333.12
677	0.060927	-8317.99
678	0.060927	-8342.85
679	0.060927	-8264.55
680	0.060927	-8291.87
681	0.060927	-8348.09
682	0.060927	-8299.89
683	0.060927	-8284.2
684	0.060927	-8192.04
685	0.060927	-8183.62
686	0.060927	-8232.37
687	0.060927	-8298
688	0.060927	-8266.01
689	0.060927	-8262.4
690	0.060927	-8201.79
691	0.060927	-8279.72
692	0.060927	-8192.34
693	0.060927	-8247.22
694	0.060927	-8258.09
695	0.060927	-8338.79
696	0.060927	-8276.6
697	0.060927	-8235.82
698	0.060927	-8225.42
699	0.060927	-8289.94
700	0.060927	-8335.32
701	0.060927	-8282.25
702	0.060927	-8187.55
703	0.060927	-8328.21
704	0.060927	-8382.47
705	0.060927	-8258.64
706	0.060927	-8325.41
707	0.060927	-8353.72
708	0.060927	-8302.08
709	0.060927	-8262.67
710	0.060927	-8261.08
711	0.060927	-8359.39
712	0.060927	-8249.99
713	0.060927	-8347.2
714	0.060927	-8313.33
715	0.060927	-8241.89
716	0.060927	-8300.1
717	0.060927	-8350.83
718	0.060927	-8254.86
719	0.060927	-8291.17
720	0.060927	-8331.99
721	0.060927	-8257.33
722	0.060927	-8301.15
723	0.060927	-8333.95
724	0.060927	-8288.8
725	0.060927	-8263.79
726	0.060927	-8265.2
727	0.060927	-8308.77
728	0.060927	-8308.03
729	0.060927	-8277.71
730	0.060927	-8158.58
731	0.060927	-8199.46
732	0.060927	-8276.72
733	0.060927	-8423.5
734	0.060927	-8374.51
735	0.060927	-8257.89
736	0.060927	-8183.9
737	0.060927	-8177.61
738	0.060927	-8205.43
739	0.060927	-8288.88
740	0.060927	-8367.97
741	0.060927	-8278.53
742	0.060927	-8288.03
743	0.060927	-8324.7
744	0.060927	-8277.74
745	0.060927	-8327.15
746	0.060927	-8283.03
747	0.060927	-8308.87
748	0.060927	-8370.85
749	0.060927	-8288.13
750	0.060927	-8471.6
751	0.060927	-8450.71
752	0.060927	-8327.5
753	0.060927	-8357.74
754	0.060927	-8294.67
755	0.060927	-8394.72
756	0.060927	-8255.2
757	0.060927	-8335.52
758	0.060927	-8341.29
759	0.060927	-8445.23
760	0.060927	-8511.57
761	0.060927	-8357.51
762	0.060927	-8259.29
763	0.060927	-8244.58
764	0.060927	-8302.76
765	0.060927	-8258.66
766	0.060927	-8280.98
767	0.060927	-8329.27
768	0.060927	-8263.99
769	0.060927	-8350.74
770	0.060927	-8286.6
771	0.060927	-8299.67
772	0.060927	-8337.94
773	0.060927	-8289.17
774	0.060927	-8276.2
775	0.060927	-8327.7
776	0.060927	-8280.65
777	0.060927	-8327.67
778	0.060927	-8223.09
779	0.060927	-8409.42
780	0.060927	-8515.08
781	0.060927	-8416.68
782	0.060927	-8359.7
783	0.060927	-8325.38
784	0.060927	-8324.13
785	0.060927	-8317.66
786	0.060927	-8302.71
787	0.060927	-8487.23
788	0.060927	-8367.61
789	0.060927	-8234.14
790	0.060927	-8247.42
791	0.060927	-8269.39
792	0.060927	-8323.67
793	0.060927	-8301.72
794	0.060927	-8236.7
795	0.060927	-8341.19
796	0.060927	-8310.99
797	0.060927	-8328.6
798	0.060927	-8260.07
799	0.060927	-8313.41
800	0.060927	-8351.36
801	0.060927	-8438.3
802	0.060927	-8398.66
803	0.060927	-8373.31
804	0.060927	-8364.93
805	0.060927	-8299.61
806	0.060927	-8371.18
807	0.060927	-8292.07
808	0.060927	-8290.51
809	0.060927	-8246.58
810	0.060927	-8306.45
811	0.060927	-8329.33
812	0.060927	-8321.98
813	0.060927	-8424.12
814	0.060927	-8353.78
815	0.060927	-8337.52
816	0.060927	-8448.81
817	0.060927	-8251.65
818	0.060927	-8201.61
819	0.060927	-8207.36
820	0.060927	-8226.56
821	0.060927	-8188.12
822	0.060927	-8208.66
823	0.060927	-8258.61
824	0.060927	-8310.44
825	0.060927	-8269.48
826	0.060927	-8331.75
827	0.060927	-8267.3
828	0.060927	-8234.78
829	0.060927	-8328.75
830	0.060927	-8350.68
831	0.060927	-8283.41
832	0.060927	-8356.94
833	0.060927	-8363.62
834	0.060927	-8256.47
835	0.060927	-8243.82
836	0.060927	-8273.27
837	0.060927	-8303.1
838	0.060927	-8330.76
839	0.060927	-8321.65
840	0.060927	-8359.54
841	0.060927	-8387.05
842	0.060927	-8348.36
843	0.060927	-8359.44
844	0.060927	-8244.02
845	0.060927	-8275.35
846	0.060927	-8283.78
847	0.060927	-8328.7
848	0.060927	-8320.84
849	0.060927	-8318.53
850	0.060927	-8287.75
851	0.060927	-8281.72
852	0.060927	-8279.34
853	0.060927	-8376.43
854	0.060927	-8311.39
855	0.060927	-8258.89
856	0.060927	-8283.7
857	0.060927	-8268.32
858	0.060927	-8369.93
859	0.060927	-8239.54
860	0.060927	-8304.27
861	0.060927	-8254.06
862	0.060927	-8340.28
863	0.060927	-8270.41
864	0.060927	-8223.68
865	0.060927	-8379.76
866	0.060927	-8357.81
867	0.060927	-8278.32
868	0.060927	-8287.73
869	0.060927	-8247.99
870	0.060927	-8286.95
871	0.060927	-8293.53
872	0.060927	-8225.02
873	0.060927	-8239.02
874	0.060927	-8246.02
875	0.060927	-8231.55
876	0.060927	-8311.87
877	0.060927	-8278.94
878	0.060927	-8364.59
879	0.060927	-8302.59
880	0.060927	-8350.03
881	0.060927	-8285.22
882	0.060927	-8257.69
883	0.060927	-8316.95
884	0.060927	-8219.28
885	0.060927	-8285.14
886	0.060927	-8398.48
887	0.060927	-8319.61
888	0.060927	-8297.39
889	0.060927	-8334.88
890	0.060927	-8305.93
891	0.060927	-8303.91
892	0.060927	-8323.89
893	0.060927	-8216.78
894	0.060927	-8313.12
895	0.060927	-8273.12
896	0.060927	-8258.82
897	0.060927	-8204.8
898	0.060927	-8257.82
899	0.060927	-8288.63
900	0.060927	-8255.67
901	0.060927	-8287.22
902	0.060927	-8308.17
903	0.060927	-8257.47
904	0.060927	-8324.77
905	0.060927	-8364.32
906	0.060927	-8261.22
907	0.060927	-8264.37
908	0.060927	-8324.24
909	0.060927	-8358.68
910	0.060927	-8398.74
911	0.060927	-8316.57
912	0.060927	-8331.19
913	0.060927	-8478.26
914	0.060927	-8343.61
915	0.060927	-8354.6
916	0.060927	-8301.27
917	0.060927	-8261.26
918	0.060927	-8410.48
919	0.060927	-8454.66
920	0.060927	-8481.86
921	0.060927	-8484.55
922	0.060927	-8306.83
923	0.060927	-8349.81
924	0.060927	-8313.6
925	0.060927	-8281.93
926	0.060927	-8222.5
927	0.060927	-8318.79
928	0.060927	-8278.09
929	0.060927	-8273.46
930	0.060927	-8162.83
931	0.060927	-8232.71
932	0.060927	-8246.48
933	0.060927	-8338.86
934	0.060927	-8237.75
935	0.060927	-8246.61
936	0.060927	-8225.26
937	0.060927	-8197.03
938	0.060927	-8167.7
939	0.060927	-8221.72
940	0.060927	-8252.67
941	0.060927	-8271.11
942	0.060927	-8268.03
943	0.060927	-8327.9
944	0.060927	-8320.06
945	0.060927	-8364.42
946	0.060927	-8386.37
947	0.060927	-8300.03
948	0.060927	-8325.06
949	0.060927	-8431.61
950	0.060927	-8354.4
951	0.060927	-8308.22
952	0.060927	-8307.13
953	0.060927	-8273.2
954	0.060927	-8196.65
955	0.060927	-8212.64
956	0.060927	-8351.08
957	0.060927	-8267.25
958	0.060927	-8233.36
959	0.060927	-8247.83
960	0.060927	-8372.37
961	0.060927	-8152.6
962	0.060927	-8133.08
963	0.060927	-8196.97
964	0.060927	-8237.76
965	0.060927	-8277.21
966	0.060927	-8265.39
967	0.060927	-8399.52
968	0.060927	-8302.88
969	0.060927	-8335.75
970	0.060927	-8399.92
971	0.060927	-8417.76
972	0.060927	-8395.36
973	0.060927	-8319.92
974	0.060927	-8305.89
975	0.060927	-8325.43
976	0.060927	-8304.93
977	0.060927	-8339.78
978	0.060927	-8413.47
979	0.060927	-8279.04
980	0.060927	-8235.94
981	0.060927	-8284.59
982	0.060927	-8218.99
983	0.060927	-8288.51
984	0.060927	-8326.54
985	0.060927	-8287.57
986	0.060927	-8221.77
987	0.060927	-8315.2
988	0.060927	-8242.47
989	0.060927	-8252.67
990	0.060927	-8306.28
991	0.060927	-8278.01
992	0.060927	-8305.36
993	0.060927	-8329.5
994	0.060927	-8285.98
995	0.060927	-8350.96
996	0.060927	-8284.17
997	0.060927	-8226.87
998	0.060927	-8355.99
999	0.060927	-8277.61
1000	0.060927	-8211.87
251	0.050797	-8285.52
252	0.050797	-8392.03
253	0.050797	-8374.69
254	0.050797	-8366.46
255	0.050797	-8386.93
256	0.050797	-8262.28
257	0.050797	-8247.96
258	0.050797	-8175.19
259	0.050797	-8208.99
260	0.050797	-8223.93
261	0.050797	-8293.33
262	0.050797	-8327.86
263	0.050797	-8386.62
264	0.050797	-8429
265	0.050797	-8405.7
266	0.050797	-8347.91
267	0.050797	-8268.48
268	0.050797	-8293.62
269	0.050797	-8430.03
270	0.050797	-8278.53
271	0.050797	-8329.55
272	0.050797	-8319.39
273	0.050797	-8297.33
274	0.050797	-8354.48
275	0.050797	-8279.72
276	0.050797	-8295.32
277	0.050797	-8230.79
278	0.050797	-8212.83
279	0.050797	-8345.43
280	0.050797	-8315.47
281	0.050797	-8245.86
282	0.050797	-8245.58
283	0.050797	-8265.97
284	0.050797	-8318.61
285	0.050797	-8323.95
286	0.050797	-8359.29
287	0.050797	-8464.75
288	0.050797	-8289.98
289	0.050797	-8328.37
290	0.050797	-8382.85
291	0.050797	-8449.64
292	0.050797	-8376.24
293	0.050797	-8429.69
294	0.050797	-8445.81
295	0.050797	-8467.69
296	0.050797	-8429.24
297	0.050797	-8339.55
298	0.050797	-8232.25
299	0.050797	-8233.37
300	0.050797	-8220.3
301	0.050797	-8338.71
302	0.050797	-8235.12
303	0.050797	-8322.21
304	0.050797	-8258.96
305	0.050797	-8283.06
306	0.050797	-8369.43
307	0.050797	-8319.84
308	0.050797	-8279.95
309	0.050797	-8322.89
310	0.050797	-8325.78
311	0.050797	-8444.33
312	0.050797	-8435.37
313	0.050797	-8462.98
314	0.050797	-8451.66
315	0.050797	-8320.49
316	0.050797	-8405.85
317	0.050797	-8421.64
318	0.050797	-8426.41
319	0.050797	-8538.32
320	0.050797	-8491.56
321	0.050797	-8308.51
322	0.050797	-8354
323	0.050797	-8256.98
324	0.050797	-8290.5
325	0.050797	-8245.13
326	0.050797	-8213.05
327	0.050797	-8248.13
328	0.050797	-8284.98
329	0.050797	-8336
330	0.050797	-8298.02
331	0.050797	-8301.95
332	0.050797	-8258.29
333	0.050797	-8287.62
334	0.050797	-8312.35
335	0.050797	-8370.1
336	0.050797	-8257.16
337	0.050797	-8260.5
338	0.050797	-8322.01
339	0.050797	-8320.73
340	0.050797	-8317.84
341	0.050797	-8238.15
342	0.050797	-8287.15
343	0.050797	-8328.42
344	0.050797	-8424.9
345	0.050797	-8376.41
346	0.050797	-8300.45
347	0.050797	-8371.85
348	0.050797	-8340.96
349	0.050797	-8528.58
350	0.050797	-8474.7
351	0.050797	-8508.43
352	0.050797	-8572.21
353	0.050797	-8448.93
354	0.050797	-8346.9
355	0.050797	-8364.7
356	0.050797	-8309.47
357	0.050797	-8301.72
358	0.050797	-8300.03
359	0.050797	-8282.77
360	0.050797	-8207.75
361	0.050797	-8319.45
362	0.050797	-8381.43
363	0.050797	-8355.01
364	0.050797	-8383.09
365	0.050797	-8316.46
366	0.050797	-8327.63
367	0.050797	-8328.52
368	0.050797	-8331.43
369	0.050797	-8336.66
370	0.050797	-8435.47
371	0.050797	-8382.22
372	0.050797	-8374.4
373	0.050797	-8371.56
374	0.050797	-8273.67
375	0.050797	-8269.11
376	0.050797	-8463.24
377	0.050797	-8464.23
378	0.050797	-8427.51
379	0.050797	-8465.63
380	0.050797	-8385.24
381	0.050797	-8240.99
382	0.050797	-8228.55
383	0.050797	-8273.62
384	0.050797	-8303.14
385	0.050797	-8400.56
386	0.050797	-8244.16
387	0.050797	-8275.14
388	0.050797	-8222.34
389	0.050797	-8338.47
390	0.050797	-8320.13
391	0.050797	-8295.78
392	0.050797	-8225.01
393	0.050797	-8262.56
394	0.050797	-8284.94
395	0.050797	-8353.94
396	0.050797	-8419.81
397	0.050797	-8386.27
398	0.050797	-8323.91
399	0.050797	-8351.58
400	0.050797	-8393.74
401	0.050797	-8347.35
402	0.050797	-8229.87
403	0.050797	-8320.18
404	0.050797	-8310.25
405	0.050797	-8228.86
406	0.050797	-8303.05
407	0.050797	-8338.46
408	0.050797	-8332.02
409	0.050797	-8262.84
410	0.050797	-8277.87
411	0.050797	-8366.16
412	0.050797	-8328.66
413	0.050797	-8360.79
414	0.050797	-8346.17
415	0.050797	-8410.41
416	0.050797	-8456.93
417	0.050797	-8373.35
418	0.050797	-8276.09
419	0.050797	-8259.73
420	0.050797	-8373.59
421	0.050797	-8320.64
422	0.050797	-8290.1
423	0.050797	-8287.45
424	0.050797	-8224.59
425	0.050797	-8294.37
426	0.050797	-8360.92
427	0.050797	-8348.64
428	0.050797	-8452.05
429	0.050797	-8460.55
430	0.050797	-8367.05
431	0.050797	-8413.27
432	0.050797	-8428.67
433	0.050797	-8320.8
434	0.050797	-8316.75
435	0.050797	-8292.5
436	0.050797	-8313.68
437	0.050797	-8489.28
438	0.050797	-8418.48
439	0.050797	-8424.79
440	0.050797	-8365.35
441	0.050797	-8324.17
442	0.050797	-8302.79
443	0.050797	-8288.01
444	0.050797	-8352.4
445	0.050797	-8395.44
446	0.050797	-8196.95
447	0.050797	-8245.03
448	0.050797	-8269.82
449	0.050797	-8366.35
450	0.050797	-8409.52
451	0.050797	-8316.43
452	0.050797	-8356.24
453	0.050797	-8335.32
454	0.050797	-8259.1
455	0.050797	-8342.13
456	0.050797	-8283.72
457	0.050797	-8340.51
458	0.050797	-8373.04
459	0.050797	-8490.13
460	0.050797	-8425.15
461	0.050797	-8389.93
462	0.050797	-8341.09
463	0.050797	-8254.2
464	0.050797	-8337.43
465	0.050797	-8254.23
466	0.050797	-8434.86
467	0.050797	-8432.53
468	0.050797	-8375.27
469	0.050797	-8350.72
470	0.050797	-8396.64
471	0.050797	-8349.1
472	0.050797	-8338.56
473	0.050797	-8337.4
474	0.050797	-8255.88
475	0.050797	-8283.85
476	0.050797	-8308.83
477	0.050797	-8264.65
478	0.050797	-8257.06
479	0.050797	-8216.56
480	0.050797	-8257.86
481	0.050797	-8301.7
482	0.050797	-8381.61
483	0.050797	-8302.51
484	0.050797	-8285.61
485	0.050797	-8407.57
486	0.050797	-8351.37
487	0.050797	-8402.39
488	0.050797	-8252.86
489	0.050797	-8452.14
490	0.050797	-8368.38
491	0.050797	-8403.34
492	0.050797	-8483.24
493	0.050797	-8407.46
494	0.050797	-8418.44
495	0.050797	-8378.96
496	0.050797	-8329.86
497	0.050797	-8387.07
498	0.050797	-8283.75
499	0.050797	-8290.84
500	0.050797	-8367.06
501	0.050797	-8358.02
502	0.050797	-8365.63
503	0.050797	-8343.04
504	0.050797	-8338.35
505	0.050797	-8259.59
506	0.050797	-8306.59
507	0.050797	-8334.12
508	0.050797	-8288.07
509	0.050797	-8374.81
510	0.050797	-8358.26
511	0.050797	-8333.81
512	0.050797	-8303.91
513	0.050797	-8390.77
514	0.050797	-8392.29
515	0.050797	-8431.65
516	0.050797	-8304.21
517	0.050797	-8374.27
518	0.050797	-8432.34
519	0.050797	-8370.13
520	0.050797	-8392.17
521	0.050797	-8453.39
522	0.050797	-8507.46
523	0.050797	-8356.99
524	0.050797	-8327.26
525	0.050797	-8328.65
526	0.050797	-8364.69
527	0.050797	-8327.24
528	0.050797	-8454.56
529	0.050797	-8408.55
530	0.050797	-8463.25
531	0.050797	-8549.11
532	0.050797	-8546.38
533	0.050797	-8468.5
534	0.050797	-8267.69
535	0.050797	-8328.9
536	0.050797	-8499.75
537	0.050797	-8460.3
538	0.050797	-8357.99
539	0.050797	-8446.76
540	0.050797	-8426.46
541	0.050797	-8274.61
542	0.050797	-8327.56
543	0.050797	-8298.98
544	0.050797	-8365.06
545	0.050797	-8336.44
546	0.050797	-8368.42
547	0.050797	-8333.75
548	0.050797	-8479.43
549	0.050797	-8444.17
550	0.050797	-8394.81
551	0.050797	-8434.25
552	0.050797	-8329.11
553	0.050797	-8480.88
554	0.050797	-8385.34
555	0.050797	-8372.51
556	0.050797	-8440.33
557	0.050797	-8299.18
558	0.050797	-8293.06
559	0.050797	-8243.53
560	0.050797	-8248.74
561	0.050797	-8396.55
562	0.050797	-8461.37
563	0.050797	-8357.51
564	0.050797	-8316.75
565	0.050797	-8445.75
566	0.050797	-8440.46
567	0.050797	-8482.7
568	0.050797	-8450.52
569	0.050797	-8457.01
570	0.050797	-8294.3
571	0.050797	-8311.47
572	0.050797	-8185.28
573	0.050797	-8259.72
574	0.050797	-8299.68
575	0.050797	-8280.51
576	0.050797	-8232.36
577	0.050797	-8238.77
578	0.050797	-8354.86
579	0.050797	-8353.48
580	0.050797	-8395.93
581	0.050797	-8325.18
582	0.050797	-8338.3
583	0.050797	-8274.58
584	0.050797	-8186.3
585	0.050797	-8214.95
586	0.050797	-8356.52
587	0.050797	-8361.74
588	0.050797	-8298.13
589	0.050797	-8343.8
590	0.050797	-8437.63
591	0.050797	-8390.85
592	0.050797	-8471.68
593	0.050797	-8404.66
594	0.050797	-8309.31
595	0.050797	-8265.61
596	0.050797	-8303.66
597	0.050797	-8311.59
598	0.050797	-8268.09
599	0.050797	-8341.8
600	0.050797	-8318.84
601	0.050797	-8320.78
602	0.050797	-8458.02
603	0.050797	-8354.74
604	0.050797	-8428.43
605	0.050797	-8328.46
606	0.050797	-8342.45
607	0.050797	-8251.52
608	0.050797	-8176.82
609	0.050797	-8235.13
610	0.050797	-8330.56
611	0.050797	-8329.15
612	0.050797	-8317.03
613	0.050797	-8336.93
614	0.050797	-8291.11
615	0.050797	-8261.48
616	0.050797	-8292.81
617	0.050797	-8293.85
618	0.050797	-8288.81
619	0.050797	-8269.36
620	0.050797	-8252.07
621	0.050797	-8230.93
622	0.050797	-8297.95
623	0.050797	-8329.63
624	0.050797	-8313.22
625	0.050797	-8331.06
626	0.050797	-8275.15
627	0.050797	-8313.03
628	0.050797	-8307.22
629	0.050797	-8332.25
630	0.050797	-8339.39
631	0.050797	-8453.26
632	0.050797	-8250.74
633	0.050797	-8222.37
634	0.050797	-8254.21
635	0.050797	-8335.2
636	0.050797	-8292.73
637	0.050797	-8243.46
638	0.050797	-8291.04
639	0.050797	-8192.08
640	0.050797	-8173.91
641	0.050797	-8284.56
642	0.050797	-8469.49
643	0.050797	-8300.96
644	0.050797	-8440.77
645	0.050797	-8386.32
646	0.050797	-8471.42
647	0.050797	-8448.05
648	0.050797	-8373.83
649	0.050797	-8523.01
650	0.050797	-8517.25
651	0.050797	-8278.15
652	0.050797	-8304.15
653	0.050797	-8333.69
654	0.050797	-8336.99
655	0.050797	-8355.92
656	0.050797	-8278.77
657	0.050797	-8372.29
658	0.050797	-8263.4
659	0.050797	-8391.19
660	0.050797	-8324.51
661	0.050797	-8513.19
662	0.050797	-8297.47
663	0.050797	-8300.43
664	0.050797	-8395.89
665	0.050797	-8377.73
666	0.050797	-8244.79
667	0.050797	-8543.07
668	0.050797	-8406.35
669	0.050797	-8342.11
670	0.050797	-8373
671	0.050797	-8347.55
672	0.050797	-8325.17
673	0.050797	-8315.93
674	0.050797	-8319.48
675	0.050797	-8326.07
676	0.050797	-8395.22
677	0.050797	-8345.95
678	0.050797	-8180.79
679	0.050797	-8219.49
680	0.050797	-8277
681	0.050797	-8269.1
682	0.050797	-8188.97
683	0.050797	-8411.42
684	0.050797	-8472.13
685	0.050797	-8416.56
686	0.050797	-8462.56
687	0.050797	-8480.66
688	0.050797	-8609.7
689	0.050797	-8448.11
690	0.050797	-8326
691	0.050797	-8302.04
692	0.050797	-8267.65
693	0.050797	-8323.6
694	0.050797	-8352.56
695	0.050797	-8273.42
696	0.050797	-8352.3
697	0.050797	-8344.28
698	0.050797	-8293.3
699	0.050797	-8299.13
700	0.050797	-8439.11
701	0.050797	-8288.11
702	0.050797	-8402.03
703	0.050797	-8405.79
704	0.050797	-8448.11
705	0.050797	-8366.77
706	0.050797	-8360.26
707	0.050797	-8349.38
708	0.050797	-8404.77
709	0.050797	-8392.56
710	0.050797	-8381.18
711	0.050797	-8338.55
712	0.050797	-8402.39
713	0.050797	-8318.07
714	0.050797	-8297.3
715	0.050797	-8304.31
716	0.050797	-8213.96
717	0.050797	-8196.33
718	0.050797	-8218.84
719	0.050797	-8285.71
720	0.050797	-8409.94
721	0.050797	-8345.91
722	0.050797	-8323.21
723	0.050797	-8298.68
724	0.050797	-8291.03
725	0.050797	-8306.81
726	0.050797	-8372.87
727	0.050797	-8324.95
728	0.050797	-8283.56
729	0.050797	-8274.41
730	0.050797	-8283.6
731	0.050797	-8335.5
732	0.050797	-8361.55
733	0.050797	-8361.44
734	0.050797	-8372.84
735	0.050797	-8467.07
736	0.050797	-8361.28
737	0.050797	-8327.4
738	0.050797	-8298.77
739	0.050797	-8366.85
740	0.050797	-8376.97
741	0.050797	-8285.15
742	0.050797	-8290.76
743	0.050797	-8283.09
744	0.050797	-8313.77
745	0.050797	-8292.81
746	0.050797	-8284.34
747	0.050797	-8297.69
748	0.050797	-8337.06
749	0.050797	-8349.12
750	0.050797	-8268.53
751	0.050797	-8227.21
752	0.050797	-8317.73
753	0.050797	-8449.22
754	0.050797	-8419.71
755	0.050797	-8450.72
756	0.050797	-8495.23
757	0.050797	-8251.9
758	0.050797	-8410.71
759	0.050797	-8304.24
760	0.050797	-8346.45
761	0.050797	-8347.35
762	0.050797	-8353.41
763	0.050797	-8346.97
764	0.050797	-8369.97
765	0.050797	-8305.32
766	0.050797	-8345.28
767	0.050797	-8396.57
768	0.050797	-8428.29
769	0.050797	-8373.33
770	0.050797	-8337.76
771	0.050797	-8331.32
772	0.050797	-8249.46
773	0.050797	-8408.69
774	0.050797	-8475.7
775	0.050797	-8351.18
776	0.050797	-8409.69
777	0.050797	-8373.75
778	0.050797	-8350.9
779	0.050797	-8404.79
780	0.050797	-8317.09
781	0.050797	-8300.53
782	0.050797	-8265.12
783	0.050797	-8280.83
784	0.050797	-8284.37
785	0.050797	-8349.6
786	0.050797	-8349.79
787	0.050797	-8403.41
788	0.050797	-8330.52
789	0.050797	-8260.1
790	0.050797	-8371.12
791	0.050797	-8354.09
792	0.050797	-8489.38
793	0.050797	-8338.73
794	0.050797	-8336.1
795	0.050797	-8310.6
796	0.050797	-8268.11
797	0.050797	-8338.38
798	0.050797	-8383.92
799	0.050797	-8343.24
800	0.050797	-8225.98
801	0.050797	-8183.78
802	0.050797	-8256.28
803	0.050797	-8343.35
804	0.050797	-8283.94
805	0.050797	-8277.64
806	0.050797	-8224.66
807	0.050797	-8437.48
808	0.050797	-8401.39
809	0.050797	-8333.04
810	0.050797	-8287.07
811	0.050797	-8274.42
812	0.050797	-8317.57
813	0.050797	-8344.29
814	0.050797	-8344.57
815	0.050797	-8445.75
816	0.050797	-8539.43
817	0.050797	-8311.63
818	0.050797	-8313.54
819	0.050797	-8373.78
820	0.050797	-8506.95
821	0.050797	-8462.81
822	0.050797	-8361.97
823	0.050797	-8401.32
824	0.050797	-8399.67
825	0.050797	-8372.14
826	0.050797	-8340.53
827	0.050797	-8367.76
828	0.050797	-8350.55
829	0.050797	-8324.55
830	0.050797	-8279.44
831	0.050797	-8334.32
832	0.050797	-8380.36
833	0.050797	-8342.17
834	0.050797	-8320.8
835	0.050797	-8225.92
836	0.050797	-8377.86
837	0.050797	-8296.29
838	0.050797	-8186.88
839	0.050797	-8307.08
840	0.050797	-8286.54
841	0.050797	-8322.19
842	0.050797	-8252.41
843	0.050797	-8303.78
844	0.050797	-8290.51
845	0.050797	-8220.6
846	0.050797	-8263.05
847	0.050797	-8231.35
848	0.050797	-8381.39
849	0.050797	-8338.26
850	0.050797	-8452.98
851	0.050797	-8495.44
852	0.050797	-8510.59
853	0.050797	-8421.12
854	0.050797	-8417.84
855	0.050797	-8403.04
856	0.050797	-8382.15
857	0.050797	-8496.47
858	0.050797	-8337.33
859	0.050797	-8307.94
860	0.050797	-8341.14
861	0.050797	-8316.25
862	0.050797	-8331.41
863	0.050797	-8252.92
864	0.050797	-8441.65
865	0.050797	-8377.53
866	0.050797	-8458.2
867	0.050797	-8436.39
868	0.050797	-8377.57
869	0.050797	-8406.42
870	0.050797	-8346.48
871	0.050797	-8448.26
872	0.050797	-8348.05
873	0.050797	-8376.68
874	0.050797	-8404.8
875	0.050797	-8385.4
876	0.050797	-8417.66
877	0.050797	-8440.04
878	0.050797	-8475.86
879	0.050797	-8535.88
880	0.050797	-8317.89
881	0.050797	-8406.78
882	0.050797	-8451.45
883	0.050797	-8380.49
884	0.050797	-8229.51
885	0.050797	-8221.14
886	0.050797	-8227.73
887	0.050797	-8345.18
888	0.050797	-8424.32
889	0.050797	-8445.34
890	0.050797	-8330.07
891	0.050797	-8393.64
892	0.050797	-8479.45
893	0.050797	-8456.47
894	0.050797	-8347.44
895	0.050797	-8298.89
896	0.050797	-8354.88
897	0.050797	-8501.06
898	0.050797	-8434.34
899	0.050797	-8544.88
900	0.050797	-8406.55
901	0.050797	-8383.9
902	0.050797	-8365.19
903	0.050797	-8416.65
904	0.050797	-8369.75
905	0.050797	-8301.68
906	0.050797	-8334.12
907	0.050797	-8344.34
908	0.050797	-8377.65
909	0.050797	-8361.67
910	0.050797	-8304.29
911	0.050797	-8252.21
912	0.050797	-8516.73
913	0.050797	-8442.9
914	0.050797	-8346.83
915	0.050797	-8487.66
916	0.050797	-8484.56
917	0.050797	-8528.77
918	0.050797	-8519.27
919	0.050797	-8517.26
920	0.050797	-8555.36
921	0.050797	-8406.66
922	0.050797	-8384.55
923	0.050797	-8401.23
924	0.050797	-8288.7
925	0.050797	-8348.23
926	0.050797	-8277.67
927	0.050797	-8262.41
928	0.050797	-8253.69
929	0.050797	-8359.97
930	0.050797	-8290.87
931	0.050797	-8364.82
932	0.050797	-8365.51
933	0.050797	-8396.02
934	0.050797	-8389.08
935	0.050797	-8248.24
936	0.050797	-8363.99
937	0.050797	-8317.34
938	0.050797	-8387.1
939	0.050797	-8409.72
940	0.050797	-8372.4
941	0.050797	-8386.81
942	0.050797	-8360.46
943	0.050797	-8440.41
944	0.050797	-8367.39
945	0.050797	-8385.78
946	0.050797	-8451.55
947	0.050797	-8461.3
948	0.050797	-8393.84
949	0.050797	-8346.57
950	0.050797	-8361.01
951	0.050797	-8258.25
952	0.050797	-8362.45
953	0.050797	-8472.3
954	0.050797	-8309.72
955	0.050797	-8434.33
956	0.050797	-8365.63
957	0.050797	-8407.78
958	0.050797	-8462.12
959	0.050797	-8451.02
960	0.050797	-8438.47
961	0.050797	-8415.7
962	0.050797	-8268.97
963	0.050797	-8360.71
964	0.050797	-8328.4
965	0.050797	-8278.98
966	0.050797	-8258.31
967	0.050797	-8204.62
968	0.050797	-8236.85
969	0.050797	-8251.54
970	0.050797	-8199.85
971	0.050797	-8308.18
972	0.050797	-8272.53
973	0.050797	-8374.57
974	0.050797	-8241.89
975	0.050797	-8259.4
976	0.050797	-8260.58
977	0.050797	-8334.59
978	0.050797	-8332.17
979	0.050797	-8339.07
980	0.050797	-8331.1
981	0.050797	-8342.21
982	0.050797	-8373.48
983	0.050797	-8331.12
984	0.050797	-8442.77
985	0.050797	-8420.1
986	0.050797	-8303.56
987	0.050797	-8352.11
988	0.050797	-8339.96
989	0.050797	-8301.47
990	0.050797	-8226.36
991	0.050797	-8274.5
992	0.050797	-8276.3
993	0.050797	-8212.09
994	0.050797	-8246.17
995	0.050797	-8219.4
996	0.050797	-8218.55
997	0.050797	-8231.41
998	0.050797	-8273.6
999	0.050797	-8279.9
1000	0.050797	-8364.62
251	0.0420616	-8491.28
252	0.0420616	-8417.15
253	0.0420616	-8564.04
254	0.0420616	-8679.44
255	0.0420616	-8655.05
256	0.0420616	-8551.87
257	0.0420616	-8432.64
258	0.0420616	-8517.6
259	0.0420616	-8357.62
260	0.0420616	-8467.62
261	0.0420616	-8345.4
262	0.0420616	-8268.56
263	0.0420616	-8444
264	0.0420616	-8369.17
265	0.0420616	-8412.02
266	0.0420616	-8526.99
267	0.0420616	-8374.76
268	0.0420616	-8433.22
269	0.0420616	-8491.54
270	0.0420616	-8432.08
271	0.0420616	-8391
272	0.0420616	-8391.41
273	0.0420616	-8300.19
274	0.0420616	-8258.81
275	0.0420616	-8267.39
276	0.0420616	-8345.26
277	0.0420616	-8499.17
278	0.0420616	-8443.8
279	0.0420616	-8382.13
280	0.0420616	-8297.52
281	0.0420616	-8388.5
282	0.0420616	-8410.51
283	0.0420616	-8369.94
284	0.0420616	-8349.59
285	0.0420616	-8326.68
286	0.0420616	-8603.27
287	0.0420616	-8421.29
288	0.0420616	-8472.06
289	0.0420616	-8386.38
290	0.0420616	-8446.96
291	0.0420616	-8388.12
292	0.0420616	-8439.34
293	0.0420616	-8513.07
294	0.0420616	-8474.79
295	0.0420616	-8586.68
296	0.0420616	-8416.7
297	0.0420616	-8494.14
298	0.0420616	-8523.46
299	0.0420616	-8300.83
300	0.0420616	-8441.87
301	0.0420616	-8298.35
302	0.0420616	-8308.68
303	0.0420616	-8235.01
304	0.0420616	-8251.36
305	0.0420616	-8338.04
306	0.0420616	-8366.49
307	0.0420616	-8332.01
308	0.0420616	-8425.35
309	0.0420616	-8514.46
310	0.0420616	-8473
311	0.0420616	-8511.21
312	0.0420616	-8500.71
313	0.0420616	-8585.17
314	0.0420616	-8682.11
315	0.0420616	-8301.56
316	0.0420616	-8283.77
317	0.0420616	-8235.09
318	0.0420616	-8306.38
319	0.0420616	-8465.97
320	0.0420616	-8549.94
321	0.0420616	-8505.26
322	0.0420616	-8534.38
323	0.0420616	-8409.79
324	0.0420616	-8351.34
325	0.0420616	-8348.09
326	0.0420616	-8412.99
327	0.0420616	-8358.28
328	0.0420616	-8489.59
329	0.0420616	-8417.66
330	0.0420616	-8357.34
331	0.0420616	-8463.52
332	0.0420616	-8366.75
333	0.0420616	-8341.81
334	0.0420616	-8361.97
335	0.0420616	-8352.38
336	0.0420616	-8490.5
337	0.0420616	-8540.41
338	0.0420616	-8259.35
339	0.0420616	-8264.95
340	0.0420616	-8374.57
341	0.0420616	-8363.2
342	0.0420616	-8298.56
343	0.0420616	-8271.28
344	0.0420616	-8330.87
345	0.0420616	-8453.24
346	0.0420616	-8357.64
347	0.0420616	-8218.93
348	0.0420616	-8314.49
349	0.0420616	-8494.7
350	0.0420616	-8416.75
351	0.0420616	-8332.95
352	0.0420616	-8349.42
353	0.0420616	-8347.36
354	0.0420616	-8417.95
355	0.0420616	-8453.12
356	0.0420616	-8419.85
357	0.0420616	-8399.51
358	0.0420616	-8403.19
359	0.0420616	-8455.82
360	0.0420616	-8477.18
361	0.0420616	-8368.83
362	0.0420616	-8307.36
363	0.0420616	-8294.02
364	0.0420616	-8326.05
365	0.0420616	-8435.92
366	0.0420616	-8375.19
367	0.0420616	-8414.61
368	0.0420616	-8288.33
369	0.0420616	-8319.02
370	0.0420616	-8385.49
371	0.0420616	-8286.44
372	0.0420616	-8437.57
373	0.0420616	-8513.81
374	0.0420616	-8537.3
375	0.0420616	-8427.23
376	0.0420616	-8205.78
377	0.0420616	-8368.32
378	0.0420616	-8363.97
379	0.0420616	-8403.12
380	0.0420616	-8311.71
381	0.0420616	-8287.81
382	0.0420616	-8409.11
383	0.0420616	-8404.2
384	0.0420616	-8424.71
385	0.0420616	-8490.92
386	0.0420616	-8598.29
387	0.0420616	-8311.55
388	0.0420616	-8403.95
389	0.0420616	-8395.81
390	0.0420616	-8439.62
391	0.0420616	-8264.3
392	0.0420616	-8491.58
393	0.0420616	-8497.79
394	0.0420616	-8313.91
395	0.0420616	-8328.53
396	0.0420616	-8283.18
397	0.0420616	-8378.53
398	0.0420616	-8291.03
399	0.0420616	-8416.24
400	0.0420616	-8309.37
401	0.0420616	-8385.86
402	0.0420616	-8277.77
403	0.0420616	-8310.27
404	0.0420616	-8281.12
405	0.0420616	-8264.56
406	0.0420616	-8422.8
407	0.0420616	-8427.88
408	0.0420616	-8541.98
409	0.0420616	-8443.21
410	0.0420616	-8422.45
411	0.0420616	-8599.26
412	0.0420616	-8309.61
413	0.0420616	-8275.08
414	0.0420616	-8340.39
415	0.0420616	-8389.14
416	0.0420616	-8390.95
417	0.0420616	-8385.48
418	0.0420616	-8383.49
419	0.0420616	-8428.13
420	0.0420616	-8393.91
421	0.0420616	-8484.31
422	0.0420616	-8274.74
423	0.0420616	-8336.8
424	0.0420616	-8284.13
425	0.0420616	-8416.39
426	0.0420616	-8337.45
427	0.0420616	-8339.98
428	0.0420616	-8312.51
429	0.0420616	-8392.3
430	0.0420616	-8423.34
431	0.0420616	-8382.16
432	0.0420616	-8327.06
433	0.0420616	-8319.96
434	0.0420616	-8296.93
435	0.0420616	-8287.46
436	0.0420616	-8301.95
437	0.0420616	-8253.31
438	0.0420616	-8311.14
439	0.0420616	-8401.16
440	0.0420616	-8431.47
441	0.0420616	-8470.79
442	0.0420616	-8472.19
443	0.0420616	-8513.94
444	0.0420616	-8322.27
445	0.0420616	-8326.62
446	0.0420616	-8385.53
447	0.0420616	-8328.44
448	0.0420616	-8440.13
449	0.0420616	-8397.28
450	0.0420616	-8411.36
451	0.0420616	-8452.38
452	0.0420616	-8581.71
453	0.0420616	-8371.61
454	0.0420616	-8372.18
455	0.0420616	-8305.55
456	0.0420616	-8341.75
457	0.0420616	-8402.97
458	0.0420616	-8482.45
459	0.0420616	-8433.72
460	0.0420616	-8331.15
461	0.0420616	-8259.79
462	0.0420616	-8228.74
463	0.0420616	-8349.57
464	0.0420616	-8369.49
465	0.0420616	-8308.87
466	0.0420616	-8473.49
467	0.0420616	-8331.14
468	0.0420616	-8409.88
469	0.0420616	-8539.74
470	0.0420616	-8460.49
471	0.0420616	-8356.95
472	0.0420616	-8360.18
473	0.0420616	-8371.05
474	0.0420616	-8398.1
475	0.0420616	-8427.56
476	0.0420616	-8369.05
477	0.0420616	-8396.89
478	0.0420616	-8422.13
479	0.0420616	-8377.12
480	0.0420616	-8404.07
481	0.0420616	-8470.04
482	0.0420616	-8475.63
483	0.0420616	-8481.24
484	0.0420616	-8421.27
485	0.0420616	-8245.32
486	0.0420616	-8431.35
487	0.0420616	-8406.18
488	0.0420616	-8456.6
489	0.0420616	-8351.23
490	0.0420616	-8288.19
491	0.0420616	-8367.41
492	0.0420616	-8344.22
493	0.0420616	-8319.64
494	0.0420616	-8319.5
495	0.0420616	-8377.95
496	0.0420616	-8491.54
497	0.0420616	-8480.98
498	0.0420616	-8469.22
499	0.0420616	-8403.54
500	0.0420616	-8534.73
501	0.0420616	-8420.84
502	0.0420616	-8323.43
503	0.0420616	-8351.88
504	0.0420616	-8343.74
505	0.0420616	-8349.81
506	0.0420616	-8300.27
507	0.0420616	-8309.19
508	0.0420616	-8435.49
509	0.0420616	-8278.42
510	0.0420616	-8288.54
511	0.0420616	-8370.73
512	0.0420616	-8440.74
513	0.0420616	-8377.86
514	0.0420616	-8252.6
515	0.0420616	-8427.14
516	0.0420616	-8454.62
517	0.0420616	-8333.08
518	0.0420616	-8358.67
519	0.0420616	-8349.32
520	0.0420616	-8382.42
521	0.0420616	-8353.38
522	0.0420616	-8420.45
523	0.0420616	-8483.22
524	0.0420616	-8352.83
525	0.0420616	-8358.41
526	0.0420616	-8267.6
527	0.0420616	-8358.19
528	0.0420616	-8373.09
529	0.0420616	-8348.4
530	0.0420616	-8372.7
531	0.0420616	-8446.18
532	0.0420616	-8401.74
533	0.0420616	-8352.59
534	0.0420616	-8472.31
535	0.0420616	-8327.16
536	0.0420616	-8380.42
537	0.0420616	-8440.57
538	0.0420616	-8400.96
539	0.0420616	-8420.41
540	0.0420616	-8535.53
541	0.0420616	-8366.59
542	0.0420616	-8326.93
543	0.0420616	-8357.42
544	0.0420616	-8448.19
545	0.0420616	-8410.3
546	0.0420616	-8386.74
547	0.0420616	-8440.24
548	0.0420616	-8386.74
549	0.0420616	-8263.56
550	0.0420616	-8267.05
551	0.0420616	-8420.98
552	0.0420616	-8451.12
553	0.0420616	-8361.65
554	0.0420616	-8329.51
555	0.0420616	-8391.85
556	0.0420616	-8487.68
557	0.0420616	-8632.63
558	0.0420616	-8549.62
559	0.0420616	-8516.21
560	0.0420616	-8449.46
561	0.0420616	-8361.63
562	0.0420616	-8449.75
563	0.0420616	-8554.03
564	0.0420616	-8546.48
565	0.0420616	-8374.92
566	0.0420616	-8442.49
567	0.0420616	-8364.14
568	0.0420616	-8227.17
569	0.0420616	-8256.26
570	0.0420616	-8252.72
571	0.0420616	-8472.93
572	0.0420616	-8398.77
573	0.0420616	-8326.14
574	0.0420616	-8325.17
575	0.0420616	-8466.47
576	0.0420616	-8367.51
577	0.0420616	-8248.01
578	0.0420616	-8290.56
579	0.0420616	-8526.51
580	0.0420616	-8512.4
581	0.0420616	-8337.07
582	0.0420616	-8364.36
583	0.0420616	-8351.9
584	0.0420616	-8257.25
585	0.0420616	-8225.9
586	0.0420616	-8301.22
587	0.0420616	-8402.75
588	0.0420616	-8457.58
589	0.0420616	-8492.56
590	0.0420616	-8580.43
591	0.0420616	-8458.68
592	0.0420616	-8436.74
593	0.0420616	-8314.45
594	0.0420616	-8443.76
595	0.0420616	-8498.41
596	0.0420616	-8387.72
597	0.0420616	-8329.87
598	0.0420616	-8507.35
599	0.0420616	-8518.75
600	0.0420616	-8335.92
601	0.0420616	-8514.2
602	0.0420616	-8411.75
603	0.0420616	-8443.15
604	0.0420616	-8329.86
605	0.0420616	-8393.09
606	0.0420616	-8300.57
607	0.0420616	-8369.31
608	0.0420616	-8456.83
609	0.0420616	-8449.07
610	0.0420616	-8573.75
611	0.0420616	-8675.79
612	0.0420616	-8315.33
613	0.0420616	-8302.01
614	0.0420616	-8435.87
615	0.0420616	-8505.93
616	0.0420616	-8363.71
617	0.0420616	-8513.47
618	0.0420616	-8527.92
619	0.0420616	-8538.9
620	0.0420616	-8491.7
621	0.0420616	-8514.14
622	0.0420616	-8527.2
623	0.0420616	-8404.55
624	0.0420616	-8517.79
625	0.0420616	-8352.54
626	0.0420616	-8330.46
627	0.0420616	-8394.49
628	0.0420616	-8557.37
629	0.0420616	-8548.33
630	0.0420616	-8441.61
631	0.0420616	-8355.29
632	0.0420616	-8324.91
633	0.0420616	-8338.49
634	0.0420616	-8396.76
635	0.0420616	-8361.27
636	0.0420616	-8317.76
637	0.0420616	-8331.69
638	0.0420616	-8436.95
639	0.0420616	-8513.51
640	0.0420616	-8595.82
641	0.0420616	-8518.51
642	0.0420616	-8437.79
643	0.0420616	-8323.58
644	0.0420616	-8251.17
645	0.0420616	-8318.31
646	0.0420616	-8299.51
647	0.0420616	-8343.83
648	0.0420616	-8362.23
649	0.0420616	-8329.19
650	0.0420616	-8471.14
651	0.0420616	-8365.85
652	0.0420616	-8352.14
653	0.0420616	-8352.21
654	0.0420616	-8382.53
655	0.0420616	-8334.21
656	0.0420616	-8310.62
657	0.0420616	-8377.49
658	0.0420616	-8381.48
659	0.0420616	-8409.47
660	0.0420616	-8449.82
661	0.0420616	-8535.6
662	0.0420616	-8505.2
663	0.0420616	-8482.37
664	0.0420616	-8550.18
665	0.0420616	-8432.98
666	0.0420616	-8435.55
667	0.0420616	-8449.17
668	0.0420616	-8487.31
669	0.0420616	-8505.04
670	0.0420616	-8412.88
671	0.0420616	-8422.1
672	0.0420616	-8511.04
673	0.0420616	-8417.2
674	0.0420616	-8477.86
675	0.0420616	-8526.58
676	0.0420616	-8497.6
677	0.0420616	-8521.04
678	0.0420616	-8622.43
679	0.0420616	-8451.07
680	0.0420616	-8400.06
681	0.0420616	-8333.35
682	0.0420616	-8311.54
683	0.0420616	-8318.55
684	0.0420616	-8331.32
685	0.0420616	-8339.47
686	0.0420616	-8424.17
687	0.0420616	-8403.6
688	0.0420616	-8314.29
689	0.0420616	-8275.73
690	0.0420616	-8314.14
691	0.0420616	-8341.02
692	0.0420616	-8514.75
693	0.0420616	-8464.05
694	0.0420616	-8536.89
695	0.0420616	-8426.5
696	0.0420616	-8394.71
697	0.0420616	-8319.89
698	0.0420616	-8241.68
699	0.0420616	-8354.73
700	0.0420616	-8308.15
701	0.0420616	-8294.58
702	0.0420616	-8485.25
703	0.0420616	-8439.53
704	0.0420616	-8373.18
705	0.0420616	-8364.7
706	0.0420616	-8473.35
707	0.0420616	-8375.73
708	0.0420616	-8415.8
709	0.0420616	-8396.71
710	0.0420616	-8395.29
711	0.0420616	-8426.17
712	0.0420616	-8291.13
713	0.0420616	-8333.71
714	0.0420616	-8388.49
715	0.0420616	-8241.91
716	0.0420616	-8385.14
717	0.0420616	-8221.22
718	0.0420616	-8335.28
719	0.0420616	-8457
720	0.0420616	-8334.61
721	0.0420616	-8241.84
722	0.0420616	-8333.28
723	0.0420616	-8381.43
724	0.0420616	-8338.22
725	0.0420616	-8440.45
726	0.0420616	-8407.7
727	0.0420616	-8591.88
728	0.0420616	-8681.45
729	0.0420616	-8537.62
730	0.0420616	-8437.74
731	0.0420616	-8543.88
732	0.0420616	-8329.94
733	0.0420616	-8271.22
734	0.0420616	-8308.77
735	0.0420616	-8328.98
736	0.0420616	-8271.24
737	0.0420616	-8277.54
738	0.0420616	-8347.8
739	0.0420616	-8275.08
740	0.0420616	-8239.29
741	0.0420616	-8237.61
742	0.0420616	-8380.41
743	0.0420616	-8384.89
744	0.0420616	-8360.43
745	0.0420616	-8323.15
746	0.0420616	-8437.93
747	0.0420616	-8341.89
748	0.0420616	-8326.3
749	0.0420616	-8537.85
750	0.0420616	-8391.97
751	0.0420616	-8372.98
752	0.0420616	-8304.65
753	0.0420616	-8405.31
754	0.0420616	-8289.87
755	0.0420616	-8344.06
756	0.0420616	-8403.24
757	0.0420616	-8421.36
758	0.0420616	-8333.42
759	0.0420616	-8368.92
760	0.0420616	-8545.54
761	0.0420616	-8507.21
762	0.0420616	-8340.48
763	0.0420616	-8374.4
764	0.0420616	-8394.67
765	0.0420616	-8457.48
766	0.0420616	-8484.5
767	0.0420616	-8409.9
768	0.0420616	-8337.88
769	0.0420616	-8413.97
770	0.0420616	-8378.83
771	0.0420616	-8395.72
772	0.0420616	-8329.8
773	0.0420616	-8442.28
774	0.0420616	-8330.16
775	0.0420616	-8488.6
776	0.0420616	-8483.36
777	0.0420616	-8342.74
778	0.0420616	-8394.49
779	0.0420616	-8446.85
780	0.0420616	-8384.88
781	0.0420616	-8424.35
782	0.0420616	-8386.94
783	0.0420616	-8330.69
784	0.0420616	-8207.74
785	0.0420616	-8307.88
786	0.0420616	-8342.49
787	0.0420616	-8321.63
788	0.0420616	-8511.51
789	0.0420616	-8352.09
790	0.0420616	-8353
791	0.0420616	-8327.75
792	0.0420616	-8315.54
793	0.0420616	-8332.56
794	0.0420616	-8345.47
795	0.0420616	-8350.37
796	0.0420616	-8307.22
797	0.0420616	-8383.96
798	0.0420616	-8328.69
799	0.0420616	-8346.28
800	0.0420616	-8316.42
801	0.0420616	-8423.48
802	0.0420616	-8413.67
803	0.0420616	-8381.21
804	0.0420616	-8384.4
805	0.0420616	-8316.24
806	0.0420616	-8287.1
807	0.0420616	-8399.55
808	0.0420616	-8403.34
809	0.0420616	-8393.67
810	0.0420616	-8429.89
811	0.0420616	-8437.1
812	0.0420616	-8291.59
813	0.0420616	-8425.72
814	0.0420616	-8321.73
815	0.0420616	-8304.82
816	0.0420616	-8263.44
817	0.0420616	-8298.2
818	0.0420616	-8279.78
819	0.0420616	-8192.29
820	0.0420616	-8256.26
821	0.0420616	-8278.38
822	0.0420616	-8278.4
823	0.0420616	-8436.79
824	0.0420616	-8304.95
825	0.0420616	-8345.55
826	0.0420616	-8554.31
827	0.0420616	-8503.09
828	0.0420616	-8552.44
829	0.0420616	-8379.42
830	0.0420616	-8414.13
831	0.0420616	-8338.07
832	0.0420616	-8346.28
833	0.0420616	-8357.95
834	0.0420616	-8324.88
835	0.0420616	-8367.96
836	0.0420616	-8298.41
837	0.0420616	-8346.74
838	0.0420616	-8386.97
839	0.0420616	-8357.3
840	0.0420616	-8491.65
841	0.0420616	-8521.13
842	0.0420616	-8410.81
843	0.0420616	-8324.03
844	0.0420616	-8415.48
845	0.0420616	-8424.87
846	0.0420616	-8471.52
847	0.0420616	-8443.94
848	0.0420616	-8423.89
849	0.0420616	-8451.56
850	0.0420616	-8445.36
851	0.0420616	-8390.49
852	0.0420616	-8457.74
853	0.0420616	-8517.86
854	0.0420616	-8605.63
855	0.0420616	-8563.86
856	0.0420616	-8551.01
857	0.0420616	-8786
858	0.0420616	-8531.43
859	0.0420616	-8672.09
860	0.0420616	-8597.63
861	0.0420616	-8622.73
862	0.0420616	-8544.8
863	0.0420616	-8485.11
864	0.0420616	-8490.01
865	0.0420616	-8453.74
866	0.0420616	-8377.99
867	0.0420616	-8304.41
868	0.0420616	-8274.67
869	0.0420616	-8248.98
870	0.0420616	-8404.21
871	0.0420616	-8605.15
872	0.0420616	-8545.22
873	0.0420616	-8454.65
874	0.0420616	-8345.82
875	0.0420616	-8384.07
876	0.0420616	-8425.06
877	0.0420616	-8523.8
878	0.0420616	-8629.33
879	0.0420616	-8509.98
880	0.0420616	-8472.27
881	0.0420616	-8359
882	0.0420616	-8279.32
883	0.0420616	-8396.01
884	0.0420616	-8439.41
885	0.0420616	-8396.31
886	0.0420616	-8388.94
887	0.0420616	-8336.74
888	0.0420616	-8331.59
889	0.0420616	-8365.05
890	0.0420616	-8427.26
891	0.0420616	-8406.24
892	0.0420616	-8358.61
893	0.0420616	-8310.33
894	0.0420616	-8360.4
895	0.0420616	-8286.06
896	0.0420616	-8227.19
897	0.0420616	-8324.25
898	0.0420616	-8417.8
899	0.0420616	-8437.86
900	0.0420616	-8423.43
901	0.0420616	-8366.39
902	0.0420616	-8338.15
903	0.0420616	-8272.5
904	0.0420616	-8413.86
905	0.0420616	-8545.04
906	0.0420616	-8380.35
907	0.0420616	-8353.24
908	0.0420616	-8320.92
909	0.0420616	-8318.5
910	0.0420616	-8291.41
911	0.0420616	-8397.03
912	0.0420616	-8625.91
913	0.0420616	-8570.44
914	0.0420616	-8449.97
915	0.0420616	-8225
916	0.0420616	-8167.49
917	0.0420616	-8156.54
918	0.0420616	-8283.47
919	0.0420616	-8375.4
920	0.0420616	-8454.62
921	0.0420616	-8426.35
922	0.0420616	-8429.56
923	0.0420616	-8390.26
924	0.0420616	-8264.02
925	0.0420616	-8365.63
926	0.0420616	-8491.9
927	0.0420616	-8394.17
928	0.0420616	-8453.28
929	0.0420616	-8682.91
930	0.0420616	-8598.27
931	0.0420616	-8693.17
932	0.0420616	-8502.09
933	0.0420616	-8457.12
934	0.0420616	-8329.8
935	0.0420616	-8528.38
936	0.0420616	-8350.12
937	0.0420616	-8520.62
938	0.0420616	-8369.86
939	0.0420616	-8432.32
940	0.0420616	-8391.61
941	0.0420616	-8389.02
942	0.0420616	-8381.93
943	0.0420616	-8426.37
944	0.0420616	-8361.22
945	0.0420616	-8399.38
946	0.0420616	-8413.71
947	0.0420616	-8429.08
948	0.0420616	-8457.94
949	0.0420616	-8389.29
950	0.0420616	-8362.8
951	0.0420616	-8273.11
952	0.0420616	-8337.45
953	0.0420616	-8270.49
954	0.0420616	-8271.61
955	0.0420616	-8262.19
956	0.0420616	-8391.26
957	0.0420616	-8337.79
958	0.0420616	-8287.38
959	0.0420616	-8412.97
960	0.0420616	-8349.31
961	0.0420616	-8366.19
962	0.0420616	-8304.61
963	0.0420616	-8237.26
964	0.0420616	-8273.97
965	0.0420616	-8411.88
966	0.0420616	-8332.7
967	0.0420616	-8420.3
968	0.0420616	-8404.68
969	0.0420616	-8394.96
970	0.0420616	-8393.75
971	0.0420616	-8298.77
972	0.0420616	-8210.02
973	0.0420616	-8225.4
974	0.0420616	-8344.49
975	0.0420616	-8256.01
976	0.0420616	-8349.69
977	0.0420616	-8350.29
978	0.0420616	-8562.12
979	0.0420616	-8378.64
980	0.0420616	-8339.49
981	0.0420616	-8421.44
982	0.0420616	-8343.66
983	0.0420616	-8460.72
984	0.0420616	-8498.94
985	0.0420616	-8544.81
986	0.0420616	-8474.56
987	0.0420616	-8453.19
988	0.0420616	-8334.18
989	0.0420616	-8363.66
990	0.0420616	-8434.39
991	0.0420616	-8363.69
992	0.0420616	-8268.5
993	0.0420616	-8321.65
994	0.0420616	-8289.91
995	0.0420616	-8346.48
996	0.0420616	-8392.62
997	0.0420616	-8319.5
998	0.0420616	-8373.7
999	0.0420616	-8320.5
1000	0.0420616	-8293.05
251	0.0345716	-8523.74
252	0.0345716	-8578.94
253	0.0345716	-8666.92
254	0.0345716	-8360.98
255	0.0345716	-8305.59
256	0.0345716	-8430.55
257	0.0345716	-8420.75
258	0.0345716	-8366.26
259	0.0345716	-8272.06
260	0.0345716	-8452.62
261	0.0345716	-8630.12
262	0.0345716	-8591.83
263	0.0345716	-8456.07
264	0.0345716	-8487.9
265	0.0345716	-8632.93
266	0.0345716	-8518.43
267	0.0345716	-8580.74
268	0.0345716	-8760.69
269	0.0345716	-8682.47
270	0.0345716	-8614.34
271	0.0345716	-8761.52
272	0.0345716	-8574.61
273	0.0345716	-8596.35
274	0.0345716	-8355.09
275	0.0345716	-8650.26
276	0.0345716	-8396.46
277	0.0345716	-8449.15
278	0.0345716	-8372.54
279	0.0345716	-8546.91
280	0.0345716	-8517.33
281	0.0345716	-8349.55
282	0.0345716	-8493.88
283	0.0345716	-8360.69
284	0.0345716	-8288.28
285	0.0345716	-8341.46
286	0.0345716	-8425.3
287	0.0345716	-8521.93
288	0.0345716	-8681.28
289	0.0345716	-8546.49
290	0.0345716	-8625.42
291	0.0345716	-8584.1
292	0.0345716	-8447.34
293	0.0345716	-8329.68
294	0.0345716	-8522.96
295	0.0345716	-8545.67
296	0.0345716	-8407.53
297	0.0345716	-8478.05
298	0.0345716	-8456.9
299	0.0345716	-8539.04
300	0.0345716	-8395.77
301	0.0345716	-8412.13
302	0.0345716	-8393.39
303	0.0345716	-8356.56
304	0.0345716	-8418.6
305	0.0345716	-8431.31
306	0.0345716	-8419.44
307	0.0345716	-8528.99
308	0.0345716	-8512.93
309	0.0345716	-8650.63
310	0.0345716	-8399.47
311	0.0345716	-8415.33
312	0.0345716	-8602.06
313	0.0345716	-8507.22
314	0.0345716	-8577.07
315	0.0345716	-8491.42
316	0.0345716	-8314.18
317	0.0345716	-8219.12
318	0.0345716	-8370.46
319	0.0345716	-8429.35
320	0.0345716	-8412.8
321	0.0345716	-8632.43
322	0.0345716	-8381.6
323	0.0345716	-8508.89
324	0.0345716	-8554.16
325	0.0345716	-8606.43
326	0.0345716	-8452.74
327	0.0345716	-8332.26
328	0.0345716	-8496.81
329	0.0345716	-8500.25
330	0.0345716	-8534.06
331	0.0345716	-8508.38
332	0.0345716	-8419.19
333	0.0345716	-8459.54
334	0.0345716	-8328.59
335	0.0345716	-8364.9
336	0.0345716	-8370.57
337	0.0345716	-8452.62
338	0.0345716	-8283.34
339	0.0345716	-8396.94
340	0.0345716	-8365.59
341	0.0345716	-8342.8
342	0.0345716	-8513.94
343	0.0345716	-8360.55
344	0.0345716	-8387.94
345	0.0345716	-8501.22
346	0.0345716	-8510.94
347	0.0345716	-8409.13
348	0.0345716	-8491.42
349	0.0345716	-8409.68
350	0.0345716	-8284.54
351	0.0345716	-8353.33
352	0.0345716	-8175.17
353	0.0345716	-8442.57
354	0.0345716	-8420.16
355	0.0345716	-8490.88
356	0.0345716	-8495.69
357	0.0345716	-8599.49
358	0.0345716	-8329.29
359	0.0345716	-8368.84
360	0.0345716	-8419.69
361	0.0345716	-8350.26
362	0.0345716	-8290.55
363	0.0345716	-8440.65
364	0.0345716	-8580.29
365	0.0345716	-8578.84
366	0.0345716	-8704.2
367	0.0345716	-8678.91
368	0.0345716	-8370.01
369	0.0345716	-8455.05
370	0.0345716	-8643.68
371	0.0345716	-8649.28
372	0.0345716	-8462.08
373	0.0345716	-8568.26
374	0.0345716	-8585.11
375	0.0345716	-8544.92
376	0.0345716	-8567.6
377	0.0345716	-8404.83
378	0.0345716	-8319.9
379	0.0345716	-8359.71
380	0.0345716	-8419.2
381	0.0345716	-8726.02
382	0.0345716	-8614.17
383	0.0345716	-8586.85
384	0.0345716	-8710.35
385	0.0345716	-8488.25
386	0.0345716	-8552.54
387	0.0345716	-8560.29
388	0.0345716	-8628.5
389	0.0345716	-8609.47
390	0.0345716	-8560
391	0.0345716	-8385.77
392	0.0345716	-8436.61
393	0.0345716	-8439.57
394	0.0345716	-8454.53
395	0.0345716	-8596.83
396	0.0345716	-8436.41
397	0.0345716	-8535.36
398	0.0345716	-8514.8
399	0.0345716	-8409.43
400	0.0345716	-8331.88
401	0.0345716	-8347.05
402	0.0345716	-8410.67
403	0.0345716	-8456.67
404	0.0345716	-8419.14
405	0.0345716	-8476.91
406	0.0345716	-8401.89
407	0.0345716	-8568.04
408	0.0345716	-8439.35
409	0.0345716	-8383.89
410	0.0345716	-8335.93
411	0.0345716	-8402.55
412	0.0345716	-8346.96
413	0.0345716	-8527.68
414	0.0345716	-8520.06
415	0.0345716	-8506.15
416	0.0345716	-8381.23
417	0.0345716	-8469.63
418	0.0345716	-8396.55
419	0.0345716	-8631.52
420	0.0345716	-8556.45
421	0.0345716	-8644.2
422	0.0345716	-8592.65
423	0.0345716	-8613.54
424	0.0345716	-8392.93
425	0.0345716	-8419.32
426	0.0345716	-8434.1
427	0.0345716	-8328.62
428	0.0345716	-8315.73
429	0.0345716	-8420.38
430	0.0345716	-8404.84
431	0.0345716	-8436.9
432	0.0345716	-8213.5
433	0.0345716	-8400.33
434	0.0345716	-8434.85
435	0.0345716	-8406.73
436	0.0345716	-8506.22
437	0.0345716	-8364.05
438	0.0345716	-8354.06
439	0.0345716	-8460.73
440	0.0345716	-8344.7
441	0.0345716	-8427.86
442	0.0345716	-8462.23
443	0.0345716	-8547.62
444	0.0345716	-8520.36
445	0.0345716	-8565.21
446	0.0345716	-8620.94
447	0.0345716	-8337.75
448	0.0345716	-8539.7
449	0.0345716	-8560.44
450	0.0345716	-8472.75
451	0.0345716	-8482.13
452	0.0345716	-8457.07
453	0.0345716	-8453.21
454	0.0345716	-8410.57
455	0.0345716	-8397.9
456	0.0345716	-8410.18
457	0.0345716	-8327.3
458	0.0345716	-8482.11
459	0.0345716	-8480.02
460	0.0345716	-8587.66
461	0.0345716	-8528.73
462	0.0345716	-8350.09
463	0.0345716	-8505.87
464	0.0345716	-8535.82
465	0.0345716	-8554.96
466	0.0345716	-8430.47
467	0.0345716	-8290.99
468	0.0345716	-8228.4
469	0.0345716	-8287.9
470	0.0345716	-8396.4
471	0.0345716	-8382.02
472	0.0345716	-8270.34
473	0.0345716	-8535.77
474	0.0345716	-8589.35
475	0.0345716	-8500.93
476	0.0345716	-8545.77
477	0.0345716	-8470.07
478	0.0345716	-8365.94
479	0.0345716	-8444.34
480	0.0345716	-8655.85
481	0.0345716	-8461.14
482	0.0345716	-8340.43
483	0.0345716	-8474.75
484	0.0345716	-8414.14
485	0.0345716	-8455.53
486	0.0345716	-8349.46
487	0.0345716	-8586.76
488	0.0345716	-8417.84
489	0.0345716	-8260.89
490	0.0345716	-8435.8
491	0.0345716	-8530.95
492	0.0345716	-8463.06
493	0.0345716	-8377.14
494	0.0345716	-8532.15
495	0.0345716	-8414.35
496	0.0345716	-8413.16
497	0.0345716	-8489.14
498	0.0345716	-8577.91
499	0.0345716	-8478.41
500	0.0345716	-8401.03
501	0.0345716	-8311.63
502	0.0345716	-8320.43
503	0.0345716	-8444.11
504	0.0345716	-8366.25
505	0.0345716	-8529.74
506	0.0345716	-8478.05
507	0.0345716	-8635.21
508	0.0345716	-8604.18
509	0.0345716	-8722.5
510	0.0345716	-8362.39
511	0.0345716	-8392.37
512	0.0345716	-8505.78
513	0.0345716	-8528.97
514	0.0345716	-8446
515	0.0345716	-8460.79
516	0.0345716	-8458.63
517	0.0345716	-8472.36
518	0.0345716	-8510.62
519	0.0345716	-8635.42
520	0.0345716	-8557.66
521	0.0345716	-8622.51
522	0.0345716	-8372.57
523	0.0345716	-8402.47
524	0.0345716	-8386.78
525	0.0345716	-8496.61
526	0.0345716	-8658.06
527	0.0345716	-8455.77
528	0.0345716	-8500.18
529	0.0345716	-8474.96
530	0.0345716	-8594.59
531	0.0345716	-8563.71
532	0.0345716	-8570.98
533	0.0345716	-8621.28
534	0.0345716	-8594.3
535	0.0345716	-8519.51
536	0.0345716	-8502.68
537	0.0345716	-8399.43
538	0.0345716	-8329.25
539	0.0345716	-8513.33
540	0.0345716	-8406.59
541	0.0345716	-8560.24
542	0.0345716	-8343.15
543	0.0345716	-8284.07
544	0.0345716	-8402.7
545	0.0345716	-8459.19
546	0.0345716	-8345.52
547	0.0345716	-8389.41
548	0.0345716	-8245.39
549	0.0345716	-8328.63
550	0.0345716	-8472.82
551	0.0345716	-8329.44
552	0.0345716	-8459.4
553	0.0345716	-8429.13
554	0.0345716	-8480.87
555	0.0345716	-8313.26
556	0.0345716	-8458.35
557	0.0345716	-8431.52
558	0.0345716	-8308.88
559	0.0345716	-8424.97
560	0.0345716	-8308.41
561	0.0345716	-8266.8
562	0.0345716	-8357.63
563	0.0345716	-8666.51
564	0.0345716	-8562.93
565	0.0345716	-8532.72
566	0.0345716	-8595.62
567	0.0345716	-8537.04
568	0.0345716	-8536.77
569	0.0345716	-8571.02
570	0.0345716	-8495.82
571	0.0345716	-8439.62
572	0.0345716	-8501.08
573	0.0345716	-8514.15
574	0.0345716	-8566.75
575	0.0345716	-8531.55
576	0.0345716	-8610.86
577	0.0345716	-8331.44
578	0.0345716	-8396.55
579	0.0345716	-8394.12
580	0.0345716	-8314.61
581	0.0345716	-8600.86
582	0.0345716	-8466.84
583	0.0345716	-8405.14
584	0.0345716	-8414.57
585	0.0345716	-8546.48
586	0.0345716	-8459.08
587	0.0345716	-8437.82
588	0.0345716	-8537.62
589	0.0345716	-8504.13
590	0.0345716	-8445.94
591	0.0345716	-8503.22
592	0.0345716	-8365.63
593	0.0345716	-8499.44
594	0.0345716	-8567.01
595	0.0345716	-8529.97
596	0.0345716	-8717.59
597	0.0345716	-8366.64
598	0.0345716	-8425.12
599	0.0345716	-8535.85
600	0.0345716	-8498.79
601	0.0345716	-8422.35
602	0.0345716	-8520.81
603	0.0345716	-8533.25
604	0.0345716	-8410.67
605	0.0345716	-8401.61
606	0.0345716	-8719.35
607	0.0345716	-8396.37
608	0.0345716	-8479
609	0.0345716	-8487.74
610	0.0345716	-8405.73
611	0.0345716	-8446.99
612	0.0345716	-8418.44
613	0.0345716	-8393.14
614	0.0345716	-8451.36
615	0.0345716	-8563.77
616	0.0345716	-8431.42
617	0.0345716	-8405.88
618	0.0345716	-8376.16
619	0.0345716	-8325.81
620	0.0345716	-8234.56
621	0.0345716	-8351.35
622	0.0345716	-8366.78
623	0.0345716	-8518.37
624	0.0345716	-8404.26
625	0.0345716	-8506.53
626	0.0345716	-8625.67
627	0.0345716	-8629.04
628	0.0345716	-8358.2
629	0.0345716	-8444.75
630	0.0345716	-8355.12
631	0.0345716	-8316.97
632	0.0345716	-8321.66
633	0.0345716	-8431.52
634	0.0345716	-8592.14
635	0.0345716	-8321.33
636	0.0345716	-8518.31
637	0.0345716	-8604
638	0.0345716	-8339.28
639	0.0345716	-8384.69
640	0.0345716	-8399.66
641	0.0345716	-8470.14
642	0.0345716	-8393.43
643	0.0345716	-8359.61
644	0.0345716	-8399.39
645	0.0345716	-8507.86
646	0.0345716	-8246.94
647	0.0345716	-8359.91
648	0.0345716	-8402.14
649	0.0345716	-8399.67
650	0.0345716	-8343
651	0.0345716	-8625.01
652	0.0345716	-8629.1
653	0.0345716	-8506.74
654	0.0345716	-8277.64
655	0.0345716	-8422.02
656	0.0345716	-8435.36
657	0.0345716	-8332.08
658	0.0345716	-8276.47
659	0.0345716	-8356.88
660	0.0345716	-8500.69
661	0.0345716	-8391.32
662	0.0345716	-8393.13
663	0.0345716	-8425.81
664	0.0345716	-8355.93
665	0.0345716	-8314.25
666	0.0345716	-8390.92
667	0.0345716	-8354.42
668	0.0345716	-8507.35
669	0.0345716	-8564.27
670	0.0345716	-8619.22
671	0.0345716	-8514.16
672	0.0345716	-8610.22
673	0.0345716	-8569.73
674	0.0345716	-8593.58
675	0.0345716	-8475.49
676	0.0345716	-8417.98
677	0.0345716	-8519.09
678	0.0345716	-8302.21
679	0.0345716	-8432.3
680	0.0345716	-8426.66
681	0.0345716	-8458.77
682	0.0345716	-8460.24
683	0.0345716	-8463
684	0.0345716	-8299.61
685	0.0345716	-8334.18
686	0.0345716	-8315.63
687	0.0345716	-8417.72
688	0.0345716	-8502.41
689	0.0345716	-8493.83
690	0.0345716	-8440.45
691	0.0345716	-8467.94
692	0.0345716	-8436.18
693	0.0345716	-8366.88
694	0.0345716	-8383.82
695	0.0345716	-8370.45
696	0.0345716	-8410.28
697	0.0345716	-8308.63
698	0.0345716	-8244.01
699	0.0345716	-8447.04
700	0.0345716	-8437.94
701	0.0345716	-8406.64
702	0.0345716	-8349.01
703	0.0345716	-8381.74
704	0.0345716	-8516.21
705	0.0345716	-8542.83
706	0.0345716	-8489.44
707	0.0345716	-8607.36
708	0.0345716	-8417.06
709	0.0345716	-8655.8
710	0.0345716	-8642.94
711	0.0345716	-8550.07
712	0.0345716	-8406.79
713	0.0345716	-8520.82
714	0.0345716	-8508.49
715	0.0345716	-8667.26
716	0.0345716	-8678.12
717	0.0345716	-8723.52
718	0.0345716	-8755.24
719	0.0345716	-8715.03
720	0.0345716	-8750.57
721	0.0345716	-8627.07
722	0.0345716	-8598.38
723	0.0345716	-8552.17
724	0.0345716	-8552.6
725	0.0345716	-8588.92
726	0.0345716	-8513.89
727	0.0345716	-8606.1
728	0.0345716	-8403.66
729	0.0345716	-8355.48
730	0.0345716	-8432.29
731	0.0345716	-8447.63
732	0.0345716	-8451.83
733	0.0345716	-8420.4
734	0.0345716	-8503.92
735	0.0345716	-8392.09
736	0.0345716	-8570.79
737	0.0345716	-8723.94
738	0.0345716	-8828.03
739	0.0345716	-8658.31
740	0.0345716	-8501.37
741	0.0345716	-8520.88
742	0.0345716	-8325.06
743	0.0345716	-8349.91
744	0.0345716	-8652.78
745	0.0345716	-8495.73
746	0.0345716	-8356.07
747	0.0345716	-8482.72
748	0.0345716	-8485.29
749	0.0345716	-8599.32
750	0.0345716	-8422.34
751	0.0345716	-8368.94
752	0.0345716	-8360.25
753	0.0345716	-8425.44
754	0.0345716	-8324.25
755	0.0345716	-8434.76
756	0.0345716	-8375.55
757	0.0345716	-8421.61
758	0.0345716	-8646.14
759	0.0345716	-8658.39
760	0.0345716	-8582.03
761	0.0345716	-8583.41
762	0.0345716	-8450.53
763	0.0345716	-8560.6
764	0.0345716	-8619.79
765	0.0345716	-8633.41
766	0.0345716	-8462.11
767	0.0345716	-8597.11
768	0.0345716	-8447.38
769	0.0345716	-8517.7
770	0.0345716	-8461.66
771	0.0345716	-8473.18
772	0.0345716	-8619.08
773	0.0345716	-8529.12
774	0.0345716	-8429.79
775	0.0345716	-8594.73
776	0.0345716	-8355.26
777	0.0345716	-8330.96
778	0.0345716	-8261.72
779	0.0345716	-8441.65
780	0.0345716	-8453.59
781	0.0345716	-8399.66
782	0.0345716	-8530.12
783	0.0345716	-8324.37
784	0.0345716	-8375.11
785	0.0345716	-8643.1
786	0.0345716	-8444.02
787	0.0345716	-8438.84
788	0.0345716	-8315.07
789	0.0345716	-8345.78
790	0.0345716	-8420.86
791	0.0345716	-8511.29
792	0.0345716	-8347.86
793	0.0345716	-8407.82
794	0.0345716	-8494.03
795	0.0345716	-8601.89
796	0.0345716	-8337.31
797	0.0345716	-8380.99
798	0.0345716	-8405.58
799	0.0345716	-8277.93
800	0.0345716	-8337.35
801	0.0345716	-8376.35
802	0.0345716	-8439.1
803	0.0345716	-8455.51
804	0.0345716	-8413.79
805	0.0345716	-8361.73
806	0.0345716	-8331.69
807	0.0345716	-8494.04
808	0.0345716	-8470.64
809	0.0345716	-8518.05
810	0.0345716	-8420.27
811	0.0345716	-8438.97
812	0.0345716	-8380.11
813	0.0345716	-8659.67
814	0.0345716	-8445.84
815	0.0345716	-8427.41
816	0.0345716	-8375.97
817	0.0345716	-8508.4
818	0.0345716	-8486.62
819	0.0345716	-8513.36
820	0.0345716	-8458.07
821	0.0345716	-8493.51
822	0.0345716	-8567.5
823	0.0345716	-8656.39
824	0.0345716	-8802.19
825	0.0345716	-8494.85
826	0.0345716	-8510.91
827	0.0345716	-8366.31
828	0.0345716	-8355.3
829	0.0345716	-8421.61
830	0.0345716	-8568.86
831	0.0345716	-8718.1
832	0.0345716	-8377.04
833	0.0345716	-8413.27
834	0.0345716	-8303
835	0.0345716	-8513.11
836	0.0345716	-8434.44
837	0.0345716	-8555.11
838	0.0345716	-8467.19
839	0.0345716	-8488.74
840	0.0345716	-8566.68
841	0.0345716	-8639.69
842	0.0345716	-8425.11
843	0.0345716	-8312.67
844	0.0345716	-8458.38
845	0.0345716	-8366.39
846	0.0345716	-8484.75
847	0.0345716	-8420.48
848	0.0345716	-8489.47
849	0.0345716	-8576.92
850	0.0345716	-8505.14
851	0.0345716	-8375.82
852	0.0345716	-8425.34
853	0.0345716	-8363.05
854	0.0345716	-8476.87
855	0.0345716	-8454.15
856	0.0345716	-8403.77
857	0.0345716	-8426.39
858	0.0345716	-8404.86
859	0.0345716	-8360.89
860	0.0345716	-8371.41
861	0.0345716	-8370.8
862	0.0345716	-8395.77
863	0.0345716	-8610.24
864	0.0345716	-8373.67
865	0.0345716	-8458.51
866	0.0345716	-8351.88
867	0.0345716	-8429.1
868	0.0345716	-8380.25
869	0.0345716	-8386.24
870	0.0345716	-8495.77
871	0.0345716	-8488.64
872	0.0345716	-8337.77
873	0.0345716	-8264.35
874	0.0345716	-8526.82
875	0.0345716	-8518.74
876	0.0345716	-8549.51
877	0.0345716	-8402.11
878	0.0345716	-8439.15
879	0.0345716	-8412.32
880	0.0345716	-8358.72
881	0.0345716	-8342.3
882	0.0345716	-8394.89
883	0.0345716	-8434.46
884	0.0345716	-8767.68
885	0.0345716	-8581
886	0.0345716	-8447.99
887	0.0345716	-8603.01
888	0.0345716	-8387.64
889	0.0345716	-8458.53
890	0.0345716	-8464.6
891	0.0345716	-8489.5
892	0.0345716	-8367.81
893	0.0345716	-8303.95
894	0.0345716	-8310.25
895	0.0345716	-8350.82
896	0.0345716	-8552.22
897	0.0345716	-8560.28
898	0.0345716	-8630.02
899	0.0345716	-8584.7
900	0.0345716	-8414.58
901	0.0345716	-8414.62
902	0.0345716	-8573.91
903	0.0345716	-8555.65
904	0.0345716	-8498.15
905	0.0345716	-8412.79
906	0.0345716	-8370.83
907	0.0345716	-8378.37
908	0.0345716	-8556.35
909	0.0345716	-8359.91
910	0.0345716	-8418.94
911	0.0345716	-8449.03
912	0.0345716	-8476.76
913	0.0345716	-8446.68
914	0.0345716	-8337.7
915	0.0345716	-8429.67
916	0.0345716	-8447.39
917	0.0345716	-8380.77
918	0.0345716	-8445.14
919	0.0345716	-8549.55
920	0.0345716	-8329.94
921	0.0345716	-8390.29
922	0.0345716	-8542.29
923	0.0345716	-8494.36
924	0.0345716	-8470.01
925	0.0345716	-8485.88
926	0.0345716	-8405.64
927	0.0345716	-8371.99
928	0.0345716	-8458.1
929	0.0345716	-8544.7
930	0.0345716	-8390.83
931	0.0345716	-8464.67
932	0.0345716	-8443.18
933	0.0345716	-8369.38
934	0.0345716	-8393.49
935	0.0345716	-8374.8
936	0.0345716	-8211.14
937	0.0345716	-8277.07
938	0.0345716	-8466.22
939	0.0345716	-8400.49
940	0.0345716	-8381.37
941	0.0345716	-8245.46
942	0.0345716	-8323.99
943	0.0345716	-8564.59
944	0.0345716	-8378.85
945	0.0345716	-8306.6
946	0.0345716	-8443.85
947	0.0345716	-8504.97
948	0.0345716	-8534.54
949	0.0345716	-8486.33
950	0.0345716	-8493.1
951	0.0345716	-8437.87
952	0.0345716	-8462.11
953	0.0345716	-8424.72
954	0.0345716	-8461.74
955	0.0345716	-8464.85
956	0.0345716	-8438.79
957	0.0345716	-8386.34
958	0.0345716	-8360.64
959	0.0345716	-8468.1
960	0.0345716	-8580.62
961	0.0345716	-8593.17
962	0.0345716	-8406.12
963	0.0345716	-8444.72
964	0.0345716	-8469.21
965	0.0345716	-8664.1
966	0.0345716	-8475.05
967	0.0345716	-8532.31
968	0.0345716	-8477.93
969	0.0345716	-8426.85
970	0.0345716	-8603.08
971	0.0345716	-8496.71
972	0.0345716	-8607.25
973	0.0345716	-8576.81
974	0.0345716	-8433.6
975	0.0345716	-8448.68
976	0.0345716	-8612.47
977	0.0345716	-8488.13
978	0.0345716	-8383.17
979	0.0345716	-8382.68
980	0.0345716	-8310.65
981	0.0345716	-8415.45
982	0.0345716	-8459.42
983	0.0345716	-8378.11
984	0.0345716	-8279.4
985	0.0345716	-8446.06
986	0.0345716	-8368.59
987	0.0345716	-8297.45
988	0.0345716	-8314.26
989	0.0345716	-8542.19
990	0.0345716	-8428.11
991	0.0345716	-8542.2
992	0.0345716	-8477.19
993	0.0345716	-8546.22
994	0.0345716	-8453.16
995	0.0345716	-8513.85
996	0.0345716	-8586.31
997	0.0345716	-8546.53
998	0.0345716	-8503.4
999	0.0345716	-8507.19
1000	0.0345716	-8549
251	0.0281887	-8518.81
252	0.0281887	-8443.25
253	0.0281887	-8537.15
254	0.0281887	-8726.35
255	0.0281887	-8566.63
256	0.0281887	-8475.94
257	0.0281887	-8454.71
258	0.0281887	-8620.27
259	0.0281887	-8553.72
260	0.0281887	-8579.69
261	0.0281887	-8555.21
262	0.0281887	-8554.53
263	0.0281887	-8542.34
264	0.0281887	-8506.33
265	0.0281887	-8619.09
266	0.0281887	-9009.21
267	0.0281887	-8553.51
268	0.0281887	-8726.59
269	0.0281887	-8628.42
270	0.0281887	-8427.24
271	0.0281887	-8565.04
272	0.0281887	-8757.86
273	0.0281887	-8577.8
274	0.0281887	-8497.28
275	0.0281887	-8469.25
276	0.0281887	-8493.53
277	0.0281887	-8705.53
278	0.0281887	-8476.44
279	0.0281887	-8438.87
280	0.0281887	-8523.37
281	0.0281887	-8667.74
282	0.0281887	-8575.01
283	0.0281887	-8676.24
284	0.0281887	-8531.99
285	0.0281887	-8654.25
286	0.0281887	-8652.13
287	0.0281887	-8588.9
288	0.0281887	-8705.88
289	0.0281887	-8825.63
290	0.0281887	-8771.06
291	0.0281887	-8682.85
292	0.0281887	-8813.92
293	0.0281887	-8677.1
294	0.0281887	-8620.28
295	0.0281887	-8761.23
296	0.0281887	-8529.71
297	0.0281887	-8469.17
298	0.0281887	-8561.86
299	0.0281887	-8522.58
300	0.0281887	-8414.06
301	0.0281887	-8459.83
302	0.0281887	-8560.1
303	0.0281887	-8562.13
304	0.0281887	-8486.73
305	0.0281887	-8747.57
306	0.0281887	-8738.46
307	0.0281887	-8465.5
308	0.0281887	-8505.41
309	0.0281887	-8371.51
310	0.0281887	-8479.68
311	0.0281887	-8537.85
312	0.0281887	-8531.51
313	0.0281887	-8476.08
314	0.0281887	-8688.65
315	0.0281887	-8629.11
316	0.0281887	-8555.47
317	0.0281887	-8452.93
318	0.0281887	-8509.66
319	0.0281887	-8617.39
320	0.0281887	-8798.99
321	0.0281887	-8433.3
322	0.0281887	-8516.7
323	0.0281887	-8571.54
324	0.0281887	-8808.42
325	0.0281887	-8988.02
326	0.0281887	-8890.68
327	0.0281887	-8759.79
328	0.0281887	-8562.27
329	0.0281887	-8557.98
330	0.0281887	-8570.47
331	0.0281887	-8646.02
332	0.0281887	-8618.75
333	0.0281887	-8498.96
334	0.0281887	-8630.89
335	0.0281887	-8610.88
336	0.0281887	-8679.07
337	0.0281887	-8582.14
338	0.0281887	-8655.99
339	0.0281887	-8560.28
340	0.0281887	-8435.04
341	0.0281887	-8490.84
342	0.0281887	-8670.63
343	0.0281887	-8695.28
344	0.0281887	-8616.28
345	0.0281887	-8479.24
346	0.0281887	-8481.59
347	0.0281887	-8274.81
348	0.0281887	-8433
349	0.0281887	-8566.28
350	0.0281887	-8551.47
351	0.0281887	-8490.91
352	0.0281887	-8376.61
353	0.0281887	-8370.91
354	0.0281887	-8542.16
355	0.0281887	-8456.48
356	0.0281887	-8407.17
357	0.0281887	-8288.92
358	0.0281887	-8361.1
359	0.0281887	-8420.5
360	0.0281887	-8251.56
361	0.0281887	-8505.9
362	0.0281887	-8568.14
363	0.0281887	-8560.31
364	0.0281887	-8538.7
365	0.0281887	-8982.8
366	0.0281887	-8437.65
367	0.0281887	-8370.17
368	0.0281887	-8465.71
369	0.0281887	-8401.06
370	0.0281887	-8412.16
371	0.0281887	-8455.8
372	0.0281887	-8511.87
373	0.0281887	-8470.06
374	0.0281887	-8548.71
375	0.0281887	-8568.86
376	0.0281887	-8572.28
377	0.0281887	-8432.52
378	0.0281887	-8390.32
379	0.0281887	-8334.45
380	0.0281887	-8490.32
381	0.0281887	-8533.11
382	0.0281887	-8434.33
383	0.0281887	-8420.82
384	0.0281887	-8375.71
385	0.0281887	-8483.87
386	0.0281887	-8785.37
387	0.0281887	-8642.87
388	0.0281887	-8577.92
389	0.0281887	-8611.77
390	0.0281887	-8348.43
391	0.0281887	-8355.69
392	0.0281887	-8497.94
393	0.0281887	-8440.2
394	0.0281887	-8587.54
395	0.0281887	-8406.27
396	0.0281887	-8408.36
397	0.0281887	-8408.47
398	0.0281887	-8688.62
399	0.0281887	-8423.03
400	0.0281887	-8403.11
401	0.0281887	-8494.51
402	0.0281887	-8496.01
403	0.0281887	-8425.21
404	0.0281887	-8643.91
405	0.0281887	-8603.6
406	0.0281887	-8551.34
407	0.0281887	-8549.99
408	0.0281887	-8687.27
409	0.0281887	-8728.56
410	0.0281887	-8806.72
411	0.0281887	-8419.7
412	0.0281887	-8545.08
413	0.0281887	-8577.24
414	0.0281887	-8466.08
415	0.0281887	-8540.65
416	0.0281887	-8442.13
417	0.0281887	-8436.65
418	0.0281887	-8436.85
419	0.0281887	-8468.18
420	0.0281887	-8398.02
421	0.0281887	-8451.58
422	0.0281887	-8569.38
423	0.0281887	-8560.57
424	0.0281887	-8543.06
425	0.0281887	-8438.26
426	0.0281887	-8592.53
427	0.0281887	-8497.11
428	0.0281887	-8624.11
429	0.0281887	-8476.66
430	0.0281887	-8875.74
431	0.0281887	-8760.36
432	0.0281887	-8478.5
433	0.0281887	-8478.8
434	0.0281887	-8514.03
435	0.0281887	-8497.79
436	0.0281887	-8518.47
437	0.0281887	-8643.66
438	0.0281887	-8850.52
439	0.0281887	-8616.4
440	0.0281887	-8589.98
441	0.0281887	-8458.99
442	0.0281887	-8383.27
443	0.0281887	-8296.5
444	0.0281887	-8398.36
445	0.0281887	-8315.54
446	0.0281887	-8468.21
447	0.0281887	-8471.77
448	0.0281887	-8623.05
449	0.0281887	-8412.82
450	0.0281887	-8701.93
451	0.0281887	-8737.14
452	0.0281887	-9150.66
453	0.0281887	-8596.93
454	0.0281887	-8564.92
455	0.0281887	-8564.92
456	0.0281887	-8598.01
457	0.0281887	-8634.15
458	0.0281887	-8619.14
459	0.0281887	-8591.81
460	0.0281887	-8761.42
461	0.0281887	-8557.08
462	0.0281887	-8422.42
463	0.0281887	-8353.18
464	0.0281887	-8589.66
465	0.0281887	-8698.03
466	0.0281887	-8708.17
467	0.0281887	-8433.31
468	0.0281887	-8449.85
469	0.0281887	-8594.88
470	0.0281887	-8360.79
471	0.0281887	-8355.47
472	0.0281887	-8381.07
473	0.0281887	-8359.12
474	0.0281887	-8335.86
475	0.0281887	-8401.62
476	0.0281887	-8342.59
477	0.0281887	-8491.95
478	0.0281887	-8736.09
479	0.0281887	-8662.87
480	0.0281887	-8693.36
481	0.0281887	-8802.54
482	0.0281887	-8660.34
483	0.0281887	-8538.41
484	0.0281887	-8676.37
485	0.0281887	-8715.74
486	0.0281887	-8504.3
487	0.0281887	-8788.83
488	0.0281887	-8522.73
489	0.0281887	-8582.51
490	0.0281887	-8582.02
491	0.0281887	-8576.15
492	0.0281887	-8547.68
493	0.0281887	-8612.38
494	0.0281887	-8656.78
495	0.0281887	-8625.02
496	0.0281887	-8410.32
497	0.0281887	-8557.11
498	0.0281887	-8629.44
499	0.0281887	-8602.95
500	0.0281887	-8533.15
501	0.0281887	-8483.35
502	0.0281887	-8521.61
503	0.0281887	-8632.16
504	0.0281887	-8460.54
505	0.0281887	-8530.72
506	0.0281887	-8704.51
507	0.0281887	-8619.31
508	0.0281887	-8465.12
509	0.0281887	-8660.37
510	0.0281887	-8759.77
511	0.0281887	-8651.77
512	0.0281887	-8473.02
513	0.0281887	-8463.1
514	0.0281887	-8441.31
515	0.0281887	-8465.48
516	0.0281887	-8575
517	0.0281887	-8739.33
518	0.0281887	-8400.86
519	0.0281887	-8479.81
520	0.0281887	-8553.74
521	0.0281887	-8551.53
522	0.0281887	-8573.83
523	0.0281887	-8464.15
524	0.0281887	-8589.77
525	0.0281887	-8442.85
526	0.0281887	-8448.75
527	0.0281887	-8372.59
528	0.0281887	-8325.17
529	0.0281887	-8350.77
530	0.0281887	-8345.6
531	0.0281887	-8590.08
532	0.0281887	-8633.15
533	0.0281887	-8487.96
534	0.0281887	-8566.03
535	0.0281887	-8504.12
536	0.0281887	-8539.53
537	0.0281887	-8659.67
538	0.0281887	-8495.07
539	0.0281887	-8503.49
540	0.0281887	-8622.69
541	0.0281887	-8707.35
542	0.0281887	-8713.81
543	0.0281887	-8647.59
544	0.0281887	-8896.3
545	0.0281887	-8887.14
546	0.0281887	-8871.9
547	0.0281887	-8474.92
548	0.0281887	-8450.98
549	0.0281887	-8513.96
550	0.0281887	-8386.18
551	0.0281887	-8768.34
552	0.0281887	-8460.68
553	0.0281887	-8576.46
554	0.0281887	-8613.87
555	0.0281887	-8614.8
556	0.0281887	-8473.58
557	0.0281887	-8490.34
558	0.0281887	-8543.79
559	0.0281887	-8615.15
560	0.0281887	-8470.58
561	0.0281887	-8347.69
562	0.0281887	-8539.07
563	0.0281887	-8592.32
564	0.0281887	-8632.62
565	0.0281887	-8590.6
566	0.0281887	-8555.63
567	0.0281887	-8580.13
568	0.0281887	-8507.18
569	0.0281887	-8520.5
570	0.0281887	-8517.06
571	0.0281887	-8360.75
572	0.0281887	-8302.97
573	0.0281887	-8363.5
574	0.0281887	-8493.76
575	0.0281887	-8337.78
576	0.0281887	-8559.23
577	0.0281887	-8763.23
578	0.0281887	-8666.3
579	0.0281887	-8471.6
580	0.0281887	-8532.33
581	0.0281887	-8544.93
582	0.0281887	-8630.05
583	0.0281887	-8644.2
584	0.0281887	-8441.87
585	0.0281887	-8524.76
586	0.0281887	-8392.78
587	0.0281887	-8370.99
588	0.0281887	-8467.16
589	0.0281887	-8602.56
590	0.0281887	-8588.73
591	0.0281887	-8518.64
592	0.0281887	-8361.05
593	0.0281887	-8468.17
594	0.0281887	-8602.98
595	0.0281887	-8679.04
596	0.0281887	-8525.39
597	0.0281887	-8537.94
598	0.0281887	-8519.01
599	0.0281887	-8490.15
600	0.0281887	-8521.18
601	0.0281887	-8374.14
602	0.0281887	-8185.14
603	0.0281887	-8263.25
604	0.0281887	-8459.37
605	0.0281887	-8505.36
606	0.0281887	-8638.47
607	0.0281887	-8629.65
608	0.0281887	-8645.13
609	0.0281887	-8420.49
610	0.0281887	-8435.96
611	0.0281887	-8469.45
612	0.0281887	-8744.96
613	0.0281887	-8736.36
614	0.0281887	-8504.2
615	0.0281887	-8657.09
616	0.0281887	-8596.96
617	0.0281887	-8412.86
618	0.0281887	-8374.08
619	0.0281887	-8390.13
620	0.0281887	-8278.72
621	0.0281887	-8582.84
622	0.0281887	-8570.47
623	0.0281887	-8563
624	0.0281887	-8443.79
625	0.0281887	-8515.33
626	0.0281887	-8454.4
627	0.0281887	-8761.65
628	0.0281887	-8679.16
629	0.0281887	-8608.52
630	0.0281887	-8530.47
631	0.0281887	-8393.51
632	0.0281887	-8590.35
633	0.0281887	-8662.73
634	0.0281887	-8577.95
635	0.0281887	-8524.21
636	0.0281887	-8556.93
637	0.0281887	-8372.71
638	0.0281887	-8596.08
639	0.0281887	-8552.23
640	0.0281887	-8578.44
641	0.0281887	-8765.37
642	0.0281887	-8675.2
643	0.0281887	-8729.6
644	0.0281887	-8562.68
645	0.0281887	-8635.34
646	0.0281887	-8698.65
647	0.0281887	-8683.28
648	0.0281887	-8587.53
649	0.0281887	-8517.95
650	0.0281887	-8445.4
651	0.0281887	-8419.28
652	0.0281887	-8605.49
653	0.0281887	-8561.76
654	0.0281887	-8490
655	0.0281887	-8526.83
656	0.0281887	-8702.39
657	0.0281887	-8575.85
658	0.0281887	-8728.06
659	0.0281887	-8650.21
660	0.0281887	-8681.84
661	0.0281887	-8595.77
662	0.0281887	-8586.72
663	0.0281887	-8615.52
664	0.0281887	-8501.06
665	0.0281887	-8494.12
666	0.0281887	-8553.14
667	0.0281887	-8496.29
668	0.0281887	-8378.17
669	0.0281887	-8439.11
670	0.0281887	-8394.17
671	0.0281887	-8616.93
672	0.0281887	-8474.5
673	0.0281887	-8641.05
674	0.0281887	-8601.89
675	0.0281887	-8554.18
676	0.0281887	-8521.37
677	0.0281887	-8423.07
678	0.0281887	-8520.12
679	0.0281887	-8577.15
680	0.0281887	-8469.59
681	0.0281887	-8526.65
682	0.0281887	-8393.21
683	0.0281887	-8547.22
684	0.0281887	-8416.65
685	0.0281887	-8504
686	0.0281887	-8793.84
687	0.0281887	-8712.93
688	0.0281887	-8649.53
689	0.0281887	-8723.3
690	0.0281887	-8855.28
691	0.0281887	-8596.88
692	0.0281887	-8496.14
693	0.0281887	-8445.92
694	0.0281887	-8481.18
695	0.0281887	-8350.53
696	0.0281887	-8435.07
697	0.0281887	-8680.53
698	0.0281887	-8619.15
699	0.0281887	-8660.71
700	0.0281887	-8578.99
701	0.0281887	-8692.34
702	0.0281887	-8644.75
703	0.0281887	-8581.86
704	0.0281887	-8657.88
705	0.0281887	-8689.82
706	0.0281887	-8354.94
707	0.0281887	-8448.22
708	0.0281887	-8380.51
709	0.0281887	-8470.21
710	0.0281887	-8436.8
711	0.0281887	-8327.11
712	0.0281887	-8343.12
713	0.0281887	-8506.46
714	0.0281887	-8515.74
715	0.0281887	-8649.59
716	0.0281887	-8890.04
717	0.0281887	-8950
718	0.0281887	-8615.75
719	0.0281887	-8516.42
720	0.0281887	-8525.15
721	0.0281887	-8607.45
722	0.0281887	-8538.91
723	0.0281887	-8569.92
724	0.0281887	-8692.95
725	0.0281887	-8667.44
726	0.0281887	-8504.96
727	0.0281887	-8520.63
728	0.0281887	-8616.42
729	0.0281887	-8609.21
730	0.0281887	-8465.12
731	0.0281887	-8458.76
732	0.0281887	-8870.02
733	0.0281887	-8640.56
734	0.0281887	-8509
735	0.0281887	-8668.1
736	0.0281887	-8677.59
737	0.0281887	-8314.41
738	0.0281887	-8553.39
739	0.0281887	-8548.32
740	0.0281887	-8766.37
741	0.0281887	-8542.75
742	0.0281887	-8685.19
743	0.0281887	-8330.15
744	0.0281887	-8404.12
745	0.0281887	-8525.31
746	0.0281887	-8631.16
747	0.0281887	-8656.97
748	0.0281887	-8672.87
749	0.0281887	-8373.89
750	0.0281887	-8412.13
751	0.0281887	-8350.72
752	0.0281887	-8527.38
753	0.0281887	-8444.12
754	0.0281887	-8622.66
755	0.0281887	-8505.37
756	0.0281887	-8581.48
757	0.0281887	-8661.4
758	0.0281887	-8556.35
759	0.0281887	-8502.38
760	0.0281887	-8662.22
761	0.0281887	-8833.96
762	0.0281887	-8625.83
763	0.0281887	-8759.94
764	0.0281887	-8459.69
765	0.0281887	-8263.21
766	0.0281887	-8562.29
767	0.0281887	-8575.93
768	0.0281887	-8507.93
769	0.0281887	-8402.66
770	0.0281887	-8662.48
771	0.0281887	-8671.01
772	0.0281887	-8687.81
773	0.0281887	-8454.1
774	0.0281887	-8664.13
775	0.0281887	-8558.09
776	0.0281887	-8744.25
777	0.0281887	-8504.71
778	0.0281887	-8438.03
779	0.0281887	-8483.47
780	0.0281887	-8279.81
781	0.0281887	-8416.95
782	0.0281887	-8377.55
783	0.0281887	-8410.05
784	0.0281887	-8475.1
785	0.0281887	-8338.28
786	0.0281887	-8397.89
787	0.0281887	-8319.25
788	0.0281887	-8423.07
789	0.0281887	-8597.77
790	0.0281887	-8700.12
791	0.0281887	-8887.78
792	0.0281887	-8638.07
793	0.0281887	-8511.07
794	0.0281887	-8649.24
795	0.0281887	-8692.12
796	0.0281887	-8720.15
797	0.0281887	-8475.65
798	0.0281887	-8494.57
799	0.0281887	-8570.17
800	0.0281887	-8454.16
801	0.0281887	-8431.65
802	0.0281887	-8372.81
803	0.0281887	-8369.9
804	0.0281887	-8461.72
805	0.0281887	-8363.4
806	0.0281887	-8389.63
807	0.0281887	-8291.41
808	0.0281887	-8668.92
809	0.0281887	-8483.95
810	0.0281887	-8458.92
811	0.0281887	-8510.47
812	0.0281887	-8499.84
813	0.0281887	-8635.78
814	0.0281887	-8596.42
815	0.0281887	-8660.81
816	0.0281887	-8487.68
817	0.0281887	-8807.66
818	0.0281887	-8716.47
819	0.0281887	-8466.72
820	0.0281887	-8518.5
821	0.0281887	-8723.98
822	0.0281887	-8707.71
823	0.0281887	-8633.52
824	0.0281887	-8676.7
825	0.0281887	-8575.65
826	0.0281887	-8787.84
827	0.0281887	-8629.81
828	0.0281887	-8807.71
829	0.0281887	-8791.68
830	0.0281887	-8730.66
831	0.0281887	-8555.4
832	0.0281887	-8488.3
833	0.0281887	-8447.58
834	0.0281887	-8401.58
835	0.0281887	-8425.64
836	0.0281887	-8482.32
837	0.0281887	-8508.81
838	0.0281887	-8480.27
839	0.0281887	-8608.82
840	0.0281887	-8555.96
841	0.0281887	-8543.95
842	0.0281887	-8545.42
843	0.0281887	-8706.9
844	0.0281887	-8609.06
845	0.0281887	-8592.18
846	0.0281887	-8598.42
847	0.0281887	-8354.65
848	0.0281887	-8439.18
849	0.0281887	-8389.72
850	0.0281887	-8511.46
851	0.0281887	-8515.99
852	0.0281887	-8434.1
853	0.0281887	-8423.19
854	0.0281887	-8481.6
855	0.0281887	-8579.34
856	0.0281887	-8501.15
857	0.0281887	-8521.59
858	0.0281887	-8515.99
859	0.0281887	-8630.89
860	0.0281887	-8716.86
861	0.0281887	-8475.01
862	0.0281887	-8459.22
863	0.0281887	-8542.57
864	0.0281887	-8441.33
865	0.0281887	-8495.06
866	0.0281887	-8593.68
867	0.0281887	-8405.98
868	0.0281887	-8487.34
869	0.0281887	-8599.68
870	0.0281887	-8514.11
871	0.0281887	-8581.27
872	0.0281887	-8599.94
873	0.0281887	-8521.13
874	0.0281887	-8568.49
875	0.0281887	-8612.12
876	0.0281887	-8539.78
877	0.0281887	-8755.68
878	0.0281887	-8727.23
879	0.0281887	-8504.53
880	0.0281887	-8529.25
881	0.0281887	-8792.66
882	0.0281887	-8717.37
883	0.0281887	-8644.94
884	0.0281887	-8587.58
885	0.0281887	-8528.02
886	0.0281887	-8467.61
887	0.0281887	-8548.84
888	0.0281887	-8566.96
889	0.0281887	-8550.48
890	0.0281887	-8493.89
891	0.0281887	-8711.84
892	0.0281887	-8685.76
893	0.0281887	-8449.72
894	0.0281887	-8359.74
895	0.0281887	-8391.48
896	0.0281887	-8405.71
897	0.0281887	-8627.31
898	0.0281887	-8781.26
899	0.0281887	-8714.82
900	0.0281887	-8643.35
901	0.0281887	-8640.19
902	0.0281887	-8498.61
903	0.0281887	-8638.69
904	0.0281887	-8525.97
905	0.0281887	-8690.26
906	0.0281887	-8751.92
907	0.0281887	-8637.01
908	0.0281887	-8597.07
909	0.0281887	-8603.27
910	0.0281887	-8486.28
911	0.0281887	-8610.29
912	0.0281887	-8682.4
913	0.0281887	-8729.12
914	0.0281887	-8690.85
915	0.0281887	-8359.69
916	0.0281887	-8474.35
917	0.0281887	-8411.02
918	0.0281887	-8381.3
919	0.0281887	-8489.77
920	0.0281887	-8634.88
921	0.0281887	-8856.03
922	0.0281887	-8672.6
923	0.0281887	-8674.38
924	0.0281887	-8619.05
925	0.0281887	-8845.78
926	0.0281887	-8859.77
927	0.0281887	-8870.97
928	0.0281887	-8639.77
929	0.0281887	-8451.72
930	0.0281887	-8381.85
931	0.0281887	-8329.01
932	0.0281887	-8352.97
933	0.0281887	-8548.67
934	0.0281887	-8532.47
935	0.0281887	-8612.64
936	0.0281887	-8603.8
937	0.0281887	-8540.24
938	0.0281887	-8599.93
939	0.0281887	-8599.65
940	0.0281887	-8585.29
941	0.0281887	-8786.78
942	0.0281887	-8493.65
943	0.0281887	-8394.32
944	0.0281887	-8391.49
945	0.0281887	-8535.11
946	0.0281887	-8498.11
947	0.0281887	-8566.76
948	0.0281887	-8496.38
949	0.0281887	-8520.97
950	0.0281887	-8571.17
951	0.0281887	-8574.52
952	0.0281887	-8890.05
953	0.0281887	-8607.4
954	0.0281887	-8513.68
955	0.0281887	-8703.12
956	0.0281887	-8626.04
957	0.0281887	-8713.4
958	0.0281887	-8497.88
959	0.0281887	-8645.29
960	0.0281887	-8483.99
961	0.0281887	-8350.65
962	0.0281887	-8533.28
963	0.0281887	-8565.38
964	0.0281887	-8576.24
965	0.0281887	-8474
966	0.0281887	-8423.04
967	0.0281887	-8576.62
968	0.0281887	-8548.71
969	0.0281887	-8658.41
970	0.0281887	-8600.96
971	0.0281887	-8456.88
972	0.0281887	-8606.26
973	0.0281887	-8662.59
974	0.0281887	-8633.16
975	0.0281887	-8766.79
976	0.0281887	-8539.45
977	0.0281887	-8440.24
978	0.0281887	-8523.1
979	0.0281887	-8500.34
980	0.0281887	-8513.99
981	0.0281887	-8365.78
982	0.0281887	-8347.35
983	0.0281887	-8334.71
984	0.0281887	-8357.95
985	0.0281887	-8362.56
986	0.0281887	-8321.79
987	0.0281887	-8673.71
988	0.0281887	-8806.89
989	0.0281887	-8798.1
990	0.0281887	-8692.17
991	0.0281887	-8460.55
992	0.0281887	-8573.67
993	0.0281887	-8580.22
994	0.0281887	-8753.51
995	0.0281887	-8591.65
996	0.0281887	-8664.23
997	0.0281887	-8669.74
998	0.0281887	-8525.95
999	0.0281887	-8405.11
1000	0.0281887	-8624.06
251	0.0227855	-8529.42
252	0.0227855	-8633.6
253	0.0227855	-8688.68
254	0.0227855	-8692.7
255	0.0227855	-8511.93
256	0.0227855	-8662.09
257	0.0227855	-8454.8
258	0.0227855	-8683.54
259	0.0227855	-8411.83
260	0.0227855	-8486
261	0.0227855	-8470.16
262	0.0227855	-8554.72
263	0.0227855	-8902.6
264	0.0227855	-9070.83
265	0.0227855	-9193.66
266	0.0227855	-8666.31
267	0.0227855	-8685.15
268	0.0227855	-8716.78
269	0.0227855	-8703.65
270	0.0227855	-8599.71
271	0.0227855	-8688.91
272	0.0227855	-8492.31
273	0.0227855	-8496.02
274	0.0227855	-8757.69
275	0.0227855	-8706.13
276	0.0227855	-8622.86
277	0.0227855	-8670.61
278	0.0227855	-8676.58
279	0.0227855	-8716.42
280	0.0227855	-8417.68
281	0.0227855	-8475.1
282	0.0227855	-8653.76
283	0.0227855	-8564.54
284	0.0227855	-8567.91
285	0.0227855	-8426.18
286	0.0227855	-8513.52
287	0.0227855	-8719.89
288	0.0227855	-8501.02
289	0.0227855	-8678.33
290	0.0227855	-8654.91
291	0.0227855	-8632.17
292	0.0227855	-8568.23
293	0.0227855	-8703.61
294	0.0227855	-8610.22
295	0.0227855	-8583.46
296	0.0227855	-8644.48
297	0.0227855	-8502.95
298	0.0227855	-8511.91
299	0.0227855	-8411.33
300	0.0227855	-8519.42
301	0.0227855	-8402.96
302	0.0227855	-8593.42
303	0.0227855	-8754.47
304	0.0227855	-8595.31
305	0.0227855	-8571.17
306	0.0227855	-8421.31
307	0.0227855	-8469.58
308	0.0227855	-8738.3
309	0.0227855	-8635.68
310	0.0227855	-8571.39
311	0.0227855	-8712
312	0.0227855	-8692.58
313	0.0227855	-8704.48
314	0.0227855	-8658.98
315	0.0227855	-8746.27
316	0.0227855	-8545.7
317	0.0227855	-8474.13
318	0.0227855	-8562.83
319	0.0227855	-8446.17
320	0.0227855	-8486.63
321	0.0227855	-8584
322	0.0227855	-8430.47
323	0.0227855	-8606.25
324	0.0227855	-8537.69
325	0.0227855	-8553.67
326	0.0227855	-8542.39
327	0.0227855	-8799.92
328	0.0227855	-8624.05
329	0.0227855	-8522.97
330	0.0227855	-8599.69
331	0.0227855	-8551.02
332	0.0227855	-8596.7
333	0.0227855	-8523.96
334	0.0227855	-8497.03
335	0.0227855	-8765.6
336	0.0227855	-8506.98
337	0.0227855	-8580.89
338	0.0227855	-8669.04
339	0.0227855	-8654.61
340	0.0227855	-8449.84
341	0.0227855	-8657.23
342	0.0227855	-8614.63
343	0.0227855	-8820.02
344	0.0227855	-8687.93
345	0.0227855	-8765.34
346	0.0227855	-8965.19
347	0.0227855	-8577.9
348	0.0227855	-8687.15
349	0.0227855	-8813.85
350	0.0227855	-8639.35
351	0.0227855	-8535.76
352	0.0227855	-8409.44
353	0.0227855	-8458.72
354	0.0227855	-8578.35
355	0.0227855	-8501.13
356	0.0227855	-8618.89
357	0.0227855	-8597.76
358	0.0227855	-8515.02
359	0.0227855	-8735.7
360	0.0227855	-8527.44
361	0.0227855	-8577.72
362	0.0227855	-8567.15
363	0.0227855	-8583.01
364	0.0227855	-8545.31
365	0.0227855	-8492.85
366	0.0227855	-8512.48
367	0.0227855	-8577.5
368	0.0227855	-8544.2
369	0.0227855	-8522.85
370	0.0227855	-8411.78
371	0.0227855	-8500.51
372	0.0227855	-8637.94
373	0.0227855	-8615.98
374	0.0227855	-8683.25
375	0.0227855	-8636.34
376	0.0227855	-8529.45
377	0.0227855	-8685.47
378	0.0227855	-8525.15
379	0.0227855	-8505.36
380	0.0227855	-8443.24
381	0.0227855	-8433.54
382	0.0227855	-8874.7
383	0.0227855	-8904.83
384	0.0227855	-8694.58
385	0.0227855	-8486.17
386	0.0227855	-8809.98
387	0.0227855	-8564.49
388	0.0227855	-8710.62
389	0.0227855	-8475.38
390	0.0227855	-8461.62
391	0.0227855	-8512.93
392	0.0227855	-8528.71
393	0.0227855	-8470.38
394	0.0227855	-8475.56
395	0.0227855	-8430.67
396	0.0227855	-8468.79
397	0.0227855	-8460.92
398	0.0227855	-8686.66
399	0.0227855	-8703.41
400	0.0227855	-8825.37
401	0.0227855	-8707.2
402	0.0227855	-8704.93
403	0.0227855	-8749.58
404	0.0227855	-8890.39
405	0.0227855	-8925.41
406	0.0227855	-8789.02
407	0.0227855	-8906.1
408	0.0227855	-8722.1
409	0.0227855	-8644.52
410	0.0227855	-8784.34
411	0.0227855	-8615.22
412	0.0227855	-8646.87
413	0.0227855	-8708.33
414	0.0227855	-8538.12
415	0.0227855	-8564.4
416	0.0227855	-8997.47
417	0.0227855	-8466.1
418	0.0227855	-8603.63
419	0.0227855	-8813.6
420	0.0227855	-8621.12
421	0.0227855	-8563.63
422	0.0227855	-8656.83
423	0.0227855	-8583.69
424	0.0227855	-8567.95
425	0.0227855	-8587.24
426	0.0227855	-8592.62
427	0.0227855	-8740.09
428	0.0227855	-8793.14
429	0.0227855	-8742.17
430	0.0227855	-8598.19
431	0.0227855	-8570.34
432	0.0227855	-8729.34
433	0.0227855	-8547.53
434	0.0227855	-8562.92
435	0.0227855	-8655.78
436	0.0227855	-8590.95
437	0.0227855	-8594.87
438	0.0227855	-8695.93
439	0.0227855	-8838.43
440	0.0227855	-8546.83
441	0.0227855	-8631.39
442	0.0227855	-8629.2
443	0.0227855	-8580.83
444	0.0227855	-8471.08
445	0.0227855	-8426.11
446	0.0227855	-8553.27
447	0.0227855	-8560.95
448	0.0227855	-8768.15
449	0.0227855	-8731.98
450	0.0227855	-8693.93
451	0.0227855	-8697.81
452	0.0227855	-8665.42
453	0.0227855	-8627.99
454	0.0227855	-8593.29
455	0.0227855	-8555.52
456	0.0227855	-8452.31
457	0.0227855	-8610.06
458	0.0227855	-8596.48
459	0.0227855	-8607.53
460	0.0227855	-8498.11
461	0.0227855	-8572.97
462	0.0227855	-8556.11
463	0.0227855	-8497.69
464	0.0227855	-8547.5
465	0.0227855	-8666.91
466	0.0227855	-8817.79
467	0.0227855	-8885.2
468	0.0227855	-8713.5
469	0.0227855	-8706.92
470	0.0227855	-8451.79
471	0.0227855	-8494.43
472	0.0227855	-8596.09
473	0.0227855	-8686.54
474	0.0227855	-8705.54
475	0.0227855	-8731.29
476	0.0227855	-8694.78
477	0.0227855	-8547.03
478	0.0227855	-8547.89
479	0.0227855	-8762.64
480	0.0227855	-8665.43
481	0.0227855	-8923.55
482	0.0227855	-8707.95
483	0.0227855	-8635.79
484	0.0227855	-8580.91
485	0.0227855	-8548.5
486	0.0227855	-8522.81
487	0.0227855	-8563.04
488	0.0227855	-8570.21
489	0.0227855	-8668.48
490	0.0227855	-8352.8
491	0.0227855	-8645.32
492	0.0227855	-8553.97
493	0.0227855	-8553.54
494	0.0227855	-8529.28
495	0.0227855	-8553.14
496	0.0227855	-8587.78
497	0.0227855	-8776.81
498	0.0227855	-8698.95
499	0.0227855	-8577.16
500	0.0227855	-8324.17
501	0.0227855	-8361.81
502	0.0227855	-8427.03
503	0.0227855	-8562.53
504	0.0227855	-8732.24
505	0.0227855	-8731.38
506	0.0227855	-8654.31
507	0.0227855	-8550.59
508	0.0227855	-8579.4
509	0.0227855	-8747.02
510	0.0227855	-8765.8
511	0.0227855	-8556
512	0.0227855	-8528.22
513	0.0227855	-8581.39
514	0.0227855	-8691.84
515	0.0227855	-8899.93
516	0.0227855	-8499.67
517	0.0227855	-8607.58
518	0.0227855	-8436.57
519	0.0227855	-8521.01
520	0.0227855	-8626.85
521	0.0227855	-8798.71
522	0.0227855	-8801.01
523	0.0227855	-8733.41
524	0.0227855	-8591.14
525	0.0227855	-8557.03
526	0.0227855	-8726.4
527	0.0227855	-8679.01
528	0.0227855	-8495.27
529	0.0227855	-8630.83
530	0.0227855	-8788.75
531	0.0227855	-8585.68
532	0.0227855	-8813.49
533	0.0227855	-8683.23
534	0.0227855	-8873.38
535	0.0227855	-8804.38
536	0.0227855	-8825.41
537	0.0227855	-8689.51
538	0.0227855	-8715.09
539	0.0227855	-8609.6
540	0.0227855	-8639.17
541	0.0227855	-8634.32
542	0.0227855	-8666.5
543	0.0227855	-8534.65
544	0.0227855	-8574.47
545	0.0227855	-8645.36
546	0.0227855	-8922.56
547	0.0227855	-8538.53
548	0.0227855	-8688.34
549	0.0227855	-8547.27
550	0.0227855	-8712.03
551	0.0227855	-8579.9
552	0.0227855	-8436.05
553	0.0227855	-8415.67
554	0.0227855	-8563.96
555	0.0227855	-8692.03
556	0.0227855	-8591.71
557	0.0227855	-8677.17
558	0.0227855	-8407.58
559	0.0227855	-8621.09
560	0.0227855	-8599.12
561	0.0227855	-8508.98
562	0.0227855	-8610.64
563	0.0227855	-8612.93
564	0.0227855	-8608.02
565	0.0227855	-8928.66
566	0.0227855	-8957.89
567	0.0227855	-8622.91
568	0.0227855	-8559.9
569	0.0227855	-8549.2
570	0.0227855	-8645.34
571	0.0227855	-8775.93
572	0.0227855	-8588.11
573	0.0227855	-8875.35
574	0.0227855	-8660.13
575	0.0227855	-8525.94
576	0.0227855	-8705.63
577	0.0227855	-8525.88
578	0.0227855	-8796.73
579	0.0227855	-8661.59
580	0.0227855	-8749.27
581	0.0227855	-8379.12
582	0.0227855	-8684.05
583	0.0227855	-8775.65
584	0.0227855	-8580.79
585	0.0227855	-8565.73
586	0.0227855	-8623.26
587	0.0227855	-8605.02
588	0.0227855	-8938.68
589	0.0227855	-8565.75
590	0.0227855	-8884.95
591	0.0227855	-8639.27
592	0.0227855	-8784.06
593	0.0227855	-8473.11
594	0.0227855	-8660.23
595	0.0227855	-8822.48
596	0.0227855	-8604.49
597	0.0227855	-8847.28
598	0.0227855	-8923.68
599	0.0227855	-8809.92
600	0.0227855	-8702.13
601	0.0227855	-8796.29
602	0.0227855	-8581.49
603	0.0227855	-8627.25
604	0.0227855	-8588.52
605	0.0227855	-8539.53
606	0.0227855	-8676.69
607	0.0227855	-8692.26
608	0.0227855	-8709.23
609	0.0227855	-8718.27
610	0.0227855	-8848.21
611	0.0227855	-8843.46
612	0.0227855	-8727.83
613	0.0227855	-8667.2
614	0.0227855	-8743.61
615	0.0227855	-8518.15
616	0.0227855	-8559.63
617	0.0227855	-8600.98
618	0.0227855	-8649.3
619	0.0227855	-8598.53
620	0.0227855	-8546.19
621	0.0227855	-8461.03
622	0.0227855	-8452.02
623	0.0227855	-8576.63
624	0.0227855	-8407.73
625	0.0227855	-8563.75
626	0.0227855	-8549.41
627	0.0227855	-8505.47
628	0.0227855	-8707.01
629	0.0227855	-8811.16
630	0.0227855	-8599.57
631	0.0227855	-8616.46
632	0.0227855	-8498.57
633	0.0227855	-8555.09
634	0.0227855	-8530.89
635	0.0227855	-8409.72
636	0.0227855	-8421.68
637	0.0227855	-8522.12
638	0.0227855	-8613.53
639	0.0227855	-8519.65
640	0.0227855	-8667.82
641	0.0227855	-8619.18
642	0.0227855	-8653.77
643	0.0227855	-8475.54
644	0.0227855	-8580.95
645	0.0227855	-8507.12
646	0.0227855	-8556.14
647	0.0227855	-8450.17
648	0.0227855	-8616.4
649	0.0227855	-8769.5
650	0.0227855	-8712.75
651	0.0227855	-8959.04
652	0.0227855	-8833.51
653	0.0227855	-8766.87
654	0.0227855	-8975.38
655	0.0227855	-8733.69
656	0.0227855	-8916.75
657	0.0227855	-8994.33
658	0.0227855	-8690.92
659	0.0227855	-8602.67
660	0.0227855	-8601.3
661	0.0227855	-8421.95
662	0.0227855	-8799.13
663	0.0227855	-8769.73
664	0.0227855	-8877.98
665	0.0227855	-8805.7
666	0.0227855	-8648.74
667	0.0227855	-8642.55
668	0.0227855	-8534.92
669	0.0227855	-8806.44
670	0.0227855	-8650.75
671	0.0227855	-8719.11
672	0.0227855	-8768.84
673	0.0227855	-8535.07
674	0.0227855	-8560.91
675	0.0227855	-8539.57
676	0.0227855	-8713.02
677	0.0227855	-8668.14
678	0.0227855	-8853.01
679	0.0227855	-8543.79
680	0.0227855	-8629.93
681	0.0227855	-8469.98
682	0.0227855	-8758.25
683	0.0227855	-8673.91
684	0.0227855	-8541.77
685	0.0227855	-8900.33
686	0.0227855	-8590.44
687	0.0227855	-8692.38
688	0.0227855	-8412.82
689	0.0227855	-8577.07
690	0.0227855	-8574.31
691	0.0227855	-8816
692	0.0227855	-8838.98
693	0.0227855	-8624.86
694	0.0227855	-8608.52
695	0.0227855	-8656.1
696	0.0227855	-8974.33
697	0.0227855	-9002.05
698	0.0227855	-8952.34
699	0.0227855	-8571.4
700	0.0227855	-8693.19
701	0.0227855	-8785.73
702	0.0227855	-8778.07
703	0.0227855	-9130.46
704	0.0227855	-8946.59
705	0.0227855	-8910.68
706	0.0227855	-8675.86
707	0.0227855	-8685.67
708	0.0227855	-8839.58
709	0.0227855	-8810.38
710	0.0227855	-8726.01
711	0.0227855	-8790.42
712	0.0227855	-8650.26
713	0.0227855	-8565.94
714	0.0227855	-8719.7
715	0.0227855	-8577.07
716	0.0227855	-8447.43
717	0.0227855	-8547.17
718	0.0227855	-8694.39
719	0.0227855	-8696.93
720	0.0227855	-8676.54
721	0.0227855	-8766.6
722	0.0227855	-8717.18
723	0.0227855	-8549.76
724	0.0227855	-8863.85
725	0.0227855	-8894.46
726	0.0227855	-8711.12
727	0.0227855	-8685.57
728	0.0227855	-8689.97
729	0.0227855	-8511.26
730	0.0227855	-8741.41
731	0.0227855	-8616.73
732	0.0227855	-8649.25
733	0.0227855	-8661.41
734	0.0227855	-8760.92
735	0.0227855	-8609.23
736	0.0227855	-8600.14
737	0.0227855	-8502.54
738	0.0227855	-8472.01
739	0.0227855	-8461.29
740	0.0227855	-8618.98
741	0.0227855	-8527.48
742	0.0227855	-8349.32
743	0.0227855	-8480.4
744	0.0227855	-8781.45
745	0.0227855	-8708.85
746	0.0227855	-8588.82
747	0.0227855	-8816.16
748	0.0227855	-8908.25
749	0.0227855	-8608.83
750	0.0227855	-8519.59
751	0.0227855	-8607.41
752	0.0227855	-8642.46
753	0.0227855	-8736.66
754	0.0227855	-8752.05
755	0.0227855	-8670.1
756	0.0227855	-8683
757	0.0227855	-8522.3
758	0.0227855	-8700.7
759	0.0227855	-8595.12
760	0.0227855	-8447.75
761	0.0227855	-8616.14
762	0.0227855	-8677.82
763	0.0227855	-8657.9
764	0.0227855	-8708.19
765	0.0227855	-8438.1
766	0.0227855	-8409.21
767	0.0227855	-8646.15
768	0.0227855	-8548.29
769	0.0227855	-8578.37
770	0.0227855	-8600.46
771	0.0227855	-8390.79
772	0.0227855	-8587.97
773	0.0227855	-8612.28
774	0.0227855	-8745.13
775	0.0227855	-8834.66
776	0.0227855	-8565.79
777	0.0227855	-8449.19
778	0.0227855	-8635.79
779	0.0227855	-8566.63
780	0.0227855	-8681.72
781	0.0227855	-8720.15
782	0.0227855	-8831.16
783	0.0227855	-8703.79
784	0.0227855	-8749.79
785	0.0227855	-8445.48
786	0.0227855	-8607.81
787	0.0227855	-8685.24
788	0.0227855	-8568.94
789	0.0227855	-8810.95
790	0.0227855	-8558.47
791	0.0227855	-9415.06
792	0.0227855	-8807.15
793	0.0227855	-8443.83
794	0.0227855	-8405.77
795	0.0227855	-8569.09
796	0.0227855	-8554.36
797	0.0227855	-8650.61
798	0.0227855	-8623.51
799	0.0227855	-8794.52
800	0.0227855	-8843.38
801	0.0227855	-8713.79
802	0.0227855	-8763.93
803	0.0227855	-8820.43
804	0.0227855	-8839.7
805	0.0227855	-8742.67
806	0.0227855	-8658.73
807	0.0227855	-8479.43
808	0.0227855	-8729.05
809	0.0227855	-8760.54
810	0.0227855	-8619.18
811	0.0227855	-8580.77
812	0.0227855	-8897.34
813	0.0227855	-8606.57
814	0.0227855	-8621.56
815	0.0227855	-9001.68
816	0.0227855	-8854.29
817	0.0227855	-9087.32
818	0.0227855	-8675.43
819	0.0227855	-8612.57
820	0.0227855	-8732.87
821	0.0227855	-8677.34
822	0.0227855	-8783.7
823	0.0227855	-8753.85
824	0.0227855	-8651.14
825	0.0227855	-8494.8
826	0.0227855	-8414.54
827	0.0227855	-8738.17
828	0.0227855	-8536.66
829	0.0227855	-8588.89
830	0.0227855	-8712.17
831	0.0227855	-8452.28
832	0.0227855	-8678.19
833	0.0227855	-8718.13
834	0.0227855	-8668.43
835	0.0227855	-8597.67
836	0.0227855	-8602.04
837	0.0227855	-8648.76
838	0.0227855	-8430.58
839	0.0227855	-8564.53
840	0.0227855	-8439.82
841	0.0227855	-8584.39
842	0.0227855	-8512.24
843	0.0227855	-8485.46
844	0.0227855	-8552.96
845	0.0227855	-8543.1
846	0.0227855	-8763.78
847	0.0227855	-8580.24
848	0.0227855	-8564.88
849	0.0227855	-8521.67
850	0.0227855	-8464.95
851	0.0227855	-8542.48
852	0.0227855	-8487.28
853	0.0227855	-8579.58
854	0.0227855	-8637.99
855	0.0227855	-8610.7
856	0.0227855	-8584.64
857	0.0227855	-8770.09
858	0.0227855	-8888.93
859	0.0227855	-8918.47
860	0.0227855	-8967.23
861	0.0227855	-8612.78
862	0.0227855	-8713.45
863	0.0227855	-8774.65
864	0.0227855	-8527.36
865	0.0227855	-8560.92
866	0.0227855	-8379.48
867	0.0227855	-8482.1
868	0.0227855	-8552.95
869	0.0227855	-8797.73
870	0.0227855	-8721.88
871	0.0227855	-8502.01
872	0.0227855	-8649.05
873	0.0227855	-8715.18
874	0.0227855	-8731.08
875	0.0227855	-8727.77
876	0.0227855	-8696.11
877	0.0227855	-8616.77
878	0.0227855	-8692.07
879	0.0227855	-8716.79
880	0.0227855	-8713.56
881	0.0227855	-8756.53
882	0.0227855	-8834.01
883	0.0227855	-8655.25
884	0.0227855	-8602.68
885	0.0227855	-8560.64
886	0.0227855	-8675.5
887	0.0227855	-8476.97
888	0.0227855	-8439.75
889	0.0227855	-8515.29
890	0.0227855	-8283.86
891	0.0227855	-8521.21
892	0.0227855	-8522.57
893	0.0227855	-8544.24
894	0.0227855	-8459.07
895	0.0227855	-8565.03
896	0.0227855	-8664.84
897	0.0227855	-8665.8
898	0.0227855	-8743.65
899	0.0227855	-8531.4
900	0.0227855	-8457.42
901	0.0227855	-8519.29
902	0.0227855	-8847.94
903	0.0227855	-8480.35
904	0.0227855	-8571.8
905	0.0227855	-8634.8
906	0.0227855	-8653.86
907	0.0227855	-8666.17
908	0.0227855	-8640.87
909	0.0227855	-8626.48
910	0.0227855	-8701.33
911	0.0227855	-8915.17
912	0.0227855	-8892.65
913	0.0227855	-9194.5
914	0.0227855	-9229.61
915	0.0227855	-9167.25
916	0.0227855	-8703.54
917	0.0227855	-8826.29
918	0.0227855	-8868.54
919	0.0227855	-8741.08
920	0.0227855	-8640.69
921	0.0227855	-8762.23
922	0.0227855	-8730.22
923	0.0227855	-8535.53
924	0.0227855	-8683.35
925	0.0227855	-8625.84
926	0.0227855	-8685.34
927	0.0227855	-8702.04
928	0.0227855	-8722.16
929	0.0227855	-8804.73
930	0.0227855	-8568.81
931	0.0227855	-8705.09
932	0.0227855	-8613.39
933	0.0227855	-8727.54
934	0.0227855	-8560.64
935	0.0227855	-8484.86
936	0.0227855	-8522.74
937	0.0227855	-8441.37
938	0.0227855	-8697.19
939	0.0227855	-8818.2
940	0.0227855	-8729.04
941	0.0227855	-8635.59
942	0.0227855	-8536.25
943	0.0227855	-8605.93
944	0.0227855	-8651.6
945	0.0227855	-8803.25
946	0.0227855	-8571.42
947	0.0227855	-8503.32
948	0.0227855	-8442.25
949	0.0227855	-8679.04
950	0.0227855	-8777.62
951	0.0227855	-8632.49
952	0.0227855	-8553.85
953	0.0227855	-8726.27
954	0.0227855	-8866.59
955	0.0227855	-8665.73
956	0.0227855	-8755.41
957	0.0227855	-8613.8
958	0.0227855	-8588.42
959	0.0227855	-8727.23
960	0.0227855	-8623.1
961	0.0227855	-8761.04
962	0.0227855	-8740.08
963	0.0227855	-8729.98
964	0.0227855	-8694.42
965	0.0227855	-8745.3
966	0.0227855	-8905.99
967	0.0227855	-8793.4
968	0.0227855	-8669.91
969	0.0227855	-8835.01
970	0.0227855	-8644.04
971	0.0227855	-8438.15
972	0.0227855	-8495.68
973	0.0227855	-8411.15
974	0.0227855	-8462.36
975	0.0227855	-8357.6
976	0.0227855	-8537.26
977	0.0227855	-8456.38
978	0.0227855	-8483.3
979	0.0227855	-8505.94
980	0.0227855	-8465.84
981	0.0227855	-8372.7
982	0.0227855	-8331.19
983	0.0227855	-8276.57
984	0.0227855	-8297.93
985	0.0227855	-8394.29
986	0.0227855	-8921.95
987	0.0227855	-8496.72
988	0.0227855	-8311.76
989	0.0227855	-8508.77
990	0.0227855	-8502.61
991	0.0227855	-8478.66
992	0.0227855	-8570.95
993	0.0227855	-8572.61
994	0.0227855	-8508.28
995	0.0227855	-8583.78
996	0.0227855	-8702.84
997	0.0227855	-8696
998	0.0227855	-8657.55
999	0.0227855	-8504.61
1000	0.0227855	-8843.24
251	0.0182445	-8561.52
252	0.0182445	-8386.55
253	0.0182445	-8780.31
254	0.0182445	-8892.08
255	0.0182445	-8980.86
256	0.0182445	-8589.92
257	0.0182445	-8520.19
258	0.0182445	-8546.86
259	0.0182445	-8767.45
260	0.0182445	-8758.87
261	0.0182445	-9129.25
262	0.0182445	-9201.75
263	0.0182445	-8825.38
264	0.0182445	-8617.2
265	0.0182445	-8566.29
266	0.0182445	-8876.68
267	0.0182445	-9080.74
268	0.0182445	-8795.57
269	0.0182445	-8777.54
270	0.0182445	-8811.88
271	0.0182445	-9040.88
272	0.0182445	-8790.42
273	0.0182445	-8679.18
274	0.0182445	-8795.34
275	0.0182445	-8764.78
276	0.0182445	-9224.23
277	0.0182445	-9299.01
278	0.0182445	-8722.75
279	0.0182445	-8848.99
280	0.0182445	-8760.34
281	0.0182445	-8680.24
282	0.0182445	-8391.38
283	0.0182445	-8609.4
284	0.0182445	-8688.01
285	0.0182445	-8640.54
286	0.0182445	-8527.6
287	0.0182445	-8578.81
288	0.0182445	-8605.75
289	0.0182445	-8509.6
290	0.0182445	-8752.5
291	0.0182445	-8812.24
292	0.0182445	-8693.03
293	0.0182445	-8638.87
294	0.0182445	-8641.21
295	0.0182445	-8825.1
296	0.0182445	-8870.91
297	0.0182445	-8811.57
298	0.0182445	-8746.54
299	0.0182445	-8966.63
300	0.0182445	-8794.22
301	0.0182445	-8826.6
302	0.0182445	-9017.86
303	0.0182445	-9003.26
304	0.0182445	-8740.41
305	0.0182445	-8631.54
306	0.0182445	-8745.98
307	0.0182445	-8709.09
308	0.0182445	-8542.67
309	0.0182445	-8661
310	0.0182445	-8811.88
311	0.0182445	-8770.47
312	0.0182445	-8788
313	0.0182445	-8704.35
314	0.0182445	-8855.98
315	0.0182445	-8916.29
316	0.0182445	-8863.62
317	0.0182445	-8822.15
318	0.0182445	-8962.17
319	0.0182445	-8612.51
320	0.0182445	-8748.9
321	0.0182445	-8634.16
322	0.0182445	-8729.53
323	0.0182445	-8756.61
324	0.0182445	-8948.93
325	0.0182445	-8766.61
326	0.0182445	-8785.4
327	0.0182445	-8716.74
328	0.0182445	-8735.06
329	0.0182445	-8612.93
330	0.0182445	-8582.01
331	0.0182445	-8546.62
332	0.0182445	-8365.78
333	0.0182445	-8599.81
334	0.0182445	-8885.77
335	0.0182445	-8879.68
336	0.0182445	-8826.8
337	0.0182445	-8416.22
338	0.0182445	-8548.29
339	0.0182445	-8589.47
340	0.0182445	-8870.37
341	0.0182445	-8533.98
342	0.0182445	-8634.33
343	0.0182445	-8547.59
344	0.0182445	-8688.46
345	0.0182445	-8746.86
346	0.0182445	-8863.42
347	0.0182445	-8774.04
348	0.0182445	-8925.26
349	0.0182445	-8761.45
350	0.0182445	-8953.09
351	0.0182445	-9011.62
352	0.0182445	-8993.88
353	0.0182445	-8899.45
354	0.0182445	-8904.92
355	0.0182445	-8765.99
356	0.0182445	-8739.6
357	0.0182445	-8857.04
358	0.0182445	-8744.42
359	0.0182445	-8947.43
360	0.0182445	-8759.49
361	0.0182445	-8715.03
362	0.0182445	-8701.58
363	0.0182445	-8742.2
364	0.0182445	-8802.12
365	0.0182445	-8499.72
366	0.0182445	-8972.91
367	0.0182445	-8546.96
368	0.0182445	-8435
369	0.0182445	-9180.62
370	0.0182445	-9435.97
371	0.0182445	-9424.12
372	0.0182445	-9342.66
373	0.0182445	-8988.74
374	0.0182445	-8664.96
375	0.0182445	-8649.43
376	0.0182445	-8689.05
377	0.0182445	-8890.23
378	0.0182445	-8964.12
379	0.0182445	-8652.96
380	0.0182445	-8883.9
381	0.0182445	-8786.38
382	0.0182445	-8627.4
383	0.0182445	-8334.71
384	0.0182445	-8621.82
385	0.0182445	-8647.07
386	0.0182445	-8829.17
387	0.0182445	-9059.79
388	0.0182445	-8817.88
389	0.0182445	-8700.75
390	0.0182445	-8943.67
391	0.0182445	-8691.83
392	0.0182445	-8651.61
393	0.0182445	-8503.99
394	0.0182445	-8760.52
395	0.0182445	-9407.54
396	0.0182445	-8878.05
397	0.0182445	-8733.62
398	0.0182445	-8676.04
399	0.0182445	-8667.33
400	0.0182445	-8678.57
401	0.0182445	-8693.71
402	0.0182445	-8552.13
403	0.0182445	-8717.31
404	0.0182445	-8737.71
405	0.0182445	-8732.3
406	0.0182445	-8793.08
407	0.0182445	-8810.78
408	0.0182445	-8751.45
409	0.0182445	-8874.9
410	0.0182445	-8656.36
411	0.0182445	-8689.93
412	0.0182445	-8872.02
413	0.0182445	-8715.88
414	0.0182445	-8600.92
415	0.0182445	-8401.07
416	0.0182445	-8583.76
417	0.0182445	-8786.73
418	0.0182445	-8752.33
419	0.0182445	-8796.05
420	0.0182445	-8770.52
421	0.0182445	-8947.94
422	0.0182445	-8753.87
423	0.0182445	-8828.1
424	0.0182445	-9116.91
425	0.0182445	-8912.88
426	0.0182445	-8639.93
427	0.0182445	-8737.3
428	0.0182445	-8945.4
429	0.0182445	-8647.02
430	0.0182445	-9039.84
431	0.0182445	-8718.5
432	0.0182445	-8597.61
433	0.0182445	-8714.26
434	0.0182445	-8758.17
435	0.0182445	-8613.12
436	0.0182445	-8702.11
437	0.0182445	-8638.57
438	0.0182445	-8645.9
439	0.0182445	-9102.94
440	0.0182445	-8896.56
441	0.0182445	-8873.44
442	0.0182445	-8931.18
443	0.0182445	-8488.95
444	0.0182445	-8619.24
445	0.0182445	-8615.35
446	0.0182445	-8594.95
447	0.0182445	-8775.24
448	0.0182445	-8794.18
449	0.0182445	-8742.57
450	0.0182445	-8607.45
451	0.0182445	-8476.83
452	0.0182445	-8757.33
453	0.0182445	-8686.81
454	0.0182445	-8546.81
455	0.0182445	-8803.05
456	0.0182445	-8755.67
457	0.0182445	-8719.84
458	0.0182445	-8824.39
459	0.0182445	-8524.43
460	0.0182445	-8881.43
461	0.0182445	-8713.7
462	0.0182445	-8891.82
463	0.0182445	-8528.5
464	0.0182445	-8568.72
465	0.0182445	-8577.87
466	0.0182445	-8564.42
467	0.0182445	-8650.13
468	0.0182445	-8810.57
469	0.0182445	-8745.76
470	0.0182445	-8548.45
471	0.0182445	-8513.31
472	0.0182445	-8779.11
473	0.0182445	-8902.27
474	0.0182445	-9163.91
475	0.0182445	-8965.1
476	0.0182445	-8819.56
477	0.0182445	-8722.98
478	0.0182445	-8941.39
479	0.0182445	-8650.81
480	0.0182445	-9074.79
481	0.0182445	-8934.14
482	0.0182445	-8808.87
483	0.0182445	-8597.3
484	0.0182445	-8663.15
485	0.0182445	-8856.85
486	0.0182445	-8710.47
487	0.0182445	-9021.55
488	0.0182445	-8794.31
489	0.0182445	-8739.25
490	0.0182445	-8773.36
491	0.0182445	-8768.86
492	0.0182445	-8525.88
493	0.0182445	-8655.32
494	0.0182445	-8709.44
495	0.0182445	-8548.78
496	0.0182445	-8636.1
497	0.0182445	-8505.48
498	0.0182445	-8656.52
499	0.0182445	-8798.64
500	0.0182445	-8815.4
501	0.0182445	-8578.92
502	0.0182445	-8665.97
503	0.0182445	-8524.03
504	0.0182445	-8442.81
505	0.0182445	-8607.23
506	0.0182445	-9051.94
507	0.0182445	-8523.44
508	0.0182445	-8541.37
509	0.0182445	-8617.26
510	0.0182445	-8822.33
511	0.0182445	-8565.82
512	0.0182445	-8639.96
513	0.0182445	-8729.56
514	0.0182445	-8925.75
515	0.0182445	-8820.84
516	0.0182445	-8798.15
517	0.0182445	-8980.84
518	0.0182445	-9074.94
519	0.0182445	-8755.46
520	0.0182445	-8698.5
521	0.0182445	-8745.54
522	0.0182445	-8853.34
523	0.0182445	-8727.81
524	0.0182445	-8859.07
525	0.0182445	-8902.56
526	0.0182445	-8658.82
527	0.0182445	-8636.87
528	0.0182445	-8740.43
529	0.0182445	-8492.86
530	0.0182445	-8786.66
531	0.0182445	-8858.22
532	0.0182445	-8736.44
533	0.0182445	-8663.62
534	0.0182445	-8641.4
535	0.0182445	-8669.82
536	0.0182445	-8815.41
537	0.0182445	-8727.9
538	0.0182445	-8632.02
539	0.0182445	-8923.1
540	0.0182445	-8724.53
541	0.0182445	-8872.07
542	0.0182445	-8994.03
543	0.0182445	-8862.1
544	0.0182445	-8771.92
545	0.0182445	-8787.9
546	0.0182445	-8553.44
547	0.0182445	-8708.26
548	0.0182445	-9034.85
549	0.0182445	-8716.8
550	0.0182445	-8764.53
551	0.0182445	-8692.01
552	0.0182445	-8699.18
553	0.0182445	-8674.45
554	0.0182445	-8410.09
555	0.0182445	-8490.31
556	0.0182445	-8603.58
557	0.0182445	-8604.39
558	0.0182445	-8880.77
559	0.0182445	-8610.84
560	0.0182445	-8637.3
561	0.0182445	-8757.65
562	0.0182445	-8873.83
563	0.0182445	-8737.45
564	0.0182445	-8727.74
565	0.0182445	-8791.69
566	0.0182445	-8448.86
567	0.0182445	-8671.34
568	0.0182445	-8541.37
569	0.0182445	-8708.57
570	0.0182445	-8631.49
571	0.0182445	-8649.91
572	0.0182445	-8576.96
573	0.0182445	-8772.46
574	0.0182445	-8684.92
575	0.0182445	-8873.28
576	0.0182445	-8999.14
577	0.0182445	-9109.89
578	0.0182445	-8794.2
579	0.0182445	-9051.49
580	0.0182445	-8752.45
581	0.0182445	-8892.98
582	0.0182445	-8612.23
583	0.0182445	-8625.45
584	0.0182445	-8801.74
585	0.0182445	-9015.97
586	0.0182445	-8766.66
587	0.0182445	-8926.02
588	0.0182445	-8895.01
589	0.0182445	-9117.05
590	0.0182445	-8993.66
591	0.0182445	-8741.8
592	0.0182445	-8776.61
593	0.0182445	-8996.77
594	0.0182445	-8956.18
595	0.0182445	-8713.1
596	0.0182445	-8778.4
597	0.0182445	-8696.73
598	0.0182445	-8862.37
599	0.0182445	-8452.84
600	0.0182445	-8648.86
601	0.0182445	-8780.5
602	0.0182445	-9047.39
603	0.0182445	-9035.58
604	0.0182445	-8623.53
605	0.0182445	-8425.8
606	0.0182445	-8774.18
607	0.0182445	-8668.27
608	0.0182445	-8370.09
609	0.0182445	-8812.65
610	0.0182445	-8594.04
611	0.0182445	-8514.12
612	0.0182445	-8537.83
613	0.0182445	-8587.64
614	0.0182445	-8521
615	0.0182445	-8670.45
616	0.0182445	-8812.77
617	0.0182445	-8673.9
618	0.0182445	-9005.3
619	0.0182445	-8704.05
620	0.0182445	-8871.12
621	0.0182445	-8700.53
622	0.0182445	-8807.92
623	0.0182445	-8729.13
624	0.0182445	-8632.36
625	0.0182445	-8724.82
626	0.0182445	-8754.89
627	0.0182445	-8545.09
628	0.0182445	-8520.96
629	0.0182445	-8849.03
630	0.0182445	-8932.01
631	0.0182445	-8606.94
632	0.0182445	-8540.64
633	0.0182445	-8739.81
634	0.0182445	-8951.22
635	0.0182445	-8768.45
636	0.0182445	-8697.94
637	0.0182445	-8587.38
638	0.0182445	-8841.67
639	0.0182445	-8638.74
640	0.0182445	-8721.13
641	0.0182445	-8656.89
642	0.0182445	-8816.07
643	0.0182445	-8633.04
644	0.0182445	-8991.93
645	0.0182445	-8662.4
646	0.0182445	-8469.99
647	0.0182445	-8597.31
648	0.0182445	-8558.74
649	0.0182445	-8663.95
650	0.0182445	-8642.75
651	0.0182445	-8734.01
652	0.0182445	-8639.77
653	0.0182445	-8894.03
654	0.0182445	-8790
655	0.0182445	-8816.78
656	0.0182445	-8635.26
657	0.0182445	-8948.64
658	0.0182445	-8826.19
659	0.0182445	-8910.47
660	0.0182445	-8766.37
661	0.0182445	-8694.82
662	0.0182445	-8697.01
663	0.0182445	-8691.56
664	0.0182445	-8861.85
665	0.0182445	-8650.93
666	0.0182445	-8626.86
667	0.0182445	-8676.2
668	0.0182445	-8618.19
669	0.0182445	-8659.25
670	0.0182445	-8796.97
671	0.0182445	-8793.39
672	0.0182445	-8716.24
673	0.0182445	-8800.18
674	0.0182445	-8819.6
675	0.0182445	-8746.19
676	0.0182445	-8989.65
677	0.0182445	-8815.17
678	0.0182445	-8589.31
679	0.0182445	-8703.86
680	0.0182445	-8575.4
681	0.0182445	-8601.37
682	0.0182445	-8589.77
683	0.0182445	-8624.29
684	0.0182445	-8567.57
685	0.0182445	-8772.79
686	0.0182445	-8771.11
687	0.0182445	-8691.32
688	0.0182445	-9025.28
689	0.0182445	-8965.46
690	0.0182445	-8877.41
691	0.0182445	-8993.38
692	0.0182445	-8567.75
693	0.0182445	-8422.96
694	0.0182445	-8618.65
695	0.0182445	-8703.17
696	0.0182445	-8763.89
697	0.0182445	-8707.96
698	0.0182445	-8787.02
699	0.0182445	-8905.85
700	0.0182445	-8971.74
701	0.0182445	-8780.82
702	0.0182445	-8869.81
703	0.0182445	-8505.16
704	0.0182445	-8473.72
705	0.0182445	-8486.08
706	0.0182445	-8705.75
707	0.0182445	-8493.98
708	0.0182445	-8595.57
709	0.0182445	-8510.85
710	0.0182445	-8768.58
711	0.0182445	-8856.67
712	0.0182445	-8749.13
713	0.0182445	-8484.92
714	0.0182445	-8426.66
715	0.0182445	-8486.25
716	0.0182445	-8601.66
717	0.0182445	-8638.99
718	0.0182445	-8739.02
719	0.0182445	-8535.19
720	0.0182445	-8710.72
721	0.0182445	-8727.41
722	0.0182445	-8626.67
723	0.0182445	-8857.68
724	0.0182445	-8659.16
725	0.0182445	-8718.59
726	0.0182445	-8603.24
727	0.0182445	-8581.87
728	0.0182445	-8601.77
729	0.0182445	-8673.21
730	0.0182445	-8682.54
731	0.0182445	-8805.78
732	0.0182445	-8767.79
733	0.0182445	-8611.79
734	0.0182445	-8527.03
735	0.0182445	-8588.54
736	0.0182445	-8643.02
737	0.0182445	-8654.98
738	0.0182445	-8792.43
739	0.0182445	-9111.86
740	0.0182445	-8756.84
741	0.0182445	-8848.34
742	0.0182445	-8810.62
743	0.0182445	-8556.62
744	0.0182445	-8882.1
745	0.0182445	-8632.74
746	0.0182445	-8608.62
747	0.0182445	-8639.69
748	0.0182445	-8735.77
749	0.0182445	-8675.26
750	0.0182445	-8692.87
751	0.0182445	-8686.02
752	0.0182445	-8860
753	0.0182445	-8790.54
754	0.0182445	-8867.12
755	0.0182445	-8956.73
756	0.0182445	-8621.7
757	0.0182445	-9209.62
758	0.0182445	-8939.42
759	0.0182445	-8883.25
760	0.0182445	-8876.5
761	0.0182445	-8835.09
762	0.0182445	-8808.79
763	0.0182445	-8454.08
764	0.0182445	-8793.24
765	0.0182445	-8906.28
766	0.0182445	-9224.09
767	0.0182445	-8949.66
768	0.0182445	-8869.23
769	0.0182445	-8721.25
770	0.0182445	-8665.23
771	0.0182445	-8574.05
772	0.0182445	-8797.31
773	0.0182445	-8836.62
774	0.0182445	-8604.44
775	0.0182445	-8718.03
776	0.0182445	-8587.11
777	0.0182445	-8406.35
778	0.0182445	-8616.99
779	0.0182445	-8871.76
780	0.0182445	-8791.05
781	0.0182445	-8630.63
782	0.0182445	-8928.89
783	0.0182445	-8753
784	0.0182445	-8735.49
785	0.0182445	-8749.47
786	0.0182445	-8562.4
787	0.0182445	-8404.77
788	0.0182445	-8653.08
789	0.0182445	-8701.61
790	0.0182445	-8394.49
791	0.0182445	-8578.68
792	0.0182445	-8747.17
793	0.0182445	-8695.61
794	0.0182445	-8906.07
795	0.0182445	-9120.3
796	0.0182445	-8928.66
797	0.0182445	-8803.56
798	0.0182445	-8562.71
799	0.0182445	-8716.27
800	0.0182445	-8712.79
801	0.0182445	-8740.52
802	0.0182445	-8580.78
803	0.0182445	-8699.7
804	0.0182445	-8584.2
805	0.0182445	-8892.37
806	0.0182445	-9167.48
807	0.0182445	-8945.68
808	0.0182445	-8843.7
809	0.0182445	-9109.8
810	0.0182445	-9054.43
811	0.0182445	-9131.18
812	0.0182445	-8963.65
813	0.0182445	-8799.21
814	0.0182445	-8914.27
815	0.0182445	-9192.27
816	0.0182445	-8573.54
817	0.0182445	-8712.27
818	0.0182445	-8770.23
819	0.0182445	-8680.94
820	0.0182445	-8798.27
821	0.0182445	-8880.72
822	0.0182445	-8829.35
823	0.0182445	-8721.43
824	0.0182445	-8578.89
825	0.0182445	-8708.22
826	0.0182445	-8952.23
827	0.0182445	-8822.78
828	0.0182445	-8894.13
829	0.0182445	-9010.77
830	0.0182445	-9047.05
831	0.0182445	-8661.19
832	0.0182445	-8496.33
833	0.0182445	-8756.22
834	0.0182445	-8592.33
835	0.0182445	-8495.31
836	0.0182445	-8732.44
837	0.0182445	-8556.75
838	0.0182445	-8869.89
839	0.0182445	-8883.76
840	0.0182445	-8786.49
841	0.0182445	-8703.25
842	0.0182445	-8562.75
843	0.0182445	-8779.07
844	0.0182445	-8550.66
845	0.0182445	-8909.21
846	0.0182445	-8840.06
847	0.0182445	-8644.8
848	0.0182445	-8832.65
849	0.0182445	-8859.43
850	0.0182445	-8679.49
851	0.0182445	-8743.71
852	0.0182445	-8845.88
853	0.0182445	-8541.62
854	0.0182445	-8768.75
855	0.0182445	-8852.79
856	0.0182445	-8899.9
857	0.0182445	-8977.79
858	0.0182445	-8907.44
859	0.0182445	-8728.84
860	0.0182445	-8588.48
861	0.0182445	-8551.03
862	0.0182445	-8626.31
863	0.0182445	-8687.59
864	0.0182445	-8802.64
865	0.0182445	-8579.49
866	0.0182445	-8582.87
867	0.0182445	-8995
868	0.0182445	-8908.44
869	0.0182445	-8603.8
870	0.0182445	-8737.29
871	0.0182445	-8555.92
872	0.0182445	-8584.76
873	0.0182445	-8682.2
874	0.0182445	-8541.61
875	0.0182445	-8614.55
876	0.0182445	-8679.22
877	0.0182445	-8591.8
878	0.0182445	-8417
879	0.0182445	-8897.83
880	0.0182445	-8749.31
881	0.0182445	-8917.41
882	0.0182445	-8459.74
883	0.0182445	-8514.67
884	0.0182445	-8625.42
885	0.0182445	-8868.41
886	0.0182445	-8778.6
887	0.0182445	-8856.45
888	0.0182445	-8889.34
889	0.0182445	-8611.2
890	0.0182445	-8834.52
891	0.0182445	-8864.66
892	0.0182445	-9079.01
893	0.0182445	-8687.23
894	0.0182445	-8641.54
895	0.0182445	-8854.92
896	0.0182445	-8648.47
897	0.0182445	-8373.4
898	0.0182445	-8559.36
899	0.0182445	-8673.31
900	0.0182445	-8494.5
901	0.0182445	-8554.38
902	0.0182445	-8703.89
903	0.0182445	-8715.03
904	0.0182445	-8697.87
905	0.0182445	-8992.43
906	0.0182445	-8843.4
907	0.0182445	-8702.9
908	0.0182445	-8621.22
909	0.0182445	-8901.25
910	0.0182445	-8763.37
911	0.0182445	-9060.88
912	0.0182445	-8912.83
913	0.0182445	-8757.79
914	0.0182445	-8804.29
915	0.0182445	-8855.6
916	0.0182445	-8790.77
917	0.0182445	-9049.29
918	0.0182445	-8559.27
919	0.0182445	-8632.78
920	0.0182445	-8825.73
921	0.0182445	-8758.42
922	0.0182445	-8703.63
923	0.0182445	-8666.27
924	0.0182445	-8707.45
925	0.0182445	-8603.28
926	0.0182445	-8591.73
927	0.0182445	-8612.11
928	0.0182445	-8797.33
929	0.0182445	-8763.6
930	0.0182445	-8489.01
931	0.0182445	-8809.79
932	0.0182445	-9210.86
933	0.0182445	-8965.57
934	0.0182445	-8682.32
935	0.0182445	-8752.25
936	0.0182445	-8687.55
937	0.0182445	-8728.37
938	0.0182445	-8961.78
939	0.0182445	-8971.19
940	0.0182445	-8778.5
941	0.0182445	-8426.77
942	0.0182445	-8681.06
943	0.0182445	-8632.56
944	0.0182445	-8738.63
945	0.0182445	-8659.87
946	0.0182445	-8805.61
947	0.0182445	-8579.94
948	0.0182445	-8820.26
949	0.0182445	-8814.43
950	0.0182445	-9170.73
951	0.0182445	-8891.32
952	0.0182445	-8988.47
953	0.0182445	-9028.45
954	0.0182445	-8774.02
955	0.0182445	-9057.3
956	0.0182445	-8949.39
957	0.0182445	-9113.81
958	0.0182445	-8879.7
959	0.0182445	-8807.05
960	0.0182445	-8711.37
961	0.0182445	-8576.33
962	0.0182445	-8719.44
963	0.0182445	-8620.16
964	0.0182445	-8999.33
965	0.0182445	-8838.87
966	0.0182445	-8817.19
967	0.0182445	-8655.3
968	0.0182445	-8825.51
969	0.0182445	-8733.31
970	0.0182445	-8960.54
971	0.0182445	-8937.85
972	0.0182445	-8943.54
973	0.0182445	-9055.69
974	0.0182445	-8991.28
975	0.0182445	-8857.41
976	0.0182445	-8686.24
977	0.0182445	-8714.04
978	0.0182445	-8828.64
979	0.0182445	-8847.3
980	0.0182445	-8696.31
981	0.0182445	-8892.78
982	0.0182445	-8733.46
983	0.0182445	-8800.43
984	0.0182445	-8868.02
985	0.0182445	-8526.31
986	0.0182445	-8628.2
987	0.0182445	-8893.97
988	0.0182445	-8796.11
989	0.0182445	-8588.95
990	0.0182445	-8713.53
991	0.0182445	-8626.33
992	0.0182445	-8653.67
993	0.0182445	-8407.55
994	0.0182445	-8603.82
995	0.0182445	-8460.56
996	0.0182445	-8656.4
997	0.0182445	-8660.02
998	0.0182445	-8940.35
999	0.0182445	-9028.43
1000	0.0182445	-8738.14
251	0.0144583	-8913.36
252	0.0144583	-8532.2
253	0.0144583	-8955.1
254	0.0144583	-9091.79
255	0.0144583	-8970.62
256	0.0144583	-8821.65
257	0.0144583	-8903.03
258	0.0144583	-8774.62
259	0.0144583	-8766.5
260	0.0144583	-8541.72
261	0.0144583	-8701.43
262	0.0144583	-8608.98
263	0.0144583	-8782.81
264	0.0144583	-8805.65
265	0.0144583	-8457.69
266	0.0144583	-8627.95
267	0.0144583	-8609.55
268	0.0144583	-8684.96
269	0.0144583	-8650.93
270	0.0144583	-8870.61
271	0.0144583	-8834.57
272	0.0144583	-8660.92
273	0.0144583	-8450.65
274	0.0144583	-8836.92
275	0.0144583	-8802.35
276	0.0144583	-8925.18
277	0.0144583	-8954.09
278	0.0144583	-8798.66
279	0.0144583	-9050.53
280	0.0144583	-8921.25
281	0.0144583	-9083.85
282	0.0144583	-8986.6
283	0.0144583	-9170.94
284	0.0144583	-8666.36
285	0.0144583	-8626.98
286	0.0144583	-8558.9
287	0.0144583	-8825.09
288	0.0144583	-9117.12
289	0.0144583	-8757.16
290	0.0144583	-8748.31
291	0.0144583	-8770.08
292	0.0144583	-8611.74
293	0.0144583	-8543.81
294	0.0144583	-8996.27
295	0.0144583	-8901.71
296	0.0144583	-8850.2
297	0.0144583	-8866.39
298	0.0144583	-9122.59
299	0.0144583	-9279.49
300	0.0144583	-8925.78
301	0.0144583	-8961.46
302	0.0144583	-9036.52
303	0.0144583	-9220.9
304	0.0144583	-9003.75
305	0.0144583	-8725.05
306	0.0144583	-8742.66
307	0.0144583	-8658.47
308	0.0144583	-8636.4
309	0.0144583	-8918.91
310	0.0144583	-8986.6
311	0.0144583	-8787.84
312	0.0144583	-8736.37
313	0.0144583	-8906.83
314	0.0144583	-8869.02
315	0.0144583	-8834.03
316	0.0144583	-8963.6
317	0.0144583	-8890.15
318	0.0144583	-8998.23
319	0.0144583	-8980.4
320	0.0144583	-8985.65
321	0.0144583	-8901.64
322	0.0144583	-8892.23
323	0.0144583	-8710.2
324	0.0144583	-9509.26
325	0.0144583	-8853.18
326	0.0144583	-8861.39
327	0.0144583	-8845.57
328	0.0144583	-8835.76
329	0.0144583	-8759.44
330	0.0144583	-8543.69
331	0.0144583	-8829.86
332	0.0144583	-8860.07
333	0.0144583	-8955.16
334	0.0144583	-8815.02
335	0.0144583	-8587.19
336	0.0144583	-8931.67
337	0.0144583	-9473.62
338	0.0144583	-9689.57
339	0.0144583	-9081.69
340	0.0144583	-9121.44
341	0.0144583	-8792.78
342	0.0144583	-8769.29
343	0.0144583	-8842.3
344	0.0144583	-8799.16
345	0.0144583	-9285.04
346	0.0144583	-8980.82
347	0.0144583	-8976.4
348	0.0144583	-8671.95
349	0.0144583	-8544.09
350	0.0144583	-8916.7
351	0.0144583	-9011.99
352	0.0144583	-8857.63
353	0.0144583	-8865.71
354	0.0144583	-8726.66
355	0.0144583	-8640.59
356	0.0144583	-8634.59
357	0.0144583	-8465.5
358	0.0144583	-8582.6
359	0.0144583	-8729.42
360	0.0144583	-8588.11
361	0.0144583	-8928.21
362	0.0144583	-8794.25
363	0.0144583	-8852.79
364	0.0144583	-8711.38
365	0.0144583	-8587.8
366	0.0144583	-8818.82
367	0.0144583	-8925.31
368	0.0144583	-8989.05
369	0.0144583	-9526.07
370	0.0144583	-8916.37
371	0.0144583	-8940.62
372	0.0144583	-8841.67
373	0.0144583	-8632.09
374	0.0144583	-8523.26
375	0.0144583	-8805.68
376	0.0144583	-8762.07
377	0.0144583	-8801.09
378	0.0144583	-8749.41
379	0.0144583	-8888.99
380	0.0144583	-8992.94
381	0.0144583	-8819.79
382	0.0144583	-9014.72
383	0.0144583	-8613.13
384	0.0144583	-8520.99
385	0.0144583	-8465.16
386	0.0144583	-8847.79
387	0.0144583	-8837.45
388	0.0144583	-8966.65
389	0.0144583	-9081.14
390	0.0144583	-9012.83
391	0.0144583	-9070.68
392	0.0144583	-8507.3
393	0.0144583	-8610.45
394	0.0144583	-8616.9
395	0.0144583	-8563.74
396	0.0144583	-8921.61
397	0.0144583	-8691.84
398	0.0144583	-8715.07
399	0.0144583	-8880.53
400	0.0144583	-8833.56
401	0.0144583	-8678.95
402	0.0144583	-8820.46
403	0.0144583	-8762.16
404	0.0144583	-8765.18
405	0.0144583	-9010.69
406	0.0144583	-9048.62
407	0.0144583	-8875.71
408	0.0144583	-9235.71
409	0.0144583	-9367.06
410	0.0144583	-9433.23
411	0.0144583	-8604.76
412	0.0144583	-8819.47
413	0.0144583	-8827.23
414	0.0144583	-9243.42
415	0.0144583	-9234.47
416	0.0144583	-8986.32
417	0.0144583	-9024.63
418	0.0144583	-9053.94
419	0.0144583	-8679.23
420	0.0144583	-8763.18
421	0.0144583	-8935.26
422	0.0144583	-8716.98
423	0.0144583	-9157.47
424	0.0144583	-9068.93
425	0.0144583	-9212.51
426	0.0144583	-8974.22
427	0.0144583	-8672.88
428	0.0144583	-9144.37
429	0.0144583	-8698.26
430	0.0144583	-8801.84
431	0.0144583	-8856.58
432	0.0144583	-8874.37
433	0.0144583	-8628.22
434	0.0144583	-8412.5
435	0.0144583	-8534.42
436	0.0144583	-8666.38
437	0.0144583	-8823.57
438	0.0144583	-9368.41
439	0.0144583	-9093.78
440	0.0144583	-8989.26
441	0.0144583	-9053.86
442	0.0144583	-9065.15
443	0.0144583	-9057.65
444	0.0144583	-9318.18
445	0.0144583	-8907.63
446	0.0144583	-9204.42
447	0.0144583	-9026.99
448	0.0144583	-9366.32
449	0.0144583	-8690.98
450	0.0144583	-8654.93
451	0.0144583	-8790.27
452	0.0144583	-8820.88
453	0.0144583	-8901.92
454	0.0144583	-8885.82
455	0.0144583	-8983.96
456	0.0144583	-8878.87
457	0.0144583	-8943.6
458	0.0144583	-8788.68
459	0.0144583	-8867.65
460	0.0144583	-9299.99
461	0.0144583	-9052.03
462	0.0144583	-8670.51
463	0.0144583	-9058.01
464	0.0144583	-9064.41
465	0.0144583	-8853.4
466	0.0144583	-8739.6
467	0.0144583	-8654.24
468	0.0144583	-8963.69
469	0.0144583	-8896.12
470	0.0144583	-8990.9
471	0.0144583	-8518.56
472	0.0144583	-8612.18
473	0.0144583	-8646.65
474	0.0144583	-9000.19
475	0.0144583	-9104.82
476	0.0144583	-9208.95
477	0.0144583	-9031.42
478	0.0144583	-9099.46
479	0.0144583	-8917.25
480	0.0144583	-8869
481	0.0144583	-8942.12
482	0.0144583	-8685.1
483	0.0144583	-9032.85
484	0.0144583	-8548.49
485	0.0144583	-8753.97
486	0.0144583	-8713.94
487	0.0144583	-8765.23
488	0.0144583	-9122.72
489	0.0144583	-9056.34
490	0.0144583	-9095.66
491	0.0144583	-8814.97
492	0.0144583	-8930.59
493	0.0144583	-8795.09
494	0.0144583	-9099.14
495	0.0144583	-9172.84
496	0.0144583	-9133.83
497	0.0144583	-9149.62
498	0.0144583	-8595.27
499	0.0144583	-8508.22
500	0.0144583	-8699.31
501	0.0144583	-8910.75
502	0.0144583	-8715.68
503	0.0144583	-8946.42
504	0.0144583	-8698.03
505	0.0144583	-8756.7
506	0.0144583	-8893.26
507	0.0144583	-8733.43
508	0.0144583	-8648.74
509	0.0144583	-8607.52
510	0.0144583	-8940.57
511	0.0144583	-8903.06
512	0.0144583	-8744.49
513	0.0144583	-9438.49
514	0.0144583	-9085.56
515	0.0144583	-8989.84
516	0.0144583	-9209.27
517	0.0144583	-8970.5
518	0.0144583	-8973.18
519	0.0144583	-9141.92
520	0.0144583	-8962.3
521	0.0144583	-8846.97
522	0.0144583	-8930.76
523	0.0144583	-9101.88
524	0.0144583	-9028.6
525	0.0144583	-8796.95
526	0.0144583	-8776.44
527	0.0144583	-8921.21
528	0.0144583	-8715.09
529	0.0144583	-8795.04
530	0.0144583	-8739.12
531	0.0144583	-8661.91
532	0.0144583	-8905.64
533	0.0144583	-9199.3
534	0.0144583	-8787.92
535	0.0144583	-8906.76
536	0.0144583	-8754.11
537	0.0144583	-8685.77
538	0.0144583	-8635.92
539	0.0144583	-8930.4
540	0.0144583	-8995.25
541	0.0144583	-9585.77
542	0.0144583	-8706.96
543	0.0144583	-8648.69
544	0.0144583	-8919.57
545	0.0144583	-8766.53
546	0.0144583	-8575.57
547	0.0144583	-8804.33
548	0.0144583	-8828.48
549	0.0144583	-8806.91
550	0.0144583	-8749.29
551	0.0144583	-8703.68
552	0.0144583	-8844.11
553	0.0144583	-8944.42
554	0.0144583	-8688.68
555	0.0144583	-9030.44
556	0.0144583	-8989.04
557	0.0144583	-8966.05
558	0.0144583	-8831.34
559	0.0144583	-8966.31
560	0.0144583	-8978.57
561	0.0144583	-9057.32
562	0.0144583	-8741.42
563	0.0144583	-8720.8
564	0.0144583	-8673.95
565	0.0144583	-8582.48
566	0.0144583	-8589.64
567	0.0144583	-9049.61
568	0.0144583	-9091.37
569	0.0144583	-9050.71
570	0.0144583	-8831.19
571	0.0144583	-9207.11
572	0.0144583	-8882.52
573	0.0144583	-8580.56
574	0.0144583	-9116.76
575	0.0144583	-9067.96
576	0.0144583	-8929.78
577	0.0144583	-8822.06
578	0.0144583	-8907.92
579	0.0144583	-8955.37
580	0.0144583	-9109.17
581	0.0144583	-8981.2
582	0.0144583	-9118.93
583	0.0144583	-9401.44
584	0.0144583	-9321.58
585	0.0144583	-9180.69
586	0.0144583	-8863.44
587	0.0144583	-8865.79
588	0.0144583	-9092.41
589	0.0144583	-8831.45
590	0.0144583	-8809.61
591	0.0144583	-8806.26
592	0.0144583	-8793.21
593	0.0144583	-8752.79
594	0.0144583	-8719.06
595	0.0144583	-8830.01
596	0.0144583	-8804.49
597	0.0144583	-9048.27
598	0.0144583	-8916.84
599	0.0144583	-9073.54
600	0.0144583	-8785.06
601	0.0144583	-8863.81
602	0.0144583	-8904.96
603	0.0144583	-8741.59
604	0.0144583	-8952.5
605	0.0144583	-8898.95
606	0.0144583	-8970.4
607	0.0144583	-8565.48
608	0.0144583	-8892.95
609	0.0144583	-8801.9
610	0.0144583	-9182.43
611	0.0144583	-9123.5
612	0.0144583	-9105.95
613	0.0144583	-9204.06
614	0.0144583	-9006.12
615	0.0144583	-8675.59
616	0.0144583	-8718.65
617	0.0144583	-8703.14
618	0.0144583	-9166.01
619	0.0144583	-8928.23
620	0.0144583	-8978.63
621	0.0144583	-9004.13
622	0.0144583	-8856.73
623	0.0144583	-8757.06
624	0.0144583	-8722.56
625	0.0144583	-8960.94
626	0.0144583	-8792.8
627	0.0144583	-8817.26
628	0.0144583	-8677.34
629	0.0144583	-9228.51
630	0.0144583	-8699.34
631	0.0144583	-9054.88
632	0.0144583	-8966.49
633	0.0144583	-9140.88
634	0.0144583	-8952.39
635	0.0144583	-8841.12
636	0.0144583	-8634.58
637	0.0144583	-8556.99
638	0.0144583	-8835.65
639	0.0144583	-8957.49
640	0.0144583	-9282.98
641	0.0144583	-9052.38
642	0.0144583	-8910
643	0.0144583	-9492.53
644	0.0144583	-9434.25
645	0.0144583	-8988.22
646	0.0144583	-8891.63
647	0.0144583	-8803.66
648	0.0144583	-8752.74
649	0.0144583	-9119.88
650	0.0144583	-8801.36
651	0.0144583	-8674.82
652	0.0144583	-8592.85
653	0.0144583	-8846.46
654	0.0144583	-9117.57
655	0.0144583	-9239.76
656	0.0144583	-9052.85
657	0.0144583	-9086.2
658	0.0144583	-8908.47
659	0.0144583	-8973.04
660	0.0144583	-8654.15
661	0.0144583	-8824.93
662	0.0144583	-8719.32
663	0.0144583	-8949.66
664	0.0144583	-8892.24
665	0.0144583	-9055.98
666	0.0144583	-8906.1
667	0.0144583	-8996.56
668	0.0144583	-8953.82
669	0.0144583	-8942.72
670	0.0144583	-8864.42
671	0.0144583	-9010.39
672	0.0144583	-8804.08
673	0.0144583	-8666.85
674	0.0144583	-8783.32
675	0.0144583	-8895.9
676	0.0144583	-8684.63
677	0.0144583	-8966.02
678	0.0144583	-8889.11
679	0.0144583	-8685.1
680	0.0144583	-9177
681	0.0144583	-8762.72
682	0.0144583	-8850.29
683	0.0144583	-8805.67
684	0.0144583	-8747.64
685	0.0144583	-9012.17
686	0.0144583	-8781.82
687	0.0144583	-8963.97
688	0.0144583	-8927.71
689	0.0144583	-8795.04
690	0.0144583	-9022.14
691	0.0144583	-8591.24
692	0.0144583	-8846.88
693	0.0144583	-8733
694	0.0144583	-8921.93
695	0.0144583	-8774.4
696	0.0144583	-8740.56
697	0.0144583	-8851.62
698	0.0144583	-8684.71
699	0.0144583	-8837.93
700	0.0144583	-9001.72
701	0.0144583	-9264.26
702	0.0144583	-9390.73
703	0.0144583	-9304.81
704	0.0144583	-9228.31
705	0.0144583	-8931.02
706	0.0144583	-8548.96
707	0.0144583	-8742.69
708	0.0144583	-8966.12
709	0.0144583	-8636.12
710	0.0144583	-8860.06
711	0.0144583	-8910.88
712	0.0144583	-8990.7
713	0.0144583	-9176.86
714	0.0144583	-9203.13
715	0.0144583	-9655.93
716	0.0144583	-9611.61
717	0.0144583	-9051.24
718	0.0144583	-9303.07
719	0.0144583	-9168.87
720	0.0144583	-9006.06
721	0.0144583	-9002.71
722	0.0144583	-9024.14
723	0.0144583	-8814.76
724	0.0144583	-9084.29
725	0.0144583	-9267.34
726	0.0144583	-9374.29
727	0.0144583	-9001.43
728	0.0144583	-9380.93
729	0.0144583	-9255.22
730	0.0144583	-9413.95
731	0.0144583	-9429.82
732	0.0144583	-9352.42
733	0.0144583	-9069.29
734	0.0144583	-9185.92
735	0.0144583	-8756.26
736	0.0144583	-8951.09
737	0.0144583	-8767.09
738	0.0144583	-8785.49
739	0.0144583	-8787.54
740	0.0144583	-8830.68
741	0.0144583	-8537.9
742	0.0144583	-8914.84
743	0.0144583	-8842.35
744	0.0144583	-9019.58
745	0.0144583	-8871.97
746	0.0144583	-8881.95
747	0.0144583	-8740.35
748	0.0144583	-8617.14
749	0.0144583	-8868.76
750	0.0144583	-8972.95
751	0.0144583	-8644.77
752	0.0144583	-8601.83
753	0.0144583	-8585.89
754	0.0144583	-9103.76
755	0.0144583	-9182.42
756	0.0144583	-8685.54
757	0.0144583	-8530.03
758	0.0144583	-8718.57
759	0.0144583	-9065.15
760	0.0144583	-9020.82
761	0.0144583	-8990.94
762	0.0144583	-9014.21
763	0.0144583	-8813.7
764	0.0144583	-8665.69
765	0.0144583	-8877.19
766	0.0144583	-8895.52
767	0.0144583	-8797.75
768	0.0144583	-9058.08
769	0.0144583	-9151.26
770	0.0144583	-8954.41
771	0.0144583	-8772.4
772	0.0144583	-8718.22
773	0.0144583	-9010.75
774	0.0144583	-8732.66
775	0.0144583	-9027.64
776	0.0144583	-9097.46
777	0.0144583	-9084.09
778	0.0144583	-9070
779	0.0144583	-8750.59
780	0.0144583	-8968.13
781	0.0144583	-8712.37
782	0.0144583	-8780.66
783	0.0144583	-8683.31
784	0.0144583	-9210.06
785	0.0144583	-8787.83
786	0.0144583	-8982.33
787	0.0144583	-9030.07
788	0.0144583	-8791.37
789	0.0144583	-8889.42
790	0.0144583	-9117.59
791	0.0144583	-8813.72
792	0.0144583	-8643.17
793	0.0144583	-9072.51
794	0.0144583	-9107.82
795	0.0144583	-9195.23
796	0.0144583	-8985.85
797	0.0144583	-9191.85
798	0.0144583	-8874.38
799	0.0144583	-8970.95
800	0.0144583	-9406.18
801	0.0144583	-9060.79
802	0.0144583	-9271.63
803	0.0144583	-9058.72
804	0.0144583	-9140.27
805	0.0144583	-9023.73
806	0.0144583	-8650.96
807	0.0144583	-9044.75
808	0.0144583	-9006.49
809	0.0144583	-8951.69
810	0.0144583	-8938.28
811	0.0144583	-8517.31
812	0.0144583	-8721.25
813	0.0144583	-8589.06
814	0.0144583	-9197.61
815	0.0144583	-9015.16
816	0.0144583	-8859.36
817	0.0144583	-9383.69
818	0.0144583	-8968.15
819	0.0144583	-9471.48
820	0.0144583	-8992.87
821	0.0144583	-8954.9
822	0.0144583	-8934.33
823	0.0144583	-9182.42
824	0.0144583	-8737.98
825	0.0144583	-8770.51
826	0.0144583	-8790.27
827	0.0144583	-8804.28
828	0.0144583	-8770.4
829	0.0144583	-8765.19
830	0.0144583	-8644.37
831	0.0144583	-8933.7
832	0.0144583	-8850.2
833	0.0144583	-8798.99
834	0.0144583	-8980.35
835	0.0144583	-8873.9
836	0.0144583	-8652.04
837	0.0144583	-8611.96
838	0.0144583	-8991.45
839	0.0144583	-9131.47
840	0.0144583	-8823.95
841	0.0144583	-9009.86
842	0.0144583	-9588.63
843	0.0144583	-9183.41
844	0.0144583	-8815.98
845	0.0144583	-8741.08
846	0.0144583	-8929.18
847	0.0144583	-8987.03
848	0.0144583	-9146.09
849	0.0144583	-9374.88
850	0.0144583	-8807.41
851	0.0144583	-8853.17
852	0.0144583	-9129.83
853	0.0144583	-9274.38
854	0.0144583	-8819.74
855	0.0144583	-8833.27
856	0.0144583	-8744.72
857	0.0144583	-8715.33
858	0.0144583	-8900.14
859	0.0144583	-8932.43
860	0.0144583	-8903
861	0.0144583	-8856.36
862	0.0144583	-8845.32
863	0.0144583	-8704.09
864	0.0144583	-8743.37
865	0.0144583	-8824.58
866	0.0144583	-8762.77
867	0.0144583	-8701.44
868	0.0144583	-8903.12
869	0.0144583	-9109.62
870	0.0144583	-8857.99
871	0.0144583	-9070.62
872	0.0144583	-8604.63
873	0.0144583	-8709.79
874	0.0144583	-9054.96
875	0.0144583	-8985.42
876	0.0144583	-8926.54
877	0.0144583	-8908.48
878	0.0144583	-8703.35
879	0.0144583	-8827.73
880	0.0144583	-8801.93
881	0.0144583	-8901.95
882	0.0144583	-8862.57
883	0.0144583	-8921.17
884	0.0144583	-9049.63
885	0.0144583	-8994.22
886	0.0144583	-9017.49
887	0.0144583	-9037.44
888	0.0144583	-9009.93
889	0.0144583	-8586.1
890	0.0144583	-8506.54
891	0.0144583	-8687.36
892	0.0144583	-8686.07
893	0.0144583	-9002.53
894	0.0144583	-8822.57
895	0.0144583	-9123.1
896	0.0144583	-8883
897	0.0144583	-9096.12
898	0.0144583	-8823.74
899	0.0144583	-8818.94
900	0.0144583	-8797.96
901	0.0144583	-8963.39
902	0.0144583	-8901.76
903	0.0144583	-8753.62
904	0.0144583	-8855.11
905	0.0144583	-8759.7
906	0.0144583	-9136.5
907	0.0144583	-9119.65
908	0.0144583	-9454.54
909	0.0144583	-9075.05
910	0.0144583	-9435.25
911	0.0144583	-9361.11
912	0.0144583	-8786.21
913	0.0144583	-8594.83
914	0.0144583	-9125.52
915	0.0144583	-8956.35
916	0.0144583	-8940.16
917	0.0144583	-8863.81
918	0.0144583	-8769.05
919	0.0144583	-8902.9
920	0.0144583	-8917.7
921	0.0144583	-8782.32
922	0.0144583	-9474.6
923	0.0144583	-8914.63
924	0.0144583	-9002.55
925	0.0144583	-8544.25
926	0.0144583	-8577.56
927	0.0144583	-8890.61
928	0.0144583	-9190.45
929	0.0144583	-8942.21
930	0.0144583	-8961.6
931	0.0144583	-8795.21
932	0.0144583	-9276.13
933	0.0144583	-9258.47
934	0.0144583	-9355.27
935	0.0144583	-8918.12
936	0.0144583	-8626.34
937	0.0144583	-8726.07
938	0.0144583	-8828.2
939	0.0144583	-8909.22
940	0.0144583	-9302.78
941	0.0144583	-9035.03
942	0.0144583	-9050.7
943	0.0144583	-8823.96
944	0.0144583	-8749.18
945	0.0144583	-8962.34
946	0.0144583	-8857.31
947	0.0144583	-8939.79
948	0.0144583	-8735.87
949	0.0144583	-8893.87
950	0.0144583	-8981.25
951	0.0144583	-8987.98
952	0.0144583	-8912.76
953	0.0144583	-8890.37
954	0.0144583	-8640.6
955	0.0144583	-9116.14
956	0.0144583	-9013.89
957	0.0144583	-8911.53
958	0.0144583	-8735.91
959	0.0144583	-9000.46
960	0.0144583	-9018.33
961	0.0144583	-9432.76
962	0.0144583	-9345.79
963	0.0144583	-9074.71
964	0.0144583	-8867.9
965	0.0144583	-8789.99
966	0.0144583	-8668.07
967	0.0144583	-8648.99
968	0.0144583	-8951.54
969	0.0144583	-9062.82
970	0.0144583	-8813.28
971	0.0144583	-8580.32
972	0.0144583	-8566.91
973	0.0144583	-8728.59
974	0.0144583	-8873.66
975	0.0144583	-8460.75
976	0.0144583	-8798.17
977	0.0144583	-8757.5
978	0.0144583	-8682.46
979	0.0144583	-9336.74
980	0.0144583	-8718.05
981	0.0144583	-8667.49
982	0.0144583	-8875.69
983	0.0144583	-8956.88
984	0.0144583	-8782.05
985	0.0144583	-9067.49
986	0.0144583	-9126.76
987	0.0144583	-8980.53
988	0.0144583	-9123.95
989	0.0144583	-8742.37
990	0.0144583	-9024.76
991	0.0144583	-9197.2
992	0.0144583	-9023.65
993	0.0144583	-8918.15
994	0.0144583	-9172.33
995	0.0144583	-8882.57
996	0.0144583	-8720.76
997	0.0144583	-8611.61
998	0.0144583	-8723.78
999	0.0144583	-8702.78
1000	0.0144583	-8837.12
251	0.0113284	-8822.9
252	0.0113284	-9161.35
253	0.0113284	-9167.72
254	0.0113284	-9013.46
255	0.0113284	-8917.26
256	0.0113284	-9150.76
257	0.0113284	-9271.09
258	0.0113284	-9329.03
259	0.0113284	-9891.47
260	0.0113284	-9268.71
261	0.0113284	-9325.98
262	0.0113284	-9162.21
263	0.0113284	-9552.31
264	0.0113284	-8948.25
265	0.0113284	-8880.48
266	0.0113284	-8826.47
267	0.0113284	-8817.52
268	0.0113284	-8859.96
269	0.0113284	-9034.63
270	0.0113284	-8931.57
271	0.0113284	-8671.4
272	0.0113284	-9175.88
273	0.0113284	-9087.14
274	0.0113284	-8690.9
275	0.0113284	-8714.9
276	0.0113284	-8825.42
277	0.0113284	-9032.47
278	0.0113284	-8977.83
279	0.0113284	-9293.98
280	0.0113284	-8744.81
281	0.0113284	-8915.04
282	0.0113284	-9271.89
283	0.0113284	-9356.68
284	0.0113284	-9629.51
285	0.0113284	-9051.91
286	0.0113284	-9112.32
287	0.0113284	-9643.89
288	0.0113284	-9051.35
289	0.0113284	-8764.91
290	0.0113284	-8772.2
291	0.0113284	-9061.45
292	0.0113284	-8636.12
293	0.0113284	-8883.61
294	0.0113284	-8996.23
295	0.0113284	-8885
296	0.0113284	-8908.31
297	0.0113284	-8946.52
298	0.0113284	-9129.08
299	0.0113284	-8909.43
300	0.0113284	-9118.83
301	0.0113284	-9133.24
302	0.0113284	-8756.95
303	0.0113284	-8752.39
304	0.0113284	-9061.01
305	0.0113284	-8796.37
306	0.0113284	-8826.83
307	0.0113284	-8885.26
308	0.0113284	-9004.73
309	0.0113284	-9252.36
310	0.0113284	-8619.64
311	0.0113284	-8846.37
312	0.0113284	-9049.05
313	0.0113284	-9199.13
314	0.0113284	-8793.59
315	0.0113284	-9189.34
316	0.0113284	-9083.38
317	0.0113284	-8942.45
318	0.0113284	-9262.99
319	0.0113284	-8870.62
320	0.0113284	-9041.81
321	0.0113284	-8933.67
322	0.0113284	-9676.41
323	0.0113284	-8933.13
324	0.0113284	-9204.48
325	0.0113284	-9115.16
326	0.0113284	-9458.18
327	0.0113284	-8982.07
328	0.0113284	-8962.73
329	0.0113284	-9299.88
330	0.0113284	-9106.93
331	0.0113284	-9478.4
332	0.0113284	-9471.55
333	0.0113284	-9082.22
334	0.0113284	-9115.97
335	0.0113284	-9245.76
336	0.0113284	-8904.53
337	0.0113284	-9203.77
338	0.0113284	-9215.4
339	0.0113284	-9498.56
340	0.0113284	-8883.59
341	0.0113284	-9104.03
342	0.0113284	-9161.4
343	0.0113284	-8989.83
344	0.0113284	-8855.33
345	0.0113284	-8985.99
346	0.0113284	-8952.03
347	0.0113284	-9004.02
348	0.0113284	-8993.73
349	0.0113284	-8799.78
350	0.0113284	-9218
351	0.0113284	-8943.77
352	0.0113284	-8795.09
353	0.0113284	-8989.58
354	0.0113284	-9026.13
355	0.0113284	-8669.5
356	0.0113284	-9182.64
357	0.0113284	-8917.6
358	0.0113284	-8831.37
359	0.0113284	-9202.36
360	0.0113284	-9086.24
361	0.0113284	-9101.17
362	0.0113284	-9321.02
363	0.0113284	-9597.51
364	0.0113284	-8978.98
365	0.0113284	-9375.46
366	0.0113284	-8763.13
367	0.0113284	-9149.57
368	0.0113284	-9195.9
369	0.0113284	-9079.74
370	0.0113284	-9000.46
371	0.0113284	-8887.92
372	0.0113284	-8756.51
373	0.0113284	-8859.9
374	0.0113284	-8914.16
375	0.0113284	-8953.07
376	0.0113284	-9183.49
377	0.0113284	-8748.48
378	0.0113284	-8655.32
379	0.0113284	-9145.64
380	0.0113284	-8702.29
381	0.0113284	-8934.31
382	0.0113284	-8629.45
383	0.0113284	-8526.31
384	0.0113284	-8587.03
385	0.0113284	-8973.55
386	0.0113284	-8925.98
387	0.0113284	-8675.35
388	0.0113284	-8766.67
389	0.0113284	-9070.01
390	0.0113284	-9177.29
391	0.0113284	-9612.71
392	0.0113284	-9911.74
393	0.0113284	-9309.24
394	0.0113284	-8784.87
395	0.0113284	-9361.52
396	0.0113284	-9477.19
397	0.0113284	-9045.3
398	0.0113284	-8768.88
399	0.0113284	-8930.15
400	0.0113284	-9251.11
401	0.0113284	-9172.18
402	0.0113284	-8907.52
403	0.0113284	-9381.69
404	0.0113284	-9157.41
405	0.0113284	-8817.63
406	0.0113284	-9033.71
407	0.0113284	-8462.6
408	0.0113284	-8845.02
409	0.0113284	-9035.31
410	0.0113284	-8915.49
411	0.0113284	-8810.05
412	0.0113284	-9284.22
413	0.0113284	-8993.54
414	0.0113284	-8933.6
415	0.0113284	-9228.59
416	0.0113284	-9139.78
417	0.0113284	-8661.32
418	0.0113284	-8856.22
419	0.0113284	-8715.11
420	0.0113284	-8658.04
421	0.0113284	-8575.39
422	0.0113284	-8640.38
423	0.0113284	-8754.39
424	0.0113284	-8567.75
425	0.0113284	-8864.18
426	0.0113284	-8939.25
427	0.0113284	-8858.9
428	0.0113284	-9050.24
429	0.0113284	-8957.49
430	0.0113284	-9289.38
431	0.0113284	-8917.92
432	0.0113284	-9069.68
433	0.0113284	-8998.57
434	0.0113284	-9304.61
435	0.0113284	-9360.92
436	0.0113284	-9124.14
437	0.0113284	-9083.79
438	0.0113284	-9380.31
439	0.0113284	-9024.98
440	0.0113284	-9006.33
441	0.0113284	-8855.37
442	0.0113284	-8952.9
443	0.0113284	-9053.91
444	0.0113284	-9068.51
445	0.0113284	-8890.65
446	0.0113284	-9149.4
447	0.0113284	-9455.86
448	0.0113284	-9335.52
449	0.0113284	-9895.7
450	0.0113284	-8915.89
451	0.0113284	-9206.81
452	0.0113284	-8929.8
453	0.0113284	-8877.35
454	0.0113284	-9091.88
455	0.0113284	-8841.51
456	0.0113284	-8904.15
457	0.0113284	-8945.16
458	0.0113284	-8683.96
459	0.0113284	-8804.06
460	0.0113284	-8888.83
461	0.0113284	-8809.19
462	0.0113284	-9099.21
463	0.0113284	-8975.72
464	0.0113284	-8998.72
465	0.0113284	-8710.36
466	0.0113284	-8888.16
467	0.0113284	-9224.3
468	0.0113284	-9469.45
469	0.0113284	-9148.33
470	0.0113284	-8701.16
471	0.0113284	-9520.63
472	0.0113284	-9146.99
473	0.0113284	-8980.48
474	0.0113284	-9104.21
475	0.0113284	-8948.44
476	0.0113284	-8734.16
477	0.0113284	-9025.46
478	0.0113284	-9315.79
479	0.0113284	-8854.29
480	0.0113284	-9536.03
481	0.0113284	-9006.79
482	0.0113284	-9189.2
483	0.0113284	-9247.15
484	0.0113284	-9266.54
485	0.0113284	-9300.23
486	0.0113284	-9399.84
487	0.0113284	-9422.72
488	0.0113284	-9118.22
489	0.0113284	-8989.73
490	0.0113284	-9211.66
491	0.0113284	-9093.27
492	0.0113284	-8962.16
493	0.0113284	-8950.69
494	0.0113284	-9075.32
495	0.0113284	-8971.26
496	0.0113284	-9885.81
497	0.0113284	-9166.23
498	0.0113284	-8664.95
499	0.0113284	-8853.61
500	0.0113284	-8582.26
501	0.0113284	-8654.1
502	0.0113284	-8747.94
503	0.0113284	-8826.72
504	0.0113284	-9061.64
505	0.0113284	-9052.01
506	0.0113284	-9084.49
507	0.0113284	-9093.39
508	0.0113284	-8896.69
509	0.0113284	-8847.31
510	0.0113284	-9022.17
511	0.0113284	-9161
512	0.0113284	-8806.19
513	0.0113284	-9156.51
514	0.0113284	-9756.29
515	0.0113284	-8757.71
516	0.0113284	-8943.55
517	0.0113284	-9055.89
518	0.0113284	-9212.5
519	0.0113284	-9021.01
520	0.0113284	-8710.93
521	0.0113284	-8761.04
522	0.0113284	-9103.29
523	0.0113284	-9377.22
524	0.0113284	-8834.31
525	0.0113284	-9205.01
526	0.0113284	-9590.09
527	0.0113284	-8861.6
528	0.0113284	-8895.19
529	0.0113284	-9011.41
530	0.0113284	-8886.21
531	0.0113284	-8717.97
532	0.0113284	-8751.84
533	0.0113284	-9046.44
534	0.0113284	-8876.86
535	0.0113284	-8637.52
536	0.0113284	-8954.19
537	0.0113284	-8695.83
538	0.0113284	-8944.59
539	0.0113284	-9017.48
540	0.0113284	-9010.06
541	0.0113284	-9044.74
542	0.0113284	-9083.88
543	0.0113284	-9095.49
544	0.0113284	-9417.34
545	0.0113284	-9379.47
546	0.0113284	-9226.98
547	0.0113284	-9137.04
548	0.0113284	-8774.19
549	0.0113284	-8924.15
550	0.0113284	-9096.77
551	0.0113284	-8937.54
552	0.0113284	-8776.75
553	0.0113284	-9127.84
554	0.0113284	-8952.53
555	0.0113284	-8978.77
556	0.0113284	-9676.94
557	0.0113284	-9349.98
558	0.0113284	-9178.64
559	0.0113284	-9006.64
560	0.0113284	-8947.61
561	0.0113284	-9137.94
562	0.0113284	-8741.38
563	0.0113284	-8971.7
564	0.0113284	-9025.32
565	0.0113284	-9247.85
566	0.0113284	-9489.23
567	0.0113284	-9064.28
568	0.0113284	-9269.14
569	0.0113284	-8982.17
570	0.0113284	-8870.58
571	0.0113284	-8828.88
572	0.0113284	-8847.01
573	0.0113284	-8693.3
574	0.0113284	-9470.7
575	0.0113284	-9073.01
576	0.0113284	-9717.61
577	0.0113284	-9619.13
578	0.0113284	-9269.18
579	0.0113284	-8933.15
580	0.0113284	-8637.82
581	0.0113284	-9049.14
582	0.0113284	-9206.78
583	0.0113284	-9023.36
584	0.0113284	-8650.24
585	0.0113284	-8850.86
586	0.0113284	-8725.66
587	0.0113284	-9169.18
588	0.0113284	-9003.64
589	0.0113284	-9303.18
590	0.0113284	-9230.15
591	0.0113284	-9781.84
592	0.0113284	-9123.64
593	0.0113284	-9208.7
594	0.0113284	-9049.57
595	0.0113284	-9439.34
596	0.0113284	-9010.55
597	0.0113284	-9122.95
598	0.0113284	-8665.33
599	0.0113284	-8672.23
600	0.0113284	-9109.58
601	0.0113284	-9088.36
602	0.0113284	-9037.41
603	0.0113284	-8732.7
604	0.0113284	-8681.23
605	0.0113284	-9007.54
606	0.0113284	-9034.63
607	0.0113284	-8841.42
608	0.0113284	-9471.45
609	0.0113284	-9047.97
610	0.0113284	-9148.36
611	0.0113284	-9227.32
612	0.0113284	-9236.34
613	0.0113284	-8723.34
614	0.0113284	-8779.76
615	0.0113284	-9301.28
616	0.0113284	-8529.03
617	0.0113284	-8717.77
618	0.0113284	-8939.06
619	0.0113284	-9542.01
620	0.0113284	-9917.33
621	0.0113284	-9777.2
622	0.0113284	-8768.06
623	0.0113284	-8793.31
624	0.0113284	-8934.68
625	0.0113284	-8736.6
626	0.0113284	-9070.48
627	0.0113284	-8807.87
628	0.0113284	-8907.45
629	0.0113284	-8729.72
630	0.0113284	-9296.64
631	0.0113284	-9204.24
632	0.0113284	-9298.74
633	0.0113284	-9207.06
634	0.0113284	-8923.97
635	0.0113284	-8804.27
636	0.0113284	-9149.41
637	0.0113284	-8925.23
638	0.0113284	-8818.47
639	0.0113284	-8819.47
640	0.0113284	-8883.04
641	0.0113284	-9103.09
642	0.0113284	-9137.01
643	0.0113284	-8823.76
644	0.0113284	-9451.49
645	0.0113284	-9659.19
646	0.0113284	-9229.45
647	0.0113284	-9364.72
648	0.0113284	-8925.15
649	0.0113284	-8894.38
650	0.0113284	-9000.74
651	0.0113284	-8984.18
652	0.0113284	-8682.87
653	0.0113284	-8683.34
654	0.0113284	-8860.12
655	0.0113284	-8959.7
656	0.0113284	-9208.18
657	0.0113284	-9295.01
658	0.0113284	-9331.39
659	0.0113284	-9337.62
660	0.0113284	-9030.96
661	0.0113284	-9517.39
662	0.0113284	-9215.22
663	0.0113284	-9457.31
664	0.0113284	-9623.52
665	0.0113284	-9030.2
666	0.0113284	-9084.41
667	0.0113284	-9050.07
668	0.0113284	-9335.45
669	0.0113284	-9007.37
670	0.0113284	-9748.23
671	0.0113284	-8813.2
672	0.0113284	-8502.87
673	0.0113284	-8783.55
674	0.0113284	-8814.71
675	0.0113284	-9068.29
676	0.0113284	-9462.45
677	0.0113284	-9070.45
678	0.0113284	-9407.42
679	0.0113284	-9366.95
680	0.0113284	-9203.75
681	0.0113284	-9367.66
682	0.0113284	-9206.77
683	0.0113284	-9179.8
684	0.0113284	-9019.71
685	0.0113284	-8892.41
686	0.0113284	-9119.51
687	0.0113284	-8823.99
688	0.0113284	-8850.28
689	0.0113284	-8961.8
690	0.0113284	-8911.9
691	0.0113284	-8855.76
692	0.0113284	-9088.66
693	0.0113284	-8857.35
694	0.0113284	-9397.13
695	0.0113284	-9717.93
696	0.0113284	-9187.1
697	0.0113284	-9179.28
698	0.0113284	-9383.57
699	0.0113284	-8879.56
700	0.0113284	-8836.94
701	0.0113284	-9079.84
702	0.0113284	-8663.25
703	0.0113284	-8908.06
704	0.0113284	-9125.11
705	0.0113284	-9030.09
706	0.0113284	-9099.03
707	0.0113284	-8467.32
708	0.0113284	-8717.49
709	0.0113284	-8941.78
710	0.0113284	-8717.84
711	0.0113284	-8921.63
712	0.0113284	-8870.24
713	0.0113284	-8841.08
714	0.0113284	-9304.53
715	0.0113284	-8755.73
716	0.0113284	-9073.66
717	0.0113284	-8966.97
718	0.0113284	-8969.98
719	0.0113284	-8730.92
720	0.0113284	-9000.14
721	0.0113284	-8811.76
722	0.0113284	-8586.72
723	0.0113284	-9152.26
724	0.0113284	-9305.74
725	0.0113284	-8801.94
726	0.0113284	-9758.34
727	0.0113284	-9767.37
728	0.0113284	-9241.01
729	0.0113284	-9262.49
730	0.0113284	-9074.65
731	0.0113284	-9514.85
732	0.0113284	-8706.73
733	0.0113284	-8816.18
734	0.0113284	-8884.88
735	0.0113284	-9036.08
736	0.0113284	-8925.57
737	0.0113284	-8838.55
738	0.0113284	-8853.48
739	0.0113284	-9094.39
740	0.0113284	-9148.86
741	0.0113284	-9334.92
742	0.0113284	-8761.76
743	0.0113284	-9005.01
744	0.0113284	-8743.09
745	0.0113284	-8860.21
746	0.0113284	-8892.68
747	0.0113284	-9366.04
748	0.0113284	-9075.67
749	0.0113284	-8732.53
750	0.0113284	-9151.64
751	0.0113284	-8801.32
752	0.0113284	-8837.85
753	0.0113284	-8898.74
754	0.0113284	-9003.53
755	0.0113284	-8851.2
756	0.0113284	-9404.93
757	0.0113284	-9256.94
758	0.0113284	-8931.23
759	0.0113284	-9019.28
760	0.0113284	-8995.56
761	0.0113284	-8934.5
762	0.0113284	-9326.62
763	0.0113284	-8905.33
764	0.0113284	-8779.15
765	0.0113284	-8993.96
766	0.0113284	-9082.92
767	0.0113284	-9531.38
768	0.0113284	-9032.13
769	0.0113284	-9161.22
770	0.0113284	-9034.17
771	0.0113284	-9256.5
772	0.0113284	-9010.51
773	0.0113284	-8839.67
774	0.0113284	-8819.55
775	0.0113284	-8671.87
776	0.0113284	-8682.35
777	0.0113284	-8940.94
778	0.0113284	-9321.28
779	0.0113284	-8931.18
780	0.0113284	-9522.46
781	0.0113284	-9017.83
782	0.0113284	-9163.02
783	0.0113284	-9236.19
784	0.0113284	-8796.17
785	0.0113284	-8989.29
786	0.0113284	-8871.7
787	0.0113284	-9128.11
788	0.0113284	-8908.11
789	0.0113284	-9524.58
790	0.0113284	-8793.92
791	0.0113284	-9082.78
792	0.0113284	-9330.33
793	0.0113284	-9191.02
794	0.0113284	-9370.58
795	0.0113284	-9492.59
796	0.0113284	-8994.41
797	0.0113284	-9071.06
798	0.0113284	-8844.64
799	0.0113284	-8881.87
800	0.0113284	-8946.84
801	0.0113284	-8838.21
802	0.0113284	-9134.84
803	0.0113284	-9072.23
804	0.0113284	-8990.32
805	0.0113284	-9071.74
806	0.0113284	-9076.35
807	0.0113284	-8964.8
808	0.0113284	-8670.41
809	0.0113284	-8730.86
810	0.0113284	-9057.07
811	0.0113284	-8672.49
812	0.0113284	-8963.6
813	0.0113284	-8763.32
814	0.0113284	-9020.69
815	0.0113284	-8827.62
816	0.0113284	-9284.39
817	0.0113284	-9327.49
818	0.0113284	-8924.79
819	0.0113284	-8999.49
820	0.0113284	-9072.51
821	0.0113284	-8994.14
822	0.0113284	-9252.56
823	0.0113284	-8955.57
824	0.0113284	-8756.13
825	0.0113284	-9045.52
826	0.0113284	-9499.3
827	0.0113284	-8866.45
828	0.0113284	-8989.15
829	0.0113284	-9029.71
830	0.0113284	-8985.9
831	0.0113284	-8856.8
832	0.0113284	-9042.15
833	0.0113284	-8770.23
834	0.0113284	-9109.37
835	0.0113284	-8624.55
836	0.0113284	-8914.47
837	0.0113284	-9321.71
838	0.0113284	-9049.16
839	0.0113284	-9137.27
840	0.0113284	-8777.76
841	0.0113284	-9049.21
842	0.0113284	-9090.2
843	0.0113284	-9314.88
844	0.0113284	-9262.52
845	0.0113284	-9201.09
846	0.0113284	-9754.2
847	0.0113284	-8994.22
848	0.0113284	-9146.59
849	0.0113284	-9361.18
850	0.0113284	-9087.5
851	0.0113284	-9106.8
852	0.0113284	-9381.35
853	0.0113284	-8836.38
854	0.0113284	-8976.79
855	0.0113284	-9090.17
856	0.0113284	-9259.16
857	0.0113284	-9209.45
858	0.0113284	-8947.22
859	0.0113284	-8868.78
860	0.0113284	-8839.74
861	0.0113284	-10169.5
862	0.0113284	-9050.43
863	0.0113284	-8872.35
864	0.0113284	-8857.11
865	0.0113284	-9086.74
866	0.0113284	-9633.43
867	0.0113284	-9056.93
868	0.0113284	-9028.46
869	0.0113284	-9277.58
870	0.0113284	-8931.18
871	0.0113284	-9320.91
872	0.0113284	-8910.49
873	0.0113284	-8803.36
874	0.0113284	-8673.87
875	0.0113284	-8778.04
876	0.0113284	-9042.47
877	0.0113284	-9517.51
878	0.0113284	-9255.45
879	0.0113284	-8799.34
880	0.0113284	-8944.9
881	0.0113284	-9054.07
882	0.0113284	-9118.62
883	0.0113284	-10009.2
884	0.0113284	-9060.49
885	0.0113284	-9014.52
886	0.0113284	-8940.7
887	0.0113284	-8838.55
888	0.0113284	-8983.64
889	0.0113284	-9004.25
890	0.0113284	-8902.04
891	0.0113284	-9082.23
892	0.0113284	-8956.9
893	0.0113284	-9103.55
894	0.0113284	-9303.01
895	0.0113284	-8805.98
896	0.0113284	-8950.94
897	0.0113284	-8855.15
898	0.0113284	-8837.22
899	0.0113284	-8963.43
900	0.0113284	-9073.65
901	0.0113284	-8682.01
902	0.0113284	-8981.49
903	0.0113284	-8993.96
904	0.0113284	-9085.72
905	0.0113284	-9279.21
906	0.0113284	-9216.66
907	0.0113284	-9187.29
908	0.0113284	-9199.47
909	0.0113284	-9268.23
910	0.0113284	-9051.21
911	0.0113284	-9112.85
912	0.0113284	-8986.13
913	0.0113284	-8858.16
914	0.0113284	-8891.08
915	0.0113284	-8975.25
916	0.0113284	-8991.58
917	0.0113284	-8674.52
918	0.0113284	-9171.46
919	0.0113284	-9328.27
920	0.0113284	-9025.01
921	0.0113284	-9117.6
922	0.0113284	-9448.31
923	0.0113284	-9159.67
924	0.0113284	-9217.03
925	0.0113284	-9723.04
926	0.0113284	-9735.5
927	0.0113284	-9299.02
928	0.0113284	-8940.26
929	0.0113284	-8749.14
930	0.0113284	-9698.84
931	0.0113284	-9644.28
932	0.0113284	-9400.13
933	0.0113284	-9140.65
934	0.0113284	-9032.95
935	0.0113284	-9005.71
936	0.0113284	-8597.3
937	0.0113284	-8731.65
938	0.0113284	-8921.58
939	0.0113284	-9290.49
940	0.0113284	-9096.59
941	0.0113284	-9007.33
942	0.0113284	-8835.67
943	0.0113284	-8907.28
944	0.0113284	-9340.64
945	0.0113284	-9478.78
946	0.0113284	-8739.1
947	0.0113284	-9263.26
948	0.0113284	-8877.28
949	0.0113284	-9077.98
950	0.0113284	-9150.47
951	0.0113284	-9465.85
952	0.0113284	-8895.71
953	0.0113284	-9028.98
954	0.0113284	-9387.69
955	0.0113284	-8843.25
956	0.0113284	-8788.56
957	0.0113284	-8741.32
958	0.0113284	-8684.64
959	0.0113284	-8634.76
960	0.0113284	-8706.29
961	0.0113284	-8923.35
962	0.0113284	-8646.35
963	0.0113284	-8799.22
964	0.0113284	-9191.03
965	0.0113284	-9152.41
966	0.0113284	-9135.36
967	0.0113284	-8996.57
968	0.0113284	-9172.24
969	0.0113284	-9165.11
970	0.0113284	-9190.12
971	0.0113284	-8667.29
972	0.0113284	-8920.53
973	0.0113284	-9142.86
974	0.0113284	-8824.39
975	0.0113284	-8997.86
976	0.0113284	-9004.22
977	0.0113284	-8874.39
978	0.0113284	-8673.24
979	0.0113284	-8801.05
980	0.0113284	-8615.14
981	0.0113284	-8697.6
982	0.0113284	-8787.32
983	0.0113284	-8899.85
984	0.0113284	-9335.87
985	0.0113284	-8828.78
986	0.0113284	-9037.38
987	0.0113284	-9653.1
988	0.0113284	-8993.66
989	0.0113284	-8779.7
990	0.0113284	-8878.2
991	0.0113284	-9022
992	0.0113284	-8885.59
993	0.0113284	-8917.08
994	0.0113284	-9148.47
995	0.0113284	-9145.7
996	0.0113284	-8989.25
997	0.0113284	-8979.51
998	0.0113284	-9057.32
999	0.0113284	-8891.2
1000	0.0113284	-9084.1
251	0.00876572	-9014.93
252	0.00876572	-9519.19
253	0.00876572	-10095.7
254	0.00876572	-8784.5
255	0.00876572	-8887.4
256	0.00876572	-9758.44
257	0.00876572	-9220.68
258	0.00876572	-10050.8
259	0.00876572	-9946.21
260	0.00876572	-9363.8
261	0.00876572	-8879.33
262	0.00876572	-9121.64
263	0.00876572	-8989.88
264	0.00876572	-9121.24
265	0.00876572	-8853.35
266	0.00876572	-9108.81
267	0.00876572	-9514.13
268	0.00876572	-9137.68
269	0.00876572	-9440.53
270	0.00876572	-8915.71
271	0.00876572	-9522.76
272	0.00876572	-9634.92
273	0.00876572	-9685.04
274	0.00876572	-8656.23
275	0.00876572	-9287.01
276	0.00876572	-9181.85
277	0.00876572	-9303.19
278	0.00876572	-9458.01
279	0.00876572	-8859.76
280	0.00876572	-9129.64
281	0.00876572	-9360.53
282	0.00876572	-9130.81
283	0.00876572	-8675.36
284	0.00876572	-8781.82
285	0.00876572	-8998.4
286	0.00876572	-9458.59
287	0.00876572	-8802.66
288	0.00876572	-9228.56
289	0.00876572	-9310.24
290	0.00876572	-9319.52
291	0.00876572	-9950.1
292	0.00876572	-9215.6
293	0.00876572	-9164.33
294	0.00876572	-8988.44
295	0.00876572	-9250.99
296	0.00876572	-8993.17
297	0.00876572	-8714.89
298	0.00876572	-8818.4
299	0.00876572	-9442.69
300	0.00876572	-9220.2
301	0.00876572	-9524.15
302	0.00876572	-9873.52
303	0.00876572	-10241
304	0.00876572	-10179.7
305	0.00876572	-10214.8
306	0.00876572	-9320.98
307	0.00876572	-9104.08
308	0.00876572	-9062.59
309	0.00876572	-8845.1
310	0.00876572	-9213.33
311	0.00876572	-9004.02
312	0.00876572	-9343.65
313	0.00876572	-10020.2
314	0.00876572	-9508.34
315	0.00876572	-8829.18
316	0.00876572	-9050.48
317	0.00876572	-8709.86
318	0.00876572	-8948.48
319	0.00876572	-8869.23
320	0.00876572	-9037.06
321	0.00876572	-9222.28
322	0.00876572	-8914.73
323	0.00876572	-8854.61
324	0.00876572	-9175.59
325	0.00876572	-9234.17
326	0.00876572	-9303.9
327	0.00876572	-10018.5
328	0.00876572	-9716.41
329	0.00876572	-10150.2
330	0.00876572	-9608.65
331	0.00876572	-9425.2
332	0.00876572	-9377.14
333	0.00876572	-9204.87
334	0.00876572	-9115.76
335	0.00876572	-9469.61
336	0.00876572	-9376.8
337	0.00876572	-9135
338	0.00876572	-8871.64
339	0.00876572	-8947.07
340	0.00876572	-9890.39
341	0.00876572	-9909.99
342	0.00876572	-9262.14
343	0.00876572	-9338.45
344	0.00876572	-9913.54
345	0.00876572	-9574.59
346	0.00876572	-9690
347	0.00876572	-9312.58
348	0.00876572	-8774.22
349	0.00876572	-8939.6
350	0.00876572	-10007.8
351	0.00876572	-9816.44
352	0.00876572	-8977.14
353	0.00876572	-9383.33
354	0.00876572	-10038.8
355	0.00876572	-8975.76
356	0.00876572	-9377.17
357	0.00876572	-9149.79
358	0.00876572	-8936.2
359	0.00876572	-8992.48
360	0.00876572	-9030.83
361	0.00876572	-9308.35
362	0.00876572	-9259
363	0.00876572	-9163.87
364	0.00876572	-9501.21
365	0.00876572	-9581.86
366	0.00876572	-10027.8
367	0.00876572	-9623.13
368	0.00876572	-9377.92
369	0.00876572	-9639.56
370	0.00876572	-9796.98
371	0.00876572	-9937.79
372	0.00876572	-9664.78
373	0.00876572	-10369.3
374	0.00876572	-9684.58
375	0.00876572	-9493.46
376	0.00876572	-9148.86
377	0.00876572	-9408.87
378	0.00876572	-9185.46
379	0.00876572	-9601.71
380	0.00876572	-9225.79
381	0.00876572	-9345.47
382	0.00876572	-9218.15
383	0.00876572	-8912.73
384	0.00876572	-8959.42
385	0.00876572	-9079.23
386	0.00876572	-9196.27
387	0.00876572	-9592.47
388	0.00876572	-9452.82
389	0.00876572	-9457.18
390	0.00876572	-9223.66
391	0.00876572	-9611.71
392	0.00876572	-9248.14
393	0.00876572	-9592.07
394	0.00876572	-9274.38
395	0.00876572	-9219.72
396	0.00876572	-8751.52
397	0.00876572	-8900.53
398	0.00876572	-10182
399	0.00876572	-8948.68
400	0.00876572	-9104.79
401	0.00876572	-9542.66
402	0.00876572	-9315.12
403	0.00876572	-9970
404	0.00876572	-9417.4
405	0.00876572	-9609.67
406	0.00876572	-9046.4
407	0.00876572	-9270.16
408	0.00876572	-9263.02
409	0.00876572	-9096.86
410	0.00876572	-8844.48
411	0.00876572	-8783.54
412	0.00876572	-9089.27
413	0.00876572	-8843.11
414	0.00876572	-9173.3
415	0.00876572	-8990.46
416	0.00876572	-8982.62
417	0.00876572	-8970.78
418	0.00876572	-9516.68
419	0.00876572	-9128.55
420	0.00876572	-9280.92
421	0.00876572	-9997.09
422	0.00876572	-9617.85
423	0.00876572	-9546.43
424	0.00876572	-9579.81
425	0.00876572	-9340.44
426	0.00876572	-9010.98
427	0.00876572	-8932.91
428	0.00876572	-9114.06
429	0.00876572	-9222.32
430	0.00876572	-9510.2
431	0.00876572	-9539.53
432	0.00876572	-9108.3
433	0.00876572	-9612.68
434	0.00876572	-9110.45
435	0.00876572	-9143.98
436	0.00876572	-9265.96
437	0.00876572	-9962.09
438	0.00876572	-8750.39
439	0.00876572	-9299.15
440	0.00876572	-10330.9
441	0.00876572	-9988.4
442	0.00876572	-9484.38
443	0.00876572	-9351.37
444	0.00876572	-8903.95
445	0.00876572	-9362.11
446	0.00876572	-8950.38
447	0.00876572	-9093.13
448	0.00876572	-8992.77
449	0.00876572	-9077.95
450	0.00876572	-9809.42
451	0.00876572	-10438.7
452	0.00876572	-9643.4
453	0.00876572	-9048.95
454	0.00876572	-9966.43
455	0.00876572	-9397.91
456	0.00876572	-9298.89
457	0.00876572	-9781.35
458	0.00876572	-9253.51
459	0.00876572	-9028.55
460	0.00876572	-10146.8
461	0.00876572	-9391.57
462	0.00876572	-8986.84
463	0.00876572	-9249.47
464	0.00876572	-9301.91
465	0.00876572	-9033.17
466	0.00876572	-9030.91
467	0.00876572	-8951.22
468	0.00876572	-8986.12
469	0.00876572	-8864.16
470	0.00876572	-9295.23
471	0.00876572	-9386.04
472	0.00876572	-9070.8
473	0.00876572	-9063.44
474	0.00876572	-9661.97
475	0.00876572	-8939.9
476	0.00876572	-9060.3
477	0.00876572	-9247.55
478	0.00876572	-9185
479	0.00876572	-9041.91
480	0.00876572	-9565.78
481	0.00876572	-9134.53
482	0.00876572	-9033.66
483	0.00876572	-9408.83
484	0.00876572	-9499.83
485	0.00876572	-9380.58
486	0.00876572	-9627.61
487	0.00876572	-10117.6
488	0.00876572	-9754.56
489	0.00876572	-9687.75
490	0.00876572	-9470.82
491	0.00876572	-9896.47
492	0.00876572	-9298.17
493	0.00876572	-9396.44
494	0.00876572	-9075.22
495	0.00876572	-9214.83
496	0.00876572	-9680.51
497	0.00876572	-9403.44
498	0.00876572	-9218.15
499	0.00876572	-9360.13
500	0.00876572	-9318.4
501	0.00876572	-9683.77
502	0.00876572	-9427.68
503	0.00876572	-9602.65
504	0.00876572	-9179.53
505	0.00876572	-9258.29
506	0.00876572	-9026.83
507	0.00876572	-9773.43
508	0.00876572	-8857.54
509	0.00876572	-9662.07
510	0.00876572	-8898.82
511	0.00876572	-9609.95
512	0.00876572	-9562.25
513	0.00876572	-9030.57
514	0.00876572	-9472.46
515	0.00876572	-9560.26
516	0.00876572	-9642.29
517	0.00876572	-9465.77
518	0.00876572	-10325.2
519	0.00876572	-10219.8
520	0.00876572	-10661.3
521	0.00876572	-9701.36
522	0.00876572	-9713.14
523	0.00876572	-9176.37
524	0.00876572	-9678.44
525	0.00876572	-9785.61
526	0.00876572	-9889.5
527	0.00876572	-9499.38
528	0.00876572	-9253.35
529	0.00876572	-9083.96
530	0.00876572	-9937.73
531	0.00876572	-9847.41
532	0.00876572	-9240.88
533	0.00876572	-9774.1
534	0.00876572	-9416.45
535	0.00876572	-9759.86
536	0.00876572	-8764.57
537	0.00876572	-8723.34
538	0.00876572	-9204.38
539	0.00876572	-9371
540	0.00876572	-9340.69
541	0.00876572	-9438.74
542	0.00876572	-9021.94
543	0.00876572	-9080.3
544	0.00876572	-9056.71
545	0.00876572	-9164.78
546	0.00876572	-8753.69
547	0.00876572	-9032.2
548	0.00876572	-8930.32
549	0.00876572	-9341.21
550	0.00876572	-9200.05
551	0.00876572	-9543.84
552	0.00876572	-10090.3
553	0.00876572	-9342.39
554	0.00876572	-9145.96
555	0.00876572	-8904.48
556	0.00876572	-9955.86
557	0.00876572	-9552.87
558	0.00876572	-9406.95
559	0.00876572	-9720.62
560	0.00876572	-9138.29
561	0.00876572	-9437.37
562	0.00876572	-9707.47
563	0.00876572	-9502.54
564	0.00876572	-9725.89
565	0.00876572	-9053.42
566	0.00876572	-9077.86
567	0.00876572	-9775.34
568	0.00876572	-9618.68
569	0.00876572	-8802.56
570	0.00876572	-9395.56
571	0.00876572	-9832.83
572	0.00876572	-9239.25
573	0.00876572	-9184.7
574	0.00876572	-8930.62
575	0.00876572	-9333.9
576	0.00876572	-9106.88
577	0.00876572	-9352.62
578	0.00876572	-9632.21
579	0.00876572	-9530.27
580	0.00876572	-8968.08
581	0.00876572	-9459.35
582	0.00876572	-9538.97
583	0.00876572	-9682.65
584	0.00876572	-9714.15
585	0.00876572	-9695.12
586	0.00876572	-9107.24
587	0.00876572	-9246.54
588	0.00876572	-9015.87
589	0.00876572	-9769.96
590	0.00876572	-9967.49
591	0.00876572	-9507.23
592	0.00876572	-8959.08
593	0.00876572	-8834.89
594	0.00876572	-9095.29
595	0.00876572	-9538.6
596	0.00876572	-9336.17
597	0.00876572	-9702.02
598	0.00876572	-9602.01
599	0.00876572	-8929.24
600	0.00876572	-8968.83
601	0.00876572	-9013.1
602	0.00876572	-9803.49
603	0.00876572	-9554.65
604	0.00876572	-10061.1
605	0.00876572	-9496.51
606	0.00876572	-9292.16
607	0.00876572	-9054.76
608	0.00876572	-9543.43
609	0.00876572	-9257.92
610	0.00876572	-9361.46
611	0.00876572	-9078.06
612	0.00876572	-9658.17
613	0.00876572	-9361.39
614	0.00876572	-9011.15
615	0.00876572	-8762.39
616	0.00876572	-9426.01
617	0.00876572	-9230.23
618	0.00876572	-8800.74
619	0.00876572	-9877.36
620	0.00876572	-9224.51
621	0.00876572	-9335.25
622	0.00876572	-9247.51
623	0.00876572	-9297.13
624	0.00876572	-9746.17
625	0.00876572	-9405.18
626	0.00876572	-8682.92
627	0.00876572	-9183.01
628	0.00876572	-8902.96
629	0.00876572	-8856.57
630	0.00876572	-9554.2
631	0.00876572	-8626.84
632	0.00876572	-9416.51
633	0.00876572	-9028.18
634	0.00876572	-9024.02
635	0.00876572	-8892.15
636	0.00876572	-9359.74
637	0.00876572	-8999.04
638	0.00876572	-9445.5
639	0.00876572	-9491.68
640	0.00876572	-9440.83
641	0.00876572	-9056.29
642	0.00876572	-8755.58
643	0.00876572	-9235.76
644	0.00876572	-9133.87
645	0.00876572	-9013.7
646	0.00876572	-8609.71
647	0.00876572	-9219.17
648	0.00876572	-10083.9
649	0.00876572	-9346.39
650	0.00876572	-9479.81
651	0.00876572	-9140.77
652	0.00876572	-9817.96
653	0.00876572	-9331.31
654	0.00876572	-8706.09
655	0.00876572	-8853.16
656	0.00876572	-8892.78
657	0.00876572	-9328.69
658	0.00876572	-9207.68
659	0.00876572	-9181.07
660	0.00876572	-9006.95
661	0.00876572	-8899.17
662	0.00876572	-8958.87
663	0.00876572	-9004.03
664	0.00876572	-9548.46
665	0.00876572	-9760.97
666	0.00876572	-9183.59
667	0.00876572	-9358.43
668	0.00876572	-9104.69
669	0.00876572	-9499.55
670	0.00876572	-9385.34
671	0.00876572	-9191.72
672	0.00876572	-9696.53
673	0.00876572	-9453.72
674	0.00876572	-9253.96
675	0.00876572	-9261.82
676	0.00876572	-10040.5
677	0.00876572	-9645.71
678	0.00876572	-9726.97
679	0.00876572	-9324.11
680	0.00876572	-9136.02
681	0.00876572	-9349.39
682	0.00876572	-9282.25
683	0.00876572	-9190.19
684	0.00876572	-9477.84
685	0.00876572	-8962.97
686	0.00876572	-9049.07
687	0.00876572	-9114.48
688	0.00876572	-10186.9
689	0.00876572	-10120
690	0.00876572	-9713.51
691	0.00876572	-9737.29
692	0.00876572	-9059.95
693	0.00876572	-8977.71
694	0.00876572	-10048
695	0.00876572	-9129.5
696	0.00876572	-9349.32
697	0.00876572	-9225.76
698	0.00876572	-9169.11
699	0.00876572	-9234.37
700	0.00876572	-9556.15
701	0.00876572	-8963.04
702	0.00876572	-9030.54
703	0.00876572	-8845.04
704	0.00876572	-9519.15
705	0.00876572	-8826.46
706	0.00876572	-9534.68
707	0.00876572	-9179.98
708	0.00876572	-9023.35
709	0.00876572	-9140.48
710	0.00876572	-9495.54
711	0.00876572	-9077.38
712	0.00876572	-9584.95
713	0.00876572	-9546.45
714	0.00876572	-9067.42
715	0.00876572	-9174.72
716	0.00876572	-9246.62
717	0.00876572	-8957.66
718	0.00876572	-9110.84
719	0.00876572	-9607.17
720	0.00876572	-9430.81
721	0.00876572	-9407.31
722	0.00876572	-9213.38
723	0.00876572	-9005.82
724	0.00876572	-8839.91
725	0.00876572	-8926.69
726	0.00876572	-9460.16
727	0.00876572	-9116.74
728	0.00876572	-9045.13
729	0.00876572	-8833.68
730	0.00876572	-9544.79
731	0.00876572	-9922.77
732	0.00876572	-8969.11
733	0.00876572	-8863.8
734	0.00876572	-9466.24
735	0.00876572	-9297.07
736	0.00876572	-9284.62
737	0.00876572	-9193.68
738	0.00876572	-8845.06
739	0.00876572	-8949.7
740	0.00876572	-8994.83
741	0.00876572	-9702.64
742	0.00876572	-9781.03
743	0.00876572	-9575.21
744	0.00876572	-8761.42
745	0.00876572	-8842.66
746	0.00876572	-8781.62
747	0.00876572	-8653
748	0.00876572	-8814.51
749	0.00876572	-9534.24
750	0.00876572	-9441.33
751	0.00876572	-9014.25
752	0.00876572	-9222.31
753	0.00876572	-9096.61
754	0.00876572	-9559.26
755	0.00876572	-10303.9
756	0.00876572	-9872.59
757	0.00876572	-9396.83
758	0.00876572	-9077.76
759	0.00876572	-9077.64
760	0.00876572	-9136.8
761	0.00876572	-9304.44
762	0.00876572	-9236.33
763	0.00876572	-9226.99
764	0.00876572	-9421.47
765	0.00876572	-9229.34
766	0.00876572	-9198.49
767	0.00876572	-9227.88
768	0.00876572	-9172.8
769	0.00876572	-8971.46
770	0.00876572	-9041.84
771	0.00876572	-8966.05
772	0.00876572	-8910.67
773	0.00876572	-9377.7
774	0.00876572	-9459.4
775	0.00876572	-9562.47
776	0.00876572	-9760.09
777	0.00876572	-9598.2
778	0.00876572	-9647.25
779	0.00876572	-9510.93
780	0.00876572	-9041.71
781	0.00876572	-9015.37
782	0.00876572	-9117.16
783	0.00876572	-9259.85
784	0.00876572	-9252.89
785	0.00876572	-9727.29
786	0.00876572	-9904.21
787	0.00876572	-9255.69
788	0.00876572	-9247.02
789	0.00876572	-9401.45
790	0.00876572	-9345.2
791	0.00876572	-10140.3
792	0.00876572	-9187.24
793	0.00876572	-9192.79
794	0.00876572	-9485.67
795	0.00876572	-9400.45
796	0.00876572	-9721.06
797	0.00876572	-9614.91
798	0.00876572	-9807.03
799	0.00876572	-9674.08
800	0.00876572	-9897.08
801	0.00876572	-9288.77
802	0.00876572	-9314.21
803	0.00876572	-9494.44
804	0.00876572	-9136.58
805	0.00876572	-9561.49
806	0.00876572	-9715.76
807	0.00876572	-9942.25
808	0.00876572	-9288.23
809	0.00876572	-9614.5
810	0.00876572	-9020.71
811	0.00876572	-9295.9
812	0.00876572	-9346.78
813	0.00876572	-9334.37
814	0.00876572	-9592.16
815	0.00876572	-9629.22
816	0.00876572	-9275.51
817	0.00876572	-10040.4
818	0.00876572	-10178.3
819	0.00876572	-9272.83
820	0.00876572	-9523.37
821	0.00876572	-9633.59
822	0.00876572	-9621.49
823	0.00876572	-9332.18
824	0.00876572	-9900.57
825	0.00876572	-8978.45
826	0.00876572	-9919.35
827	0.00876572	-9068.61
828	0.00876572	-9018.86
829	0.00876572	-9634.45
830	0.00876572	-9139.35
831	0.00876572	-9068.94
832	0.00876572	-8926.59
833	0.00876572	-9362.74
834	0.00876572	-9934.61
835	0.00876572	-9657.19
836	0.00876572	-9119.48
837	0.00876572	-9268.44
838	0.00876572	-9028.11
839	0.00876572	-8998.93
840	0.00876572	-8949.36
841	0.00876572	-9015.47
842	0.00876572	-9824.82
843	0.00876572	-9864.94
844	0.00876572	-9482.85
845	0.00876572	-9078.25
846	0.00876572	-9512.96
847	0.00876572	-9560.12
848	0.00876572	-9013.19
849	0.00876572	-9460.54
850	0.00876572	-9576.01
851	0.00876572	-9368.21
852	0.00876572	-9057.07
853	0.00876572	-10133.7
854	0.00876572	-9390.77
855	0.00876572	-9145.39
856	0.00876572	-9156.06
857	0.00876572	-9759.84
858	0.00876572	-9601.46
859	0.00876572	-10316.7
860	0.00876572	-9056.86
861	0.00876572	-9198.85
862	0.00876572	-9570.52
863	0.00876572	-9785.68
864	0.00876572	-8847.65
865	0.00876572	-8892.96
866	0.00876572	-8817.84
867	0.00876572	-9222.76
868	0.00876572	-9383.29
869	0.00876572	-9127.41
870	0.00876572	-9512.22
871	0.00876572	-9249.21
872	0.00876572	-9453.35
873	0.00876572	-8935.82
874	0.00876572	-9029.94
875	0.00876572	-9352.48
876	0.00876572	-9005.02
877	0.00876572	-9176.66
878	0.00876572	-9173.65
879	0.00876572	-8938.5
880	0.00876572	-9338.31
881	0.00876572	-9596.19
882	0.00876572	-9466.65
883	0.00876572	-9370.64
884	0.00876572	-9939.63
885	0.00876572	-9534.93
886	0.00876572	-9341.41
887	0.00876572	-9110.82
888	0.00876572	-9310.25
889	0.00876572	-8920.84
890	0.00876572	-9499.51
891	0.00876572	-9339.2
892	0.00876572	-9200.85
893	0.00876572	-9018.74
894	0.00876572	-9234.33
895	0.00876572	-8903.03
896	0.00876572	-8955.58
897	0.00876572	-9054.5
898	0.00876572	-8999.99
899	0.00876572	-8831.92
900	0.00876572	-9343.71
901	0.00876572	-9395.07
902	0.00876572	-9073.06
903	0.00876572	-9366.26
904	0.00876572	-8933.39
905	0.00876572	-8498.19
906	0.00876572	-9056.19
907	0.00876572	-9415.01
908	0.00876572	-9179.42
909	0.00876572	-9140.34
910	0.00876572	-9282.55
911	0.00876572	-10280
912	0.00876572	-9640.49
913	0.00876572	-9454.95
914	0.00876572	-9172.49
915	0.00876572	-9179.96
916	0.00876572	-9669.3
917	0.00876572	-9203.95
918	0.00876572	-9492.24
919	0.00876572	-9412.41
920	0.00876572	-9376.08
921	0.00876572	-9026.39
922	0.00876572	-9730.37
923	0.00876572	-9958.17
924	0.00876572	-9050.36
925	0.00876572	-9640.63
926	0.00876572	-9615.26
927	0.00876572	-9140.9
928	0.00876572	-9736.96
929	0.00876572	-9833.03
930	0.00876572	-9336.52
931	0.00876572	-9056.08
932	0.00876572	-9686.72
933	0.00876572	-9393.44
934	0.00876572	-9099.65
935	0.00876572	-9182.52
936	0.00876572	-9150.2
937	0.00876572	-9119.36
938	0.00876572	-9132.34
939	0.00876572	-9933.38
940	0.00876572	-9672.17
941	0.00876572	-9355.82
942	0.00876572	-9250.29
943	0.00876572	-9461.47
944	0.00876572	-8967.35
945	0.00876572	-9615.4
946	0.00876572	-9390.41
947	0.00876572	-10300.6
948	0.00876572	-9092.41
949	0.00876572	-9553
950	0.00876572	-9927.53
951	0.00876572	-8986.5
952	0.00876572	-9878.62
953	0.00876572	-9213.76
954	0.00876572	-9052.65
955	0.00876572	-10055.3
956	0.00876572	-10069.2
957	0.00876572	-9685.59
958	0.00876572	-8824.42
959	0.00876572	-9348.5
960	0.00876572	-8760.07
961	0.00876572	-9168.56
962	0.00876572	-10108.3
963	0.00876572	-10217.1
964	0.00876572	-9969.73
965	0.00876572	-10283.6
966	0.00876572	-9597.04
967	0.00876572	-9198.43
968	0.00876572	-9817.61
969	0.00876572	-9379.96
970	0.00876572	-9003.4
971	0.00876572	-9131.07
972	0.00876572	-9198.76
973	0.00876572	-9703.87
974	0.00876572	-9695.47
975	0.00876572	-9756.58
976	0.00876572	-9474.69
977	0.00876572	-9272.48
978	0.00876572	-9239.63
979	0.00876572	-9323.21
980	0.00876572	-9759.79
981	0.00876572	-9336.95
982	0.00876572	-9346.86
983	0.00876572	-8928.01
984	0.00876572	-9508.53
985	0.00876572	-9090.06
986	0.00876572	-9225.95
987	0.00876572	-9433.09
988	0.00876572	-9135.81
989	0.00876572	-9239.61
990	0.00876572	-9428.14
991	0.00876572	-9736.24
992	0.00876572	-9409.42
993	0.00876572	-10378.8
994	0.00876572	-9600.66
995	0.00876572	-9074.04
996	0.00876572	-9620.3
997	0.00876572	-9250.07
998	0.00876572	-9598.58
999	0.00876572	-9274.31
1000	0.00876572	-9300.07
251	0.00668932	-9759.02
252	0.00668932	-9892.73
253	0.00668932	-10440.1
254	0.00668932	-9135.11
255	0.00668932	-9816.29
256	0.00668932	-10625
257	0.00668932	-11264.5
258	0.00668932	-9804.89
259	0.00668932	-10169.2
260	0.00668932	-10988.8
261	0.00668932	-9820.58
262	0.00668932	-9780.19
263	0.00668932	-9628.81
264	0.00668932	-10792.8
265	0.00668932	-9312.13
266	0.00668932	-10295.7
267	0.00668932	-10040.4
268	0.00668932	-10200.1
269	0.00668932	-9828.28
270	0.00668932	-10288
271	0.00668932	-9326.01
272	0.00668932	-8975.03
273	0.00668932	-9680.53
274	0.00668932	-9371.98
275	0.00668932	-9207.43
276	0.00668932	-10468.7
277	0.00668932	-9680.29
278	0.00668932	-10309.5
279	0.00668932	-10068.1
280	0.00668932	-9586.51
281	0.00668932	-8897.69
282	0.00668932	-9203.32
283	0.00668932	-9733.29
284	0.00668932	-9685.84
285	0.00668932	-9077.69
286	0.00668932	-9139.22
287	0.00668932	-9952.07
288	0.00668932	-9647.97
289	0.00668932	-9951.41
290	0.00668932	-9663.78
291	0.00668932	-9588.91
292	0.00668932	-10385.2
293	0.00668932	-9405.76
294	0.00668932	-10054.9
295	0.00668932	-9610.56
296	0.00668932	-9840.83
297	0.00668932	-9955.42
298	0.00668932	-9053.75
299	0.00668932	-9508.6
300	0.00668932	-9216.78
301	0.00668932	-9276.7
302	0.00668932	-8942.3
303	0.00668932	-9057.65
304	0.00668932	-9698.45
305	0.00668932	-9754.21
306	0.00668932	-9925.4
307	0.00668932	-8916.37
308	0.00668932	-8852
309	0.00668932	-9279.33
310	0.00668932	-8962.46
311	0.00668932	-9588.11
312	0.00668932	-9386.63
313	0.00668932	-10337.5
314	0.00668932	-9557.35
315	0.00668932	-8944.94
316	0.00668932	-9525.8
317	0.00668932	-9857
318	0.00668932	-9867.3
319	0.00668932	-8794.2
320	0.00668932	-9344.57
321	0.00668932	-9447.13
322	0.00668932	-10121.7
323	0.00668932	-9348.26
324	0.00668932	-10185.2
325	0.00668932	-9426.97
326	0.00668932	-9259.7
327	0.00668932	-9799.56
328	0.00668932	-9332.03
329	0.00668932	-10004.3
330	0.00668932	-9196.94
331	0.00668932	-10609.8
332	0.00668932	-10000.5
333	0.00668932	-9768.32
334	0.00668932	-9987.73
335	0.00668932	-9346.12
336	0.00668932	-9694.47
337	0.00668932	-10222.5
338	0.00668932	-9879.41
339	0.00668932	-9558.3
340	0.00668932	-9022.97
341	0.00668932	-9437.2
342	0.00668932	-9255.34
343	0.00668932	-10122.3
344	0.00668932	-10217.5
345	0.00668932	-10280.6
346	0.00668932	-9348.23
347	0.00668932	-9717.75
348	0.00668932	-10199.1
349	0.00668932	-9178.83
350	0.00668932	-9530.43
351	0.00668932	-9268.33
352	0.00668932	-9929.32
353	0.00668932	-9473.4
354	0.00668932	-9823.9
355	0.00668932	-9015.41
356	0.00668932	-9778.49
357	0.00668932	-9353.25
358	0.00668932	-9903.49
359	0.00668932	-9949.21
360	0.00668932	-10343.7
361	0.00668932	-9516.26
362	0.00668932	-9497.86
363	0.00668932	-9541.1
364	0.00668932	-9876.12
365	0.00668932	-9729.98
366	0.00668932	-9655.04
367	0.00668932	-9143.51
368	0.00668932	-9326.03
369	0.00668932	-8974.76
370	0.00668932	-9774.33
371	0.00668932	-9268.79
372	0.00668932	-9414.29
373	0.00668932	-10852.3
374	0.00668932	-11796
375	0.00668932	-10699.8
376	0.00668932	-10098
377	0.00668932	-10381.5
378	0.00668932	-10795.6
379	0.00668932	-10113.9
380	0.00668932	-9064.21
381	0.00668932	-9511.6
382	0.00668932	-9113.01
383	0.00668932	-9617.42
384	0.00668932	-9213.21
385	0.00668932	-8921.98
386	0.00668932	-9565.79
387	0.00668932	-10269.4
388	0.00668932	-10574.3
389	0.00668932	-9560.72
390	0.00668932	-9520.31
391	0.00668932	-9342.78
392	0.00668932	-8754.57
393	0.00668932	-9906.52
394	0.00668932	-9178.29
395	0.00668932	-10035.1
396	0.00668932	-10083.5
397	0.00668932	-9920.4
398	0.00668932	-10007.2
399	0.00668932	-9391.84
400	0.00668932	-9039.51
401	0.00668932	-9455.19
402	0.00668932	-8848.7
403	0.00668932	-9042.43
404	0.00668932	-9701.96
405	0.00668932	-9198.03
406	0.00668932	-9051
407	0.00668932	-9801.73
408	0.00668932	-9556.05
409	0.00668932	-9599.59
410	0.00668932	-9576.96
411	0.00668932	-9495.96
412	0.00668932	-9221.35
413	0.00668932	-9525.14
414	0.00668932	-9781.13
415	0.00668932	-9653.48
416	0.00668932	-9194.44
417	0.00668932	-9391.96
418	0.00668932	-10350.5
419	0.00668932	-9219.11
420	0.00668932	-9327.58
421	0.00668932	-9287.82
422	0.00668932	-8934.77
423	0.00668932	-9295.25
424	0.00668932	-9323.85
425	0.00668932	-9004.97
426	0.00668932	-9565.59
427	0.00668932	-9667.71
428	0.00668932	-9647.53
429	0.00668932	-9240.3
430	0.00668932	-9642.63
431	0.00668932	-9141.98
432	0.00668932	-9862.17
433	0.00668932	-9661.43
434	0.00668932	-9196.98
435	0.00668932	-9584.83
436	0.00668932	-9494.23
437	0.00668932	-9528.36
438	0.00668932	-10304.7
439	0.00668932	-9460.41
440	0.00668932	-9626.57
441	0.00668932	-9279.45
442	0.00668932	-8990.47
443	0.00668932	-9421.7
444	0.00668932	-9868.63
445	0.00668932	-10045.5
446	0.00668932	-9566.77
447	0.00668932	-9449.16
448	0.00668932	-9042.73
449	0.00668932	-9709.58
450	0.00668932	-9932.76
451	0.00668932	-9128.06
452	0.00668932	-8958.77
453	0.00668932	-9682.32
454	0.00668932	-9627.89
455	0.00668932	-10023.9
456	0.00668932	-9953.79
457	0.00668932	-9434.78
458	0.00668932	-9697.13
459	0.00668932	-9370.69
460	0.00668932	-9308.68
461	0.00668932	-9581.86
462	0.00668932	-9863.1
463	0.00668932	-10530.9
464	0.00668932	-9640.45
465	0.00668932	-10054.9
466	0.00668932	-10221.1
467	0.00668932	-9898.02
468	0.00668932	-9580.93
469	0.00668932	-9599.62
470	0.00668932	-9861.08
471	0.00668932	-9188.46
472	0.00668932	-9034.62
473	0.00668932	-9729.01
474	0.00668932	-9443.27
475	0.00668932	-9183
476	0.00668932	-9778.85
477	0.00668932	-9471.03
478	0.00668932	-9587.21
479	0.00668932	-9159.4
480	0.00668932	-8787.25
481	0.00668932	-8772.55
482	0.00668932	-8883.37
483	0.00668932	-10376.5
484	0.00668932	-9347.83
485	0.00668932	-9485.42
486	0.00668932	-8896.79
487	0.00668932	-9647.77
488	0.00668932	-9729.19
489	0.00668932	-10168.7
490	0.00668932	-9747.24
491	0.00668932	-9524.96
492	0.00668932	-9576.74
493	0.00668932	-9899.52
494	0.00668932	-10301.5
495	0.00668932	-9967.95
496	0.00668932	-9164.28
497	0.00668932	-9095.12
498	0.00668932	-9997.76
499	0.00668932	-9165.07
500	0.00668932	-8975.01
501	0.00668932	-9284.58
502	0.00668932	-9301.5
503	0.00668932	-9819.58
504	0.00668932	-9451.36
505	0.00668932	-9208.18
506	0.00668932	-10450
507	0.00668932	-10756.4
508	0.00668932	-9041.25
509	0.00668932	-9507.82
510	0.00668932	-9785.84
511	0.00668932	-9439.96
512	0.00668932	-9232.5
513	0.00668932	-10044.5
514	0.00668932	-9975.2
515	0.00668932	-9553.59
516	0.00668932	-9217.53
517	0.00668932	-9655.5
518	0.00668932	-10028.8
519	0.00668932	-10003.2
520	0.00668932	-9439.81
521	0.00668932	-9316.87
522	0.00668932	-9930.55
523	0.00668932	-10329.9
524	0.00668932	-9443.03
525	0.00668932	-9877.53
526	0.00668932	-10167
527	0.00668932	-9974.95
528	0.00668932	-10710.4
529	0.00668932	-9404.52
530	0.00668932	-9591.91
531	0.00668932	-9774.68
532	0.00668932	-9473.24
533	0.00668932	-10040.9
534	0.00668932	-9072.66
535	0.00668932	-10209.6
536	0.00668932	-9975.1
537	0.00668932	-9271.27
538	0.00668932	-9601.5
539	0.00668932	-9687.5
540	0.00668932	-9377.9
541	0.00668932	-9484.69
542	0.00668932	-9569.42
543	0.00668932	-9207.11
544	0.00668932	-9703.09
545	0.00668932	-9583.94
546	0.00668932	-9523.38
547	0.00668932	-8711.39
548	0.00668932	-8925.5
549	0.00668932	-9050.51
550	0.00668932	-9112.55
551	0.00668932	-9159.47
552	0.00668932	-9834.92
553	0.00668932	-9503.7
554	0.00668932	-10143.3
555	0.00668932	-9768.52
556	0.00668932	-9871.05
557	0.00668932	-9504.31
558	0.00668932	-9324.51
559	0.00668932	-9951.59
560	0.00668932	-10263.5
561	0.00668932	-9570.86
562	0.00668932	-10768
563	0.00668932	-11009.8
564	0.00668932	-9615.72
565	0.00668932	-9323.89
566	0.00668932	-9556.56
567	0.00668932	-8966.65
568	0.00668932	-8867.51
569	0.00668932	-8925.14
570	0.00668932	-8800.72
571	0.00668932	-10352.3
572	0.00668932	-9161.63
573	0.00668932	-9405.87
574	0.00668932	-9657.79
575	0.00668932	-9986.82
576	0.00668932	-9509.07
577	0.00668932	-9028.38
578	0.00668932	-9329.87
579	0.00668932	-9868.52
580	0.00668932	-9384.82
581	0.00668932	-9033.19
582	0.00668932	-8965.11
583	0.00668932	-9437.06
584	0.00668932	-9611.63
585	0.00668932	-9195.48
586	0.00668932	-9451.88
587	0.00668932	-9517.03
588	0.00668932	-9291.77
589	0.00668932	-9420.71
590	0.00668932	-9626.94
591	0.00668932	-9721.68
592	0.00668932	-9744.11
593	0.00668932	-9411.53
594	0.00668932	-10135.7
595	0.00668932	-9470.6
596	0.00668932	-9684.86
597	0.00668932	-9456.17
598	0.00668932	-10232.5
599	0.00668932	-9601.8
600	0.00668932	-9110.38
601	0.00668932	-9367.44
602	0.00668932	-9427.11
603	0.00668932	-9865.02
604	0.00668932	-10353.7
605	0.00668932	-10339.7
606	0.00668932	-9685.36
607	0.00668932	-9672.35
608	0.00668932	-9816.45
609	0.00668932	-9534.52
610	0.00668932	-9439.79
611	0.00668932	-9289.36
612	0.00668932	-10012.1
613	0.00668932	-9175.29
614	0.00668932	-9185.5
615	0.00668932	-8948.53
616	0.00668932	-9285.65
617	0.00668932	-9536.97
618	0.00668932	-8685.08
619	0.00668932	-8917.16
620	0.00668932	-9043.58
621	0.00668932	-9874.15
622	0.00668932	-9752.89
623	0.00668932	-9974.47
624	0.00668932	-10451.1
625	0.00668932	-10018.3
626	0.00668932	-10388.2
627	0.00668932	-10420.8
628	0.00668932	-9254.96
629	0.00668932	-9945.67
630	0.00668932	-10502
631	0.00668932	-10761.3
632	0.00668932	-10474.8
633	0.00668932	-10241.5
634	0.00668932	-9848
635	0.00668932	-10100.2
636	0.00668932	-9273.2
637	0.00668932	-8788.29
638	0.00668932	-9890.34
639	0.00668932	-9021.7
640	0.00668932	-9914.56
641	0.00668932	-9233.9
642	0.00668932	-9693.68
643	0.00668932	-9537.58
644	0.00668932	-10073.7
645	0.00668932	-10918.1
646	0.00668932	-9642.62
647	0.00668932	-10183.3
648	0.00668932	-10115.7
649	0.00668932	-10366.5
650	0.00668932	-9727.19
651	0.00668932	-9768.24
652	0.00668932	-10162.6
653	0.00668932	-10264.4
654	0.00668932	-9690.37
655	0.00668932	-9183.2
656	0.00668932	-10263.4
657	0.00668932	-9837.2
658	0.00668932	-9375.14
659	0.00668932	-9505.35
660	0.00668932	-9944.65
661	0.00668932	-9831.19
662	0.00668932	-9612.22
663	0.00668932	-9974.41
664	0.00668932	-10148
665	0.00668932	-9372.56
666	0.00668932	-9803.38
667	0.00668932	-9810.34
668	0.00668932	-10271.2
669	0.00668932	-10439.9
670	0.00668932	-9790.75
671	0.00668932	-10654
672	0.00668932	-11305.9
673	0.00668932	-10342
674	0.00668932	-9191.9
675	0.00668932	-9321.26
676	0.00668932	-9337.69
677	0.00668932	-9626.33
678	0.00668932	-9242.7
679	0.00668932	-9568.92
680	0.00668932	-9040.51
681	0.00668932	-10141.9
682	0.00668932	-9719.48
683	0.00668932	-10033.2
684	0.00668932	-9972.22
685	0.00668932	-9457.28
686	0.00668932	-9435.02
687	0.00668932	-10519.6
688	0.00668932	-9220.09
689	0.00668932	-9342.08
690	0.00668932	-9638.7
691	0.00668932	-9304.29
692	0.00668932	-9524.35
693	0.00668932	-9434.6
694	0.00668932	-9406.52
695	0.00668932	-9969.5
696	0.00668932	-9292.88
697	0.00668932	-10015.9
698	0.00668932	-10313.9
699	0.00668932	-9431.62
700	0.00668932	-9498.11
701	0.00668932	-9659.29
702	0.00668932	-9455.78
703	0.00668932	-9420.46
704	0.00668932	-9865.14
705	0.00668932	-9369.24
706	0.00668932	-10057.2
707	0.00668932	-9371.75
708	0.00668932	-10541.2
709	0.00668932	-10077.8
710	0.00668932	-10068.1
711	0.00668932	-9635.91
712	0.00668932	-8967.17
713	0.00668932	-9609.89
714	0.00668932	-9004.26
715	0.00668932	-9801.58
716	0.00668932	-9415.7
717	0.00668932	-9074.42
718	0.00668932	-9636.91
719	0.00668932	-9399.2
720	0.00668932	-8870.09
721	0.00668932	-9939.74
722	0.00668932	-9758.06
723	0.00668932	-9825.86
724	0.00668932	-9703.86
725	0.00668932	-9381.46
726	0.00668932	-9737.77
727	0.00668932	-9767.33
728	0.00668932	-9362.25
729	0.00668932	-10051
730	0.00668932	-9767.26
731	0.00668932	-9647.47
732	0.00668932	-10131
733	0.00668932	-10051.5
734	0.00668932	-10143.1
735	0.00668932	-10007.6
736	0.00668932	-10046.3
737	0.00668932	-9600.63
738	0.00668932	-9505.29
739	0.00668932	-9703.49
740	0.00668932	-9424.96
741	0.00668932	-9536.57
742	0.00668932	-9041.04
743	0.00668932	-9072.6
744	0.00668932	-9517.46
745	0.00668932	-10128
746	0.00668932	-10599.8
747	0.00668932	-9529.9
748	0.00668932	-9213.4
749	0.00668932	-10381.5
750	0.00668932	-10823.9
751	0.00668932	-10513.5
752	0.00668932	-10043.5
753	0.00668932	-9491.02
754	0.00668932	-8874.36
755	0.00668932	-9398.84
756	0.00668932	-9842.69
757	0.00668932	-9821.2
758	0.00668932	-9776.19
759	0.00668932	-9512.23
760	0.00668932	-9800.76
761	0.00668932	-9806.13
762	0.00668932	-9883.33
763	0.00668932	-10023.8
764	0.00668932	-9561.04
765	0.00668932	-9192.65
766	0.00668932	-9656.87
767	0.00668932	-9614.78
768	0.00668932	-9387.47
769	0.00668932	-9746.42
770	0.00668932	-10459.9
771	0.00668932	-10237.4
772	0.00668932	-9897.42
773	0.00668932	-9403.63
774	0.00668932	-9727.77
775	0.00668932	-9230.01
776	0.00668932	-9319.73
777	0.00668932	-10018.4
778	0.00668932	-10505.4
779	0.00668932	-9639.01
780	0.00668932	-9625.23
781	0.00668932	-9729.58
782	0.00668932	-9768.36
783	0.00668932	-9100.58
784	0.00668932	-9773.41
785	0.00668932	-10462.4
786	0.00668932	-9533.8
787	0.00668932	-8879.14
788	0.00668932	-8847.18
789	0.00668932	-9377.87
790	0.00668932	-9554.05
791	0.00668932	-9156.54
792	0.00668932	-9651.8
793	0.00668932	-9573.48
794	0.00668932	-9429.41
795	0.00668932	-10280.9
796	0.00668932	-9942.95
797	0.00668932	-9244.46
798	0.00668932	-10246.8
799	0.00668932	-9174.33
800	0.00668932	-9359.82
801	0.00668932	-8924.64
802	0.00668932	-9834.03
803	0.00668932	-10632.7
804	0.00668932	-9979.31
805	0.00668932	-9164.81
806	0.00668932	-9258.37
807	0.00668932	-9717.14
808	0.00668932	-10345
809	0.00668932	-9636.39
810	0.00668932	-9359.55
811	0.00668932	-10094
812	0.00668932	-10008.5
813	0.00668932	-9671.47
814	0.00668932	-9601.36
815	0.00668932	-10095.5
816	0.00668932	-9696.03
817	0.00668932	-9867.48
818	0.00668932	-9636.84
819	0.00668932	-9580.98
820	0.00668932	-9446.22
821	0.00668932	-10409.9
822	0.00668932	-10013.2
823	0.00668932	-9699.75
824	0.00668932	-9759.67
825	0.00668932	-9685.84
826	0.00668932	-9842.21
827	0.00668932	-9388.74
828	0.00668932	-9569.27
829	0.00668932	-9836.3
830	0.00668932	-9950.17
831	0.00668932	-9499.55
832	0.00668932	-9711.84
833	0.00668932	-9221.34
834	0.00668932	-9555.18
835	0.00668932	-9677.81
836	0.00668932	-10741
837	0.00668932	-9194.07
838	0.00668932	-8740.47
839	0.00668932	-8874.43
840	0.00668932	-9023.04
841	0.00668932	-10085.5
842	0.00668932	-9450.84
843	0.00668932	-10563.8
844	0.00668932	-9108.68
845	0.00668932	-10228.4
846	0.00668932	-9885.53
847	0.00668932	-9924.37
848	0.00668932	-9762.75
849	0.00668932	-10264.9
850	0.00668932	-9442.99
851	0.00668932	-10064
852	0.00668932	-8851.05
853	0.00668932	-8965.44
854	0.00668932	-9261.29
855	0.00668932	-9478.24
856	0.00668932	-9442.03
857	0.00668932	-10503.6
858	0.00668932	-10066.3
859	0.00668932	-9139.92
860	0.00668932	-9319.35
861	0.00668932	-9456.99
862	0.00668932	-9924.16
863	0.00668932	-9806.66
864	0.00668932	-9997.11
865	0.00668932	-9940.45
866	0.00668932	-9404.11
867	0.00668932	-9425.25
868	0.00668932	-9065.95
869	0.00668932	-9617.8
870	0.00668932	-8963.69
871	0.00668932	-8980.69
872	0.00668932	-9567.07
873	0.00668932	-10202.9
874	0.00668932	-10821.3
875	0.00668932	-9679.96
876	0.00668932	-9685.74
877	0.00668932	-9850.12
878	0.00668932	-9704.79
879	0.00668932	-9736.05
880	0.00668932	-9413.27
881	0.00668932	-10334.6
882	0.00668932	-9632.92
883	0.00668932	-9245.21
884	0.00668932	-9606.46
885	0.00668932	-9988.84
886	0.00668932	-9847.93
887	0.00668932	-10373.5
888	0.00668932	-9736.29
889	0.00668932	-10245.9
890	0.00668932	-10075.8
891	0.00668932	-9990.38
892	0.00668932	-10292.6
893	0.00668932	-10275.8
894	0.00668932	-10080.8
895	0.00668932	-10888.3
896	0.00668932	-10072
897	0.00668932	-10581.6
898	0.00668932	-10292.1
899	0.00668932	-9631.73
900	0.00668932	-9737.28
901	0.00668932	-9445.9
902	0.00668932	-9599.14
903	0.00668932	-9104.83
904	0.00668932	-9847.69
905	0.00668932	-10131.5
906	0.00668932	-8943.11
907	0.00668932	-9632.15
908	0.00668932	-9340.4
909	0.00668932	-9388.04
910	0.00668932	-9898.05
911	0.00668932	-9260.32
912	0.00668932	-9425.88
913	0.00668932	-9474.57
914	0.00668932	-8916.66
915	0.00668932	-9317.04
916	0.00668932	-9501.17
917	0.00668932	-9597.66
918	0.00668932	-9735.75
919	0.00668932	-9581.09
920	0.00668932	-10073.7
921	0.00668932	-10027.9
922	0.00668932	-10100
923	0.00668932	-9930.07
924	0.00668932	-9327.34
925	0.00668932	-8868.79
926	0.00668932	-9125.7
927	0.00668932	-8699.71
928	0.00668932	-9491.94
929	0.00668932	-9437.67
930	0.00668932	-9827.25
931	0.00668932	-9385.72
932	0.00668932	-10414.9
933	0.00668932	-10383.8
934	0.00668932	-10842
935	0.00668932	-10947.7
936	0.00668932	-10844
937	0.00668932	-10414.2
938	0.00668932	-9495.05
939	0.00668932	-10016.4
940	0.00668932	-10130.8
941	0.00668932	-9995.93
942	0.00668932	-8957.62
943	0.00668932	-9281.07
944	0.00668932	-9582.96
945	0.00668932	-8928.13
946	0.00668932	-9429.5
947	0.00668932	-9985.96
948	0.00668932	-9464.5
949	0.00668932	-9561.1
950	0.00668932	-10236.2
951	0.00668932	-9987.87
952	0.00668932	-9495.6
953	0.00668932	-9259.09
954	0.00668932	-9714.71
955	0.00668932	-9169.37
956	0.00668932	-10150.3
957	0.00668932	-9765.27
958	0.00668932	-9833.06
959	0.00668932	-9410.49
960	0.00668932	-10491.5
961	0.00668932	-9963.97
962	0.00668932	-10037.8
963	0.00668932	-9461.64
964	0.00668932	-9395.28
965	0.00668932	-10289.7
966	0.00668932	-9891.61
967	0.00668932	-10105
968	0.00668932	-9048.53
969	0.00668932	-9346.01
970	0.00668932	-9216.47
971	0.00668932	-9170.31
972	0.00668932	-9143.36
973	0.00668932	-9477.46
974	0.00668932	-9176.33
975	0.00668932	-9371.52
976	0.00668932	-9546.4
977	0.00668932	-10337.6
978	0.00668932	-9527.71
979	0.00668932	-9334.92
980	0.00668932	-8743.09
981	0.00668932	-9207.13
982	0.00668932	-9420.17
983	0.00668932	-9428.71
984	0.00668932	-9602.34
985	0.00668932	-9406.16
986	0.00668932	-9744.69
987	0.00668932	-9549.58
988	0.00668932	-9493.9
989	0.00668932	-10263.7
990	0.00668932	-9563.36
991	0.00668932	-9591.7
992	0.00668932	-8890.78
993	0.00668932	-10419.2
994	0.00668932	-9290.15
995	0.00668932	-9045.54
996	0.00668932	-9718.73
997	0.00668932	-9453.6
998	0.00668932	-9709.49
999	0.00668932	-9451.89
1000	0.00668932	-9507.3
251	0.00502648	-9695.13
252	0.00502648	-8928.12
253	0.00502648	-8992.97
254	0.00502648	-10153.4
255	0.00502648	-9397.21
256	0.00502648	-9658.81
257	0.00502648	-10422.7
258	0.00502648	-9180.79
259	0.00502648	-9396.56
260	0.00502648	-9302.34
261	0.00502648	-9267.67
262	0.00502648	-9190.97
263	0.00502648	-9919.21
264	0.00502648	-9822.11
265	0.00502648	-10481
266	0.00502648	-9437.45
267	0.00502648	-9538.34
268	0.00502648	-10136.2
269	0.00502648	-10035.8
270	0.00502648	-9630.55
271	0.00502648	-9694.99
272	0.00502648	-9559.1
273	0.00502648	-10231.6
274	0.00502648	-9320.97
275	0.00502648	-10554.1
276	0.00502648	-9153.49
277	0.00502648	-10188.4
278	0.00502648	-10922.7
279	0.00502648	-9378.47
280	0.00502648	-9051.74
281	0.00502648	-10405.8
282	0.00502648	-9930.66
283	0.00502648	-10807.9
284	0.00502648	-9613.97
285	0.00502648	-10321
286	0.00502648	-10598.2
287	0.00502648	-10310.5
288	0.00502648	-10318.2
289	0.00502648	-10284.2
290	0.00502648	-9568.14
291	0.00502648	-9892.8
292	0.00502648	-9761.93
293	0.00502648	-9838.26
294	0.00502648	-10372.7
295	0.00502648	-10107.9
296	0.00502648	-9653.76
297	0.00502648	-9845.46
298	0.00502648	-10461.2
299	0.00502648	-10897.8
300	0.00502648	-10082.8
301	0.00502648	-9454.5
302	0.00502648	-9168.97
303	0.00502648	-10291.4
304	0.00502648	-10132.8
305	0.00502648	-9608.16
306	0.00502648	-9436.22
307	0.00502648	-8902.93
308	0.00502648	-9946.77
309	0.00502648	-9944.99
310	0.00502648	-10729.4
311	0.00502648	-10480.9
312	0.00502648	-9705.87
313	0.00502648	-10109.7
314	0.00502648	-10452.7
315	0.00502648	-10269.3
316	0.00502648	-10330.8
317	0.00502648	-10336.9
318	0.00502648	-11209.4
319	0.00502648	-10734.3
320	0.00502648	-10415.2
321	0.00502648	-10245.4
322	0.00502648	-9816
323	0.00502648	-9894.71
324	0.00502648	-9664.86
325	0.00502648	-10170.2
326	0.00502648	-11330.2
327	0.00502648	-10132.8
328	0.00502648	-12057.8
329	0.00502648	-11163.5
330	0.00502648	-10615.6
331	0.00502648	-10610
332	0.00502648	-10833.8
333	0.00502648	-11039.9
334	0.00502648	-9395.17
335	0.00502648	-10147.8
336	0.00502648	-10407.8
337	0.00502648	-9492.93
338	0.00502648	-9544.71
339	0.00502648	-8925.89
340	0.00502648	-9314.74
341	0.00502648	-9721.77
342	0.00502648	-9656.68
343	0.00502648	-10367.8
344	0.00502648	-9550.3
345	0.00502648	-9527.54
346	0.00502648	-9694.86
347	0.00502648	-9621.01
348	0.00502648	-10830.1
349	0.00502648	-10312
350	0.00502648	-10239.5
351	0.00502648	-10055
352	0.00502648	-10547.9
353	0.00502648	-10743.8
354	0.00502648	-10236.1
355	0.00502648	-9773.1
356	0.00502648	-9939.06
357	0.00502648	-10076
358	0.00502648	-9792.43
359	0.00502648	-9337.44
360	0.00502648	-9271.14
361	0.00502648	-9167.84
362	0.00502648	-9385.72
363	0.00502648	-9853.68
364	0.00502648	-9534.52
365	0.00502648	-9913.64
366	0.00502648	-10644.9
367	0.00502648	-10658.1
368	0.00502648	-10325.8
369	0.00502648	-10673.2
370	0.00502648	-10100.4
371	0.00502648	-10248.5
372	0.00502648	-9910.73
373	0.00502648	-9949.02
374	0.00502648	-10107.1
375	0.00502648	-10368.2
376	0.00502648	-10864.3
377	0.00502648	-9811.04
378	0.00502648	-9534.28
379	0.00502648	-10654.4
380	0.00502648	-10197.3
381	0.00502648	-9964.12
382	0.00502648	-10266.5
383	0.00502648	-10765
384	0.00502648	-9791.67
385	0.00502648	-9198.57
386	0.00502648	-9320.48
387	0.00502648	-9708.58
388	0.00502648	-9516.2
389	0.00502648	-9486.01
390	0.00502648	-10116.8
391	0.00502648	-9470.36
392	0.00502648	-10014
393	0.00502648	-10456.1
394	0.00502648	-9634.16
395	0.00502648	-10313.9
396	0.00502648	-9746.42
397	0.00502648	-9519.55
398	0.00502648	-9820.63
399	0.00502648	-10209.7
400	0.00502648	-10973.5
401	0.00502648	-10730.2
402	0.00502648	-9978.22
403	0.00502648	-10770
404	0.00502648	-9620.23
405	0.00502648	-10421.4
406	0.00502648	-10002.7
407	0.00502648	-9302.63
408	0.00502648	-10214.4
409	0.00502648	-10011.8
410	0.00502648	-9955.67
411	0.00502648	-10089.9
412	0.00502648	-9947.84
413	0.00502648	-10619.2
414	0.00502648	-9138.62
415	0.00502648	-10195
416	0.00502648	-10777.5
417	0.00502648	-9833.72
418	0.00502648	-9860.97
419	0.00502648	-9278.77
420	0.00502648	-10057.2
421	0.00502648	-10127.2
422	0.00502648	-10656.7
423	0.00502648	-9959.41
424	0.00502648	-10317.6
425	0.00502648	-9912.98
426	0.00502648	-10170.6
427	0.00502648	-10878.6
428	0.00502648	-10802.1
429	0.00502648	-10630.6
430	0.00502648	-10468
431	0.00502648	-11056.8
432	0.00502648	-11509.5
433	0.00502648	-10444.1
434	0.00502648	-10115.8
435	0.00502648	-10480.1
436	0.00502648	-9838.05
437	0.00502648	-10028.9
438	0.00502648	-10245.1
439	0.00502648	-10508.6
440	0.00502648	-9900.1
441	0.00502648	-9542.34
442	0.00502648	-10083.1
443	0.00502648	-11247.4
444	0.00502648	-10618.3
445	0.00502648	-10128.8
446	0.00502648	-9699.95
447	0.00502648	-9675.71
448	0.00502648	-9782.45
449	0.00502648	-9546.12
450	0.00502648	-9298.05
451	0.00502648	-9388.82
452	0.00502648	-9449.71
453	0.00502648	-9953.42
454	0.00502648	-10477.7
455	0.00502648	-9892.23
456	0.00502648	-9424.63
457	0.00502648	-9364.91
458	0.00502648	-9795.2
459	0.00502648	-10785.7
460	0.00502648	-10342.6
461	0.00502648	-10680.8
462	0.00502648	-10764
463	0.00502648	-10384.1
464	0.00502648	-9777.62
465	0.00502648	-10061.3
466	0.00502648	-9471.8
467	0.00502648	-9629.95
468	0.00502648	-9809.87
469	0.00502648	-9944.82
470	0.00502648	-9672.03
471	0.00502648	-11268.5
472	0.00502648	-10184.3
473	0.00502648	-10831.7
474	0.00502648	-10026.8
475	0.00502648	-9797.04
476	0.00502648	-9667.03
477	0.00502648	-8991.76
478	0.00502648	-10532
479	0.00502648	-10468.1
480	0.00502648	-10130.1
481	0.00502648	-9818.45
482	0.00502648	-10523.1
483	0.00502648	-10257.7
484	0.00502648	-10206.8
485	0.00502648	-10726.3
486	0.00502648	-10468.8
487	0.00502648	-9853.94
488	0.00502648	-10620.4
489	0.00502648	-10309.8
490	0.00502648	-10350.7
491	0.00502648	-11081.7
492	0.00502648	-9399.58
493	0.00502648	-10532
494	0.00502648	-10012.1
495	0.00502648	-11468.1
496	0.00502648	-9833.02
497	0.00502648	-10501.2
498	0.00502648	-9782.37
499	0.00502648	-10271
500	0.00502648	-9428.67
501	0.00502648	-10848.2
502	0.00502648	-10404
503	0.00502648	-10802.5
504	0.00502648	-9357.54
505	0.00502648	-9637.13
506	0.00502648	-9383.55
507	0.00502648	-9968.3
508	0.00502648	-9054.31
509	0.00502648	-10429.2
510	0.00502648	-10240.3
511	0.00502648	-10335.9
512	0.00502648	-10094.5
513	0.00502648	-10762.2
514	0.00502648	-10327.5
515	0.00502648	-10387.7
516	0.00502648	-9655.79
517	0.00502648	-9698.3
518	0.00502648	-10533.9
519	0.00502648	-10347.8
520	0.00502648	-9936.83
521	0.00502648	-9593.62
522	0.00502648	-9487.07
523	0.00502648	-9874.12
524	0.00502648	-9817.88
525	0.00502648	-9840.05
526	0.00502648	-9851.86
527	0.00502648	-10520.8
528	0.00502648	-10248.6
529	0.00502648	-10250.5
530	0.00502648	-10648
531	0.00502648	-10421.1
532	0.00502648	-9854.6
533	0.00502648	-9761.19
534	0.00502648	-10258.8
535	0.00502648	-10495.5
536	0.00502648	-10282.6
537	0.00502648	-10091.4
538	0.00502648	-9608.47
539	0.00502648	-10655.9
540	0.00502648	-9639.76
541	0.00502648	-9782.3
542	0.00502648	-9122.6
543	0.00502648	-10033.6
544	0.00502648	-9744.99
545	0.00502648	-10128.8
546	0.00502648	-9861.57
547	0.00502648	-9862.14
548	0.00502648	-9692.38
549	0.00502648	-10843.8
550	0.00502648	-9852.17
551	0.00502648	-10318.5
552	0.00502648	-9701.88
553	0.00502648	-9977.19
554	0.00502648	-10512.6
555	0.00502648	-10778.2
556	0.00502648	-9787.11
557	0.00502648	-10595.9
558	0.00502648	-9341.44
559	0.00502648	-9819.6
560	0.00502648	-9784.19
561	0.00502648	-9562.02
562	0.00502648	-9553.12
563	0.00502648	-9785.47
564	0.00502648	-8980.05
565	0.00502648	-9612.28
566	0.00502648	-9885.21
567	0.00502648	-9000.56
568	0.00502648	-9645.79
569	0.00502648	-9908.45
570	0.00502648	-9234.22
571	0.00502648	-10105.7
572	0.00502648	-9319.8
573	0.00502648	-9293.63
574	0.00502648	-10289.3
575	0.00502648	-8972.89
576	0.00502648	-10145.2
577	0.00502648	-10349.1
578	0.00502648	-10255.3
579	0.00502648	-9670.51
580	0.00502648	-10281
581	0.00502648	-10141.6
582	0.00502648	-10387.5
583	0.00502648	-10031.1
584	0.00502648	-10518.3
585	0.00502648	-9908.34
586	0.00502648	-10231.6
587	0.00502648	-10064.1
588	0.00502648	-9624.58
589	0.00502648	-10301.7
590	0.00502648	-9954.88
591	0.00502648	-9544.01
592	0.00502648	-10420.7
593	0.00502648	-10052.5
594	0.00502648	-9285.18
595	0.00502648	-10261.8
596	0.00502648	-10320.6
597	0.00502648	-10741
598	0.00502648	-10621.8
599	0.00502648	-10507.8
600	0.00502648	-9901.42
601	0.00502648	-9582.13
602	0.00502648	-9352.17
603	0.00502648	-10135.3
604	0.00502648	-10256.4
605	0.00502648	-10048.6
606	0.00502648	-9626.03
607	0.00502648	-10274.2
608	0.00502648	-10327.3
609	0.00502648	-10141.8
610	0.00502648	-10202.7
611	0.00502648	-9704.01
612	0.00502648	-10425.9
613	0.00502648	-10863.5
614	0.00502648	-9430.83
615	0.00502648	-8998.07
616	0.00502648	-9876.19
617	0.00502648	-9327.2
618	0.00502648	-9658.3
619	0.00502648	-9416.35
620	0.00502648	-10081.3
621	0.00502648	-9899.84
622	0.00502648	-10085.9
623	0.00502648	-10606.1
624	0.00502648	-10527.8
625	0.00502648	-10335.5
626	0.00502648	-10299.6
627	0.00502648	-9842.05
628	0.00502648	-11511.8
629	0.00502648	-11292.1
630	0.00502648	-10913.1
631	0.00502648	-10845.7
632	0.00502648	-10758.2
633	0.00502648	-8967.16
634	0.00502648	-9329.99
635	0.00502648	-10063.3
636	0.00502648	-10010.7
637	0.00502648	-10566.1
638	0.00502648	-9478.92
639	0.00502648	-10702
640	0.00502648	-10004.9
641	0.00502648	-10201.9
642	0.00502648	-11269.4
643	0.00502648	-10467.3
644	0.00502648	-9495.21
645	0.00502648	-9573.62
646	0.00502648	-9960.75
647	0.00502648	-10880.1
648	0.00502648	-10156.1
649	0.00502648	-9777.54
650	0.00502648	-9761.36
651	0.00502648	-9589.26
652	0.00502648	-9635.74
653	0.00502648	-10670.5
654	0.00502648	-10494.7
655	0.00502648	-10011.6
656	0.00502648	-9565.78
657	0.00502648	-10257.4
658	0.00502648	-9125.91
659	0.00502648	-9999.49
660	0.00502648	-10027.6
661	0.00502648	-10927.2
662	0.00502648	-9801.12
663	0.00502648	-10240.1
664	0.00502648	-10508.1
665	0.00502648	-9782.83
666	0.00502648	-9093.46
667	0.00502648	-10014.7
668	0.00502648	-9781.09
669	0.00502648	-10194.6
670	0.00502648	-9890.59
671	0.00502648	-9752.44
672	0.00502648	-9146.79
673	0.00502648	-9537.14
674	0.00502648	-10006.4
675	0.00502648	-10254.3
676	0.00502648	-9949.27
677	0.00502648	-9956.56
678	0.00502648	-9799.9
679	0.00502648	-10168
680	0.00502648	-10022.8
681	0.00502648	-9927.77
682	0.00502648	-9807.24
683	0.00502648	-10183.2
684	0.00502648	-9510.64
685	0.00502648	-9651.61
686	0.00502648	-10364.6
687	0.00502648	-10803.3
688	0.00502648	-10443.7
689	0.00502648	-11117.4
690	0.00502648	-9891.19
691	0.00502648	-10866.1
692	0.00502648	-10460.6
693	0.00502648	-9620.47
694	0.00502648	-9737.02
695	0.00502648	-9996.82
696	0.00502648	-10068.9
697	0.00502648	-9832.73
698	0.00502648	-10075.3
699	0.00502648	-9497.1
700	0.00502648	-9264.87
701	0.00502648	-9799.35
702	0.00502648	-10636.1
703	0.00502648	-10751.4
704	0.00502648	-10930
705	0.00502648	-9691.11
706	0.00502648	-10185.6
707	0.00502648	-10018.4
708	0.00502648	-10007.1
709	0.00502648	-10681.5
710	0.00502648	-9873.42
711	0.00502648	-10229.4
712	0.00502648	-10815.9
713	0.00502648	-10749.6
714	0.00502648	-9941.24
715	0.00502648	-10407.1
716	0.00502648	-9666.14
717	0.00502648	-9528.94
718	0.00502648	-9563.6
719	0.00502648	-9870.16
720	0.00502648	-8849.25
721	0.00502648	-9005.47
722	0.00502648	-10066.9
723	0.00502648	-9523.74
724	0.00502648	-9815.85
725	0.00502648	-9567.14
726	0.00502648	-10161
727	0.00502648	-9120.11
728	0.00502648	-9376.71
729	0.00502648	-10395.9
730	0.00502648	-9725.66
731	0.00502648	-9673.86
732	0.00502648	-9717.98
733	0.00502648	-9993.88
734	0.00502648	-10600.9
735	0.00502648	-10135.5
736	0.00502648	-9573.18
737	0.00502648	-9706.41
738	0.00502648	-10239.2
739	0.00502648	-10079.2
740	0.00502648	-9635.29
741	0.00502648	-9275.49
742	0.00502648	-10858.8
743	0.00502648	-10387.4
744	0.00502648	-9620.32
745	0.00502648	-10024.1
746	0.00502648	-10591.4
747	0.00502648	-10082.3
748	0.00502648	-10230.1
749	0.00502648	-10399.5
750	0.00502648	-9508.82
751	0.00502648	-9575.29
752	0.00502648	-9306.62
753	0.00502648	-9319.56
754	0.00502648	-10656.4
755	0.00502648	-10410.4
756	0.00502648	-9141.09
757	0.00502648	-9347.54
758	0.00502648	-10383.8
759	0.00502648	-9446.79
760	0.00502648	-9526.14
761	0.00502648	-10305.6
762	0.00502648	-10003.2
763	0.00502648	-9798.32
764	0.00502648	-10106.2
765	0.00502648	-10326
766	0.00502648	-9559.22
767	0.00502648	-10306.7
768	0.00502648	-10180.6
769	0.00502648	-10017.6
770	0.00502648	-10193.9
771	0.00502648	-9815.45
772	0.00502648	-10368.9
773	0.00502648	-9183.58
774	0.00502648	-10087.1
775	0.00502648	-10059.8
776	0.00502648	-9747.96
777	0.00502648	-9311.03
778	0.00502648	-9396.06
779	0.00502648	-10235.2
780	0.00502648	-9765.23
781	0.00502648	-9245.06
782	0.00502648	-10256.8
783	0.00502648	-9371.97
784	0.00502648	-8726.79
785	0.00502648	-9872.17
786	0.00502648	-10430.7
787	0.00502648	-10824.2
788	0.00502648	-10543.7
789	0.00502648	-10557.3
790	0.00502648	-10460.1
791	0.00502648	-10952
792	0.00502648	-10824.7
793	0.00502648	-10775.2
794	0.00502648	-9389.77
795	0.00502648	-9192.56
796	0.00502648	-9151.23
797	0.00502648	-9571.85
798	0.00502648	-9783.7
799	0.00502648	-10570.2
800	0.00502648	-9479.91
801	0.00502648	-9957.71
802	0.00502648	-9482.55
803	0.00502648	-9317.9
804	0.00502648	-9371.15
805	0.00502648	-9034.63
806	0.00502648	-9539.9
807	0.00502648	-9731.51
808	0.00502648	-10028.4
809	0.00502648	-9784.73
810	0.00502648	-9902.51
811	0.00502648	-10963.1
812	0.00502648	-10818.9
813	0.00502648	-10157.2
814	0.00502648	-9530.89
815	0.00502648	-9176.59
816	0.00502648	-10103.6
817	0.00502648	-9540.76
818	0.00502648	-10488.9
819	0.00502648	-9821.48
820	0.00502648	-11412.3
821	0.00502648	-10056.3
822	0.00502648	-10375.7
823	0.00502648	-9689.79
824	0.00502648	-9706.83
825	0.00502648	-9379.51
826	0.00502648	-9213.3
827	0.00502648	-10081
828	0.00502648	-9632.36
829	0.00502648	-10531.4
830	0.00502648	-9236.92
831	0.00502648	-10006.6
832	0.00502648	-9524.61
833	0.00502648	-9847.92
834	0.00502648	-10565.9
835	0.00502648	-11421.9
836	0.00502648	-10390.6
837	0.00502648	-10201.1
838	0.00502648	-11355.5
839	0.00502648	-10401.9
840	0.00502648	-10615.4
841	0.00502648	-10645
842	0.00502648	-10084.6
843	0.00502648	-10533.6
844	0.00502648	-9268.56
845	0.00502648	-10139.3
846	0.00502648	-10058
847	0.00502648	-10100.8
848	0.00502648	-9678.59
849	0.00502648	-9581.39
850	0.00502648	-9875.49
851	0.00502648	-9998.31
852	0.00502648	-9646.76
853	0.00502648	-9943.04
854	0.00502648	-10440.3
855	0.00502648	-9638.36
856	0.00502648	-9808.12
857	0.00502648	-10365.7
858	0.00502648	-10729.4
859	0.00502648	-9740.19
860	0.00502648	-9639.41
861	0.00502648	-9615.35
862	0.00502648	-10733
863	0.00502648	-9575.83
864	0.00502648	-9959.27
865	0.00502648	-10302.7
866	0.00502648	-10250.7
867	0.00502648	-10685.2
868	0.00502648	-10555.3
869	0.00502648	-10054.2
870	0.00502648	-10040.3
871	0.00502648	-10217.3
872	0.00502648	-9900.71
873	0.00502648	-9605.32
874	0.00502648	-10086.3
875	0.00502648	-10667.6
876	0.00502648	-9935.39
877	0.00502648	-9971.81
878	0.00502648	-9917.65
879	0.00502648	-10198
880	0.00502648	-10337.6
881	0.00502648	-10013.6
882	0.00502648	-10505
883	0.00502648	-9134.12
884	0.00502648	-10122.6
885	0.00502648	-9199.01
886	0.00502648	-9993.2
887	0.00502648	-10511.3
888	0.00502648	-9165.3
889	0.00502648	-9526.03
890	0.00502648	-9286.65
891	0.00502648	-10259
892	0.00502648	-10114.6
893	0.00502648	-10039.2
894	0.00502648	-10248.5
895	0.00502648	-9790.48
896	0.00502648	-9371.31
897	0.00502648	-9140.63
898	0.00502648	-10347.6
899	0.00502648	-10286.6
900	0.00502648	-9766.52
901	0.00502648	-9527.99
902	0.00502648	-10224.8
903	0.00502648	-10577.7
904	0.00502648	-9577.63
905	0.00502648	-10673.4
906	0.00502648	-10058.2
907	0.00502648	-10005.9
908	0.00502648	-9857.25
909	0.00502648	-10013.9
910	0.00502648	-10886.2
911	0.00502648	-10447.4
912	0.00502648	-10145.1
913	0.00502648	-9723.41
914	0.00502648	-9137.21
915	0.00502648	-10594.5
916	0.00502648	-10689
917	0.00502648	-10362.7
918	0.00502648	-8827.96
919	0.00502648	-9629.66
920	0.00502648	-9543.03
921	0.00502648	-9313.42
922	0.00502648	-9612.39
923	0.00502648	-10770.8
924	0.00502648	-9544.26
925	0.00502648	-9606.21
926	0.00502648	-10516.9
927	0.00502648	-10238.5
928	0.00502648	-10099.2
929	0.00502648	-9254.81
930	0.00502648	-10336.6
931	0.00502648	-10409.3
932	0.00502648	-10039.1
933	0.00502648	-11163.5
934	0.00502648	-10504.9
935	0.00502648	-9918.96
936	0.00502648	-10362
937	0.00502648	-9478.54
938	0.00502648	-9946.92
939	0.00502648	-10648.1
940	0.00502648	-9861.27
941	0.00502648	-9531.21
942	0.00502648	-9860.23
943	0.00502648	-10333.8
944	0.00502648	-10498.4
945	0.00502648	-10266
946	0.00502648	-10114.2
947	0.00502648	-10532.4
948	0.00502648	-10077.9
949	0.00502648	-9763.29
950	0.00502648	-10252.4
951	0.00502648	-9285.91
952	0.00502648	-9915.75
953	0.00502648	-9643.67
954	0.00502648	-9816.31
955	0.00502648	-9188.85
956	0.00502648	-9271.18
957	0.00502648	-10364.4
958	0.00502648	-9865.35
959	0.00502648	-10546.1
960	0.00502648	-9352.68
961	0.00502648	-9218.11
962	0.00502648	-9863.25
963	0.00502648	-10293.6
964	0.00502648	-10368
965	0.00502648	-10207.5
966	0.00502648	-9947.53
967	0.00502648	-9841.31
968	0.00502648	-9657.5
969	0.00502648	-9978.61
970	0.00502648	-10245.6
971	0.00502648	-9189.46
972	0.00502648	-9238.39
973	0.00502648	-9782.52
974	0.00502648	-9598.62
975	0.00502648	-8894.24
976	0.00502648	-9951.96
977	0.00502648	-10349
978	0.00502648	-10825.8
979	0.00502648	-10057.9
980	0.00502648	-10207.3
981	0.00502648	-9542.48
982	0.00502648	-8990.52
983	0.00502648	-9982.02
984	0.00502648	-9871.5
985	0.00502648	-9331.82
986	0.00502648	-9235.81
987	0.00502648	-9607.41
988	0.00502648	-10059.9
989	0.00502648	-9567.06
990	0.00502648	-9098.96
991	0.00502648	-9110.18
992	0.00502648	-9827.82
993	0.00502648	-10374.6
994	0.00502648	-10101.8
995	0.00502648	-9876
996	0.00502648	-9552.17
997	0.00502648	-8942.26
998	0.00502648	-9355.14
999	0.00502648	-9596.27
1000	0.00502648	-9641.51
251	0.0037121	-10219
252	0.0037121	-11394.2
253	0.0037121	-11754.1
254	0.0037121	-10180.6
255	0.0037121	-9269.72
256	0.0037121	-9478.6
257	0.0037121	-10315.1
258	0.0037121	-9979.39
259	0.0037121	-10124.5
260	0.0037121	-9536.35
261	0.0037121	-10330
262	0.0037121	-10435.4
263	0.0037121	-9844.47
264	0.0037121	-10386.6
265	0.0037121	-9720.32
266	0.0037121	-10782.3
267	0.0037121	-9898.91
268	0.0037121	-11535.6
269	0.0037121	-10453.8
270	0.0037121	-9773.83
271	0.0037121	-10805.3
272	0.0037121	-9884.96
273	0.0037121	-9195.4
274	0.0037121	-10107.1
275	0.0037121	-9893.73
276	0.0037121	-9611.24
277	0.0037121	-10570.3
278	0.0037121	-9898.84
279	0.0037121	-10651.7
280	0.0037121	-9968.42
281	0.0037121	-10337.3
282	0.0037121	-10494.9
283	0.0037121	-10488.7
284	0.0037121	-10803.8
285	0.0037121	-10761.7
286	0.0037121	-9800.45
287	0.0037121	-10574.5
288	0.0037121	-11322.7
289	0.0037121	-9470.81
290	0.0037121	-11243.2
291	0.0037121	-11008.3
292	0.0037121	-10143.8
293	0.0037121	-10001.4
294	0.0037121	-9591.44
295	0.0037121	-10415.8
296	0.0037121	-9690.05
297	0.0037121	-10745.6
298	0.0037121	-11994.9
299	0.0037121	-10137.6
300	0.0037121	-10202
301	0.0037121	-10375.9
302	0.0037121	-10610.8
303	0.0037121	-10314.7
304	0.0037121	-9901.84
305	0.0037121	-9850.46
306	0.0037121	-12170.6
307	0.0037121	-10667.7
308	0.0037121	-11405.6
309	0.0037121	-11011.6
310	0.0037121	-10476.2
311	0.0037121	-11499.2
312	0.0037121	-11064
313	0.0037121	-10694.1
314	0.0037121	-11064.8
315	0.0037121	-10991.8
316	0.0037121	-10878.6
317	0.0037121	-10798.4
318	0.0037121	-10807.8
319	0.0037121	-10475.8
320	0.0037121	-10424.8
321	0.0037121	-9972.47
322	0.0037121	-10346.1
323	0.0037121	-11262.8
324	0.0037121	-10475.9
325	0.0037121	-11095.9
326	0.0037121	-9902.72
327	0.0037121	-9397.5
328	0.0037121	-10175.9
329	0.0037121	-9737.52
330	0.0037121	-9337.6
331	0.0037121	-10047.4
332	0.0037121	-9357.48
333	0.0037121	-9642.89
334	0.0037121	-10116.1
335	0.0037121	-10109.2
336	0.0037121	-10452.4
337	0.0037121	-10445.7
338	0.0037121	-9963.64
339	0.0037121	-10522.4
340	0.0037121	-10665.5
341	0.0037121	-10545.2
342	0.0037121	-10337.4
343	0.0037121	-9755.2
344	0.0037121	-11091
345	0.0037121	-11120.2
346	0.0037121	-11520
347	0.0037121	-10548.1
348	0.0037121	-10473.4
349	0.0037121	-10681.1
350	0.0037121	-11802.9
351	0.0037121	-9761.35
352	0.0037121	-10735.7
353	0.0037121	-9622.54
354	0.0037121	-9719.6
355	0.0037121	-10775.7
356	0.0037121	-11207.6
357	0.0037121	-10485.2
358	0.0037121	-11506
359	0.0037121	-11036.2
360	0.0037121	-10030.3
361	0.0037121	-9828.26
362	0.0037121	-9659.63
363	0.0037121	-10578.9
364	0.0037121	-10263.3
365	0.0037121	-10334.8
366	0.0037121	-10196.4
367	0.0037121	-10178
368	0.0037121	-9629.44
369	0.0037121	-10483.7
370	0.0037121	-10237.4
371	0.0037121	-10571.9
372	0.0037121	-10468.1
373	0.0037121	-11226.5
374	0.0037121	-10987.5
375	0.0037121	-9715.07
376	0.0037121	-9791.22
377	0.0037121	-9508.93
378	0.0037121	-10018
379	0.0037121	-9899.15
380	0.0037121	-10089.6
381	0.0037121	-10446.4
382	0.0037121	-10463.1
383	0.0037121	-11001.7
384	0.0037121	-10935.3
385	0.0037121	-10382.1
386	0.0037121	-10342
387	0.0037121	-10075.7
388	0.0037121	-9653.44
389	0.0037121	-10600
390	0.0037121	-9477.83
391	0.0037121	-9921.25
392	0.0037121	-10254.6
393	0.0037121	-9827
394	0.0037121	-10221
395	0.0037121	-9725.93
396	0.0037121	-11105.3
397	0.0037121	-10626.1
398	0.0037121	-10827.4
399	0.0037121	-10913.3
400	0.0037121	-9554.57
401	0.0037121	-10136.5
402	0.0037121	-10163.3
403	0.0037121	-9217.06
404	0.0037121	-9374.31
405	0.0037121	-10316.3
406	0.0037121	-11380.1
407	0.0037121	-10283.6
408	0.0037121	-10324.4
409	0.0037121	-10173.1
410	0.0037121	-9782.98
411	0.0037121	-11234.9
412	0.0037121	-10717.3
413	0.0037121	-10470.7
414	0.0037121	-10512.1
415	0.0037121	-10559.4
416	0.0037121	-10634.4
417	0.0037121	-10255.7
418	0.0037121	-9886.72
419	0.0037121	-11147.7
420	0.0037121	-10860
421	0.0037121	-9975.32
422	0.0037121	-9187.22
423	0.0037121	-10530.5
424	0.0037121	-10505.8
425	0.0037121	-10597.9
426	0.0037121	-10340.4
427	0.0037121	-9997.77
428	0.0037121	-9663.06
429	0.0037121	-9949.26
430	0.0037121	-9841.33
431	0.0037121	-10452.2
432	0.0037121	-9948.61
433	0.0037121	-10975
434	0.0037121	-10627.9
435	0.0037121	-10511.8
436	0.0037121	-10416.8
437	0.0037121	-10406.2
438	0.0037121	-10029.3
439	0.0037121	-10735.1
440	0.0037121	-10058.5
441	0.0037121	-10475.4
442	0.0037121	-10166.4
443	0.0037121	-10368.6
444	0.0037121	-10250.3
445	0.0037121	-9372.94
446	0.0037121	-9868.48
447	0.0037121	-9975.92
448	0.0037121	-10847.7
449	0.0037121	-10148.1
450	0.0037121	-10321.6
451	0.0037121	-10753.4
452	0.0037121	-10559.3
453	0.0037121	-10544.2
454	0.0037121	-10477.6
455	0.0037121	-11120.1
456	0.0037121	-10848.6
457	0.0037121	-10062.6
458	0.0037121	-9522.9
459	0.0037121	-9583.52
460	0.0037121	-10581.1
461	0.0037121	-9957.57
462	0.0037121	-9647.1
463	0.0037121	-11549
464	0.0037121	-11593.1
465	0.0037121	-11090.6
466	0.0037121	-10062.5
467	0.0037121	-10578.7
468	0.0037121	-10044.6
469	0.0037121	-11102.7
470	0.0037121	-11043.2
471	0.0037121	-10336.7
472	0.0037121	-10584.7
473	0.0037121	-10686.1
474	0.0037121	-10983.4
475	0.0037121	-10476.6
476	0.0037121	-10318.4
477	0.0037121	-10365.2
478	0.0037121	-10224.5
479	0.0037121	-10524.9
480	0.0037121	-10670.7
481	0.0037121	-10223.9
482	0.0037121	-10649.2
483	0.0037121	-10319.8
484	0.0037121	-10598.7
485	0.0037121	-11112.7
486	0.0037121	-10100.2
487	0.0037121	-9728.65
488	0.0037121	-10331.1
489	0.0037121	-10591.7
490	0.0037121	-10296.3
491	0.0037121	-10730
492	0.0037121	-10415.8
493	0.0037121	-10441.5
494	0.0037121	-10841
495	0.0037121	-10234
496	0.0037121	-9337.25
497	0.0037121	-10225.5
498	0.0037121	-10565.2
499	0.0037121	-10412.5
500	0.0037121	-11058
501	0.0037121	-10559.1
502	0.0037121	-10719.8
503	0.0037121	-10832.5
504	0.0037121	-10925.7
505	0.0037121	-10899.7
506	0.0037121	-10604.1
507	0.0037121	-9991.71
508	0.0037121	-10675
509	0.0037121	-9873.37
510	0.0037121	-10613.9
511	0.0037121	-9643.84
512	0.0037121	-10916.5
513	0.0037121	-10890.8
514	0.0037121	-11484.3
515	0.0037121	-11697.6
516	0.0037121	-10360.2
517	0.0037121	-10591.6
518	0.0037121	-10436.1
519	0.0037121	-9293.29
520	0.0037121	-10127.7
521	0.0037121	-10424.9
522	0.0037121	-9164.09
523	0.0037121	-9950
524	0.0037121	-10416.5
525	0.0037121	-11498.4
526	0.0037121	-11152.3
527	0.0037121	-10329.4
528	0.0037121	-10077.3
529	0.0037121	-11360.3
530	0.0037121	-11657.1
531	0.0037121	-10204.4
532	0.0037121	-10178.7
533	0.0037121	-10367.9
534	0.0037121	-10630.9
535	0.0037121	-10688.4
536	0.0037121	-11441.2
537	0.0037121	-10226.8
538	0.0037121	-11143.6
539	0.0037121	-10795.3
540	0.0037121	-10853.2
541	0.0037121	-9969.81
542	0.0037121	-10773.9
543	0.0037121	-10135.8
544	0.0037121	-10042.5
545	0.0037121	-10264.6
546	0.0037121	-9755.62
547	0.0037121	-9994.17
548	0.0037121	-11355.5
549	0.0037121	-10329.2
550	0.0037121	-10519.8
551	0.0037121	-10566.1
552	0.0037121	-9549.75
553	0.0037121	-10871.6
554	0.0037121	-9451.58
555	0.0037121	-11390.1
556	0.0037121	-10457.4
557	0.0037121	-9949.3
558	0.0037121	-10288.9
559	0.0037121	-11056.3
560	0.0037121	-11498.8
561	0.0037121	-10296.3
562	0.0037121	-10734.3
563	0.0037121	-10497.6
564	0.0037121	-10748.6
565	0.0037121	-9794.29
566	0.0037121	-10297.6
567	0.0037121	-10933.6
568	0.0037121	-10196
569	0.0037121	-11080.1
570	0.0037121	-10129.2
571	0.0037121	-10488.1
572	0.0037121	-10696.3
573	0.0037121	-10911
574	0.0037121	-9979.8
575	0.0037121	-9401.57
576	0.0037121	-10430.3
577	0.0037121	-9973.23
578	0.0037121	-10263.4
579	0.0037121	-10680.3
580	0.0037121	-9638.88
581	0.0037121	-10715.8
582	0.0037121	-10517
583	0.0037121	-11513.2
584	0.0037121	-10683.1
585	0.0037121	-10393.8
586	0.0037121	-9818.74
587	0.0037121	-10361
588	0.0037121	-10642
589	0.0037121	-11387.5
590	0.0037121	-9943.79
591	0.0037121	-9907.15
592	0.0037121	-10166
593	0.0037121	-9296.13
594	0.0037121	-10071.3
595	0.0037121	-10633.8
596	0.0037121	-10367.9
597	0.0037121	-9969.49
598	0.0037121	-10032
599	0.0037121	-10362.6
600	0.0037121	-9698.32
601	0.0037121	-10431.8
602	0.0037121	-10332.8
603	0.0037121	-10240.5
604	0.0037121	-9489.77
605	0.0037121	-10568.9
606	0.0037121	-11014.6
607	0.0037121	-10473.2
608	0.0037121	-10167.1
609	0.0037121	-10762.5
610	0.0037121	-10332.6
611	0.0037121	-9928.51
612	0.0037121	-10375.3
613	0.0037121	-10401.6
614	0.0037121	-10356.9
615	0.0037121	-9728.89
616	0.0037121	-10361.4
617	0.0037121	-9654.32
618	0.0037121	-10262.7
619	0.0037121	-10099.7
620	0.0037121	-11230.3
621	0.0037121	-10379.5
622	0.0037121	-10888
623	0.0037121	-9736.9
624	0.0037121	-10479.8
625	0.0037121	-9801.29
626	0.0037121	-10929.4
627	0.0037121	-10241.8
628	0.0037121	-10661
629	0.0037121	-10454.3
630	0.0037121	-9640.21
631	0.0037121	-10082.2
632	0.0037121	-10135.4
633	0.0037121	-9705.68
634	0.0037121	-10362.8
635	0.0037121	-10136.6
636	0.0037121	-11143.1
637	0.0037121	-9915.69
638	0.0037121	-9819.88
639	0.0037121	-10454.6
640	0.0037121	-9706.65
641	0.0037121	-11658.7
642	0.0037121	-10397.3
643	0.0037121	-10491.2
644	0.0037121	-10944
645	0.0037121	-10723.5
646	0.0037121	-10322.2
647	0.0037121	-9731.9
648	0.0037121	-9899.6
649	0.0037121	-10447.3
650	0.0037121	-10294.5
651	0.0037121	-10671.3
652	0.0037121	-10258.9
653	0.0037121	-11008.9
654	0.0037121	-11368.5
655	0.0037121	-10125.5
656	0.0037121	-10285
657	0.0037121	-9922.02
658	0.0037121	-10864
659	0.0037121	-10071.1
660	0.0037121	-10478.3
661	0.0037121	-10168.8
662	0.0037121	-10114.4
663	0.0037121	-10352.4
664	0.0037121	-10776.4
665	0.0037121	-10915.5
666	0.0037121	-9396.16
667	0.0037121	-10077
668	0.0037121	-10151.4
669	0.0037121	-11039.5
670	0.0037121	-10781.3
671	0.0037121	-10504.5
672	0.0037121	-9932.94
673	0.0037121	-10182.8
674	0.0037121	-11457.3
675	0.0037121	-10189.9
676	0.0037121	-9473.62
677	0.0037121	-9988.35
678	0.0037121	-9648.92
679	0.0037121	-9951.26
680	0.0037121	-11582.7
681	0.0037121	-10567.7
682	0.0037121	-9712.61
683	0.0037121	-11061.5
684	0.0037121	-10608.2
685	0.0037121	-10292.7
686	0.0037121	-10223.8
687	0.0037121	-10199
688	0.0037121	-10378.6
689	0.0037121	-10312.1
690	0.0037121	-10167.5
691	0.0037121	-10959.4
692	0.0037121	-10340.6
693	0.0037121	-9496.5
694	0.0037121	-10398.3
695	0.0037121	-10240.4
696	0.0037121	-9667.63
697	0.0037121	-10549.5
698	0.0037121	-11390.2
699	0.0037121	-10405.9
700	0.0037121	-10889.2
701	0.0037121	-10429.6
702	0.0037121	-10960.1
703	0.0037121	-10542.4
704	0.0037121	-10442.7
705	0.0037121	-9188.39
706	0.0037121	-10783.3
707	0.0037121	-10180.9
708	0.0037121	-10932.2
709	0.0037121	-9995.37
710	0.0037121	-9991.17
711	0.0037121	-10089.8
712	0.0037121	-9399.84
713	0.0037121	-9765.65
714	0.0037121	-9132.36
715	0.0037121	-11102
716	0.0037121	-10176.6
717	0.0037121	-9873.36
718	0.0037121	-10445.3
719	0.0037121	-9363.12
720	0.0037121	-10190.2
721	0.0037121	-10536
722	0.0037121	-10878.8
723	0.0037121	-10966.4
724	0.0037121	-10036
725	0.0037121	-10986.1
726	0.0037121	-10691.7
727	0.0037121	-9794.32
728	0.0037121	-10301.8
729	0.0037121	-11576.5
730	0.0037121	-10421.2
731	0.0037121	-10537.4
732	0.0037121	-10787.5
733	0.0037121	-10582.4
734	0.0037121	-11490
735	0.0037121	-10385.5
736	0.0037121	-10590.4
737	0.0037121	-11154.4
738	0.0037121	-10401.3
739	0.0037121	-11030.8
740	0.0037121	-9852.24
741	0.0037121	-10553.6
742	0.0037121	-9988.79
743	0.0037121	-10413.5
744	0.0037121	-9449.51
745	0.0037121	-9800.7
746	0.0037121	-10256.3
747	0.0037121	-11345.9
748	0.0037121	-10351
749	0.0037121	-10414
750	0.0037121	-10362.2
751	0.0037121	-9993.15
752	0.0037121	-9508.47
753	0.0037121	-9878.17
754	0.0037121	-10155.2
755	0.0037121	-9497.22
756	0.0037121	-10224.5
757	0.0037121	-12110.6
758	0.0037121	-10210.4
759	0.0037121	-10777.2
760	0.0037121	-10686.1
761	0.0037121	-10509.1
762	0.0037121	-10828.5
763	0.0037121	-9840.4
764	0.0037121	-10077.6
765	0.0037121	-9547.25
766	0.0037121	-9816.95
767	0.0037121	-10068
768	0.0037121	-10015.8
769	0.0037121	-10498
770	0.0037121	-9758.85
771	0.0037121	-10163.2
772	0.0037121	-9613.33
773	0.0037121	-11369.1
774	0.0037121	-9117.14
775	0.0037121	-9251.37
776	0.0037121	-10115.9
777	0.0037121	-10448.6
778	0.0037121	-10004
779	0.0037121	-9320.75
780	0.0037121	-10758.3
781	0.0037121	-10324.7
782	0.0037121	-10620.3
783	0.0037121	-10742.6
784	0.0037121	-10237.6
785	0.0037121	-9704.44
786	0.0037121	-9673.79
787	0.0037121	-11111.6
788	0.0037121	-9181.81
789	0.0037121	-9488.77
790	0.0037121	-10565.1
791	0.0037121	-10040.5
792	0.0037121	-10293
793	0.0037121	-10324.9
794	0.0037121	-10163.9
795	0.0037121	-10391.1
796	0.0037121	-11024.5
797	0.0037121	-10377
798	0.0037121	-10246.8
799	0.0037121	-10087
800	0.0037121	-10151.4
801	0.0037121	-10219.4
802	0.0037121	-10139.6
803	0.0037121	-10538.4
804	0.0037121	-10416.4
805	0.0037121	-9947.38
806	0.0037121	-10301.9
807	0.0037121	-11031.2
808	0.0037121	-10572
809	0.0037121	-10854.5
810	0.0037121	-10731
811	0.0037121	-9552.59
812	0.0037121	-10238.3
813	0.0037121	-9806.99
814	0.0037121	-9987.81
815	0.0037121	-10454.8
816	0.0037121	-10783.5
817	0.0037121	-9592.48
818	0.0037121	-10759.1
819	0.0037121	-10550.3
820	0.0037121	-11486.7
821	0.0037121	-10948
822	0.0037121	-10315.1
823	0.0037121	-10327.5
824	0.0037121	-9935.7
825	0.0037121	-10359.5
826	0.0037121	-10629.3
827	0.0037121	-9818.1
828	0.0037121	-10361.5
829	0.0037121	-9980.39
830	0.0037121	-10745.3
831	0.0037121	-10117.9
832	0.0037121	-10562.3
833	0.0037121	-9779.46
834	0.0037121	-10073.2
835	0.0037121	-11107.7
836	0.0037121	-10948.1
837	0.0037121	-9756.57
838	0.0037121	-10016.2
839	0.0037121	-9875.36
840	0.0037121	-10816.9
841	0.0037121	-10813.1
842	0.0037121	-10169.6
843	0.0037121	-10466.1
844	0.0037121	-9975.31
845	0.0037121	-9733.5
846	0.0037121	-10025.7
847	0.0037121	-9883.77
848	0.0037121	-10264.7
849	0.0037121	-10102.3
850	0.0037121	-9849.09
851	0.0037121	-10908.7
852	0.0037121	-11034.2
853	0.0037121	-10833.3
854	0.0037121	-11224
855	0.0037121	-9743.2
856	0.0037121	-9952.12
857	0.0037121	-9443.77
858	0.0037121	-11275.3
859	0.0037121	-10795.3
860	0.0037121	-10139.9
861	0.0037121	-10302.7
862	0.0037121	-9363.85
863	0.0037121	-10775
864	0.0037121	-10751.9
865	0.0037121	-10146.3
866	0.0037121	-9995.75
867	0.0037121	-10386.6
868	0.0037121	-10865.9
869	0.0037121	-9866.26
870	0.0037121	-10523
871	0.0037121	-9826.95
872	0.0037121	-10683.3
873	0.0037121	-10775.4
874	0.0037121	-10249.7
875	0.0037121	-9975.71
876	0.0037121	-10946.4
877	0.0037121	-10475
878	0.0037121	-11099.8
879	0.0037121	-11380.7
880	0.0037121	-11030.7
881	0.0037121	-10386.2
882	0.0037121	-9933.24
883	0.0037121	-9454.17
884	0.0037121	-11649.2
885	0.0037121	-10915.4
886	0.0037121	-10294.8
887	0.0037121	-10989.7
888	0.0037121	-10323.9
889	0.0037121	-10622.2
890	0.0037121	-9813.55
891	0.0037121	-9451.08
892	0.0037121	-10364.6
893	0.0037121	-10451.5
894	0.0037121	-9301.14
895	0.0037121	-11317.5
896	0.0037121	-10501.8
897	0.0037121	-10542.4
898	0.0037121	-9876.53
899	0.0037121	-10383.8
900	0.0037121	-10557
901	0.0037121	-10431
902	0.0037121	-11022
903	0.0037121	-10614.5
904	0.0037121	-10779.8
905	0.0037121	-10205.9
906	0.0037121	-10792.8
907	0.0037121	-10565.6
908	0.0037121	-11121.6
909	0.0037121	-10638.6
910	0.0037121	-10897
911	0.0037121	-10205.7
912	0.0037121	-10560.1
913	0.0037121	-11370.3
914	0.0037121	-11701.5
915	0.0037121	-12396.7
916	0.0037121	-12523.7
917	0.0037121	-10829.8
918	0.0037121	-10779.9
919	0.0037121	-10657.4
920	0.0037121	-9931.18
921	0.0037121	-10685.1
922	0.0037121	-10986.2
923	0.0037121	-9951.46
924	0.0037121	-10767.2
925	0.0037121	-11311.6
926	0.0037121	-9889.41
927	0.0037121	-10772.2
928	0.0037121	-10582.4
929	0.0037121	-11581.8
930	0.0037121	-10512.4
931	0.0037121	-9908.24
932	0.0037121	-9924.76
933	0.0037121	-9750.65
934	0.0037121	-9883.76
935	0.0037121	-10414
936	0.0037121	-9772.31
937	0.0037121	-9686.64
938	0.0037121	-10341.7
939	0.0037121	-10487.4
940	0.0037121	-10527.8
941	0.0037121	-10065
942	0.0037121	-10189.3
943	0.0037121	-10675.7
944	0.0037121	-9895.67
945	0.0037121	-9726.69
946	0.0037121	-10565.8
947	0.0037121	-9376.22
948	0.0037121	-9140.48
949	0.0037121	-10142.5
950	0.0037121	-9810.79
951	0.0037121	-10522.4
952	0.0037121	-10194.8
953	0.0037121	-10904.4
954	0.0037121	-10655.6
955	0.0037121	-9938.57
956	0.0037121	-10909.7
957	0.0037121	-10489.4
958	0.0037121	-9866.7
959	0.0037121	-9812.03
960	0.0037121	-9938.69
961	0.0037121	-10148.7
962	0.0037121	-10182.1
963	0.0037121	-10311
964	0.0037121	-10003.1
965	0.0037121	-9926.3
966	0.0037121	-10334.6
967	0.0037121	-9898.11
968	0.0037121	-10790.6
969	0.0037121	-11291.5
970	0.0037121	-11444.7
971	0.0037121	-10779.6
972	0.0037121	-10300.1
973	0.0037121	-9129.39
974	0.0037121	-9787.35
975	0.0037121	-10692
976	0.0037121	-9373.3
977	0.0037121	-10042.3
978	0.0037121	-10021.7
979	0.0037121	-9931.67
980	0.0037121	-9986.18
981	0.0037121	-8773.2
982	0.0037121	-10555.1
983	0.0037121	-10004.7
984	0.0037121	-9093.72
985	0.0037121	-10297.5
986	0.0037121	-9907.38
987	0.0037121	-10161.7
988	0.0037121	-9641.25
989	0.0037121	-9751.32
990	0.0037121	-9450.41
991	0.0037121	-10323.1
992	0.0037121	-9743.73
993	0.0037121	-10952.9
994	0.0037121	-10837.9
995	0.0037121	-10059.3
996	0.0037121	-10014.1
997	0.0037121	-10963.6
998	0.0037121	-9288.59
999	0.0037121	-9974
1000	0.0037121	-10144.5
251	0.00268829	-11372.8
252	0.00268829	-11104.3
253	0.00268829	-11049.7
254	0.00268829	-12124.6
255	0.00268829	-12201.8
256	0.00268829	-11309.5
257	0.00268829	-10871.6
258	0.00268829	-10224.4
259	0.00268829	-11639.8
260	0.00268829	-11216
261	0.00268829	-10292.4
262	0.00268829	-9383.77
263	0.00268829	-10885
264	0.00268829	-9397.54
265	0.00268829	-11034.2
266	0.00268829	-11527.4
267	0.00268829	-10483.6
268	0.00268829	-11178.2
269	0.00268829	-9474.92
270	0.00268829	-10531.8
271	0.00268829	-10470.4
272	0.00268829	-10594.2
273	0.00268829	-11030.7
274	0.00268829	-10979.4
275	0.00268829	-11085.3
276	0.00268829	-11774.7
277	0.00268829	-10096.7
278	0.00268829	-10854.2
279	0.00268829	-11208.3
280	0.00268829	-9903.07
281	0.00268829	-10448.1
282	0.00268829	-10076.8
283	0.00268829	-10300.6
284	0.00268829	-11296.7
285	0.00268829	-11394.7
286	0.00268829	-11972.6
287	0.00268829	-12551.2
288	0.00268829	-13397.4
289	0.00268829	-12029.9
290	0.00268829	-13032.2
291	0.00268829	-10902.2
292	0.00268829	-10963.5
293	0.00268829	-10673.3
294	0.00268829	-10746.4
295	0.00268829	-9722.53
296	0.00268829	-11254.8
297	0.00268829	-10944.1
298	0.00268829	-9763.54
299	0.00268829	-10700.5
300	0.00268829	-10261.5
301	0.00268829	-10272.8
302	0.00268829	-9764.77
303	0.00268829	-10641.3
304	0.00268829	-10462.4
305	0.00268829	-12082.6
306	0.00268829	-11265.8
307	0.00268829	-10805.8
308	0.00268829	-10315.6
309	0.00268829	-10502.9
310	0.00268829	-11665.2
311	0.00268829	-10120.7
312	0.00268829	-10815.1
313	0.00268829	-10082.8
314	0.00268829	-10501.2
315	0.00268829	-9254.05
316	0.00268829	-10158.7
317	0.00268829	-9825.98
318	0.00268829	-10514.1
319	0.00268829	-10219.1
320	0.00268829	-10126.3
321	0.00268829	-10184.2
322	0.00268829	-10318.6
323	0.00268829	-10540.3
324	0.00268829	-10735.6
325	0.00268829	-10148.4
326	0.00268829	-11231.6
327	0.00268829	-10588.1
328	0.00268829	-11008.4
329	0.00268829	-9737.76
330	0.00268829	-9703.59
331	0.00268829	-10302.1
332	0.00268829	-10531.6
333	0.00268829	-10613.7
334	0.00268829	-10779.2
335	0.00268829	-11608.1
336	0.00268829	-10357.7
337	0.00268829	-10426.3
338	0.00268829	-10987.4
339	0.00268829	-12322.1
340	0.00268829	-11446.7
341	0.00268829	-10645
342	0.00268829	-10046
343	0.00268829	-10287.1
344	0.00268829	-10799.4
345	0.00268829	-10551
346	0.00268829	-11217.4
347	0.00268829	-10655.1
348	0.00268829	-10497.9
349	0.00268829	-10578.7
350	0.00268829	-10716
351	0.00268829	-10992.8
352	0.00268829	-12090.4
353	0.00268829	-10382.2
354	0.00268829	-10729.4
355	0.00268829	-10589.4
356	0.00268829	-11054.9
357	0.00268829	-9889.23
358	0.00268829	-10900
359	0.00268829	-11081
360	0.00268829	-11111.6
361	0.00268829	-11278
362	0.00268829	-10991.3
363	0.00268829	-11166.7
364	0.00268829	-10248.5
365	0.00268829	-11678.7
366	0.00268829	-12051.7
367	0.00268829	-11373.4
368	0.00268829	-11095.9
369	0.00268829	-10039.6
370	0.00268829	-9903.32
371	0.00268829	-11110.1
372	0.00268829	-9890.89
373	0.00268829	-10638.5
374	0.00268829	-10115.2
375	0.00268829	-11117.8
376	0.00268829	-11601.4
377	0.00268829	-10872.9
378	0.00268829	-10914.4
379	0.00268829	-9916
380	0.00268829	-11323.8
381	0.00268829	-10719.9
382	0.00268829	-11374.1
383	0.00268829	-10690.3
384	0.00268829	-10387.8
385	0.00268829	-9825.54
386	0.00268829	-10953.2
387	0.00268829	-9681.08
388	0.00268829	-11132.4
389	0.00268829	-10568.6
390	0.00268829	-9786.71
391	0.00268829	-10498.2
392	0.00268829	-10569.6
393	0.00268829	-11180.3
394	0.00268829	-11227.7
395	0.00268829	-11532.1
396	0.00268829	-10651.2
397	0.00268829	-10617.9
398	0.00268829	-9912
399	0.00268829	-9803.91
400	0.00268829	-9501.53
401	0.00268829	-10137.1
402	0.00268829	-10891.7
403	0.00268829	-10427.3
404	0.00268829	-10632
405	0.00268829	-10600
406	0.00268829	-11179.8
407	0.00268829	-10850
408	0.00268829	-10741
409	0.00268829	-10155.7
410	0.00268829	-10049.5
411	0.00268829	-11280.7
412	0.00268829	-10759.1
413	0.00268829	-11049.6
414	0.00268829	-10508.1
415	0.00268829	-10433.4
416	0.00268829	-11332.2
417	0.00268829	-10963.1
418	0.00268829	-10639
419	0.00268829	-10279.4
420	0.00268829	-10843.1
421	0.00268829	-11286.5
422	0.00268829	-10338.3
423	0.00268829	-10031.7
424	0.00268829	-10398.7
425	0.00268829	-10410.4
426	0.00268829	-9390.3
427	0.00268829	-10809.4
428	0.00268829	-10930.3
429	0.00268829	-10755.2
430	0.00268829	-11242.8
431	0.00268829	-10865.2
432	0.00268829	-10322.7
433	0.00268829	-10126.3
434	0.00268829	-10191
435	0.00268829	-11257
436	0.00268829	-11188.8
437	0.00268829	-12370
438	0.00268829	-11229.4
439	0.00268829	-10759.1
440	0.00268829	-10508.1
441	0.00268829	-10450.4
442	0.00268829	-10653.5
443	0.00268829	-9816.98
444	0.00268829	-10304.5
445	0.00268829	-10934.4
446	0.00268829	-10398.4
447	0.00268829	-10182.2
448	0.00268829	-11028.4
449	0.00268829	-11926
450	0.00268829	-11682.6
451	0.00268829	-10507.5
452	0.00268829	-9568.32
453	0.00268829	-12080.5
454	0.00268829	-10187.1
455	0.00268829	-9945.07
456	0.00268829	-10458.8
457	0.00268829	-10698.5
458	0.00268829	-11467.6
459	0.00268829	-10459.7
460	0.00268829	-10108.8
461	0.00268829	-10558.6
462	0.00268829	-11122.9
463	0.00268829	-10214.3
464	0.00268829	-10660.2
465	0.00268829	-10341.3
466	0.00268829	-10973.8
467	0.00268829	-10975.3
468	0.00268829	-10697.5
469	0.00268829	-11303.2
470	0.00268829	-10967.9
471	0.00268829	-10196.3
472	0.00268829	-10466.3
473	0.00268829	-10799
474	0.00268829	-9238.57
475	0.00268829	-10545.2
476	0.00268829	-9326.24
477	0.00268829	-9755.18
478	0.00268829	-11411
479	0.00268829	-10231.6
480	0.00268829	-10635.8
481	0.00268829	-10346.8
482	0.00268829	-10259.7
483	0.00268829	-10786.7
484	0.00268829	-10980.9
485	0.00268829	-10521.3
486	0.00268829	-10357
487	0.00268829	-10999.5
488	0.00268829	-10249.7
489	0.00268829	-9020.53
490	0.00268829	-11376.3
491	0.00268829	-10921.6
492	0.00268829	-10322.8
493	0.00268829	-10930.9
494	0.00268829	-11948.5
495	0.00268829	-11611.8
496	0.00268829	-11511.1
497	0.00268829	-11270.9
498	0.00268829	-10686.5
499	0.00268829	-11083.2
500	0.00268829	-10812.5
501	0.00268829	-12083.1
502	0.00268829	-11314.7
503	0.00268829	-11653.3
504	0.00268829	-10294.6
505	0.00268829	-10143.7
506	0.00268829	-10607.4
507	0.00268829	-10494.6
508	0.00268829	-10350.4
509	0.00268829	-10933.6
510	0.00268829	-10831.5
511	0.00268829	-10744.5
512	0.00268829	-10219.5
513	0.00268829	-9537.98
514	0.00268829	-9957.11
515	0.00268829	-10663
516	0.00268829	-10266.2
517	0.00268829	-11724
518	0.00268829	-12198.6
519	0.00268829	-10548.2
520	0.00268829	-11635.6
521	0.00268829	-10582.1
522	0.00268829	-10138.8
523	0.00268829	-10595.7
524	0.00268829	-10889.8
525	0.00268829	-10530.1
526	0.00268829	-11368.3
527	0.00268829	-10058.9
528	0.00268829	-11074.5
529	0.00268829	-11563.7
530	0.00268829	-10162.7
531	0.00268829	-10080.1
532	0.00268829	-12181.3
533	0.00268829	-11636.5
534	0.00268829	-11165.6
535	0.00268829	-10273.4
536	0.00268829	-9084.31
537	0.00268829	-10341.2
538	0.00268829	-10140.4
539	0.00268829	-10580.8
540	0.00268829	-11765.7
541	0.00268829	-10839.8
542	0.00268829	-10113.3
543	0.00268829	-11438.9
544	0.00268829	-10732.4
545	0.00268829	-11015.4
546	0.00268829	-11252.2
547	0.00268829	-10668.3
548	0.00268829	-11257.8
549	0.00268829	-10886.6
550	0.00268829	-10772.4
551	0.00268829	-10266.8
552	0.00268829	-10544
553	0.00268829	-10476.5
554	0.00268829	-10257.4
555	0.00268829	-11486.3
556	0.00268829	-10767.8
557	0.00268829	-10483.3
558	0.00268829	-10945.3
559	0.00268829	-10260.4
560	0.00268829	-10712.9
561	0.00268829	-10885.7
562	0.00268829	-11159.5
563	0.00268829	-10715.4
564	0.00268829	-9605.09
565	0.00268829	-11119.8
566	0.00268829	-10301.3
567	0.00268829	-11030
568	0.00268829	-13111.9
569	0.00268829	-12115.3
570	0.00268829	-10940.1
571	0.00268829	-10499.7
572	0.00268829	-10686.6
573	0.00268829	-11166.6
574	0.00268829	-10030
575	0.00268829	-10541.8
576	0.00268829	-10887.9
577	0.00268829	-11500.5
578	0.00268829	-12157.9
579	0.00268829	-12137.3
580	0.00268829	-10436.4
581	0.00268829	-9231.28
582	0.00268829	-10294.7
583	0.00268829	-9713.19
584	0.00268829	-10513.4
585	0.00268829	-11081.5
586	0.00268829	-11059.8
587	0.00268829	-9867.57
588	0.00268829	-10855.1
589	0.00268829	-10876
590	0.00268829	-11241.7
591	0.00268829	-10123.1
592	0.00268829	-11298.1
593	0.00268829	-11156.7
594	0.00268829	-9543.11
595	0.00268829	-10477
596	0.00268829	-10834.1
597	0.00268829	-10161.4
598	0.00268829	-10398.2
599	0.00268829	-11037
600	0.00268829	-10395.8
601	0.00268829	-10231.9
602	0.00268829	-10798.2
603	0.00268829	-10683.9
604	0.00268829	-9948.28
605	0.00268829	-10302
606	0.00268829	-10917.6
607	0.00268829	-10349.2
608	0.00268829	-9864.24
609	0.00268829	-10421.9
610	0.00268829	-10383.6
611	0.00268829	-10225.7
612	0.00268829	-10975.9
613	0.00268829	-11145.6
614	0.00268829	-10426.5
615	0.00268829	-10947.7
616	0.00268829	-11921.4
617	0.00268829	-10464.2
618	0.00268829	-10766.2
619	0.00268829	-11342.4
620	0.00268829	-10711.8
621	0.00268829	-10775
622	0.00268829	-11300.2
623	0.00268829	-10995.6
624	0.00268829	-11415.8
625	0.00268829	-10672.9
626	0.00268829	-10320.5
627	0.00268829	-11299.5
628	0.00268829	-11492.2
629	0.00268829	-10509.6
630	0.00268829	-12108
631	0.00268829	-11957.1
632	0.00268829	-10214.2
633	0.00268829	-10185.1
634	0.00268829	-10560.8
635	0.00268829	-10175.8
636	0.00268829	-9438.46
637	0.00268829	-10200.1
638	0.00268829	-10695.7
639	0.00268829	-10813.9
640	0.00268829	-12340.4
641	0.00268829	-10355.4
642	0.00268829	-10331.2
643	0.00268829	-10057.1
644	0.00268829	-9825.23
645	0.00268829	-10975.9
646	0.00268829	-11467.7
647	0.00268829	-10779.1
648	0.00268829	-10735.6
649	0.00268829	-10363.1
650	0.00268829	-10233.8
651	0.00268829	-10667.5
652	0.00268829	-10616.2
653	0.00268829	-11633.3
654	0.00268829	-11059.8
655	0.00268829	-10528.7
656	0.00268829	-10347
657	0.00268829	-10899.6
658	0.00268829	-11227.9
659	0.00268829	-11526.5
660	0.00268829	-11599.5
661	0.00268829	-11009.5
662	0.00268829	-12775.9
663	0.00268829	-10914.2
664	0.00268829	-10432.4
665	0.00268829	-11064.6
666	0.00268829	-11472.1
667	0.00268829	-12316.6
668	0.00268829	-11507.6
669	0.00268829	-11370.4
670	0.00268829	-11346
671	0.00268829	-9809.34
672	0.00268829	-9849.86
673	0.00268829	-10384.1
674	0.00268829	-10562.6
675	0.00268829	-11787.1
676	0.00268829	-10713
677	0.00268829	-10196
678	0.00268829	-10944.8
679	0.00268829	-10860.6
680	0.00268829	-10825.5
681	0.00268829	-10052.8
682	0.00268829	-10967.2
683	0.00268829	-10427.3
684	0.00268829	-10958
685	0.00268829	-11976
686	0.00268829	-11558.2
687	0.00268829	-10454.2
688	0.00268829	-12174.7
689	0.00268829	-10773.2
690	0.00268829	-11019.9
691	0.00268829	-10400.8
692	0.00268829	-9566.73
693	0.00268829	-11645.9
694	0.00268829	-10754.7
695	0.00268829	-9940.82
696	0.00268829	-11309.4
697	0.00268829	-10172
698	0.00268829	-11184
699	0.00268829	-10338.5
700	0.00268829	-10143.3
701	0.00268829	-10334.6
702	0.00268829	-10679.8
703	0.00268829	-10494.4
704	0.00268829	-10813.6
705	0.00268829	-11536.2
706	0.00268829	-11787.6
707	0.00268829	-10613.7
708	0.00268829	-10576.9
709	0.00268829	-10373.9
710	0.00268829	-9746.7
711	0.00268829	-10758.5
712	0.00268829	-12172.5
713	0.00268829	-10258.1
714	0.00268829	-10186.1
715	0.00268829	-10771.8
716	0.00268829	-10041.5
717	0.00268829	-10838.7
718	0.00268829	-11566.4
719	0.00268829	-12019.1
720	0.00268829	-11701.8
721	0.00268829	-11751.3
722	0.00268829	-9930.14
723	0.00268829	-12256.4
724	0.00268829	-11028.6
725	0.00268829	-12117
726	0.00268829	-12734.9
727	0.00268829	-12078
728	0.00268829	-11842.8
729	0.00268829	-11785.7
730	0.00268829	-10260.6
731	0.00268829	-10563.3
732	0.00268829	-10794.6
733	0.00268829	-10367.9
734	0.00268829	-11804
735	0.00268829	-10855.3
736	0.00268829	-10704.4
737	0.00268829	-11004.4
738	0.00268829	-10436.1
739	0.00268829	-10031.2
740	0.00268829	-11262.1
741	0.00268829	-11507.6
742	0.00268829	-11610
743	0.00268829	-11269.7
744	0.00268829	-10007.1
745	0.00268829	-10606.9
746	0.00268829	-10696.9
747	0.00268829	-11522.3
748	0.00268829	-12176.6
749	0.00268829	-11366.8
750	0.00268829	-11667.1
751	0.00268829	-11340.3
752	0.00268829	-10618.6
753	0.00268829	-10282.9
754	0.00268829	-10987.9
755	0.00268829	-10291.2
756	0.00268829	-10823.4
757	0.00268829	-10358.4
758	0.00268829	-11355.2
759	0.00268829	-10900.9
760	0.00268829	-10818.4
761	0.00268829	-10656.6
762	0.00268829	-11321.1
763	0.00268829	-10086.8
764	0.00268829	-10403.4
765	0.00268829	-11042.5
766	0.00268829	-10484.6
767	0.00268829	-10912.5
768	0.00268829	-10385.3
769	0.00268829	-10976.4
770	0.00268829	-10610.2
771	0.00268829	-10827.3
772	0.00268829	-9892.77
773	0.00268829	-10126.6
774	0.00268829	-10161.4
775	0.00268829	-10705.8
776	0.00268829	-11001.6
777	0.00268829	-11003
778	0.00268829	-9726.98
779	0.00268829	-10403.1
780	0.00268829	-10694
781	0.00268829	-10292.9
782	0.00268829	-11136.5
783	0.00268829	-10986.5
784	0.00268829	-11642.2
785	0.00268829	-10144.5
786	0.00268829	-10522.9
787	0.00268829	-10359
788	0.00268829	-10516.4
789	0.00268829	-11225.6
790	0.00268829	-11650.3
791	0.00268829	-11356.6
792	0.00268829	-10299.3
793	0.00268829	-10347.3
794	0.00268829	-10614
795	0.00268829	-11122.6
796	0.00268829	-11039.8
797	0.00268829	-10288.1
798	0.00268829	-9872.83
799	0.00268829	-10094
800	0.00268829	-9532.41
801	0.00268829	-10339
802	0.00268829	-10278
803	0.00268829	-9934.22
804	0.00268829	-11384
805	0.00268829	-10999.2
806	0.00268829	-10174.6
807	0.00268829	-11255.3
808	0.00268829	-10906.7
809	0.00268829	-11471.7
810	0.00268829	-10689.7
811	0.00268829	-10649.4
812	0.00268829	-10782.5
813	0.00268829	-11277.6
814	0.00268829	-10798.3
815	0.00268829	-10607.7
816	0.00268829	-10969.5
817	0.00268829	-11711.5
818	0.00268829	-10207.5
819	0.00268829	-10578.1
820	0.00268829	-10875.7
821	0.00268829	-10309.7
822	0.00268829	-10122.1
823	0.00268829	-10716.2
824	0.00268829	-10205.8
825	0.00268829	-10198.1
826	0.00268829	-9710.62
827	0.00268829	-10674.2
828	0.00268829	-10128.3
829	0.00268829	-9871.18
830	0.00268829	-10863.4
831	0.00268829	-10406.7
832	0.00268829	-10797.2
833	0.00268829	-11289.9
834	0.00268829	-10791.4
835	0.00268829	-10610.6
836	0.00268829	-10708.8
837	0.00268829	-10971.9
838	0.00268829	-10717.2
839	0.00268829	-9650.13
840	0.00268829	-11080.5
841	0.00268829	-10642.7
842	0.00268829	-10958.9
843	0.00268829	-10052.8
844	0.00268829	-10801.4
845	0.00268829	-10693.2
846	0.00268829	-11613.6
847	0.00268829	-11827.7
848	0.00268829	-10806
849	0.00268829	-11225.3
850	0.00268829	-11435.4
851	0.00268829	-10496.5
852	0.00268829	-10985.9
853	0.00268829	-10427.8
854	0.00268829	-10462.4
855	0.00268829	-10573.3
856	0.00268829	-9773.2
857	0.00268829	-10669.5
858	0.00268829	-10280
859	0.00268829	-10139.9
860	0.00268829	-9847.05
861	0.00268829	-10014.2
862	0.00268829	-9401.84
863	0.00268829	-10933.3
864	0.00268829	-10409.4
865	0.00268829	-10563.1
866	0.00268829	-11566.4
867	0.00268829	-9562.96
868	0.00268829	-10592.3
869	0.00268829	-10007.7
870	0.00268829	-10211.7
871	0.00268829	-10034.9
872	0.00268829	-10051.9
873	0.00268829	-10509.4
874	0.00268829	-10621.5
875	0.00268829	-10870.3
876	0.00268829	-11671.9
877	0.00268829	-11688
878	0.00268829	-12040.6
879	0.00268829	-10833.3
880	0.00268829	-10046.3
881	0.00268829	-11166.8
882	0.00268829	-10027.5
883	0.00268829	-11493.8
884	0.00268829	-10786.2
885	0.00268829	-10990.9
886	0.00268829	-11360.9
887	0.00268829	-11223.2
888	0.00268829	-11267.4
889	0.00268829	-10207.7
890	0.00268829	-10874.3
891	0.00268829	-10536.2
892	0.00268829	-9812.95
893	0.00268829	-10901.9
894	0.00268829	-10997.3
895	0.00268829	-10864
896	0.00268829	-10163.3
897	0.00268829	-11057.1
898	0.00268829	-11637.6
899	0.00268829	-11506.4
900	0.00268829	-11498
901	0.00268829	-11110.8
902	0.00268829	-10663.4
903	0.00268829	-10603.5
904	0.00268829	-10365.4
905	0.00268829	-10498.6
906	0.00268829	-10265.3
907	0.00268829	-10476.7
908	0.00268829	-11035.3
909	0.00268829	-10719.6
910	0.00268829	-11270.8
911	0.00268829	-10784.9
912	0.00268829	-11263.4
913	0.00268829	-10031.4
914	0.00268829	-9996.06
915	0.00268829	-9803.52
916	0.00268829	-11150.3
917	0.00268829	-10549.5
918	0.00268829	-10615
919	0.00268829	-11119.2
920	0.00268829	-11600.3
921	0.00268829	-10346.6
922	0.00268829	-10932.7
923	0.00268829	-10355.5
924	0.00268829	-11174.6
925	0.00268829	-10502.9
926	0.00268829	-10495
927	0.00268829	-11235.1
928	0.00268829	-10735
929	0.00268829	-10923.8
930	0.00268829	-10969.3
931	0.00268829	-11579.4
932	0.00268829	-11374
933	0.00268829	-11478.7
934	0.00268829	-10971.1
935	0.00268829	-11139
936	0.00268829	-10659.4
937	0.00268829	-11537.9
938	0.00268829	-10525.5
939	0.00268829	-10144.7
940	0.00268829	-10391.9
941	0.00268829	-11067.1
942	0.00268829	-10533
943	0.00268829	-10260.5
944	0.00268829	-11077.9
945	0.00268829	-11337.3
946	0.00268829	-10101.2
947	0.00268829	-9618.1
948	0.00268829	-11091.9
949	0.00268829	-9954.55
950	0.00268829	-10127.2
951	0.00268829	-10938.9
952	0.00268829	-9821.63
953	0.00268829	-10831.9
954	0.00268829	-9887.07
955	0.00268829	-10933.3
956	0.00268829	-10631.5
957	0.00268829	-11323.5
958	0.00268829	-10669
959	0.00268829	-11068.9
960	0.00268829	-10847.2
961	0.00268829	-11145
962	0.00268829	-10477.6
963	0.00268829	-9821.16
964	0.00268829	-10543.4
965	0.00268829	-10918.8
966	0.00268829	-10059.9
967	0.00268829	-10217.2
968	0.00268829	-11851.2
969	0.00268829	-10243.5
970	0.00268829	-10128.1
971	0.00268829	-10861.5
972	0.00268829	-10999
973	0.00268829	-10627.2
974	0.00268829	-11093.7
975	0.00268829	-11562.2
976	0.00268829	-11070.8
977	0.00268829	-10887.6
978	0.00268829	-11105.3
979	0.00268829	-10667.9
980	0.00268829	-10363.2
981	0.00268829	-10685.5
982	0.00268829	-10228.3
983	0.00268829	-9673.94
984	0.00268829	-9869.65
985	0.00268829	-10608.1
986	0.00268829	-10655.9
987	0.00268829	-10798.2
988	0.00268829	-10541.2
989	0.00268829	-10926.1
990	0.00268829	-10588.4
991	0.00268829	-10640.4
992	0.00268829	-10144.7
993	0.00268829	-10452.7
994	0.00268829	-10389.8
995	0.00268829	-10096.7
996	0.00268829	-10197.7
997	0.00268829	-10301.6
998	0.00268829	-10686.9
999	0.00268829	-10785
1000	0.00268829	-11518.7
251	0.00190397	-10105.3
252	0.00190397	-10213.9
253	0.00190397	-10081.3
254	0.00190397	-12073.7
255	0.00190397	-12116.5
256	0.00190397	-10806.3
257	0.00190397	-10247.5
258	0.00190397	-10557.5
259	0.00190397	-10270.1
260	0.00190397	-11152.2
261	0.00190397	-11348
262	0.00190397	-11301.1
263	0.00190397	-11460.7
264	0.00190397	-11593.4
265	0.00190397	-11392.9
266	0.00190397	-10258.3
267	0.00190397	-10655.4
268	0.00190397	-11269.5
269	0.00190397	-10123.3
270	0.00190397	-10169.2
271	0.00190397	-11296.3
272	0.00190397	-12203.4
273	0.00190397	-10623.3
274	0.00190397	-10320.7
275	0.00190397	-10888
276	0.00190397	-11287
277	0.00190397	-11119
278	0.00190397	-12122.6
279	0.00190397	-12113.5
280	0.00190397	-11578
281	0.00190397	-11635.7
282	0.00190397	-10815.2
283	0.00190397	-10776.4
284	0.00190397	-11802.1
285	0.00190397	-10232.3
286	0.00190397	-10042.4
287	0.00190397	-10561.3
288	0.00190397	-9741.99
289	0.00190397	-9909.78
290	0.00190397	-10279.5
291	0.00190397	-10889.1
292	0.00190397	-11904.9
293	0.00190397	-12166.2
294	0.00190397	-11361
295	0.00190397	-11930.3
296	0.00190397	-10524.7
297	0.00190397	-11061
298	0.00190397	-10891.8
299	0.00190397	-10704.6
300	0.00190397	-12317.6
301	0.00190397	-11251.2
302	0.00190397	-12079.9
303	0.00190397	-11384.2
304	0.00190397	-11146.8
305	0.00190397	-10836.7
306	0.00190397	-12090.1
307	0.00190397	-11468.8
308	0.00190397	-10297.4
309	0.00190397	-11644.9
310	0.00190397	-10781.8
311	0.00190397	-10794.2
312	0.00190397	-10611.2
313	0.00190397	-10700.3
314	0.00190397	-11277
315	0.00190397	-10941.4
316	0.00190397	-11486
317	0.00190397	-11969.4
318	0.00190397	-11829.2
319	0.00190397	-9927.45
320	0.00190397	-9669.16
321	0.00190397	-11097.7
322	0.00190397	-11352.8
323	0.00190397	-9638.57
324	0.00190397	-9857.93
325	0.00190397	-11853.7
326	0.00190397	-10774.9
327	0.00190397	-11710.5
328	0.00190397	-11397.6
329	0.00190397	-12692.5
330	0.00190397	-10945.9
331	0.00190397	-11560.2
332	0.00190397	-11123.7
333	0.00190397	-12157.1
334	0.00190397	-12624.9
335	0.00190397	-12084.9
336	0.00190397	-12500.1
337	0.00190397	-11803.1
338	0.00190397	-12146.5
339	0.00190397	-12093
340	0.00190397	-11095.3
341	0.00190397	-10681.5
342	0.00190397	-11075
343	0.00190397	-12754.6
344	0.00190397	-11321.9
345	0.00190397	-11370.9
346	0.00190397	-9650.75
347	0.00190397	-10322.1
348	0.00190397	-11755.6
349	0.00190397	-11078.7
350	0.00190397	-12974.2
351	0.00190397	-11917.4
352	0.00190397	-11889.4
353	0.00190397	-10925.1
354	0.00190397	-11237.6
355	0.00190397	-11043.3
356	0.00190397	-12295.8
357	0.00190397	-11497.9
358	0.00190397	-10632.3
359	0.00190397	-11194.1
360	0.00190397	-11012.5
361	0.00190397	-11285.5
362	0.00190397	-9520.82
363	0.00190397	-10849.2
364	0.00190397	-10796.2
365	0.00190397	-11969.2
366	0.00190397	-10275.5
367	0.00190397	-10784.2
368	0.00190397	-10636.2
369	0.00190397	-10998.9
370	0.00190397	-11039.4
371	0.00190397	-11401.9
372	0.00190397	-11161
373	0.00190397	-10247.2
374	0.00190397	-10640.1
375	0.00190397	-11535.9
376	0.00190397	-10052.9
377	0.00190397	-11206
378	0.00190397	-10935.7
379	0.00190397	-10680.9
380	0.00190397	-11071.5
381	0.00190397	-11199.4
382	0.00190397	-10307.7
383	0.00190397	-12097.5
384	0.00190397	-11487.1
385	0.00190397	-10991.1
386	0.00190397	-10666.5
387	0.00190397	-10694.1
388	0.00190397	-11747
389	0.00190397	-10701.6
390	0.00190397	-11422.9
391	0.00190397	-11557
392	0.00190397	-10463
393	0.00190397	-10395.7
394	0.00190397	-11107.5
395	0.00190397	-10930.1
396	0.00190397	-10312.3
397	0.00190397	-10920.5
398	0.00190397	-11192.7
399	0.00190397	-10366.8
400	0.00190397	-10600.6
401	0.00190397	-10642.7
402	0.00190397	-11238.8
403	0.00190397	-11557.7
404	0.00190397	-12037.7
405	0.00190397	-11990.9
406	0.00190397	-10334.9
407	0.00190397	-10830.6
408	0.00190397	-10417.2
409	0.00190397	-11609.4
410	0.00190397	-11007.8
411	0.00190397	-10684
412	0.00190397	-10076.3
413	0.00190397	-10639.8
414	0.00190397	-11843.6
415	0.00190397	-11271.2
416	0.00190397	-10861.8
417	0.00190397	-11113.7
418	0.00190397	-10430.8
419	0.00190397	-11502.8
420	0.00190397	-11294.7
421	0.00190397	-11089.1
422	0.00190397	-10508.2
423	0.00190397	-10583.7
424	0.00190397	-10594.7
425	0.00190397	-10042.3
426	0.00190397	-12315.2
427	0.00190397	-12767.6
428	0.00190397	-10964.1
429	0.00190397	-10657.7
430	0.00190397	-10446.2
431	0.00190397	-11541.4
432	0.00190397	-10493.8
433	0.00190397	-10786.1
434	0.00190397	-10261
435	0.00190397	-10843.5
436	0.00190397	-10711.4
437	0.00190397	-11649.5
438	0.00190397	-10833
439	0.00190397	-10444.9
440	0.00190397	-10827
441	0.00190397	-10430.5
442	0.00190397	-11839.7
443	0.00190397	-10550.8
444	0.00190397	-9588.84
445	0.00190397	-10699.9
446	0.00190397	-10791.6
447	0.00190397	-11236.4
448	0.00190397	-11077.4
449	0.00190397	-10167
450	0.00190397	-10654.8
451	0.00190397	-10874.2
452	0.00190397	-10410.8
453	0.00190397	-10590.7
454	0.00190397	-9544.13
455	0.00190397	-10099.4
456	0.00190397	-11512.8
457	0.00190397	-11523.6
458	0.00190397	-11635
459	0.00190397	-12608.8
460	0.00190397	-10835.7
461	0.00190397	-11256.9
462	0.00190397	-11924.3
463	0.00190397	-10556.1
464	0.00190397	-11346.7
465	0.00190397	-11245.8
466	0.00190397	-11361.7
467	0.00190397	-9859.07
468	0.00190397	-10070.2
469	0.00190397	-11475.9
470	0.00190397	-11918.5
471	0.00190397	-10945.3
472	0.00190397	-11088.2
473	0.00190397	-10725.3
474	0.00190397	-11027.9
475	0.00190397	-10671.7
476	0.00190397	-10813.3
477	0.00190397	-10454
478	0.00190397	-10249.4
479	0.00190397	-11050.5
480	0.00190397	-10575
481	0.00190397	-10499.3
482	0.00190397	-10526.4
483	0.00190397	-11072.3
484	0.00190397	-11126.1
485	0.00190397	-10155.4
486	0.00190397	-10820.8
487	0.00190397	-10016.5
488	0.00190397	-10653.5
489	0.00190397	-10945.9
490	0.00190397	-10469.7
491	0.00190397	-11909.1
492	0.00190397	-11507.2
493	0.00190397	-10456
494	0.00190397	-9948.5
495	0.00190397	-10755.4
496	0.00190397	-11343.2
497	0.00190397	-10461.1
498	0.00190397	-11174.1
499	0.00190397	-11248.5
500	0.00190397	-9717.33
501	0.00190397	-9934.68
502	0.00190397	-10853.7
503	0.00190397	-11520.8
504	0.00190397	-11302
505	0.00190397	-10643.7
506	0.00190397	-10988.5
507	0.00190397	-10145.7
508	0.00190397	-10611.2
509	0.00190397	-11394.4
510	0.00190397	-10907.8
511	0.00190397	-10946.6
512	0.00190397	-12764.3
513	0.00190397	-11205.5
514	0.00190397	-10537.9
515	0.00190397	-11594.2
516	0.00190397	-11377.6
517	0.00190397	-11321.8
518	0.00190397	-10852.3
519	0.00190397	-10920
520	0.00190397	-10865.1
521	0.00190397	-11970.3
522	0.00190397	-11509.6
523	0.00190397	-11593.9
524	0.00190397	-10550.6
525	0.00190397	-11610.4
526	0.00190397	-9894.55
527	0.00190397	-10679.4
528	0.00190397	-10452.7
529	0.00190397	-10914.4
530	0.00190397	-10062.1
531	0.00190397	-10748.4
532	0.00190397	-10445
533	0.00190397	-11319.7
534	0.00190397	-12093.5
535	0.00190397	-12040.5
536	0.00190397	-11073
537	0.00190397	-11822.6
538	0.00190397	-11216.7
539	0.00190397	-10978.6
540	0.00190397	-11333.7
541	0.00190397	-10944.6
542	0.00190397	-11458.3
543	0.00190397	-11861.4
544	0.00190397	-11929.6
545	0.00190397	-11879.1
546	0.00190397	-11375
547	0.00190397	-10831.9
548	0.00190397	-11899.9
549	0.00190397	-12518.7
550	0.00190397	-11077.1
551	0.00190397	-12957.4
552	0.00190397	-11126.6
553	0.00190397	-11936.4
554	0.00190397	-12008.2
555	0.00190397	-11079.5
556	0.00190397	-10386.2
557	0.00190397	-10904.8
558	0.00190397	-10266.5
559	0.00190397	-12155.5
560	0.00190397	-11268.8
561	0.00190397	-10466.8
562	0.00190397	-11742.9
563	0.00190397	-9968.46
564	0.00190397	-10198.8
565	0.00190397	-11168.4
566	0.00190397	-10555.2
567	0.00190397	-11081.8
568	0.00190397	-11488.3
569	0.00190397	-9911.48
570	0.00190397	-9680.34
571	0.00190397	-12825.9
572	0.00190397	-11690.5
573	0.00190397	-10749.2
574	0.00190397	-10158.1
575	0.00190397	-11059
576	0.00190397	-11546.3
577	0.00190397	-10615.9
578	0.00190397	-10928.3
579	0.00190397	-11045.8
580	0.00190397	-11927.5
581	0.00190397	-11566.8
582	0.00190397	-11338.3
583	0.00190397	-11898.3
584	0.00190397	-10304.5
585	0.00190397	-12222.5
586	0.00190397	-11351.4
587	0.00190397	-11348.6
588	0.00190397	-11200.5
589	0.00190397	-11750.5
590	0.00190397	-11875.2
591	0.00190397	-10175.7
592	0.00190397	-12154.5
593	0.00190397	-10934.9
594	0.00190397	-10672
595	0.00190397	-11076.8
596	0.00190397	-11664.4
597	0.00190397	-10868.7
598	0.00190397	-12100.2
599	0.00190397	-11490.1
600	0.00190397	-10605.9
601	0.00190397	-10546.3
602	0.00190397	-11156.6
603	0.00190397	-11925
604	0.00190397	-10951.8
605	0.00190397	-10032.9
606	0.00190397	-10660.4
607	0.00190397	-11332.3
608	0.00190397	-10405.5
609	0.00190397	-12379.3
610	0.00190397	-12504.5
611	0.00190397	-10650.3
612	0.00190397	-11324.2
613	0.00190397	-12217.2
614	0.00190397	-10273
615	0.00190397	-10010.2
616	0.00190397	-10292.2
617	0.00190397	-10174.2
618	0.00190397	-10458.5
619	0.00190397	-12003
620	0.00190397	-12173.4
621	0.00190397	-12080.2
622	0.00190397	-10358.2
623	0.00190397	-10126.9
624	0.00190397	-10574.5
625	0.00190397	-9727.35
626	0.00190397	-10717.4
627	0.00190397	-10622.1
628	0.00190397	-10937.9
629	0.00190397	-11577.2
630	0.00190397	-11331.8
631	0.00190397	-12286.9
632	0.00190397	-11598.6
633	0.00190397	-10266.2
634	0.00190397	-11352.2
635	0.00190397	-9851.37
636	0.00190397	-10953.4
637	0.00190397	-10810
638	0.00190397	-10357.7
639	0.00190397	-10304.2
640	0.00190397	-11367.1
641	0.00190397	-10812.9
642	0.00190397	-11246.6
643	0.00190397	-11552.3
644	0.00190397	-11230.7
645	0.00190397	-11251.1
646	0.00190397	-11157.6
647	0.00190397	-10248.2
648	0.00190397	-10293.3
649	0.00190397	-10225.3
650	0.00190397	-9617.43
651	0.00190397	-10632.5
652	0.00190397	-11201.9
653	0.00190397	-11204.4
654	0.00190397	-10567.5
655	0.00190397	-11228.4
656	0.00190397	-10173.9
657	0.00190397	-11058.9
658	0.00190397	-12369.7
659	0.00190397	-11492.4
660	0.00190397	-11357.6
661	0.00190397	-11658.8
662	0.00190397	-11066.8
663	0.00190397	-10869.2
664	0.00190397	-10350.7
665	0.00190397	-11761.5
666	0.00190397	-10884.7
667	0.00190397	-12052.2
668	0.00190397	-11216.6
669	0.00190397	-11636.3
670	0.00190397	-11444.2
671	0.00190397	-11752.7
672	0.00190397	-11595.8
673	0.00190397	-11409
674	0.00190397	-11421.9
675	0.00190397	-10948.4
676	0.00190397	-10524.8
677	0.00190397	-10234.3
678	0.00190397	-10075.2
679	0.00190397	-10292
680	0.00190397	-10225.2
681	0.00190397	-11074.2
682	0.00190397	-11690.5
683	0.00190397	-11581.5
684	0.00190397	-11093.2
685	0.00190397	-10237
686	0.00190397	-10243.9
687	0.00190397	-10324.1
688	0.00190397	-10402.5
689	0.00190397	-10844.6
690	0.00190397	-11440.3
691	0.00190397	-13465.3
692	0.00190397	-11411.2
693	0.00190397	-11469.7
694	0.00190397	-11333.3
695	0.00190397	-11426.2
696	0.00190397	-11347.8
697	0.00190397	-12547.8
698	0.00190397	-11540.4
699	0.00190397	-10890.3
700	0.00190397	-11239.9
701	0.00190397	-10801.8
702	0.00190397	-10352.3
703	0.00190397	-10661
704	0.00190397	-11041
705	0.00190397	-11446.3
706	0.00190397	-10163.1
707	0.00190397	-10552.3
708	0.00190397	-11170
709	0.00190397	-10885
710	0.00190397	-10626
711	0.00190397	-10743.5
712	0.00190397	-9639.95
713	0.00190397	-11422.9
714	0.00190397	-10880.2
715	0.00190397	-11377.9
716	0.00190397	-11324.6
717	0.00190397	-11470.8
718	0.00190397	-11747.8
719	0.00190397	-10421.6
720	0.00190397	-10999.8
721	0.00190397	-11253.1
722	0.00190397	-10275.6
723	0.00190397	-10297.5
724	0.00190397	-11485.8
725	0.00190397	-11373.6
726	0.00190397	-11671.3
727	0.00190397	-12066.3
728	0.00190397	-11238.7
729	0.00190397	-10900.3
730	0.00190397	-11894.3
731	0.00190397	-11662
732	0.00190397	-10021
733	0.00190397	-10016.3
734	0.00190397	-11064.2
735	0.00190397	-11025
736	0.00190397	-10283.2
737	0.00190397	-10456.3
738	0.00190397	-11196.3
739	0.00190397	-10923
740	0.00190397	-9891
741	0.00190397	-10604
742	0.00190397	-10861.1
743	0.00190397	-10508.8
744	0.00190397	-10051.5
745	0.00190397	-11531.2
746	0.00190397	-11174.4
747	0.00190397	-10868.5
748	0.00190397	-10498.8
749	0.00190397	-11066.8
750	0.00190397	-11174.2
751	0.00190397	-11128.2
752	0.00190397	-10706.2
753	0.00190397	-12147.7
754	0.00190397	-10987.3
755	0.00190397	-10413
756	0.00190397	-11233.3
757	0.00190397	-10789.7
758	0.00190397	-11575.6
759	0.00190397	-12033.7
760	0.00190397	-10917.5
761	0.00190397	-12120.8
762	0.00190397	-12899.3
763	0.00190397	-12494.8
764	0.00190397	-12035.5
765	0.00190397	-11377.6
766	0.00190397	-10681.8
767	0.00190397	-10879.7
768	0.00190397	-10929.4
769	0.00190397	-11316.1
770	0.00190397	-11775.1
771	0.00190397	-11259.5
772	0.00190397	-11177
773	0.00190397	-11200.8
774	0.00190397	-11762.9
775	0.00190397	-11502.6
776	0.00190397	-10082.1
777	0.00190397	-10837.3
778	0.00190397	-10689.1
779	0.00190397	-10360.6
780	0.00190397	-11107.1
781	0.00190397	-11159.7
782	0.00190397	-10670.7
783	0.00190397	-10204.4
784	0.00190397	-10858.2
785	0.00190397	-12196.4
786	0.00190397	-12844.7
787	0.00190397	-12427.3
788	0.00190397	-12249.7
789	0.00190397	-10781.5
790	0.00190397	-10644.7
791	0.00190397	-11076.8
792	0.00190397	-11312.4
793	0.00190397	-10839
794	0.00190397	-10327.9
795	0.00190397	-11558.7
796	0.00190397	-11512.1
797	0.00190397	-12702.8
798	0.00190397	-11883.3
799	0.00190397	-12550.9
800	0.00190397	-11727.1
801	0.00190397	-11234.9
802	0.00190397	-10328.6
803	0.00190397	-11566.2
804	0.00190397	-10119.6
805	0.00190397	-9923.55
806	0.00190397	-11259.1
807	0.00190397	-9981.09
808	0.00190397	-11240.3
809	0.00190397	-11918.1
810	0.00190397	-10725.1
811	0.00190397	-11323.5
812	0.00190397	-12210.3
813	0.00190397	-11863.8
814	0.00190397	-11413.1
815	0.00190397	-10811.4
816	0.00190397	-11593.5
817	0.00190397	-11985.2
818	0.00190397	-11040.7
819	0.00190397	-10699.6
820	0.00190397	-10402.5
821	0.00190397	-10314.9
822	0.00190397	-10831.5
823	0.00190397	-9967.8
824	0.00190397	-9661.56
825	0.00190397	-10994.4
826	0.00190397	-9722.65
827	0.00190397	-9342.9
828	0.00190397	-10594.1
829	0.00190397	-11130.7
830	0.00190397	-10492.2
831	0.00190397	-10244.6
832	0.00190397	-11061.7
833	0.00190397	-11307.2
834	0.00190397	-9970.89
835	0.00190397	-10779.1
836	0.00190397	-11261.8
837	0.00190397	-9929.95
838	0.00190397	-10152.2
839	0.00190397	-10123.6
840	0.00190397	-11091.6
841	0.00190397	-9942.58
842	0.00190397	-10442.1
843	0.00190397	-10881.5
844	0.00190397	-11157
845	0.00190397	-11412.9
846	0.00190397	-11707.4
847	0.00190397	-11075.9
848	0.00190397	-10293.4
849	0.00190397	-11626.8
850	0.00190397	-11813.4
851	0.00190397	-11236.8
852	0.00190397	-12728
853	0.00190397	-10455.4
854	0.00190397	-11085.8
855	0.00190397	-10399.3
856	0.00190397	-10536.5
857	0.00190397	-11080.7
858	0.00190397	-10385.2
859	0.00190397	-9968.48
860	0.00190397	-11209.2
861	0.00190397	-10914
862	0.00190397	-11178.2
863	0.00190397	-11807.1
864	0.00190397	-11616.7
865	0.00190397	-10515.2
866	0.00190397	-10839.7
867	0.00190397	-13390.9
868	0.00190397	-10984.9
869	0.00190397	-11571.3
870	0.00190397	-11257.6
871	0.00190397	-12238.6
872	0.00190397	-12217.2
873	0.00190397	-11463.3
874	0.00190397	-12124.7
875	0.00190397	-12238
876	0.00190397	-12040.5
877	0.00190397	-11021.5
878	0.00190397	-10381.1
879	0.00190397	-10805.9
880	0.00190397	-10273
881	0.00190397	-11440.8
882	0.00190397	-10963.8
883	0.00190397	-10867.9
884	0.00190397	-11131.5
885	0.00190397	-11479.7
886	0.00190397	-10220.3
887	0.00190397	-10782.6
888	0.00190397	-12033.7
889	0.00190397	-11905.2
890	0.00190397	-11460.9
891	0.00190397	-11030.7
892	0.00190397	-11213.1
893	0.00190397	-10826.9
894	0.00190397	-11110.8
895	0.00190397	-10451.3
896	0.00190397	-9948.07
897	0.00190397	-11038.1
898	0.00190397	-11315.3
899	0.00190397	-11424.7
900	0.00190397	-11030.4
901	0.00190397	-10411.8
902	0.00190397	-9629.26
903	0.00190397	-10965.9
904	0.00190397	-11410.1
905	0.00190397	-12130.2
906	0.00190397	-11819.8
907	0.00190397	-10604.4
908	0.00190397	-13244
909	0.00190397	-13505.3
910	0.00190397	-12425.4
911	0.00190397	-11962.9
912	0.00190397	-11838.8
913	0.00190397	-10999.5
914	0.00190397	-11209.8
915	0.00190397	-11064.1
916	0.00190397	-11481.7
917	0.00190397	-11786.2
918	0.00190397	-11010.8
919	0.00190397	-10719.5
920	0.00190397	-10653
921	0.00190397	-11312.5
922	0.00190397	-10871.8
923	0.00190397	-11660.1
924	0.00190397	-11077.2
925	0.00190397	-10102.3
926	0.00190397	-11169
927	0.00190397	-11664.8
928	0.00190397	-10354.9
929	0.00190397	-10686.8
930	0.00190397	-11162.1
931	0.00190397	-11558.6
932	0.00190397	-12171.7
933	0.00190397	-11687.5
934	0.00190397	-12013.4
935	0.00190397	-11984.1
936	0.00190397	-10198.1
937	0.00190397	-10338.9
938	0.00190397	-10408.1
939	0.00190397	-10635.9
940	0.00190397	-10229
941	0.00190397	-10315.4
942	0.00190397	-10291.8
943	0.00190397	-11691.4
944	0.00190397	-12167.6
945	0.00190397	-11613.2
946	0.00190397	-10894.4
947	0.00190397	-10552.2
948	0.00190397	-11141.7
949	0.00190397	-10844.7
950	0.00190397	-11472.5
951	0.00190397	-12762.4
952	0.00190397	-11156.3
953	0.00190397	-10375.3
954	0.00190397	-11233.4
955	0.00190397	-11052.4
956	0.00190397	-11080.3
957	0.00190397	-10459.2
958	0.00190397	-13240.7
959	0.00190397	-10497.8
960	0.00190397	-11489.6
961	0.00190397	-10437.9
962	0.00190397	-11812.4
963	0.00190397	-11516.2
964	0.00190397	-11072.8
965	0.00190397	-11587
966	0.00190397	-10947.6
967	0.00190397	-11516.5
968	0.00190397	-11091.9
969	0.00190397	-10457.8
970	0.00190397	-10450.9
971	0.00190397	-10392
972	0.00190397	-10071.5
973	0.00190397	-10053.5
974	0.00190397	-10409.3
975	0.00190397	-13168.4
976	0.00190397	-14682.7
977	0.00190397	-12233.4
978	0.00190397	-10128.2
979	0.00190397	-10265
980	0.00190397	-11180.4
981	0.00190397	-10645.9
982	0.00190397	-10789.6
983	0.00190397	-10688.8
984	0.00190397	-11592.5
985	0.00190397	-10751.5
986	0.00190397	-10760.6
987	0.00190397	-10012.3
988	0.00190397	-10307.2
989	0.00190397	-11053.4
990	0.00190397	-11381
991	0.00190397	-11664.6
992	0.00190397	-10664.1
993	0.00190397	-11558
994	0.00190397	-11260.2
995	0.00190397	-11121
996	0.00190397	-11440.1
997	0.00190397	-11651.5
998	0.00190397	-11204
999	0.00190397	-11198.5
1000	0.00190397	-10942.3
251	0.00131443	-12370.9
252	0.00131443	-11252.9
253	0.00131443	-10704.2
254	0.00131443	-10240.4
255	0.00131443	-12236.1
256	0.00131443	-11994.6
257	0.00131443	-11568
258	0.00131443	-11540.4
259	0.00131443	-10559.3
260	0.00131443	-11240.6
261	0.00131443	-11148
262	0.00131443	-10102.7
263	0.00131443	-10853.4
264	0.00131443	-11907.4
265	0.00131443	-11452.9
266	0.00131443	-11272.8
267	0.00131443	-10293.4
268	0.00131443	-10772.5
269	0.00131443	-11319.3
270	0.00131443	-11560.1
271	0.00131443	-12462.2
272	0.00131443	-12534.2
273	0.00131443	-13047.6
274	0.00131443	-14191.2
275	0.00131443	-10934.5
276	0.00131443	-9828.06
277	0.00131443	-11760.5
278	0.00131443	-11195.3
279	0.00131443	-11631.4
280	0.00131443	-10918.6
281	0.00131443	-11117.8
282	0.00131443	-10593
283	0.00131443	-11511.5
284	0.00131443	-11555
285	0.00131443	-10610.1
286	0.00131443	-10727
287	0.00131443	-10095.3
288	0.00131443	-11098.1
289	0.00131443	-10945.3
290	0.00131443	-10233.4
291	0.00131443	-10854.4
292	0.00131443	-10358
293	0.00131443	-12010
294	0.00131443	-11383.1
295	0.00131443	-10624.7
296	0.00131443	-11826.6
297	0.00131443	-10003.9
298	0.00131443	-11077.7
299	0.00131443	-11982.8
300	0.00131443	-10969.4
301	0.00131443	-10998.7
302	0.00131443	-11478
303	0.00131443	-12796.1
304	0.00131443	-12899.1
305	0.00131443	-12274.4
306	0.00131443	-10643.1
307	0.00131443	-12059.4
308	0.00131443	-10735.5
309	0.00131443	-10800.6
310	0.00131443	-11394.1
311	0.00131443	-11643.5
312	0.00131443	-12134.5
313	0.00131443	-11359.7
314	0.00131443	-12053.9
315	0.00131443	-12048.6
316	0.00131443	-11510.2
317	0.00131443	-11367.6
318	0.00131443	-11164.3
319	0.00131443	-11723.4
320	0.00131443	-10461.3
321	0.00131443	-10909.5
322	0.00131443	-11294.2
323	0.00131443	-10896
324	0.00131443	-11256.2
325	0.00131443	-10826.8
326	0.00131443	-12033.3
327	0.00131443	-11773.4
328	0.00131443	-10487.7
329	0.00131443	-12095
330	0.00131443	-12884.2
331	0.00131443	-12325.3
332	0.00131443	-11430.3
333	0.00131443	-10855.5
334	0.00131443	-11084.1
335	0.00131443	-11214
336	0.00131443	-10871.7
337	0.00131443	-10227.5
338	0.00131443	-10999.5
339	0.00131443	-11193.8
340	0.00131443	-11020.9
341	0.00131443	-10916.7
342	0.00131443	-10148.2
343	0.00131443	-10133.9
344	0.00131443	-12886.6
345	0.00131443	-11273.4
346	0.00131443	-13528.4
347	0.00131443	-13448.4
348	0.00131443	-11922.4
349	0.00131443	-10072.4
350	0.00131443	-11281.2
351	0.00131443	-10980.9
352	0.00131443	-10148.3
353	0.00131443	-12078.9
354	0.00131443	-10264.6
355	0.00131443	-13565
356	0.00131443	-12743.1
357	0.00131443	-10942.3
358	0.00131443	-10229.5
359	0.00131443	-11289.3
360	0.00131443	-10743.2
361	0.00131443	-11205.8
362	0.00131443	-10501.4
363	0.00131443	-11809.8
364	0.00131443	-10988.8
365	0.00131443	-10762.7
366	0.00131443	-10999
367	0.00131443	-10420.9
368	0.00131443	-11624.8
369	0.00131443	-11078.8
370	0.00131443	-11336.2
371	0.00131443	-11725.9
372	0.00131443	-10198.4
373	0.00131443	-11161.5
374	0.00131443	-11899.9
375	0.00131443	-11915.1
376	0.00131443	-11912.7
377	0.00131443	-12023.8
378	0.00131443	-12080.1
379	0.00131443	-10900.2
380	0.00131443	-11953.5
381	0.00131443	-13080.4
382	0.00131443	-13183.2
383	0.00131443	-11808.7
384	0.00131443	-10923.1
385	0.00131443	-13507.7
386	0.00131443	-11988.5
387	0.00131443	-11852.8
388	0.00131443	-12034
389	0.00131443	-10331.6
390	0.00131443	-12234
391	0.00131443	-12380
392	0.00131443	-11004.7
393	0.00131443	-10870.5
394	0.00131443	-12047.7
395	0.00131443	-11373.1
396	0.00131443	-11695
397	0.00131443	-10096.6
398	0.00131443	-11354.4
399	0.00131443	-12677.9
400	0.00131443	-12111.9
401	0.00131443	-11021
402	0.00131443	-12685.5
403	0.00131443	-11633.7
404	0.00131443	-11552.8
405	0.00131443	-10812.6
406	0.00131443	-10424.1
407	0.00131443	-10875.9
408	0.00131443	-10903.6
409	0.00131443	-11399.6
410	0.00131443	-10439
411	0.00131443	-11401.6
412	0.00131443	-11111.9
413	0.00131443	-12057.4
414	0.00131443	-11619.3
415	0.00131443	-10506
416	0.00131443	-11297
417	0.00131443	-11479.1
418	0.00131443	-11339.1
419	0.00131443	-12738
420	0.00131443	-14651.1
421	0.00131443	-15342.7
422	0.00131443	-12764
423	0.00131443	-12587.5
424	0.00131443	-10958.2
425	0.00131443	-10187.3
426	0.00131443	-11928.4
427	0.00131443	-10937.7
428	0.00131443	-11864.3
429	0.00131443	-12212.3
430	0.00131443	-10740.5
431	0.00131443	-9952.02
432	0.00131443	-10695.3
433	0.00131443	-12234
434	0.00131443	-11829.4
435	0.00131443	-10363
436	0.00131443	-11315.3
437	0.00131443	-10671
438	0.00131443	-11401.9
439	0.00131443	-11001.1
440	0.00131443	-10572.4
441	0.00131443	-10046.7
442	0.00131443	-10719.9
443	0.00131443	-10594.3
444	0.00131443	-10749.6
445	0.00131443	-9841.82
446	0.00131443	-10629.6
447	0.00131443	-11302.5
448	0.00131443	-12109.4
449	0.00131443	-10852.6
450	0.00131443	-11972.9
451	0.00131443	-11521.3
452	0.00131443	-11321.6
453	0.00131443	-11432.6
454	0.00131443	-11483.7
455	0.00131443	-11293.7
456	0.00131443	-11689.6
457	0.00131443	-11428.6
458	0.00131443	-11110.2
459	0.00131443	-9757.93
460	0.00131443	-11565.5
461	0.00131443	-12536
462	0.00131443	-11766
463	0.00131443	-12145.6
464	0.00131443	-13341.6
465	0.00131443	-10995.3
466	0.00131443	-10870.7
467	0.00131443	-10808.3
468	0.00131443	-11102.8
469	0.00131443	-12156.2
470	0.00131443	-12389.8
471	0.00131443	-11730.5
472	0.00131443	-12343.3
473	0.00131443	-11909.8
474	0.00131443	-11668.5
475	0.00131443	-11705.4
476	0.00131443	-11312.7
477	0.00131443	-10346.1
478	0.00131443	-10642.3
479	0.00131443	-10624.9
480	0.00131443	-12720.1
481	0.00131443	-13130.1
482	0.00131443	-10960.7
483	0.00131443	-11145.2
484	0.00131443	-10958.4
485	0.00131443	-11841.6
486	0.00131443	-12322.5
487	0.00131443	-11209.3
488	0.00131443	-9626.68
489	0.00131443	-10291.5
490	0.00131443	-9768.29
491	0.00131443	-10652.7
492	0.00131443	-11200.5
493	0.00131443	-11082.4
494	0.00131443	-11446.3
495	0.00131443	-11600.3
496	0.00131443	-10291.7
497	0.00131443	-11809.6
498	0.00131443	-13638.2
499	0.00131443	-12039.1
500	0.00131443	-10964.6
501	0.00131443	-11470.4
502	0.00131443	-12708.5
503	0.00131443	-12631.6
504	0.00131443	-12162.4
505	0.00131443	-11546.5
506	0.00131443	-11343.1
507	0.00131443	-12052.6
508	0.00131443	-12518
509	0.00131443	-11768.7
510	0.00131443	-12276.7
511	0.00131443	-12066.2
512	0.00131443	-12197
513	0.00131443	-10999.5
514	0.00131443	-11266.7
515	0.00131443	-11038.7
516	0.00131443	-11722.1
517	0.00131443	-11767
518	0.00131443	-13439.3
519	0.00131443	-12228.6
520	0.00131443	-10013.9
521	0.00131443	-10046.3
522	0.00131443	-10271.8
523	0.00131443	-10794.3
524	0.00131443	-11011.6
525	0.00131443	-10428.4
526	0.00131443	-11110.3
527	0.00131443	-11156.9
528	0.00131443	-10602.2
529	0.00131443	-10162.7
530	0.00131443	-12029.1
531	0.00131443	-11300.3
532	0.00131443	-11289.5
533	0.00131443	-10666
534	0.00131443	-10233.8
535	0.00131443	-10854.3
536	0.00131443	-11551
537	0.00131443	-12683.9
538	0.00131443	-10808.4
539	0.00131443	-11593.7
540	0.00131443	-12836.9
541	0.00131443	-12205.2
542	0.00131443	-11173.9
543	0.00131443	-11758.4
544	0.00131443	-11644.9
545	0.00131443	-10995.7
546	0.00131443	-13225.4
547	0.00131443	-12803
548	0.00131443	-12284.9
549	0.00131443	-10612.6
550	0.00131443	-10942.2
551	0.00131443	-10696.7
552	0.00131443	-10846
553	0.00131443	-11144.4
554	0.00131443	-12533
555	0.00131443	-11196.2
556	0.00131443	-10778.3
557	0.00131443	-11873
558	0.00131443	-11805.7
559	0.00131443	-11444.6
560	0.00131443	-11752.7
561	0.00131443	-11251.6
562	0.00131443	-10930.1
563	0.00131443	-12862.2
564	0.00131443	-12369.3
565	0.00131443	-10755.3
566	0.00131443	-11115
567	0.00131443	-11742.6
568	0.00131443	-13487.9
569	0.00131443	-12131.3
570	0.00131443	-11126
571	0.00131443	-11379.7
572	0.00131443	-10804.6
573	0.00131443	-11017.6
574	0.00131443	-11314.6
575	0.00131443	-9767.13
576	0.00131443	-10205
577	0.00131443	-10881.5
578	0.00131443	-10746.8
579	0.00131443	-11519.1
580	0.00131443	-10903.9
581	0.00131443	-12768.9
582	0.00131443	-12614.6
583	0.00131443	-11316.3
584	0.00131443	-12012.5
585	0.00131443	-10881.9
586	0.00131443	-11333.3
587	0.00131443	-10915.7
588	0.00131443	-10959.6
589	0.00131443	-11465.7
590	0.00131443	-11644.6
591	0.00131443	-10678.3
592	0.00131443	-11247.8
593	0.00131443	-11020.8
594	0.00131443	-11092.3
595	0.00131443	-10579.3
596	0.00131443	-10330.2
597	0.00131443	-10360.8
598	0.00131443	-11023.2
599	0.00131443	-10651.1
600	0.00131443	-10949.5
601	0.00131443	-9823.59
602	0.00131443	-11522.8
603	0.00131443	-10946.5
604	0.00131443	-11778.8
605	0.00131443	-12120.3
606	0.00131443	-11112.3
607	0.00131443	-11635
608	0.00131443	-12133.7
609	0.00131443	-11938.2
610	0.00131443	-10642.4
611	0.00131443	-11901.6
612	0.00131443	-11663.5
613	0.00131443	-11152.6
614	0.00131443	-11621.7
615	0.00131443	-11814.1
616	0.00131443	-11854.3
617	0.00131443	-10700.2
618	0.00131443	-10473
619	0.00131443	-10208.4
620	0.00131443	-10727.7
621	0.00131443	-11108.6
622	0.00131443	-11694.2
623	0.00131443	-11653.9
624	0.00131443	-11651.6
625	0.00131443	-12573.1
626	0.00131443	-12717.9
627	0.00131443	-11458.4
628	0.00131443	-10527.5
629	0.00131443	-11682.5
630	0.00131443	-12445.7
631	0.00131443	-11611.3
632	0.00131443	-12241.1
633	0.00131443	-10883
634	0.00131443	-11485.1
635	0.00131443	-12363.1
636	0.00131443	-10915.9
637	0.00131443	-10572.5
638	0.00131443	-11013.5
639	0.00131443	-11697.8
640	0.00131443	-13032.2
641	0.00131443	-12078.2
642	0.00131443	-12637
643	0.00131443	-12355.9
644	0.00131443	-12149.1
645	0.00131443	-11106.3
646	0.00131443	-10874.2
647	0.00131443	-13088.6
648	0.00131443	-13139.2
649	0.00131443	-12268.8
650	0.00131443	-12091
651	0.00131443	-10817.2
652	0.00131443	-12414.6
653	0.00131443	-11310
654	0.00131443	-12705.1
655	0.00131443	-10900.3
656	0.00131443	-10606
657	0.00131443	-11754.2
658	0.00131443	-12019.7
659	0.00131443	-10152.1
660	0.00131443	-10920.2
661	0.00131443	-11527.1
662	0.00131443	-10948.6
663	0.00131443	-11160.7
664	0.00131443	-10801.2
665	0.00131443	-10757.6
666	0.00131443	-11003
667	0.00131443	-10881.9
668	0.00131443	-10709.9
669	0.00131443	-12139.7
670	0.00131443	-11756.5
671	0.00131443	-11345
672	0.00131443	-12037.2
673	0.00131443	-11929.4
674	0.00131443	-10728.2
675	0.00131443	-10854.6
676	0.00131443	-10178.3
677	0.00131443	-12576.2
678	0.00131443	-12804.1
679	0.00131443	-11790.4
680	0.00131443	-11793.6
681	0.00131443	-10628.6
682	0.00131443	-9986.81
683	0.00131443	-10807.1
684	0.00131443	-11836.4
685	0.00131443	-10104.6
686	0.00131443	-11962.8
687	0.00131443	-10663.3
688	0.00131443	-10939.5
689	0.00131443	-11419
690	0.00131443	-12237.2
691	0.00131443	-12360.6
692	0.00131443	-12622.9
693	0.00131443	-12747.8
694	0.00131443	-11851.1
695	0.00131443	-12636.1
696	0.00131443	-10549.5
697	0.00131443	-10716.8
698	0.00131443	-12162.8
699	0.00131443	-11575.5
700	0.00131443	-11170.2
701	0.00131443	-10653.5
702	0.00131443	-11634.7
703	0.00131443	-10904.2
704	0.00131443	-11836
705	0.00131443	-10970.1
706	0.00131443	-11448.1
707	0.00131443	-10901.8
708	0.00131443	-10174.2
709	0.00131443	-9925.76
710	0.00131443	-10688.4
711	0.00131443	-10759.3
712	0.00131443	-11357.9
713	0.00131443	-10710.3
714	0.00131443	-10532.1
715	0.00131443	-12550.5
716	0.00131443	-13072.6
717	0.00131443	-12894.4
718	0.00131443	-12050.9
719	0.00131443	-11168.7
720	0.00131443	-12136.2
721	0.00131443	-11494.4
722	0.00131443	-11607.6
723	0.00131443	-10762.4
724	0.00131443	-10548.1
725	0.00131443	-11362.1
726	0.00131443	-12695
727	0.00131443	-12244.4
728	0.00131443	-11965.9
729	0.00131443	-12260.7
730	0.00131443	-11271.9
731	0.00131443	-11865.3
732	0.00131443	-10790.1
733	0.00131443	-11386.4
734	0.00131443	-10603.3
735	0.00131443	-11549.6
736	0.00131443	-12243.5
737	0.00131443	-11608.3
738	0.00131443	-12460.5
739	0.00131443	-11023.8
740	0.00131443	-10142.2
741	0.00131443	-11194.6
742	0.00131443	-11440.4
743	0.00131443	-11200.6
744	0.00131443	-11692.4
745	0.00131443	-10825.4
746	0.00131443	-11441.3
747	0.00131443	-11289.5
748	0.00131443	-10743.4
749	0.00131443	-10438.7
750	0.00131443	-9909.49
751	0.00131443	-10000.4
752	0.00131443	-10670.6
753	0.00131443	-11544.2
754	0.00131443	-12254.3
755	0.00131443	-11844.6
756	0.00131443	-11501.4
757	0.00131443	-12223.3
758	0.00131443	-11620.5
759	0.00131443	-11684
760	0.00131443	-12170.5
761	0.00131443	-11333.3
762	0.00131443	-11268.2
763	0.00131443	-11322.4
764	0.00131443	-11019.1
765	0.00131443	-11362.2
766	0.00131443	-12133.8
767	0.00131443	-11295.1
768	0.00131443	-10427.7
769	0.00131443	-9738.09
770	0.00131443	-11032.8
771	0.00131443	-11067.3
772	0.00131443	-10968.6
773	0.00131443	-12003.6
774	0.00131443	-11551.4
775	0.00131443	-11062.7
776	0.00131443	-10099.6
777	0.00131443	-10803.9
778	0.00131443	-10435.5
779	0.00131443	-11353.4
780	0.00131443	-11231.1
781	0.00131443	-11623.4
782	0.00131443	-10881.9
783	0.00131443	-11126.6
784	0.00131443	-11578.4
785	0.00131443	-10449.8
786	0.00131443	-10969.4
787	0.00131443	-11654.5
788	0.00131443	-11397.1
789	0.00131443	-10977.2
790	0.00131443	-11562.9
791	0.00131443	-11627.6
792	0.00131443	-10394.8
793	0.00131443	-12361.5
794	0.00131443	-11934.7
795	0.00131443	-11981.9
796	0.00131443	-12421.4
797	0.00131443	-10704.9
798	0.00131443	-11000.3
799	0.00131443	-11730.4
800	0.00131443	-12219.4
801	0.00131443	-11167.7
802	0.00131443	-11219.3
803	0.00131443	-12716.9
804	0.00131443	-13724.2
805	0.00131443	-11693
806	0.00131443	-11669.9
807	0.00131443	-12306.3
808	0.00131443	-12467.7
809	0.00131443	-12671.6
810	0.00131443	-13067.1
811	0.00131443	-11702.3
812	0.00131443	-11858.6
813	0.00131443	-10862.9
814	0.00131443	-10835.2
815	0.00131443	-10472.2
816	0.00131443	-11922.3
817	0.00131443	-10585.4
818	0.00131443	-11382.4
819	0.00131443	-10122.4
820	0.00131443	-11535.3
821	0.00131443	-11034.3
822	0.00131443	-11255.3
823	0.00131443	-12794.3
824	0.00131443	-11290.8
825	0.00131443	-11175.5
826	0.00131443	-10687.9
827	0.00131443	-11100.2
828	0.00131443	-10990.2
829	0.00131443	-10554.4
830	0.00131443	-10501.2
831	0.00131443	-10292.4
832	0.00131443	-10510.3
833	0.00131443	-10245.7
834	0.00131443	-12436.7
835	0.00131443	-12333.3
836	0.00131443	-12509.3
837	0.00131443	-11033.3
838	0.00131443	-12680.2
839	0.00131443	-12901.7
840	0.00131443	-11556.7
841	0.00131443	-11873
842	0.00131443	-11882.8
843	0.00131443	-10132.1
844	0.00131443	-11732
845	0.00131443	-11345.9
846	0.00131443	-12049.9
847	0.00131443	-11268.8
848	0.00131443	-10665.6
849	0.00131443	-10289.7
850	0.00131443	-11524
851	0.00131443	-11519.3
852	0.00131443	-12705.2
853	0.00131443	-12343.2
854	0.00131443	-11927.2
855	0.00131443	-11864
856	0.00131443	-10566.5
857	0.00131443	-11615.3
858	0.00131443	-10314.3
859	0.00131443	-11832.6
860	0.00131443	-12255.3
861	0.00131443	-11171.8
862	0.00131443	-10875.7
863	0.00131443	-15060.4
864	0.00131443	-13422.7
865	0.00131443	-11401.2
866	0.00131443	-11653.4
867	0.00131443	-12243
868	0.00131443	-11639.6
869	0.00131443	-11022.8
870	0.00131443	-12035.6
871	0.00131443	-12180.5
872	0.00131443	-12488.9
873	0.00131443	-11802.7
874	0.00131443	-12359.9
875	0.00131443	-10307.6
876	0.00131443	-11257.6
877	0.00131443	-11977.1
878	0.00131443	-11703
879	0.00131443	-11488
880	0.00131443	-12125.4
881	0.00131443	-10967.1
882	0.00131443	-9983.45
883	0.00131443	-10986.7
884	0.00131443	-10361.9
885	0.00131443	-10034.9
886	0.00131443	-12941.2
887	0.00131443	-13094.9
888	0.00131443	-10633.4
889	0.00131443	-10913.5
890	0.00131443	-10505.3
891	0.00131443	-11074
892	0.00131443	-11526.9
893	0.00131443	-10468
894	0.00131443	-10199.1
895	0.00131443	-10271.1
896	0.00131443	-9961.76
897	0.00131443	-12307.6
898	0.00131443	-11425.7
899	0.00131443	-11235.3
900	0.00131443	-11715.9
901	0.00131443	-11372.8
902	0.00131443	-9940.5
903	0.00131443	-10752.1
904	0.00131443	-11080.4
905	0.00131443	-10244.9
906	0.00131443	-11930
907	0.00131443	-10655.5
908	0.00131443	-10501.7
909	0.00131443	-11506.8
910	0.00131443	-11426.7
911	0.00131443	-10768.8
912	0.00131443	-11688.6
913	0.00131443	-11786
914	0.00131443	-13149.8
915	0.00131443	-11599
916	0.00131443	-12097.9
917	0.00131443	-13876.2
918	0.00131443	-12920.3
919	0.00131443	-11954.8
920	0.00131443	-10499.6
921	0.00131443	-11685.1
922	0.00131443	-11618
923	0.00131443	-11074.6
924	0.00131443	-10883.2
925	0.00131443	-10942.2
926	0.00131443	-11316.5
927	0.00131443	-10763.7
928	0.00131443	-12534.8
929	0.00131443	-11012.3
930	0.00131443	-11383.8
931	0.00131443	-12915.6
932	0.00131443	-10487.3
933	0.00131443	-11523.6
934	0.00131443	-10401.3
935	0.00131443	-10489.8
936	0.00131443	-12025.8
937	0.00131443	-12588
938	0.00131443	-10735.3
939	0.00131443	-11046.1
940	0.00131443	-11806.1
941	0.00131443	-12428
942	0.00131443	-11617.3
943	0.00131443	-9910.94
944	0.00131443	-11611.4
945	0.00131443	-12230.7
946	0.00131443	-11962.7
947	0.00131443	-10256.2
948	0.00131443	-11032
949	0.00131443	-11315.9
950	0.00131443	-11544.4
951	0.00131443	-10901.2
952	0.00131443	-11423.1
953	0.00131443	-11741.1
954	0.00131443	-12329.5
955	0.00131443	-11718.9
956	0.00131443	-11337.5
957	0.00131443	-11047.1
958	0.00131443	-11767
959	0.00131443	-11171.1
960	0.00131443	-10552.1
961	0.00131443	-10184.3
962	0.00131443	-10217.1
963	0.00131443	-10945
964	0.00131443	-12978.6
965	0.00131443	-13265.3
966	0.00131443	-12832.1
967	0.00131443	-10632
968	0.00131443	-10629.4
969	0.00131443	-11039.8
970	0.00131443	-11046.9
971	0.00131443	-11370.3
972	0.00131443	-11814.6
973	0.00131443	-12447.3
974	0.00131443	-12191.8
975	0.00131443	-11706.1
976	0.00131443	-11863
977	0.00131443	-11443.4
978	0.00131443	-11294.7
979	0.00131443	-11229.5
980	0.00131443	-11256.1
981	0.00131443	-11730.6
982	0.00131443	-12185.8
983	0.00131443	-12581
984	0.00131443	-11383.4
985	0.00131443	-11944.6
986	0.00131443	-10890.9
987	0.00131443	-10826.4
988	0.00131443	-12808.6
989	0.00131443	-11820.2
990	0.00131443	-10784.6
991	0.00131443	-10252.4
992	0.00131443	-10177.2
993	0.00131443	-10987.5
994	0.00131443	-10782.6
995	0.00131443	-11134.3
996	0.00131443	-10912.2
997	0.00131443	-11372.3
998	0.00131443	-10992.7
999	0.00131443	-10896.3
1000	0.00131443	-11969.9
251	0.000880898	-12632.5
252	0.000880898	-11357.8
253	0.000880898	-10828.5
254	0.000880898	-11522
255	0.000880898	-12196.5
256	0.000880898	-11796
257	0.000880898	-12634.5
258	0.000880898	-12150.3
259	0.000880898	-13335.4
260	0.000880898	-11404.4
261	0.000880898	-12218.3
262	0.000880898	-16346.7
263	0.000880898	-14445.8
264	0.000880898	-13517.2
265	0.000880898	-10885.7
266	0.000880898	-11934.3
267	0.000880898	-12003.9
268	0.000880898	-11982.3
269	0.000880898	-12631.4
270	0.000880898	-12985.5
271	0.000880898	-12020.2
272	0.000880898	-11496
273	0.000880898	-11256.6
274	0.000880898	-11281.3
275	0.000880898	-11926.4
276	0.000880898	-11037.2
277	0.000880898	-12214.4
278	0.000880898	-12386.5
279	0.000880898	-12723.2
280	0.000880898	-13104.6
281	0.000880898	-12886.4
282	0.000880898	-11869.7
283	0.000880898	-11355
284	0.000880898	-14074.3
285	0.000880898	-11697.9
286	0.000880898	-10952.8
287	0.000880898	-13286
288	0.000880898	-10819.4
289	0.000880898	-11334.1
290	0.000880898	-11944.7
291	0.000880898	-11486.8
292	0.000880898	-12448
293	0.000880898	-11744.7
294	0.000880898	-12434.9
295	0.000880898	-12972.9
296	0.000880898	-13101
297	0.000880898	-10887.6
298	0.000880898	-12194.4
299	0.000880898	-11156.6
300	0.000880898	-12443.3
301	0.000880898	-11545.3
302	0.000880898	-10035
303	0.000880898	-11621.9
304	0.000880898	-11967.4
305	0.000880898	-12667.9
306	0.000880898	-12797.8
307	0.000880898	-12405.3
308	0.000880898	-11526.8
309	0.000880898	-11487.2
310	0.000880898	-11794.8
311	0.000880898	-12757.8
312	0.000880898	-10878.4
313	0.000880898	-11535.5
314	0.000880898	-10793.4
315	0.000880898	-11755.4
316	0.000880898	-12026.6
317	0.000880898	-12704.9
318	0.000880898	-12770.2
319	0.000880898	-11740.8
320	0.000880898	-10831.5
321	0.000880898	-10573.3
322	0.000880898	-10933.7
323	0.000880898	-11960.8
324	0.000880898	-11391.2
325	0.000880898	-12384.8
326	0.000880898	-10819.4
327	0.000880898	-12351.5
328	0.000880898	-12292.1
329	0.000880898	-11071.7
330	0.000880898	-11570.9
331	0.000880898	-10720.9
332	0.000880898	-11570.6
333	0.000880898	-10778
334	0.000880898	-10378.5
335	0.000880898	-11841.5
336	0.000880898	-11002.3
337	0.000880898	-11968.1
338	0.000880898	-11338.5
339	0.000880898	-10804.9
340	0.000880898	-10928.1
341	0.000880898	-12060.3
342	0.000880898	-12954.5
343	0.000880898	-12271.4
344	0.000880898	-11857.4
345	0.000880898	-12567.5
346	0.000880898	-13073.7
347	0.000880898	-11839.1
348	0.000880898	-12024.5
349	0.000880898	-12232
350	0.000880898	-11866.8
351	0.000880898	-12564.2
352	0.000880898	-10997.7
353	0.000880898	-10896.3
354	0.000880898	-11189.8
355	0.000880898	-11813
356	0.000880898	-11843.1
357	0.000880898	-11270.3
358	0.000880898	-11374.1
359	0.000880898	-11784.9
360	0.000880898	-14151.9
361	0.000880898	-12604.3
362	0.000880898	-12176.2
363	0.000880898	-11436.2
364	0.000880898	-10518.5
365	0.000880898	-12966.4
366	0.000880898	-13584.7
367	0.000880898	-14142.2
368	0.000880898	-13582.5
369	0.000880898	-10985.1
370	0.000880898	-12799.7
371	0.000880898	-12918.7
372	0.000880898	-12438.8
373	0.000880898	-12118
374	0.000880898	-11379.3
375	0.000880898	-11488.8
376	0.000880898	-10897.4
377	0.000880898	-11611.7
378	0.000880898	-13703.2
379	0.000880898	-10965.8
380	0.000880898	-11177.3
381	0.000880898	-12517.6
382	0.000880898	-11671.1
383	0.000880898	-11515.9
384	0.000880898	-11996.2
385	0.000880898	-10468.6
386	0.000880898	-11080.8
387	0.000880898	-11783.5
388	0.000880898	-11863.1
389	0.000880898	-11518.6
390	0.000880898	-11886.5
391	0.000880898	-12281.1
392	0.000880898	-12153.8
393	0.000880898	-10424.3
394	0.000880898	-12064.7
395	0.000880898	-10368.6
396	0.000880898	-11062.7
397	0.000880898	-11019.2
398	0.000880898	-10949.1
399	0.000880898	-11699.4
400	0.000880898	-11118.7
401	0.000880898	-11350.4
402	0.000880898	-11003.7
403	0.000880898	-12941.9
404	0.000880898	-12201.5
405	0.000880898	-11078.6
406	0.000880898	-11205
407	0.000880898	-10220.1
408	0.000880898	-11115.6
409	0.000880898	-11530.2
410	0.000880898	-11931
411	0.000880898	-14114.6
412	0.000880898	-14567.3
413	0.000880898	-14165.5
414	0.000880898	-10774.1
415	0.000880898	-11226.7
416	0.000880898	-12146
417	0.000880898	-11405.7
418	0.000880898	-11122.6
419	0.000880898	-12246.6
420	0.000880898	-10438
421	0.000880898	-12481.5
422	0.000880898	-11065.2
423	0.000880898	-11152.5
424	0.000880898	-10610.3
425	0.000880898	-10657.3
426	0.000880898	-11492.4
427	0.000880898	-12189.6
428	0.000880898	-11998.8
429	0.000880898	-12171.4
430	0.000880898	-12120.8
431	0.000880898	-10982.8
432	0.000880898	-12734.5
433	0.000880898	-11523.6
434	0.000880898	-11354.9
435	0.000880898	-12356
436	0.000880898	-13816
437	0.000880898	-12781
438	0.000880898	-12585.4
439	0.000880898	-10965.5
440	0.000880898	-11461.9
441	0.000880898	-10554.7
442	0.000880898	-11150
443	0.000880898	-11852.9
444	0.000880898	-13159.9
445	0.000880898	-11698.5
446	0.000880898	-12238.8
447	0.000880898	-11715
448	0.000880898	-13100
449	0.000880898	-12638.2
450	0.000880898	-12551.3
451	0.000880898	-10650.7
452	0.000880898	-11522.8
453	0.000880898	-11363.1
454	0.000880898	-12216.3
455	0.000880898	-12246.5
456	0.000880898	-11239.9
457	0.000880898	-12034.5
458	0.000880898	-11757.8
459	0.000880898	-11101.6
460	0.000880898	-11027.4
461	0.000880898	-12645.1
462	0.000880898	-12457.5
463	0.000880898	-11116.9
464	0.000880898	-13525.1
465	0.000880898	-14024.7
466	0.000880898	-13416.5
467	0.000880898	-11035.5
468	0.000880898	-11624.3
469	0.000880898	-11068.9
470	0.000880898	-11200.9
471	0.000880898	-10732.4
472	0.000880898	-10615.2
473	0.000880898	-11382.6
474	0.000880898	-10965.6
475	0.000880898	-10748.2
476	0.000880898	-11630.1
477	0.000880898	-11366.9
478	0.000880898	-11333
479	0.000880898	-12431.3
480	0.000880898	-10735.9
481	0.000880898	-11146.3
482	0.000880898	-11073.5
483	0.000880898	-11001
484	0.000880898	-9983.2
485	0.000880898	-12063.6
486	0.000880898	-11746.4
487	0.000880898	-13731.1
488	0.000880898	-10445.6
489	0.000880898	-11709.1
490	0.000880898	-12587
491	0.000880898	-12673.7
492	0.000880898	-13265.2
493	0.000880898	-11160.6
494	0.000880898	-12647.3
495	0.000880898	-13388.7
496	0.000880898	-13139
497	0.000880898	-12541.6
498	0.000880898	-11350.6
499	0.000880898	-10970.9
500	0.000880898	-9988.02
501	0.000880898	-11939.3
502	0.000880898	-12435.1
503	0.000880898	-13169
504	0.000880898	-11989.6
505	0.000880898	-12026.3
506	0.000880898	-14650.6
507	0.000880898	-12247.9
508	0.000880898	-12224.8
509	0.000880898	-11425.6
510	0.000880898	-11959.6
511	0.000880898	-11273.7
512	0.000880898	-12686
513	0.000880898	-11756.1
514	0.000880898	-11643.8
515	0.000880898	-11498.9
516	0.000880898	-12212.7
517	0.000880898	-11499.2
518	0.000880898	-10841.2
519	0.000880898	-10695.8
520	0.000880898	-10969.2
521	0.000880898	-11534
522	0.000880898	-11007.1
523	0.000880898	-11431
524	0.000880898	-11035.8
525	0.000880898	-10457.4
526	0.000880898	-11289.5
527	0.000880898	-12725.2
528	0.000880898	-11899.4
529	0.000880898	-10196.8
530	0.000880898	-10870.6
531	0.000880898	-10238.6
532	0.000880898	-11631.6
533	0.000880898	-11675.1
534	0.000880898	-11307.9
535	0.000880898	-11902.4
536	0.000880898	-11310.4
537	0.000880898	-11670.7
538	0.000880898	-10722.1
539	0.000880898	-10767.7
540	0.000880898	-10814.3
541	0.000880898	-11875
542	0.000880898	-13102.4
543	0.000880898	-13392.4
544	0.000880898	-12205.1
545	0.000880898	-10335.5
546	0.000880898	-11146.1
547	0.000880898	-14319.1
548	0.000880898	-11674.5
549	0.000880898	-12170.6
550	0.000880898	-11183.8
551	0.000880898	-11584.7
552	0.000880898	-12799.3
553	0.000880898	-10862.1
554	0.000880898	-12505.3
555	0.000880898	-11766.3
556	0.000880898	-12124.4
557	0.000880898	-10799.3
558	0.000880898	-13021.2
559	0.000880898	-11578.5
560	0.000880898	-11280
561	0.000880898	-11855
562	0.000880898	-12218.8
563	0.000880898	-11804.1
564	0.000880898	-11847.6
565	0.000880898	-10391.4
566	0.000880898	-10371.7
567	0.000880898	-10116.5
568	0.000880898	-10218.5
569	0.000880898	-11201.8
570	0.000880898	-12103.2
571	0.000880898	-11657.3
572	0.000880898	-11461.9
573	0.000880898	-11685.1
574	0.000880898	-13436
575	0.000880898	-11110
576	0.000880898	-12455.7
577	0.000880898	-12482.2
578	0.000880898	-11329.4
579	0.000880898	-11925.5
580	0.000880898	-11986.5
581	0.000880898	-11345.5
582	0.000880898	-11431
583	0.000880898	-11197.7
584	0.000880898	-11207.4
585	0.000880898	-10706.2
586	0.000880898	-11616.6
587	0.000880898	-11663.8
588	0.000880898	-11050.4
589	0.000880898	-11953
590	0.000880898	-11733.1
591	0.000880898	-12939.3
592	0.000880898	-12009.6
593	0.000880898	-11684.9
594	0.000880898	-12720
595	0.000880898	-13788.2
596	0.000880898	-12723.1
597	0.000880898	-12750.9
598	0.000880898	-13196.6
599	0.000880898	-13392.6
600	0.000880898	-11980.5
601	0.000880898	-11421.1
602	0.000880898	-10745.5
603	0.000880898	-11012.6
604	0.000880898	-10411.2
605	0.000880898	-12241.4
606	0.000880898	-12131.8
607	0.000880898	-12535
608	0.000880898	-11754.1
609	0.000880898	-13080.8
610	0.000880898	-11508.6
611	0.000880898	-12848.7
612	0.000880898	-11190.1
613	0.000880898	-10505.9
614	0.000880898	-11232.1
615	0.000880898	-10628.5
616	0.000880898	-11362.2
617	0.000880898	-11880.6
618	0.000880898	-10925.3
619	0.000880898	-11578.3
620	0.000880898	-10628.1
621	0.000880898	-12212.7
622	0.000880898	-10810.9
623	0.000880898	-10520.6
624	0.000880898	-10989.5
625	0.000880898	-11402.5
626	0.000880898	-11807.9
627	0.000880898	-11892
628	0.000880898	-11304.9
629	0.000880898	-10935.5
630	0.000880898	-9841.19
631	0.000880898	-13755.7
632	0.000880898	-11330.8
633	0.000880898	-12467.8
634	0.000880898	-12143
635	0.000880898	-12386.6
636	0.000880898	-11349.2
637	0.000880898	-11212.2
638	0.000880898	-11773
639	0.000880898	-12858.7
640	0.000880898	-11766.2
641	0.000880898	-11943.2
642	0.000880898	-12208.5
643	0.000880898	-12723.9
644	0.000880898	-11307.6
645	0.000880898	-11046.2
646	0.000880898	-10699.1
647	0.000880898	-11661.2
648	0.000880898	-12012
649	0.000880898	-13091
650	0.000880898	-13085.1
651	0.000880898	-13415
652	0.000880898	-11734.3
653	0.000880898	-11689.5
654	0.000880898	-10881.7
655	0.000880898	-11609.3
656	0.000880898	-12599.1
657	0.000880898	-11863.3
658	0.000880898	-13431.6
659	0.000880898	-13029.3
660	0.000880898	-12438.5
661	0.000880898	-12052.4
662	0.000880898	-10707.3
663	0.000880898	-11291.5
664	0.000880898	-12073
665	0.000880898	-12611.6
666	0.000880898	-10544.6
667	0.000880898	-10468.1
668	0.000880898	-10778.8
669	0.000880898	-13071.4
670	0.000880898	-11565.6
671	0.000880898	-10190.2
672	0.000880898	-11133.2
673	0.000880898	-11554.7
674	0.000880898	-11332.6
675	0.000880898	-11209.6
676	0.000880898	-12934.5
677	0.000880898	-12661.6
678	0.000880898	-12034.4
679	0.000880898	-13895.6
680	0.000880898	-13381.5
681	0.000880898	-12480
682	0.000880898	-11203.4
683	0.000880898	-10254.8
684	0.000880898	-10475.3
685	0.000880898	-10468.8
686	0.000880898	-11391.8
687	0.000880898	-12518.7
688	0.000880898	-11142.8
689	0.000880898	-13188.7
690	0.000880898	-13676.7
691	0.000880898	-12880.5
692	0.000880898	-14853.6
693	0.000880898	-14378.4
694	0.000880898	-11927.8
695	0.000880898	-11513.1
696	0.000880898	-11814.1
697	0.000880898	-11180.2
698	0.000880898	-10695.9
699	0.000880898	-11937.4
700	0.000880898	-13641
701	0.000880898	-13297.1
702	0.000880898	-13311.7
703	0.000880898	-11909.9
704	0.000880898	-11890.9
705	0.000880898	-11012.4
706	0.000880898	-13705.8
707	0.000880898	-11984.6
708	0.000880898	-10677.6
709	0.000880898	-10976.7
710	0.000880898	-11186.8
711	0.000880898	-11747.6
712	0.000880898	-11318.3
713	0.000880898	-11799.2
714	0.000880898	-12341.6
715	0.000880898	-12190
716	0.000880898	-11069.2
717	0.000880898	-10807.3
718	0.000880898	-11389.4
719	0.000880898	-11233.3
720	0.000880898	-12405.7
721	0.000880898	-12590.3
722	0.000880898	-11505.6
723	0.000880898	-11647.6
724	0.000880898	-14080.3
725	0.000880898	-12026.3
726	0.000880898	-10940.6
727	0.000880898	-10871.7
728	0.000880898	-11265.7
729	0.000880898	-12023.7
730	0.000880898	-10947.7
731	0.000880898	-11264.9
732	0.000880898	-11478
733	0.000880898	-13271
734	0.000880898	-11685.5
735	0.000880898	-12373.8
736	0.000880898	-11476.5
737	0.000880898	-11290.5
738	0.000880898	-12698.8
739	0.000880898	-12772.2
740	0.000880898	-11272.2
741	0.000880898	-11465.8
742	0.000880898	-10978.1
743	0.000880898	-10715.6
744	0.000880898	-11175
745	0.000880898	-11127.2
746	0.000880898	-11167.8
747	0.000880898	-11779.4
748	0.000880898	-12588.8
749	0.000880898	-11282
750	0.000880898	-11586.3
751	0.000880898	-11579
752	0.000880898	-12724.4
753	0.000880898	-11580.1
754	0.000880898	-11135.2
755	0.000880898	-11020.3
756	0.000880898	-12935.9
757	0.000880898	-11984.4
758	0.000880898	-12460
759	0.000880898	-10404.3
760	0.000880898	-10158.7
761	0.000880898	-10584.3
762	0.000880898	-10468.4
763	0.000880898	-12768.8
764	0.000880898	-13306.9
765	0.000880898	-11044.1
766	0.000880898	-12586.8
767	0.000880898	-11379.6
768	0.000880898	-11001.9
769	0.000880898	-10886.5
770	0.000880898	-10967.4
771	0.000880898	-10182.3
772	0.000880898	-10191.7
773	0.000880898	-13432.8
774	0.000880898	-12851.5
775	0.000880898	-10990.6
776	0.000880898	-10701.6
777	0.000880898	-10351.4
778	0.000880898	-11574.1
779	0.000880898	-12291.3
780	0.000880898	-11773.6
781	0.000880898	-12265.8
782	0.000880898	-11950.9
783	0.000880898	-11962.6
784	0.000880898	-11716.4
785	0.000880898	-11900.5
786	0.000880898	-13782.4
787	0.000880898	-11849.6
788	0.000880898	-12208.2
789	0.000880898	-13121.3
790	0.000880898	-12257.1
791	0.000880898	-12487.4
792	0.000880898	-12450.3
793	0.000880898	-12796.9
794	0.000880898	-11719.4
795	0.000880898	-11508.9
796	0.000880898	-12392
797	0.000880898	-11554.9
798	0.000880898	-11097.3
799	0.000880898	-12101.1
800	0.000880898	-11325.8
801	0.000880898	-11516.1
802	0.000880898	-12003.2
803	0.000880898	-11518.4
804	0.000880898	-11498.8
805	0.000880898	-11124.1
806	0.000880898	-11771.1
807	0.000880898	-11281.7
808	0.000880898	-11343.4
809	0.000880898	-10179.3
810	0.000880898	-11308.3
811	0.000880898	-11426
812	0.000880898	-11205.8
813	0.000880898	-11067.3
814	0.000880898	-11062.1
815	0.000880898	-11126.2
816	0.000880898	-13119.6
817	0.000880898	-12500.2
818	0.000880898	-12941
819	0.000880898	-11852.8
820	0.000880898	-11490.1
821	0.000880898	-15623.4
822	0.000880898	-14340
823	0.000880898	-12534.3
824	0.000880898	-13626
825	0.000880898	-13150
826	0.000880898	-10645
827	0.000880898	-14590.8
828	0.000880898	-11264.1
829	0.000880898	-10833.9
830	0.000880898	-12121.5
831	0.000880898	-10215.7
832	0.000880898	-10767.2
833	0.000880898	-11143.8
834	0.000880898	-11758.8
835	0.000880898	-12479.9
836	0.000880898	-12403
837	0.000880898	-11391.9
838	0.000880898	-11921.4
839	0.000880898	-10961.5
840	0.000880898	-11656.4
841	0.000880898	-12122.4
842	0.000880898	-11289
843	0.000880898	-12281.4
844	0.000880898	-11885.1
845	0.000880898	-11399.2
846	0.000880898	-12305
847	0.000880898	-12847.1
848	0.000880898	-10444.8
849	0.000880898	-10715.1
850	0.000880898	-12118.7
851	0.000880898	-11215.9
852	0.000880898	-12489.9
853	0.000880898	-11026
854	0.000880898	-11771.9
855	0.000880898	-11880.3
856	0.000880898	-11172.1
857	0.000880898	-10090.6
858	0.000880898	-11731.1
859	0.000880898	-11943.4
860	0.000880898	-11248
861	0.000880898	-11805.7
862	0.000880898	-13212.3
863	0.000880898	-11276.8
864	0.000880898	-11523.2
865	0.000880898	-10581.5
866	0.000880898	-13703.4
867	0.000880898	-12456.6
868	0.000880898	-13292.1
869	0.000880898	-11783.1
870	0.000880898	-12152.5
871	0.000880898	-12582.5
872	0.000880898	-13616.2
873	0.000880898	-12992.7
874	0.000880898	-11057.3
875	0.000880898	-9976.05
876	0.000880898	-11445.6
877	0.000880898	-12796.1
878	0.000880898	-11844.8
879	0.000880898	-12613.3
880	0.000880898	-10750.1
881	0.000880898	-10989.7
882	0.000880898	-12445.9
883	0.000880898	-11704.4
884	0.000880898	-12053.6
885	0.000880898	-12099
886	0.000880898	-11950.3
887	0.000880898	-11507.7
888	0.000880898	-11610.6
889	0.000880898	-10889.6
890	0.000880898	-10875.2
891	0.000880898	-11272.5
892	0.000880898	-11978.1
893	0.000880898	-11466.4
894	0.000880898	-11913.1
895	0.000880898	-10512.9
896	0.000880898	-11831.1
897	0.000880898	-10145.3
898	0.000880898	-11083
899	0.000880898	-9715.37
900	0.000880898	-9962.35
901	0.000880898	-11807.7
902	0.000880898	-12277.6
903	0.000880898	-11508.7
904	0.000880898	-10843.9
905	0.000880898	-10745.1
906	0.000880898	-10511.7
907	0.000880898	-10516
908	0.000880898	-12140.9
909	0.000880898	-10986.4
910	0.000880898	-13305.8
911	0.000880898	-11255.4
912	0.000880898	-12313.2
913	0.000880898	-11671.9
914	0.000880898	-14349.9
915	0.000880898	-12713.4
916	0.000880898	-13844.4
917	0.000880898	-12372.7
918	0.000880898	-12320.1
919	0.000880898	-11538.9
920	0.000880898	-12079.3
921	0.000880898	-12415.7
922	0.000880898	-11637.6
923	0.000880898	-11545.6
924	0.000880898	-10901.6
925	0.000880898	-10384.9
926	0.000880898	-11382
927	0.000880898	-11312.7
928	0.000880898	-12029.5
929	0.000880898	-10771
930	0.000880898	-11775.9
931	0.000880898	-12704.2
932	0.000880898	-12982.2
933	0.000880898	-12594.7
934	0.000880898	-12421.2
935	0.000880898	-12138.4
936	0.000880898	-11840.4
937	0.000880898	-13146.8
938	0.000880898	-10724.9
939	0.000880898	-11866.3
940	0.000880898	-11489.7
941	0.000880898	-11867.6
942	0.000880898	-11514.5
943	0.000880898	-11970.8
944	0.000880898	-10982.2
945	0.000880898	-11453.4
946	0.000880898	-11334
947	0.000880898	-10858.5
948	0.000880898	-11658.3
949	0.000880898	-10887.2
950	0.000880898	-10582.5
951	0.000880898	-10225.9
952	0.000880898	-10710
953	0.000880898	-12920.2
954	0.000880898	-11443.3
955	0.000880898	-11421.5
956	0.000880898	-10968.5
957	0.000880898	-12121.4
958	0.000880898	-12216.2
959	0.000880898	-12148
960	0.000880898	-11615.6
961	0.000880898	-10409.5
962	0.000880898	-10763.3
963	0.000880898	-11342.1
964	0.000880898	-11631.2
965	0.000880898	-12668.1
966	0.000880898	-12511.8
967	0.000880898	-12598.9
968	0.000880898	-10905.5
969	0.000880898	-12033.9
970	0.000880898	-11803.2
971	0.000880898	-11295.1
972	0.000880898	-14538.2
973	0.000880898	-13594.6
974	0.000880898	-11678.4
975	0.000880898	-11423.1
976	0.000880898	-12164.8
977	0.000880898	-12772.3
978	0.000880898	-13642.1
979	0.000880898	-11791.1
980	0.000880898	-10929.2
981	0.000880898	-10880
982	0.000880898	-11799.5
983	0.000880898	-11463.4
984	0.000880898	-11800.2
985	0.000880898	-12645.9
986	0.000880898	-11448.9
987	0.000880898	-12103.3
988	0.000880898	-12838.3
989	0.000880898	-11191.2
990	0.000880898	-10083.8
991	0.000880898	-11028.7
992	0.000880898	-9571.09
993	0.000880898	-10910.3
994	0.000880898	-10378
995	0.000880898	-12325.1
996	0.000880898	-11896.1
997	0.000880898	-11276.6
998	0.000880898	-11012.8
999	0.000880898	-11142.7
1000	0.000880898	-12484.7
251	0.000570142	-14785.5
252	0.000570142	-14494.9
253	0.000570142	-14724.9
254	0.000570142	-14651.4
255	0.000570142	-14137.6
256	0.000570142	-12362.9
257	0.000570142	-11550.2
258	0.000570142	-11567.5
259	0.000570142	-11428
260	0.000570142	-11129.4
261	0.000570142	-13948.3
262	0.000570142	-11907.8
263	0.000570142	-11187.1
264	0.000570142	-10846.3
265	0.000570142	-10879.5
266	0.000570142	-11911.1
267	0.000570142	-12777.7
268	0.000570142	-12841.9
269	0.000570142	-13216
270	0.000570142	-10845.9
271	0.000570142	-12350.5
272	0.000570142	-10990.2
273	0.000570142	-11433.1
274	0.000570142	-11622.4
275	0.000570142	-11567.1
276	0.000570142	-11130.7
277	0.000570142	-12688.8
278	0.000570142	-12259.5
279	0.000570142	-12072.6
280	0.000570142	-11705.5
281	0.000570142	-10572.5
282	0.000570142	-12405.4
283	0.000570142	-12253
284	0.000570142	-14917.5
285	0.000570142	-13777.8
286	0.000570142	-10911.8
287	0.000570142	-10696.7
288	0.000570142	-10874.4
289	0.000570142	-10981.1
290	0.000570142	-10868.8
291	0.000570142	-11331.7
292	0.000570142	-10872.6
293	0.000570142	-10845.3
294	0.000570142	-11592.9
295	0.000570142	-11781.9
296	0.000570142	-12594.3
297	0.000570142	-13332
298	0.000570142	-12684.3
299	0.000570142	-12845.8
300	0.000570142	-11057.5
301	0.000570142	-12098.4
302	0.000570142	-11992
303	0.000570142	-11915.6
304	0.000570142	-11099.8
305	0.000570142	-11874.7
306	0.000570142	-11380.4
307	0.000570142	-11840.8
308	0.000570142	-12644.3
309	0.000570142	-12741.9
310	0.000570142	-10623.5
311	0.000570142	-10851.1
312	0.000570142	-12261.9
313	0.000570142	-11063.2
314	0.000570142	-11358.3
315	0.000570142	-12257.8
316	0.000570142	-11502.5
317	0.000570142	-10673.6
318	0.000570142	-12825.3
319	0.000570142	-13212.4
320	0.000570142	-12770.1
321	0.000570142	-12174.9
322	0.000570142	-12929
323	0.000570142	-13192.9
324	0.000570142	-11991.1
325	0.000570142	-11227.8
326	0.000570142	-12540.6
327	0.000570142	-13237.1
328	0.000570142	-12522
329	0.000570142	-11139.3
330	0.000570142	-12099.7
331	0.000570142	-12743.6
332	0.000570142	-13245.1
333	0.000570142	-14273.1
334	0.000570142	-11958.7
335	0.000570142	-10549.3
336	0.000570142	-11075.2
337	0.000570142	-10685.5
338	0.000570142	-9834.38
339	0.000570142	-11376.6
340	0.000570142	-10117.5
341	0.000570142	-10736
342	0.000570142	-11131.8
343	0.000570142	-10757.7
344	0.000570142	-11886.1
345	0.000570142	-11813.3
346	0.000570142	-11266.9
347	0.000570142	-10870
348	0.000570142	-11126.7
349	0.000570142	-11331.6
350	0.000570142	-11952.2
351	0.000570142	-11466.8
352	0.000570142	-10534
353	0.000570142	-11374.8
354	0.000570142	-10946.9
355	0.000570142	-11226.3
356	0.000570142	-10976
357	0.000570142	-12396.2
358	0.000570142	-12636.3
359	0.000570142	-11580.9
360	0.000570142	-11986.8
361	0.000570142	-12717
362	0.000570142	-11646.1
363	0.000570142	-10729.3
364	0.000570142	-13611.5
365	0.000570142	-13091.8
366	0.000570142	-11524
367	0.000570142	-11288.1
368	0.000570142	-11052.2
369	0.000570142	-13375
370	0.000570142	-12506.9
371	0.000570142	-11363.2
372	0.000570142	-11159
373	0.000570142	-11196.6
374	0.000570142	-11088
375	0.000570142	-11044.4
376	0.000570142	-11861.3
377	0.000570142	-12691.7
378	0.000570142	-12046
379	0.000570142	-12070.2
380	0.000570142	-10501.7
381	0.000570142	-11777.4
382	0.000570142	-13665.2
383	0.000570142	-10087.1
384	0.000570142	-11784.2
385	0.000570142	-11500.9
386	0.000570142	-11394.8
387	0.000570142	-11482.6
388	0.000570142	-10883.1
389	0.000570142	-11760.6
390	0.000570142	-10194.1
391	0.000570142	-12402.7
392	0.000570142	-12995.3
393	0.000570142	-14396.8
394	0.000570142	-13455.2
395	0.000570142	-13195.5
396	0.000570142	-12503
397	0.000570142	-10687.2
398	0.000570142	-11605.1
399	0.000570142	-11935.9
400	0.000570142	-11337.2
401	0.000570142	-10964.9
402	0.000570142	-10564.2
403	0.000570142	-11479.2
404	0.000570142	-11979.8
405	0.000570142	-13441.3
406	0.000570142	-11945.1
407	0.000570142	-11632.5
408	0.000570142	-11061.4
409	0.000570142	-11088.3
410	0.000570142	-10756.2
411	0.000570142	-11725.6
412	0.000570142	-12211.4
413	0.000570142	-12166.8
414	0.000570142	-11820.7
415	0.000570142	-11798.1
416	0.000570142	-13560.6
417	0.000570142	-11481.8
418	0.000570142	-12325
419	0.000570142	-11765.4
420	0.000570142	-11174.3
421	0.000570142	-13435.6
422	0.000570142	-10944.2
423	0.000570142	-10680.5
424	0.000570142	-10106.2
425	0.000570142	-11651.2
426	0.000570142	-11476.2
427	0.000570142	-13222.6
428	0.000570142	-12181.4
429	0.000570142	-11317.3
430	0.000570142	-11909
431	0.000570142	-13875.2
432	0.000570142	-12852.5
433	0.000570142	-11714.5
434	0.000570142	-11402.7
435	0.000570142	-12639.5
436	0.000570142	-12375.9
437	0.000570142	-11418.2
438	0.000570142	-15115.3
439	0.000570142	-11544.4
440	0.000570142	-10093.6
441	0.000570142	-10204.3
442	0.000570142	-10705.2
443	0.000570142	-10288.4
444	0.000570142	-11122.4
445	0.000570142	-10477.1
446	0.000570142	-10485.7
447	0.000570142	-12153.2
448	0.000570142	-11937.9
449	0.000570142	-10167.2
450	0.000570142	-11275
451	0.000570142	-16010.2
452	0.000570142	-13092.6
453	0.000570142	-11351.6
454	0.000570142	-11958.7
455	0.000570142	-13556.1
456	0.000570142	-12377.6
457	0.000570142	-13025.1
458	0.000570142	-11467.4
459	0.000570142	-11518.5
460	0.000570142	-11752.6
461	0.000570142	-11090.3
462	0.000570142	-12035.7
463	0.000570142	-13169.1
464	0.000570142	-13388.3
465	0.000570142	-11278.7
466	0.000570142	-12355.6
467	0.000570142	-10768.1
468	0.000570142	-13743.3
469	0.000570142	-13922.2
470	0.000570142	-14744.5
471	0.000570142	-14741.1
472	0.000570142	-16545.4
473	0.000570142	-15739.1
474	0.000570142	-15688.6
475	0.000570142	-15458.3
476	0.000570142	-14546.5
477	0.000570142	-13007.2
478	0.000570142	-11595.9
479	0.000570142	-11303.7
480	0.000570142	-11193
481	0.000570142	-12185.1
482	0.000570142	-12717.5
483	0.000570142	-12395
484	0.000570142	-13828.3
485	0.000570142	-14146.6
486	0.000570142	-12685.8
487	0.000570142	-13031.6
488	0.000570142	-12587.7
489	0.000570142	-12441.8
490	0.000570142	-11224.1
491	0.000570142	-13562
492	0.000570142	-12911.6
493	0.000570142	-13317
494	0.000570142	-14157.3
495	0.000570142	-13806.7
496	0.000570142	-12377.8
497	0.000570142	-11902.5
498	0.000570142	-12560.2
499	0.000570142	-12770.6
500	0.000570142	-13488.1
501	0.000570142	-13494.4
502	0.000570142	-12828.6
503	0.000570142	-13747.4
504	0.000570142	-12254.2
505	0.000570142	-12385.4
506	0.000570142	-11158.4
507	0.000570142	-11846.7
508	0.000570142	-11729.6
509	0.000570142	-10914.7
510	0.000570142	-12044.2
511	0.000570142	-11406
512	0.000570142	-11365.8
513	0.000570142	-11651.8
514	0.000570142	-12068.1
515	0.000570142	-10881.7
516	0.000570142	-11613.5
517	0.000570142	-14676.1
518	0.000570142	-15544.8
519	0.000570142	-12193.3
520	0.000570142	-12368.4
521	0.000570142	-11738.8
522	0.000570142	-12465.5
523	0.000570142	-11817.9
524	0.000570142	-10396.8
525	0.000570142	-10280
526	0.000570142	-10653.1
527	0.000570142	-11089
528	0.000570142	-11703.1
529	0.000570142	-14926.3
530	0.000570142	-12406.4
531	0.000570142	-12479.8
532	0.000570142	-12324.1
533	0.000570142	-12450.7
534	0.000570142	-11240.8
535	0.000570142	-9908.92
536	0.000570142	-12281.7
537	0.000570142	-12576.2
538	0.000570142	-11677.3
539	0.000570142	-12112.3
540	0.000570142	-13424.9
541	0.000570142	-12440.7
542	0.000570142	-14076.2
543	0.000570142	-13558.2
544	0.000570142	-11214.3
545	0.000570142	-12802.9
546	0.000570142	-13092.7
547	0.000570142	-11620
548	0.000570142	-11832.2
549	0.000570142	-11600.1
550	0.000570142	-10725.4
551	0.000570142	-10867.9
552	0.000570142	-12847
553	0.000570142	-14192.9
554	0.000570142	-12267.4
555	0.000570142	-11822.9
556	0.000570142	-12237.3
557	0.000570142	-12397.8
558	0.000570142	-11490.5
559	0.000570142	-11917.7
560	0.000570142	-12722.6
561	0.000570142	-13108.8
562	0.000570142	-14994.8
563	0.000570142	-13457.9
564	0.000570142	-11814
565	0.000570142	-11432.4
566	0.000570142	-10602.9
567	0.000570142	-10893.7
568	0.000570142	-10195.3
569	0.000570142	-11634.9
570	0.000570142	-12325.6
571	0.000570142	-12043.8
572	0.000570142	-12487.3
573	0.000570142	-12521
574	0.000570142	-11504.8
575	0.000570142	-11753
576	0.000570142	-10920.5
577	0.000570142	-12435.8
578	0.000570142	-11545.2
579	0.000570142	-11642.2
580	0.000570142	-10502.3
581	0.000570142	-9614.02
582	0.000570142	-11492.8
583	0.000570142	-11044.7
584	0.000570142	-12085.6
585	0.000570142	-11171.8
586	0.000570142	-11252.7
587	0.000570142	-11597.3
588	0.000570142	-12065.4
589	0.000570142	-11916.7
590	0.000570142	-12823.4
591	0.000570142	-11977.1
592	0.000570142	-11736.8
593	0.000570142	-11482.2
594	0.000570142	-12410.9
595	0.000570142	-11907.7
596	0.000570142	-12901.2
597	0.000570142	-11545.7
598	0.000570142	-11713.5
599	0.000570142	-12049.5
600	0.000570142	-11554.2
601	0.000570142	-11540.8
602	0.000570142	-11899.1
603	0.000570142	-13294
604	0.000570142	-13158.7
605	0.000570142	-12704.5
606	0.000570142	-11342.1
607	0.000570142	-11340.7
608	0.000570142	-11040.2
609	0.000570142	-10456.8
610	0.000570142	-11454.9
611	0.000570142	-11932.6
612	0.000570142	-9789.56
613	0.000570142	-12738.6
614	0.000570142	-12666.7
615	0.000570142	-12481.6
616	0.000570142	-11572.5
617	0.000570142	-11485.8
618	0.000570142	-11408.2
619	0.000570142	-11306.2
620	0.000570142	-12780.3
621	0.000570142	-11538.9
622	0.000570142	-11827.4
623	0.000570142	-14900
624	0.000570142	-12549
625	0.000570142	-13841
626	0.000570142	-12178.9
627	0.000570142	-12817
628	0.000570142	-12228.1
629	0.000570142	-11848
630	0.000570142	-12468.6
631	0.000570142	-12458.2
632	0.000570142	-11218.5
633	0.000570142	-11908.5
634	0.000570142	-13011.7
635	0.000570142	-10631.1
636	0.000570142	-11199.8
637	0.000570142	-11655.1
638	0.000570142	-12060
639	0.000570142	-12395
640	0.000570142	-13200.6
641	0.000570142	-10946.2
642	0.000570142	-12375.1
643	0.000570142	-12509.7
644	0.000570142	-12259.9
645	0.000570142	-12578.2
646	0.000570142	-12359.4
647	0.000570142	-13041.3
648	0.000570142	-13684.7
649	0.000570142	-11751.1
650	0.000570142	-12426.2
651	0.000570142	-12337.8
652	0.000570142	-11417.3
653	0.000570142	-12021.7
654	0.000570142	-11757.2
655	0.000570142	-12135.3
656	0.000570142	-12111.1
657	0.000570142	-11169.8
658	0.000570142	-11393.2
659	0.000570142	-12432.6
660	0.000570142	-14429.5
661	0.000570142	-11643.9
662	0.000570142	-11105.7
663	0.000570142	-13338.5
664	0.000570142	-14085.4
665	0.000570142	-12938.1
666	0.000570142	-14666.8
667	0.000570142	-13125.8
668	0.000570142	-13473.5
669	0.000570142	-11659.7
670	0.000570142	-9980.55
671	0.000570142	-10621.9
672	0.000570142	-11305.9
673	0.000570142	-12045
674	0.000570142	-12615.7
675	0.000570142	-11658
676	0.000570142	-11981.8
677	0.000570142	-11179.8
678	0.000570142	-11457.7
679	0.000570142	-11713.2
680	0.000570142	-12443.7
681	0.000570142	-12717.3
682	0.000570142	-11881.4
683	0.000570142	-12205.9
684	0.000570142	-12487.2
685	0.000570142	-15548.2
686	0.000570142	-11218.8
687	0.000570142	-11066.4
688	0.000570142	-12281.1
689	0.000570142	-11417.8
690	0.000570142	-13148.6
691	0.000570142	-12340.1
692	0.000570142	-12305
693	0.000570142	-11736.5
694	0.000570142	-11952.8
695	0.000570142	-13207.6
696	0.000570142	-13045.5
697	0.000570142	-13224.8
698	0.000570142	-12720.9
699	0.000570142	-12723.1
700	0.000570142	-11578.7
701	0.000570142	-11653.7
702	0.000570142	-12480.7
703	0.000570142	-12442.3
704	0.000570142	-11479
705	0.000570142	-11023.6
706	0.000570142	-11452.4
707	0.000570142	-12146.7
708	0.000570142	-11656.6
709	0.000570142	-10361.2
710	0.000570142	-11748.1
711	0.000570142	-12152.8
712	0.000570142	-13598.7
713	0.000570142	-13225.1
714	0.000570142	-12575.2
715	0.000570142	-11627
716	0.000570142	-13218.9
717	0.000570142	-12987.6
718	0.000570142	-11508.8
719	0.000570142	-11519.7
720	0.000570142	-11434.3
721	0.000570142	-13298.4
722	0.000570142	-13907.4
723	0.000570142	-12487.8
724	0.000570142	-11388.3
725	0.000570142	-11926.1
726	0.000570142	-14429.4
727	0.000570142	-11562
728	0.000570142	-12094.6
729	0.000570142	-11254.7
730	0.000570142	-11038.5
731	0.000570142	-11168
732	0.000570142	-11808.1
733	0.000570142	-12880
734	0.000570142	-11849.4
735	0.000570142	-11706
736	0.000570142	-12539.8
737	0.000570142	-11486.6
738	0.000570142	-13334.8
739	0.000570142	-11642.2
740	0.000570142	-12903.9
741	0.000570142	-10944.4
742	0.000570142	-10408.1
743	0.000570142	-12070.4
744	0.000570142	-11576.8
745	0.000570142	-12299.4
746	0.000570142	-12661.7
747	0.000570142	-12929.8
748	0.000570142	-12892.2
749	0.000570142	-12373.6
750	0.000570142	-12722.7
751	0.000570142	-12304.6
752	0.000570142	-12494.4
753	0.000570142	-10950.9
754	0.000570142	-12288.2
755	0.000570142	-11141.7
756	0.000570142	-13198.8
757	0.000570142	-12294.8
758	0.000570142	-12695.3
759	0.000570142	-13500.2
760	0.000570142	-14485.6
761	0.000570142	-13651.7
762	0.000570142	-12530.4
763	0.000570142	-11897.6
764	0.000570142	-10871.9
765	0.000570142	-12858.2
766	0.000570142	-12602.1
767	0.000570142	-12697.6
768	0.000570142	-12191
769	0.000570142	-12018.1
770	0.000570142	-11202.3
771	0.000570142	-11539.9
772	0.000570142	-11591.5
773	0.000570142	-12028.6
774	0.000570142	-11619.5
775	0.000570142	-11922.8
776	0.000570142	-10656.2
777	0.000570142	-11632.6
778	0.000570142	-11811.9
779	0.000570142	-12765.5
780	0.000570142	-12241.6
781	0.000570142	-12513.2
782	0.000570142	-9980.41
783	0.000570142	-10485.5
784	0.000570142	-11890.4
785	0.000570142	-12974.5
786	0.000570142	-13036.2
787	0.000570142	-12246.6
788	0.000570142	-13209.7
789	0.000570142	-14277.1
790	0.000570142	-14429.1
791	0.000570142	-10966.1
792	0.000570142	-12484.8
793	0.000570142	-12595.3
794	0.000570142	-11914
795	0.000570142	-12218.7
796	0.000570142	-11705.4
797	0.000570142	-10525.7
798	0.000570142	-11457.3
799	0.000570142	-12281.6
800	0.000570142	-12781.3
801	0.000570142	-11996.1
802	0.000570142	-13990.9
803	0.000570142	-13300.9
804	0.000570142	-12145.3
805	0.000570142	-14660.2
806	0.000570142	-13301.4
807	0.000570142	-13917
808	0.000570142	-12346.4
809	0.000570142	-10841.1
810	0.000570142	-11798.5
811	0.000570142	-12117.2
812	0.000570142	-10999.7
813	0.000570142	-12498.2
814	0.000570142	-11972.9
815	0.000570142	-12663
816	0.000570142	-12976.8
817	0.000570142	-14113.5
818	0.000570142	-12101.2
819	0.000570142	-16233.6
820	0.000570142	-10542.6
821	0.000570142	-12330.7
822	0.000570142	-10291.6
823	0.000570142	-10634
824	0.000570142	-12572.5
825	0.000570142	-10932.9
826	0.000570142	-11719.2
827	0.000570142	-11009.4
828	0.000570142	-13607.2
829	0.000570142	-13301.3
830	0.000570142	-14248
831	0.000570142	-13572.9
832	0.000570142	-11406.7
833	0.000570142	-11423.9
834	0.000570142	-11025
835	0.000570142	-13105
836	0.000570142	-12336.8
837	0.000570142	-12150.4
838	0.000570142	-11013.9
839	0.000570142	-12535.7
840	0.000570142	-11349.2
841	0.000570142	-10372.7
842	0.000570142	-12265.3
843	0.000570142	-12000.2
844	0.000570142	-10647.3
845	0.000570142	-10584.1
846	0.000570142	-13112.7
847	0.000570142	-11672.6
848	0.000570142	-11790.4
849	0.000570142	-11452.9
850	0.000570142	-12334.9
851	0.000570142	-12446
852	0.000570142	-11639.4
853	0.000570142	-11553.5
854	0.000570142	-11507.9
855	0.000570142	-10793.2
856	0.000570142	-11485.7
857	0.000570142	-9465.63
858	0.000570142	-10744.6
859	0.000570142	-11948
860	0.000570142	-12150.4
861	0.000570142	-12650.9
862	0.000570142	-12782.8
863	0.000570142	-12526.4
864	0.000570142	-12501.6
865	0.000570142	-12173.8
866	0.000570142	-12928.1
867	0.000570142	-12603.2
868	0.000570142	-12042.6
869	0.000570142	-12696
870	0.000570142	-11682
871	0.000570142	-10975
872	0.000570142	-11195.3
873	0.000570142	-12328.2
874	0.000570142	-12800.2
875	0.000570142	-12662.8
876	0.000570142	-12177.6
877	0.000570142	-11098.6
878	0.000570142	-11949.9
879	0.000570142	-11888.2
880	0.000570142	-12537.1
881	0.000570142	-12301
882	0.000570142	-11710.2
883	0.000570142	-11709.7
884	0.000570142	-14011.9
885	0.000570142	-14785.7
886	0.000570142	-14685.5
887	0.000570142	-13873.2
888	0.000570142	-12234.6
889	0.000570142	-11713.2
890	0.000570142	-10944.4
891	0.000570142	-11648.3
892	0.000570142	-11488.8
893	0.000570142	-11458
894	0.000570142	-12954.2
895	0.000570142	-11466.6
896	0.000570142	-12099.3
897	0.000570142	-10670.6
898	0.000570142	-12652.2
899	0.000570142	-13143.3
900	0.000570142	-11968.7
901	0.000570142	-11806.4
902	0.000570142	-11584.7
903	0.000570142	-12484.7
904	0.000570142	-11872.1
905	0.000570142	-10742.9
906	0.000570142	-12563.6
907	0.000570142	-11856.9
908	0.000570142	-12444.1
909	0.000570142	-13059.9
910	0.000570142	-14540.6
911	0.000570142	-12999.8
912	0.000570142	-12710
913	0.000570142	-11593.7
914	0.000570142	-10618.4
915	0.000570142	-10856.7
916	0.000570142	-11157.7
917	0.000570142	-10378
918	0.000570142	-10740.2
919	0.000570142	-11741.4
920	0.000570142	-11040.7
921	0.000570142	-11964.9
922	0.000570142	-11430.5
923	0.000570142	-11685.9
924	0.000570142	-12064.1
925	0.000570142	-16104.2
926	0.000570142	-12849
927	0.000570142	-12234.5
928	0.000570142	-13010.6
929	0.000570142	-12174.6
930	0.000570142	-11464.9
931	0.000570142	-10434.5
932	0.000570142	-11450.8
933	0.000570142	-11635.9
934	0.000570142	-12084.4
935	0.000570142	-11113
936	0.000570142	-11583.7
937	0.000570142	-12378.5
938	0.000570142	-11997
939	0.000570142	-12591.4
940	0.000570142	-12903.9
941	0.000570142	-11766.3
942	0.000570142	-13657.6
943	0.000570142	-10560
944	0.000570142	-10734.5
945	0.000570142	-11029.2
946	0.000570142	-11946.1
947	0.000570142	-11150
948	0.000570142	-12649.7
949	0.000570142	-13083.1
950	0.000570142	-14050.9
951	0.000570142	-10849.1
952	0.000570142	-11978.2
953	0.000570142	-11563.5
954	0.000570142	-11191.9
955	0.000570142	-11328.4
956	0.000570142	-10915.6
957	0.000570142	-11362
958	0.000570142	-11491.6
959	0.000570142	-13602.6
960	0.000570142	-11021.3
961	0.000570142	-10280.6
962	0.000570142	-10417.8
963	0.000570142	-10261.5
964	0.000570142	-11062.3
965	0.000570142	-10764.3
966	0.000570142	-12791.3
967	0.000570142	-12007.8
968	0.000570142	-13312.5
969	0.000570142	-10743.7
970	0.000570142	-12137.1
971	0.000570142	-12547.1
972	0.000570142	-12769.4
973	0.000570142	-11391.3
974	0.000570142	-11498.3
975	0.000570142	-12034.6
976	0.000570142	-12167.7
977	0.000570142	-14137.7
978	0.000570142	-11711.6
979	0.000570142	-13263.5
980	0.000570142	-12715.5
981	0.000570142	-12317.1
982	0.000570142	-12850.8
983	0.000570142	-12392
984	0.000570142	-12441.3
985	0.000570142	-14796.6
986	0.000570142	-14365.1
987	0.000570142	-11764.9
988	0.000570142	-11949.2
989	0.000570142	-12059
990	0.000570142	-11742.1
991	0.000570142	-10790
992	0.000570142	-12786.7
993	0.000570142	-10926.3
994	0.000570142	-11674.9
995	0.000570142	-12422.3
996	0.000570142	-13395.5
997	0.000570142	-10758.5
998	0.000570142	-11440.4
999	0.000570142	-10391
1000	0.000570142	-11949.9
251	0.000354013	-14641.3
252	0.000354013	-12480.6
253	0.000354013	-14571.6
254	0.000354013	-15596.7
255	0.000354013	-12570
256	0.000354013	-14315.1
257	0.000354013	-13416.3
258	0.000354013	-11806.1
259	0.000354013	-12729.2
260	0.000354013	-10446.4
261	0.000354013	-10614.5
262	0.000354013	-12760.8
263	0.000354013	-11424.4
264	0.000354013	-11546
265	0.000354013	-10882.7
266	0.000354013	-12966.9
267	0.000354013	-12692.6
268	0.000354013	-13267.5
269	0.000354013	-12961.1
270	0.000354013	-12115.3
271	0.000354013	-11194.8
272	0.000354013	-14876.5
273	0.000354013	-12719.3
274	0.000354013	-12632.5
275	0.000354013	-13460.3
276	0.000354013	-12430.7
277	0.000354013	-12724.1
278	0.000354013	-12634.3
279	0.000354013	-13026.9
280	0.000354013	-12980
281	0.000354013	-12411.4
282	0.000354013	-12132.6
283	0.000354013	-12829.4
284	0.000354013	-12359.6
285	0.000354013	-11165.8
286	0.000354013	-12165.4
287	0.000354013	-11038.7
288	0.000354013	-12132.3
289	0.000354013	-10885.7
290	0.000354013	-11246
291	0.000354013	-11733.7
292	0.000354013	-12672.7
293	0.000354013	-12613.9
294	0.000354013	-13182.1
295	0.000354013	-12759.5
296	0.000354013	-13800.5
297	0.000354013	-13206.6
298	0.000354013	-12674.7
299	0.000354013	-11040.1
300	0.000354013	-11304.9
301	0.000354013	-12624.7
302	0.000354013	-15059.6
303	0.000354013	-13297.2
304	0.000354013	-12164.1
305	0.000354013	-13046.6
306	0.000354013	-12707.9
307	0.000354013	-12573.9
308	0.000354013	-11854
309	0.000354013	-11273.7
310	0.000354013	-10635
311	0.000354013	-10788.9
312	0.000354013	-11390.9
313	0.000354013	-12477
314	0.000354013	-11399.5
315	0.000354013	-14393.6
316	0.000354013	-12748.3
317	0.000354013	-12240.8
318	0.000354013	-11963.9
319	0.000354013	-11685.9
320	0.000354013	-12634.6
321	0.000354013	-11526.7
322	0.000354013	-14057.1
323	0.000354013	-10226.8
324	0.000354013	-13151.8
325	0.000354013	-11260.6
326	0.000354013	-12124.9
327	0.000354013	-12069.6
328	0.000354013	-12014
329	0.000354013	-15186.5
330	0.000354013	-14279.4
331	0.000354013	-14851.7
332	0.000354013	-10521.3
333	0.000354013	-11463.9
334	0.000354013	-11445.3
335	0.000354013	-10198.1
336	0.000354013	-12381.5
337	0.000354013	-11253.5
338	0.000354013	-10802.3
339	0.000354013	-11221.9
340	0.000354013	-12473.9
341	0.000354013	-13576.3
342	0.000354013	-13211.2
343	0.000354013	-13207.3
344	0.000354013	-11460.1
345	0.000354013	-11493.9
346	0.000354013	-11119.4
347	0.000354013	-12338.4
348	0.000354013	-12193.2
349	0.000354013	-12905.8
350	0.000354013	-12297.4
351	0.000354013	-12586.7
352	0.000354013	-12943.4
353	0.000354013	-12577.1
354	0.000354013	-12437.4
355	0.000354013	-11974.8
356	0.000354013	-13332.5
357	0.000354013	-11579.4
358	0.000354013	-12415.2
359	0.000354013	-12059
360	0.000354013	-11824.3
361	0.000354013	-12255.6
362	0.000354013	-12738.6
363	0.000354013	-11073.5
364	0.000354013	-11993.8
365	0.000354013	-12477.1
366	0.000354013	-11912.3
367	0.000354013	-10738.7
368	0.000354013	-10774.4
369	0.000354013	-10469.6
370	0.000354013	-11867.5
371	0.000354013	-11027.5
372	0.000354013	-11952.7
373	0.000354013	-11620.1
374	0.000354013	-12195
375	0.000354013	-13185
376	0.000354013	-11158.5
377	0.000354013	-12749.7
378	0.000354013	-13733
379	0.000354013	-14107.7
380	0.000354013	-15669.2
381	0.000354013	-14073.3
382	0.000354013	-12316.3
383	0.000354013	-11639.4
384	0.000354013	-12524.2
385	0.000354013	-14904.8
386	0.000354013	-11214.9
387	0.000354013	-10918.3
388	0.000354013	-11864.6
389	0.000354013	-12803.4
390	0.000354013	-12501.6
391	0.000354013	-13240.6
392	0.000354013	-15988.8
393	0.000354013	-14852
394	0.000354013	-13229.4
395	0.000354013	-13569.9
396	0.000354013	-13043.2
397	0.000354013	-11837.7
398	0.000354013	-11306
399	0.000354013	-11266
400	0.000354013	-14950.1
401	0.000354013	-14084.6
402	0.000354013	-14847.6
403	0.000354013	-12420.5
404	0.000354013	-17172
405	0.000354013	-16624.3
406	0.000354013	-11878.9
407	0.000354013	-12024.6
408	0.000354013	-12348.7
409	0.000354013	-13070.2
410	0.000354013	-12115.7
411	0.000354013	-12210.6
412	0.000354013	-12340.1
413	0.000354013	-12707.7
414	0.000354013	-11889.9
415	0.000354013	-11687
416	0.000354013	-12883.6
417	0.000354013	-12079.9
418	0.000354013	-12588.2
419	0.000354013	-13245.5
420	0.000354013	-13756.6
421	0.000354013	-12295.7
422	0.000354013	-12086.2
423	0.000354013	-14680.9
424	0.000354013	-10530.2
425	0.000354013	-11057.7
426	0.000354013	-13827.2
427	0.000354013	-12056.3
428	0.000354013	-11945.7
429	0.000354013	-12995.4
430	0.000354013	-11042.7
431	0.000354013	-11485.3
432	0.000354013	-10921
433	0.000354013	-11547.2
434	0.000354013	-12735.3
435	0.000354013	-12723.4
436	0.000354013	-12282.3
437	0.000354013	-12726
438	0.000354013	-12620.8
439	0.000354013	-10732.5
440	0.000354013	-11803.3
441	0.000354013	-10619.2
442	0.000354013	-10713
443	0.000354013	-12206.2
444	0.000354013	-13058.9
445	0.000354013	-13022.2
446	0.000354013	-11092.7
447	0.000354013	-11080.5
448	0.000354013	-11939.9
449	0.000354013	-14866.1
450	0.000354013	-11477.3
451	0.000354013	-12744.1
452	0.000354013	-12512.2
453	0.000354013	-10995.1
454	0.000354013	-12839.8
455	0.000354013	-13697
456	0.000354013	-11568.2
457	0.000354013	-13672.9
458	0.000354013	-11813
459	0.000354013	-11277.3
460	0.000354013	-12520.4
461	0.000354013	-12153.6
462	0.000354013	-11739.5
463	0.000354013	-10503.1
464	0.000354013	-10348.5
465	0.000354013	-15168.7
466	0.000354013	-14353
467	0.000354013	-14169
468	0.000354013	-14098.9
469	0.000354013	-13143.9
470	0.000354013	-12741.4
471	0.000354013	-13064.8
472	0.000354013	-12970.9
473	0.000354013	-14262.4
474	0.000354013	-11640.2
475	0.000354013	-12034.2
476	0.000354013	-12267.8
477	0.000354013	-12354.1
478	0.000354013	-12550.3
479	0.000354013	-12869.1
480	0.000354013	-11480.9
481	0.000354013	-11109.4
482	0.000354013	-10630.9
483	0.000354013	-10681.9
484	0.000354013	-16178
485	0.000354013	-11718.5
486	0.000354013	-11668.5
487	0.000354013	-12926.4
488	0.000354013	-10595
489	0.000354013	-9970.75
490	0.000354013	-11197.3
491	0.000354013	-15966.7
492	0.000354013	-15960.2
493	0.000354013	-12828.7
494	0.000354013	-13378
495	0.000354013	-11518.5
496	0.000354013	-11685
497	0.000354013	-12458.2
498	0.000354013	-12018
499	0.000354013	-10975.2
500	0.000354013	-13032.1
501	0.000354013	-11220.1
502	0.000354013	-11232.7
503	0.000354013	-12660.9
504	0.000354013	-11781.3
505	0.000354013	-14807.2
506	0.000354013	-13416.4
507	0.000354013	-13347.2
508	0.000354013	-11748.4
509	0.000354013	-10562.1
510	0.000354013	-12475.6
511	0.000354013	-12556.3
512	0.000354013	-12234.3
513	0.000354013	-14924.8
514	0.000354013	-11269.2
515	0.000354013	-14145
516	0.000354013	-13515.5
517	0.000354013	-14729.3
518	0.000354013	-15172.4
519	0.000354013	-12524.9
520	0.000354013	-11075
521	0.000354013	-12599.9
522	0.000354013	-12723.9
523	0.000354013	-11780.5
524	0.000354013	-12675.9
525	0.000354013	-14188.5
526	0.000354013	-15389.5
527	0.000354013	-13962.5
528	0.000354013	-11310.7
529	0.000354013	-14013.4
530	0.000354013	-13397.4
531	0.000354013	-13461
532	0.000354013	-12447.2
533	0.000354013	-13341.7
534	0.000354013	-13497.6
535	0.000354013	-14273.5
536	0.000354013	-11734.7
537	0.000354013	-12606.6
538	0.000354013	-14095.4
539	0.000354013	-14183.6
540	0.000354013	-13444.5
541	0.000354013	-11229.7
542	0.000354013	-11125.8
543	0.000354013	-12190.6
544	0.000354013	-11277.1
545	0.000354013	-11456.8
546	0.000354013	-11361.2
547	0.000354013	-12381.6
548	0.000354013	-11009
549	0.000354013	-10220.7
550	0.000354013	-13332.2
551	0.000354013	-12282.4
552	0.000354013	-12647.7
553	0.000354013	-12263.6
554	0.000354013	-11970.2
555	0.000354013	-12910.8
556	0.000354013	-11747.6
557	0.000354013	-11238.1
558	0.000354013	-12431.6
559	0.000354013	-13046.4
560	0.000354013	-12473.6
561	0.000354013	-11911.7
562	0.000354013	-10952.3
563	0.000354013	-11292.3
564	0.000354013	-11063.5
565	0.000354013	-11433.8
566	0.000354013	-11519
567	0.000354013	-11361.3
568	0.000354013	-12422.9
569	0.000354013	-11148
570	0.000354013	-13085.4
571	0.000354013	-13099.2
572	0.000354013	-12658.6
573	0.000354013	-13615.1
574	0.000354013	-12338.4
575	0.000354013	-12868.7
576	0.000354013	-12612.7
577	0.000354013	-12027.2
578	0.000354013	-10663.3
579	0.000354013	-10675.8
580	0.000354013	-12318.9
581	0.000354013	-11494.6
582	0.000354013	-12291.8
583	0.000354013	-12012.2
584	0.000354013	-12471.8
585	0.000354013	-10956.8
586	0.000354013	-13140.9
587	0.000354013	-13349.9
588	0.000354013	-11286.2
589	0.000354013	-14933.3
590	0.000354013	-14750.5
591	0.000354013	-13495.9
592	0.000354013	-11881.8
593	0.000354013	-11054.2
594	0.000354013	-13820
595	0.000354013	-11533.9
596	0.000354013	-11351.8
597	0.000354013	-10422.1
598	0.000354013	-11228.5
599	0.000354013	-11153
600	0.000354013	-11136.8
601	0.000354013	-12020.8
602	0.000354013	-11208.6
603	0.000354013	-12520.9
604	0.000354013	-12549
605	0.000354013	-12963.6
606	0.000354013	-11233.9
607	0.000354013	-12189.8
608	0.000354013	-11165.7
609	0.000354013	-12090.7
610	0.000354013	-13764.5
611	0.000354013	-12795.3
612	0.000354013	-13648.8
613	0.000354013	-12689.9
614	0.000354013	-12864.1
615	0.000354013	-11045.1
616	0.000354013	-11110.4
617	0.000354013	-10614.4
618	0.000354013	-12149.8
619	0.000354013	-10615.1
620	0.000354013	-10112.1
621	0.000354013	-11387.9
622	0.000354013	-11382.9
623	0.000354013	-12049.4
624	0.000354013	-10813.3
625	0.000354013	-11230.2
626	0.000354013	-10991.9
627	0.000354013	-11416.6
628	0.000354013	-16013.1
629	0.000354013	-13144.9
630	0.000354013	-11921.8
631	0.000354013	-11071.4
632	0.000354013	-10409.9
633	0.000354013	-13768.1
634	0.000354013	-14867.1
635	0.000354013	-11926.1
636	0.000354013	-9665.11
637	0.000354013	-12476.8
638	0.000354013	-11773.9
639	0.000354013	-13045.1
640	0.000354013	-14872.8
641	0.000354013	-14212.8
642	0.000354013	-10903.5
643	0.000354013	-11241.3
644	0.000354013	-10845.2
645	0.000354013	-11019.7
646	0.000354013	-10275.1
647	0.000354013	-11086.9
648	0.000354013	-11245
649	0.000354013	-12098
650	0.000354013	-12955.6
651	0.000354013	-12536.3
652	0.000354013	-11150
653	0.000354013	-11800.3
654	0.000354013	-12737.5
655	0.000354013	-14167.7
656	0.000354013	-14318.6
657	0.000354013	-10907.2
658	0.000354013	-11511.5
659	0.000354013	-11646.4
660	0.000354013	-12197.4
661	0.000354013	-12080.3
662	0.000354013	-11214
663	0.000354013	-10730.3
664	0.000354013	-12354.2
665	0.000354013	-11278.4
666	0.000354013	-11318.8
667	0.000354013	-11048.5
668	0.000354013	-12929.3
669	0.000354013	-10897.8
670	0.000354013	-11926.1
671	0.000354013	-11604.8
672	0.000354013	-12742.9
673	0.000354013	-13383
674	0.000354013	-14007
675	0.000354013	-12925.6
676	0.000354013	-11922.6
677	0.000354013	-11521.5
678	0.000354013	-11571.8
679	0.000354013	-12032.2
680	0.000354013	-11763.5
681	0.000354013	-13376.2
682	0.000354013	-10634.5
683	0.000354013	-11518
684	0.000354013	-12006.7
685	0.000354013	-14823.2
686	0.000354013	-12046.7
687	0.000354013	-11788.2
688	0.000354013	-12201.5
689	0.000354013	-12035.5
690	0.000354013	-11909.3
691	0.000354013	-12409.9
692	0.000354013	-11579.1
693	0.000354013	-11754.5
694	0.000354013	-11158.3
695	0.000354013	-12570.8
696	0.000354013	-12633.6
697	0.000354013	-14614.3
698	0.000354013	-12955.2
699	0.000354013	-15594.1
700	0.000354013	-14845.6
701	0.000354013	-12536.5
702	0.000354013	-13435.6
703	0.000354013	-12309.3
704	0.000354013	-11561.9
705	0.000354013	-12712
706	0.000354013	-12538.2
707	0.000354013	-11375
708	0.000354013	-11997
709	0.000354013	-10834.7
710	0.000354013	-12317.3
711	0.000354013	-13910.9
712	0.000354013	-13559.5
713	0.000354013	-11605.7
714	0.000354013	-12333.5
715	0.000354013	-12398
716	0.000354013	-11497.5
717	0.000354013	-11649.8
718	0.000354013	-12514.1
719	0.000354013	-12875.4
720	0.000354013	-12307.6
721	0.000354013	-11574.2
722	0.000354013	-10748.4
723	0.000354013	-13720.7
724	0.000354013	-12940.3
725	0.000354013	-11880.3
726	0.000354013	-12186.2
727	0.000354013	-12912.3
728	0.000354013	-12287.4
729	0.000354013	-11502.9
730	0.000354013	-13580.3
731	0.000354013	-11036.6
732	0.000354013	-10640.9
733	0.000354013	-10462
734	0.000354013	-11671.4
735	0.000354013	-11471.2
736	0.000354013	-10992.1
737	0.000354013	-11140.8
738	0.000354013	-12643.5
739	0.000354013	-10768.3
740	0.000354013	-14392.6
741	0.000354013	-14831.2
742	0.000354013	-15113.7
743	0.000354013	-14166.8
744	0.000354013	-14675.7
745	0.000354013	-14948.4
746	0.000354013	-12314.7
747	0.000354013	-11577.4
748	0.000354013	-11970
749	0.000354013	-11589.9
750	0.000354013	-11513.5
751	0.000354013	-10575.7
752	0.000354013	-13265.1
753	0.000354013	-12355.9
754	0.000354013	-11982
755	0.000354013	-11221.3
756	0.000354013	-11073.2
757	0.000354013	-11278.1
758	0.000354013	-14397.2
759	0.000354013	-11988
760	0.000354013	-13750
761	0.000354013	-10072.5
762	0.000354013	-11653.6
763	0.000354013	-11040.2
764	0.000354013	-11275.6
765	0.000354013	-11016
766	0.000354013	-11615.2
767	0.000354013	-11878.7
768	0.000354013	-11763.9
769	0.000354013	-11173
770	0.000354013	-10970.8
771	0.000354013	-11612.1
772	0.000354013	-11191.6
773	0.000354013	-11272.6
774	0.000354013	-11572.7
775	0.000354013	-11918.7
776	0.000354013	-11778.8
777	0.000354013	-11419.3
778	0.000354013	-11863.7
779	0.000354013	-13901.6
780	0.000354013	-12961.5
781	0.000354013	-11578.6
782	0.000354013	-12131.8
783	0.000354013	-11228.4
784	0.000354013	-12519.4
785	0.000354013	-11099.2
786	0.000354013	-12884.1
787	0.000354013	-11213.5
788	0.000354013	-11102.3
789	0.000354013	-11054.1
790	0.000354013	-10783.6
791	0.000354013	-13142.7
792	0.000354013	-11512.3
793	0.000354013	-11768.4
794	0.000354013	-12112
795	0.000354013	-11857.6
796	0.000354013	-12357.9
797	0.000354013	-14527
798	0.000354013	-12105.3
799	0.000354013	-11531.6
800	0.000354013	-11680.8
801	0.000354013	-11001.4
802	0.000354013	-11029.1
803	0.000354013	-12526.4
804	0.000354013	-10430
805	0.000354013	-12387.7
806	0.000354013	-12940.2
807	0.000354013	-12589.4
808	0.000354013	-12141.3
809	0.000354013	-13854.2
810	0.000354013	-14018.3
811	0.000354013	-14276.3
812	0.000354013	-12913.3
813	0.000354013	-11857.9
814	0.000354013	-10666.6
815	0.000354013	-10542.7
816	0.000354013	-12637.6
817	0.000354013	-11312.9
818	0.000354013	-11049.7
819	0.000354013	-11012.3
820	0.000354013	-11139.5
821	0.000354013	-12323.4
822	0.000354013	-13827.3
823	0.000354013	-12293.7
824	0.000354013	-9768.88
825	0.000354013	-11457.1
826	0.000354013	-10687.7
827	0.000354013	-11449.2
828	0.000354013	-10793.1
829	0.000354013	-11240.5
830	0.000354013	-11962.1
831	0.000354013	-11696.4
832	0.000354013	-12088.5
833	0.000354013	-11276.1
834	0.000354013	-11815.2
835	0.000354013	-13168.4
836	0.000354013	-12945.8
837	0.000354013	-12631.4
838	0.000354013	-11972.8
839	0.000354013	-13715.8
840	0.000354013	-18332.6
841	0.000354013	-13676.9
842	0.000354013	-14129.5
843	0.000354013	-13482
844	0.000354013	-15658.2
845	0.000354013	-12766.4
846	0.000354013	-12771.8
847	0.000354013	-12607.5
848	0.000354013	-13211.8
849	0.000354013	-12159.8
850	0.000354013	-12709.7
851	0.000354013	-10602
852	0.000354013	-12577.5
853	0.000354013	-14187.1
854	0.000354013	-10473.5
855	0.000354013	-12740.9
856	0.000354013	-14374.4
857	0.000354013	-14145.9
858	0.000354013	-12350.4
859	0.000354013	-12572.5
860	0.000354013	-13141.9
861	0.000354013	-13007.8
862	0.000354013	-11942.2
863	0.000354013	-11651.6
864	0.000354013	-10782.1
865	0.000354013	-11367.8
866	0.000354013	-12362.9
867	0.000354013	-13708.5
868	0.000354013	-11805
869	0.000354013	-11114.3
870	0.000354013	-10897.8
871	0.000354013	-11312.5
872	0.000354013	-12311.3
873	0.000354013	-10263.8
874	0.000354013	-13154.1
875	0.000354013	-13666
876	0.000354013	-12163.5
877	0.000354013	-13299.4
878	0.000354013	-11417.4
879	0.000354013	-12531.1
880	0.000354013	-12598.6
881	0.000354013	-12166.2
882	0.000354013	-10412.2
883	0.000354013	-9860.26
884	0.000354013	-11511.7
885	0.000354013	-12164.7
886	0.000354013	-11338.7
887	0.000354013	-11714.1
888	0.000354013	-12088.6
889	0.000354013	-14410.5
890	0.000354013	-11597.3
891	0.000354013	-11069.6
892	0.000354013	-10481.4
893	0.000354013	-10838.1
894	0.000354013	-12056.8
895	0.000354013	-12110.2
896	0.000354013	-11818.1
897	0.000354013	-11453.2
898	0.000354013	-12917
899	0.000354013	-13501.2
900	0.000354013	-13371.3
901	0.000354013	-14971.2
902	0.000354013	-16068.8
903	0.000354013	-13864.4
904	0.000354013	-12131.5
905	0.000354013	-15701.4
906	0.000354013	-15580.1
907	0.000354013	-13826
908	0.000354013	-12483.6
909	0.000354013	-12711.9
910	0.000354013	-13529.3
911	0.000354013	-12872.8
912	0.000354013	-13118.1
913	0.000354013	-13909.6
914	0.000354013	-14138.3
915	0.000354013	-12328.5
916	0.000354013	-10735.1
917	0.000354013	-12608.9
918	0.000354013	-12461.2
919	0.000354013	-11571.5
920	0.000354013	-11825.7
921	0.000354013	-12916.9
922	0.000354013	-12096
923	0.000354013	-12136.8
924	0.000354013	-12848
925	0.000354013	-13678.3
926	0.000354013	-12403.8
927	0.000354013	-11161.1
928	0.000354013	-15015
929	0.000354013	-14402.2
930	0.000354013	-11435.3
931	0.000354013	-10457.1
932	0.000354013	-10037.9
933	0.000354013	-11055.1
934	0.000354013	-12710.5
935	0.000354013	-12324.9
936	0.000354013	-15228.5
937	0.000354013	-12530.4
938	0.000354013	-11350.3
939	0.000354013	-13137.6
940	0.000354013	-11787.1
941	0.000354013	-11396.2
942	0.000354013	-12233.9
943	0.000354013	-12012
944	0.000354013	-11567
945	0.000354013	-12081.5
946	0.000354013	-12394.5
947	0.000354013	-13965
948	0.000354013	-14392.7
949	0.000354013	-12912.6
950	0.000354013	-13350.3
951	0.000354013	-12966.8
952	0.000354013	-11871.4
953	0.000354013	-11793.4
954	0.000354013	-11777.1
955	0.000354013	-10614.6
956	0.000354013	-12213
957	0.000354013	-13369
958	0.000354013	-14303.8
959	0.000354013	-12908.6
960	0.000354013	-11620.5
961	0.000354013	-11948.1
962	0.000354013	-11465.8
963	0.000354013	-12184.8
964	0.000354013	-11489.2
965	0.000354013	-14015.9
966	0.000354013	-12097.3
967	0.000354013	-14151
968	0.000354013	-12867
969	0.000354013	-11109.9
970	0.000354013	-13085.9
971	0.000354013	-12625
972	0.000354013	-12785.8
973	0.000354013	-12151.3
974	0.000354013	-12698.2
975	0.000354013	-11994.8
976	0.000354013	-12647.3
977	0.000354013	-12730.9
978	0.000354013	-11623.8
979	0.000354013	-12583.1
980	0.000354013	-11963.1
981	0.000354013	-11759.1
982	0.000354013	-12110.7
983	0.000354013	-11886.5
984	0.000354013	-12966.6
985	0.000354013	-14588.6
986	0.000354013	-13656.8
987	0.000354013	-14028.3
988	0.000354013	-11541
989	0.000354013	-14246.3
990	0.000354013	-11602.8
991	0.000354013	-12141.8
992	0.000354013	-11262.6
993	0.000354013	-11706.1
994	0.000354013	-11861.5
995	0.000354013	-14975.5
996	0.000354013	-16233.6
997	0.000354013	-14016.4
998	0.000354013	-11997.4
999	0.000354013	-10552.4
1000	0.000354013	-14008.5
251	0.000209041	-14186
252	0.000209041	-12923.6
253	0.000209041	-11847.5
254	0.000209041	-12783
255	0.000209041	-14453.2
256	0.000209041	-16403.2
257	0.000209041	-12900.1
258	0.000209041	-12989.1
259	0.000209041	-14826.5
260	0.000209041	-13721.5
261	0.000209041	-13071.1
262	0.000209041	-12618.5
263	0.000209041	-14785.2
264	0.000209041	-12964.8
265	0.000209041	-13163.5
266	0.000209041	-11576.1
267	0.000209041	-12970.9
268	0.000209041	-14820.1
269	0.000209041	-13301
270	0.000209041	-11882.7
271	0.000209041	-12460.3
272	0.000209041	-12146.5
273	0.000209041	-13551.4
274	0.000209041	-12886.4
275	0.000209041	-14430.9
276	0.000209041	-13094.1
277	0.000209041	-12605.1
278	0.000209041	-12610.1
279	0.000209041	-12439
280	0.000209041	-11631.4
281	0.000209041	-11573.9
282	0.000209041	-11918.6
283	0.000209041	-11354.7
284	0.000209041	-11075.2
285	0.000209041	-11390.9
286	0.000209041	-13949.4
287	0.000209041	-11152.3
288	0.000209041	-12227.9
289	0.000209041	-13187.6
290	0.000209041	-14532.1
291	0.000209041	-13408.2
292	0.000209041	-18435.4
293	0.000209041	-13795.3
294	0.000209041	-12842.4
295	0.000209041	-12778.1
296	0.000209041	-11933.2
297	0.000209041	-12704
298	0.000209041	-11627.8
299	0.000209041	-12464.4
300	0.000209041	-11266.3
301	0.000209041	-14375
302	0.000209041	-14753.9
303	0.000209041	-13909
304	0.000209041	-12666.7
305	0.000209041	-12698.8
306	0.000209041	-15843.4
307	0.000209041	-13097.7
308	0.000209041	-12940.5
309	0.000209041	-12903.2
310	0.000209041	-12136.6
311	0.000209041	-14549.8
312	0.000209041	-13235.2
313	0.000209041	-14350.4
314	0.000209041	-10373.8
315	0.000209041	-11874.5
316	0.000209041	-10867.5
317	0.000209041	-11958
318	0.000209041	-12809
319	0.000209041	-12276
320	0.000209041	-14618.8
321	0.000209041	-13099.8
322	0.000209041	-14679.5
323	0.000209041	-14160.7
324	0.000209041	-13635.8
325	0.000209041	-13386.8
326	0.000209041	-13182.5
327	0.000209041	-14003
328	0.000209041	-11588.3
329	0.000209041	-14447.6
330	0.000209041	-16244.5
331	0.000209041	-13226.6
332	0.000209041	-11235.7
333	0.000209041	-11014.7
334	0.000209041	-12456.1
335	0.000209041	-13833.5
336	0.000209041	-13781.8
337	0.000209041	-15988.4
338	0.000209041	-13813.5
339	0.000209041	-13228.7
340	0.000209041	-12345.7
341	0.000209041	-12278.7
342	0.000209041	-13023.4
343	0.000209041	-12353.6
344	0.000209041	-12838.7
345	0.000209041	-12602.8
346	0.000209041	-11764.9
347	0.000209041	-11006.1
348	0.000209041	-13495.7
349	0.000209041	-14793.2
350	0.000209041	-11741.8
351	0.000209041	-11117.2
352	0.000209041	-13988.6
353	0.000209041	-13047.8
354	0.000209041	-11468.8
355	0.000209041	-13354.4
356	0.000209041	-12187.2
357	0.000209041	-10370.8
358	0.000209041	-15402.3
359	0.000209041	-15367.2
360	0.000209041	-12963.6
361	0.000209041	-13826.7
362	0.000209041	-13593.9
363	0.000209041	-17014.9
364	0.000209041	-15835.1
365	0.000209041	-12320
366	0.000209041	-12895.7
367	0.000209041	-13372.9
368	0.000209041	-13506.1
369	0.000209041	-12052.7
370	0.000209041	-11780.1
371	0.000209041	-13149.9
372	0.000209041	-13802.1
373	0.000209041	-13630.9
374	0.000209041	-13021.8
375	0.000209041	-10414
376	0.000209041	-11964
377	0.000209041	-11767.9
378	0.000209041	-11965.7
379	0.000209041	-12042.1
380	0.000209041	-11987.1
381	0.000209041	-14070.3
382	0.000209041	-14494.2
383	0.000209041	-16160.4
384	0.000209041	-12928.8
385	0.000209041	-12980.4
386	0.000209041	-13572.7
387	0.000209041	-12736.3
388	0.000209041	-13291.1
389	0.000209041	-12270.9
390	0.000209041	-13339.2
391	0.000209041	-14580.3
392	0.000209041	-13188
393	0.000209041	-11812.5
394	0.000209041	-12466.2
395	0.000209041	-13316.4
396	0.000209041	-12849.8
397	0.000209041	-13621.7
398	0.000209041	-12390
399	0.000209041	-13825.8
400	0.000209041	-12644.1
401	0.000209041	-11817.5
402	0.000209041	-12659.7
403	0.000209041	-14300.3
404	0.000209041	-15782
405	0.000209041	-16759.4
406	0.000209041	-15697.4
407	0.000209041	-12387.4
408	0.000209041	-14635.6
409	0.000209041	-11918.9
410	0.000209041	-10525.3
411	0.000209041	-11940.8
412	0.000209041	-13188.6
413	0.000209041	-14009.8
414	0.000209041	-13547.6
415	0.000209041	-12909.1
416	0.000209041	-12995.8
417	0.000209041	-11897.8
418	0.000209041	-11274.3
419	0.000209041	-11006.3
420	0.000209041	-11452.5
421	0.000209041	-11783.1
422	0.000209041	-10959.3
423	0.000209041	-10586.5
424	0.000209041	-11657.6
425	0.000209041	-10925.9
426	0.000209041	-12573
427	0.000209041	-13811.9
428	0.000209041	-12615.1
429	0.000209041	-15005.8
430	0.000209041	-15622.4
431	0.000209041	-12869.3
432	0.000209041	-13145.6
433	0.000209041	-13580.7
434	0.000209041	-12828.3
435	0.000209041	-13153
436	0.000209041	-11538.7
437	0.000209041	-12727.6
438	0.000209041	-12904.8
439	0.000209041	-12051.2
440	0.000209041	-12655.8
441	0.000209041	-11648.4
442	0.000209041	-12294.5
443	0.000209041	-11259.9
444	0.000209041	-14713.4
445	0.000209041	-11913.8
446	0.000209041	-11136.3
447	0.000209041	-12821.9
448	0.000209041	-12260.9
449	0.000209041	-12845.9
450	0.000209041	-11849.4
451	0.000209041	-12932.6
452	0.000209041	-12736.1
453	0.000209041	-13996.4
454	0.000209041	-15490.8
455	0.000209041	-10953.2
456	0.000209041	-12260.2
457	0.000209041	-11245.9
458	0.000209041	-12551.1
459	0.000209041	-12174.8
460	0.000209041	-12448.2
461	0.000209041	-12931.3
462	0.000209041	-11062.6
463	0.000209041	-12580.5
464	0.000209041	-12600.7
465	0.000209041	-13648.5
466	0.000209041	-11996.7
467	0.000209041	-12041.7
468	0.000209041	-12215.5
469	0.000209041	-12156
470	0.000209041	-14088.9
471	0.000209041	-12624.3
472	0.000209041	-13022.9
473	0.000209041	-12312
474	0.000209041	-12775.7
475	0.000209041	-14376.5
476	0.000209041	-12993.2
477	0.000209041	-11153.6
478	0.000209041	-11097.6
479	0.000209041	-11275
480	0.000209041	-12278.8
481	0.000209041	-11842
482	0.000209041	-13303.2
483	0.000209041	-15458.6
484	0.000209041	-12871.2
485	0.000209041	-15737.7
486	0.000209041	-14819.6
487	0.000209041	-11079.1
488	0.000209041	-11605.4
489	0.000209041	-14797.5
490	0.000209041	-13849
491	0.000209041	-17321.9
492	0.000209041	-13131.9
493	0.000209041	-11178.4
494	0.000209041	-11752.1
495	0.000209041	-12117.6
496	0.000209041	-12999.5
497	0.000209041	-12575.9
498	0.000209041	-11528.9
499	0.000209041	-11400.2
500	0.000209041	-15600.5
501	0.000209041	-12828.4
502	0.000209041	-13299.4
503	0.000209041	-15076.6
504	0.000209041	-15041.8
505	0.000209041	-15406.3
506	0.000209041	-13677.5
507	0.000209041	-13168.5
508	0.000209041	-10687.8
509	0.000209041	-12672.9
510	0.000209041	-12097.2
511	0.000209041	-10759.2
512	0.000209041	-12701.7
513	0.000209041	-12745.6
514	0.000209041	-13046.9
515	0.000209041	-12595.8
516	0.000209041	-12818.4
517	0.000209041	-13782.1
518	0.000209041	-12599.6
519	0.000209041	-12181.9
520	0.000209041	-10878.2
521	0.000209041	-14279.3
522	0.000209041	-12509
523	0.000209041	-12528.7
524	0.000209041	-11793
525	0.000209041	-10927.8
526	0.000209041	-12268.6
527	0.000209041	-13101.8
528	0.000209041	-14231
529	0.000209041	-14023.2
530	0.000209041	-13699.3
531	0.000209041	-11889.1
532	0.000209041	-14398.1
533	0.000209041	-11410.4
534	0.000209041	-12413.3
535	0.000209041	-11939.4
536	0.000209041	-12217.3
537	0.000209041	-12643.8
538	0.000209041	-15035.1
539	0.000209041	-14189.9
540	0.000209041	-13932.2
541	0.000209041	-11549.7
542	0.000209041	-11903.5
543	0.000209041	-11147.9
544	0.000209041	-11689.7
545	0.000209041	-11968.5
546	0.000209041	-11945.6
547	0.000209041	-10769.8
548	0.000209041	-11465.2
549	0.000209041	-13369.5
550	0.000209041	-13690.3
551	0.000209041	-13570.1
552	0.000209041	-13597.7
553	0.000209041	-11527.2
554	0.000209041	-11754.9
555	0.000209041	-13488.8
556	0.000209041	-13304.9
557	0.000209041	-13035.1
558	0.000209041	-13885
559	0.000209041	-13537.1
560	0.000209041	-13082.9
561	0.000209041	-11172.9
562	0.000209041	-12256.2
563	0.000209041	-11504.2
564	0.000209041	-10440.9
565	0.000209041	-11049.5
566	0.000209041	-10810.3
567	0.000209041	-11583.5
568	0.000209041	-10589.2
569	0.000209041	-12931.5
570	0.000209041	-14108.4
571	0.000209041	-13644.6
572	0.000209041	-12754.4
573	0.000209041	-12509.9
574	0.000209041	-12183
575	0.000209041	-10920.7
576	0.000209041	-12215.2
577	0.000209041	-11157.6
578	0.000209041	-12814.3
579	0.000209041	-14424.3
580	0.000209041	-14757
581	0.000209041	-15939.9
582	0.000209041	-14518.1
583	0.000209041	-14069
584	0.000209041	-11026.1
585	0.000209041	-10466.2
586	0.000209041	-11409.4
587	0.000209041	-11529.2
588	0.000209041	-11661.8
589	0.000209041	-11649.1
590	0.000209041	-12874.4
591	0.000209041	-12674.2
592	0.000209041	-11576.5
593	0.000209041	-11661.1
594	0.000209041	-12586.5
595	0.000209041	-11747.4
596	0.000209041	-18425.8
597	0.000209041	-11810.3
598	0.000209041	-12381.2
599	0.000209041	-11895.8
600	0.000209041	-11555
601	0.000209041	-12428
602	0.000209041	-13692.8
603	0.000209041	-13631.9
604	0.000209041	-14489.3
605	0.000209041	-13723
606	0.000209041	-12841.6
607	0.000209041	-13931
608	0.000209041	-13810.7
609	0.000209041	-11757.8
610	0.000209041	-14182.3
611	0.000209041	-14657.4
612	0.000209041	-13465.5
613	0.000209041	-12428.1
614	0.000209041	-12038.4
615	0.000209041	-11874.6
616	0.000209041	-12981.5
617	0.000209041	-13759.7
618	0.000209041	-12218.4
619	0.000209041	-11529.4
620	0.000209041	-11697.8
621	0.000209041	-11936.3
622	0.000209041	-11564.9
623	0.000209041	-13422.2
624	0.000209041	-12199.9
625	0.000209041	-10813.1
626	0.000209041	-11125.9
627	0.000209041	-11238.8
628	0.000209041	-12480.9
629	0.000209041	-12738.4
630	0.000209041	-13794.3
631	0.000209041	-13420.2
632	0.000209041	-11626.5
633	0.000209041	-11153
634	0.000209041	-12149.2
635	0.000209041	-11020.1
636	0.000209041	-11700.5
637	0.000209041	-13128.5
638	0.000209041	-13536.3
639	0.000209041	-13526
640	0.000209041	-11596.7
641	0.000209041	-13253.7
642	0.000209041	-13555.4
643	0.000209041	-14782.8
644	0.000209041	-14793.8
645	0.000209041	-14414.5
646	0.000209041	-11900.5
647	0.000209041	-13313.1
648	0.000209041	-12813
649	0.000209041	-13377.4
650	0.000209041	-13436.5
651	0.000209041	-12838.4
652	0.000209041	-14398.3
653	0.000209041	-12651.2
654	0.000209041	-12357.8
655	0.000209041	-14820.4
656	0.000209041	-11634.7
657	0.000209041	-11485.6
658	0.000209041	-11789.1
659	0.000209041	-13112.4
660	0.000209041	-11594
661	0.000209041	-11741.5
662	0.000209041	-12931.2
663	0.000209041	-11608.4
664	0.000209041	-11332.7
665	0.000209041	-12041.3
666	0.000209041	-11808.3
667	0.000209041	-12984.7
668	0.000209041	-12378.5
669	0.000209041	-12289.5
670	0.000209041	-12009.9
671	0.000209041	-12347.2
672	0.000209041	-11997.2
673	0.000209041	-11393.9
674	0.000209041	-14887.4
675	0.000209041	-13260.7
676	0.000209041	-13383.9
677	0.000209041	-12025.1
678	0.000209041	-11649.6
679	0.000209041	-12046.5
680	0.000209041	-11305.7
681	0.000209041	-12922.3
682	0.000209041	-11543.8
683	0.000209041	-11443.5
684	0.000209041	-11862.6
685	0.000209041	-11689.2
686	0.000209041	-10393.2
687	0.000209041	-10869.3
688	0.000209041	-11908.6
689	0.000209041	-12099.5
690	0.000209041	-12740.2
691	0.000209041	-11875.6
692	0.000209041	-12116.5
693	0.000209041	-12085.7
694	0.000209041	-13715.1
695	0.000209041	-13270.5
696	0.000209041	-11344.6
697	0.000209041	-11643.2
698	0.000209041	-11915.6
699	0.000209041	-11516.3
700	0.000209041	-12504.5
701	0.000209041	-16467.8
702	0.000209041	-10923.5
703	0.000209041	-16069.6
704	0.000209041	-15283.1
705	0.000209041	-12429.5
706	0.000209041	-13103.4
707	0.000209041	-13290.2
708	0.000209041	-13928.8
709	0.000209041	-13614.9
710	0.000209041	-10869.6
711	0.000209041	-13653.8
712	0.000209041	-12427.3
713	0.000209041	-11834.5
714	0.000209041	-11034.9
715	0.000209041	-12940.8
716	0.000209041	-13370.9
717	0.000209041	-12817.9
718	0.000209041	-12264.6
719	0.000209041	-12041.8
720	0.000209041	-12306.3
721	0.000209041	-12764.2
722	0.000209041	-13011.5
723	0.000209041	-13322.8
724	0.000209041	-12869.6
725	0.000209041	-14071.9
726	0.000209041	-14079.7
727	0.000209041	-14758.8
728	0.000209041	-11906.5
729	0.000209041	-13500.8
730	0.000209041	-13964.9
731	0.000209041	-11425.4
732	0.000209041	-11725.4
733	0.000209041	-11216.1
734	0.000209041	-10801.1
735	0.000209041	-12903.2
736	0.000209041	-12041.7
737	0.000209041	-14572
738	0.000209041	-13283.3
739	0.000209041	-13315.7
740	0.000209041	-12619.4
741	0.000209041	-14738.1
742	0.000209041	-11340.4
743	0.000209041	-11329.8
744	0.000209041	-11446.7
745	0.000209041	-12130.5
746	0.000209041	-12519.6
747	0.000209041	-11703.5
748	0.000209041	-10821.7
749	0.000209041	-12199.1
750	0.000209041	-11462.2
751	0.000209041	-11796.7
752	0.000209041	-12243.2
753	0.000209041	-13817.2
754	0.000209041	-12144.5
755	0.000209041	-13120.2
756	0.000209041	-12188.9
757	0.000209041	-11819.5
758	0.000209041	-11749.4
759	0.000209041	-12077.4
760	0.000209041	-13264.5
761	0.000209041	-12686
762	0.000209041	-11781.9
763	0.000209041	-12341.3
764	0.000209041	-11711.7
765	0.000209041	-12269.5
766	0.000209041	-12310.7
767	0.000209041	-11910.7
768	0.000209041	-12302.8
769	0.000209041	-14009.2
770	0.000209041	-11931.5
771	0.000209041	-12041.3
772	0.000209041	-12051.9
773	0.000209041	-12547
774	0.000209041	-12165.5
775	0.000209041	-11965.8
776	0.000209041	-13097.6
777	0.000209041	-11914.4
778	0.000209041	-15006.8
779	0.000209041	-15399.9
780	0.000209041	-15903.8
781	0.000209041	-16338.3
782	0.000209041	-13097.4
783	0.000209041	-13079.6
784	0.000209041	-13341.9
785	0.000209041	-13680.6
786	0.000209041	-14435.8
787	0.000209041	-13372
788	0.000209041	-14542.9
789	0.000209041	-12188
790	0.000209041	-13083.7
791	0.000209041	-13700.5
792	0.000209041	-12239.6
793	0.000209041	-10972.4
794	0.000209041	-11337.4
795	0.000209041	-13589.7
796	0.000209041	-13115.3
797	0.000209041	-13029.5
798	0.000209041	-12947.1
799	0.000209041	-14083.1
800	0.000209041	-12321.1
801	0.000209041	-15796.6
802	0.000209041	-15112.4
803	0.000209041	-12792.5
804	0.000209041	-12283.9
805	0.000209041	-14211.8
806	0.000209041	-14570.5
807	0.000209041	-12035.6
808	0.000209041	-10939.4
809	0.000209041	-12827.5
810	0.000209041	-13327.8
811	0.000209041	-14849.9
812	0.000209041	-13382
813	0.000209041	-11667.5
814	0.000209041	-11308.5
815	0.000209041	-13390.9
816	0.000209041	-13432.4
817	0.000209041	-10670.9
818	0.000209041	-11271
819	0.000209041	-11247.1
820	0.000209041	-13449.3
821	0.000209041	-13871.7
822	0.000209041	-13261.1
823	0.000209041	-11850.1
824	0.000209041	-10931.8
825	0.000209041	-12159.1
826	0.000209041	-13678.6
827	0.000209041	-15013.7
828	0.000209041	-13035.4
829	0.000209041	-11446.2
830	0.000209041	-11569
831	0.000209041	-11845.6
832	0.000209041	-12376.3
833	0.000209041	-11365.6
834	0.000209041	-11516.2
835	0.000209041	-12156
836	0.000209041	-12433.9
837	0.000209041	-12641.7
838	0.000209041	-12200.5
839	0.000209041	-12443.2
840	0.000209041	-11922.8
841	0.000209041	-12010.4
842	0.000209041	-13002.7
843	0.000209041	-13963.2
844	0.000209041	-11754.6
845	0.000209041	-11359.8
846	0.000209041	-12874.4
847	0.000209041	-12860.4
848	0.000209041	-11930.8
849	0.000209041	-13530.6
850	0.000209041	-11622.6
851	0.000209041	-13657.5
852	0.000209041	-13210.1
853	0.000209041	-13219.5
854	0.000209041	-15583.2
855	0.000209041	-14306.5
856	0.000209041	-13102.6
857	0.000209041	-10781.6
858	0.000209041	-12180.4
859	0.000209041	-10747.1
860	0.000209041	-11376.3
861	0.000209041	-10892.1
862	0.000209041	-12777.9
863	0.000209041	-10824
864	0.000209041	-13132.2
865	0.000209041	-16228.1
866	0.000209041	-11853.5
867	0.000209041	-14553.1
868	0.000209041	-13814
869	0.000209041	-11680.1
870	0.000209041	-13182.7
871	0.000209041	-13693.5
872	0.000209041	-11256.5
873	0.000209041	-11337.6
874	0.000209041	-10825.1
875	0.000209041	-13696.4
876	0.000209041	-10777
877	0.000209041	-9954.19
878	0.000209041	-9962.39
879	0.000209041	-11149.1
880	0.000209041	-13021.1
881	0.000209041	-12379.3
882	0.000209041	-12539.6
883	0.000209041	-11624.4
884	0.000209041	-11002.1
885	0.000209041	-10058.5
886	0.000209041	-11643.2
887	0.000209041	-12157.1
888	0.000209041	-13970.1
889	0.000209041	-10225.5
890	0.000209041	-12199.6
891	0.000209041	-12510.4
892	0.000209041	-12448.3
893	0.000209041	-10955.1
894	0.000209041	-11106.7
895	0.000209041	-11511.3
896	0.000209041	-12099.7
897	0.000209041	-11038.2
898	0.000209041	-12865.8
899	0.000209041	-12548.2
900	0.000209041	-11982.2
901	0.000209041	-11407.5
902	0.000209041	-11398.1
903	0.000209041	-11881.2
904	0.000209041	-12137.5
905	0.000209041	-12901.6
906	0.000209041	-11438.4
907	0.000209041	-12540.2
908	0.000209041	-12355.4
909	0.000209041	-12625.7
910	0.000209041	-11411.6
911	0.000209041	-12784.4
912	0.000209041	-12203.6
913	0.000209041	-11931.3
914	0.000209041	-12365.3
915	0.000209041	-12291.5
916	0.000209041	-11281.1
917	0.000209041	-11371.4
918	0.000209041	-11969.4
919	0.000209041	-12267
920	0.000209041	-13120.3
921	0.000209041	-13880.5
922	0.000209041	-13494.1
923	0.000209041	-12044.8
924	0.000209041	-11632.8
925	0.000209041	-11573
926	0.000209041	-11740.6
927	0.000209041	-11655
928	0.000209041	-11101.2
929	0.000209041	-14077.2
930	0.000209041	-14670.2
931	0.000209041	-14956.9
932	0.000209041	-12512.6
933	0.000209041	-11513.5
934	0.000209041	-12854.1
935	0.000209041	-12709.7
936	0.000209041	-10706.5
937	0.000209041	-12178.2
938	0.000209041	-13420.4
939	0.000209041	-13137.2
940	0.000209041	-11596.5
941	0.000209041	-11651.8
942	0.000209041	-11299.3
943	0.000209041	-11619
944	0.000209041	-11967.8
945	0.000209041	-11854.4
946	0.000209041	-11840.1
947	0.000209041	-11669.2
948	0.000209041	-13668.9
949	0.000209041	-13888.9
950	0.000209041	-14836.4
951	0.000209041	-15778.8
952	0.000209041	-15109.4
953	0.000209041	-12070.6
954	0.000209041	-14594
955	0.000209041	-14222
956	0.000209041	-14016.3
957	0.000209041	-12139.9
958	0.000209041	-11477.8
959	0.000209041	-13643.2
960	0.000209041	-12093.2
961	0.000209041	-11255.7
962	0.000209041	-11707.1
963	0.000209041	-12942.3
964	0.000209041	-13178.3
965	0.000209041	-15670.8
966	0.000209041	-11903.4
967	0.000209041	-12938.4
968	0.000209041	-11708.4
969	0.000209041	-11085.6
970	0.000209041	-11950.3
971	0.000209041	-13594.1
972	0.000209041	-15322.7
973	0.000209041	-11738.8
974	0.000209041	-11904.2
975	0.000209041	-13440
976	0.000209041	-12618.3
977	0.000209041	-12932.3
978	0.000209041	-12294.7
979	0.000209041	-11528.9
980	0.000209041	-16448.9
981	0.000209041	-15672
982	0.000209041	-13576.2
983	0.000209041	-12733.1
984	0.000209041	-11124.3
985	0.000209041	-17101.6
986	0.000209041	-13879.2
987	0.000209041	-11769.6
988	0.000209041	-11964.1
989	0.000209041	-12684.7
990	0.000209041	-11417.8
991	0.000209041	-13842
992	0.000209041	-14052.2
993	0.000209041	-15888.6
994	0.000209041	-13544.8
995	0.000209041	-13889.3
996	0.000209041	-11589.2
997	0.000209041	-12073.7
998	0.000209041	-10321
999	0.000209041	-11245.4
1000	0.000209041	-10649.2
251	0.000116003	-13855.3
252	0.000116003	-12971
253	0.000116003	-13063.6
254	0.000116003	-12878.2
255	0.000116003	-11975.1
256	0.000116003	-12716
257	0.000116003	-12180.2
258	0.000116003	-9459.52
259	0.000116003	-12722.3
260	0.000116003	-12105
261	0.000116003	-12402
262	0.000116003	-11783.9
263	0.000116003	-13479.1
264	0.000116003	-13485.8
265	0.000116003	-12006
266	0.000116003	-10433.6
267	0.000116003	-12362.5
268	0.000116003	-11389.4
269	0.000116003	-10708.6
270	0.000116003	-13271.3
271	0.000116003	-12734.7
272	0.000116003	-12911.4
273	0.000116003	-14197.6
274	0.000116003	-12458.2
275	0.000116003	-14077.8
276	0.000116003	-12363
277	0.000116003	-13131.2
278	0.000116003	-11791.7
279	0.000116003	-12632.4
280	0.000116003	-13035.1
281	0.000116003	-14417.2
282	0.000116003	-13440.1
283	0.000116003	-12682.4
284	0.000116003	-11897.3
285	0.000116003	-11765.2
286	0.000116003	-13606.5
287	0.000116003	-11735.8
288	0.000116003	-12738.4
289	0.000116003	-11301.9
290	0.000116003	-11064
291	0.000116003	-11358.2
292	0.000116003	-12395.5
293	0.000116003	-12735
294	0.000116003	-14084.8
295	0.000116003	-14077.2
296	0.000116003	-12669.7
297	0.000116003	-12889.2
298	0.000116003	-14697.3
299	0.000116003	-14665
300	0.000116003	-11530.2
301	0.000116003	-14282
302	0.000116003	-14452
303	0.000116003	-15097.7
304	0.000116003	-13529.5
305	0.000116003	-12093.9
306	0.000116003	-12263.7
307	0.000116003	-15769.9
308	0.000116003	-12870.5
309	0.000116003	-14124.5
310	0.000116003	-13770.6
311	0.000116003	-13685.7
312	0.000116003	-12620.6
313	0.000116003	-14019.6
314	0.000116003	-13289.2
315	0.000116003	-13101.3
316	0.000116003	-11317.3
317	0.000116003	-12324.2
318	0.000116003	-13626.6
319	0.000116003	-14405.6
320	0.000116003	-14708
321	0.000116003	-14621
322	0.000116003	-11855.6
323	0.000116003	-11921.6
324	0.000116003	-11605.6
325	0.000116003	-11467.9
326	0.000116003	-9878.77
327	0.000116003	-11805.7
328	0.000116003	-12133.1
329	0.000116003	-12028.5
330	0.000116003	-12265.4
331	0.000116003	-12114.2
332	0.000116003	-11332.6
333	0.000116003	-11123.7
334	0.000116003	-11714
335	0.000116003	-12979.4
336	0.000116003	-11805.7
337	0.000116003	-13572
338	0.000116003	-13822.5
339	0.000116003	-13523.4
340	0.000116003	-11730.4
341	0.000116003	-11495.7
342	0.000116003	-12586.2
343	0.000116003	-12881.3
344	0.000116003	-12127
345	0.000116003	-11764.8
346	0.000116003	-11770.5
347	0.000116003	-12529.8
348	0.000116003	-13165.2
349	0.000116003	-11954.9
350	0.000116003	-13087.7
351	0.000116003	-12538.3
352	0.000116003	-12583.3
353	0.000116003	-12965.6
354	0.000116003	-14323.1
355	0.000116003	-12067.6
356	0.000116003	-12087.7
357	0.000116003	-12752
358	0.000116003	-12716.4
359	0.000116003	-12270.5
360	0.000116003	-12507.5
361	0.000116003	-10786.1
362	0.000116003	-12892.2
363	0.000116003	-12164.3
364	0.000116003	-13668.9
365	0.000116003	-12442.9
366	0.000116003	-12661.5
367	0.000116003	-11749
368	0.000116003	-12852.5
369	0.000116003	-12137.6
370	0.000116003	-12844.7
371	0.000116003	-12729.4
372	0.000116003	-11788.5
373	0.000116003	-14696.7
374	0.000116003	-13833.9
375	0.000116003	-15240.1
376	0.000116003	-13605.5
377	0.000116003	-12975
378	0.000116003	-12892.3
379	0.000116003	-13078.7
380	0.000116003	-14166.3
381	0.000116003	-16415.6
382	0.000116003	-13642.3
383	0.000116003	-15603.2
384	0.000116003	-17223.2
385	0.000116003	-13303.4
386	0.000116003	-12671.8
387	0.000116003	-12976.3
388	0.000116003	-15411.2
389	0.000116003	-14403.9
390	0.000116003	-12695.9
391	0.000116003	-12070.7
392	0.000116003	-12926.6
393	0.000116003	-10764.5
394	0.000116003	-11230.4
395	0.000116003	-10252.9
396	0.000116003	-10363.4
397	0.000116003	-11788.3
398	0.000116003	-13445.6
399	0.000116003	-12351
400	0.000116003	-11849
401	0.000116003	-12659.7
402	0.000116003	-13155.7
403	0.000116003	-14839.2
404	0.000116003	-14471.8
405	0.000116003	-16127.4
406	0.000116003	-16903.3
407	0.000116003	-16472.7
408	0.000116003	-16653.9
409	0.000116003	-12922.3
410	0.000116003	-13155.9
411	0.000116003	-14606.6
412	0.000116003	-11309.4
413	0.000116003	-11730.1
414	0.000116003	-15844.3
415	0.000116003	-13526.7
416	0.000116003	-15539
417	0.000116003	-13921.8
418	0.000116003	-11737
419	0.000116003	-12810.5
420	0.000116003	-11555.2
421	0.000116003	-11490.9
422	0.000116003	-12707.6
423	0.000116003	-11594.9
424	0.000116003	-11647.5
425	0.000116003	-11818.9
426	0.000116003	-11030.5
427	0.000116003	-11649
428	0.000116003	-11009
429	0.000116003	-15035.5
430	0.000116003	-12715.2
431	0.000116003	-16637.7
432	0.000116003	-12672.2
433	0.000116003	-13580.3
434	0.000116003	-13088.6
435	0.000116003	-12917.9
436	0.000116003	-16343
437	0.000116003	-16635
438	0.000116003	-13512.4
439	0.000116003	-15756.1
440	0.000116003	-14947.2
441	0.000116003	-13191.6
442	0.000116003	-12778.9
443	0.000116003	-14034.8
444	0.000116003	-15493.1
445	0.000116003	-14230.7
446	0.000116003	-15540.1
447	0.000116003	-14459.9
448	0.000116003	-14810.2
449	0.000116003	-14151.7
450	0.000116003	-16665.9
451	0.000116003	-13660.9
452	0.000116003	-12360.9
453	0.000116003	-12991.3
454	0.000116003	-13686.6
455	0.000116003	-15170.3
456	0.000116003	-14532.4
457	0.000116003	-12799
458	0.000116003	-12697.6
459	0.000116003	-13594.6
460	0.000116003	-13134.3
461	0.000116003	-13796.5
462	0.000116003	-12838.5
463	0.000116003	-12556.1
464	0.000116003	-13064.6
465	0.000116003	-16206.2
466	0.000116003	-12218.7
467	0.000116003	-11998.6
468	0.000116003	-11093.6
469	0.000116003	-12013
470	0.000116003	-13219.9
471	0.000116003	-12091
472	0.000116003	-11835.1
473	0.000116003	-11267.2
474	0.000116003	-11446.3
475	0.000116003	-12900.8
476	0.000116003	-13775.3
477	0.000116003	-13056.5
478	0.000116003	-11975.2
479	0.000116003	-11853.8
480	0.000116003	-12777.5
481	0.000116003	-13217
482	0.000116003	-14541.1
483	0.000116003	-15498.2
484	0.000116003	-16055.4
485	0.000116003	-16079.4
486	0.000116003	-15690
487	0.000116003	-17800.8
488	0.000116003	-14397.3
489	0.000116003	-12727.4
490	0.000116003	-15259.6
491	0.000116003	-11667.1
492	0.000116003	-11806.6
493	0.000116003	-12070.7
494	0.000116003	-12125.1
495	0.000116003	-13416.1
496	0.000116003	-13369.4
497	0.000116003	-12539.3
498	0.000116003	-11827.5
499	0.000116003	-14028
500	0.000116003	-13226.8
501	0.000116003	-13864.6
502	0.000116003	-13829.2
503	0.000116003	-13387.4
504	0.000116003	-20008.5
505	0.000116003	-21273.3
506	0.000116003	-14934.6
507	0.000116003	-12653.2
508	0.000116003	-12755.1
509	0.000116003	-12905.5
510	0.000116003	-11580.1
511	0.000116003	-11078.6
512	0.000116003	-10845
513	0.000116003	-10537.6
514	0.000116003	-11543.1
515	0.000116003	-13027.6
516	0.000116003	-12239.4
517	0.000116003	-10466.4
518	0.000116003	-12237
519	0.000116003	-11873.2
520	0.000116003	-12433.9
521	0.000116003	-12628.6
522	0.000116003	-13833.6
523	0.000116003	-13543.9
524	0.000116003	-14712.3
525	0.000116003	-12000.6
526	0.000116003	-11155.4
527	0.000116003	-15537.5
528	0.000116003	-12864.1
529	0.000116003	-14082.5
530	0.000116003	-12708.5
531	0.000116003	-12374.3
532	0.000116003	-11843.3
533	0.000116003	-11206.7
534	0.000116003	-10675.9
535	0.000116003	-11640.1
536	0.000116003	-12234.4
537	0.000116003	-12307.1
538	0.000116003	-12381.6
539	0.000116003	-11868.7
540	0.000116003	-11436.8
541	0.000116003	-14882.4
542	0.000116003	-14693.4
543	0.000116003	-12636.4
544	0.000116003	-11537
545	0.000116003	-12626.8
546	0.000116003	-13896
547	0.000116003	-15115.2
548	0.000116003	-14386.1
549	0.000116003	-12372.2
550	0.000116003	-13122.6
551	0.000116003	-12818.1
552	0.000116003	-17615.4
553	0.000116003	-16122.8
554	0.000116003	-15398.4
555	0.000116003	-17244.8
556	0.000116003	-16312.2
557	0.000116003	-12382.5
558	0.000116003	-12987.1
559	0.000116003	-12922
560	0.000116003	-12714.2
561	0.000116003	-13631
562	0.000116003	-11880.8
563	0.000116003	-16251.9
564	0.000116003	-15976.4
565	0.000116003	-15686.7
566	0.000116003	-15883.5
567	0.000116003	-16008.7
568	0.000116003	-14699.9
569	0.000116003	-15605.1
570	0.000116003	-18009.9
571	0.000116003	-11864
572	0.000116003	-12241.8
573	0.000116003	-13354.9
574	0.000116003	-11727.5
575	0.000116003	-13128
576	0.000116003	-11514.3
577	0.000116003	-11284.9
578	0.000116003	-12140.6
579	0.000116003	-12958.8
580	0.000116003	-12313.5
581	0.000116003	-12941.3
582	0.000116003	-11927.2
583	0.000116003	-12534.6
584	0.000116003	-11782.4
585	0.000116003	-11960.7
586	0.000116003	-11558.3
587	0.000116003	-11895.9
588	0.000116003	-12956.5
589	0.000116003	-12529.4
590	0.000116003	-12015.7
591	0.000116003	-13579.9
592	0.000116003	-12880.6
593	0.000116003	-12277.8
594	0.000116003	-13578
595	0.000116003	-14420.8
596	0.000116003	-12979
597	0.000116003	-16505.8
598	0.000116003	-11716.1
599	0.000116003	-12682.9
600	0.000116003	-12243.8
601	0.000116003	-13099.8
602	0.000116003	-12141
603	0.000116003	-15198.3
604	0.000116003	-12193.3
605	0.000116003	-13746.3
606	0.000116003	-14468.2
607	0.000116003	-13126.2
608	0.000116003	-14215
609	0.000116003	-13729
610	0.000116003	-11647.6
611	0.000116003	-11982
612	0.000116003	-12809.6
613	0.000116003	-10541.2
614	0.000116003	-11183.3
615	0.000116003	-12110.3
616	0.000116003	-13800.3
617	0.000116003	-12210.7
618	0.000116003	-10774.1
619	0.000116003	-11458.2
620	0.000116003	-11818.2
621	0.000116003	-15416.9
622	0.000116003	-13544
623	0.000116003	-12490.2
624	0.000116003	-11637.4
625	0.000116003	-12763.1
626	0.000116003	-13849.6
627	0.000116003	-12524.5
628	0.000116003	-13340.2
629	0.000116003	-15200.1
630	0.000116003	-12454.9
631	0.000116003	-11950.3
632	0.000116003	-12793.1
633	0.000116003	-13079.2
634	0.000116003	-13504.9
635	0.000116003	-10929.9
636	0.000116003	-13778.8
637	0.000116003	-14614.8
638	0.000116003	-13226.2
639	0.000116003	-12841.9
640	0.000116003	-13853.5
641	0.000116003	-16001
642	0.000116003	-14313.7
643	0.000116003	-16185.9
644	0.000116003	-12697.8
645	0.000116003	-14429.7
646	0.000116003	-16090.8
647	0.000116003	-11632.1
648	0.000116003	-11201.7
649	0.000116003	-12099.7
650	0.000116003	-12150.7
651	0.000116003	-13376.9
652	0.000116003	-12234
653	0.000116003	-13455.6
654	0.000116003	-13884.7
655	0.000116003	-15163.5
656	0.000116003	-14639.6
657	0.000116003	-15351.8
658	0.000116003	-14559.5
659	0.000116003	-14236.3
660	0.000116003	-11525.8
661	0.000116003	-12432.2
662	0.000116003	-13367.7
663	0.000116003	-10788.1
664	0.000116003	-11265.6
665	0.000116003	-12657.4
666	0.000116003	-10830.2
667	0.000116003	-11766.3
668	0.000116003	-11637.6
669	0.000116003	-12200.6
670	0.000116003	-11537
671	0.000116003	-12102.9
672	0.000116003	-12687.1
673	0.000116003	-11721.4
674	0.000116003	-13317.5
675	0.000116003	-11920.6
676	0.000116003	-11826.6
677	0.000116003	-11411.8
678	0.000116003	-13139.1
679	0.000116003	-11766.4
680	0.000116003	-12604.9
681	0.000116003	-12389.8
682	0.000116003	-11404.4
683	0.000116003	-11171.4
684	0.000116003	-13125.7
685	0.000116003	-12182.7
686	0.000116003	-11727.5
687	0.000116003	-12187.4
688	0.000116003	-12459.3
689	0.000116003	-11675.7
690	0.000116003	-12041.7
691	0.000116003	-11264.6
692	0.000116003	-11618.1
693	0.000116003	-14331.4
694	0.000116003	-12587.1
695	0.000116003	-10813.3
696	0.000116003	-11210.7
697	0.000116003	-11179.1
698	0.000116003	-10268.4
699	0.000116003	-12516.2
700	0.000116003	-14086.2
701	0.000116003	-14557.9
702	0.000116003	-12176.5
703	0.000116003	-13129.1
704	0.000116003	-11436.4
705	0.000116003	-12908.3
706	0.000116003	-10925.2
707	0.000116003	-11335.6
708	0.000116003	-13092.7
709	0.000116003	-10932.7
710	0.000116003	-15942.5
711	0.000116003	-10619.3
712	0.000116003	-11914.9
713	0.000116003	-12027.7
714	0.000116003	-13307.9
715	0.000116003	-12300.2
716	0.000116003	-13014.3
717	0.000116003	-12483.5
718	0.000116003	-11478
719	0.000116003	-13149.4
720	0.000116003	-11855.9
721	0.000116003	-11084.2
722	0.000116003	-12012.9
723	0.000116003	-11896.2
724	0.000116003	-11574
725	0.000116003	-10988.3
726	0.000116003	-11153.5
727	0.000116003	-11235.1
728	0.000116003	-11921.8
729	0.000116003	-11636.7
730	0.000116003	-11346.8
731	0.000116003	-10517.4
732	0.000116003	-11366.8
733	0.000116003	-12610
734	0.000116003	-11696.5
735	0.000116003	-13197.9
736	0.000116003	-12289.9
737	0.000116003	-11730.6
738	0.000116003	-14137.3
739	0.000116003	-12073.8
740	0.000116003	-11291.1
741	0.000116003	-12340.6
742	0.000116003	-14772.5
743	0.000116003	-12718.5
744	0.000116003	-11098.9
745	0.000116003	-12248.8
746	0.000116003	-14667.1
747	0.000116003	-10651.7
748	0.000116003	-12492.2
749	0.000116003	-12003.8
750	0.000116003	-12920.6
751	0.000116003	-14568.9
752	0.000116003	-12375.9
753	0.000116003	-12253.7
754	0.000116003	-12610
755	0.000116003	-13197.6
756	0.000116003	-13547.2
757	0.000116003	-12632.2
758	0.000116003	-12915.2
759	0.000116003	-13643.8
760	0.000116003	-9838.71
761	0.000116003	-11960.5
762	0.000116003	-11495.8
763	0.000116003	-11869.1
764	0.000116003	-12333.1
765	0.000116003	-14261.1
766	0.000116003	-12501.3
767	0.000116003	-10764.1
768	0.000116003	-10827.5
769	0.000116003	-11607.5
770	0.000116003	-11373.9
771	0.000116003	-12420.4
772	0.000116003	-12817.1
773	0.000116003	-13485.4
774	0.000116003	-13411.5
775	0.000116003	-13506.4
776	0.000116003	-12927
777	0.000116003	-11054.7
778	0.000116003	-11662.9
779	0.000116003	-12036
780	0.000116003	-10453.7
781	0.000116003	-10716.7
782	0.000116003	-13968.4
783	0.000116003	-14199.5
784	0.000116003	-11521.8
785	0.000116003	-11130.4
786	0.000116003	-11927.6
787	0.000116003	-12113.6
788	0.000116003	-11552.7
789	0.000116003	-11952.1
790	0.000116003	-11783.3
791	0.000116003	-12933.5
792	0.000116003	-13402.5
793	0.000116003	-10114.3
794	0.000116003	-14371.4
795	0.000116003	-14579.8
796	0.000116003	-14566.8
797	0.000116003	-13573.5
798	0.000116003	-13452.4
799	0.000116003	-11207.6
800	0.000116003	-11468.7
801	0.000116003	-13533.4
802	0.000116003	-13669.7
803	0.000116003	-15569.5
804	0.000116003	-13035
805	0.000116003	-11818.5
806	0.000116003	-11937.9
807	0.000116003	-14659
808	0.000116003	-13119
809	0.000116003	-11889.5
810	0.000116003	-10753.4
811	0.000116003	-10495.8
812	0.000116003	-11661.3
813	0.000116003	-12789.2
814	0.000116003	-11412.7
815	0.000116003	-12632.1
816	0.000116003	-13073.5
817	0.000116003	-13647.3
818	0.000116003	-11944.5
819	0.000116003	-10827.5
820	0.000116003	-10965.2
821	0.000116003	-12178.6
822	0.000116003	-12886.1
823	0.000116003	-12880.8
824	0.000116003	-11354.3
825	0.000116003	-12025.8
826	0.000116003	-11531.5
827	0.000116003	-11830.5
828	0.000116003	-12180.5
829	0.000116003	-14457.8
830	0.000116003	-14935.2
831	0.000116003	-13519.3
832	0.000116003	-13446.5
833	0.000116003	-11280.3
834	0.000116003	-13559.2
835	0.000116003	-13969.3
836	0.000116003	-12503.9
837	0.000116003	-14994.1
838	0.000116003	-14643.6
839	0.000116003	-12916.5
840	0.000116003	-15604.8
841	0.000116003	-15420.7
842	0.000116003	-15126.7
843	0.000116003	-12051.2
844	0.000116003	-10407.6
845	0.000116003	-12549.4
846	0.000116003	-11430.7
847	0.000116003	-11853.2
848	0.000116003	-12248.5
849	0.000116003	-10791.2
850	0.000116003	-12136
851	0.000116003	-11808.8
852	0.000116003	-12642.4
853	0.000116003	-12311.6
854	0.000116003	-12658.5
855	0.000116003	-12619.6
856	0.000116003	-12013.1
857	0.000116003	-12879
858	0.000116003	-12442.6
859	0.000116003	-13187.7
860	0.000116003	-12069.1
861	0.000116003	-11474.9
862	0.000116003	-12994.6
863	0.000116003	-13230
864	0.000116003	-17140.7
865	0.000116003	-13457
866	0.000116003	-12820.4
867	0.000116003	-13047.3
868	0.000116003	-12284.4
869	0.000116003	-13123.3
870	0.000116003	-14500.5
871	0.000116003	-9572.21
872	0.000116003	-10756.2
873	0.000116003	-12124
874	0.000116003	-12637.3
875	0.000116003	-12196.7
876	0.000116003	-12676
877	0.000116003	-11958.2
878	0.000116003	-14546.9
879	0.000116003	-14173.1
880	0.000116003	-11897.7
881	0.000116003	-12392.3
882	0.000116003	-13932.6
883	0.000116003	-12410.9
884	0.000116003	-11652.9
885	0.000116003	-12125.7
886	0.000116003	-11400.8
887	0.000116003	-12202.4
888	0.000116003	-15190.4
889	0.000116003	-13596.5
890	0.000116003	-15801.8
891	0.000116003	-15441.5
892	0.000116003	-12545.1
893	0.000116003	-13221.1
894	0.000116003	-12108.1
895	0.000116003	-12395.3
896	0.000116003	-12195
897	0.000116003	-12643.6
898	0.000116003	-11336.5
899	0.000116003	-12027.9
900	0.000116003	-13779
901	0.000116003	-12590.2
902	0.000116003	-12633
903	0.000116003	-13687.5
904	0.000116003	-12152.4
905	0.000116003	-11091.6
906	0.000116003	-11405.8
907	0.000116003	-10925
908	0.000116003	-12350.1
909	0.000116003	-12064.2
910	0.000116003	-12364.9
911	0.000116003	-11132.6
912	0.000116003	-12316.8
913	0.000116003	-10970.9
914	0.000116003	-11395.4
915	0.000116003	-11611.2
916	0.000116003	-13481.1
917	0.000116003	-14608.9
918	0.000116003	-13407.5
919	0.000116003	-12497.5
920	0.000116003	-14057.4
921	0.000116003	-14264.4
922	0.000116003	-13547.5
923	0.000116003	-13830
924	0.000116003	-14839.1
925	0.000116003	-12744.2
926	0.000116003	-11438.9
927	0.000116003	-11639.6
928	0.000116003	-14487.3
929	0.000116003	-11882.3
930	0.000116003	-10962.1
931	0.000116003	-11455.9
932	0.000116003	-11975.9
933	0.000116003	-13297.7
934	0.000116003	-12301.1
935	0.000116003	-11848
936	0.000116003	-13265.2
937	0.000116003	-15937.4
938	0.000116003	-12294.8
939	0.000116003	-14840.6
940	0.000116003	-17514
941	0.000116003	-15385.7
942	0.000116003	-15027.9
943	0.000116003	-12827.5
944	0.000116003	-13820.3
945	0.000116003	-13136.8
946	0.000116003	-13659.8
947	0.000116003	-12787.9
948	0.000116003	-11872.9
949	0.000116003	-11531.4
950	0.000116003	-12291
951	0.000116003	-12571.6
952	0.000116003	-11464.4
953	0.000116003	-11894.7
954	0.000116003	-11535.2
955	0.000116003	-11943.1
956	0.000116003	-10887.1
957	0.000116003	-13044
958	0.000116003	-12544.9
959	0.000116003	-14884.3
960	0.000116003	-12658
961	0.000116003	-14159.7
962	0.000116003	-15197.7
963	0.000116003	-15885.4
964	0.000116003	-16079.8
965	0.000116003	-18067.3
966	0.000116003	-15798.4
967	0.000116003	-14594.3
968	0.000116003	-13854.5
969	0.000116003	-13092.5
970	0.000116003	-13646.9
971	0.000116003	-13146.2
972	0.000116003	-10652.4
973	0.000116003	-11480.3
974	0.000116003	-10691.3
975	0.000116003	-11370
976	0.000116003	-11034.1
977	0.000116003	-10162.8
978	0.000116003	-11796.7
979	0.000116003	-11668.4
980	0.000116003	-12191
981	0.000116003	-12970.6
982	0.000116003	-12224.1
983	0.000116003	-13252.5
984	0.000116003	-11261.4
985	0.000116003	-11181.9
986	0.000116003	-11343.1
987	0.000116003	-12318.2
988	0.000116003	-11862.4
989	0.000116003	-11642.9
990	0.000116003	-12482.5
991	0.000116003	-13716.7
992	0.000116003	-12156.7
993	0.000116003	-13063.4
994	0.000116003	-12169.2
995	0.000116003	-11588.2
996	0.000116003	-12683.3
997	0.000116003	-14821.1
998	0.000116003	-12130.7
999	0.000116003	-11513.7
1000	0.000116003	-15283
251	5.9499e-05	-15607.4
252	5.9499e-05	-12338.1
253	5.9499e-05	-13265.2
254	5.9499e-05	-19521.4
255	5.9499e-05	-11965.9
256	5.9499e-05	-11099.5
257	5.9499e-05	-11236.7
258	5.9499e-05	-12308.7
259	5.9499e-05	-12826.7
260	5.9499e-05	-12298.1
261	5.9499e-05	-12375.1
262	5.9499e-05	-13332.7
263	5.9499e-05	-18377.1
264	5.9499e-05	-15942.3
265	5.9499e-05	-16496.7
266	5.9499e-05	-13052.9
267	5.9499e-05	-13158.9
268	5.9499e-05	-13094.7
269	5.9499e-05	-12810.9
270	5.9499e-05	-14402.5
271	5.9499e-05	-12978.4
272	5.9499e-05	-13220.7
273	5.9499e-05	-11542.9
274	5.9499e-05	-12131.9
275	5.9499e-05	-12192.9
276	5.9499e-05	-13486.6
277	5.9499e-05	-13397.9
278	5.9499e-05	-14250.5
279	5.9499e-05	-18123.6
280	5.9499e-05	-16733
281	5.9499e-05	-14683.7
282	5.9499e-05	-13181.4
283	5.9499e-05	-14286.9
284	5.9499e-05	-11938.4
285	5.9499e-05	-14949
286	5.9499e-05	-11826.8
287	5.9499e-05	-11595.7
288	5.9499e-05	-13025.6
289	5.9499e-05	-12628.1
290	5.9499e-05	-11226.3
291	5.9499e-05	-11441.8
292	5.9499e-05	-11771.1
293	5.9499e-05	-13488.2
294	5.9499e-05	-12654
295	5.9499e-05	-12500.8
296	5.9499e-05	-13399.9
297	5.9499e-05	-15939.2
298	5.9499e-05	-15563.6
299	5.9499e-05	-15232.7
300	5.9499e-05	-13744.1
301	5.9499e-05	-12500.1
302	5.9499e-05	-11932.1
303	5.9499e-05	-12793.3
304	5.9499e-05	-11650.5
305	5.9499e-05	-12639.4
306	5.9499e-05	-11744
307	5.9499e-05	-12158.6
308	5.9499e-05	-12602.6
309	5.9499e-05	-12806.1
310	5.9499e-05	-13581.6
311	5.9499e-05	-12657
312	5.9499e-05	-13813
313	5.9499e-05	-14371
314	5.9499e-05	-14088.1
315	5.9499e-05	-15843.3
316	5.9499e-05	-12895.9
317	5.9499e-05	-13596.6
318	5.9499e-05	-11989.6
319	5.9499e-05	-11017.5
320	5.9499e-05	-12491.8
321	5.9499e-05	-13546.5
322	5.9499e-05	-11922.6
323	5.9499e-05	-12316.8
324	5.9499e-05	-12467
325	5.9499e-05	-12413.1
326	5.9499e-05	-12907
327	5.9499e-05	-14826.1
328	5.9499e-05	-12893.6
329	5.9499e-05	-14068
330	5.9499e-05	-14158.8
331	5.9499e-05	-11453.4
332	5.9499e-05	-13859
333	5.9499e-05	-11976.7
334	5.9499e-05	-11767.1
335	5.9499e-05	-11929.5
336	5.9499e-05	-12300.5
337	5.9499e-05	-12482.9
338	5.9499e-05	-13647.4
339	5.9499e-05	-13843
340	5.9499e-05	-13470.5
341	5.9499e-05	-12136.5
342	5.9499e-05	-12936.3
343	5.9499e-05	-11842.7
344	5.9499e-05	-11617.8
345	5.9499e-05	-10926.9
346	5.9499e-05	-11251.2
347	5.9499e-05	-13232
348	5.9499e-05	-12272.4
349	5.9499e-05	-12663.1
350	5.9499e-05	-11770.9
351	5.9499e-05	-11815.3
352	5.9499e-05	-13431.1
353	5.9499e-05	-12350.8
354	5.9499e-05	-12097.9
355	5.9499e-05	-13067.9
356	5.9499e-05	-13008.9
357	5.9499e-05	-17639.9
358	5.9499e-05	-17295.6
359	5.9499e-05	-16386.9
360	5.9499e-05	-13706.3
361	5.9499e-05	-14790.7
362	5.9499e-05	-13897.4
363	5.9499e-05	-13395
364	5.9499e-05	-12173
365	5.9499e-05	-11052.9
366	5.9499e-05	-12256
367	5.9499e-05	-10755.5
368	5.9499e-05	-11364.6
369	5.9499e-05	-10814.7
370	5.9499e-05	-12613.8
371	5.9499e-05	-13897.8
372	5.9499e-05	-13607
373	5.9499e-05	-11613
374	5.9499e-05	-13725.2
375	5.9499e-05	-13676.7
376	5.9499e-05	-13666.4
377	5.9499e-05	-15388.6
378	5.9499e-05	-12744.7
379	5.9499e-05	-14854.6
380	5.9499e-05	-13043.2
381	5.9499e-05	-12832.3
382	5.9499e-05	-14672.4
383	5.9499e-05	-11126.4
384	5.9499e-05	-13786.6
385	5.9499e-05	-10523.1
386	5.9499e-05	-12759.8
387	5.9499e-05	-12244.3
388	5.9499e-05	-10592.3
389	5.9499e-05	-19483.1
390	5.9499e-05	-11403.1
391	5.9499e-05	-13237.4
392	5.9499e-05	-14344.2
393	5.9499e-05	-14721
394	5.9499e-05	-14248.9
395	5.9499e-05	-12775.3
396	5.9499e-05	-12461.4
397	5.9499e-05	-12668.2
398	5.9499e-05	-11237.1
399	5.9499e-05	-12649.4
400	5.9499e-05	-13313.7
401	5.9499e-05	-13383.8
402	5.9499e-05	-16168.7
403	5.9499e-05	-12679.8
404	5.9499e-05	-12560.2
405	5.9499e-05	-11348.4
406	5.9499e-05	-11257.5
407	5.9499e-05	-11295.4
408	5.9499e-05	-11560.2
409	5.9499e-05	-11923.2
410	5.9499e-05	-12129.2
411	5.9499e-05	-14421.6
412	5.9499e-05	-11837.9
413	5.9499e-05	-13172.9
414	5.9499e-05	-13903.9
415	5.9499e-05	-13928.7
416	5.9499e-05	-13492.2
417	5.9499e-05	-14260.8
418	5.9499e-05	-12364.5
419	5.9499e-05	-12835.9
420	5.9499e-05	-14155.1
421	5.9499e-05	-12450
422	5.9499e-05	-12485
423	5.9499e-05	-12567.3
424	5.9499e-05	-15226.9
425	5.9499e-05	-12970.1
426	5.9499e-05	-12183.3
427	5.9499e-05	-12705.8
428	5.9499e-05	-11194.2
429	5.9499e-05	-11133.9
430	5.9499e-05	-11884.6
431	5.9499e-05	-12818.4
432	5.9499e-05	-11207.7
433	5.9499e-05	-11769.5
434	5.9499e-05	-12394.4
435	5.9499e-05	-11884.5
436	5.9499e-05	-12752.3
437	5.9499e-05	-12337.1
438	5.9499e-05	-12872.7
439	5.9499e-05	-12974.6
440	5.9499e-05	-12871.4
441	5.9499e-05	-12530.8
442	5.9499e-05	-12657.5
443	5.9499e-05	-13232.8
444	5.9499e-05	-12220.4
445	5.9499e-05	-12024.7
446	5.9499e-05	-14992.4
447	5.9499e-05	-14362.3
448	5.9499e-05	-16196.6
449	5.9499e-05	-15325.2
450	5.9499e-05	-16086.6
451	5.9499e-05	-17677
452	5.9499e-05	-11055.3
453	5.9499e-05	-11837.8
454	5.9499e-05	-10682
455	5.9499e-05	-11952
456	5.9499e-05	-13547.7
457	5.9499e-05	-11322.4
458	5.9499e-05	-11666.7
459	5.9499e-05	-12427.9
460	5.9499e-05	-12478.9
461	5.9499e-05	-13115
462	5.9499e-05	-13926.1
463	5.9499e-05	-13202.6
464	5.9499e-05	-13102.6
465	5.9499e-05	-18255.5
466	5.9499e-05	-13475.6
467	5.9499e-05	-13093.9
468	5.9499e-05	-12555.4
469	5.9499e-05	-15166
470	5.9499e-05	-11974.5
471	5.9499e-05	-12502.7
472	5.9499e-05	-11307.5
473	5.9499e-05	-13806.9
474	5.9499e-05	-12011.3
475	5.9499e-05	-12314
476	5.9499e-05	-11420.2
477	5.9499e-05	-11734.5
478	5.9499e-05	-15093.1
479	5.9499e-05	-13497.2
480	5.9499e-05	-12396.6
481	5.9499e-05	-12223.8
482	5.9499e-05	-11884.5
483	5.9499e-05	-11399.3
484	5.9499e-05	-10735.8
485	5.9499e-05	-12205.9
486	5.9499e-05	-14438.2
487	5.9499e-05	-13328.8
488	5.9499e-05	-12834.2
489	5.9499e-05	-12942.7
490	5.9499e-05	-12371.9
491	5.9499e-05	-12291.6
492	5.9499e-05	-12468.4
493	5.9499e-05	-12606.7
494	5.9499e-05	-13384.8
495	5.9499e-05	-13121.1
496	5.9499e-05	-15681.8
497	5.9499e-05	-14503.7
498	5.9499e-05	-12543.6
499	5.9499e-05	-12487.2
500	5.9499e-05	-12500.1
501	5.9499e-05	-11648.1
502	5.9499e-05	-13689.7
503	5.9499e-05	-15344.2
504	5.9499e-05	-11608.6
505	5.9499e-05	-11780.1
506	5.9499e-05	-12391
507	5.9499e-05	-11307.2
508	5.9499e-05	-10496
509	5.9499e-05	-11108.3
510	5.9499e-05	-12129.2
511	5.9499e-05	-12323.9
512	5.9499e-05	-12876.1
513	5.9499e-05	-10452.3
514	5.9499e-05	-11566.9
515	5.9499e-05	-11107.2
516	5.9499e-05	-11897.1
517	5.9499e-05	-11828.5
518	5.9499e-05	-12068.5
519	5.9499e-05	-11039.7
520	5.9499e-05	-12405.6
521	5.9499e-05	-12477.6
522	5.9499e-05	-12034.7
523	5.9499e-05	-12451.7
524	5.9499e-05	-12684.4
525	5.9499e-05	-11620.1
526	5.9499e-05	-12497.5
527	5.9499e-05	-13071.1
528	5.9499e-05	-11074.7
529	5.9499e-05	-13212.5
530	5.9499e-05	-11871.7
531	5.9499e-05	-11596.1
532	5.9499e-05	-12735.2
533	5.9499e-05	-10652.6
534	5.9499e-05	-11187.2
535	5.9499e-05	-10620.4
536	5.9499e-05	-12494.8
537	5.9499e-05	-13979.8
538	5.9499e-05	-11044.8
539	5.9499e-05	-10927.4
540	5.9499e-05	-13508.3
541	5.9499e-05	-12976.1
542	5.9499e-05	-13565.3
543	5.9499e-05	-14467.8
544	5.9499e-05	-11258.2
545	5.9499e-05	-11526.6
546	5.9499e-05	-11011.9
547	5.9499e-05	-14386.1
548	5.9499e-05	-13458
549	5.9499e-05	-13430.6
550	5.9499e-05	-11925.5
551	5.9499e-05	-13519.8
552	5.9499e-05	-12530.1
553	5.9499e-05	-12608.1
554	5.9499e-05	-16570.4
555	5.9499e-05	-16208.7
556	5.9499e-05	-13032.5
557	5.9499e-05	-13246.8
558	5.9499e-05	-13550.6
559	5.9499e-05	-13586
560	5.9499e-05	-11872.3
561	5.9499e-05	-13342.8
562	5.9499e-05	-12018.7
563	5.9499e-05	-13904.1
564	5.9499e-05	-15414.9
565	5.9499e-05	-13126.6
566	5.9499e-05	-13935.7
567	5.9499e-05	-11812.6
568	5.9499e-05	-14178.3
569	5.9499e-05	-13007.4
570	5.9499e-05	-13529.2
571	5.9499e-05	-13395
572	5.9499e-05	-11877.9
573	5.9499e-05	-11720.8
574	5.9499e-05	-11703
575	5.9499e-05	-13271.2
576	5.9499e-05	-13966.3
577	5.9499e-05	-11538.1
578	5.9499e-05	-12373
579	5.9499e-05	-11659.2
580	5.9499e-05	-11365
581	5.9499e-05	-13046.7
582	5.9499e-05	-16657.8
583	5.9499e-05	-14321.7
584	5.9499e-05	-14528.4
585	5.9499e-05	-11982.1
586	5.9499e-05	-13081.9
587	5.9499e-05	-11221.2
588	5.9499e-05	-11630.8
589	5.9499e-05	-13163.4
590	5.9499e-05	-14019
591	5.9499e-05	-14244.4
592	5.9499e-05	-12700.5
593	5.9499e-05	-14603.7
594	5.9499e-05	-12026.9
595	5.9499e-05	-14361.5
596	5.9499e-05	-13695.1
597	5.9499e-05	-12188.8
598	5.9499e-05	-13517.8
599	5.9499e-05	-12718.6
600	5.9499e-05	-12271.8
601	5.9499e-05	-11559.2
602	5.9499e-05	-11303.7
603	5.9499e-05	-13562.5
604	5.9499e-05	-13250.2
605	5.9499e-05	-13473.9
606	5.9499e-05	-10505.3
607	5.9499e-05	-11915.7
608	5.9499e-05	-13534
609	5.9499e-05	-15413.7
610	5.9499e-05	-11449.4
611	5.9499e-05	-11967.1
612	5.9499e-05	-14918.6
613	5.9499e-05	-13535.8
614	5.9499e-05	-13403.3
615	5.9499e-05	-12353.4
616	5.9499e-05	-11971.3
617	5.9499e-05	-12040.8
618	5.9499e-05	-14802
619	5.9499e-05	-16466
620	5.9499e-05	-14841.6
621	5.9499e-05	-14886.9
622	5.9499e-05	-12547.7
623	5.9499e-05	-12839.3
624	5.9499e-05	-14007.6
625	5.9499e-05	-13622.6
626	5.9499e-05	-11280.9
627	5.9499e-05	-10524.5
628	5.9499e-05	-11361
629	5.9499e-05	-14501.6
630	5.9499e-05	-15016.3
631	5.9499e-05	-13838.1
632	5.9499e-05	-15181.9
633	5.9499e-05	-14083.9
634	5.9499e-05	-11834
635	5.9499e-05	-12021.9
636	5.9499e-05	-11302.4
637	5.9499e-05	-11135.9
638	5.9499e-05	-13496.5
639	5.9499e-05	-12101
640	5.9499e-05	-11957.6
641	5.9499e-05	-12257.8
642	5.9499e-05	-11932.8
643	5.9499e-05	-13447.9
644	5.9499e-05	-12197.1
645	5.9499e-05	-12665.2
646	5.9499e-05	-13250.1
647	5.9499e-05	-12578.8
648	5.9499e-05	-12451.8
649	5.9499e-05	-14534.8
650	5.9499e-05	-15168.5
651	5.9499e-05	-11804.4
652	5.9499e-05	-15162.4
653	5.9499e-05	-11295.1
654	5.9499e-05	-14122.7
655	5.9499e-05	-12826.1
656	5.9499e-05	-16065.9
657	5.9499e-05	-11528.8
658	5.9499e-05	-10333.8
659	5.9499e-05	-12464.5
660	5.9499e-05	-11558.6
661	5.9499e-05	-11706.7
662	5.9499e-05	-11885.5
663	5.9499e-05	-12925.4
664	5.9499e-05	-16223.9
665	5.9499e-05	-14899.7
666	5.9499e-05	-14852.6
667	5.9499e-05	-13429
668	5.9499e-05	-12916.4
669	5.9499e-05	-11866.2
670	5.9499e-05	-11928
671	5.9499e-05	-13083.3
672	5.9499e-05	-12902.7
673	5.9499e-05	-13777.7
674	5.9499e-05	-12903.5
675	5.9499e-05	-12001
676	5.9499e-05	-10291.4
677	5.9499e-05	-12332
678	5.9499e-05	-12175.6
679	5.9499e-05	-12239
680	5.9499e-05	-14041.4
681	5.9499e-05	-10211.2
682	5.9499e-05	-10223.7
683	5.9499e-05	-10564
684	5.9499e-05	-15721
685	5.9499e-05	-11368.1
686	5.9499e-05	-12475
687	5.9499e-05	-12060
688	5.9499e-05	-12137.4
689	5.9499e-05	-12855.2
690	5.9499e-05	-15864.8
691	5.9499e-05	-15551
692	5.9499e-05	-14940.9
693	5.9499e-05	-13598.7
694	5.9499e-05	-12070.1
695	5.9499e-05	-11138.4
696	5.9499e-05	-10993.9
697	5.9499e-05	-11252
698	5.9499e-05	-14467.1
699	5.9499e-05	-10894.2
700	5.9499e-05	-10915.3
701	5.9499e-05	-13043.9
702	5.9499e-05	-10647.5
703	5.9499e-05	-10577
704	5.9499e-05	-12606.5
705	5.9499e-05	-12480.9
706	5.9499e-05	-14112.6
707	5.9499e-05	-13087.4
708	5.9499e-05	-13896.4
709	5.9499e-05	-14705.3
710	5.9499e-05	-16191.7
711	5.9499e-05	-15774.7
712	5.9499e-05	-17304.3
713	5.9499e-05	-13269.2
714	5.9499e-05	-12111.3
715	5.9499e-05	-11722.5
716	5.9499e-05	-12914.6
717	5.9499e-05	-13763
718	5.9499e-05	-11785.1
719	5.9499e-05	-11720.5
720	5.9499e-05	-12047.9
721	5.9499e-05	-11944.2
722	5.9499e-05	-12254.6
723	5.9499e-05	-14580.2
724	5.9499e-05	-13268.1
725	5.9499e-05	-13717.1
726	5.9499e-05	-16341.2
727	5.9499e-05	-16021.7
728	5.9499e-05	-13193.5
729	5.9499e-05	-12923.4
730	5.9499e-05	-11564
731	5.9499e-05	-14232.1
732	5.9499e-05	-12078.7
733	5.9499e-05	-13638
734	5.9499e-05	-13365.6
735	5.9499e-05	-13711.9
736	5.9499e-05	-11991.3
737	5.9499e-05	-12858.2
738	5.9499e-05	-13332.5
739	5.9499e-05	-12057.3
740	5.9499e-05	-13257.9
741	5.9499e-05	-12032.4
742	5.9499e-05	-12171
743	5.9499e-05	-13183.6
744	5.9499e-05	-12115.8
745	5.9499e-05	-12381.4
746	5.9499e-05	-13085.8
747	5.9499e-05	-13950.3
748	5.9499e-05	-12991.2
749	5.9499e-05	-12423.9
750	5.9499e-05	-12119.2
751	5.9499e-05	-12613.8
752	5.9499e-05	-13234
753	5.9499e-05	-15515.3
754	5.9499e-05	-17788.3
755	5.9499e-05	-14332.8
756	5.9499e-05	-14298.7
757	5.9499e-05	-10825.9
758	5.9499e-05	-12457.7
759	5.9499e-05	-13994.1
760	5.9499e-05	-12513.3
761	5.9499e-05	-13450.2
762	5.9499e-05	-10851.6
763	5.9499e-05	-13734
764	5.9499e-05	-15405.4
765	5.9499e-05	-17664.6
766	5.9499e-05	-14725
767	5.9499e-05	-12135.5
768	5.9499e-05	-11932.9
769	5.9499e-05	-12006.7
770	5.9499e-05	-13248.3
771	5.9499e-05	-13724.8
772	5.9499e-05	-12444.1
773	5.9499e-05	-13595.3
774	5.9499e-05	-14698
775	5.9499e-05	-12606.7
776	5.9499e-05	-13326.3
777	5.9499e-05	-14643.4
778	5.9499e-05	-13530.1
779	5.9499e-05	-13687.7
780	5.9499e-05	-12291.4
781	5.9499e-05	-15001.4
782	5.9499e-05	-14530
783	5.9499e-05	-11309.1
784	5.9499e-05	-12455.8
785	5.9499e-05	-11375.7
786	5.9499e-05	-11473.3
787	5.9499e-05	-11530.6
788	5.9499e-05	-10988.9
789	5.9499e-05	-15345.9
790	5.9499e-05	-14229.1
791	5.9499e-05	-14361.4
792	5.9499e-05	-14567
793	5.9499e-05	-14751.7
794	5.9499e-05	-11634.7
795	5.9499e-05	-12102.4
796	5.9499e-05	-11831
797	5.9499e-05	-11356.9
798	5.9499e-05	-12744.5
799	5.9499e-05	-12312.7
800	5.9499e-05	-13890.6
801	5.9499e-05	-13079.4
802	5.9499e-05	-15440.3
803	5.9499e-05	-16936.5
804	5.9499e-05	-15352.5
805	5.9499e-05	-14383.2
806	5.9499e-05	-13681.7
807	5.9499e-05	-11524.7
808	5.9499e-05	-12169.7
809	5.9499e-05	-13114.1
810	5.9499e-05	-14889.6
811	5.9499e-05	-15094.2
812	5.9499e-05	-13859.8
813	5.9499e-05	-13188.2
814	5.9499e-05	-11247.1
815	5.9499e-05	-11193.2
816	5.9499e-05	-11396.5
817	5.9499e-05	-14194.4
818	5.9499e-05	-11651.2
819	5.9499e-05	-11726.5
820	5.9499e-05	-11452.7
821	5.9499e-05	-11338.1
822	5.9499e-05	-11107.6
823	5.9499e-05	-12094.1
824	5.9499e-05	-10178.6
825	5.9499e-05	-12450
826	5.9499e-05	-12518.7
827	5.9499e-05	-11293.9
828	5.9499e-05	-11932.4
829	5.9499e-05	-12868.3
830	5.9499e-05	-11663.5
831	5.9499e-05	-11526.4
832	5.9499e-05	-15747.5
833	5.9499e-05	-10970.9
834	5.9499e-05	-12864.9
835	5.9499e-05	-14876.1
836	5.9499e-05	-15100.1
837	5.9499e-05	-14709.8
838	5.9499e-05	-14078
839	5.9499e-05	-14269.7
840	5.9499e-05	-12842.6
841	5.9499e-05	-14080.2
842	5.9499e-05	-12438.3
843	5.9499e-05	-12663.3
844	5.9499e-05	-12450.2
845	5.9499e-05	-12119.5
846	5.9499e-05	-14465.5
847	5.9499e-05	-11603.7
848	5.9499e-05	-11770.3
849	5.9499e-05	-13095.8
850	5.9499e-05	-14237.6
851	5.9499e-05	-12426.4
852	5.9499e-05	-14213.5
853	5.9499e-05	-13779.8
854	5.9499e-05	-13531.8
855	5.9499e-05	-15071.9
856	5.9499e-05	-12699.1
857	5.9499e-05	-14040.2
858	5.9499e-05	-12274.5
859	5.9499e-05	-12073.5
860	5.9499e-05	-12544.7
861	5.9499e-05	-11622.1
862	5.9499e-05	-12686.5
863	5.9499e-05	-13074.2
864	5.9499e-05	-12225
865	5.9499e-05	-13759
866	5.9499e-05	-12801.4
867	5.9499e-05	-15698.7
868	5.9499e-05	-11732.7
869	5.9499e-05	-12742.7
870	5.9499e-05	-14419.5
871	5.9499e-05	-13555.3
872	5.9499e-05	-12193.6
873	5.9499e-05	-11790.2
874	5.9499e-05	-13688.5
875	5.9499e-05	-11673.8
876	5.9499e-05	-12086.6
877	5.9499e-05	-11524.8
878	5.9499e-05	-13974.3
879	5.9499e-05	-14852.5
880	5.9499e-05	-14050.5
881	5.9499e-05	-18961
882	5.9499e-05	-12726.9
883	5.9499e-05	-15327.5
884	5.9499e-05	-12440.4
885	5.9499e-05	-10949.3
886	5.9499e-05	-13069.4
887	5.9499e-05	-10828.3
888	5.9499e-05	-11990.2
889	5.9499e-05	-12266.7
890	5.9499e-05	-18283
891	5.9499e-05	-12557.5
892	5.9499e-05	-17509.9
893	5.9499e-05	-13499.1
894	5.9499e-05	-13788
895	5.9499e-05	-12751.8
896	5.9499e-05	-14244.4
897	5.9499e-05	-13863.4
898	5.9499e-05	-11752.6
899	5.9499e-05	-12279.8
900	5.9499e-05	-11870.5
901	5.9499e-05	-12789.1
902	5.9499e-05	-13919.1
903	5.9499e-05	-13082
904	5.9499e-05	-11859.7
905	5.9499e-05	-12106.5
906	5.9499e-05	-12282.9
907	5.9499e-05	-16190.2
908	5.9499e-05	-15325
909	5.9499e-05	-13418.1
910	5.9499e-05	-11433.6
911	5.9499e-05	-11696.1
912	5.9499e-05	-14387.4
913	5.9499e-05	-12495.8
914	5.9499e-05	-13082.5
915	5.9499e-05	-14698.1
916	5.9499e-05	-16325.7
917	5.9499e-05	-14158.6
918	5.9499e-05	-11503
919	5.9499e-05	-10941.8
920	5.9499e-05	-12147.2
921	5.9499e-05	-12137.2
922	5.9499e-05	-12379.7
923	5.9499e-05	-12830.6
924	5.9499e-05	-11299.1
925	5.9499e-05	-12173.8
926	5.9499e-05	-11844.1
927	5.9499e-05	-12313.7
928	5.9499e-05	-11273.4
929	5.9499e-05	-13089.3
930	5.9499e-05	-12488
931	5.9499e-05	-12434.7
932	5.9499e-05	-11789.5
933	5.9499e-05	-12589.3
934	5.9499e-05	-14010.1
935	5.9499e-05	-11895.2
936	5.9499e-05	-12150.2
937	5.9499e-05	-12567.9
938	5.9499e-05	-13401
939	5.9499e-05	-13655.6
940	5.9499e-05	-13854.3
941	5.9499e-05	-11210.7
942	5.9499e-05	-13909.7
943	5.9499e-05	-13917.4
944	5.9499e-05	-12727.6
945	5.9499e-05	-13721.7
946	5.9499e-05	-16142.5
947	5.9499e-05	-17576.6
948	5.9499e-05	-14879.5
949	5.9499e-05	-13697.5
950	5.9499e-05	-12777.2
951	5.9499e-05	-14431.4
952	5.9499e-05	-13903.7
953	5.9499e-05	-13140.5
954	5.9499e-05	-11316.2
955	5.9499e-05	-10485.2
956	5.9499e-05	-11966.1
957	5.9499e-05	-13467
958	5.9499e-05	-14121.8
959	5.9499e-05	-13730.2
960	5.9499e-05	-11627.6
961	5.9499e-05	-11963
962	5.9499e-05	-10918
963	5.9499e-05	-11622.7
964	5.9499e-05	-10660.5
965	5.9499e-05	-11249.6
966	5.9499e-05	-15466.1
967	5.9499e-05	-15153.6
968	5.9499e-05	-12638.8
969	5.9499e-05	-14875.1
970	5.9499e-05	-13196.4
971	5.9499e-05	-13823.2
972	5.9499e-05	-15224.6
973	5.9499e-05	-15629.3
974	5.9499e-05	-13766.5
975	5.9499e-05	-14039.9
976	5.9499e-05	-11950.3
977	5.9499e-05	-13808.9
978	5.9499e-05	-12877.7
979	5.9499e-05	-12406
980	5.9499e-05	-12811.3
981	5.9499e-05	-13056
982	5.9499e-05	-11697
983	5.9499e-05	-13151
984	5.9499e-05	-13591.1
985	5.9499e-05	-12938.9
986	5.9499e-05	-12260.5
987	5.9499e-05	-15131.7
988	5.9499e-05	-12397.9
989	5.9499e-05	-15645.3
990	5.9499e-05	-14948
991	5.9499e-05	-12631.7
992	5.9499e-05	-12047.1
993	5.9499e-05	-12301.4
994	5.9499e-05	-11945.2
995	5.9499e-05	-11458.6
996	5.9499e-05	-11749.1
997	5.9499e-05	-12366
998	5.9499e-05	-13626.4
999	5.9499e-05	-12486.6
1000	5.9499e-05	-13047
251	2.75281e-05	-13646
252	2.75281e-05	-13466.5
253	2.75281e-05	-10553.8
254	2.75281e-05	-11476.2
255	2.75281e-05	-14266.5
256	2.75281e-05	-14098.9
257	2.75281e-05	-14181.4
258	2.75281e-05	-14853.4
259	2.75281e-05	-12925.7
260	2.75281e-05	-11381
261	2.75281e-05	-11342.3
262	2.75281e-05	-12536.4
263	2.75281e-05	-13254.6
264	2.75281e-05	-13091.8
265	2.75281e-05	-13782.6
266	2.75281e-05	-12808.8
267	2.75281e-05	-13663.4
268	2.75281e-05	-13394.2
269	2.75281e-05	-12687.4
270	2.75281e-05	-13369.6
271	2.75281e-05	-12277.5
272	2.75281e-05	-11438.3
273	2.75281e-05	-10667.5
274	2.75281e-05	-11150.4
275	2.75281e-05	-11022.1
276	2.75281e-05	-12987.6
277	2.75281e-05	-12136.2
278	2.75281e-05	-15877.6
279	2.75281e-05	-14074
280	2.75281e-05	-13107.6
281	2.75281e-05	-13049.3
282	2.75281e-05	-13182.4
283	2.75281e-05	-17931.5
284	2.75281e-05	-16752
285	2.75281e-05	-11532.5
286	2.75281e-05	-12110.9
287	2.75281e-05	-12725.2
288	2.75281e-05	-10750.4
289	2.75281e-05	-12179
290	2.75281e-05	-12474.3
291	2.75281e-05	-10443.1
292	2.75281e-05	-11614.9
293	2.75281e-05	-12683.6
294	2.75281e-05	-12646.5
295	2.75281e-05	-11864
296	2.75281e-05	-13175.4
297	2.75281e-05	-13039.4
298	2.75281e-05	-13714.2
299	2.75281e-05	-13759.3
300	2.75281e-05	-13344.9
301	2.75281e-05	-14428.8
302	2.75281e-05	-12634.2
303	2.75281e-05	-13090.8
304	2.75281e-05	-14425.4
305	2.75281e-05	-12537.8
306	2.75281e-05	-14151.2
307	2.75281e-05	-16053.7
308	2.75281e-05	-15915
309	2.75281e-05	-13206.4
310	2.75281e-05	-12150.8
311	2.75281e-05	-11612.9
312	2.75281e-05	-12135.1
313	2.75281e-05	-13108.9
314	2.75281e-05	-13772
315	2.75281e-05	-14560.8
316	2.75281e-05	-12590.1
317	2.75281e-05	-12097.6
318	2.75281e-05	-12605.1
319	2.75281e-05	-11158.6
320	2.75281e-05	-12184.7
321	2.75281e-05	-12530.7
322	2.75281e-05	-13543.1
323	2.75281e-05	-13768.8
324	2.75281e-05	-14736.9
325	2.75281e-05	-18226.8
326	2.75281e-05	-12443.8
327	2.75281e-05	-12111.8
328	2.75281e-05	-12930.6
329	2.75281e-05	-12004.5
330	2.75281e-05	-11734.4
331	2.75281e-05	-11584.7
332	2.75281e-05	-11956.2
333	2.75281e-05	-13729
334	2.75281e-05	-11069
335	2.75281e-05	-11889.9
336	2.75281e-05	-12316.4
337	2.75281e-05	-11852.2
338	2.75281e-05	-11544
339	2.75281e-05	-12379.8
340	2.75281e-05	-11817.6
341	2.75281e-05	-12521.9
342	2.75281e-05	-12338
343	2.75281e-05	-13257.6
344	2.75281e-05	-12718.6
345	2.75281e-05	-14804.3
346	2.75281e-05	-14455.8
347	2.75281e-05	-11638.2
348	2.75281e-05	-11386.2
349	2.75281e-05	-14330.3
350	2.75281e-05	-14126.2
351	2.75281e-05	-18301.8
352	2.75281e-05	-16751.1
353	2.75281e-05	-16187.2
354	2.75281e-05	-12066.8
355	2.75281e-05	-13761.2
356	2.75281e-05	-17200.8
357	2.75281e-05	-15774.2
358	2.75281e-05	-14439.2
359	2.75281e-05	-13709
360	2.75281e-05	-15038.2
361	2.75281e-05	-13809.3
362	2.75281e-05	-14266.3
363	2.75281e-05	-14886.2
364	2.75281e-05	-16065.8
365	2.75281e-05	-16083.1
366	2.75281e-05	-16028.1
367	2.75281e-05	-14591.8
368	2.75281e-05	-14561.3
369	2.75281e-05	-12527.5
370	2.75281e-05	-11905.6
371	2.75281e-05	-14209.7
372	2.75281e-05	-14107.3
373	2.75281e-05	-19059.6
374	2.75281e-05	-13666.8
375	2.75281e-05	-14879.9
376	2.75281e-05	-16794.7
377	2.75281e-05	-18018.6
378	2.75281e-05	-11234.2
379	2.75281e-05	-12621.5
380	2.75281e-05	-11132.3
381	2.75281e-05	-10308.7
382	2.75281e-05	-11287.7
383	2.75281e-05	-12634.7
384	2.75281e-05	-12633.9
385	2.75281e-05	-15688.4
386	2.75281e-05	-12085.3
387	2.75281e-05	-12439.6
388	2.75281e-05	-15320.8
389	2.75281e-05	-14244.3
390	2.75281e-05	-14748.7
391	2.75281e-05	-11887
392	2.75281e-05	-12793.7
393	2.75281e-05	-13520.2
394	2.75281e-05	-13776.5
395	2.75281e-05	-12231.8
396	2.75281e-05	-11768.1
397	2.75281e-05	-11570.5
398	2.75281e-05	-11442.8
399	2.75281e-05	-11579.5
400	2.75281e-05	-11624.7
401	2.75281e-05	-12095.1
402	2.75281e-05	-11323.6
403	2.75281e-05	-10624.8
404	2.75281e-05	-10539.9
405	2.75281e-05	-16286
406	2.75281e-05	-14089.7
407	2.75281e-05	-10592.9
408	2.75281e-05	-11011.2
409	2.75281e-05	-10545.3
410	2.75281e-05	-14681.7
411	2.75281e-05	-17390.8
412	2.75281e-05	-15433.9
413	2.75281e-05	-15467
414	2.75281e-05	-16156.6
415	2.75281e-05	-14844.5
416	2.75281e-05	-15584.8
417	2.75281e-05	-15591.8
418	2.75281e-05	-12269
419	2.75281e-05	-12012.5
420	2.75281e-05	-13002.6
421	2.75281e-05	-14492.5
422	2.75281e-05	-14303.2
423	2.75281e-05	-14578.8
424	2.75281e-05	-11812.9
425	2.75281e-05	-11490.7
426	2.75281e-05	-14820.4
427	2.75281e-05	-13237.8
428	2.75281e-05	-13100.2
429	2.75281e-05	-14278.1
430	2.75281e-05	-14048.3
431	2.75281e-05	-14023.1
432	2.75281e-05	-11939.1
433	2.75281e-05	-13148.2
434	2.75281e-05	-13076.8
435	2.75281e-05	-10482.9
436	2.75281e-05	-11529.3
437	2.75281e-05	-11665.4
438	2.75281e-05	-12599.4
439	2.75281e-05	-12311.5
440	2.75281e-05	-13241.6
441	2.75281e-05	-12793.8
442	2.75281e-05	-10706.5
443	2.75281e-05	-12347.4
444	2.75281e-05	-11960.9
445	2.75281e-05	-12274.1
446	2.75281e-05	-10958.2
447	2.75281e-05	-11457.8
448	2.75281e-05	-12547.3
449	2.75281e-05	-13266.3
450	2.75281e-05	-11262.8
451	2.75281e-05	-12564.1
452	2.75281e-05	-12356.7
453	2.75281e-05	-15238.4
454	2.75281e-05	-14383.1
455	2.75281e-05	-13869.9
456	2.75281e-05	-14928.5
457	2.75281e-05	-13035.8
458	2.75281e-05	-13639.5
459	2.75281e-05	-13719.2
460	2.75281e-05	-13139.9
461	2.75281e-05	-12609
462	2.75281e-05	-12989.1
463	2.75281e-05	-12698.6
464	2.75281e-05	-10595
465	2.75281e-05	-11283.5
466	2.75281e-05	-13167.6
467	2.75281e-05	-12195.5
468	2.75281e-05	-11278.6
469	2.75281e-05	-14583.3
470	2.75281e-05	-12672.7
471	2.75281e-05	-15010.6
472	2.75281e-05	-13997.3
473	2.75281e-05	-12026.4
474	2.75281e-05	-13674.5
475	2.75281e-05	-13179.4
476	2.75281e-05	-16513.3
477	2.75281e-05	-13804.6
478	2.75281e-05	-12430.2
479	2.75281e-05	-12300.3
480	2.75281e-05	-13511.7
481	2.75281e-05	-11690.3
482	2.75281e-05	-11361.8
483	2.75281e-05	-12778.8
484	2.75281e-05	-13713.6
485	2.75281e-05	-15329.2
486	2.75281e-05	-14102
487	2.75281e-05	-14664.5
488	2.75281e-05	-16388
489	2.75281e-05	-17648.8
490	2.75281e-05	-14710.4
491	2.75281e-05	-14236.2
492	2.75281e-05	-14651.3
493	2.75281e-05	-12619.7
494	2.75281e-05	-14060.9
495	2.75281e-05	-11445.1
496	2.75281e-05	-11223.3
497	2.75281e-05	-12396
498	2.75281e-05	-11137.6
499	2.75281e-05	-10303.4
500	2.75281e-05	-14287.8
501	2.75281e-05	-11794.5
502	2.75281e-05	-12374.3
503	2.75281e-05	-12830.3
504	2.75281e-05	-12572.7
505	2.75281e-05	-12948.3
506	2.75281e-05	-12347.1
507	2.75281e-05	-12556.3
508	2.75281e-05	-12868
509	2.75281e-05	-12877.9
510	2.75281e-05	-11761.7
511	2.75281e-05	-12625.2
512	2.75281e-05	-12629.6
513	2.75281e-05	-16107.5
514	2.75281e-05	-14753.3
515	2.75281e-05	-19102.1
516	2.75281e-05	-15144.4
517	2.75281e-05	-14547.9
518	2.75281e-05	-13626.4
519	2.75281e-05	-11044.4
520	2.75281e-05	-11537.6
521	2.75281e-05	-15209.7
522	2.75281e-05	-14641.9
523	2.75281e-05	-13057.9
524	2.75281e-05	-12435.7
525	2.75281e-05	-14236.8
526	2.75281e-05	-15022.3
527	2.75281e-05	-14277.6
528	2.75281e-05	-14071.8
529	2.75281e-05	-13571.2
530	2.75281e-05	-14143.3
531	2.75281e-05	-14394.3
532	2.75281e-05	-14329.6
533	2.75281e-05	-11047.3
534	2.75281e-05	-13841.5
535	2.75281e-05	-13178.6
536	2.75281e-05	-13326.6
537	2.75281e-05	-11954.3
538	2.75281e-05	-11595.6
539	2.75281e-05	-12795.4
540	2.75281e-05	-12825.4
541	2.75281e-05	-13243
542	2.75281e-05	-12312.9
543	2.75281e-05	-11949.1
544	2.75281e-05	-11526.9
545	2.75281e-05	-14329.3
546	2.75281e-05	-13763.9
547	2.75281e-05	-15540
548	2.75281e-05	-13543.5
549	2.75281e-05	-11911.6
550	2.75281e-05	-14074.2
551	2.75281e-05	-13506.4
552	2.75281e-05	-14236.7
553	2.75281e-05	-13446.9
554	2.75281e-05	-12181.1
555	2.75281e-05	-14637
556	2.75281e-05	-13149.1
557	2.75281e-05	-14011.4
558	2.75281e-05	-12179.8
559	2.75281e-05	-12893
560	2.75281e-05	-12362.9
561	2.75281e-05	-11839.8
562	2.75281e-05	-11797.3
563	2.75281e-05	-11898.2
564	2.75281e-05	-14424.2
565	2.75281e-05	-11405
566	2.75281e-05	-14163
567	2.75281e-05	-14453.5
568	2.75281e-05	-15402.7
569	2.75281e-05	-13963.4
570	2.75281e-05	-13501.4
571	2.75281e-05	-12568.5
572	2.75281e-05	-12383.2
573	2.75281e-05	-12627
574	2.75281e-05	-14017.5
575	2.75281e-05	-13088.2
576	2.75281e-05	-14986.5
577	2.75281e-05	-11785.1
578	2.75281e-05	-10757.9
579	2.75281e-05	-11148.8
580	2.75281e-05	-11349.7
581	2.75281e-05	-13697.9
582	2.75281e-05	-14942.1
583	2.75281e-05	-13241.7
584	2.75281e-05	-12726.8
585	2.75281e-05	-14532.9
586	2.75281e-05	-19025.9
587	2.75281e-05	-15634.1
588	2.75281e-05	-13435.7
589	2.75281e-05	-13575.2
590	2.75281e-05	-13139.4
591	2.75281e-05	-12806.3
592	2.75281e-05	-12037.3
593	2.75281e-05	-14087
594	2.75281e-05	-15095
595	2.75281e-05	-12366
596	2.75281e-05	-12851.3
597	2.75281e-05	-13003.1
598	2.75281e-05	-11889.5
599	2.75281e-05	-12653.3
600	2.75281e-05	-10839.1
601	2.75281e-05	-11724.3
602	2.75281e-05	-12246.2
603	2.75281e-05	-11214.8
604	2.75281e-05	-12213.7
605	2.75281e-05	-13069.1
606	2.75281e-05	-11713.3
607	2.75281e-05	-12230.5
608	2.75281e-05	-13324.1
609	2.75281e-05	-10995.6
610	2.75281e-05	-12883.1
611	2.75281e-05	-13273.5
612	2.75281e-05	-14096
613	2.75281e-05	-13939.7
614	2.75281e-05	-14177.4
615	2.75281e-05	-13013.5
616	2.75281e-05	-15442
617	2.75281e-05	-15030
618	2.75281e-05	-13051.1
619	2.75281e-05	-12304.2
620	2.75281e-05	-12502.8
621	2.75281e-05	-11217.5
622	2.75281e-05	-12830.3
623	2.75281e-05	-12753.7
624	2.75281e-05	-15471.1
625	2.75281e-05	-13420
626	2.75281e-05	-10357.9
627	2.75281e-05	-11377.9
628	2.75281e-05	-11202.4
629	2.75281e-05	-13746
630	2.75281e-05	-13285.1
631	2.75281e-05	-11781.4
632	2.75281e-05	-12139.9
633	2.75281e-05	-12572.2
634	2.75281e-05	-14188.1
635	2.75281e-05	-13119.8
636	2.75281e-05	-10745
637	2.75281e-05	-12072.4
638	2.75281e-05	-12576.9
639	2.75281e-05	-13601.7
640	2.75281e-05	-12028.4
641	2.75281e-05	-11529
642	2.75281e-05	-11789.9
643	2.75281e-05	-15207.8
644	2.75281e-05	-13573.4
645	2.75281e-05	-13372.7
646	2.75281e-05	-13266.4
647	2.75281e-05	-12062.1
648	2.75281e-05	-12253.1
649	2.75281e-05	-12326.9
650	2.75281e-05	-12149.9
651	2.75281e-05	-11402.5
652	2.75281e-05	-11296
653	2.75281e-05	-10946.8
654	2.75281e-05	-12876.6
655	2.75281e-05	-12068
656	2.75281e-05	-13494.3
657	2.75281e-05	-15723.5
658	2.75281e-05	-13058.3
659	2.75281e-05	-12477
660	2.75281e-05	-11073.5
661	2.75281e-05	-11367.4
662	2.75281e-05	-12519.2
663	2.75281e-05	-12439
664	2.75281e-05	-12189
665	2.75281e-05	-15716.7
666	2.75281e-05	-13781.3
667	2.75281e-05	-15621.9
668	2.75281e-05	-13782.3
669	2.75281e-05	-13668.1
670	2.75281e-05	-14885.9
671	2.75281e-05	-13267
672	2.75281e-05	-12374.5
673	2.75281e-05	-14382.7
674	2.75281e-05	-14557.5
675	2.75281e-05	-12917
676	2.75281e-05	-11203.9
677	2.75281e-05	-14455.4
678	2.75281e-05	-18758.3
679	2.75281e-05	-19366.7
680	2.75281e-05	-18507.4
681	2.75281e-05	-15794.8
682	2.75281e-05	-13579.4
683	2.75281e-05	-12957.4
684	2.75281e-05	-13092.7
685	2.75281e-05	-11503.8
686	2.75281e-05	-12393.5
687	2.75281e-05	-12226.6
688	2.75281e-05	-12893.6
689	2.75281e-05	-13102.1
690	2.75281e-05	-11887.8
691	2.75281e-05	-12751.6
692	2.75281e-05	-12404.9
693	2.75281e-05	-11652.8
694	2.75281e-05	-11479.8
695	2.75281e-05	-12431.9
696	2.75281e-05	-14242.3
697	2.75281e-05	-14289.9
698	2.75281e-05	-13649.2
699	2.75281e-05	-13359.3
700	2.75281e-05	-14455.4
701	2.75281e-05	-13806.5
702	2.75281e-05	-13870.7
703	2.75281e-05	-12691.3
704	2.75281e-05	-12666.2
705	2.75281e-05	-11613
706	2.75281e-05	-13147.2
707	2.75281e-05	-14602.3
708	2.75281e-05	-13985.2
709	2.75281e-05	-12266.1
710	2.75281e-05	-13205.1
711	2.75281e-05	-12558.6
712	2.75281e-05	-12984.5
713	2.75281e-05	-12032.4
714	2.75281e-05	-18862.6
715	2.75281e-05	-12919
716	2.75281e-05	-12655.7
717	2.75281e-05	-12896.1
718	2.75281e-05	-12802.5
719	2.75281e-05	-13880.7
720	2.75281e-05	-13870.1
721	2.75281e-05	-14442.3
722	2.75281e-05	-11007.1
723	2.75281e-05	-11186.1
724	2.75281e-05	-11133.3
725	2.75281e-05	-10416.7
726	2.75281e-05	-12587.3
727	2.75281e-05	-14786.6
728	2.75281e-05	-14472.6
729	2.75281e-05	-13123.2
730	2.75281e-05	-12391.6
731	2.75281e-05	-12638
732	2.75281e-05	-13945.1
733	2.75281e-05	-13334.6
734	2.75281e-05	-11885.5
735	2.75281e-05	-14461.3
736	2.75281e-05	-13653.2
737	2.75281e-05	-13557
738	2.75281e-05	-17370
739	2.75281e-05	-14249.1
740	2.75281e-05	-15020.9
741	2.75281e-05	-16065.1
742	2.75281e-05	-14120.4
743	2.75281e-05	-13863.1
744	2.75281e-05	-11888.7
745	2.75281e-05	-11748.5
746	2.75281e-05	-10622.4
747	2.75281e-05	-11310.7
748	2.75281e-05	-11899.8
749	2.75281e-05	-11535.1
750	2.75281e-05	-11160.2
751	2.75281e-05	-10202.2
752	2.75281e-05	-11287.3
753	2.75281e-05	-10697.2
754	2.75281e-05	-13178.8
755	2.75281e-05	-11292.3
756	2.75281e-05	-13390.7
757	2.75281e-05	-13240.3
758	2.75281e-05	-11714.2
759	2.75281e-05	-11505.4
760	2.75281e-05	-10824
761	2.75281e-05	-12807.6
762	2.75281e-05	-13731.8
763	2.75281e-05	-14720.5
764	2.75281e-05	-14439.9
765	2.75281e-05	-16692.7
766	2.75281e-05	-13965.1
767	2.75281e-05	-11725
768	2.75281e-05	-12045.8
769	2.75281e-05	-13123.2
770	2.75281e-05	-14545
771	2.75281e-05	-12601.6
772	2.75281e-05	-11650.4
773	2.75281e-05	-11754.9
774	2.75281e-05	-14073.6
775	2.75281e-05	-12068.5
776	2.75281e-05	-11295.4
777	2.75281e-05	-10223.3
778	2.75281e-05	-13959.9
779	2.75281e-05	-14515.1
780	2.75281e-05	-15628.3
781	2.75281e-05	-17207.6
782	2.75281e-05	-12825.7
783	2.75281e-05	-10822.3
784	2.75281e-05	-11950.3
785	2.75281e-05	-12996
786	2.75281e-05	-14646.2
787	2.75281e-05	-14928.7
788	2.75281e-05	-14352.5
789	2.75281e-05	-11289.2
790	2.75281e-05	-11765.4
791	2.75281e-05	-13349.1
792	2.75281e-05	-13910.1
793	2.75281e-05	-13276
794	2.75281e-05	-12367.1
795	2.75281e-05	-13035.8
796	2.75281e-05	-12750.7
797	2.75281e-05	-13354.4
798	2.75281e-05	-12683.9
799	2.75281e-05	-13177.7
800	2.75281e-05	-12216.3
801	2.75281e-05	-11379.5
802	2.75281e-05	-16310.2
803	2.75281e-05	-13166.5
804	2.75281e-05	-11339.3
805	2.75281e-05	-11752.5
806	2.75281e-05	-12154.9
807	2.75281e-05	-13266.5
808	2.75281e-05	-14303.8
809	2.75281e-05	-14579.4
810	2.75281e-05	-14178.4
811	2.75281e-05	-16337.9
812	2.75281e-05	-16380.8
813	2.75281e-05	-15156.3
814	2.75281e-05	-11966.7
815	2.75281e-05	-12575.9
816	2.75281e-05	-13181.1
817	2.75281e-05	-11360.4
818	2.75281e-05	-13606.6
819	2.75281e-05	-13166.1
820	2.75281e-05	-15786
821	2.75281e-05	-14014.6
822	2.75281e-05	-14318.2
823	2.75281e-05	-11355.2
824	2.75281e-05	-15308.8
825	2.75281e-05	-11983.4
826	2.75281e-05	-11663.2
827	2.75281e-05	-10788.3
828	2.75281e-05	-11243.4
829	2.75281e-05	-12381.3
830	2.75281e-05	-12273
831	2.75281e-05	-16013.7
832	2.75281e-05	-13467.2
833	2.75281e-05	-13552.8
834	2.75281e-05	-13597.3
835	2.75281e-05	-14748.5
836	2.75281e-05	-12845.9
837	2.75281e-05	-12189.6
838	2.75281e-05	-13279.2
839	2.75281e-05	-11512.8
840	2.75281e-05	-15047.1
841	2.75281e-05	-11426.2
842	2.75281e-05	-14693.6
843	2.75281e-05	-13034.1
844	2.75281e-05	-13501.9
845	2.75281e-05	-16147.9
846	2.75281e-05	-12213.2
847	2.75281e-05	-12830.7
848	2.75281e-05	-11430.3
849	2.75281e-05	-11948.3
850	2.75281e-05	-11490.7
851	2.75281e-05	-18747.1
852	2.75281e-05	-15848
853	2.75281e-05	-13428.5
854	2.75281e-05	-14613.3
855	2.75281e-05	-15598.7
856	2.75281e-05	-12102.7
857	2.75281e-05	-12443.9
858	2.75281e-05	-12745.8
859	2.75281e-05	-12946.4
860	2.75281e-05	-11363.1
861	2.75281e-05	-11670.1
862	2.75281e-05	-14101.1
863	2.75281e-05	-13129.1
864	2.75281e-05	-14948
865	2.75281e-05	-14752.3
866	2.75281e-05	-14429.1
867	2.75281e-05	-13858.3
868	2.75281e-05	-16647.1
869	2.75281e-05	-11589.8
870	2.75281e-05	-11502.3
871	2.75281e-05	-14677
872	2.75281e-05	-15528.9
873	2.75281e-05	-11722
874	2.75281e-05	-11283.8
875	2.75281e-05	-14261.4
876	2.75281e-05	-12029.8
877	2.75281e-05	-13489.4
878	2.75281e-05	-12197
879	2.75281e-05	-12972.4
880	2.75281e-05	-12050.3
881	2.75281e-05	-12134
882	2.75281e-05	-11632.2
883	2.75281e-05	-13102.3
884	2.75281e-05	-12237.3
885	2.75281e-05	-13056.7
886	2.75281e-05	-13515.2
887	2.75281e-05	-17003.3
888	2.75281e-05	-16271.1
889	2.75281e-05	-14407.1
890	2.75281e-05	-11977.5
891	2.75281e-05	-11980.6
892	2.75281e-05	-12408.6
893	2.75281e-05	-10315.7
894	2.75281e-05	-11604.1
895	2.75281e-05	-11841.3
896	2.75281e-05	-11040.3
897	2.75281e-05	-12669.5
898	2.75281e-05	-14422.2
899	2.75281e-05	-15718.2
900	2.75281e-05	-15841.8
901	2.75281e-05	-17448
902	2.75281e-05	-13387.3
903	2.75281e-05	-13516.9
904	2.75281e-05	-15554.5
905	2.75281e-05	-13959
906	2.75281e-05	-12538.1
907	2.75281e-05	-11710.6
908	2.75281e-05	-12053.3
909	2.75281e-05	-12139.8
910	2.75281e-05	-12615.5
911	2.75281e-05	-13783.2
912	2.75281e-05	-13699.9
913	2.75281e-05	-14699.9
914	2.75281e-05	-12335.6
915	2.75281e-05	-11408.7
916	2.75281e-05	-11638.7
917	2.75281e-05	-11708.6
918	2.75281e-05	-10855.5
919	2.75281e-05	-11949.6
920	2.75281e-05	-11779.3
921	2.75281e-05	-11827.4
922	2.75281e-05	-10747.4
923	2.75281e-05	-11393.5
924	2.75281e-05	-11208.4
925	2.75281e-05	-11272.7
926	2.75281e-05	-11764.4
927	2.75281e-05	-13904.2
928	2.75281e-05	-13928.7
929	2.75281e-05	-11533.9
930	2.75281e-05	-12554.6
931	2.75281e-05	-11705
932	2.75281e-05	-11360
933	2.75281e-05	-12696.7
934	2.75281e-05	-14865.4
935	2.75281e-05	-17093.5
936	2.75281e-05	-15642.4
937	2.75281e-05	-14628.9
938	2.75281e-05	-22973.7
939	2.75281e-05	-18949.5
940	2.75281e-05	-15724.3
941	2.75281e-05	-13412.4
942	2.75281e-05	-17121.4
943	2.75281e-05	-17390.9
944	2.75281e-05	-15449.4
945	2.75281e-05	-15172.5
946	2.75281e-05	-13668.8
947	2.75281e-05	-11877.7
948	2.75281e-05	-14970.9
949	2.75281e-05	-13071.4
950	2.75281e-05	-12411.7
951	2.75281e-05	-11886.1
952	2.75281e-05	-13355.3
953	2.75281e-05	-13314.6
954	2.75281e-05	-13741.4
955	2.75281e-05	-12081.7
956	2.75281e-05	-13049.1
957	2.75281e-05	-13084.9
958	2.75281e-05	-12727.6
959	2.75281e-05	-13302.3
960	2.75281e-05	-11049.4
961	2.75281e-05	-12430.9
962	2.75281e-05	-13568.4
963	2.75281e-05	-11305.3
964	2.75281e-05	-12128.7
965	2.75281e-05	-11532.1
966	2.75281e-05	-12052.2
967	2.75281e-05	-11955.2
968	2.75281e-05	-10976.5
969	2.75281e-05	-10730.2
970	2.75281e-05	-11820.2
971	2.75281e-05	-11680.3
972	2.75281e-05	-10740
973	2.75281e-05	-11911.1
974	2.75281e-05	-11725.6
975	2.75281e-05	-13763.8
976	2.75281e-05	-11939.8
977	2.75281e-05	-13972.4
978	2.75281e-05	-11968.3
979	2.75281e-05	-13810.5
980	2.75281e-05	-13017.2
981	2.75281e-05	-20075.2
982	2.75281e-05	-23365.2
983	2.75281e-05	-15037.5
984	2.75281e-05	-13695.2
985	2.75281e-05	-12574
986	2.75281e-05	-13658.8
987	2.75281e-05	-13310.1
988	2.75281e-05	-14005.6
989	2.75281e-05	-13130.6
990	2.75281e-05	-12049.4
991	2.75281e-05	-10382.6
992	2.75281e-05	-10974.6
993	2.75281e-05	-10948.8
994	2.75281e-05	-12505.2
995	2.75281e-05	-11350.5
996	2.75281e-05	-12402.5
997	2.75281e-05	-11648.1
998	2.75281e-05	-12402.9
999	2.75281e-05	-12226.8
1000	2.75281e-05	-13565.6
251	1.10629e-05	-13598.9
252	1.10629e-05	-11149.8
253	1.10629e-05	-12464.5
254	1.10629e-05	-11511.2
255	1.10629e-05	-11009.9
256	1.10629e-05	-13809.4
257	1.10629e-05	-11942
258	1.10629e-05	-14138.7
259	1.10629e-05	-11920.4
260	1.10629e-05	-12517
261	1.10629e-05	-13079.5
262	1.10629e-05	-11867.6
263	1.10629e-05	-13625.8
264	1.10629e-05	-13173
265	1.10629e-05	-11962.4
266	1.10629e-05	-17027.5
267	1.10629e-05	-12864.6
268	1.10629e-05	-13019.6
269	1.10629e-05	-13181
270	1.10629e-05	-13009.5
271	1.10629e-05	-11141.4
272	1.10629e-05	-13716.3
273	1.10629e-05	-14701
274	1.10629e-05	-12927.4
275	1.10629e-05	-12671.3
276	1.10629e-05	-12559.9
277	1.10629e-05	-12221.9
278	1.10629e-05	-12022.9
279	1.10629e-05	-12138.8
280	1.10629e-05	-12069.6
281	1.10629e-05	-14289.1
282	1.10629e-05	-15461.6
283	1.10629e-05	-14954.4
284	1.10629e-05	-15443.1
285	1.10629e-05	-11847
286	1.10629e-05	-12068.3
287	1.10629e-05	-11367.1
288	1.10629e-05	-12483.3
289	1.10629e-05	-11746.1
290	1.10629e-05	-12191.4
291	1.10629e-05	-12317
292	1.10629e-05	-14050.6
293	1.10629e-05	-13061.1
294	1.10629e-05	-11193.4
295	1.10629e-05	-13517.7
296	1.10629e-05	-12923
297	1.10629e-05	-14766.8
298	1.10629e-05	-13815.3
299	1.10629e-05	-11995.2
300	1.10629e-05	-12373.6
301	1.10629e-05	-12507.5
302	1.10629e-05	-12020
303	1.10629e-05	-11965.3
304	1.10629e-05	-14641.4
305	1.10629e-05	-12503.5
306	1.10629e-05	-11811
307	1.10629e-05	-14334.1
308	1.10629e-05	-12929.8
309	1.10629e-05	-16890
310	1.10629e-05	-16751.4
311	1.10629e-05	-14431.2
312	1.10629e-05	-16653.7
313	1.10629e-05	-14130.4
314	1.10629e-05	-14825
315	1.10629e-05	-13457.4
316	1.10629e-05	-13732.3
317	1.10629e-05	-11726.8
318	1.10629e-05	-13014.4
319	1.10629e-05	-12163.8
320	1.10629e-05	-11645.2
321	1.10629e-05	-12146.4
322	1.10629e-05	-11829.9
323	1.10629e-05	-14902.8
324	1.10629e-05	-12980.2
325	1.10629e-05	-13297.8
326	1.10629e-05	-13531
327	1.10629e-05	-10810
328	1.10629e-05	-11448.5
329	1.10629e-05	-10888.9
330	1.10629e-05	-13001
331	1.10629e-05	-12749.9
332	1.10629e-05	-12319.1
333	1.10629e-05	-11928.8
334	1.10629e-05	-13356.7
335	1.10629e-05	-12836.4
336	1.10629e-05	-13173.4
337	1.10629e-05	-11748.3
338	1.10629e-05	-14190.3
339	1.10629e-05	-13097.8
340	1.10629e-05	-17066.1
341	1.10629e-05	-13350.7
342	1.10629e-05	-13158.1
343	1.10629e-05	-11291.8
344	1.10629e-05	-11113.9
345	1.10629e-05	-11731.5
346	1.10629e-05	-11586.4
347	1.10629e-05	-11270.7
348	1.10629e-05	-11762
349	1.10629e-05	-13169.3
350	1.10629e-05	-13159.1
351	1.10629e-05	-13231.7
352	1.10629e-05	-12804.3
353	1.10629e-05	-11719.9
354	1.10629e-05	-11339.2
355	1.10629e-05	-13717.3
356	1.10629e-05	-12622.5
357	1.10629e-05	-13615.9
358	1.10629e-05	-11543.1
359	1.10629e-05	-19307.6
360	1.10629e-05	-14646.5
361	1.10629e-05	-15226.7
362	1.10629e-05	-15456.5
363	1.10629e-05	-13805
364	1.10629e-05	-13132.9
365	1.10629e-05	-10907.1
366	1.10629e-05	-10905.3
367	1.10629e-05	-11266.3
368	1.10629e-05	-11596
369	1.10629e-05	-12928.4
370	1.10629e-05	-12573.2
371	1.10629e-05	-13557.4
372	1.10629e-05	-12466.6
373	1.10629e-05	-11133.1
374	1.10629e-05	-11105.9
375	1.10629e-05	-12735.3
376	1.10629e-05	-13141.6
377	1.10629e-05	-12678.8
378	1.10629e-05	-13271.2
379	1.10629e-05	-13615.7
380	1.10629e-05	-11314.8
381	1.10629e-05	-12539.2
382	1.10629e-05	-11757.4
383	1.10629e-05	-13982
384	1.10629e-05	-12286
385	1.10629e-05	-12387.1
386	1.10629e-05	-11797.1
387	1.10629e-05	-13400.2
388	1.10629e-05	-12574
389	1.10629e-05	-12364.7
390	1.10629e-05	-13379.2
391	1.10629e-05	-12556.7
392	1.10629e-05	-12867.5
393	1.10629e-05	-12337.3
394	1.10629e-05	-14163.6
395	1.10629e-05	-12582.2
396	1.10629e-05	-12802.7
397	1.10629e-05	-12394.7
398	1.10629e-05	-12756.3
399	1.10629e-05	-13224.6
400	1.10629e-05	-13265.6
401	1.10629e-05	-12527.2
402	1.10629e-05	-13619.9
403	1.10629e-05	-12866.5
404	1.10629e-05	-13457.2
405	1.10629e-05	-14806
406	1.10629e-05	-19449.8
407	1.10629e-05	-18281.3
408	1.10629e-05	-18195.4
409	1.10629e-05	-12320.2
410	1.10629e-05	-13526.7
411	1.10629e-05	-16376.9
412	1.10629e-05	-13697.5
413	1.10629e-05	-14217.4
414	1.10629e-05	-13351.7
415	1.10629e-05	-14279
416	1.10629e-05	-12332.8
417	1.10629e-05	-14793.4
418	1.10629e-05	-13850
419	1.10629e-05	-14106.9
420	1.10629e-05	-13352.3
421	1.10629e-05	-13118.4
422	1.10629e-05	-16927.2
423	1.10629e-05	-17177.4
424	1.10629e-05	-12839.1
425	1.10629e-05	-11942.9
426	1.10629e-05	-12417.7
427	1.10629e-05	-11902.5
428	1.10629e-05	-14134.6
429	1.10629e-05	-12472.9
430	1.10629e-05	-12699.7
431	1.10629e-05	-13567.2
432	1.10629e-05	-10663.2
433	1.10629e-05	-12389.2
434	1.10629e-05	-11742
435	1.10629e-05	-13721.7
436	1.10629e-05	-11464.9
437	1.10629e-05	-12814.5
438	1.10629e-05	-11596
439	1.10629e-05	-12861.8
440	1.10629e-05	-12633.1
441	1.10629e-05	-13602.2
442	1.10629e-05	-11697.6
443	1.10629e-05	-12349.8
444	1.10629e-05	-12180.2
445	1.10629e-05	-13055.3
446	1.10629e-05	-13264.4
447	1.10629e-05	-11781.7
448	1.10629e-05	-13951.2
449	1.10629e-05	-14596
450	1.10629e-05	-14269.9
451	1.10629e-05	-13755.3
452	1.10629e-05	-12719.3
453	1.10629e-05	-12801.5
454	1.10629e-05	-11102.1
455	1.10629e-05	-11073.8
456	1.10629e-05	-11968.3
457	1.10629e-05	-13020.3
458	1.10629e-05	-13681.1
459	1.10629e-05	-15476.6
460	1.10629e-05	-14742.7
461	1.10629e-05	-14500.3
462	1.10629e-05	-14194.8
463	1.10629e-05	-11868.3
464	1.10629e-05	-11765.3
465	1.10629e-05	-11624.4
466	1.10629e-05	-15471.6
467	1.10629e-05	-16422.7
468	1.10629e-05	-16810.1
469	1.10629e-05	-14537.2
470	1.10629e-05	-12099.1
471	1.10629e-05	-14399.7
472	1.10629e-05	-11904.2
473	1.10629e-05	-12975.2
474	1.10629e-05	-12278
475	1.10629e-05	-12818.9
476	1.10629e-05	-12118.5
477	1.10629e-05	-13478
478	1.10629e-05	-11023.5
479	1.10629e-05	-11886
480	1.10629e-05	-13145.2
481	1.10629e-05	-12356.5
482	1.10629e-05	-14449.8
483	1.10629e-05	-14796
484	1.10629e-05	-11523.8
485	1.10629e-05	-11180.6
486	1.10629e-05	-11514.1
487	1.10629e-05	-14721
488	1.10629e-05	-12292.9
489	1.10629e-05	-12010.4
490	1.10629e-05	-14659.7
491	1.10629e-05	-12926.1
492	1.10629e-05	-12063.3
493	1.10629e-05	-11683.3
494	1.10629e-05	-11321.2
495	1.10629e-05	-11376
496	1.10629e-05	-13354.7
497	1.10629e-05	-12270.9
498	1.10629e-05	-14982.7
499	1.10629e-05	-15524.6
500	1.10629e-05	-14900.7
501	1.10629e-05	-15380
502	1.10629e-05	-16367.5
503	1.10629e-05	-16369.4
504	1.10629e-05	-14559.7
505	1.10629e-05	-11496.6
506	1.10629e-05	-10344
507	1.10629e-05	-11015.6
508	1.10629e-05	-12381.7
509	1.10629e-05	-14295.1
510	1.10629e-05	-14363.4
511	1.10629e-05	-13789.9
512	1.10629e-05	-13418.8
513	1.10629e-05	-13061.2
514	1.10629e-05	-18412.1
515	1.10629e-05	-22708.1
516	1.10629e-05	-13397
517	1.10629e-05	-14935.8
518	1.10629e-05	-13002.8
519	1.10629e-05	-14274.6
520	1.10629e-05	-15356.5
521	1.10629e-05	-14057.8
522	1.10629e-05	-13547.3
523	1.10629e-05	-12724.4
524	1.10629e-05	-12519.4
525	1.10629e-05	-11755.2
526	1.10629e-05	-12604.7
527	1.10629e-05	-13344.8
528	1.10629e-05	-14228.2
529	1.10629e-05	-10858.7
530	1.10629e-05	-11291.5
531	1.10629e-05	-10863
532	1.10629e-05	-11072.1
533	1.10629e-05	-11791.9
534	1.10629e-05	-11123.2
535	1.10629e-05	-12074.2
536	1.10629e-05	-10762.6
537	1.10629e-05	-10680.1
538	1.10629e-05	-12765.4
539	1.10629e-05	-11602.9
540	1.10629e-05	-12573.3
541	1.10629e-05	-11865.2
542	1.10629e-05	-11651.7
543	1.10629e-05	-11410.5
544	1.10629e-05	-11574.2
545	1.10629e-05	-15961
546	1.10629e-05	-11260.1
547	1.10629e-05	-10823.3
548	1.10629e-05	-12776.7
549	1.10629e-05	-15143.1
550	1.10629e-05	-12261.2
551	1.10629e-05	-10635.7
552	1.10629e-05	-11145.3
553	1.10629e-05	-18166.2
554	1.10629e-05	-12447.1
555	1.10629e-05	-11689.2
556	1.10629e-05	-14863.5
557	1.10629e-05	-13380.3
558	1.10629e-05	-12243.6
559	1.10629e-05	-14373
560	1.10629e-05	-14921
561	1.10629e-05	-14068.3
562	1.10629e-05	-13941.8
563	1.10629e-05	-13623.4
564	1.10629e-05	-14399.9
565	1.10629e-05	-15904.4
566	1.10629e-05	-12302.7
567	1.10629e-05	-11777.9
568	1.10629e-05	-11242.4
569	1.10629e-05	-12176.9
570	1.10629e-05	-13537.9
571	1.10629e-05	-11803.9
572	1.10629e-05	-13250.4
573	1.10629e-05	-15173
574	1.10629e-05	-14686.4
575	1.10629e-05	-14982.1
576	1.10629e-05	-13511.7
577	1.10629e-05	-11932.5
578	1.10629e-05	-11560.4
579	1.10629e-05	-12543.7
580	1.10629e-05	-13058.2
581	1.10629e-05	-12890.5
582	1.10629e-05	-13330.5
583	1.10629e-05	-11599.6
584	1.10629e-05	-12755.8
585	1.10629e-05	-11331.9
586	1.10629e-05	-12787.1
587	1.10629e-05	-13911.1
588	1.10629e-05	-14202.6
589	1.10629e-05	-13539.4
590	1.10629e-05	-12335.8
591	1.10629e-05	-12621.1
592	1.10629e-05	-11895.2
593	1.10629e-05	-11506.2
594	1.10629e-05	-11197.1
595	1.10629e-05	-11981.8
596	1.10629e-05	-15833.7
597	1.10629e-05	-17754.1
598	1.10629e-05	-12993.7
599	1.10629e-05	-18282.9
600	1.10629e-05	-14676
601	1.10629e-05	-12726.2
602	1.10629e-05	-14927
603	1.10629e-05	-11788.5
604	1.10629e-05	-11601.1
605	1.10629e-05	-14406
606	1.10629e-05	-11451.8
607	1.10629e-05	-12187.8
608	1.10629e-05	-11232.1
609	1.10629e-05	-11259
610	1.10629e-05	-14921.8
611	1.10629e-05	-13241.1
612	1.10629e-05	-14972.7
613	1.10629e-05	-11234.4
614	1.10629e-05	-11723.2
615	1.10629e-05	-11554.6
616	1.10629e-05	-10744.2
617	1.10629e-05	-18193.9
618	1.10629e-05	-13860.2
619	1.10629e-05	-14511.3
620	1.10629e-05	-13241.6
621	1.10629e-05	-12231
622	1.10629e-05	-11008.8
623	1.10629e-05	-11189.4
624	1.10629e-05	-10862.5
625	1.10629e-05	-10835.9
626	1.10629e-05	-10580.6
627	1.10629e-05	-13368.5
628	1.10629e-05	-16972.4
629	1.10629e-05	-12662.8
630	1.10629e-05	-10640.3
631	1.10629e-05	-10483
632	1.10629e-05	-12336.9
633	1.10629e-05	-12245.2
634	1.10629e-05	-11048.2
635	1.10629e-05	-13099.3
636	1.10629e-05	-13284.8
637	1.10629e-05	-12962.9
638	1.10629e-05	-14533
639	1.10629e-05	-15885.3
640	1.10629e-05	-14038.5
641	1.10629e-05	-15030.4
642	1.10629e-05	-14553.6
643	1.10629e-05	-14300
644	1.10629e-05	-12581
645	1.10629e-05	-13669.5
646	1.10629e-05	-15056.8
647	1.10629e-05	-15512.6
648	1.10629e-05	-12129.9
649	1.10629e-05	-11735.3
650	1.10629e-05	-10500.8
651	1.10629e-05	-11371.8
652	1.10629e-05	-12480.3
653	1.10629e-05	-12566.7
654	1.10629e-05	-12669.3
655	1.10629e-05	-14867.9
656	1.10629e-05	-12024.3
657	1.10629e-05	-11235.8
658	1.10629e-05	-13239.8
659	1.10629e-05	-13197.7
660	1.10629e-05	-11779.6
661	1.10629e-05	-12017.8
662	1.10629e-05	-13474
663	1.10629e-05	-12450.2
664	1.10629e-05	-11530.2
665	1.10629e-05	-11551.3
666	1.10629e-05	-13250.4
667	1.10629e-05	-12390.3
668	1.10629e-05	-12719.6
669	1.10629e-05	-11880.4
670	1.10629e-05	-11483.1
671	1.10629e-05	-11873.3
672	1.10629e-05	-12159.3
673	1.10629e-05	-11357.6
674	1.10629e-05	-11431.3
675	1.10629e-05	-11440.7
676	1.10629e-05	-11589.6
677	1.10629e-05	-10369.1
678	1.10629e-05	-12553
679	1.10629e-05	-13182.9
680	1.10629e-05	-13435
681	1.10629e-05	-11905
682	1.10629e-05	-10885.8
683	1.10629e-05	-10959.1
684	1.10629e-05	-11763.4
685	1.10629e-05	-14149.8
686	1.10629e-05	-10847.8
687	1.10629e-05	-12523.4
688	1.10629e-05	-12425.8
689	1.10629e-05	-11594.3
690	1.10629e-05	-12618.2
691	1.10629e-05	-12712.6
692	1.10629e-05	-12812.2
693	1.10629e-05	-11086.3
694	1.10629e-05	-10830.4
695	1.10629e-05	-13474.6
696	1.10629e-05	-14194.6
697	1.10629e-05	-14939.7
698	1.10629e-05	-16828.5
699	1.10629e-05	-16582.1
700	1.10629e-05	-17125.4
701	1.10629e-05	-15216
702	1.10629e-05	-13275.8
703	1.10629e-05	-14285.8
704	1.10629e-05	-14528.6
705	1.10629e-05	-12927.5
706	1.10629e-05	-13416.4
707	1.10629e-05	-13293.5
708	1.10629e-05	-13828.9
709	1.10629e-05	-13237.8
710	1.10629e-05	-14126.1
711	1.10629e-05	-13942.4
712	1.10629e-05	-12921
713	1.10629e-05	-14310.8
714	1.10629e-05	-15122.8
715	1.10629e-05	-11702.8
716	1.10629e-05	-10458
717	1.10629e-05	-14602.7
718	1.10629e-05	-14289.7
719	1.10629e-05	-11292.4
720	1.10629e-05	-10795
721	1.10629e-05	-12494.4
722	1.10629e-05	-11814
723	1.10629e-05	-12735.9
724	1.10629e-05	-14110.6
725	1.10629e-05	-12639.4
726	1.10629e-05	-11557.2
727	1.10629e-05	-10658.6
728	1.10629e-05	-11964.2
729	1.10629e-05	-12678.1
730	1.10629e-05	-10849
731	1.10629e-05	-12420
732	1.10629e-05	-13596.7
733	1.10629e-05	-12008.2
734	1.10629e-05	-10958.3
735	1.10629e-05	-15585.9
736	1.10629e-05	-15441.9
737	1.10629e-05	-14719.3
738	1.10629e-05	-14219.2
739	1.10629e-05	-13389
740	1.10629e-05	-13122.6
741	1.10629e-05	-12827.7
742	1.10629e-05	-14429.5
743	1.10629e-05	-15871
744	1.10629e-05	-12530.7
745	1.10629e-05	-11647.9
746	1.10629e-05	-13677.4
747	1.10629e-05	-16999.5
748	1.10629e-05	-14909.2
749	1.10629e-05	-13080.4
750	1.10629e-05	-11732.7
751	1.10629e-05	-11426.6
752	1.10629e-05	-11037.4
753	1.10629e-05	-10537.4
754	1.10629e-05	-11439.8
755	1.10629e-05	-12005.5
756	1.10629e-05	-11568.2
757	1.10629e-05	-14453.7
758	1.10629e-05	-11904.8
759	1.10629e-05	-13818.1
760	1.10629e-05	-11502.8
761	1.10629e-05	-10859.1
762	1.10629e-05	-12067.8
763	1.10629e-05	-12738.2
764	1.10629e-05	-15806.1
765	1.10629e-05	-15211.9
766	1.10629e-05	-14987.6
767	1.10629e-05	-12760.6
768	1.10629e-05	-14681.6
769	1.10629e-05	-11863
770	1.10629e-05	-11557.4
771	1.10629e-05	-11031.6
772	1.10629e-05	-13354.4
773	1.10629e-05	-10464.7
774	1.10629e-05	-10492.9
775	1.10629e-05	-11427.4
776	1.10629e-05	-12053
777	1.10629e-05	-12005.2
778	1.10629e-05	-13531.3
779	1.10629e-05	-11514.9
780	1.10629e-05	-11803.2
781	1.10629e-05	-12628.2
782	1.10629e-05	-11981.9
783	1.10629e-05	-12492.3
784	1.10629e-05	-14866.5
785	1.10629e-05	-13559.5
786	1.10629e-05	-13571.4
787	1.10629e-05	-16879.7
788	1.10629e-05	-14701.7
789	1.10629e-05	-19005.1
790	1.10629e-05	-19252.6
791	1.10629e-05	-14920.1
792	1.10629e-05	-14574.6
793	1.10629e-05	-13506.6
794	1.10629e-05	-11930.8
795	1.10629e-05	-11988.6
796	1.10629e-05	-13216.9
797	1.10629e-05	-11944
798	1.10629e-05	-12026.7
799	1.10629e-05	-11616.5
800	1.10629e-05	-12378.5
801	1.10629e-05	-13773.5
802	1.10629e-05	-16707.5
803	1.10629e-05	-17708
804	1.10629e-05	-13055.1
805	1.10629e-05	-13315.5
806	1.10629e-05	-15497.6
807	1.10629e-05	-15369.6
808	1.10629e-05	-12797
809	1.10629e-05	-11961.3
810	1.10629e-05	-12458.2
811	1.10629e-05	-13893.8
812	1.10629e-05	-13856.2
813	1.10629e-05	-13061.1
814	1.10629e-05	-13623.9
815	1.10629e-05	-11739.6
816	1.10629e-05	-12481.8
817	1.10629e-05	-12081.7
818	1.10629e-05	-12957
819	1.10629e-05	-12109.5
820	1.10629e-05	-11562.9
821	1.10629e-05	-12770.3
822	1.10629e-05	-13725.2
823	1.10629e-05	-12863.5
824	1.10629e-05	-14867.3
825	1.10629e-05	-11783.6
826	1.10629e-05	-14731
827	1.10629e-05	-11647.4
828	1.10629e-05	-12140
829	1.10629e-05	-11461.7
830	1.10629e-05	-12778.2
831	1.10629e-05	-14713.8
832	1.10629e-05	-14614.1
833	1.10629e-05	-13093.8
834	1.10629e-05	-12947.1
835	1.10629e-05	-15486
836	1.10629e-05	-14750.1
837	1.10629e-05	-11447.5
838	1.10629e-05	-13777.1
839	1.10629e-05	-11833.4
840	1.10629e-05	-13555.8
841	1.10629e-05	-11623.2
842	1.10629e-05	-11318.5
843	1.10629e-05	-11556.5
844	1.10629e-05	-10865.5
845	1.10629e-05	-10240.3
846	1.10629e-05	-11219
847	1.10629e-05	-12820
848	1.10629e-05	-12445.9
849	1.10629e-05	-12772.9
850	1.10629e-05	-14801.6
851	1.10629e-05	-15495.2
852	1.10629e-05	-15288.7
853	1.10629e-05	-14353.5
854	1.10629e-05	-12199.1
855	1.10629e-05	-11966.2
856	1.10629e-05	-11185.4
857	1.10629e-05	-11953
858	1.10629e-05	-11475
859	1.10629e-05	-12852.5
860	1.10629e-05	-13748.2
861	1.10629e-05	-11924.7
862	1.10629e-05	-13376.7
863	1.10629e-05	-12612.3
864	1.10629e-05	-12201.9
865	1.10629e-05	-12659
866	1.10629e-05	-12080.5
867	1.10629e-05	-12210.5
868	1.10629e-05	-11568
869	1.10629e-05	-12876.4
870	1.10629e-05	-14087
871	1.10629e-05	-13349.2
872	1.10629e-05	-15827.2
873	1.10629e-05	-13774.5
874	1.10629e-05	-15258.3
875	1.10629e-05	-13771.3
876	1.10629e-05	-15278.2
877	1.10629e-05	-12512.9
878	1.10629e-05	-15614.6
879	1.10629e-05	-14285.8
880	1.10629e-05	-13373.7
881	1.10629e-05	-12458.8
882	1.10629e-05	-12601.5
883	1.10629e-05	-11547.2
884	1.10629e-05	-12903
885	1.10629e-05	-11974.5
886	1.10629e-05	-11334.6
887	1.10629e-05	-10842.5
888	1.10629e-05	-13325.5
889	1.10629e-05	-11786.4
890	1.10629e-05	-13893.7
891	1.10629e-05	-13267.8
892	1.10629e-05	-13089.1
893	1.10629e-05	-15210.2
894	1.10629e-05	-14929.4
895	1.10629e-05	-15051.1
896	1.10629e-05	-18187.2
897	1.10629e-05	-11112.7
898	1.10629e-05	-12208
899	1.10629e-05	-13449.2
900	1.10629e-05	-13633.9
901	1.10629e-05	-13231.7
902	1.10629e-05	-12370.1
903	1.10629e-05	-12209
904	1.10629e-05	-16070.7
905	1.10629e-05	-11930.8
906	1.10629e-05	-13901.4
907	1.10629e-05	-14291.8
908	1.10629e-05	-14107.5
909	1.10629e-05	-15439.7
910	1.10629e-05	-16335.1
911	1.10629e-05	-14667.2
912	1.10629e-05	-11795.6
913	1.10629e-05	-15881.5
914	1.10629e-05	-17016.1
915	1.10629e-05	-14984.5
916	1.10629e-05	-14227.9
917	1.10629e-05	-14603.7
918	1.10629e-05	-13976.7
919	1.10629e-05	-18065.9
920	1.10629e-05	-15856
921	1.10629e-05	-13587.4
922	1.10629e-05	-12020.1
923	1.10629e-05	-11078.8
924	1.10629e-05	-11487.2
925	1.10629e-05	-12553.7
926	1.10629e-05	-13273.5
927	1.10629e-05	-12358.1
928	1.10629e-05	-14351.9
929	1.10629e-05	-19058.4
930	1.10629e-05	-12663.2
931	1.10629e-05	-12865.1
932	1.10629e-05	-12484.7
933	1.10629e-05	-12499.8
934	1.10629e-05	-13539.8
935	1.10629e-05	-13841.5
936	1.10629e-05	-11219.4
937	1.10629e-05	-13998.4
938	1.10629e-05	-11872.5
939	1.10629e-05	-11906.8
940	1.10629e-05	-13131.5
941	1.10629e-05	-12852.7
942	1.10629e-05	-13222
943	1.10629e-05	-13294.7
944	1.10629e-05	-13765.6
945	1.10629e-05	-13116
946	1.10629e-05	-14783.9
947	1.10629e-05	-14123.3
948	1.10629e-05	-15779.5
949	1.10629e-05	-14767
950	1.10629e-05	-14555
951	1.10629e-05	-13345.6
952	1.10629e-05	-11535.9
953	1.10629e-05	-10864.3
954	1.10629e-05	-12131.7
955	1.10629e-05	-15846.5
956	1.10629e-05	-14954.4
957	1.10629e-05	-17542.8
958	1.10629e-05	-14665.3
959	1.10629e-05	-17001.8
960	1.10629e-05	-15743.2
961	1.10629e-05	-15177.3
962	1.10629e-05	-13558.8
963	1.10629e-05	-15340.4
964	1.10629e-05	-16585.4
965	1.10629e-05	-16567.4
966	1.10629e-05	-15625.1
967	1.10629e-05	-15163
968	1.10629e-05	-12116
969	1.10629e-05	-13190.2
970	1.10629e-05	-12454.4
971	1.10629e-05	-12176.5
972	1.10629e-05	-11369.2
973	1.10629e-05	-17310.5
974	1.10629e-05	-12580
975	1.10629e-05	-12444.8
976	1.10629e-05	-17095.4
977	1.10629e-05	-14456.3
978	1.10629e-05	-14397.6
979	1.10629e-05	-13148.5
980	1.10629e-05	-12636.3
981	1.10629e-05	-14939.2
982	1.10629e-05	-13903.6
983	1.10629e-05	-14451.6
984	1.10629e-05	-13565.5
985	1.10629e-05	-12833.8
986	1.10629e-05	-11369.1
987	1.10629e-05	-10566.9
988	1.10629e-05	-11802
989	1.10629e-05	-10161.5
990	1.10629e-05	-11852.2
991	1.10629e-05	-11941.3
992	1.10629e-05	-11614.5
993	1.10629e-05	-12770.8
994	1.10629e-05	-15086.8
995	1.10629e-05	-15974.6
996	1.10629e-05	-15657.4
997	1.10629e-05	-13490.1
998	1.10629e-05	-11742.2
999	1.10629e-05	-11180.1
1000	1.10629e-05	-12369.5
251	3.6251e-06	-14213.7
252	3.6251e-06	-13642.9
253	3.6251e-06	-12940
254	3.6251e-06	-12561.9
255	3.6251e-06	-10837.9
256	3.6251e-06	-12279.7
257	3.6251e-06	-12754.9
258	3.6251e-06	-13248.1
259	3.6251e-06	-13947.4
260	3.6251e-06	-13934.2
261	3.6251e-06	-12090.4
262	3.6251e-06	-12215.6
263	3.6251e-06	-12343
264	3.6251e-06	-12636.6
265	3.6251e-06	-12790.9
266	3.6251e-06	-16633.7
267	3.6251e-06	-14760.6
268	3.6251e-06	-17270.2
269	3.6251e-06	-13211.3
270	3.6251e-06	-19710.4
271	3.6251e-06	-14034.9
272	3.6251e-06	-13986
273	3.6251e-06	-14715.6
274	3.6251e-06	-16593.3
275	3.6251e-06	-19024.9
276	3.6251e-06	-12211.9
277	3.6251e-06	-13563.5
278	3.6251e-06	-13946.9
279	3.6251e-06	-15208.6
280	3.6251e-06	-12308.9
281	3.6251e-06	-11419.8
282	3.6251e-06	-12109.1
283	3.6251e-06	-11209.2
284	3.6251e-06	-11634.1
285	3.6251e-06	-11790.7
286	3.6251e-06	-11653.9
287	3.6251e-06	-12613.1
288	3.6251e-06	-12081.3
289	3.6251e-06	-13526.3
290	3.6251e-06	-15891.6
291	3.6251e-06	-15112.9
292	3.6251e-06	-14922.3
293	3.6251e-06	-11728.1
294	3.6251e-06	-11057.6
295	3.6251e-06	-13144
296	3.6251e-06	-13954.3
297	3.6251e-06	-13164.1
298	3.6251e-06	-11247.1
299	3.6251e-06	-13447.2
300	3.6251e-06	-14976.9
301	3.6251e-06	-13661
302	3.6251e-06	-11794.9
303	3.6251e-06	-10543.1
304	3.6251e-06	-12820.3
305	3.6251e-06	-13001.1
306	3.6251e-06	-11862.1
307	3.6251e-06	-11386.9
308	3.6251e-06	-11387.6
309	3.6251e-06	-11287.1
310	3.6251e-06	-11868.3
311	3.6251e-06	-13684.5
312	3.6251e-06	-12659.2
313	3.6251e-06	-12931.9
314	3.6251e-06	-11812.9
315	3.6251e-06	-11164.2
316	3.6251e-06	-12115.5
317	3.6251e-06	-10667.3
318	3.6251e-06	-12091.9
319	3.6251e-06	-11582.1
320	3.6251e-06	-11025
321	3.6251e-06	-13933.9
322	3.6251e-06	-10773.4
323	3.6251e-06	-12706.4
324	3.6251e-06	-15702.8
325	3.6251e-06	-11157.8
326	3.6251e-06	-12838.3
327	3.6251e-06	-13348.5
328	3.6251e-06	-12803.1
329	3.6251e-06	-13619.9
330	3.6251e-06	-12059.4
331	3.6251e-06	-11983.2
332	3.6251e-06	-12280.4
333	3.6251e-06	-14133.7
334	3.6251e-06	-13287.2
335	3.6251e-06	-12910.9
336	3.6251e-06	-12869
337	3.6251e-06	-13305.4
338	3.6251e-06	-11590.1
339	3.6251e-06	-12320.5
340	3.6251e-06	-12365.4
341	3.6251e-06	-13210
342	3.6251e-06	-15071
343	3.6251e-06	-13334.9
344	3.6251e-06	-12402.5
345	3.6251e-06	-13330.2
346	3.6251e-06	-13412
347	3.6251e-06	-14106
348	3.6251e-06	-11542.5
349	3.6251e-06	-12579.1
350	3.6251e-06	-13715.8
351	3.6251e-06	-11840.3
352	3.6251e-06	-11569.5
353	3.6251e-06	-10274.9
354	3.6251e-06	-13200.2
355	3.6251e-06	-12467.7
356	3.6251e-06	-14995.9
357	3.6251e-06	-13005.6
358	3.6251e-06	-13263.3
359	3.6251e-06	-15736.3
360	3.6251e-06	-14235
361	3.6251e-06	-12647.6
362	3.6251e-06	-14654.2
363	3.6251e-06	-13954.8
364	3.6251e-06	-12831.9
365	3.6251e-06	-12475.1
366	3.6251e-06	-11957.1
367	3.6251e-06	-13367.6
368	3.6251e-06	-12091.5
369	3.6251e-06	-11970.1
370	3.6251e-06	-15115.2
371	3.6251e-06	-12798.9
372	3.6251e-06	-12546.9
373	3.6251e-06	-12571.3
374	3.6251e-06	-12066.8
375	3.6251e-06	-12205.1
376	3.6251e-06	-16258.5
377	3.6251e-06	-15045.3
378	3.6251e-06	-14404.2
379	3.6251e-06	-12093.8
380	3.6251e-06	-12447.9
381	3.6251e-06	-12550.8
382	3.6251e-06	-12567.6
383	3.6251e-06	-12416.7
384	3.6251e-06	-12621.8
385	3.6251e-06	-15128.7
386	3.6251e-06	-12376.4
387	3.6251e-06	-11959.4
388	3.6251e-06	-11410.6
389	3.6251e-06	-10870.2
390	3.6251e-06	-11613.9
391	3.6251e-06	-11987.4
392	3.6251e-06	-13398.3
393	3.6251e-06	-12379.1
394	3.6251e-06	-11520.1
395	3.6251e-06	-12635.8
396	3.6251e-06	-13797.2
397	3.6251e-06	-12594.6
398	3.6251e-06	-12425.5
399	3.6251e-06	-12152.8
400	3.6251e-06	-12117.9
401	3.6251e-06	-11410.6
402	3.6251e-06	-16988.2
403	3.6251e-06	-15417.4
404	3.6251e-06	-13318.8
405	3.6251e-06	-11513.9
406	3.6251e-06	-11481
407	3.6251e-06	-11765.8
408	3.6251e-06	-12636.1
409	3.6251e-06	-12885.5
410	3.6251e-06	-13507
411	3.6251e-06	-11924.4
412	3.6251e-06	-15099
413	3.6251e-06	-14100.6
414	3.6251e-06	-14920.4
415	3.6251e-06	-12180
416	3.6251e-06	-11259
417	3.6251e-06	-11868.7
418	3.6251e-06	-11960.6
419	3.6251e-06	-10847.6
420	3.6251e-06	-11705.9
421	3.6251e-06	-11377.9
422	3.6251e-06	-12448.8
423	3.6251e-06	-12104.5
424	3.6251e-06	-16160.3
425	3.6251e-06	-13013.1
426	3.6251e-06	-12764.9
427	3.6251e-06	-14166.2
428	3.6251e-06	-10845.2
429	3.6251e-06	-12459.5
430	3.6251e-06	-12572.6
431	3.6251e-06	-12918
432	3.6251e-06	-13354.1
433	3.6251e-06	-17328.8
434	3.6251e-06	-17299.2
435	3.6251e-06	-12537.6
436	3.6251e-06	-15181.6
437	3.6251e-06	-15967.7
438	3.6251e-06	-12642.5
439	3.6251e-06	-13335
440	3.6251e-06	-17657.6
441	3.6251e-06	-14793.2
442	3.6251e-06	-16569.9
443	3.6251e-06	-16889.3
444	3.6251e-06	-19641
445	3.6251e-06	-15083.4
446	3.6251e-06	-16332.3
447	3.6251e-06	-13045.2
448	3.6251e-06	-11115.1
449	3.6251e-06	-11532.9
450	3.6251e-06	-12561.8
451	3.6251e-06	-12032.4
452	3.6251e-06	-13265.6
453	3.6251e-06	-13049.4
454	3.6251e-06	-12567
455	3.6251e-06	-11192.6
456	3.6251e-06	-12777.1
457	3.6251e-06	-15419.4
458	3.6251e-06	-13468.4
459	3.6251e-06	-14335.7
460	3.6251e-06	-13820.2
461	3.6251e-06	-11302.3
462	3.6251e-06	-13460.8
463	3.6251e-06	-14379.7
464	3.6251e-06	-12948
465	3.6251e-06	-15736
466	3.6251e-06	-13658.9
467	3.6251e-06	-13310.9
468	3.6251e-06	-11403
469	3.6251e-06	-12375.4
470	3.6251e-06	-11603.6
471	3.6251e-06	-11372.5
472	3.6251e-06	-13621.3
473	3.6251e-06	-13318.9
474	3.6251e-06	-12242.3
475	3.6251e-06	-11894.1
476	3.6251e-06	-12201.2
477	3.6251e-06	-13592.8
478	3.6251e-06	-11848.2
479	3.6251e-06	-11664.7
480	3.6251e-06	-15168.1
481	3.6251e-06	-14616.6
482	3.6251e-06	-13739
483	3.6251e-06	-14757.6
484	3.6251e-06	-11827.9
485	3.6251e-06	-13531.8
486	3.6251e-06	-13234.8
487	3.6251e-06	-11716.6
488	3.6251e-06	-13531.5
489	3.6251e-06	-12965.4
490	3.6251e-06	-13838.7
491	3.6251e-06	-17660.9
492	3.6251e-06	-15134.2
493	3.6251e-06	-15527.8
494	3.6251e-06	-14417.4
495	3.6251e-06	-11603.8
496	3.6251e-06	-11491.4
497	3.6251e-06	-10591.7
498	3.6251e-06	-10562.4
499	3.6251e-06	-10768.6
500	3.6251e-06	-11551.6
501	3.6251e-06	-11128.5
502	3.6251e-06	-11213.8
503	3.6251e-06	-11424.9
504	3.6251e-06	-12136.2
505	3.6251e-06	-10873.4
506	3.6251e-06	-13080.1
507	3.6251e-06	-13686.4
508	3.6251e-06	-11955.7
509	3.6251e-06	-11775.9
510	3.6251e-06	-13208.5
511	3.6251e-06	-13187.1
512	3.6251e-06	-13702.4
513	3.6251e-06	-11648
514	3.6251e-06	-12772.7
515	3.6251e-06	-15438.5
516	3.6251e-06	-13882.1
517	3.6251e-06	-12651.4
518	3.6251e-06	-14452.7
519	3.6251e-06	-16819.1
520	3.6251e-06	-12660.8
521	3.6251e-06	-13799.5
522	3.6251e-06	-12590.8
523	3.6251e-06	-11326.5
524	3.6251e-06	-11577.4
525	3.6251e-06	-11833.4
526	3.6251e-06	-12563.5
527	3.6251e-06	-10741.3
528	3.6251e-06	-12120.4
529	3.6251e-06	-11301.1
530	3.6251e-06	-11453.4
531	3.6251e-06	-11190.4
532	3.6251e-06	-12507.6
533	3.6251e-06	-12416.6
534	3.6251e-06	-12230.1
535	3.6251e-06	-13206.6
536	3.6251e-06	-13366.5
537	3.6251e-06	-14353.1
538	3.6251e-06	-14056.3
539	3.6251e-06	-13565.4
540	3.6251e-06	-10931.2
541	3.6251e-06	-13109
542	3.6251e-06	-12131
543	3.6251e-06	-12570.8
544	3.6251e-06	-14998.8
545	3.6251e-06	-13203
546	3.6251e-06	-11340.4
547	3.6251e-06	-11559.8
548	3.6251e-06	-12298.6
549	3.6251e-06	-12833.8
550	3.6251e-06	-13229.2
551	3.6251e-06	-12863.7
552	3.6251e-06	-13931
553	3.6251e-06	-17149.2
554	3.6251e-06	-12676.9
555	3.6251e-06	-13899.8
556	3.6251e-06	-13481.9
557	3.6251e-06	-13910
558	3.6251e-06	-17645.2
559	3.6251e-06	-16296.9
560	3.6251e-06	-18310.2
561	3.6251e-06	-14659.1
562	3.6251e-06	-12336.5
563	3.6251e-06	-12024.7
564	3.6251e-06	-11850.2
565	3.6251e-06	-12628.1
566	3.6251e-06	-11702.8
567	3.6251e-06	-11519.2
568	3.6251e-06	-11213.5
569	3.6251e-06	-12470.2
570	3.6251e-06	-11816.4
571	3.6251e-06	-13253
572	3.6251e-06	-14720.6
573	3.6251e-06	-16007.3
574	3.6251e-06	-11599.1
575	3.6251e-06	-13303
576	3.6251e-06	-10874.2
577	3.6251e-06	-10753
578	3.6251e-06	-12078.3
579	3.6251e-06	-14019.7
580	3.6251e-06	-11587.1
581	3.6251e-06	-13863.7
582	3.6251e-06	-12669.9
583	3.6251e-06	-16012
584	3.6251e-06	-13890.9
585	3.6251e-06	-13094.4
586	3.6251e-06	-10894.1
587	3.6251e-06	-12852.9
588	3.6251e-06	-13597
589	3.6251e-06	-12750.1
590	3.6251e-06	-13660.8
591	3.6251e-06	-12288.2
592	3.6251e-06	-11548.8
593	3.6251e-06	-11685.2
594	3.6251e-06	-11644.7
595	3.6251e-06	-13681.3
596	3.6251e-06	-15449
597	3.6251e-06	-19968.5
598	3.6251e-06	-13937.8
599	3.6251e-06	-12459.2
600	3.6251e-06	-13639.7
601	3.6251e-06	-12290.5
602	3.6251e-06	-14060.1
603	3.6251e-06	-15540.1
604	3.6251e-06	-13150.1
605	3.6251e-06	-11863.3
606	3.6251e-06	-11774.6
607	3.6251e-06	-11811.9
608	3.6251e-06	-11314.6
609	3.6251e-06	-12173.1
610	3.6251e-06	-12540.8
611	3.6251e-06	-11240.9
612	3.6251e-06	-12787.2
613	3.6251e-06	-11345.3
614	3.6251e-06	-10593.7
615	3.6251e-06	-12137.7
616	3.6251e-06	-16603
617	3.6251e-06	-14644.5
618	3.6251e-06	-16745.8
619	3.6251e-06	-16624.7
620	3.6251e-06	-16245
621	3.6251e-06	-15206.7
622	3.6251e-06	-15735.3
623	3.6251e-06	-14801.9
624	3.6251e-06	-13420.4
625	3.6251e-06	-12489.7
626	3.6251e-06	-13798.8
627	3.6251e-06	-16765.3
628	3.6251e-06	-13275.4
629	3.6251e-06	-15033.9
630	3.6251e-06	-13230.7
631	3.6251e-06	-13178.6
632	3.6251e-06	-22080.2
633	3.6251e-06	-16107.8
634	3.6251e-06	-14343.4
635	3.6251e-06	-14527.5
636	3.6251e-06	-12134.8
637	3.6251e-06	-12850
638	3.6251e-06	-14072.7
639	3.6251e-06	-18903.9
640	3.6251e-06	-15691.9
641	3.6251e-06	-14909.2
642	3.6251e-06	-17415.2
643	3.6251e-06	-17869.4
644	3.6251e-06	-17609.6
645	3.6251e-06	-16501.8
646	3.6251e-06	-19443.8
647	3.6251e-06	-18699.3
648	3.6251e-06	-13283.2
649	3.6251e-06	-13977.4
650	3.6251e-06	-12101.6
651	3.6251e-06	-11803.5
652	3.6251e-06	-14608.1
653	3.6251e-06	-10996.5
654	3.6251e-06	-11758.5
655	3.6251e-06	-12575.8
656	3.6251e-06	-14098.7
657	3.6251e-06	-12869.7
658	3.6251e-06	-17921.6
659	3.6251e-06	-13062.9
660	3.6251e-06	-12085.1
661	3.6251e-06	-10743.5
662	3.6251e-06	-13569.9
663	3.6251e-06	-12938.9
664	3.6251e-06	-11212.7
665	3.6251e-06	-11548
666	3.6251e-06	-11038.3
667	3.6251e-06	-13244.2
668	3.6251e-06	-10814.5
669	3.6251e-06	-11642.3
670	3.6251e-06	-12549.4
671	3.6251e-06	-11346.1
672	3.6251e-06	-11391.3
673	3.6251e-06	-11714
674	3.6251e-06	-11451.4
675	3.6251e-06	-10704.8
676	3.6251e-06	-11946.3
677	3.6251e-06	-12480.8
678	3.6251e-06	-13908
679	3.6251e-06	-15593.1
680	3.6251e-06	-13331.5
681	3.6251e-06	-13756.6
682	3.6251e-06	-11839.4
683	3.6251e-06	-11445.4
684	3.6251e-06	-11671.4
685	3.6251e-06	-14300.4
686	3.6251e-06	-11152.1
687	3.6251e-06	-12398.8
688	3.6251e-06	-13610.3
689	3.6251e-06	-12646
690	3.6251e-06	-16532.2
691	3.6251e-06	-14748.6
692	3.6251e-06	-14372
693	3.6251e-06	-12550.8
694	3.6251e-06	-12071.1
695	3.6251e-06	-12556.5
696	3.6251e-06	-17765.2
697	3.6251e-06	-17335.1
698	3.6251e-06	-14993.1
699	3.6251e-06	-13365.5
700	3.6251e-06	-13035.8
701	3.6251e-06	-14084.3
702	3.6251e-06	-12325.1
703	3.6251e-06	-14603.5
704	3.6251e-06	-10837.1
705	3.6251e-06	-11502.5
706	3.6251e-06	-13648.3
707	3.6251e-06	-16356.1
708	3.6251e-06	-15818
709	3.6251e-06	-13478.1
710	3.6251e-06	-13277.4
711	3.6251e-06	-13414.6
712	3.6251e-06	-13999.1
713	3.6251e-06	-12082.2
714	3.6251e-06	-12445.4
715	3.6251e-06	-12079.8
716	3.6251e-06	-16373.9
717	3.6251e-06	-14766.1
718	3.6251e-06	-15302.5
719	3.6251e-06	-12268.6
720	3.6251e-06	-12838.6
721	3.6251e-06	-11906.9
722	3.6251e-06	-12532.2
723	3.6251e-06	-14874.9
724	3.6251e-06	-15607.4
725	3.6251e-06	-14529.3
726	3.6251e-06	-16930.2
727	3.6251e-06	-11992
728	3.6251e-06	-12464.4
729	3.6251e-06	-11979.4
730	3.6251e-06	-14109.3
731	3.6251e-06	-15165.9
732	3.6251e-06	-15129.6
733	3.6251e-06	-12198.2
734	3.6251e-06	-14310
735	3.6251e-06	-13380.7
736	3.6251e-06	-17345.6
737	3.6251e-06	-16488.6
738	3.6251e-06	-11503.7
739	3.6251e-06	-11416.9
740	3.6251e-06	-11959
741	3.6251e-06	-12390.9
742	3.6251e-06	-12910
743	3.6251e-06	-12505.1
744	3.6251e-06	-14548.1
745	3.6251e-06	-13488.1
746	3.6251e-06	-15487
747	3.6251e-06	-15182.7
748	3.6251e-06	-15523
749	3.6251e-06	-14020.7
750	3.6251e-06	-12350.8
751	3.6251e-06	-13083.7
752	3.6251e-06	-16022.3
753	3.6251e-06	-16287
754	3.6251e-06	-18465.6
755	3.6251e-06	-12546
756	3.6251e-06	-12138.9
757	3.6251e-06	-10940.5
758	3.6251e-06	-11002.7
759	3.6251e-06	-13622.8
760	3.6251e-06	-11195.9
761	3.6251e-06	-12774.4
762	3.6251e-06	-13499.3
763	3.6251e-06	-15011.5
764	3.6251e-06	-14372.9
765	3.6251e-06	-13284.7
766	3.6251e-06	-15126.5
767	3.6251e-06	-16969.3
768	3.6251e-06	-15221.4
769	3.6251e-06	-13384.8
770	3.6251e-06	-13007.6
771	3.6251e-06	-13392
772	3.6251e-06	-11873.2
773	3.6251e-06	-11224.9
774	3.6251e-06	-11446.6
775	3.6251e-06	-11325.7
776	3.6251e-06	-11178.7
777	3.6251e-06	-13122.2
778	3.6251e-06	-12747.6
779	3.6251e-06	-14664.5
780	3.6251e-06	-13362.7
781	3.6251e-06	-12067.6
782	3.6251e-06	-11949
783	3.6251e-06	-13643.9
784	3.6251e-06	-13400.8
785	3.6251e-06	-13475.2
786	3.6251e-06	-12194.8
787	3.6251e-06	-13135.5
788	3.6251e-06	-11935.7
789	3.6251e-06	-12561.8
790	3.6251e-06	-14108.5
791	3.6251e-06	-15309.7
792	3.6251e-06	-15424.7
793	3.6251e-06	-12435.2
794	3.6251e-06	-12232.6
795	3.6251e-06	-11932.1
796	3.6251e-06	-14278.6
797	3.6251e-06	-16781.5
798	3.6251e-06	-17483.1
799	3.6251e-06	-14933.9
800	3.6251e-06	-11845.3
801	3.6251e-06	-11093.3
802	3.6251e-06	-12232.8
803	3.6251e-06	-12808.6
804	3.6251e-06	-13105.5
805	3.6251e-06	-13935.4
806	3.6251e-06	-15235.2
807	3.6251e-06	-14848.9
808	3.6251e-06	-16146.9
809	3.6251e-06	-11925.4
810	3.6251e-06	-10638.6
811	3.6251e-06	-11510.1
812	3.6251e-06	-10962.2
813	3.6251e-06	-11579.5
814	3.6251e-06	-11398.5
815	3.6251e-06	-12645.9
816	3.6251e-06	-12106.5
817	3.6251e-06	-11768.4
818	3.6251e-06	-12298.4
819	3.6251e-06	-13170.3
820	3.6251e-06	-13294.3
821	3.6251e-06	-14588
822	3.6251e-06	-13061.5
823	3.6251e-06	-16778.7
824	3.6251e-06	-17428.4
825	3.6251e-06	-20932
826	3.6251e-06	-29383.5
827	3.6251e-06	-12691.1
828	3.6251e-06	-12400.4
829	3.6251e-06	-11574.4
830	3.6251e-06	-12717.5
831	3.6251e-06	-11029
832	3.6251e-06	-11270.2
833	3.6251e-06	-12175.6
834	3.6251e-06	-11607.5
835	3.6251e-06	-13310.8
836	3.6251e-06	-16186.8
837	3.6251e-06	-16189.3
838	3.6251e-06	-15056.7
839	3.6251e-06	-14618
840	3.6251e-06	-14839.7
841	3.6251e-06	-12515.7
842	3.6251e-06	-12351.2
843	3.6251e-06	-12134.8
844	3.6251e-06	-12248.2
845	3.6251e-06	-14579.4
846	3.6251e-06	-12394.1
847	3.6251e-06	-13115.8
848	3.6251e-06	-11621.3
849	3.6251e-06	-11620.3
850	3.6251e-06	-10648.8
851	3.6251e-06	-11107.3
852	3.6251e-06	-11729.8
853	3.6251e-06	-12199.3
854	3.6251e-06	-12160.9
855	3.6251e-06	-12496.3
856	3.6251e-06	-14921.4
857	3.6251e-06	-10876.5
858	3.6251e-06	-12498.9
859	3.6251e-06	-12924
860	3.6251e-06	-12261
861	3.6251e-06	-14556.3
862	3.6251e-06	-16396.7
863	3.6251e-06	-11685.5
864	3.6251e-06	-14233.4
865	3.6251e-06	-12105.4
866	3.6251e-06	-13307.4
867	3.6251e-06	-12925.2
868	3.6251e-06	-13470.2
869	3.6251e-06	-11992.2
870	3.6251e-06	-10482.6
871	3.6251e-06	-12450.9
872	3.6251e-06	-11815.7
873	3.6251e-06	-11010.8
874	3.6251e-06	-11694.9
875	3.6251e-06	-14587.8
876	3.6251e-06	-12948.3
877	3.6251e-06	-11842.8
878	3.6251e-06	-11713.7
879	3.6251e-06	-11692
880	3.6251e-06	-13560.5
881	3.6251e-06	-14727.2
882	3.6251e-06	-12451.2
883	3.6251e-06	-14309
884	3.6251e-06	-16804.5
885	3.6251e-06	-13099
886	3.6251e-06	-12308.3
887	3.6251e-06	-14717.4
888	3.6251e-06	-10486.3
889	3.6251e-06	-10647.6
890	3.6251e-06	-11986.1
891	3.6251e-06	-13527.6
892	3.6251e-06	-12891.2
893	3.6251e-06	-12348.7
894	3.6251e-06	-13254.3
895	3.6251e-06	-13149
896	3.6251e-06	-15283.5
897	3.6251e-06	-12855.1
898	3.6251e-06	-12763.6
899	3.6251e-06	-13455.9
900	3.6251e-06	-13444.8
901	3.6251e-06	-12807.6
902	3.6251e-06	-11721.9
903	3.6251e-06	-11924.9
904	3.6251e-06	-12971.1
905	3.6251e-06	-11955.9
906	3.6251e-06	-11847.7
907	3.6251e-06	-11778.6
908	3.6251e-06	-11204.9
909	3.6251e-06	-12079.9
910	3.6251e-06	-13030.3
911	3.6251e-06	-11867.1
912	3.6251e-06	-12659.7
913	3.6251e-06	-11752.1
914	3.6251e-06	-10647.8
915	3.6251e-06	-13095.3
916	3.6251e-06	-15524.9
917	3.6251e-06	-14148.9
918	3.6251e-06	-12979.2
919	3.6251e-06	-12103.9
920	3.6251e-06	-14045.1
921	3.6251e-06	-13790.8
922	3.6251e-06	-15296.5
923	3.6251e-06	-13680
924	3.6251e-06	-14230.3
925	3.6251e-06	-12028.2
926	3.6251e-06	-13137.2
927	3.6251e-06	-12412.7
928	3.6251e-06	-12705.3
929	3.6251e-06	-15616.8
930	3.6251e-06	-20788.7
931	3.6251e-06	-16036.5
932	3.6251e-06	-18492.5
933	3.6251e-06	-16330.4
934	3.6251e-06	-13316.6
935	3.6251e-06	-15870.5
936	3.6251e-06	-11854.8
937	3.6251e-06	-12834
938	3.6251e-06	-11801.9
939	3.6251e-06	-13656.9
940	3.6251e-06	-12334.9
941	3.6251e-06	-10911
942	3.6251e-06	-12240
943	3.6251e-06	-11323.4
944	3.6251e-06	-10989.2
945	3.6251e-06	-11680
946	3.6251e-06	-11416.8
947	3.6251e-06	-12012.9
948	3.6251e-06	-11670.5
949	3.6251e-06	-12392.9
950	3.6251e-06	-12204.2
951	3.6251e-06	-12089
952	3.6251e-06	-13369.8
953	3.6251e-06	-12005.9
954	3.6251e-06	-11960.7
955	3.6251e-06	-14524.4
956	3.6251e-06	-10522.1
957	3.6251e-06	-10901.9
958	3.6251e-06	-11055.9
959	3.6251e-06	-10797.3
960	3.6251e-06	-11920.7
961	3.6251e-06	-11695.6
962	3.6251e-06	-12497.8
963	3.6251e-06	-13624.8
964	3.6251e-06	-12614
965	3.6251e-06	-11900.5
966	3.6251e-06	-12548
967	3.6251e-06	-12108.3
968	3.6251e-06	-12375.9
969	3.6251e-06	-11665.9
970	3.6251e-06	-11639.4
971	3.6251e-06	-12548.8
972	3.6251e-06	-13101.8
973	3.6251e-06	-13919.8
974	3.6251e-06	-10551.6
975	3.6251e-06	-11938.5
976	3.6251e-06	-11438.9
977	3.6251e-06	-11152.8
978	3.6251e-06	-11888.4
979	3.6251e-06	-12977.5
980	3.6251e-06	-11765.6
981	3.6251e-06	-12667.6
982	3.6251e-06	-13480.9
983	3.6251e-06	-13350.3
984	3.6251e-06	-14544.7
985	3.6251e-06	-14660.5
986	3.6251e-06	-16459
987	3.6251e-06	-12845.3
988	3.6251e-06	-12908.8
989	3.6251e-06	-13433.7
990	3.6251e-06	-13498.6
991	3.6251e-06	-12245.4
992	3.6251e-06	-13797.2
993	3.6251e-06	-13475.7
994	3.6251e-06	-13611.1
995	3.6251e-06	-13642.2
996	3.6251e-06	-15554.9
997	3.6251e-06	-13176.4
998	3.6251e-06	-13775.5
999	3.6251e-06	-11928.6
1000	3.6251e-06	-12263
251	8.60252e-07	-11895.2
252	8.60252e-07	-11307.5
253	8.60252e-07	-12255.9
254	8.60252e-07	-12786.9
255	8.60252e-07	-13072.6
256	8.60252e-07	-12991.4
257	8.60252e-07	-12845.4
258	8.60252e-07	-12368.8
259	8.60252e-07	-12712.8
260	8.60252e-07	-14290.7
261	8.60252e-07	-14752.8
262	8.60252e-07	-12627.1
263	8.60252e-07	-12949.5
264	8.60252e-07	-12815.7
265	8.60252e-07	-13036
266	8.60252e-07	-14773.1
267	8.60252e-07	-12674
268	8.60252e-07	-12468.6
269	8.60252e-07	-12797.3
270	8.60252e-07	-12273.2
271	8.60252e-07	-13274.2
272	8.60252e-07	-14859.1
273	8.60252e-07	-17165.1
274	8.60252e-07	-18173.8
275	8.60252e-07	-12829.4
276	8.60252e-07	-12289.2
277	8.60252e-07	-12538.4
278	8.60252e-07	-10482.7
279	8.60252e-07	-10886.3
280	8.60252e-07	-10978.9
281	8.60252e-07	-12010.8
282	8.60252e-07	-12989.2
283	8.60252e-07	-16704.6
284	8.60252e-07	-17644.8
285	8.60252e-07	-17601.2
286	8.60252e-07	-16207.1
287	8.60252e-07	-12980.3
288	8.60252e-07	-13628.7
289	8.60252e-07	-12164.1
290	8.60252e-07	-12481.8
291	8.60252e-07	-12697
292	8.60252e-07	-14276.4
293	8.60252e-07	-14315.9
294	8.60252e-07	-13308.4
295	8.60252e-07	-11586.1
296	8.60252e-07	-11490.5
297	8.60252e-07	-19299.3
298	8.60252e-07	-17048.4
299	8.60252e-07	-15795.5
300	8.60252e-07	-14875.3
301	8.60252e-07	-16319.2
302	8.60252e-07	-15460.7
303	8.60252e-07	-14915
304	8.60252e-07	-15766.5
305	8.60252e-07	-11635.7
306	8.60252e-07	-12812.9
307	8.60252e-07	-13892
308	8.60252e-07	-13268.2
309	8.60252e-07	-12966.8
310	8.60252e-07	-11964
311	8.60252e-07	-12280.3
312	8.60252e-07	-13566.1
313	8.60252e-07	-15127.5
314	8.60252e-07	-12508.5
315	8.60252e-07	-12135.6
316	8.60252e-07	-12657.2
317	8.60252e-07	-13114.2
318	8.60252e-07	-15459.9
319	8.60252e-07	-13929.8
320	8.60252e-07	-12212.8
321	8.60252e-07	-13890.6
322	8.60252e-07	-12975.4
323	8.60252e-07	-12669.2
324	8.60252e-07	-10802.7
325	8.60252e-07	-12475.1
326	8.60252e-07	-15423.7
327	8.60252e-07	-15934.9
328	8.60252e-07	-14503.7
329	8.60252e-07	-16442.7
330	8.60252e-07	-15189.3
331	8.60252e-07	-15520.6
332	8.60252e-07	-17714.1
333	8.60252e-07	-15332.9
334	8.60252e-07	-13513.9
335	8.60252e-07	-14175.4
336	8.60252e-07	-12396.1
337	8.60252e-07	-13030.9
338	8.60252e-07	-12529.2
339	8.60252e-07	-10633.6
340	8.60252e-07	-11365.6
341	8.60252e-07	-11921.9
342	8.60252e-07	-13069.5
343	8.60252e-07	-14567.8
344	8.60252e-07	-11931.5
345	8.60252e-07	-12061.8
346	8.60252e-07	-11424.1
347	8.60252e-07	-11703.7
348	8.60252e-07	-16223.1
349	8.60252e-07	-14559
350	8.60252e-07	-14547.9
351	8.60252e-07	-13759.8
352	8.60252e-07	-13293.1
353	8.60252e-07	-12302.6
354	8.60252e-07	-12714.6
355	8.60252e-07	-11576.8
356	8.60252e-07	-12478.3
357	8.60252e-07	-12155.8
358	8.60252e-07	-12676.9
359	8.60252e-07	-12736.1
360	8.60252e-07	-12561
361	8.60252e-07	-11497.3
362	8.60252e-07	-13667.6
363	8.60252e-07	-12012.8
364	8.60252e-07	-12148.4
365	8.60252e-07	-11630.2
366	8.60252e-07	-13186.5
367	8.60252e-07	-13146.8
368	8.60252e-07	-14764
369	8.60252e-07	-11719.2
370	8.60252e-07	-11622.6
371	8.60252e-07	-11888.4
372	8.60252e-07	-13563.1
373	8.60252e-07	-12078.1
374	8.60252e-07	-13577.2
375	8.60252e-07	-13290.6
376	8.60252e-07	-11901.6
377	8.60252e-07	-12265.1
378	8.60252e-07	-12983.8
379	8.60252e-07	-17369.6
380	8.60252e-07	-15329.8
381	8.60252e-07	-15959.7
382	8.60252e-07	-14715.3
383	8.60252e-07	-13977.2
384	8.60252e-07	-13917.2
385	8.60252e-07	-12482.6
386	8.60252e-07	-13689.9
387	8.60252e-07	-12104.6
388	8.60252e-07	-12054.1
389	8.60252e-07	-12840
390	8.60252e-07	-12863.6
391	8.60252e-07	-12299
392	8.60252e-07	-14670.5
393	8.60252e-07	-12439.6
394	8.60252e-07	-11353.8
395	8.60252e-07	-11933.7
396	8.60252e-07	-12084.5
397	8.60252e-07	-12953
398	8.60252e-07	-11307
399	8.60252e-07	-13070.6
400	8.60252e-07	-11386.3
401	8.60252e-07	-14924.8
402	8.60252e-07	-14365.9
403	8.60252e-07	-12390.3
404	8.60252e-07	-11482.8
405	8.60252e-07	-14361.5
406	8.60252e-07	-15485.1
407	8.60252e-07	-16125.9
408	8.60252e-07	-13437.9
409	8.60252e-07	-11674.7
410	8.60252e-07	-12703.7
411	8.60252e-07	-13879
412	8.60252e-07	-13518
413	8.60252e-07	-12257
414	8.60252e-07	-10897.1
415	8.60252e-07	-11977.4
416	8.60252e-07	-11115
417	8.60252e-07	-12727.8
418	8.60252e-07	-13073.4
419	8.60252e-07	-11406.3
420	8.60252e-07	-13402.3
421	8.60252e-07	-13563
422	8.60252e-07	-16559.5
423	8.60252e-07	-14150.6
424	8.60252e-07	-15667.9
425	8.60252e-07	-14683.9
426	8.60252e-07	-12786
427	8.60252e-07	-12244
428	8.60252e-07	-12868.5
429	8.60252e-07	-12819.9
430	8.60252e-07	-11756.4
431	8.60252e-07	-11968.2
432	8.60252e-07	-12679.1
433	8.60252e-07	-11679.5
434	8.60252e-07	-13846.5
435	8.60252e-07	-14979.1
436	8.60252e-07	-17408.5
437	8.60252e-07	-15575.3
438	8.60252e-07	-16589.4
439	8.60252e-07	-14414.9
440	8.60252e-07	-14394
441	8.60252e-07	-12499.9
442	8.60252e-07	-12948.4
443	8.60252e-07	-14886.3
444	8.60252e-07	-14170.4
445	8.60252e-07	-12329.7
446	8.60252e-07	-13349.6
447	8.60252e-07	-13917.1
448	8.60252e-07	-13500.3
449	8.60252e-07	-12350
450	8.60252e-07	-13164.9
451	8.60252e-07	-13392.9
452	8.60252e-07	-16785.3
453	8.60252e-07	-16398
454	8.60252e-07	-14935.3
455	8.60252e-07	-12566.9
456	8.60252e-07	-12788.2
457	8.60252e-07	-11236.4
458	8.60252e-07	-11772
459	8.60252e-07	-12133.2
460	8.60252e-07	-14836.1
461	8.60252e-07	-13975
462	8.60252e-07	-12517.2
463	8.60252e-07	-11714.5
464	8.60252e-07	-14206.2
465	8.60252e-07	-12627.2
466	8.60252e-07	-12421.9
467	8.60252e-07	-11869.4
468	8.60252e-07	-11781.6
469	8.60252e-07	-12237.6
470	8.60252e-07	-12473.2
471	8.60252e-07	-13120.7
472	8.60252e-07	-13354.4
473	8.60252e-07	-13590.3
474	8.60252e-07	-15540.3
475	8.60252e-07	-14797.7
476	8.60252e-07	-12530.9
477	8.60252e-07	-11850.2
478	8.60252e-07	-15909.8
479	8.60252e-07	-15244
480	8.60252e-07	-12678.3
481	8.60252e-07	-13535.8
482	8.60252e-07	-15943.8
483	8.60252e-07	-14374.5
484	8.60252e-07	-13115
485	8.60252e-07	-12456.2
486	8.60252e-07	-13101.2
487	8.60252e-07	-11189.3
488	8.60252e-07	-11158.7
489	8.60252e-07	-11740
490	8.60252e-07	-12706.9
491	8.60252e-07	-13710.5
492	8.60252e-07	-11233.6
493	8.60252e-07	-12990
494	8.60252e-07	-12633.7
495	8.60252e-07	-12220.3
496	8.60252e-07	-11702.3
497	8.60252e-07	-12391.6
498	8.60252e-07	-11989.5
499	8.60252e-07	-12078.5
500	8.60252e-07	-13027.8
501	8.60252e-07	-15045.6
502	8.60252e-07	-12106.8
503	8.60252e-07	-12941.1
504	8.60252e-07	-12527.2
505	8.60252e-07	-11890.6
506	8.60252e-07	-12543.2
507	8.60252e-07	-11212.9
508	8.60252e-07	-12332.3
509	8.60252e-07	-12648.1
510	8.60252e-07	-11062.6
511	8.60252e-07	-11436
512	8.60252e-07	-10843.3
513	8.60252e-07	-10881.7
514	8.60252e-07	-10850.4
515	8.60252e-07	-12422
516	8.60252e-07	-12479.8
517	8.60252e-07	-12239.6
518	8.60252e-07	-12438
519	8.60252e-07	-13524
520	8.60252e-07	-14151.3
521	8.60252e-07	-14400.3
522	8.60252e-07	-14842
523	8.60252e-07	-16828.8
524	8.60252e-07	-17219.9
525	8.60252e-07	-15283.1
526	8.60252e-07	-13910.3
527	8.60252e-07	-12712.9
528	8.60252e-07	-13832.7
529	8.60252e-07	-12117.5
530	8.60252e-07	-13282.9
531	8.60252e-07	-11039.9
532	8.60252e-07	-12880.8
533	8.60252e-07	-13144.3
534	8.60252e-07	-13834.5
535	8.60252e-07	-11783.4
536	8.60252e-07	-12830
537	8.60252e-07	-11974.1
538	8.60252e-07	-16122.9
539	8.60252e-07	-18290.7
540	8.60252e-07	-20673.2
541	8.60252e-07	-16077.3
542	8.60252e-07	-19105.9
543	8.60252e-07	-18874.7
544	8.60252e-07	-18222.3
545	8.60252e-07	-15667.8
546	8.60252e-07	-15404
547	8.60252e-07	-13676.4
548	8.60252e-07	-14184.9
549	8.60252e-07	-14461.3
550	8.60252e-07	-12615.8
551	8.60252e-07	-13444.6
552	8.60252e-07	-13454.4
553	8.60252e-07	-10830.8
554	8.60252e-07	-13307.1
555	8.60252e-07	-11887
556	8.60252e-07	-11980.5
557	8.60252e-07	-14071.8
558	8.60252e-07	-16881.8
559	8.60252e-07	-18888.7
560	8.60252e-07	-15862.1
561	8.60252e-07	-12367.5
562	8.60252e-07	-12618.5
563	8.60252e-07	-13193.2
564	8.60252e-07	-12425.4
565	8.60252e-07	-12907.9
566	8.60252e-07	-11703.6
567	8.60252e-07	-13827.2
568	8.60252e-07	-13113.9
569	8.60252e-07	-11692.2
570	8.60252e-07	-11409.6
571	8.60252e-07	-12414.4
572	8.60252e-07	-11257.4
573	8.60252e-07	-11765
574	8.60252e-07	-11315.2
575	8.60252e-07	-12655.4
576	8.60252e-07	-12223.6
577	8.60252e-07	-12257.2
578	8.60252e-07	-13286.3
579	8.60252e-07	-13684.6
580	8.60252e-07	-13079
581	8.60252e-07	-17871.8
582	8.60252e-07	-11803.3
583	8.60252e-07	-14934.8
584	8.60252e-07	-11961.4
585	8.60252e-07	-13440.7
586	8.60252e-07	-14195.6
587	8.60252e-07	-16276.1
588	8.60252e-07	-15635.5
589	8.60252e-07	-13103.7
590	8.60252e-07	-11819.5
591	8.60252e-07	-11625.9
592	8.60252e-07	-13008.1
593	8.60252e-07	-12759.4
594	8.60252e-07	-15364.9
595	8.60252e-07	-10675.3
596	8.60252e-07	-12072.5
597	8.60252e-07	-12085.8
598	8.60252e-07	-14043.6
599	8.60252e-07	-13224.3
600	8.60252e-07	-17683.4
601	8.60252e-07	-16946.8
602	8.60252e-07	-13847.2
603	8.60252e-07	-12150.5
604	8.60252e-07	-13505.4
605	8.60252e-07	-14254.4
606	8.60252e-07	-12955.5
607	8.60252e-07	-15161.6
608	8.60252e-07	-19383.3
609	8.60252e-07	-15486.9
610	8.60252e-07	-12262.2
611	8.60252e-07	-13581.4
612	8.60252e-07	-14328.4
613	8.60252e-07	-13941.9
614	8.60252e-07	-13405.1
615	8.60252e-07	-11635.5
616	8.60252e-07	-15328.1
617	8.60252e-07	-13682.6
618	8.60252e-07	-12470.2
619	8.60252e-07	-13307.9
620	8.60252e-07	-13358.4
621	8.60252e-07	-12242.2
622	8.60252e-07	-14381.2
623	8.60252e-07	-13660.5
624	8.60252e-07	-12321.1
625	8.60252e-07	-12479.1
626	8.60252e-07	-11622.7
627	8.60252e-07	-12418.2
628	8.60252e-07	-12358
629	8.60252e-07	-12235.1
630	8.60252e-07	-11449.7
631	8.60252e-07	-10494
632	8.60252e-07	-11254.8
633	8.60252e-07	-12094.5
634	8.60252e-07	-12196.5
635	8.60252e-07	-14822.2
636	8.60252e-07	-15870.1
637	8.60252e-07	-14223.6
638	8.60252e-07	-14152.2
639	8.60252e-07	-14794.9
640	8.60252e-07	-15064.1
641	8.60252e-07	-13469.3
642	8.60252e-07	-13146.9
643	8.60252e-07	-14697.2
644	8.60252e-07	-12911.3
645	8.60252e-07	-12384
646	8.60252e-07	-14176.3
647	8.60252e-07	-12112.8
648	8.60252e-07	-12410.4
649	8.60252e-07	-12793.1
650	8.60252e-07	-13298.6
651	8.60252e-07	-15044.6
652	8.60252e-07	-15795.2
653	8.60252e-07	-15326.1
654	8.60252e-07	-15154
655	8.60252e-07	-13816
656	8.60252e-07	-15425.2
657	8.60252e-07	-16416.5
658	8.60252e-07	-22406.9
659	8.60252e-07	-16189.6
660	8.60252e-07	-16505.7
661	8.60252e-07	-14691.5
662	8.60252e-07	-13944.9
663	8.60252e-07	-13677.8
664	8.60252e-07	-12325.5
665	8.60252e-07	-13588.5
666	8.60252e-07	-10921
667	8.60252e-07	-12020.6
668	8.60252e-07	-15833.3
669	8.60252e-07	-12221
670	8.60252e-07	-11327.2
671	8.60252e-07	-12631.8
672	8.60252e-07	-15139.3
673	8.60252e-07	-12384.6
674	8.60252e-07	-12806.3
675	8.60252e-07	-12333.7
676	8.60252e-07	-15934.4
677	8.60252e-07	-13654.5
678	8.60252e-07	-13106.4
679	8.60252e-07	-11459.4
680	8.60252e-07	-11468.1
681	8.60252e-07	-12068.1
682	8.60252e-07	-11988.9
683	8.60252e-07	-11544.6
684	8.60252e-07	-12607.5
685	8.60252e-07	-11456.4
686	8.60252e-07	-12394.1
687	8.60252e-07	-11810.6
688	8.60252e-07	-15093.7
689	8.60252e-07	-16577.9
690	8.60252e-07	-13108.8
691	8.60252e-07	-14016.1
692	8.60252e-07	-13464.3
693	8.60252e-07	-11412.2
694	8.60252e-07	-10637.2
695	8.60252e-07	-12576
696	8.60252e-07	-15418.9
697	8.60252e-07	-11722.1
698	8.60252e-07	-11743.6
699	8.60252e-07	-10188.4
700	8.60252e-07	-11252.6
701	8.60252e-07	-12827.1
702	8.60252e-07	-14050.1
703	8.60252e-07	-13737.3
704	8.60252e-07	-12029
705	8.60252e-07	-11822.7
706	8.60252e-07	-14866.6
707	8.60252e-07	-14967.2
708	8.60252e-07	-12786.3
709	8.60252e-07	-11622.1
710	8.60252e-07	-11433.7
711	8.60252e-07	-11617
712	8.60252e-07	-10633
713	8.60252e-07	-10642.6
714	8.60252e-07	-13654.1
715	8.60252e-07	-12464.6
716	8.60252e-07	-14522.8
717	8.60252e-07	-13155.4
718	8.60252e-07	-11728.2
719	8.60252e-07	-14244.6
720	8.60252e-07	-13510.9
721	8.60252e-07	-13453.2
722	8.60252e-07	-13172.8
723	8.60252e-07	-12196.8
724	8.60252e-07	-13050.7
725	8.60252e-07	-11953.5
726	8.60252e-07	-13363.7
727	8.60252e-07	-12946.5
728	8.60252e-07	-11693.2
729	8.60252e-07	-11650.6
730	8.60252e-07	-12907.7
731	8.60252e-07	-13003
732	8.60252e-07	-12271.4
733	8.60252e-07	-12939.2
734	8.60252e-07	-13662.1
735	8.60252e-07	-14405.5
736	8.60252e-07	-13457.2
737	8.60252e-07	-11153.9
738	8.60252e-07	-12383.1
739	8.60252e-07	-15343.5
740	8.60252e-07	-14614.8
741	8.60252e-07	-11939.3
742	8.60252e-07	-14419.9
743	8.60252e-07	-12927.6
744	8.60252e-07	-11876.5
745	8.60252e-07	-12400.7
746	8.60252e-07	-11016.6
747	8.60252e-07	-11143.8
748	8.60252e-07	-16889.9
749	8.60252e-07	-19527.6
750	8.60252e-07	-15651.6
751	8.60252e-07	-12604.5
752	8.60252e-07	-13659.3
753	8.60252e-07	-11232.9
754	8.60252e-07	-12472.1
755	8.60252e-07	-11805
756	8.60252e-07	-13067.2
757	8.60252e-07	-17260.7
758	8.60252e-07	-13448.4
759	8.60252e-07	-11293.5
760	8.60252e-07	-11466.9
761	8.60252e-07	-12255.9
762	8.60252e-07	-13159.3
763	8.60252e-07	-13635.3
764	8.60252e-07	-12776.9
765	8.60252e-07	-12696.8
766	8.60252e-07	-14643.4
767	8.60252e-07	-15390.5
768	8.60252e-07	-15249.9
769	8.60252e-07	-17405.6
770	8.60252e-07	-16282.5
771	8.60252e-07	-14514.1
772	8.60252e-07	-17141.2
773	8.60252e-07	-12697.1
774	8.60252e-07	-10976.5
775	8.60252e-07	-12672.4
776	8.60252e-07	-12657
777	8.60252e-07	-13216.1
778	8.60252e-07	-12751.6
779	8.60252e-07	-13610.3
780	8.60252e-07	-13469
781	8.60252e-07	-13098.7
782	8.60252e-07	-13013.6
783	8.60252e-07	-14315.1
784	8.60252e-07	-15822.7
785	8.60252e-07	-12393
786	8.60252e-07	-14999.6
787	8.60252e-07	-14844.6
788	8.60252e-07	-16325.2
789	8.60252e-07	-14164.2
790	8.60252e-07	-14263.2
791	8.60252e-07	-14514.1
792	8.60252e-07	-13098.5
793	8.60252e-07	-17141.6
794	8.60252e-07	-17623.6
795	8.60252e-07	-17964.7
796	8.60252e-07	-13936.9
797	8.60252e-07	-13307.9
798	8.60252e-07	-12208.5
799	8.60252e-07	-11441.3
800	8.60252e-07	-14115.3
801	8.60252e-07	-11378.9
802	8.60252e-07	-13828.5
803	8.60252e-07	-12373.9
804	8.60252e-07	-13460.7
805	8.60252e-07	-12921.9
806	8.60252e-07	-10666.9
807	8.60252e-07	-12020.3
808	8.60252e-07	-14258.4
809	8.60252e-07	-13245.4
810	8.60252e-07	-12053.8
811	8.60252e-07	-12715
812	8.60252e-07	-13702.5
813	8.60252e-07	-12460.5
814	8.60252e-07	-12857.1
815	8.60252e-07	-15258.6
816	8.60252e-07	-13339.6
817	8.60252e-07	-12787.1
818	8.60252e-07	-14237.4
819	8.60252e-07	-13147.1
820	8.60252e-07	-15474.7
821	8.60252e-07	-14667.8
822	8.60252e-07	-15753.4
823	8.60252e-07	-11383.4
824	8.60252e-07	-10503.2
825	8.60252e-07	-12140.6
826	8.60252e-07	-13183.6
827	8.60252e-07	-13572.7
828	8.60252e-07	-12581.5
829	8.60252e-07	-16261.2
830	8.60252e-07	-13851.8
831	8.60252e-07	-12076.2
832	8.60252e-07	-12435.1
833	8.60252e-07	-12122.3
834	8.60252e-07	-14113.4
835	8.60252e-07	-12886
836	8.60252e-07	-11002.2
837	8.60252e-07	-14367.1
838	8.60252e-07	-20104.4
839	8.60252e-07	-16330.8
840	8.60252e-07	-15494.1
841	8.60252e-07	-12545.4
842	8.60252e-07	-13784.3
843	8.60252e-07	-15273.4
844	8.60252e-07	-11461.8
845	8.60252e-07	-13114.4
846	8.60252e-07	-14764.6
847	8.60252e-07	-14545.6
848	8.60252e-07	-13196.4
849	8.60252e-07	-13813.3
850	8.60252e-07	-13848.5
851	8.60252e-07	-13461
852	8.60252e-07	-12459.1
853	8.60252e-07	-13017.9
854	8.60252e-07	-12685.2
855	8.60252e-07	-12335.8
856	8.60252e-07	-14003.4
857	8.60252e-07	-14782.1
858	8.60252e-07	-12848.6
859	8.60252e-07	-13006.3
860	8.60252e-07	-16153.1
861	8.60252e-07	-10229.3
862	8.60252e-07	-12111.2
863	8.60252e-07	-13129
864	8.60252e-07	-12992.1
865	8.60252e-07	-11034.4
866	8.60252e-07	-11072.9
867	8.60252e-07	-12717.8
868	8.60252e-07	-11544.8
869	8.60252e-07	-15680.4
870	8.60252e-07	-12676.3
871	8.60252e-07	-13040.2
872	8.60252e-07	-13356.6
873	8.60252e-07	-12235.7
874	8.60252e-07	-14602.1
875	8.60252e-07	-13706.4
876	8.60252e-07	-11737
877	8.60252e-07	-12311.7
878	8.60252e-07	-13877.1
879	8.60252e-07	-14409.5
880	8.60252e-07	-11060.2
881	8.60252e-07	-14478
882	8.60252e-07	-12895.1
883	8.60252e-07	-12123.1
884	8.60252e-07	-15013.9
885	8.60252e-07	-12823.7
886	8.60252e-07	-11196.7
887	8.60252e-07	-13188.2
888	8.60252e-07	-12052.1
889	8.60252e-07	-12727.5
890	8.60252e-07	-14489.6
891	8.60252e-07	-12280.1
892	8.60252e-07	-12601.8
893	8.60252e-07	-14511.2
894	8.60252e-07	-14781.1
895	8.60252e-07	-13877.6
896	8.60252e-07	-12809
897	8.60252e-07	-12333.6
898	8.60252e-07	-11571.9
899	8.60252e-07	-13071
900	8.60252e-07	-16584.5
901	8.60252e-07	-13776.6
902	8.60252e-07	-11766.1
903	8.60252e-07	-12206
904	8.60252e-07	-12784.7
905	8.60252e-07	-13384.5
906	8.60252e-07	-10985.6
907	8.60252e-07	-12876.9
908	8.60252e-07	-11951.4
909	8.60252e-07	-11866.4
910	8.60252e-07	-10640.8
911	8.60252e-07	-12985.2
912	8.60252e-07	-14052
913	8.60252e-07	-11410.9
914	8.60252e-07	-13929.4
915	8.60252e-07	-14621
916	8.60252e-07	-16733.7
917	8.60252e-07	-14483
918	8.60252e-07	-14294.3
919	8.60252e-07	-16535.3
920	8.60252e-07	-14509.4
921	8.60252e-07	-12472.8
922	8.60252e-07	-13130.5
923	8.60252e-07	-12755.1
924	8.60252e-07	-12988.1
925	8.60252e-07	-12530.8
926	8.60252e-07	-12812.5
927	8.60252e-07	-13772.8
928	8.60252e-07	-12151
929	8.60252e-07	-14457.7
930	8.60252e-07	-11685.1
931	8.60252e-07	-11908.4
932	8.60252e-07	-12518.7
933	8.60252e-07	-11301
934	8.60252e-07	-12233.5
935	8.60252e-07	-11028.2
936	8.60252e-07	-11122.3
937	8.60252e-07	-12330.5
938	8.60252e-07	-13850.1
939	8.60252e-07	-17944.2
940	8.60252e-07	-15952.9
941	8.60252e-07	-12869.3
942	8.60252e-07	-15796.5
943	8.60252e-07	-15031.1
944	8.60252e-07	-14358.7
945	8.60252e-07	-11541.6
946	8.60252e-07	-13750
947	8.60252e-07	-14013.4
948	8.60252e-07	-15823.7
949	8.60252e-07	-14119.4
950	8.60252e-07	-13215.7
951	8.60252e-07	-12429
952	8.60252e-07	-12126.1
953	8.60252e-07	-13194.2
954	8.60252e-07	-11525.8
955	8.60252e-07	-11678.7
956	8.60252e-07	-12475.7
957	8.60252e-07	-13824
958	8.60252e-07	-13236.2
959	8.60252e-07	-13959.9
960	8.60252e-07	-12792.7
961	8.60252e-07	-13568.1
962	8.60252e-07	-11605.2
963	8.60252e-07	-15138.2
964	8.60252e-07	-13528.1
965	8.60252e-07	-12451
966	8.60252e-07	-11610.2
967	8.60252e-07	-10619.9
968	8.60252e-07	-12164.6
969	8.60252e-07	-12961.1
970	8.60252e-07	-12301.7
971	8.60252e-07	-11741.2
972	8.60252e-07	-12005.2
973	8.60252e-07	-17998.2
974	8.60252e-07	-18268.3
975	8.60252e-07	-17102.8
976	8.60252e-07	-14340.5
977	8.60252e-07	-14202.2
978	8.60252e-07	-12153.8
979	8.60252e-07	-11251.9
980	8.60252e-07	-11445.9
981	8.60252e-07	-11691.6
982	8.60252e-07	-13191.7
983	8.60252e-07	-13284.5
984	8.60252e-07	-12259.4
985	8.60252e-07	-11657.6
986	8.60252e-07	-12298.6
987	8.60252e-07	-12036.9
988	8.60252e-07	-12232.8
989	8.60252e-07	-12310.1
990	8.60252e-07	-12043.6
991	8.60252e-07	-15308.7
992	8.60252e-07	-12580.9
993	8.60252e-07	-13796.7
994	8.60252e-07	-13100.4
995	8.60252e-07	-14018.8
996	8.60252e-07	-14051.5
997	8.60252e-07	-13516
998	8.60252e-07	-13231
999	8.60252e-07	-13067.5
1000	8.60252e-07	-15349
251	1.13284e-07	-13160.7
252	1.13284e-07	-11916.6
253	1.13284e-07	-13280.5
254	1.13284e-07	-11990.4
255	1.13284e-07	-12786.4
256	1.13284e-07	-11742
257	1.13284e-07	-12172
258	1.13284e-07	-12908.1
259	1.13284e-07	-12189.3
260	1.13284e-07	-12553.1
261	1.13284e-07	-11360.6
262	1.13284e-07	-12523.6
263	1.13284e-07	-12794.3
264	1.13284e-07	-11890.3
265	1.13284e-07	-14016.3
266	1.13284e-07	-13572.4
267	1.13284e-07	-11511.7
268	1.13284e-07	-12870.9
269	1.13284e-07	-14014.4
270	1.13284e-07	-12130
271	1.13284e-07	-10985
272	1.13284e-07	-14451.5
273	1.13284e-07	-13821
274	1.13284e-07	-12602.9
275	1.13284e-07	-13115
276	1.13284e-07	-11950.6
277	1.13284e-07	-12825.1
278	1.13284e-07	-13923.5
279	1.13284e-07	-13112.9
280	1.13284e-07	-12143.6
281	1.13284e-07	-12430.5
282	1.13284e-07	-12995.2
283	1.13284e-07	-12421.2
284	1.13284e-07	-12957.6
285	1.13284e-07	-10791.8
286	1.13284e-07	-12073.1
287	1.13284e-07	-11366.9
288	1.13284e-07	-13135.2
289	1.13284e-07	-15131.1
290	1.13284e-07	-12664.5
291	1.13284e-07	-12136
292	1.13284e-07	-11109.9
293	1.13284e-07	-13951
294	1.13284e-07	-11375.6
295	1.13284e-07	-12993.6
296	1.13284e-07	-11666.9
297	1.13284e-07	-11285.6
298	1.13284e-07	-10393.9
299	1.13284e-07	-10814.9
300	1.13284e-07	-14068.6
301	1.13284e-07	-13945.1
302	1.13284e-07	-12949.1
303	1.13284e-07	-12536.8
304	1.13284e-07	-13488.7
305	1.13284e-07	-13836.2
306	1.13284e-07	-12104.5
307	1.13284e-07	-11346
308	1.13284e-07	-12116.4
309	1.13284e-07	-11336.7
310	1.13284e-07	-11491.6
311	1.13284e-07	-11490.1
312	1.13284e-07	-12517.7
313	1.13284e-07	-11065.1
314	1.13284e-07	-11470.1
315	1.13284e-07	-13406.3
316	1.13284e-07	-11613.1
317	1.13284e-07	-12820.4
318	1.13284e-07	-13247.3
319	1.13284e-07	-11971.4
320	1.13284e-07	-12281.7
321	1.13284e-07	-11673.9
322	1.13284e-07	-13050.4
323	1.13284e-07	-13776.1
324	1.13284e-07	-13848.5
325	1.13284e-07	-14943.6
326	1.13284e-07	-11191.6
327	1.13284e-07	-11474.2
328	1.13284e-07	-11348.6
329	1.13284e-07	-13231.8
330	1.13284e-07	-13502.6
331	1.13284e-07	-12334.1
332	1.13284e-07	-12685.1
333	1.13284e-07	-15028.8
334	1.13284e-07	-14458.6
335	1.13284e-07	-15214
336	1.13284e-07	-13411.6
337	1.13284e-07	-13749.6
338	1.13284e-07	-14050.2
339	1.13284e-07	-15062.3
340	1.13284e-07	-15993.7
341	1.13284e-07	-14690.1
342	1.13284e-07	-11879
343	1.13284e-07	-11295.2
344	1.13284e-07	-12492.1
345	1.13284e-07	-12220.1
346	1.13284e-07	-12717.8
347	1.13284e-07	-12303.2
348	1.13284e-07	-14020.1
349	1.13284e-07	-13311.7
350	1.13284e-07	-12240.2
351	1.13284e-07	-11199.8
352	1.13284e-07	-14048
353	1.13284e-07	-12821.4
354	1.13284e-07	-12470.8
355	1.13284e-07	-13785.4
356	1.13284e-07	-14470.2
357	1.13284e-07	-18590.7
358	1.13284e-07	-12865.8
359	1.13284e-07	-12091.2
360	1.13284e-07	-12771.2
361	1.13284e-07	-12683.5
362	1.13284e-07	-16379.4
363	1.13284e-07	-15525.3
364	1.13284e-07	-15217.7
365	1.13284e-07	-15128.8
366	1.13284e-07	-14515
367	1.13284e-07	-15848.6
368	1.13284e-07	-14170.9
369	1.13284e-07	-13095.4
370	1.13284e-07	-13547.5
371	1.13284e-07	-14943.8
372	1.13284e-07	-11756.1
373	1.13284e-07	-12390.9
374	1.13284e-07	-11583.6
375	1.13284e-07	-11518.2
376	1.13284e-07	-11316.2
377	1.13284e-07	-11148.6
378	1.13284e-07	-11900.1
379	1.13284e-07	-12605.2
380	1.13284e-07	-13175.9
381	1.13284e-07	-12866.8
382	1.13284e-07	-17485.4
383	1.13284e-07	-14976
384	1.13284e-07	-14060.5
385	1.13284e-07	-12119.4
386	1.13284e-07	-12239
387	1.13284e-07	-12862
388	1.13284e-07	-13534.7
389	1.13284e-07	-14129.8
390	1.13284e-07	-15692.9
391	1.13284e-07	-13637.4
392	1.13284e-07	-14435
393	1.13284e-07	-13869.8
394	1.13284e-07	-12429.3
395	1.13284e-07	-11510.5
396	1.13284e-07	-11286.2
397	1.13284e-07	-12144.8
398	1.13284e-07	-12718.5
399	1.13284e-07	-14109.1
400	1.13284e-07	-13990.7
401	1.13284e-07	-12911.4
402	1.13284e-07	-10617.8
403	1.13284e-07	-12783.5
404	1.13284e-07	-11559.8
405	1.13284e-07	-13548.6
406	1.13284e-07	-12003.6
407	1.13284e-07	-12681.9
408	1.13284e-07	-11636.3
409	1.13284e-07	-11979.4
410	1.13284e-07	-12236.5
411	1.13284e-07	-12709.9
412	1.13284e-07	-12365.2
413	1.13284e-07	-13754.6
414	1.13284e-07	-13524.4
415	1.13284e-07	-14397.5
416	1.13284e-07	-14578.5
417	1.13284e-07	-14021.6
418	1.13284e-07	-12919
419	1.13284e-07	-13590.1
420	1.13284e-07	-12336.5
421	1.13284e-07	-11856.2
422	1.13284e-07	-13815.1
423	1.13284e-07	-13132.8
424	1.13284e-07	-11995.5
425	1.13284e-07	-13258.5
426	1.13284e-07	-16092.5
427	1.13284e-07	-15339.4
428	1.13284e-07	-17808.4
429	1.13284e-07	-14206.6
430	1.13284e-07	-13811
431	1.13284e-07	-14595.4
432	1.13284e-07	-10815.6
433	1.13284e-07	-11039.3
434	1.13284e-07	-10932.2
435	1.13284e-07	-11405.3
436	1.13284e-07	-13628.4
437	1.13284e-07	-14902.1
438	1.13284e-07	-14705
439	1.13284e-07	-12782.8
440	1.13284e-07	-13286.3
441	1.13284e-07	-12065.3
442	1.13284e-07	-11496.6
443	1.13284e-07	-11320.6
444	1.13284e-07	-11210.8
445	1.13284e-07	-10289.4
446	1.13284e-07	-11593.2
447	1.13284e-07	-11125.9
448	1.13284e-07	-11493
449	1.13284e-07	-12160.9
450	1.13284e-07	-13802.6
451	1.13284e-07	-12435.5
452	1.13284e-07	-12043.7
453	1.13284e-07	-12508.2
454	1.13284e-07	-11413.5
455	1.13284e-07	-11595.6
456	1.13284e-07	-11681.4
457	1.13284e-07	-19195.3
458	1.13284e-07	-14982.6
459	1.13284e-07	-12403.9
460	1.13284e-07	-12025
461	1.13284e-07	-12301.2
462	1.13284e-07	-12612
463	1.13284e-07	-11579.2
464	1.13284e-07	-10945.1
465	1.13284e-07	-9940.92
466	1.13284e-07	-10884.8
467	1.13284e-07	-12222.9
468	1.13284e-07	-14093.8
469	1.13284e-07	-13827.5
470	1.13284e-07	-12036.2
471	1.13284e-07	-13186.1
472	1.13284e-07	-18950.3
473	1.13284e-07	-13755.5
474	1.13284e-07	-17320.5
475	1.13284e-07	-15352.8
476	1.13284e-07	-15405.2
477	1.13284e-07	-14805.8
478	1.13284e-07	-18007
479	1.13284e-07	-16520.2
480	1.13284e-07	-13587.5
481	1.13284e-07	-13797.6
482	1.13284e-07	-12362.1
483	1.13284e-07	-12170.7
484	1.13284e-07	-14046.6
485	1.13284e-07	-12786.1
486	1.13284e-07	-12008.2
487	1.13284e-07	-11927.3
488	1.13284e-07	-11430
489	1.13284e-07	-11898
490	1.13284e-07	-11279.7
491	1.13284e-07	-11901.9
492	1.13284e-07	-12919.5
493	1.13284e-07	-12746.2
494	1.13284e-07	-12166.1
495	1.13284e-07	-12771.4
496	1.13284e-07	-11480.5
497	1.13284e-07	-10559.2
498	1.13284e-07	-10895.9
499	1.13284e-07	-11280.2
500	1.13284e-07	-10389.1
501	1.13284e-07	-11800.9
502	1.13284e-07	-12997
503	1.13284e-07	-11119.9
504	1.13284e-07	-10558.6
505	1.13284e-07	-14400.7
506	1.13284e-07	-13105.9
507	1.13284e-07	-12051
508	1.13284e-07	-11102.3
509	1.13284e-07	-15275.7
510	1.13284e-07	-17379.9
511	1.13284e-07	-17186.9
512	1.13284e-07	-18767.9
513	1.13284e-07	-17400.9
514	1.13284e-07	-16421.2
515	1.13284e-07	-10513.1
516	1.13284e-07	-13335.9
517	1.13284e-07	-12210.7
518	1.13284e-07	-13837.2
519	1.13284e-07	-12373
520	1.13284e-07	-11740.7
521	1.13284e-07	-11669.7
522	1.13284e-07	-15372.7
523	1.13284e-07	-12080.4
524	1.13284e-07	-15788.8
525	1.13284e-07	-12548.3
526	1.13284e-07	-13406.8
527	1.13284e-07	-11184.7
528	1.13284e-07	-11438.4
529	1.13284e-07	-10641.3
530	1.13284e-07	-10839.4
531	1.13284e-07	-17337.2
532	1.13284e-07	-12809.2
533	1.13284e-07	-10956
534	1.13284e-07	-10944.5
535	1.13284e-07	-12021.9
536	1.13284e-07	-12340.8
537	1.13284e-07	-13213.3
538	1.13284e-07	-11717.3
539	1.13284e-07	-10857.7
540	1.13284e-07	-12799
541	1.13284e-07	-13702.4
542	1.13284e-07	-12045
543	1.13284e-07	-11870.5
544	1.13284e-07	-13396.2
545	1.13284e-07	-12173.1
546	1.13284e-07	-11129.5
547	1.13284e-07	-11091.7
548	1.13284e-07	-12815.8
549	1.13284e-07	-12906.1
550	1.13284e-07	-13283.6
551	1.13284e-07	-16939.4
552	1.13284e-07	-15851.8
553	1.13284e-07	-14167.2
554	1.13284e-07	-14171.7
555	1.13284e-07	-14550.6
556	1.13284e-07	-15889.7
557	1.13284e-07	-14303.1
558	1.13284e-07	-13635.4
559	1.13284e-07	-13433.2
560	1.13284e-07	-12943.2
561	1.13284e-07	-11306.2
562	1.13284e-07	-11851.3
563	1.13284e-07	-11736.6
564	1.13284e-07	-13023.5
565	1.13284e-07	-13799.7
566	1.13284e-07	-13164
567	1.13284e-07	-12659.4
568	1.13284e-07	-12356
569	1.13284e-07	-11656.2
570	1.13284e-07	-12491.6
571	1.13284e-07	-14801.5
572	1.13284e-07	-12212.9
573	1.13284e-07	-14095
574	1.13284e-07	-14953.9
575	1.13284e-07	-12571.5
576	1.13284e-07	-12962.5
577	1.13284e-07	-12070.7
578	1.13284e-07	-12692.5
579	1.13284e-07	-14131.3
580	1.13284e-07	-14603.6
581	1.13284e-07	-11966.2
582	1.13284e-07	-13194
583	1.13284e-07	-12504.5
584	1.13284e-07	-16990.7
585	1.13284e-07	-16330.5
586	1.13284e-07	-12855.7
587	1.13284e-07	-13721
588	1.13284e-07	-15039.3
589	1.13284e-07	-15088.6
590	1.13284e-07	-11933.5
591	1.13284e-07	-12449.5
592	1.13284e-07	-11436.2
593	1.13284e-07	-12901.9
594	1.13284e-07	-12876.8
595	1.13284e-07	-13235.3
596	1.13284e-07	-12599.9
597	1.13284e-07	-11809.2
598	1.13284e-07	-14814.3
599	1.13284e-07	-12117.3
600	1.13284e-07	-12961
601	1.13284e-07	-11759.8
602	1.13284e-07	-12610.8
603	1.13284e-07	-12277.5
604	1.13284e-07	-15201.2
605	1.13284e-07	-15459
606	1.13284e-07	-13869.7
607	1.13284e-07	-14287.8
608	1.13284e-07	-14887.4
609	1.13284e-07	-13088.2
610	1.13284e-07	-11615.5
611	1.13284e-07	-12808.1
612	1.13284e-07	-12846.2
613	1.13284e-07	-13679.8
614	1.13284e-07	-14055.3
615	1.13284e-07	-12712.2
616	1.13284e-07	-13459
617	1.13284e-07	-14065.1
618	1.13284e-07	-16390.3
619	1.13284e-07	-13742.1
620	1.13284e-07	-12232.6
621	1.13284e-07	-13035.9
622	1.13284e-07	-13420.9
623	1.13284e-07	-12870.4
624	1.13284e-07	-12906
625	1.13284e-07	-13518.9
626	1.13284e-07	-13591.3
627	1.13284e-07	-12374.3
628	1.13284e-07	-11840.6
629	1.13284e-07	-13126.9
630	1.13284e-07	-14174.3
631	1.13284e-07	-15318.9
632	1.13284e-07	-13678.9
633	1.13284e-07	-11773
634	1.13284e-07	-10346.4
635	1.13284e-07	-12135.7
636	1.13284e-07	-14616.7
637	1.13284e-07	-16149.9
638	1.13284e-07	-14309.2
639	1.13284e-07	-11347.8
640	1.13284e-07	-12292.4
641	1.13284e-07	-12857.9
642	1.13284e-07	-14033.7
643	1.13284e-07	-11239.4
644	1.13284e-07	-12296.1
645	1.13284e-07	-11254.1
646	1.13284e-07	-12135.2
647	1.13284e-07	-12324.9
648	1.13284e-07	-13322.2
649	1.13284e-07	-12090.8
650	1.13284e-07	-12074.8
651	1.13284e-07	-12365.1
652	1.13284e-07	-12842.3
653	1.13284e-07	-13244.2
654	1.13284e-07	-12161
655	1.13284e-07	-12169.5
656	1.13284e-07	-11613
657	1.13284e-07	-11202.4
658	1.13284e-07	-13959.9
659	1.13284e-07	-11431.1
660	1.13284e-07	-11260.6
661	1.13284e-07	-12447.5
662	1.13284e-07	-16590.1
663	1.13284e-07	-17518.8
664	1.13284e-07	-14634.2
665	1.13284e-07	-14184.3
666	1.13284e-07	-13627.2
667	1.13284e-07	-17434.6
668	1.13284e-07	-14908.1
669	1.13284e-07	-13646.1
670	1.13284e-07	-17104.6
671	1.13284e-07	-13435.9
672	1.13284e-07	-13142.8
673	1.13284e-07	-14039.7
674	1.13284e-07	-13427.3
675	1.13284e-07	-14210.6
676	1.13284e-07	-12459.2
677	1.13284e-07	-12466.8
678	1.13284e-07	-11891.9
679	1.13284e-07	-12121.7
680	1.13284e-07	-12398.2
681	1.13284e-07	-11497.3
682	1.13284e-07	-13119.8
683	1.13284e-07	-12467.1
684	1.13284e-07	-13080.5
685	1.13284e-07	-11704.6
686	1.13284e-07	-11273.1
687	1.13284e-07	-12213.1
688	1.13284e-07	-11039.5
689	1.13284e-07	-10729.5
690	1.13284e-07	-11686.8
691	1.13284e-07	-11396.5
692	1.13284e-07	-11993.5
693	1.13284e-07	-12569.3
694	1.13284e-07	-12133.9
695	1.13284e-07	-12385.4
696	1.13284e-07	-11324.5
697	1.13284e-07	-13566.3
698	1.13284e-07	-11077.8
699	1.13284e-07	-12378
700	1.13284e-07	-13254.5
701	1.13284e-07	-12860.5
702	1.13284e-07	-13002.3
703	1.13284e-07	-15211.5
704	1.13284e-07	-16291.1
705	1.13284e-07	-15185.1
706	1.13284e-07	-12937.3
707	1.13284e-07	-12181.1
708	1.13284e-07	-11578.6
709	1.13284e-07	-14215.6
710	1.13284e-07	-15874.9
711	1.13284e-07	-16628.2
712	1.13284e-07	-15041.8
713	1.13284e-07	-15094.4
714	1.13284e-07	-13074.6
715	1.13284e-07	-11461.1
716	1.13284e-07	-14006.1
717	1.13284e-07	-14488.4
718	1.13284e-07	-16045.8
719	1.13284e-07	-16230.4
720	1.13284e-07	-12259.9
721	1.13284e-07	-13084.1
722	1.13284e-07	-13429.9
723	1.13284e-07	-11881.5
724	1.13284e-07	-11575.1
725	1.13284e-07	-14078.8
726	1.13284e-07	-14080
727	1.13284e-07	-13537.1
728	1.13284e-07	-13235.8
729	1.13284e-07	-13432.8
730	1.13284e-07	-10347.8
731	1.13284e-07	-11919
732	1.13284e-07	-13728.8
733	1.13284e-07	-14523.3
734	1.13284e-07	-13520.1
735	1.13284e-07	-13136.2
736	1.13284e-07	-12130.3
737	1.13284e-07	-13772.5
738	1.13284e-07	-13122.3
739	1.13284e-07	-12103.5
740	1.13284e-07	-12689.8
741	1.13284e-07	-11804.9
742	1.13284e-07	-12187.1
743	1.13284e-07	-12465.9
744	1.13284e-07	-12769.4
745	1.13284e-07	-14428.8
746	1.13284e-07	-11121.4
747	1.13284e-07	-11298.5
748	1.13284e-07	-12687
749	1.13284e-07	-14071
750	1.13284e-07	-14534.9
751	1.13284e-07	-14666.7
752	1.13284e-07	-12875.5
753	1.13284e-07	-12582
754	1.13284e-07	-13191.3
755	1.13284e-07	-11459.1
756	1.13284e-07	-12359.4
757	1.13284e-07	-12251.9
758	1.13284e-07	-12751.9
759	1.13284e-07	-14715
760	1.13284e-07	-12118.7
761	1.13284e-07	-12523
762	1.13284e-07	-11671.8
763	1.13284e-07	-12237.5
764	1.13284e-07	-10960.8
765	1.13284e-07	-10972.9
766	1.13284e-07	-11591.8
767	1.13284e-07	-10785.8
768	1.13284e-07	-11760.9
769	1.13284e-07	-16044.4
770	1.13284e-07	-17783
771	1.13284e-07	-17726
772	1.13284e-07	-15509.8
773	1.13284e-07	-17055.1
774	1.13284e-07	-12087.2
775	1.13284e-07	-13353.3
776	1.13284e-07	-14913.3
777	1.13284e-07	-12063.7
778	1.13284e-07	-12946.6
779	1.13284e-07	-12611.7
780	1.13284e-07	-15300.4
781	1.13284e-07	-15441.5
782	1.13284e-07	-12586.9
783	1.13284e-07	-15201
784	1.13284e-07	-12999.8
785	1.13284e-07	-13092.9
786	1.13284e-07	-11942.7
787	1.13284e-07	-10976.1
788	1.13284e-07	-13140
789	1.13284e-07	-12667.8
790	1.13284e-07	-11031.2
791	1.13284e-07	-11737.8
792	1.13284e-07	-11645.1
793	1.13284e-07	-13347.2
794	1.13284e-07	-11765.1
795	1.13284e-07	-12570.7
796	1.13284e-07	-15295.8
797	1.13284e-07	-13122.8
798	1.13284e-07	-12009.1
799	1.13284e-07	-15636.9
800	1.13284e-07	-15525
801	1.13284e-07	-14119.1
802	1.13284e-07	-14833.9
803	1.13284e-07	-10946.1
804	1.13284e-07	-12071.2
805	1.13284e-07	-13079.4
806	1.13284e-07	-12623.3
807	1.13284e-07	-12455.1
808	1.13284e-07	-10839
809	1.13284e-07	-12003.4
810	1.13284e-07	-11669
811	1.13284e-07	-13332.6
812	1.13284e-07	-13427.4
813	1.13284e-07	-17050.8
814	1.13284e-07	-14453
815	1.13284e-07	-15434.9
816	1.13284e-07	-15810.9
817	1.13284e-07	-15182.9
818	1.13284e-07	-19021.7
819	1.13284e-07	-15162.1
820	1.13284e-07	-13012.5
821	1.13284e-07	-15744.2
822	1.13284e-07	-12811.7
823	1.13284e-07	-15005.7
824	1.13284e-07	-14726.3
825	1.13284e-07	-13512.3
826	1.13284e-07	-16171.9
827	1.13284e-07	-16035.3
828	1.13284e-07	-14667.1
829	1.13284e-07	-14537.3
830	1.13284e-07	-15527.1
831	1.13284e-07	-14114.9
832	1.13284e-07	-12995.9
833	1.13284e-07	-14483.2
834	1.13284e-07	-11810.4
835	1.13284e-07	-10901.1
836	1.13284e-07	-13691.1
837	1.13284e-07	-12725.9
838	1.13284e-07	-15348
839	1.13284e-07	-15580.2
840	1.13284e-07	-18056.5
841	1.13284e-07	-17004.2
842	1.13284e-07	-16956.8
843	1.13284e-07	-14736.2
844	1.13284e-07	-12691.5
845	1.13284e-07	-17328.6
846	1.13284e-07	-17049.5
847	1.13284e-07	-15469.7
848	1.13284e-07	-14247.2
849	1.13284e-07	-12333.2
850	1.13284e-07	-12360.3
851	1.13284e-07	-11924
852	1.13284e-07	-13752.5
853	1.13284e-07	-13034.8
854	1.13284e-07	-10414.7
855	1.13284e-07	-12737.6
856	1.13284e-07	-11281.9
857	1.13284e-07	-12219.2
858	1.13284e-07	-11089.7
859	1.13284e-07	-12787.2
860	1.13284e-07	-11491.9
861	1.13284e-07	-12446.8
862	1.13284e-07	-11600
863	1.13284e-07	-12445.3
864	1.13284e-07	-12493.7
865	1.13284e-07	-11433.9
866	1.13284e-07	-11791.5
867	1.13284e-07	-14593.4
868	1.13284e-07	-12110
869	1.13284e-07	-11636.4
870	1.13284e-07	-12864.6
871	1.13284e-07	-11588.9
872	1.13284e-07	-11938
873	1.13284e-07	-13540
874	1.13284e-07	-14317
875	1.13284e-07	-13314.4
876	1.13284e-07	-13706
877	1.13284e-07	-12614
878	1.13284e-07	-11574
879	1.13284e-07	-13406.9
880	1.13284e-07	-13406.4
881	1.13284e-07	-14240.5
882	1.13284e-07	-12129.3
883	1.13284e-07	-12384.7
884	1.13284e-07	-13191.2
885	1.13284e-07	-11456.6
886	1.13284e-07	-12149.3
887	1.13284e-07	-13837.9
888	1.13284e-07	-12774.6
889	1.13284e-07	-10878.9
890	1.13284e-07	-11588.4
891	1.13284e-07	-11260.9
892	1.13284e-07	-11742
893	1.13284e-07	-11706.3
894	1.13284e-07	-11634.7
895	1.13284e-07	-11995.7
896	1.13284e-07	-15713.9
897	1.13284e-07	-14301.2
898	1.13284e-07	-14486.3
899	1.13284e-07	-12775.2
900	1.13284e-07	-12026.3
901	1.13284e-07	-11012.3
902	1.13284e-07	-12171
903	1.13284e-07	-15949.7
904	1.13284e-07	-12806
905	1.13284e-07	-12434.8
906	1.13284e-07	-13011.1
907	1.13284e-07	-14170.3
908	1.13284e-07	-13144.3
909	1.13284e-07	-13047
910	1.13284e-07	-13811.5
911	1.13284e-07	-11761
912	1.13284e-07	-17079.4
913	1.13284e-07	-17189.9
914	1.13284e-07	-12795.6
915	1.13284e-07	-12379.8
916	1.13284e-07	-13754.6
917	1.13284e-07	-14561
918	1.13284e-07	-13193.5
919	1.13284e-07	-12195.1
920	1.13284e-07	-12249.2
921	1.13284e-07	-11545.4
922	1.13284e-07	-12089.3
923	1.13284e-07	-12874.2
924	1.13284e-07	-12003.9
925	1.13284e-07	-11572.1
926	1.13284e-07	-12934.4
927	1.13284e-07	-12602.8
928	1.13284e-07	-11976.9
929	1.13284e-07	-11973.9
930	1.13284e-07	-12568.6
931	1.13284e-07	-11644.8
932	1.13284e-07	-10316.1
933	1.13284e-07	-12525.3
934	1.13284e-07	-12248.1
935	1.13284e-07	-12889
936	1.13284e-07	-13129.7
937	1.13284e-07	-13613.4
938	1.13284e-07	-11391.7
939	1.13284e-07	-12902.6
940	1.13284e-07	-11451.2
941	1.13284e-07	-12489.1
942	1.13284e-07	-12713.5
943	1.13284e-07	-12743.9
944	1.13284e-07	-12354.1
945	1.13284e-07	-13444.8
946	1.13284e-07	-12564.7
947	1.13284e-07	-12187.9
948	1.13284e-07	-11782
949	1.13284e-07	-12864.3
950	1.13284e-07	-13860.3
951	1.13284e-07	-14012
952	1.13284e-07	-14176.8
953	1.13284e-07	-14673
954	1.13284e-07	-14258.2
955	1.13284e-07	-12323.2
956	1.13284e-07	-11049.5
957	1.13284e-07	-11998.2
958	1.13284e-07	-12461.2
959	1.13284e-07	-11699.7
960	1.13284e-07	-11525.7
961	1.13284e-07	-12545.1
962	1.13284e-07	-13080.1
963	1.13284e-07	-11623.5
964	1.13284e-07	-11481.5
965	1.13284e-07	-14811.1
966	1.13284e-07	-15346.1
967	1.13284e-07	-15649.3
968	1.13284e-07	-14369.5
969	1.13284e-07	-13543.7
970	1.13284e-07	-14164.2
971	1.13284e-07	-12306.2
972	1.13284e-07	-13002
973	1.13284e-07	-12243.8
974	1.13284e-07	-11991.1
975	1.13284e-07	-10983.8
976	1.13284e-07	-12664.4
977	1.13284e-07	-13617.6
978	1.13284e-07	-12284
979	1.13284e-07	-12535.1
980	1.13284e-07	-13514.3
981	1.13284e-07	-14983.9
982	1.13284e-07	-12772.3
983	1.13284e-07	-11891.8
984	1.13284e-07	-11729.4
985	1.13284e-07	-13473.1
986	1.13284e-07	-11469.9
987	1.13284e-07	-10812.2
988	1.13284e-07	-10749.7
989	1.13284e-07	-11807.3
990	1.13284e-07	-12891.4
991	1.13284e-07	-14820.1
992	1.13284e-07	-12162.2
993	1.13284e-07	-13666.9
994	1.13284e-07	-16502.6
995	1.13284e-07	-13531.5
996	1.13284e-07	-12550.6
997	1.13284e-07	-13880.7
998	1.13284e-07	-13032.5
999	1.13284e-07	-12153.5
1000	1.13284e-07	-14245
251	3.54013e-09	-12712.2
252	3.54013e-09	-14585.5
253	3.54013e-09	-15575.1
254	3.54013e-09	-17313.9
255	3.54013e-09	-16558
256	3.54013e-09	-15468.6
257	3.54013e-09	-16214.8
258	3.54013e-09	-19283.2
259	3.54013e-09	-17389
260	3.54013e-09	-13194
261	3.54013e-09	-12826.4
262	3.54013e-09	-12079.6
263	3.54013e-09	-12451.3
264	3.54013e-09	-12801.6
265	3.54013e-09	-14790.7
266	3.54013e-09	-17513.5
267	3.54013e-09	-14151.4
268	3.54013e-09	-13732.3
269	3.54013e-09	-12920.2
270	3.54013e-09	-13044.2
271	3.54013e-09	-10900.6
272	3.54013e-09	-11955.1
273	3.54013e-09	-11614.7
274	3.54013e-09	-16707.9
275	3.54013e-09	-11586.2
276	3.54013e-09	-13081.1
277	3.54013e-09	-15942.5
278	3.54013e-09	-13555
279	3.54013e-09	-12009.7
280	3.54013e-09	-11795.1
281	3.54013e-09	-12651.4
282	3.54013e-09	-14342.6
283	3.54013e-09	-13321.5
284	3.54013e-09	-14589.6
285	3.54013e-09	-11004.3
286	3.54013e-09	-12545.5
287	3.54013e-09	-12425.6
288	3.54013e-09	-13777.6
289	3.54013e-09	-12489.4
290	3.54013e-09	-14883.3
291	3.54013e-09	-12045.8
292	3.54013e-09	-10730.5
293	3.54013e-09	-11366.1
294	3.54013e-09	-11162.4
295	3.54013e-09	-11080.9
296	3.54013e-09	-11684.6
297	3.54013e-09	-14254.1
298	3.54013e-09	-12264.8
299	3.54013e-09	-12611.6
300	3.54013e-09	-14742.1
301	3.54013e-09	-14141
302	3.54013e-09	-12316.3
303	3.54013e-09	-12601.4
304	3.54013e-09	-17468.7
305	3.54013e-09	-19271.9
306	3.54013e-09	-19952.7
307	3.54013e-09	-15681.3
308	3.54013e-09	-16163.4
309	3.54013e-09	-14823.4
310	3.54013e-09	-15945.1
311	3.54013e-09	-10504.5
312	3.54013e-09	-11360.2
313	3.54013e-09	-10310
314	3.54013e-09	-12558.5
315	3.54013e-09	-12390.1
316	3.54013e-09	-15438.1
317	3.54013e-09	-20837.6
318	3.54013e-09	-19166.8
319	3.54013e-09	-22347.2
320	3.54013e-09	-21260.4
321	3.54013e-09	-15760.9
322	3.54013e-09	-12598.9
323	3.54013e-09	-11285.4
324	3.54013e-09	-11750.4
325	3.54013e-09	-13937.6
326	3.54013e-09	-12637.9
327	3.54013e-09	-13131.9
328	3.54013e-09	-14013.2
329	3.54013e-09	-13889.1
330	3.54013e-09	-10772.2
331	3.54013e-09	-15687.9
332	3.54013e-09	-14878.3
333	3.54013e-09	-15180.4
334	3.54013e-09	-12941.5
335	3.54013e-09	-12357.4
336	3.54013e-09	-12322.8
337	3.54013e-09	-11601.3
338	3.54013e-09	-10956.5
339	3.54013e-09	-12388.1
340	3.54013e-09	-12012.9
341	3.54013e-09	-16188.4
342	3.54013e-09	-15119.2
343	3.54013e-09	-14163.6
344	3.54013e-09	-15395.2
345	3.54013e-09	-13725.5
346	3.54013e-09	-14684.9
347	3.54013e-09	-13548.5
348	3.54013e-09	-13215.5
349	3.54013e-09	-12921
350	3.54013e-09	-13906.9
351	3.54013e-09	-14782.5
352	3.54013e-09	-14575.7
353	3.54013e-09	-15074.3
354	3.54013e-09	-12915.3
355	3.54013e-09	-13304.2
356	3.54013e-09	-12806.2
357	3.54013e-09	-16730
358	3.54013e-09	-14490.9
359	3.54013e-09	-16231.8
360	3.54013e-09	-14182.9
361	3.54013e-09	-13635.6
362	3.54013e-09	-13599.5
363	3.54013e-09	-15351.9
364	3.54013e-09	-15592.6
365	3.54013e-09	-15779.8
366	3.54013e-09	-14955.3
367	3.54013e-09	-14989
368	3.54013e-09	-13524.1
369	3.54013e-09	-17744.6
370	3.54013e-09	-14695
371	3.54013e-09	-12101.4
372	3.54013e-09	-12059.3
373	3.54013e-09	-12974.9
374	3.54013e-09	-12023.8
375	3.54013e-09	-13105.1
376	3.54013e-09	-12273.8
377	3.54013e-09	-12553.9
378	3.54013e-09	-14970.4
379	3.54013e-09	-13564.1
380	3.54013e-09	-11192.5
381	3.54013e-09	-11818
382	3.54013e-09	-12098.1
383	3.54013e-09	-11928.1
384	3.54013e-09	-13952.9
385	3.54013e-09	-13865.2
386	3.54013e-09	-14637.3
387	3.54013e-09	-16359.8
388	3.54013e-09	-14656.5
389	3.54013e-09	-13207.4
390	3.54013e-09	-11434
391	3.54013e-09	-10848.9
392	3.54013e-09	-12169.9
393	3.54013e-09	-16865.4
394	3.54013e-09	-15931.2
395	3.54013e-09	-14365.9
396	3.54013e-09	-13906.6
397	3.54013e-09	-11869.7
398	3.54013e-09	-13714.3
399	3.54013e-09	-13516.8
400	3.54013e-09	-11654.2
401	3.54013e-09	-12288.5
402	3.54013e-09	-13639.8
403	3.54013e-09	-11725.8
404	3.54013e-09	-14124.6
405	3.54013e-09	-10991.2
406	3.54013e-09	-13665
407	3.54013e-09	-13429
408	3.54013e-09	-12596.6
409	3.54013e-09	-11830.3
410	3.54013e-09	-13273
411	3.54013e-09	-11825.2
412	3.54013e-09	-11446.9
413	3.54013e-09	-12068.2
414	3.54013e-09	-12831.7
415	3.54013e-09	-11221.3
416	3.54013e-09	-11996.5
417	3.54013e-09	-12889.8
418	3.54013e-09	-13977.3
419	3.54013e-09	-14569.2
420	3.54013e-09	-16222.8
421	3.54013e-09	-13328.1
422	3.54013e-09	-14262.6
423	3.54013e-09	-13738.7
424	3.54013e-09	-16216
425	3.54013e-09	-13913.4
426	3.54013e-09	-13814
427	3.54013e-09	-16536.1
428	3.54013e-09	-15438.1
429	3.54013e-09	-12906.9
430	3.54013e-09	-11641.7
431	3.54013e-09	-10924.8
432	3.54013e-09	-11795.6
433	3.54013e-09	-12820.6
434	3.54013e-09	-12589.2
435	3.54013e-09	-14802.9
436	3.54013e-09	-14161.6
437	3.54013e-09	-18371
438	3.54013e-09	-13806.5
439	3.54013e-09	-12312.9
440	3.54013e-09	-14671.3
441	3.54013e-09	-14362
442	3.54013e-09	-13632.2
443	3.54013e-09	-14184
444	3.54013e-09	-11709
445	3.54013e-09	-12456.6
446	3.54013e-09	-13059.6
447	3.54013e-09	-12693.1
448	3.54013e-09	-13926.9
449	3.54013e-09	-17361
450	3.54013e-09	-12469
451	3.54013e-09	-13940.1
452	3.54013e-09	-18253.2
453	3.54013e-09	-11674
454	3.54013e-09	-13380.4
455	3.54013e-09	-13597.7
456	3.54013e-09	-11196.6
457	3.54013e-09	-12685.5
458	3.54013e-09	-11476.6
459	3.54013e-09	-11833.4
460	3.54013e-09	-15337.9
461	3.54013e-09	-12441.3
462	3.54013e-09	-11934.3
463	3.54013e-09	-16337.1
464	3.54013e-09	-18496.3
465	3.54013e-09	-13622.4
466	3.54013e-09	-13537.5
467	3.54013e-09	-18391.9
468	3.54013e-09	-18360.6
469	3.54013e-09	-12296.4
470	3.54013e-09	-12404.1
471	3.54013e-09	-11503.4
472	3.54013e-09	-11465.7
473	3.54013e-09	-12493.9
474	3.54013e-09	-14511.7
475	3.54013e-09	-13596.2
476	3.54013e-09	-11505.6
477	3.54013e-09	-12915
478	3.54013e-09	-13219.1
479	3.54013e-09	-13185.4
480	3.54013e-09	-11010.6
481	3.54013e-09	-12157.6
482	3.54013e-09	-12996.2
483	3.54013e-09	-13957.3
484	3.54013e-09	-17102
485	3.54013e-09	-15074.6
486	3.54013e-09	-15040.9
487	3.54013e-09	-16261.1
488	3.54013e-09	-13779.4
489	3.54013e-09	-13524
490	3.54013e-09	-14884.5
491	3.54013e-09	-17481
492	3.54013e-09	-12233.2
493	3.54013e-09	-12684.4
494	3.54013e-09	-12917.7
495	3.54013e-09	-13839.8
496	3.54013e-09	-15754.2
497	3.54013e-09	-15889.4
498	3.54013e-09	-13974.3
499	3.54013e-09	-11033.7
500	3.54013e-09	-11209.1
501	3.54013e-09	-12920.9
502	3.54013e-09	-10787.6
503	3.54013e-09	-11630.1
504	3.54013e-09	-16232
505	3.54013e-09	-11085
506	3.54013e-09	-12081.5
507	3.54013e-09	-13297.5
508	3.54013e-09	-11242.3
509	3.54013e-09	-13402.8
510	3.54013e-09	-13188.4
511	3.54013e-09	-13800.6
512	3.54013e-09	-13450.3
513	3.54013e-09	-15444.9
514	3.54013e-09	-14264.7
515	3.54013e-09	-11564.7
516	3.54013e-09	-10773.1
517	3.54013e-09	-13648.7
518	3.54013e-09	-13668.4
519	3.54013e-09	-13842.4
520	3.54013e-09	-14161.4
521	3.54013e-09	-12989.2
522	3.54013e-09	-16239.8
523	3.54013e-09	-14187.1
524	3.54013e-09	-12028.6
525	3.54013e-09	-15638.7
526	3.54013e-09	-16564.7
527	3.54013e-09	-17276.1
528	3.54013e-09	-14754.7
529	3.54013e-09	-15486.9
530	3.54013e-09	-12128.7
531	3.54013e-09	-12075.5
532	3.54013e-09	-11608.2
533	3.54013e-09	-12444.4
534	3.54013e-09	-15891.2
535	3.54013e-09	-12289.5
536	3.54013e-09	-11606.8
537	3.54013e-09	-10460.1
538	3.54013e-09	-11887.7
539	3.54013e-09	-12682.5
540	3.54013e-09	-13083.8
541	3.54013e-09	-13247.8
542	3.54013e-09	-12421.6
543	3.54013e-09	-13947
544	3.54013e-09	-12288.9
545	3.54013e-09	-12979.2
546	3.54013e-09	-12875.4
547	3.54013e-09	-11968.2
548	3.54013e-09	-13255
549	3.54013e-09	-12692
550	3.54013e-09	-11424.8
551	3.54013e-09	-9710.15
552	3.54013e-09	-11303.3
553	3.54013e-09	-12310.1
554	3.54013e-09	-15442.8
555	3.54013e-09	-16213.7
556	3.54013e-09	-17018
557	3.54013e-09	-12505.6
558	3.54013e-09	-12599.5
559	3.54013e-09	-13085
560	3.54013e-09	-16623.4
561	3.54013e-09	-13474.1
562	3.54013e-09	-13690.8
563	3.54013e-09	-14480.9
564	3.54013e-09	-17343
565	3.54013e-09	-15536.7
566	3.54013e-09	-12453.3
567	3.54013e-09	-14049.6
568	3.54013e-09	-14202.6
569	3.54013e-09	-12070.2
570	3.54013e-09	-11990.6
571	3.54013e-09	-12872
572	3.54013e-09	-11542.5
573	3.54013e-09	-12562.4
574	3.54013e-09	-11332.5
575	3.54013e-09	-12557.9
576	3.54013e-09	-12471.8
577	3.54013e-09	-11877.1
578	3.54013e-09	-13787.5
579	3.54013e-09	-12713.5
580	3.54013e-09	-13263.7
581	3.54013e-09	-13843.1
582	3.54013e-09	-15806.7
583	3.54013e-09	-13988.1
584	3.54013e-09	-13341.8
585	3.54013e-09	-12282.7
586	3.54013e-09	-10645.5
587	3.54013e-09	-11347.7
588	3.54013e-09	-12379.9
589	3.54013e-09	-14246.4
590	3.54013e-09	-14371
591	3.54013e-09	-12595.7
592	3.54013e-09	-12439.4
593	3.54013e-09	-11412.8
594	3.54013e-09	-12208.1
595	3.54013e-09	-13930.5
596	3.54013e-09	-13068.4
597	3.54013e-09	-12136
598	3.54013e-09	-11295.2
599	3.54013e-09	-12837.7
600	3.54013e-09	-13132.5
601	3.54013e-09	-12922.8
602	3.54013e-09	-11619.8
603	3.54013e-09	-13921
604	3.54013e-09	-13860.3
605	3.54013e-09	-14291
606	3.54013e-09	-14314.6
607	3.54013e-09	-14836.6
608	3.54013e-09	-13617.9
609	3.54013e-09	-12901.4
610	3.54013e-09	-13294
611	3.54013e-09	-13096.8
612	3.54013e-09	-12355.7
613	3.54013e-09	-11860.1
614	3.54013e-09	-11757.3
615	3.54013e-09	-11820.7
616	3.54013e-09	-13016.1
617	3.54013e-09	-14707.4
618	3.54013e-09	-12824.5
619	3.54013e-09	-14794.1
620	3.54013e-09	-14131.1
621	3.54013e-09	-13996.3
622	3.54013e-09	-14702.3
623	3.54013e-09	-13455.1
624	3.54013e-09	-11512.6
625	3.54013e-09	-12684
626	3.54013e-09	-12747
627	3.54013e-09	-11498.1
628	3.54013e-09	-11285.5
629	3.54013e-09	-13988.9
630	3.54013e-09	-11993.4
631	3.54013e-09	-12241.1
632	3.54013e-09	-11983.4
633	3.54013e-09	-13392.4
634	3.54013e-09	-11483.3
635	3.54013e-09	-12339.6
636	3.54013e-09	-13463.1
637	3.54013e-09	-11978.7
638	3.54013e-09	-12993.8
639	3.54013e-09	-11819.9
640	3.54013e-09	-13128.5
641	3.54013e-09	-10788.3
642	3.54013e-09	-12917.8
643	3.54013e-09	-13136.9
644	3.54013e-09	-12926.8
645	3.54013e-09	-14190.6
646	3.54013e-09	-13787.7
647	3.54013e-09	-12033.4
648	3.54013e-09	-11977
649	3.54013e-09	-11064.1
650	3.54013e-09	-14681.8
651	3.54013e-09	-15015.1
652	3.54013e-09	-11593.6
653	3.54013e-09	-11251.1
654	3.54013e-09	-12187.9
655	3.54013e-09	-11868.9
656	3.54013e-09	-14259.9
657	3.54013e-09	-14808.3
658	3.54013e-09	-14305.1
659	3.54013e-09	-13213.6
660	3.54013e-09	-11121.5
661	3.54013e-09	-11007.2
662	3.54013e-09	-12402.3
663	3.54013e-09	-12675.8
664	3.54013e-09	-11658.3
665	3.54013e-09	-9987.75
666	3.54013e-09	-11944.5
667	3.54013e-09	-15005.5
668	3.54013e-09	-14037.6
669	3.54013e-09	-10883.2
670	3.54013e-09	-12335
671	3.54013e-09	-12088.2
672	3.54013e-09	-13864.6
673	3.54013e-09	-13896.6
674	3.54013e-09	-13074
675	3.54013e-09	-14092.8
676	3.54013e-09	-14339.7
677	3.54013e-09	-14792
678	3.54013e-09	-14057.6
679	3.54013e-09	-12793.5
680	3.54013e-09	-12495.1
681	3.54013e-09	-13622.9
682	3.54013e-09	-13414.1
683	3.54013e-09	-15318.8
684	3.54013e-09	-13667.5
685	3.54013e-09	-15583.1
686	3.54013e-09	-15840
687	3.54013e-09	-16021.8
688	3.54013e-09	-16577.7
689	3.54013e-09	-13688.8
690	3.54013e-09	-13677.4
691	3.54013e-09	-12934.7
692	3.54013e-09	-13235.9
693	3.54013e-09	-12981.4
694	3.54013e-09	-12719.6
695	3.54013e-09	-13918
696	3.54013e-09	-15278.7
697	3.54013e-09	-15753.5
698	3.54013e-09	-16187.3
699	3.54013e-09	-13515.2
700	3.54013e-09	-12448.8
701	3.54013e-09	-13268.8
702	3.54013e-09	-13320.6
703	3.54013e-09	-13548.3
704	3.54013e-09	-12038.9
705	3.54013e-09	-12352.1
706	3.54013e-09	-12621
707	3.54013e-09	-11935.2
708	3.54013e-09	-11468.4
709	3.54013e-09	-11764.6
710	3.54013e-09	-10929.4
711	3.54013e-09	-11168.1
712	3.54013e-09	-17300.2
713	3.54013e-09	-16080.3
714	3.54013e-09	-13804.6
715	3.54013e-09	-11540.7
716	3.54013e-09	-11645.5
717	3.54013e-09	-11591.7
718	3.54013e-09	-12333.1
719	3.54013e-09	-11813.7
720	3.54013e-09	-14014.5
721	3.54013e-09	-13860.5
722	3.54013e-09	-12717.7
723	3.54013e-09	-12912.9
724	3.54013e-09	-12464.6
725	3.54013e-09	-12211.6
726	3.54013e-09	-12993.4
727	3.54013e-09	-11783.4
728	3.54013e-09	-12888.1
729	3.54013e-09	-15451
730	3.54013e-09	-15203.6
731	3.54013e-09	-14571.9
732	3.54013e-09	-15061.2
733	3.54013e-09	-11941.9
734	3.54013e-09	-12875.7
735	3.54013e-09	-12009.1
736	3.54013e-09	-12601.5
737	3.54013e-09	-11957.2
738	3.54013e-09	-11407
739	3.54013e-09	-11476.1
740	3.54013e-09	-10139.9
741	3.54013e-09	-12860.7
742	3.54013e-09	-15170
743	3.54013e-09	-11790.7
744	3.54013e-09	-12713.7
745	3.54013e-09	-12222
746	3.54013e-09	-10700.6
747	3.54013e-09	-11779.2
748	3.54013e-09	-11438.8
749	3.54013e-09	-10888.1
750	3.54013e-09	-12702.4
751	3.54013e-09	-12016
752	3.54013e-09	-14147.4
753	3.54013e-09	-11630.9
754	3.54013e-09	-12322
755	3.54013e-09	-13388
756	3.54013e-09	-16527.8
757	3.54013e-09	-14081.8
758	3.54013e-09	-15491.9
759	3.54013e-09	-20370.1
760	3.54013e-09	-15487.8
761	3.54013e-09	-12641.5
762	3.54013e-09	-12490
763	3.54013e-09	-10578.7
764	3.54013e-09	-11194.4
765	3.54013e-09	-11048.4
766	3.54013e-09	-14015
767	3.54013e-09	-13187.3
768	3.54013e-09	-12971.8
769	3.54013e-09	-11987.7
770	3.54013e-09	-11663.9
771	3.54013e-09	-12081.7
772	3.54013e-09	-11410.4
773	3.54013e-09	-12125.4
774	3.54013e-09	-11677.5
775	3.54013e-09	-13140.5
776	3.54013e-09	-14278.5
777	3.54013e-09	-13479.6
778	3.54013e-09	-13187.6
779	3.54013e-09	-12858.8
780	3.54013e-09	-12592.1
781	3.54013e-09	-13849.6
782	3.54013e-09	-13303.4
783	3.54013e-09	-11782.1
784	3.54013e-09	-13130.1
785	3.54013e-09	-13652.3
786	3.54013e-09	-15680.8
787	3.54013e-09	-11613.6
788	3.54013e-09	-12324.7
789	3.54013e-09	-13143.9
790	3.54013e-09	-19676.5
791	3.54013e-09	-15894.6
792	3.54013e-09	-10696.8
793	3.54013e-09	-13510.9
794	3.54013e-09	-15678
795	3.54013e-09	-17131.8
796	3.54013e-09	-16975.9
797	3.54013e-09	-12160.4
798	3.54013e-09	-13112.6
799	3.54013e-09	-13620.4
800	3.54013e-09	-13269.1
801	3.54013e-09	-12583.8
802	3.54013e-09	-15068
803	3.54013e-09	-14974.4
804	3.54013e-09	-11572.9
805	3.54013e-09	-12215.2
806	3.54013e-09	-11677
807	3.54013e-09	-11785.6
808	3.54013e-09	-11462.4
809	3.54013e-09	-10083
810	3.54013e-09	-10461.3
811	3.54013e-09	-10638.1
812	3.54013e-09	-10616.5
813	3.54013e-09	-11181.1
814	3.54013e-09	-12699.1
815	3.54013e-09	-13319.4
816	3.54013e-09	-12945
817	3.54013e-09	-13957.2
818	3.54013e-09	-13121.8
819	3.54013e-09	-15018.6
820	3.54013e-09	-14987.5
821	3.54013e-09	-14427.2
822	3.54013e-09	-14081.5
823	3.54013e-09	-16352.1
824	3.54013e-09	-16072.5
825	3.54013e-09	-17186.8
826	3.54013e-09	-14639.3
827	3.54013e-09	-13240.6
828	3.54013e-09	-13684.8
829	3.54013e-09	-11312.5
830	3.54013e-09	-11601.9
831	3.54013e-09	-13126.2
832	3.54013e-09	-14018.7
833	3.54013e-09	-13007
834	3.54013e-09	-12259.8
835	3.54013e-09	-12299.3
836	3.54013e-09	-15008.7
837	3.54013e-09	-12534.1
838	3.54013e-09	-12095.7
839	3.54013e-09	-12418.4
840	3.54013e-09	-12352.2
841	3.54013e-09	-11428.6
842	3.54013e-09	-14537.2
843	3.54013e-09	-13227.3
844	3.54013e-09	-11832.6
845	3.54013e-09	-12046.4
846	3.54013e-09	-12338.2
847	3.54013e-09	-11752.5
848	3.54013e-09	-12430.5
849	3.54013e-09	-12683.3
850	3.54013e-09	-12404.6
851	3.54013e-09	-12460.8
852	3.54013e-09	-11791.5
853	3.54013e-09	-12047.9
854	3.54013e-09	-12661.1
855	3.54013e-09	-13582
856	3.54013e-09	-12733.8
857	3.54013e-09	-12701.4
858	3.54013e-09	-14963.7
859	3.54013e-09	-11049.6
860	3.54013e-09	-12368
861	3.54013e-09	-11394.1
862	3.54013e-09	-10847.8
863	3.54013e-09	-12510.3
864	3.54013e-09	-13561.3
865	3.54013e-09	-12567.4
866	3.54013e-09	-12397.9
867	3.54013e-09	-13477.3
868	3.54013e-09	-12701.7
869	3.54013e-09	-12685.1
870	3.54013e-09	-14209
871	3.54013e-09	-11869
872	3.54013e-09	-13305.6
873	3.54013e-09	-14393.4
874	3.54013e-09	-14074.6
875	3.54013e-09	-12388
876	3.54013e-09	-14316.2
877	3.54013e-09	-12516.7
878	3.54013e-09	-11495.8
879	3.54013e-09	-11380.7
880	3.54013e-09	-11378.4
881	3.54013e-09	-11443.1
882	3.54013e-09	-11528.1
883	3.54013e-09	-12028.2
884	3.54013e-09	-12629.3
885	3.54013e-09	-14436.5
886	3.54013e-09	-13043.3
887	3.54013e-09	-12637.5
888	3.54013e-09	-11652.2
889	3.54013e-09	-11754.8
890	3.54013e-09	-12019.1
891	3.54013e-09	-11856
892	3.54013e-09	-12610.9
893	3.54013e-09	-14342.7
894	3.54013e-09	-14391.8
895	3.54013e-09	-13902.4
896	3.54013e-09	-13136.1
897	3.54013e-09	-11903.7
898	3.54013e-09	-15598.8
899	3.54013e-09	-12759.1
900	3.54013e-09	-13409.5
901	3.54013e-09	-12765.7
902	3.54013e-09	-12864.9
903	3.54013e-09	-13456.9
904	3.54013e-09	-16165.4
905	3.54013e-09	-14011.5
906	3.54013e-09	-16939.4
907	3.54013e-09	-19345.1
908	3.54013e-09	-18998.2
909	3.54013e-09	-17023.1
910	3.54013e-09	-14715.1
911	3.54013e-09	-12709.6
912	3.54013e-09	-14027.8
913	3.54013e-09	-14301.3
914	3.54013e-09	-12771.6
915	3.54013e-09	-14494.6
916	3.54013e-09	-16035.5
917	3.54013e-09	-15511.1
918	3.54013e-09	-14853.7
919	3.54013e-09	-16902.6
920	3.54013e-09	-16126.8
921	3.54013e-09	-12400.1
922	3.54013e-09	-14431.8
923	3.54013e-09	-18752.1
924	3.54013e-09	-15169.3
925	3.54013e-09	-17390.2
926	3.54013e-09	-16486.5
927	3.54013e-09	-13008.7
928	3.54013e-09	-13771.8
929	3.54013e-09	-14727.2
930	3.54013e-09	-14023.6
931	3.54013e-09	-15367.6
932	3.54013e-09	-16282.5
933	3.54013e-09	-13802.3
934	3.54013e-09	-13614.6
935	3.54013e-09	-13260.5
936	3.54013e-09	-13345.9
937	3.54013e-09	-15579.4
938	3.54013e-09	-16457
939	3.54013e-09	-15053
940	3.54013e-09	-16144.7
941	3.54013e-09	-14076.8
942	3.54013e-09	-14805.8
943	3.54013e-09	-17307.3
944	3.54013e-09	-12655.2
945	3.54013e-09	-15686.2
946	3.54013e-09	-17107.6
947	3.54013e-09	-17109.6
948	3.54013e-09	-15204.8
949	3.54013e-09	-12998.8
950	3.54013e-09	-12134.9
951	3.54013e-09	-12748.6
952	3.54013e-09	-12203.2
953	3.54013e-09	-12668.8
954	3.54013e-09	-11896.2
955	3.54013e-09	-11896.8
956	3.54013e-09	-11678.8
957	3.54013e-09	-11721.7
958	3.54013e-09	-11782
959	3.54013e-09	-12442.7
960	3.54013e-09	-13063.5
961	3.54013e-09	-11771.1
962	3.54013e-09	-13652.7
963	3.54013e-09	-12884.2
964	3.54013e-09	-15232.5
965	3.54013e-09	-15556.6
966	3.54013e-09	-14508.8
967	3.54013e-09	-11649.1
968	3.54013e-09	-12828.9
969	3.54013e-09	-12124.4
970	3.54013e-09	-13326.2
971	3.54013e-09	-13054.6
972	3.54013e-09	-13857.5
973	3.54013e-09	-12743.9
974	3.54013e-09	-11124.4
975	3.54013e-09	-11619.2
976	3.54013e-09	-10304.2
977	3.54013e-09	-10353.4
978	3.54013e-09	-9527.11
979	3.54013e-09	-11883.8
980	3.54013e-09	-12940.2
981	3.54013e-09	-11470.7
982	3.54013e-09	-12029.2
983	3.54013e-09	-11746.2
984	3.54013e-09	-14989.9
985	3.54013e-09	-13120.4
986	3.54013e-09	-11618.2
987	3.54013e-09	-12543.4
988	3.54013e-09	-10874.7
989	3.54013e-09	-13488.6
990	3.54013e-09	-12172.5
991	3.54013e-09	-13013.2
992	3.54013e-09	-10975.8
993	3.54013e-09	-10854.3
994	3.54013e-09	-12171.6
995	3.54013e-09	-13089.9
996	3.54013e-09	-11446.4
997	3.54013e-09	-13136.6
998	3.54013e-09	-14311.4
999	3.54013e-09	-12541.4
1000	3.54013e-09	-11635.5
251	1.16658e-302	-16022.2
252	1.16658e-302	-16470.8
253	1.16658e-302	-12852.8
254	1.16658e-302	-11867.5
255	1.16658e-302	-11319.2
256	1.16658e-302	-14497.7
257	1.16658e-302	-15351.3
258	1.16658e-302	-18646.1
259	1.16658e-302	-15338.7
260	1.16658e-302	-13944.3
261	1.16658e-302	-15464.6
262	1.16658e-302	-13284.8
263	1.16658e-302	-13795.2
264	1.16658e-302	-11588.8
265	1.16658e-302	-14337
266	1.16658e-302	-13039
267	1.16658e-302	-13468.9
268	1.16658e-302	-14369.3
269	1.16658e-302	-10220.1
270	1.16658e-302	-14179.8
271	1.16658e-302	-12483.4
272	1.16658e-302	-13692.4
273	1.16658e-302	-15996
274	1.16658e-302	-14540
275	1.16658e-302	-11907.2
276	1.16658e-302	-11933.4
277	1.16658e-302	-11728.6
278	1.16658e-302	-12118.4
279	1.16658e-302	-12864.1
280	1.16658e-302	-14591.5
281	1.16658e-302	-11758.6
282	1.16658e-302	-10805
283	1.16658e-302	-13324.8
284	1.16658e-302	-12982
285	1.16658e-302	-13578.4
286	1.16658e-302	-15686.2
287	1.16658e-302	-16446.7
288	1.16658e-302	-15801.4
289	1.16658e-302	-13039.6
290	1.16658e-302	-13161.4
291	1.16658e-302	-12429.9
292	1.16658e-302	-13391
293	1.16658e-302	-11680.7
294	1.16658e-302	-10967.9
295	1.16658e-302	-10935.4
296	1.16658e-302	-13220.7
297	1.16658e-302	-11863.1
298	1.16658e-302	-13622.4
299	1.16658e-302	-13750
300	1.16658e-302	-14195.2
301	1.16658e-302	-12471.6
302	1.16658e-302	-14076.1
303	1.16658e-302	-14491.6
304	1.16658e-302	-14045.7
305	1.16658e-302	-11439.9
306	1.16658e-302	-13197.5
307	1.16658e-302	-13937.1
308	1.16658e-302	-16380.8
309	1.16658e-302	-14792.1
310	1.16658e-302	-13659.1
311	1.16658e-302	-15889.9
312	1.16658e-302	-11633.6
313	1.16658e-302	-11936.2
314	1.16658e-302	-12771.2
315	1.16658e-302	-12833.7
316	1.16658e-302	-13109.3
317	1.16658e-302	-12475.6
318	1.16658e-302	-11309.6
319	1.16658e-302	-12520.7
320	1.16658e-302	-13972.6
321	1.16658e-302	-13646.2
322	1.16658e-302	-16155.8
323	1.16658e-302	-11630.3
324	1.16658e-302	-13769
325	1.16658e-302	-13136.1
326	1.16658e-302	-14187.7
327	1.16658e-302	-14476.3
328	1.16658e-302	-14290.4
329	1.16658e-302	-15656.9
330	1.16658e-302	-13330.3
331	1.16658e-302	-12984.1
332	1.16658e-302	-14657
333	1.16658e-302	-12721.3
334	1.16658e-302	-13019.4
335	1.16658e-302	-13365.2
336	1.16658e-302	-13718.4
337	1.16658e-302	-13456.4
338	1.16658e-302	-12533.1
339	1.16658e-302	-12878.3
340	1.16658e-302	-12393
341	1.16658e-302	-12757.9
342	1.16658e-302	-12546.1
343	1.16658e-302	-12158.4
344	1.16658e-302	-12535.9
345	1.16658e-302	-11594.2
346	1.16658e-302	-11946.1
347	1.16658e-302	-13197.2
348	1.16658e-302	-13893.9
349	1.16658e-302	-16194.2
350	1.16658e-302	-14009.3
351	1.16658e-302	-14368.3
352	1.16658e-302	-13673.5
353	1.16658e-302	-14375.3
354	1.16658e-302	-14845.6
355	1.16658e-302	-13172.6
356	1.16658e-302	-11131
357	1.16658e-302	-14303.3
358	1.16658e-302	-12784.5
359	1.16658e-302	-13267.1
360	1.16658e-302	-18720
361	1.16658e-302	-17939.6
362	1.16658e-302	-17850.2
363	1.16658e-302	-16801.9
364	1.16658e-302	-13890.1
365	1.16658e-302	-12141.7
366	1.16658e-302	-12988.9
367	1.16658e-302	-13608.4
368	1.16658e-302	-12303.6
369	1.16658e-302	-12943.6
370	1.16658e-302	-13425.8
371	1.16658e-302	-11638
372	1.16658e-302	-10993.1
373	1.16658e-302	-14296.4
374	1.16658e-302	-13458.7
375	1.16658e-302	-13333.6
376	1.16658e-302	-13437.3
377	1.16658e-302	-14025.1
378	1.16658e-302	-13150
379	1.16658e-302	-13763.8
380	1.16658e-302	-13197.2
381	1.16658e-302	-19021.6
382	1.16658e-302	-16816.4
383	1.16658e-302	-16438.4
384	1.16658e-302	-12493
385	1.16658e-302	-13151.6
386	1.16658e-302	-11932.9
387	1.16658e-302	-11773.6
388	1.16658e-302	-13142.2
389	1.16658e-302	-13844.8
390	1.16658e-302	-13891.3
391	1.16658e-302	-13872.3
392	1.16658e-302	-11638.8
393	1.16658e-302	-12329.1
394	1.16658e-302	-13620.7
395	1.16658e-302	-12227.5
396	1.16658e-302	-13517
397	1.16658e-302	-12109.7
398	1.16658e-302	-11456.4
399	1.16658e-302	-11320.1
400	1.16658e-302	-11300
401	1.16658e-302	-15649.3
402	1.16658e-302	-12706.6
403	1.16658e-302	-12404.1
404	1.16658e-302	-12879.9
405	1.16658e-302	-12405.3
406	1.16658e-302	-12467.5
407	1.16658e-302	-12052.3
408	1.16658e-302	-15316.2
409	1.16658e-302	-13366.8
410	1.16658e-302	-12965.9
411	1.16658e-302	-12713.7
412	1.16658e-302	-17392.8
413	1.16658e-302	-12282.3
414	1.16658e-302	-14509.3
415	1.16658e-302	-13104.1
416	1.16658e-302	-13173
417	1.16658e-302	-11892.6
418	1.16658e-302	-12835.5
419	1.16658e-302	-12040.9
420	1.16658e-302	-12236.3
421	1.16658e-302	-12976
422	1.16658e-302	-11262.2
423	1.16658e-302	-12369.3
424	1.16658e-302	-13938.8
425	1.16658e-302	-14253.1
426	1.16658e-302	-10672.6
427	1.16658e-302	-11470.7
428	1.16658e-302	-13746.7
429	1.16658e-302	-10282.4
430	1.16658e-302	-12909.4
431	1.16658e-302	-12039.2
432	1.16658e-302	-16404.5
433	1.16658e-302	-18736
434	1.16658e-302	-16344.2
435	1.16658e-302	-15196.9
436	1.16658e-302	-14801.4
437	1.16658e-302	-13155.2
438	1.16658e-302	-12205.3
439	1.16658e-302	-14687.2
440	1.16658e-302	-12260
441	1.16658e-302	-12911.6
442	1.16658e-302	-13719.8
443	1.16658e-302	-13583.3
444	1.16658e-302	-14651
445	1.16658e-302	-13796.3
446	1.16658e-302	-12703.6
447	1.16658e-302	-11518.7
448	1.16658e-302	-12256.7
449	1.16658e-302	-12396.5
450	1.16658e-302	-12201.1
451	1.16658e-302	-12967.6
452	1.16658e-302	-11683.8
453	1.16658e-302	-12990.1
454	1.16658e-302	-14387.2
455	1.16658e-302	-13611.5
456	1.16658e-302	-12498.2
457	1.16658e-302	-12800.6
458	1.16658e-302	-12452.2
459	1.16658e-302	-15899.3
460	1.16658e-302	-14652.4
461	1.16658e-302	-16546.1
462	1.16658e-302	-14666.1
463	1.16658e-302	-11459.9
464	1.16658e-302	-12829.3
465	1.16658e-302	-14028.4
466	1.16658e-302	-10625.6
467	1.16658e-302	-11131.6
468	1.16658e-302	-11817.1
469	1.16658e-302	-12896.4
470	1.16658e-302	-11688.7
471	1.16658e-302	-11260.9
472	1.16658e-302	-12239.6
473	1.16658e-302	-12482
474	1.16658e-302	-13257.7
475	1.16658e-302	-15042.9
476	1.16658e-302	-12835.2
477	1.16658e-302	-14976.3
478	1.16658e-302	-15678.7
479	1.16658e-302	-15849.9
480	1.16658e-302	-14878.6
481	1.16658e-302	-13042.3
482	1.16658e-302	-12338.5
483	1.16658e-302	-13945.5
484	1.16658e-302	-17823.3
485	1.16658e-302	-15661.3
486	1.16658e-302	-15754.3
487	1.16658e-302	-12093.5
488	1.16658e-302	-12174.4
489	1.16658e-302	-12406.6
490	1.16658e-302	-15852
491	1.16658e-302	-11863.2
492	1.16658e-302	-11857.4
493	1.16658e-302	-12493.9
494	1.16658e-302	-11831.3
495	1.16658e-302	-14492.4
496	1.16658e-302	-13231.1
497	1.16658e-302	-12810.9
498	1.16658e-302	-11170.8
499	1.16658e-302	-12670.2
500	1.16658e-302	-12867.5
501	1.16658e-302	-12487.9
502	1.16658e-302	-12528.9
503	1.16658e-302	-12189.2
504	1.16658e-302	-12385.8
505	1.16658e-302	-14197.7
506	1.16658e-302	-13026.7
507	1.16658e-302	-13945.8
508	1.16658e-302	-11739.4
509	1.16658e-302	-11390.9
510	1.16658e-302	-12826.4
511	1.16658e-302	-12742.6
512	1.16658e-302	-12829.7
513	1.16658e-302	-12234.1
514	1.16658e-302	-12142.4
515	1.16658e-302	-14228.3
516	1.16658e-302	-14969.8
517	1.16658e-302	-15054.7
518	1.16658e-302	-14506.5
519	1.16658e-302	-16574.3
520	1.16658e-302	-12857.6
521	1.16658e-302	-11045.5
522	1.16658e-302	-12303.9
523	1.16658e-302	-11851.8
524	1.16658e-302	-13765
525	1.16658e-302	-12542.2
526	1.16658e-302	-11129.3
527	1.16658e-302	-12302.6
528	1.16658e-302	-11763.6
529	1.16658e-302	-12333.4
530	1.16658e-302	-14626.9
531	1.16658e-302	-16042.9
532	1.16658e-302	-12834.2
533	1.16658e-302	-13434
534	1.16658e-302	-15892.8
535	1.16658e-302	-13088
536	1.16658e-302	-13434.2
537	1.16658e-302	-14776.3
538	1.16658e-302	-11404.7
539	1.16658e-302	-12558.7
540	1.16658e-302	-11409.1
541	1.16658e-302	-12884.9
542	1.16658e-302	-12855
543	1.16658e-302	-15377.3
544	1.16658e-302	-12935.3
545	1.16658e-302	-14117
546	1.16658e-302	-12123.5
547	1.16658e-302	-14200.5
548	1.16658e-302	-16734.2
549	1.16658e-302	-16917.6
550	1.16658e-302	-13423.3
551	1.16658e-302	-18065
552	1.16658e-302	-15674.1
553	1.16658e-302	-15104.2
554	1.16658e-302	-13985.6
555	1.16658e-302	-12722.4
556	1.16658e-302	-11656.3
557	1.16658e-302	-15655.3
558	1.16658e-302	-13483.7
559	1.16658e-302	-12466.1
560	1.16658e-302	-12504.1
561	1.16658e-302	-13255.4
562	1.16658e-302	-11748
563	1.16658e-302	-12284.5
564	1.16658e-302	-12889.9
565	1.16658e-302	-14685.3
566	1.16658e-302	-15224.2
567	1.16658e-302	-14364
568	1.16658e-302	-13700.3
569	1.16658e-302	-14423.3
570	1.16658e-302	-12296.6
571	1.16658e-302	-12777.3
572	1.16658e-302	-13645.3
573	1.16658e-302	-13038.4
574	1.16658e-302	-16454.1
575	1.16658e-302	-16311.9
576	1.16658e-302	-17752.5
577	1.16658e-302	-15510.1
578	1.16658e-302	-12380.6
579	1.16658e-302	-11243.4
580	1.16658e-302	-11569.7
581	1.16658e-302	-12045
582	1.16658e-302	-13970
583	1.16658e-302	-13927.6
584	1.16658e-302	-12460.5
585	1.16658e-302	-12911.3
586	1.16658e-302	-12649.3
587	1.16658e-302	-14390.8
588	1.16658e-302	-13515.1
589	1.16658e-302	-12593.1
590	1.16658e-302	-12791.3
591	1.16658e-302	-14045.6
592	1.16658e-302	-11582.8
593	1.16658e-302	-14360.8
594	1.16658e-302	-13861.9
595	1.16658e-302	-12716.1
596	1.16658e-302	-12999.5
597	1.16658e-302	-13413.1
598	1.16658e-302	-14930.7
599	1.16658e-302	-15411.5
600	1.16658e-302	-16720.2
601	1.16658e-302	-12453.7
602	1.16658e-302	-16133.4
603	1.16658e-302	-14822.7
604	1.16658e-302	-14228.4
605	1.16658e-302	-13974.8
606	1.16658e-302	-13023.5
607	1.16658e-302	-15400.6
608	1.16658e-302	-11970.1
609	1.16658e-302	-14050.3
610	1.16658e-302	-13620.6
611	1.16658e-302	-14233.3
612	1.16658e-302	-20637
613	1.16658e-302	-11904.5
614	1.16658e-302	-14216.4
615	1.16658e-302	-13449.9
616	1.16658e-302	-11343.5
617	1.16658e-302	-11750.1
618	1.16658e-302	-13264.4
619	1.16658e-302	-14145.8
620	1.16658e-302	-12094.6
621	1.16658e-302	-13506.5
622	1.16658e-302	-12598.7
623	1.16658e-302	-11537.6
624	1.16658e-302	-13333.2
625	1.16658e-302	-13567
626	1.16658e-302	-12572.3
627	1.16658e-302	-16390.2
628	1.16658e-302	-15260
629	1.16658e-302	-16021.3
630	1.16658e-302	-13835.5
631	1.16658e-302	-17246.4
632	1.16658e-302	-13525.7
633	1.16658e-302	-14210.6
634	1.16658e-302	-14876.8
635	1.16658e-302	-12851.6
636	1.16658e-302	-13601.9
637	1.16658e-302	-14833.5
638	1.16658e-302	-16137
639	1.16658e-302	-11412.4
640	1.16658e-302	-11338.5
641	1.16658e-302	-12399.1
642	1.16658e-302	-15664.1
643	1.16658e-302	-16315.7
644	1.16658e-302	-15718.3
645	1.16658e-302	-15529
646	1.16658e-302	-15822.1
647	1.16658e-302	-16100.5
648	1.16658e-302	-12851.6
649	1.16658e-302	-12934.4
650	1.16658e-302	-13449.6
651	1.16658e-302	-12211.3
652	1.16658e-302	-12567.9
653	1.16658e-302	-11850.9
654	1.16658e-302	-12232.9
655	1.16658e-302	-11516
656	1.16658e-302	-11917.5
657	1.16658e-302	-12221.4
658	1.16658e-302	-11301.5
659	1.16658e-302	-11341.4
660	1.16658e-302	-10657.3
661	1.16658e-302	-12144.6
662	1.16658e-302	-14372.8
663	1.16658e-302	-13149.3
664	1.16658e-302	-13043.6
665	1.16658e-302	-11502.3
666	1.16658e-302	-12631.3
667	1.16658e-302	-11403
668	1.16658e-302	-12843.5
669	1.16658e-302	-11873.1
670	1.16658e-302	-12604.5
671	1.16658e-302	-12438.1
672	1.16658e-302	-11664.6
673	1.16658e-302	-13449.3
674	1.16658e-302	-11295
675	1.16658e-302	-12731.6
676	1.16658e-302	-12488
677	1.16658e-302	-14027.5
678	1.16658e-302	-12425.5
679	1.16658e-302	-12050.5
680	1.16658e-302	-11848.8
681	1.16658e-302	-10633.9
682	1.16658e-302	-10377.1
683	1.16658e-302	-11376.9
684	1.16658e-302	-12157.5
685	1.16658e-302	-11956.6
686	1.16658e-302	-13148.9
687	1.16658e-302	-13687.1
688	1.16658e-302	-14388.1
689	1.16658e-302	-15295.9
690	1.16658e-302	-15415.8
691	1.16658e-302	-15288.2
692	1.16658e-302	-14923.2
693	1.16658e-302	-13512.2
694	1.16658e-302	-14195.2
695	1.16658e-302	-14513.7
696	1.16658e-302	-11096.4
697	1.16658e-302	-11364.2
698	1.16658e-302	-11709.2
699	1.16658e-302	-11266.9
700	1.16658e-302	-12760.3
701	1.16658e-302	-14541.6
702	1.16658e-302	-10982.1
703	1.16658e-302	-13018.5
704	1.16658e-302	-13289.4
705	1.16658e-302	-11430.9
706	1.16658e-302	-11838.2
707	1.16658e-302	-11688.5
708	1.16658e-302	-12886.5
709	1.16658e-302	-12016.5
710	1.16658e-302	-13332.4
711	1.16658e-302	-12956.1
712	1.16658e-302	-13130.8
713	1.16658e-302	-15215
714	1.16658e-302	-13353.9
715	1.16658e-302	-13059.1
716	1.16658e-302	-10853.2
717	1.16658e-302	-11423.5
718	1.16658e-302	-13074.1
719	1.16658e-302	-14598.8
720	1.16658e-302	-14807.2
721	1.16658e-302	-14656
722	1.16658e-302	-15376.3
723	1.16658e-302	-16076.3
724	1.16658e-302	-14904.9
725	1.16658e-302	-16329.7
726	1.16658e-302	-14645.4
727	1.16658e-302	-17387.7
728	1.16658e-302	-17747.4
729	1.16658e-302	-17786.5
730	1.16658e-302	-16161.3
731	1.16658e-302	-11923.8
732	1.16658e-302	-11493.4
733	1.16658e-302	-12474.2
734	1.16658e-302	-11067.9
735	1.16658e-302	-15839.8
736	1.16658e-302	-11519.3
737	1.16658e-302	-11752.7
738	1.16658e-302	-12864.9
739	1.16658e-302	-15102.5
740	1.16658e-302	-13398.2
741	1.16658e-302	-14590.3
742	1.16658e-302	-13890.2
743	1.16658e-302	-13370.7
744	1.16658e-302	-18433.5
745	1.16658e-302	-17187.9
746	1.16658e-302	-18167.1
747	1.16658e-302	-13795.4
748	1.16658e-302	-14048.7
749	1.16658e-302	-13243.7
750	1.16658e-302	-12387.4
751	1.16658e-302	-11606.5
752	1.16658e-302	-14365.5
753	1.16658e-302	-14000.6
754	1.16658e-302	-15592.7
755	1.16658e-302	-13405.2
756	1.16658e-302	-10976.9
757	1.16658e-302	-14906.4
758	1.16658e-302	-14214.6
759	1.16658e-302	-14167.8
760	1.16658e-302	-14373.1
761	1.16658e-302	-12742.4
762	1.16658e-302	-14742.8
763	1.16658e-302	-12906.4
764	1.16658e-302	-12594.2
765	1.16658e-302	-13046.4
766	1.16658e-302	-11383.9
767	1.16658e-302	-12768.8
768	1.16658e-302	-12649
769	1.16658e-302	-13871
770	1.16658e-302	-12730.5
771	1.16658e-302	-12150.9
772	1.16658e-302	-11525.4
773	1.16658e-302	-11855.9
774	1.16658e-302	-12513
775	1.16658e-302	-12615.2
776	1.16658e-302	-13199.3
777	1.16658e-302	-12918.1
778	1.16658e-302	-10921.2
779	1.16658e-302	-10808.1
780	1.16658e-302	-11438.9
781	1.16658e-302	-11397.1
782	1.16658e-302	-12530.6
783	1.16658e-302	-12352.8
784	1.16658e-302	-12266.1
785	1.16658e-302	-11261.5
786	1.16658e-302	-10372.7
787	1.16658e-302	-10430.9
788	1.16658e-302	-13438.8
789	1.16658e-302	-13590.2
790	1.16658e-302	-11766.2
791	1.16658e-302	-12895.2
792	1.16658e-302	-12104.3
793	1.16658e-302	-13366.4
794	1.16658e-302	-13423.2
795	1.16658e-302	-14263.5
796	1.16658e-302	-13128.8
797	1.16658e-302	-14571.2
798	1.16658e-302	-14167.2
799	1.16658e-302	-13545.6
800	1.16658e-302	-13479.1
801	1.16658e-302	-11459.9
802	1.16658e-302	-12921.3
803	1.16658e-302	-12554.5
804	1.16658e-302	-13568.6
805	1.16658e-302	-13083.4
806	1.16658e-302	-14006.8
807	1.16658e-302	-17422.8
808	1.16658e-302	-10808.2
809	1.16658e-302	-11015.8
810	1.16658e-302	-12184.8
811	1.16658e-302	-12470.9
812	1.16658e-302	-13218.4
813	1.16658e-302	-15556.9
814	1.16658e-302	-18400.2
815	1.16658e-302	-13251.4
816	1.16658e-302	-11666.2
817	1.16658e-302	-11778.6
818	1.16658e-302	-11249
819	1.16658e-302	-11634.8
820	1.16658e-302	-11532.6
821	1.16658e-302	-10691.1
822	1.16658e-302	-11668.5
823	1.16658e-302	-12890.9
824	1.16658e-302	-12681.5
825	1.16658e-302	-14815.6
826	1.16658e-302	-12317.3
827	1.16658e-302	-13801.1
828	1.16658e-302	-14114.9
829	1.16658e-302	-11650.4
830	1.16658e-302	-12438.8
831	1.16658e-302	-13599.2
832	1.16658e-302	-14961.2
833	1.16658e-302	-13313.1
834	1.16658e-302	-17512.7
835	1.16658e-302	-15680.8
836	1.16658e-302	-12321.7
837	1.16658e-302	-13931.4
838	1.16658e-302	-14902.9
839	1.16658e-302	-14699.3
840	1.16658e-302	-15003.4
841	1.16658e-302	-14989.6
842	1.16658e-302	-13365.4
843	1.16658e-302	-12658.1
844	1.16658e-302	-14054.6
845	1.16658e-302	-13715.2
846	1.16658e-302	-14193.7
847	1.16658e-302	-12037.9
848	1.16658e-302	-10384.1
849	1.16658e-302	-15828.9
850	1.16658e-302	-12481.1
851	1.16658e-302	-11157.5
852	1.16658e-302	-14679.3
853	1.16658e-302	-13744.6
854	1.16658e-302	-15721.3
855	1.16658e-302	-15509.9
856	1.16658e-302	-15888.2
857	1.16658e-302	-16115.6
858	1.16658e-302	-11637
859	1.16658e-302	-13868.4
860	1.16658e-302	-14022.1
861	1.16658e-302	-14598.3
862	1.16658e-302	-11075.1
863	1.16658e-302	-12033.8
864	1.16658e-302	-11519.3
865	1.16658e-302	-12897.5
866	1.16658e-302	-13171.6
867	1.16658e-302	-14285.4
868	1.16658e-302	-12856
869	1.16658e-302	-12513.4
870	1.16658e-302	-13195.2
871	1.16658e-302	-10844.2
872	1.16658e-302	-10850.7
873	1.16658e-302	-11607.7
874	1.16658e-302	-13046.5
875	1.16658e-302	-12363.4
876	1.16658e-302	-12838.2
877	1.16658e-302	-12178.7
878	1.16658e-302	-11466.3
879	1.16658e-302	-12042
880	1.16658e-302	-14073.2
881	1.16658e-302	-14650.3
882	1.16658e-302	-16824
883	1.16658e-302	-13278.4
884	1.16658e-302	-14641.2
885	1.16658e-302	-13925.6
886	1.16658e-302	-12344
887	1.16658e-302	-14274.4
888	1.16658e-302	-12968.5
889	1.16658e-302	-12977.7
890	1.16658e-302	-13185.3
891	1.16658e-302	-11949.6
892	1.16658e-302	-11276.8
893	1.16658e-302	-12417.3
894	1.16658e-302	-11426.6
895	1.16658e-302	-12839.1
896	1.16658e-302	-12654.1
897	1.16658e-302	-16416.9
898	1.16658e-302	-13444.1
899	1.16658e-302	-11367.3
900	1.16658e-302	-12545.8
901	1.16658e-302	-12368.7
902	1.16658e-302	-10950.6
903	1.16658e-302	-10200.1
904	1.16658e-302	-13946.8
905	1.16658e-302	-13951.6
906	1.16658e-302	-12250.7
907	1.16658e-302	-12105.1
908	1.16658e-302	-12112.4
909	1.16658e-302	-14598.3
910	1.16658e-302	-14762.3
911	1.16658e-302	-16673.1
912	1.16658e-302	-13643.7
913	1.16658e-302	-12060.5
914	1.16658e-302	-10443.3
915	1.16658e-302	-15172.4
916	1.16658e-302	-13738.1
917	1.16658e-302	-12107.1
918	1.16658e-302	-11458.3
919	1.16658e-302	-11354.3
920	1.16658e-302	-13336.8
921	1.16658e-302	-11947
922	1.16658e-302	-11911.2
923	1.16658e-302	-12175.3
924	1.16658e-302	-11229.2
925	1.16658e-302	-11227.7
926	1.16658e-302	-10554.3
927	1.16658e-302	-11548.3
928	1.16658e-302	-10952.5
929	1.16658e-302	-13207.2
930	1.16658e-302	-12301.8
931	1.16658e-302	-12220.8
932	1.16658e-302	-13584.5
933	1.16658e-302	-12345.7
934	1.16658e-302	-15021.1
935	1.16658e-302	-11503.3
936	1.16658e-302	-11196.7
937	1.16658e-302	-11732.8
938	1.16658e-302	-13369.1
939	1.16658e-302	-13048.6
940	1.16658e-302	-13053.2
941	1.16658e-302	-12108.2
942	1.16658e-302	-13086.7
943	1.16658e-302	-13789.5
944	1.16658e-302	-13879.4
945	1.16658e-302	-18512.1
946	1.16658e-302	-16025.2
947	1.16658e-302	-15979.8
948	1.16658e-302	-14671.3
949	1.16658e-302	-11630.4
950	1.16658e-302	-13828.4
951	1.16658e-302	-13654.8
952	1.16658e-302	-11222.9
953	1.16658e-302	-13016
954	1.16658e-302	-12609.3
955	1.16658e-302	-12173.2
956	1.16658e-302	-13643.6
957	1.16658e-302	-13495.8
958	1.16658e-302	-14780
959	1.16658e-302	-14510.6
960	1.16658e-302	-14668.3
961	1.16658e-302	-12653.6
962	1.16658e-302	-13568.9
963	1.16658e-302	-13401.6
964	1.16658e-302	-14308.4
965	1.16658e-302	-13514.9
966	1.16658e-302	-15366.7
967	1.16658e-302	-12849.9
968	1.16658e-302	-12787.4
969	1.16658e-302	-13949.3
970	1.16658e-302	-15540.2
971	1.16658e-302	-12128.3
972	1.16658e-302	-10967.8
973	1.16658e-302	-13030.3
974	1.16658e-302	-13144
975	1.16658e-302	-13352.1
976	1.16658e-302	-13794.9
977	1.16658e-302	-14704.4
978	1.16658e-302	-12847.8
979	1.16658e-302	-15338.4
980	1.16658e-302	-11887.8
981	1.16658e-302	-12299.9
982	1.16658e-302	-12815.1
983	1.16658e-302	-16004.7
984	1.16658e-302	-14564.2
985	1.16658e-302	-12472.6
986	1.16658e-302	-16683.6
987	1.16658e-302	-10891.2
988	1.16658e-302	-10625.4
989	1.16658e-302	-11476
990	1.16658e-302	-13346.8
991	1.16658e-302	-13631.6
992	1.16658e-302	-12534.6
993	1.16658e-302	-13735.2
994	1.16658e-302	-13017.1
995	1.16658e-302	-14718.9
996	1.16658e-302	-13540.5
997	1.16658e-302	-12007.6
998	1.16658e-302	-13244.7
999	1.16658e-302	-12469.3
1000	1.16658e-302	-11757.8
